ISO-10303-21;
HEADER;
FILE_DESCRIPTION(('ViewDefinition [CoordinationView_V2.0]','RevitIdentifiers [ContentGUID: 8411928e-2dfa-43c8-95c6-f0f17360b8df, VersionGUID: 17d67ba9-6862-4fac-a22c-7ec0209f15e4, NumberOfSaves: 17]','CoordinateReference [CoordinateBase: Shared Coordinates]'),'2;1');
FILE_NAME('floor_3_sankha_spaces.ifc','2026-06-28T21:52:01+05:30',(''),(''),'ODA SDAI 25.12','Autodesk - Revit 26.4.10.51 (ENU) - 26.4.10.51','');
FILE_SCHEMA(('IFC2X3'));
ENDSEC;
DATA;
#1=IFCORGANIZATION($,'Autodesk Revit 2026 (ENU)',$,$,$);
#2=IFCAPPLICATION(#1,'2026','Autodesk Revit 2026 (ENU)','Revit');
#3=IFCPERSON($,'','manameththp.21',$,$,$,$,$);
#4=IFCORGANIZATION($,'Organization Name','Organization Description',$,$);
#5=IFCPERSONANDORGANIZATION(#3,#4,$);
#6=IFCOWNERHISTORY(#5,#2,$,.NOCHANGE.,$,$,$,1782293031);
#7=IFCSIUNIT(*,.LENGTHUNIT.,$,.METRE.);
#8=IFCDIMENSIONALEXPONENTS(1,0,0,0,0,0,0);
#9=IFCMEASUREWITHUNIT(IFCLENGTHMEASURE(0.30480000000000002),#7);
#10=IFCCONVERSIONBASEDUNIT(#8,.LENGTHUNIT.,'FOOT',#9);
#11=IFCSIUNIT(*,.AREAUNIT.,$,.SQUARE_METRE.);
#12=IFCDIMENSIONALEXPONENTS(2,0,0,0,0,0,0);
#13=IFCMEASUREWITHUNIT(IFCAREAMEASURE(0.092903040000000006),#11);
#14=IFCCONVERSIONBASEDUNIT(#12,.AREAUNIT.,'SQUARE FOOT',#13);
#15=IFCSIUNIT(*,.VOLUMEUNIT.,$,.CUBIC_METRE.);
#16=IFCDIMENSIONALEXPONENTS(3,0,0,0,0,0,0);
#17=IFCMEASUREWITHUNIT(IFCVOLUMEMEASURE(0.028316846592000004),#15);
#18=IFCCONVERSIONBASEDUNIT(#16,.VOLUMEUNIT.,'CUBIC FOOT',#17);
#19=IFCCARTESIANPOINT((0.,0.,0.));
#20=IFCAXIS2PLACEMENT3D(#19,$,$);
#21=IFCDIRECTION((0.,1.));
#22=IFCGEOMETRICREPRESENTATIONCONTEXT($,'Model',3,0.0001,#20,#21);
#23=IFCGEOMETRICREPRESENTATIONSUBCONTEXT('Axis','Model',*,*,*,*,#22,$,.GRAPH_VIEW.,$);
#24=IFCGEOMETRICREPRESENTATIONSUBCONTEXT('Body','Model',*,*,*,*,#22,$,.MODEL_VIEW.,$);
#25=IFCGEOMETRICREPRESENTATIONSUBCONTEXT('Box','Model',*,*,*,*,#22,$,.MODEL_VIEW.,$);
#26=IFCGEOMETRICREPRESENTATIONSUBCONTEXT('FootPrint','Model',*,*,*,*,#22,$,.MODEL_VIEW.,$);
#27=IFCPROJECT('244PAEBVf3o9N6yF6CdqSl',#6,'Project Number',$,$,'Project Name','Project Status',(#22),#17778);
#28=IFCPOSTALADDRESS($,$,$,$,('Enter address here\X2\000D000A\X0\Address Line 2'),$,'','Boston','','MA');
#29=IFCAXIS2PLACEMENT3D(#19,$,$);
#30=IFCLOCALPLACEMENT(#40,#29);
#31=IFCBUILDING('244PAEBVf3o9N6yF6CdqSk',#6,'Building Name',$,$,#30,$,'Building Name',.ELEMENT.,$,$,#28);
#32=IFCAXIS2PLACEMENT3D(#19,$,$);
#33=IFCLOCALPLACEMENT(#30,#32);
#34=IFCBUILDINGSTOREY('2JF4e6axWHqu3u0C1FZlmi',#6,'L1',$,$,#33,$,'L1',.ELEMENT.,0.);
#35=IFCCARTESIANPOINT((0.,0.,12.));
#36=IFCAXIS2PLACEMENT3D(#35,$,$);
#37=IFCLOCALPLACEMENT(#30,#36);
#38=IFCBUILDINGSTOREY('1ZGO8hrFCHqw0v0026FpFv',#6,'L2',$,$,#37,$,'L2',.ELEMENT.,12.);
#39=IFCAXIS2PLACEMENT3D(#19,$,$);
#40=IFCLOCALPLACEMENT($,#39);
#41=IFCSITE('244PAEBVf3o9N6yF6CdqSj',#6,'Default',$,$,#40,$,$,.ELEMENT.,(42,21,31,401672),(-71,-3,-24,-345703),0.,$,$);
#42=IFCCARTESIANPOINT((49.85093855090652,-29.522311344251001,0.));
#43=IFCDIRECTION((0.,0.,1.));
#44=IFCDIRECTION((0.,1.,0.));
#45=IFCAXIS2PLACEMENT3D(#42,#43,#44);
#46=IFCLOCALPLACEMENT(#33,#45);
#47=IFCCARTESIANPOINT((0.,0.));
#48=IFCCARTESIANPOINT((26.317708333333467,0.));
#49=IFCPOLYLINE((#47,#48));
#50=IFCSHAPEREPRESENTATION(#23,'Axis','Curve2D',(#49));
#51=IFCPRODUCTDEFINITIONSHAPE($,$,(#50,#63));
#52=IFCCARTESIANPOINT((13.158854166666734,1.7486012637846216E-15));
#53=IFCDIRECTION((-1.,0.));
#54=IFCAXIS2PLACEMENT2D(#52,#53);
#55=IFCRECTANGLEPROFILEDEF(.AREA.,$,#54,26.317708333333467,0.6354166666666714);
#56=IFCAXIS2PLACEMENT3D(#19,$,$);
#57=IFCEXTRUDEDAREASOLID(#55,#56,#43,12.);
#58=IFCCOLOURRGB($,0.59999999999999998,0.58823529411764708,0.55686274509803924);
#59=IFCSURFACESTYLERENDERING(#58,0.,$,$,$,$,IFCNORMALISEDRATIOMEASURE(0.5),IFCSPECULAREXPONENT(128.),.NOTDEFINED.);
#60=IFCSURFACESTYLE('Concrete Masonry Units',.BOTH.,(#59));
#61=IFCPRESENTATIONSTYLEASSIGNMENT((#60));
#62=IFCSTYLEDITEM(#57,(#61),$);
#63=IFCSHAPEREPRESENTATION(#24,'Body','SweptSolid',(#57));
#64=IFCWALLSTANDARDCASE('26jjhu0DH0Lxf54dTa$KpX',#6,'Basic Wall:Generic - 8" Masonry:1240485',$,$,#46,#51,'1240485');
#65=IFCMATERIAL('Concrete Masonry Units');
#66=IFCPRESENTATIONSTYLEASSIGNMENT((#60));
#67=IFCSTYLEDITEM($,(#66),$);
#68=IFCSTYLEDREPRESENTATION(#22,'Style','Material',(#67));
#69=IFCMATERIALDEFINITIONREPRESENTATION($,$,(#68),#65);
#70=IFCMATERIALLAYER(#65,0.63541666666666663,$);
#71=IFCMATERIALLAYERSET((#70),'Basic Wall:Generic - 8" Masonry');
#72=IFCMATERIALLAYERSETUSAGE(#71,.AXIS2.,.NEGATIVE.,0.31770833333333331);
#73=IFCWALLTYPE('1xZrMVYp52mhf4uMzw11Hr',#6,'Basic Wall:Generic - 8" Masonry',$,$,(#86,#95),$,'441456',$,.STANDARD.);
#74=IFCPROPERTYSINGLEVALUE('Reference',$,IFCIDENTIFIER('Generic - 8" Masonry'),$);
#75=IFCPROPERTYSET('0MW0baRxtSkWBNYzSwZn0$',#6,'Pset_QuantityTakeOff',$,(#74));
#76=IFCPROPERTYSINGLEVALUE('Reference',$,IFCLABEL('Generic - 8" Masonry'),$);
#77=IFCPROPERTYSET('2grC$NqOMEn3f6xP5JOtZW',#6,'Pset_ReinforcementBarPitchOfWall',$,(#76));
#78=IFCPROPERTYSINGLEVALUE('IsExternal',$,IFCBOOLEAN(.T.),$);
#79=IFCPROPERTYSINGLEVALUE('ExtendToStructure',$,IFCBOOLEAN(.F.),$);
#80=IFCPROPERTYSINGLEVALUE('LoadBearing',$,IFCBOOLEAN(.F.),$);
#81=IFCPROPERTYSET('3zyxbtGJwNV1iVls$aHFUn',#6,'Pset_WallCommon',$,(#74,#78,#79,#80));
#82=IFCRELDEFINESBYPROPERTIES('32MYKGvbdZ7Du27uwZ4VFH',#6,$,$,(#64),#75);
#83=IFCRELDEFINESBYPROPERTIES('1iemVK_AnAJEV9nyb3ojjF',#6,$,$,(#64),#77);
#84=IFCRELDEFINESBYPROPERTIES('3ZnSxRCd6FIccL497FsWgo',#6,$,$,(#64),#81);
#85=IFCPROPERTYSINGLEVALUE('Description',$,IFCTEXT('Generic Wall (Material By Category), 8" thick, Masonry pattern'),$);
#86=IFCPROPERTYSET('2s6eAtIJTD0aGZTWL56Grg',#6,'Pset_ReinforcementBarPitchOfWall',$,(#85));
#87=IFCSIUNIT(*,.MASSUNIT.,.KILO.,.GRAM.);
#88=IFCDERIVEDUNITELEMENT(#87,1);
#89=IFCSIUNIT(*,.THERMODYNAMICTEMPERATUREUNIT.,$,.KELVIN.);
#90=IFCDERIVEDUNITELEMENT(#89,-1);
#91=IFCSIUNIT(*,.TIMEUNIT.,$,.SECOND.);
#92=IFCDERIVEDUNITELEMENT(#91,-3);
#93=IFCDERIVEDUNIT((#88,#90,#92),.THERMALTRANSMITTANCEUNIT.,$);
#94=IFCPROPERTYSINGLEVALUE('ThermalTransmittance',$,IFCTHERMALTRANSMITTANCEMEASURE(6.7122757196334071),$);
#95=IFCPROPERTYSET('21WhhWuEpTriHH3rgRfvZ2',#6,'Pset_WallCommon',$,(#94));
#96=IFCCARTESIANPOINT((49.850938550906584,25.948632394750984,0.));
#97=IFCDIRECTION((0.,-1.,0.));
#98=IFCAXIS2PLACEMENT3D(#96,#43,#97);
#99=IFCLOCALPLACEMENT(#33,#98);
#100=IFCCARTESIANPOINT((22.486568739001846,-0.));
#101=IFCPOLYLINE((#47,#100));
#102=IFCSHAPEREPRESENTATION(#23,'Axis','Curve2D',(#101));
#103=IFCPRODUCTDEFINITIONSHAPE($,$,(#102,#110));
#104=IFCCARTESIANPOINT((11.243284369500923,-2.8310687127941492E-15));
#105=IFCAXIS2PLACEMENT2D(#104,#53);
#106=IFCRECTANGLEPROFILEDEF(.AREA.,$,#105,22.486568739001846,0.6354166666666714);
#107=IFCAXIS2PLACEMENT3D(#19,$,$);
#108=IFCEXTRUDEDAREASOLID(#106,#107,#43,12.);
#109=IFCSTYLEDITEM(#108,(#61),$);
#110=IFCSHAPEREPRESENTATION(#24,'Body','SweptSolid',(#108));
#111=IFCWALLSTANDARDCASE('26jjhu0DH0Lxf54dTa$KpY',#6,'Basic Wall:Generic - 8" Masonry:1240486',$,$,#99,#103,'1240486');
#112=IFCMATERIALLAYERSETUSAGE(#71,.AXIS2.,.NEGATIVE.,0.31770833333333331);
#113=IFCPROPERTYSET('10WOZFHw9WfyI2dMFJuqye',#6,'Pset_QuantityTakeOff',$,(#74));
#114=IFCPROPERTYSINGLEVALUE('Reference',$,IFCLABEL('Generic - 8" Masonry'),$);
#115=IFCPROPERTYSET('3jqR0SV$eMeRjy4ikhU0pf',#6,'Pset_ReinforcementBarPitchOfWall',$,(#114));
#116=IFCPROPERTYSET('3NjoaDCxpPTkEBG9CDYpEJ',#6,'Pset_WallCommon',$,(#74,#78,#79,#80));
#117=IFCRELDEFINESBYPROPERTIES('3u6J2kg1HlLAF0$PbIA6dH',#6,$,$,(#111),#113);
#118=IFCRELDEFINESBYPROPERTIES('1D1mfomkT7J_9PUptQmSBC',#6,$,$,(#111),#115);
#119=IFCRELDEFINESBYPROPERTIES('0ZJV0z_tMEtyaS$zqUxmHD',#6,$,$,(#111),#116);
#120=IFCCARTESIANPOINT((50.168646884239919,26.266340728084316,0.));
#121=IFCDIRECTION((-1.,0.,0.));
#122=IFCAXIS2PLACEMENT3D(#120,#43,#121);
#123=IFCLOCALPLACEMENT(#33,#122);
#124=IFCCARTESIANPOINT((73.718750000000043,0.));
#125=IFCPOLYLINE((#47,#124));
#126=IFCSHAPEREPRESENTATION(#23,'Axis','Curve2D',(#125));
#127=IFCPRODUCTDEFINITIONSHAPE($,$,(#126,#135));
#128=IFCCARTESIANPOINT((36.859375000000021,-1.7763568394002505E-15));
#129=IFCDIRECTION((1.,0.));
#130=IFCAXIS2PLACEMENT2D(#128,#129);
#131=IFCRECTANGLEPROFILEDEF(.AREA.,$,#130,73.718750000000043,0.63541666666666785);
#132=IFCAXIS2PLACEMENT3D(#19,$,$);
#133=IFCEXTRUDEDAREASOLID(#131,#132,#43,12.);
#134=IFCSTYLEDITEM(#133,(#61),$);
#135=IFCSHAPEREPRESENTATION(#24,'Body','SweptSolid',(#133));
#136=IFCWALLSTANDARDCASE('26jjhu0DH0Lxf54dTa$KpZ',#6,'Basic Wall:Generic - 8" Masonry:1240487',$,$,#123,#127,'1240487');
#137=IFCMATERIALLAYERSETUSAGE(#71,.AXIS2.,.NEGATIVE.,0.31770833333333331);
#138=IFCPROPERTYSET('0b3DBtxezqRckGCsZUHmch',#6,'Pset_QuantityTakeOff',$,(#74));
#139=IFCPROPERTYSINGLEVALUE('Reference',$,IFCLABEL('Generic - 8" Masonry'),$);
#140=IFCPROPERTYSET('3o0RwMnGmHybJNmnS3Bndh',#6,'Pset_ReinforcementBarPitchOfWall',$,(#139));
#141=IFCPROPERTYSET('3kdeN_r3_hDtZaKqfJg9_g',#6,'Pset_WallCommon',$,(#74,#78,#79,#80));
#142=IFCRELDEFINESBYPROPERTIES('2BZ0VPzIquqLE1wXARbljf',#6,$,$,(#136),#138);
#143=IFCRELDEFINESBYPROPERTIES('21mlVgUsylfFjpKnqappOu',#6,$,$,(#136),#140);
#144=IFCRELDEFINESBYPROPERTIES('1Jatldz6uiIMWp$v5WHs3i',#6,$,$,(#136),#141);
#145=IFCCARTESIANPOINT((49.533230217573248,-19.037936344250767,0.));
#146=IFCAXIS2PLACEMENT3D(#145,#43,#121);
#147=IFCLOCALPLACEMENT(#33,#146);
#148=IFCCARTESIANPOINT((72.135416666666714,0.));
#149=IFCPOLYLINE((#47,#148));
#150=IFCSHAPEREPRESENTATION(#23,'Axis','Curve2D',(#149));
#151=IFCPRODUCTDEFINITIONSHAPE($,$,(#150,#158));
#152=IFCCARTESIANPOINT((36.067708333333357,-1.7763568394002505E-15));
#153=IFCAXIS2PLACEMENT2D(#152,#129);
#154=IFCRECTANGLEPROFILEDEF(.AREA.,$,#153,72.1354166666667,0.63541666666666785);
#155=IFCAXIS2PLACEMENT3D(#19,$,$);
#156=IFCEXTRUDEDAREASOLID(#154,#155,#43,12.);
#157=IFCSTYLEDITEM(#156,(#61),$);
#158=IFCSHAPEREPRESENTATION(#24,'Body','SweptSolid',(#156));
#159=IFCWALLSTANDARDCASE('26jjhu0DH0Lxf54dTa$Kpi',#6,'Basic Wall:Generic - 8" Masonry:1240488',$,$,#147,#151,'1240488');
#160=IFCMATERIALLAYERSETUSAGE(#71,.AXIS2.,.NEGATIVE.,0.31770833333333331);
#161=IFCPROPERTYSET('2_ZkG8Ckfjtdlo1J5TyePw',#6,'Pset_QuantityTakeOff',$,(#74));
#162=IFCPROPERTYSINGLEVALUE('Reference',$,IFCLABEL('Generic - 8" Masonry'),$);
#163=IFCPROPERTYSET('2brsHS7GO8lPOHkYyEjlrI',#6,'Pset_ReinforcementBarPitchOfWall',$,(#162));
#164=IFCPROPERTYSET('1YAU9PMFk9DxJeHE8gEnSS',#6,'Pset_WallCommon',$,(#74,#78,#79,#80));
#165=IFCRELDEFINESBYPROPERTIES('2NBte93YUhAgdOUnx_GZHg',#6,$,$,(#159),#161);
#166=IFCRELDEFINESBYPROPERTIES('0EHarfF3XbMr0Fx1q2fEQV',#6,$,$,(#159),#163);
#167=IFCRELDEFINESBYPROPERTIES('0lfV7k1DJYi52DMNUKvXWr',#6,$,$,(#159),#164);
#168=IFCCARTESIANPOINT((-22.284478115760066,19.113105322415944,0.));
#169=IFCAXIS2PLACEMENT3D(#168,#43,#97);
#170=IFCLOCALPLACEMENT(#33,#169);
#171=IFCCARTESIANPOINT((37.833333333333371,0.));
#172=IFCPOLYLINE((#47,#171));
#173=IFCSHAPEREPRESENTATION(#23,'Axis','Curve2D',(#172));
#174=IFCPRODUCTDEFINITIONSHAPE($,$,(#173,#181));
#175=IFCCARTESIANPOINT((18.916666666666686,8.8817841970012523E-16));
#176=IFCAXIS2PLACEMENT2D(#175,#53);
#177=IFCRECTANGLEPROFILEDEF(.AREA.,$,#176,37.833333333333371,0.6354166666666643);
#178=IFCAXIS2PLACEMENT3D(#19,$,$);
#179=IFCEXTRUDEDAREASOLID(#177,#178,#43,12.);
#180=IFCSTYLEDITEM(#179,(#61),$);
#181=IFCSHAPEREPRESENTATION(#24,'Body','SweptSolid',(#179));
#182=IFCWALLSTANDARDCASE('26jjhu0DH0Lxf54dTa$Kpj',#6,'Basic Wall:Generic - 8" Masonry:1240489',$,$,#170,#174,'1240489');
#183=IFCMATERIALLAYERSETUSAGE(#71,.AXIS2.,.NEGATIVE.,0.31770833333333331);
#184=IFCPROPERTYSET('0SaGVZ_CeIt57YL9ilJKGS',#6,'Pset_QuantityTakeOff',$,(#74));
#185=IFCPROPERTYSINGLEVALUE('Reference',$,IFCLABEL('Generic - 8" Masonry'),$);
#186=IFCPROPERTYSET('31ExIhJB10UbByqUpb8tkx',#6,'Pset_ReinforcementBarPitchOfWall',$,(#185));
#187=IFCPROPERTYSET('12lqJHDSVkCKkohIs7i9sN',#6,'Pset_WallCommon',$,(#74,#78,#79,#80));
#188=IFCRELDEFINESBYPROPERTIES('2tmDk53HdsaHbpkMeqx27H',#6,$,$,(#182),#184);
#189=IFCRELDEFINESBYPROPERTIES('3AbVae37LvwtLfYtOeSNqb',#6,$,$,(#182),#186);
#190=IFCRELDEFINESBYPROPERTIES('3o4osy0A$L$S1jBxTDplUn',#6,$,$,(#182),#187);
#191=IFCCARTESIANPOINT((-22.602186449093395,18.795396989082608,0.));
#192=IFCAXIS2PLACEMENT3D(#191,#43,#121);
#193=IFCLOCALPLACEMENT(#33,#192);
#194=IFCCARTESIANPOINT((83.166666666666714,0.));
#195=IFCPOLYLINE((#47,#194));
#196=IFCSHAPEREPRESENTATION(#23,'Axis','Curve2D',(#195));
#197=IFCPRODUCTDEFINITIONSHAPE($,$,(#196,#204));
#198=IFCCARTESIANPOINT((41.583333333333357,-9.9920072216264089E-16));
#199=IFCAXIS2PLACEMENT2D(#198,#129);
#200=IFCRECTANGLEPROFILEDEF(.AREA.,$,#199,83.166666666666714,0.63541666666666785);
#201=IFCAXIS2PLACEMENT3D(#19,$,$);
#202=IFCEXTRUDEDAREASOLID(#200,#201,#43,12.);
#203=IFCSTYLEDITEM(#202,(#61),$);
#204=IFCSHAPEREPRESENTATION(#24,'Body','SweptSolid',(#202));
#205=IFCWALLSTANDARDCASE('26jjhu0DH0Lxf54dTa$Kpk',#6,'Basic Wall:Generic - 8" Masonry:1240490',$,$,#193,#197,'1240490');
#206=IFCMATERIALLAYERSETUSAGE(#71,.AXIS2.,.NEGATIVE.,0.31770833333333331);
#207=IFCPROPERTYSET('1gCdfsE_Iw2h$C6TqnST4Z',#6,'Pset_QuantityTakeOff',$,(#74));
#208=IFCPROPERTYSINGLEVALUE('Reference',$,IFCLABEL('Generic - 8" Masonry'),$);
#209=IFCPROPERTYSET('0jqREnZiRcsXtgwVynbPJ2',#6,'Pset_ReinforcementBarPitchOfWall',$,(#208));
#210=IFCPROPERTYSET('2rLj35NFwKx628wrr9fe4U',#6,'Pset_WallCommon',$,(#74,#78,#79,#80));
#211=IFCRELDEFINESBYPROPERTIES('26FTUwe0gdmfTbP7nWsLwq',#6,$,$,(#205),#207);
#212=IFCRELDEFINESBYPROPERTIES('1Ewa4KgIpTuHr7YewJJg1P',#6,$,$,(#205),#209);
#213=IFCRELDEFINESBYPROPERTIES('1jJjzPdJm7_NWpVDTI9Hut',#6,$,$,(#205),#210);
#214=IFCCARTESIANPOINT((-105.45114478242678,19.11310532241621,0.));
#215=IFCAXIS2PLACEMENT3D(#214,#43,#44);
#216=IFCLOCALPLACEMENT(#33,#215);
#217=IFCCARTESIANPOINT((7.4709437390018998,0.));
#218=IFCPOLYLINE((#47,#217));
#219=IFCSHAPEREPRESENTATION(#23,'Axis','Curve2D',(#218));
#220=IFCPRODUCTDEFINITIONSHAPE($,$,(#219,#227));
#221=IFCCARTESIANPOINT((3.7354718695009499,0.));
#222=IFCAXIS2PLACEMENT2D(#221,#53);
#223=IFCRECTANGLEPROFILEDEF(.AREA.,$,#222,7.4709437390018998,0.63541666666665719);
#224=IFCAXIS2PLACEMENT3D(#19,$,$);
#225=IFCEXTRUDEDAREASOLID(#223,#224,#43,12.);
#226=IFCSTYLEDITEM(#225,(#61),$);
#227=IFCSHAPEREPRESENTATION(#24,'Body','SweptSolid',(#225));
#228=IFCWALLSTANDARDCASE('26jjhu0DH0Lxf54dTa$Kpl',#6,'Basic Wall:Generic - 8" Masonry:1240491',$,$,#216,#220,'1240491');
#229=IFCMATERIALLAYERSETUSAGE(#71,.AXIS2.,.NEGATIVE.,0.31770833333333331);
#230=IFCPROPERTYSET('3E52Q_YbabOSO3wQ_OffwY',#6,'Pset_QuantityTakeOff',$,(#74));
#231=IFCPROPERTYSINGLEVALUE('Reference',$,IFCLABEL('Generic - 8" Masonry'),$);
#232=IFCPROPERTYSET('0gQ26ky2$Z8wvsuYJmbqoF',#6,'Pset_ReinforcementBarPitchOfWall',$,(#231));
#233=IFCPROPERTYSET('0igpQuDd8qmVbHG9wTkyYt',#6,'Pset_WallCommon',$,(#74,#78,#79,#80));
#234=IFCRELDEFINESBYPROPERTIES('2Koge9yRm$DLO0Zr3WB3WV',#6,$,$,(#228),#230);
#235=IFCRELDEFINESBYPROPERTIES('1a3d6l1wJQCS1n9kHZxYVW',#6,$,$,(#228),#232);
#236=IFCRELDEFINESBYPROPERTIES('23y3Rrw8VrkymxwSr4doYV',#6,$,$,(#228),#233);
#237=IFCCARTESIANPOINT((-105.13343644909344,26.266340728084767,0.));
#238=IFCAXIS2PLACEMENT3D(#237,$,$);
#239=IFCLOCALPLACEMENT(#33,#238);
#240=IFCCARTESIANPOINT((13.666666666666686,0.));
#241=IFCPOLYLINE((#47,#240));
#242=IFCSHAPEREPRESENTATION(#23,'Axis','Curve2D',(#241));
#243=IFCPRODUCTDEFINITIONSHAPE($,$,(#242,#250));
#244=IFCCARTESIANPOINT((6.8333333333333428,8.0491169285323849E-16));
#245=IFCAXIS2PLACEMENT2D(#244,#53);
#246=IFCRECTANGLEPROFILEDEF(.AREA.,$,#245,13.666666666666686,0.6354166666666643);
#247=IFCAXIS2PLACEMENT3D(#19,$,$);
#248=IFCEXTRUDEDAREASOLID(#246,#247,#43,12.);
#249=IFCSTYLEDITEM(#248,(#61),$);
#250=IFCSHAPEREPRESENTATION(#24,'Body','SweptSolid',(#248));
#251=IFCWALLSTANDARDCASE('26jjhu0DH0Lxf54dTa$Kpe',#6,'Basic Wall:Generic - 8" Masonry:1240492',$,$,#239,#243,'1240492');
#252=IFCMATERIALLAYERSETUSAGE(#71,.AXIS2.,.NEGATIVE.,0.31770833333333331);
#253=IFCPROPERTYSET('12hcAjy8tggC2W1fHpuRE$',#6,'Pset_QuantityTakeOff',$,(#74));
#254=IFCPROPERTYSINGLEVALUE('Reference',$,IFCLABEL('Generic - 8" Masonry'),$);
#255=IFCPROPERTYSET('0oCmLosd7lQBQdv4mx0wfg',#6,'Pset_ReinforcementBarPitchOfWall',$,(#254));
#256=IFCPROPERTYSET('3$dOHdeLWb_FQymuvccBQT',#6,'Pset_WallCommon',$,(#74,#78,#79,#80));
#257=IFCRELDEFINESBYPROPERTIES('0NzXsA_XRoT4GLe3C1aFIh',#6,$,$,(#251),#253);
#258=IFCRELDEFINESBYPROPERTIES('3PcomrtCeihH3FK6LzLXNc',#6,$,$,(#251),#255);
#259=IFCRELDEFINESBYPROPERTIES('3MwMjW0zKxCRsMHq8AdiIf',#6,$,$,(#251),#256);
#260=IFCCARTESIANPOINT((-94.20114478242678,26.584049061417907,0.));
#261=IFCAXIS2PLACEMENT3D(#260,#43,#44);
#262=IFCLOCALPLACEMENT(#33,#261);
#263=IFCCARTESIANPOINT((12.,0.));
#264=IFCPOLYLINE((#47,#263));
#265=IFCSHAPEREPRESENTATION(#23,'Axis','Curve2D',(#264));
#266=IFCPRODUCTDEFINITIONSHAPE($,$,(#265,#273));
#267=IFCCARTESIANPOINT((6.0000000000001137,-7.1054273576010019E-15));
#268=IFCAXIS2PLACEMENT2D(#267,#129);
#269=IFCRECTANGLEPROFILEDEF(.AREA.,$,#268,12.000000000000227,0.6354166666666714);
#270=IFCAXIS2PLACEMENT3D(#19,$,$);
#271=IFCEXTRUDEDAREASOLID(#269,#270,#43,12.);
#272=IFCSTYLEDITEM(#271,(#61),$);
#273=IFCSHAPEREPRESENTATION(#24,'Body','SweptSolid',(#271));
#274=IFCWALLSTANDARDCASE('26jjhu0DH0Lxf54dTa$Kpf',#6,'Basic Wall:Generic - 8" Masonry:1240493',$,$,#262,#266,'1240493');
#275=IFCMATERIALLAYERSETUSAGE(#71,.AXIS2.,.NEGATIVE.,0.31770833333333331);
#276=IFCPROPERTYSET('06MPLQd5Dm$P7JLbF7XyB0',#6,'Pset_QuantityTakeOff',$,(#74));
#277=IFCPROPERTYSINGLEVALUE('Reference',$,IFCLABEL('Generic - 8" Masonry'),$);
#278=IFCPROPERTYSET('23LxnFr4VFernCGJmQBPPK',#6,'Pset_ReinforcementBarPitchOfWall',$,(#277));
#279=IFCPROPERTYSET('1XqWTtLPnrOkm6z9loeqQY',#6,'Pset_WallCommon',$,(#74,#78,#79,#80));
#280=IFCRELDEFINESBYPROPERTIES('1GffB$vOMROT89VTxYLtPE',#6,$,$,(#274),#276);
#281=IFCRELDEFINESBYPROPERTIES('2_lh2JeeCgxZCtFk9toUXf',#6,$,$,(#274),#278);
#282=IFCRELDEFINESBYPROPERTIES('0Tz2f1iR5Rhr4r3sKy8Fo_',#6,$,$,(#274),#279);
#283=IFCCARTESIANPOINT((-93.883436449093438,38.266340728084799,0.));
#284=IFCAXIS2PLACEMENT3D(#283,$,$);
#285=IFCLOCALPLACEMENT(#33,#284);
#286=IFCCARTESIANPOINT((10.468749999999986,0.));
#287=IFCPOLYLINE((#47,#286));
#288=IFCSHAPEREPRESENTATION(#23,'Axis','Curve2D',(#287));
#289=IFCPRODUCTDEFINITIONSHAPE($,$,(#288,#296));
#290=IFCCARTESIANPOINT((5.2343749999999929,0.));
#291=IFCAXIS2PLACEMENT2D(#290,#53);
#292=IFCRECTANGLEPROFILEDEF(.AREA.,$,#291,10.468749999999986,0.6354166666666714);
#293=IFCAXIS2PLACEMENT3D(#19,$,$);
#294=IFCEXTRUDEDAREASOLID(#292,#293,#43,12.);
#295=IFCSTYLEDITEM(#294,(#61),$);
#296=IFCSHAPEREPRESENTATION(#24,'Body','SweptSolid',(#294));
#297=IFCWALLSTANDARDCASE('26jjhu0DH0Lxf54dTa$Kpg',#6,'Basic Wall:Generic - 8" Masonry:1240494',$,$,#285,#289,'1240494');
#298=IFCMATERIALLAYERSETUSAGE(#71,.AXIS2.,.NEGATIVE.,0.31770833333333331);
#299=IFCPROPERTYSET('3$0jgVZCEgmxxle1tVgqRt',#6,'Pset_QuantityTakeOff',$,(#74));
#300=IFCPROPERTYSINGLEVALUE('Reference',$,IFCLABEL('Generic - 8" Masonry'),$);
#301=IFCPROPERTYSET('1_NWp9d$wLW1eqWgR85udi',#6,'Pset_ReinforcementBarPitchOfWall',$,(#300));
#302=IFCPROPERTYSET('1Ktx4MV$pxfUbyqW6S7bG5',#6,'Pset_WallCommon',$,(#74,#78,#79,#80));
#303=IFCRELDEFINESBYPROPERTIES('2bJkfdj9lvyUcRuR_cvlIM',#6,$,$,(#297),#299);
#304=IFCRELDEFINESBYPROPERTIES('0Q1Wz9sFKEFCeXfF3ZuCnt',#6,$,$,(#297),#301);
#305=IFCRELDEFINESBYPROPERTIES('1tEKFSMFfo1P_sWiRB8lAm',#6,$,$,(#297),#302);
#306=IFCCARTESIANPOINT((-83.73239478242678,37.948632394751471,0.));
#307=IFCAXIS2PLACEMENT3D(#306,#43,#97);
#308=IFCLOCALPLACEMENT(#33,#307);
#309=IFCCARTESIANPOINT((4.25,0.));
#310=IFCPOLYLINE((#47,#309));
#311=IFCSHAPEREPRESENTATION(#23,'Axis','Curve2D',(#310));
#312=IFCPRODUCTDEFINITIONSHAPE($,$,(#311,#319));
#313=IFCCARTESIANPOINT((2.125,0.));
#314=IFCAXIS2PLACEMENT2D(#313,#53);
#315=IFCRECTANGLEPROFILEDEF(.AREA.,$,#314,4.25,0.63541666666665719);
#316=IFCAXIS2PLACEMENT3D(#19,$,$);
#317=IFCEXTRUDEDAREASOLID(#315,#316,#43,12.);
#318=IFCSTYLEDITEM(#317,(#61),$);
#319=IFCSHAPEREPRESENTATION(#24,'Body','SweptSolid',(#317));
#320=IFCWALLSTANDARDCASE('26jjhu0DH0Lxf54dTa$Kph',#6,'Basic Wall:Generic - 8" Masonry:1240495',$,$,#308,#312,'1240495');
#321=IFCMATERIALLAYERSETUSAGE(#71,.AXIS2.,.NEGATIVE.,0.31770833333333331);
#322=IFCPROPERTYSET('0ESCR0mH2X4_cii701wsfn',#6,'Pset_QuantityTakeOff',$,(#74));
#323=IFCPROPERTYSINGLEVALUE('Reference',$,IFCLABEL('Generic - 8" Masonry'),$);
#324=IFCPROPERTYSET('1b3S5B4hnJn1ahxRgnBhj0',#6,'Pset_ReinforcementBarPitchOfWall',$,(#323));
#325=IFCPROPERTYSET('1n6sUSzZuFLrkGNjwTxICX',#6,'Pset_WallCommon',$,(#74,#78,#79,#80));
#326=IFCRELDEFINESBYPROPERTIES('00mPw3SBvHp0tYRc706OOf',#6,$,$,(#320),#322);
#327=IFCRELDEFINESBYPROPERTIES('3EwlevbAnJQUPQwL0gfN0e',#6,$,$,(#320),#324);
#328=IFCRELDEFINESBYPROPERTIES('2rMAOrH63_$6VbMDhvTyh8',#6,$,$,(#320),#325);
#329=IFCCARTESIANPOINT((-83.414686449093452,34.016340728084799,0.));
#330=IFCAXIS2PLACEMENT3D(#329,$,$);
#331=IFCLOCALPLACEMENT(#33,#330);
#332=IFCCARTESIANPOINT((5.6666666666666288,0.));
#333=IFCPOLYLINE((#47,#332));
#334=IFCSHAPEREPRESENTATION(#23,'Axis','Curve2D',(#333));
#335=IFCPRODUCTDEFINITIONSHAPE($,$,(#334,#342));
#336=IFCCARTESIANPOINT((2.8333333333333144,0.));
#337=IFCAXIS2PLACEMENT2D(#336,#53);
#338=IFCRECTANGLEPROFILEDEF(.AREA.,$,#337,5.6666666666666288,0.6354166666666714);
#339=IFCAXIS2PLACEMENT3D(#19,$,$);
#340=IFCEXTRUDEDAREASOLID(#338,#339,#43,12.);
#341=IFCSTYLEDITEM(#340,(#61),$);
#342=IFCSHAPEREPRESENTATION(#24,'Body','SweptSolid',(#340));
#343=IFCWALLSTANDARDCASE('26jjhu0DH0Lxf54dTa$Kpq',#6,'Basic Wall:Generic - 8" Masonry:1240496',$,$,#331,#335,'1240496');
#344=IFCMATERIALLAYERSETUSAGE(#71,.AXIS2.,.NEGATIVE.,0.31770833333333331);
#345=IFCPROPERTYSET('1Am0YBlqH9FhtyV1dEfQy7',#6,'Pset_QuantityTakeOff',$,(#74));
#346=IFCPROPERTYSINGLEVALUE('Reference',$,IFCLABEL('Generic - 8" Masonry'),$);
#347=IFCPROPERTYSET('0sy$xid5QRa7wJZ7UpbzKm',#6,'Pset_ReinforcementBarPitchOfWall',$,(#346));
#348=IFCPROPERTYSET('1GcNzMnmouTiOGrLp3AZVZ',#6,'Pset_WallCommon',$,(#74,#78,#79,#80));
#349=IFCRELDEFINESBYPROPERTIES('3YWvsK_KBKub97l0c80dxu',#6,$,$,(#343),#345);
#350=IFCRELDEFINESBYPROPERTIES('2tc47DAQ8avBIm6FkWC8QM',#6,$,$,(#343),#347);
#351=IFCRELDEFINESBYPROPERTIES('1lu2a3aqsIJI45JteLKbxH',#6,$,$,(#343),#348);
#352=IFCCARTESIANPOINT((-78.065728115760152,33.698632394751471,0.));
#353=IFCAXIS2PLACEMENT3D(#352,#43,#97);
#354=IFCLOCALPLACEMENT(#33,#353);
#355=IFCCARTESIANPOINT((7.1145833333336448,0.));
#356=IFCPOLYLINE((#47,#355));
#357=IFCSHAPEREPRESENTATION(#23,'Axis','Curve2D',(#356));
#358=IFCPRODUCTDEFINITIONSHAPE($,$,(#357,#365));
#359=IFCCARTESIANPOINT((3.5572916666668206,-7.1054273576010019E-15));
#360=IFCAXIS2PLACEMENT2D(#359,#129);
#361=IFCRECTANGLEPROFILEDEF(.AREA.,$,#360,7.1145833333336412,0.6354166666666714);
#362=IFCAXIS2PLACEMENT3D(#19,$,$);
#363=IFCEXTRUDEDAREASOLID(#361,#362,#43,12.);
#364=IFCSTYLEDITEM(#363,(#61),$);
#365=IFCSHAPEREPRESENTATION(#24,'Body','SweptSolid',(#363));
#366=IFCWALLSTANDARDCASE('26jjhu0DH0Lxf54dTa$Kpr',#6,'Basic Wall:Generic - 8" Masonry:1240497',$,$,#354,#358,'1240497');
#367=IFCMATERIALLAYERSETUSAGE(#71,.AXIS2.,.NEGATIVE.,0.31770833333333331);
#368=IFCPROPERTYSET('2PF6puWJM28TI7jRZQQbrY',#6,'Pset_QuantityTakeOff',$,(#74));
#369=IFCPROPERTYSINGLEVALUE('Reference',$,IFCLABEL('Generic - 8" Masonry'),$);
#370=IFCPROPERTYSET('1kr5oEUEaLQdPXjI0R1_dT',#6,'Pset_ReinforcementBarPitchOfWall',$,(#369));
#371=IFCPROPERTYSET('0KahUnalF7BquSovcx9r$b',#6,'Pset_WallCommon',$,(#74,#78,#79,#80));
#372=IFCRELDEFINESBYPROPERTIES('0NfIRMQofuEiU43AUEckBA',#6,$,$,(#366),#368);
#373=IFCRELDEFINESBYPROPERTIES('2RsBWTlxt2LM3nh5YQrunU',#6,$,$,(#366),#370);
#374=IFCRELDEFINESBYPROPERTIES('1qgkbAV$Tdmku3xLBiCVmp',#6,$,$,(#366),#371);
#375=IFCCARTESIANPOINT((-23.550103115760106,26.266340728084316,0.));
#376=IFCAXIS2PLACEMENT3D(#375,#43,#121);
#377=IFCLOCALPLACEMENT(#33,#376);
#378=IFCCARTESIANPOINT((62.5,0.));
#379=IFCPOLYLINE((#47,#378));
#380=IFCSHAPEREPRESENTATION(#23,'Axis','Curve2D',(#379));
#381=IFCPRODUCTDEFINITIONSHAPE($,$,(#380,#388));
#382=IFCCARTESIANPOINT((31.25,-1.6375789613221059E-15));
#383=IFCAXIS2PLACEMENT2D(#382,#129);
#384=IFCRECTANGLEPROFILEDEF(.AREA.,$,#383,62.5,0.63541666666666785);
#385=IFCAXIS2PLACEMENT3D(#19,$,$);
#386=IFCEXTRUDEDAREASOLID(#384,#385,#43,12.);
#387=IFCSTYLEDITEM(#386,(#61),$);
#388=IFCSHAPEREPRESENTATION(#24,'Body','SweptSolid',(#386));
#389=IFCWALLSTANDARDCASE('26jjhu0DH0Lxf54dTa$Kps',#6,'Basic Wall:Generic - 8" Masonry:1240498',$,$,#377,#381,'1240498');
#390=IFCMATERIALLAYERSETUSAGE(#71,.AXIS2.,.NEGATIVE.,0.31770833333333331);
#391=IFCPROPERTYSET('1VCwgCpLTycrXOL2wLDjuR',#6,'Pset_QuantityTakeOff',$,(#74));
#392=IFCPROPERTYSINGLEVALUE('Reference',$,IFCLABEL('Generic - 8" Masonry'),$);
#393=IFCPROPERTYSET('2RDxryFLMRrYwPth3KlUc6',#6,'Pset_ReinforcementBarPitchOfWall',$,(#392));
#394=IFCPROPERTYSET('22OBGV7nnPrKXM671Wc_nM',#6,'Pset_WallCommon',$,(#74,#78,#79,#80));
#395=IFCRELDEFINESBYPROPERTIES('2u6wKkC52JxBPLWIRWrdQ8',#6,$,$,(#389),#391);
#396=IFCRELDEFINESBYPROPERTIES('2I4P3AjA22SeAg2XpD_moD',#6,$,$,(#389),#393);
#397=IFCRELDEFINESBYPROPERTIES('2Iql_yBMKig2sv69V1fKG1',#6,$,$,(#389),#394);
#398=IFCCARTESIANPOINT((-13.149061449093466,-5.5014780109173937,0.));
#399=IFCAXIS2PLACEMENT3D(#398,#43,#44);
#400=IFCLOCALPLACEMENT(#33,#399);
#401=IFCCARTESIANPOINT((21.812500000000007,-0.));
#402=IFCPOLYLINE((#47,#401));
#403=IFCSHAPEREPRESENTATION(#23,'Axis','Curve2D',(#402));
#404=IFCPRODUCTDEFINITIONSHAPE($,$,(#403,#411));
#405=IFCCARTESIANPOINT((10.906250000000004,-2.2204460492503131E-16));
#406=IFCAXIS2PLACEMENT2D(#405,#53);
#407=IFCRECTANGLEPROFILEDEF(.AREA.,$,#406,21.812500000000007,0.63541666666666785);
#408=IFCAXIS2PLACEMENT3D(#19,$,$);
#409=IFCEXTRUDEDAREASOLID(#407,#408,#43,3.);
#410=IFCSTYLEDITEM(#409,(#61),$);
#411=IFCSHAPEREPRESENTATION(#24,'Body','SweptSolid',(#409));
#412=IFCWALLSTANDARDCASE('26jjhu0DH0Lxf54dTa$Kpt',#6,'Basic Wall:Generic - 8" Masonry:1240499',$,$,#400,#404,'1240499');
#413=IFCMATERIALLAYERSETUSAGE(#71,.AXIS2.,.NEGATIVE.,0.31770833333333331);
#414=IFCPROPERTYSET('2LdNpbwaoZbBcRHUXab2jD',#6,'Pset_QuantityTakeOff',$,(#74));
#415=IFCPROPERTYSINGLEVALUE('Reference',$,IFCLABEL('Generic - 8" Masonry'),$);
#416=IFCPROPERTYSET('0NoVJlKxYO2Twcvww5mPKx',#6,'Pset_ReinforcementBarPitchOfWall',$,(#415));
#417=IFCPROPERTYSET('36FEukL3TEujBZA2RPieC5',#6,'Pset_WallCommon',$,(#74,#78,#79,#80));
#418=IFCRELDEFINESBYPROPERTIES('3RHB$fJ8YEFnCmVQ$jdMuO',#6,$,$,(#412),#414);
#419=IFCRELDEFINESBYPROPERTIES('2$fwqYK7Y1DA_PfIRdWBjs',#6,$,$,(#412),#416);
#420=IFCRELDEFINESBYPROPERTIES('3UQLMhBoLxmARQJzZ1ILUS',#6,$,$,(#412),#417);
#421=IFCCARTESIANPOINT((-13.466769782426764,16.628730322415947,0.));
#422=IFCAXIS2PLACEMENT3D(#421,$,$);
#423=IFCLOCALPLACEMENT(#33,#422);
#424=IFCCARTESIANPOINT((56.,0.));
#425=IFCPOLYLINE((#47,#424));
#426=IFCSHAPEREPRESENTATION(#23,'Axis','Curve2D',(#425));
#427=IFCPRODUCTDEFINITIONSHAPE($,$,(#426,#434));
#428=IFCCARTESIANPOINT((28.000000000000018,0.));
#429=IFCAXIS2PLACEMENT2D(#428,#53);
#430=IFCRECTANGLEPROFILEDEF(.AREA.,$,#429,56.000000000000036,0.6354166666666643);
#431=IFCAXIS2PLACEMENT3D(#19,$,$);
#432=IFCEXTRUDEDAREASOLID(#430,#431,#43,3.);
#433=IFCSTYLEDITEM(#432,(#61),$);
#434=IFCSHAPEREPRESENTATION(#24,'Body','SweptSolid',(#432));
#435=IFCWALLSTANDARDCASE('26jjhu0DH0Lxf54dTa$Kpm',#6,'Basic Wall:Generic - 8" Masonry:1240500',$,$,#423,#427,'1240500');
#436=IFCMATERIALLAYERSETUSAGE(#71,.AXIS2.,.NEGATIVE.,0.31770833333333331);
#437=IFCPROPERTYSET('2xgOixzofCd_Cg7ECsY7sn',#6,'Pset_QuantityTakeOff',$,(#74));
#438=IFCPROPERTYSINGLEVALUE('Reference',$,IFCLABEL('Generic - 8" Masonry'),$);
#439=IFCPROPERTYSET('3HH0u8Cv6WVq8yiNIfDk$g',#6,'Pset_ReinforcementBarPitchOfWall',$,(#438));
#440=IFCPROPERTYSET('0CFqfA68TjyAO3Tv7nHaGX',#6,'Pset_WallCommon',$,(#74,#78,#79,#80));
#441=IFCRELDEFINESBYPROPERTIES('3aACX7fD3xWpwhfANt4jPM',#6,$,$,(#435),#437);
#442=IFCRELDEFINESBYPROPERTIES('38nLXYllay_CdBi8EQ$5oa',#6,$,$,(#435),#439);
#443=IFCRELDEFINESBYPROPERTIES('1_joWib3jdJmarwGbR5q7U',#6,$,$,(#435),#440);
#444=IFCCARTESIANPOINT((42.215521884239934,16.311021989082437,0.));
#445=IFCAXIS2PLACEMENT3D(#444,#43,#97);
#446=IFCLOCALPLACEMENT(#33,#445);
#447=IFCCARTESIANPOINT((22.447916666666679,0.));
#448=IFCPOLYLINE((#47,#447));
#449=IFCSHAPEREPRESENTATION(#23,'Axis','Curve2D',(#448));
#450=IFCPRODUCTDEFINITIONSHAPE($,$,(#449,#457));
#451=IFCCARTESIANPOINT((11.223958333333339,0.));
#452=IFCAXIS2PLACEMENT2D(#451,#53);
#453=IFCRECTANGLEPROFILEDEF(.AREA.,$,#452,22.447916666666679,0.6354166666666714);
#454=IFCAXIS2PLACEMENT3D(#19,$,$);
#455=IFCEXTRUDEDAREASOLID(#453,#454,#43,3.);
#456=IFCSTYLEDITEM(#455,(#61),$);
#457=IFCSHAPEREPRESENTATION(#24,'Body','SweptSolid',(#455));
#458=IFCWALLSTANDARDCASE('26jjhu0DH0Lxf54dTa$Kpn',#6,'Basic Wall:Generic - 8" Masonry:1240501',$,$,#446,#450,'1240501');
#459=IFCMATERIALLAYERSETUSAGE(#71,.AXIS2.,.NEGATIVE.,0.31770833333333331);
#460=IFCPROPERTYSET('00KdGp6HI_MeTli2zP802p',#6,'Pset_QuantityTakeOff',$,(#74));
#461=IFCPROPERTYSINGLEVALUE('Reference',$,IFCLABEL('Generic - 8" Masonry'),$);
#462=IFCPROPERTYSET('1BcoXXwvkjhdik_ULlTnQ7',#6,'Pset_ReinforcementBarPitchOfWall',$,(#461));
#463=IFCPROPERTYSET('1FXHhP1PmIUqFBAKo16RpR',#6,'Pset_WallCommon',$,(#74,#78,#79,#80));
#464=IFCRELDEFINESBYPROPERTIES('3$ZyTtb9aKbygRzuFs0X$9',#6,$,$,(#458),#460);
#465=IFCRELDEFINESBYPROPERTIES('0LS877$1sQGP21TJSlhsHg',#6,$,$,(#458),#462);
#466=IFCRELDEFINESBYPROPERTIES('3Caj$Er7KYQeqWvLYlqg9C',#6,$,$,(#458),#463);
#467=IFCCARTESIANPOINT((41.897813550906605,-5.8191863442509062,0.));
#468=IFCAXIS2PLACEMENT3D(#467,#43,#121);
#469=IFCLOCALPLACEMENT(#33,#468);
#470=IFCCARTESIANPOINT((55.364583333333407,0.));
#471=IFCPOLYLINE((#47,#470));
#472=IFCSHAPEREPRESENTATION(#23,'Axis','Curve2D',(#471));
#473=IFCPRODUCTDEFINITIONSHAPE($,$,(#472,#480));
#474=IFCCARTESIANPOINT((27.682291666666703,-1.3877787807814457E-16));
#475=IFCAXIS2PLACEMENT2D(#474,#53);
#476=IFCRECTANGLEPROFILEDEF(.AREA.,$,#475,55.364583333333407,0.63541666666666607);
#477=IFCAXIS2PLACEMENT3D(#19,$,$);
#478=IFCEXTRUDEDAREASOLID(#476,#477,#43,3.);
#479=IFCSTYLEDITEM(#478,(#61),$);
#480=IFCSHAPEREPRESENTATION(#24,'Body','SweptSolid',(#478));
#481=IFCWALLSTANDARDCASE('26jjhu0DH0Lxf54dTa$Kpo',#6,'Basic Wall:Generic - 8" Masonry:1240502',$,$,#469,#473,'1240502');
#482=IFCMATERIALLAYERSETUSAGE(#71,.AXIS2.,.NEGATIVE.,0.31770833333333331);
#483=IFCPROPERTYSET('3T4Hx1uDildi1ZA2PdMNXk',#6,'Pset_QuantityTakeOff',$,(#74));
#484=IFCPROPERTYSINGLEVALUE('Reference',$,IFCLABEL('Generic - 8" Masonry'),$);
#485=IFCPROPERTYSET('0ZaV0Ep3N8s2ENvxC9GWpu',#6,'Pset_ReinforcementBarPitchOfWall',$,(#484));
#486=IFCPROPERTYSET('1e3k$BnJ72I5AY3ykdCCl3',#6,'Pset_WallCommon',$,(#74,#78,#79,#80));
#487=IFCRELDEFINESBYPROPERTIES('0JPyyZLjRLXQ6v6Y$Mj5Ki',#6,$,$,(#481),#483);
#488=IFCRELDEFINESBYPROPERTIES('2tAKcSAj1ZQAr0k2Rp$dby',#6,$,$,(#481),#485);
#489=IFCRELDEFINESBYPROPERTIES('1d7z62iI_JXtb6glRzrSJf',#6,$,$,(#481),#486);
#490=IFCCARTESIANPOINT((2.9533813156168627,0.42166994750654091,3.3333333333333415));
#491=IFCCARTESIANPOINT((2.9522633965318583,0.42166994750654091,3.3248418948457261));
#492=IFCCARTESIANPOINT((2.9489858236150397,0.42166994750654091,3.316929133858276));
#493=IFCCARTESIANPOINT((2.943771958044243,0.42166994750654091,3.3101342919558303));
#494=IFCCARTESIANPOINT((2.9369771161417972,0.42166994750654091,3.3049204263850331));
#495=IFCCARTESIANPOINT((2.9290643551543472,0.42166994750654091,3.3016428534682145));
#496=IFCCARTESIANPOINT((2.9205729166667314,0.42166994750654091,3.3005249343832097));
#497=IFCCARTESIANPOINT((2.912081478179116,0.42166994750654091,3.3016428534682141));
#498=IFCCARTESIANPOINT((2.9041687171916655,0.42166994750654091,3.3049204263850327));
#499=IFCCARTESIANPOINT((2.8973738752892197,0.42166994750654091,3.3101342919558294));
#500=IFCCARTESIANPOINT((2.8921600097184226,0.42166994750654091,3.3169291338582751));
#501=IFCCARTESIANPOINT((2.8888824368016039,0.42166994750654091,3.3248418948457252));
#502=IFCCARTESIANPOINT((2.8877645177165996,0.42166994750654091,3.333333333333341));
#503=IFCCARTESIANPOINT((2.8888824368016035,0.42166994750654091,3.3418247718209568));
#504=IFCCARTESIANPOINT((2.8921600097184221,0.42166994750654091,3.3497375328084069));
#505=IFCCARTESIANPOINT((2.8973738752892193,0.42166994750654091,3.3565323747108531));
#506=IFCCARTESIANPOINT((2.904168717191665,0.42166994750654091,3.3617462402816498));
#507=IFCCARTESIANPOINT((2.9120814781791151,0.42166994750654091,3.3650238131984684));
#508=IFCCARTESIANPOINT((2.9205729166667309,0.42166994750654091,3.3661417322834732));
#509=IFCCARTESIANPOINT((2.9290643551543463,0.42166994750654091,3.3650238131984689));
#510=IFCCARTESIANPOINT((2.9369771161417964,0.42166994750654091,3.3617462402816503));
#511=IFCCARTESIANPOINT((2.9437719580442425,0.42166994750654091,3.3565323747108535));
#512=IFCCARTESIANPOINT((2.9489858236150397,0.42166994750654091,3.3497375328084078));
#513=IFCCARTESIANPOINT((2.9522633965318583,0.42166994750654091,3.3418247718209573));
#514=IFCCARTESIANPOINT((2.9533813156168627,0.32324475065614838,3.3333333333333419));
#515=IFCCARTESIANPOINT((2.9522633965318583,0.32324475065614838,3.3248418948457261));
#516=IFCCARTESIANPOINT((2.9489858236150397,0.32324475065614838,3.316929133858276));
#517=IFCCARTESIANPOINT((2.943771958044243,0.32324475065614838,3.3101342919558303));
#518=IFCCARTESIANPOINT((2.9369771161417972,0.32324475065614838,3.3049204263850331));
#519=IFCCARTESIANPOINT((2.9290643551543472,0.32324475065614838,3.3016428534682145));
#520=IFCCARTESIANPOINT((2.9205729166667314,0.32324475065614838,3.3005249343832097));
#521=IFCCARTESIANPOINT((2.9120814781791156,0.32324475065614838,3.3016428534682141));
#522=IFCCARTESIANPOINT((2.9041687171916655,0.32324475065614838,3.3049204263850327));
#523=IFCCARTESIANPOINT((2.8973738752892197,0.32324475065614838,3.3101342919558294));
#524=IFCCARTESIANPOINT((2.8921600097184226,0.32324475065614838,3.3169291338582751));
#525=IFCCARTESIANPOINT((2.8888824368016035,0.32324475065614838,3.3248418948457252));
#526=IFCCARTESIANPOINT((2.8877645177165991,0.32324475065614838,3.333333333333341));
#527=IFCCARTESIANPOINT((2.8888824368016035,0.32324475065614838,3.3418247718209568));
#528=IFCCARTESIANPOINT((2.8921600097184221,0.32324475065614838,3.3497375328084069));
#529=IFCCARTESIANPOINT((2.8973738752892189,0.32324475065614838,3.3565323747108531));
#530=IFCCARTESIANPOINT((2.904168717191665,0.32324475065614838,3.3617462402816498));
#531=IFCCARTESIANPOINT((2.9120814781791151,0.32324475065614838,3.3650238131984684));
#532=IFCCARTESIANPOINT((2.9205729166667309,0.32324475065614838,3.3661417322834732));
#533=IFCCARTESIANPOINT((2.9290643551543463,0.32324475065614838,3.3650238131984689));
#534=IFCCARTESIANPOINT((2.9369771161417964,0.32324475065614838,3.3617462402816503));
#535=IFCCARTESIANPOINT((2.9437719580442421,0.32324475065614838,3.3565323747108535));
#536=IFCCARTESIANPOINT((2.9489858236150397,0.32324475065614838,3.3497375328084074));
#537=IFCCARTESIANPOINT((2.9522633965318583,0.32324475065614838,3.3418247718209573));
#538=IFCCARTESIANPOINT((2.8713603182415111,0.3068405511810598,3.333333333333341));
#539=IFCCARTESIANPOINT((2.8829598389302831,0.31164522996737648,3.333333333333341));
#540=IFCCARTESIANPOINT((2.9423925856123025,0.28223425196847257,3.3333333333333415));
#541=IFCCARTESIANPOINT((2.9123708169291866,0.25221248328535706,3.3333333333333415));
#542=IFCCARTESIANPOINT((2.8713603182415111,0.24122375328079668,3.333333333333341));
#543=IFCCARTESIANPOINT((2.8713603182415111,0.2423416723658009,3.3248418948457261));
#544=IFCCARTESIANPOINT((2.8713603182415111,0.24561924528261936,3.3169291338582756));
#545=IFCCARTESIANPOINT((2.8713603182415111,0.25083311085341631,3.3101342919558299));
#546=IFCCARTESIANPOINT((2.8713603182415111,0.25762795275586214,3.3049204263850327));
#547=IFCCARTESIANPOINT((2.8713603182415111,0.26554071374331223,3.3016428534682141));
#548=IFCCARTESIANPOINT((2.8713603182415111,0.27403215223092786,3.3005249343832093));
#549=IFCCARTESIANPOINT((2.8713603182415111,0.28252359071854349,3.3016428534682136));
#550=IFCCARTESIANPOINT((2.8713603182415111,0.29043635170599369,3.3049204263850323));
#551=IFCCARTESIANPOINT((2.8713603182415111,0.29723119360843958,3.310134291955829));
#552=IFCCARTESIANPOINT((2.8713603182415111,0.30244505917923664,3.3169291338582747));
#553=IFCCARTESIANPOINT((2.8713603182415111,0.30572263209605532,3.3248418948457248));
#554=IFCCARTESIANPOINT((2.9477848013665859,0.30235827512883146,3.3333333333333415));
#555=IFCCARTESIANPOINT((2.8922467939020935,0.24682026756678205,3.333333333333341));
#556=IFCCARTESIANPOINT((2.9505830584917243,0.31280151289248992,3.3333333333333419));
#557=IFCCARTESIANPOINT((2.8818035560718025,0.24402201042378935,3.333333333333341));
#558=IFCCARTESIANPOINT((2.9519821870542935,0.31802313177431918,3.3333333333333415));
#559=IFCCARTESIANPOINT((2.8765819371566566,0.24262288185229303,3.333333333333341));
#560=IFCCARTESIANPOINT((2.9273817012707446,0.26722336762691479,3.3333333333333415));
#561=IFCCARTESIANPOINT((2.9026518927006362,0.27812363829821052,3.3010233682916836));
#562=IFCCARTESIANPOINT((2.9164814285166836,0.29195317857671177,3.3010233677507834));
#563=IFCCARTESIANPOINT((2.9450886934894438,0.29229626354865201,3.3333333333333415));
#564=IFCCARTESIANPOINT((2.8943610328387335,0.26199023517617226,3.3048136707432807));
#565=IFCCARTESIANPOINT((2.9239688704517688,0.30164410896614269,3.3014311636391001));
#566=IFCCARTESIANPOINT((2.9370700877310227,0.30369050026036826,3.3068349839339723));
#567=IFCCARTESIANPOINT((2.8845442340481866,0.29904406376151726,3.3086857132680367));
#568=IFCCARTESIANPOINT((2.8955610060960524,0.31006083459603351,3.3086857124209672));
#569=IFCCARTESIANPOINT((2.8992516664464754,0.29535340356094919,3.3020128636738959));
#570=IFCCARTESIANPOINT((2.9203121215180139,0.27510904898443989,3.3069053892866558));
#571=IFCCARTESIANPOINT((2.9023088054156401,0.24951637542606953,3.3333333333333415));
#572=IFCCARTESIANPOINT((2.9198762590999658,0.25971792545613592,3.3333333333333415));
#573=IFCCARTESIANPOINT((2.9348871434415233,0.27472880979769365,3.3333333333333415));
#574=IFCCARTESIANPOINT((2.8713603182415111,0.30572263209605549,3.3418247718209564));
#575=IFCCARTESIANPOINT((2.8713603182415111,0.30244505917923697,3.3497375328084069));
#576=IFCCARTESIANPOINT((2.8713603182415106,0.29723119360844003,3.3565323747108526));
#577=IFCCARTESIANPOINT((2.8713603182415106,0.29043635170599419,3.3617462402816494));
#578=IFCCARTESIANPOINT((2.8713603182415106,0.28252359071854405,3.3650238131984684));
#579=IFCCARTESIANPOINT((2.8713603182415106,0.27403215223092847,3.3661417322834728));
#580=IFCCARTESIANPOINT((2.8713603182415106,0.2655407137433129,3.3650238131984684));
#581=IFCCARTESIANPOINT((2.8713603182415106,0.25762795275586264,3.3617462402816498));
#582=IFCCARTESIANPOINT((2.8713603182415106,0.25083311085341675,3.3565323747108526));
#583=IFCCARTESIANPOINT((2.8713603182415111,0.24561924528261969,3.3497375328084069));
#584=IFCCARTESIANPOINT((2.8713603182415111,0.24234167236580106,3.3418247718209568));
#585=IFCCARTESIANPOINT((2.9164814285170513,0.29195317857631992,3.3656432989158063));
#586=IFCCARTESIANPOINT((2.9026518927021439,0.27812363829784953,3.3656432983747946));
#587=IFCCARTESIANPOINT((2.8943610328390093,0.26199023517605502,3.3618529959232841));
#588=IFCCARTESIANPOINT((2.9239688704518354,0.30164410896604721,3.3652355030275589));
#589=IFCCARTESIANPOINT((2.9370700877310432,0.30369050026030031,3.3598316827326817));
#590=IFCCARTESIANPOINT((2.895561006096278,0.31006083459589839,3.3579809542459458));
#591=IFCCARTESIANPOINT((2.8845442340481551,0.29904406376153642,3.3579809533986174));
#592=IFCCARTESIANPOINT((2.8992516664477588,0.29535340355983208,3.3646538029933155));
#593=IFCCARTESIANPOINT((2.9194960212038543,0.27429294847192304,3.3597612772872703));
#594=IFCCARTESIANPOINT((2.526872129265108,0.24122375328079693,3.3333333333333401));
#595=IFCCARTESIANPOINT((2.526872129265108,0.24234167236580129,3.3418247718209559));
#596=IFCCARTESIANPOINT((2.526872129265108,0.24561924528261991,3.349737532808406));
#597=IFCCARTESIANPOINT((2.526872129265108,0.25083311085341692,3.3565323747108518));
#598=IFCCARTESIANPOINT((2.526872129265108,0.25762795275586275,3.3617462402816489));
#599=IFCCARTESIANPOINT((2.526872129265108,0.26554071374331295,3.3650238131984676));
#600=IFCCARTESIANPOINT((2.526872129265108,0.27403215223092858,3.3661417322834719));
#601=IFCCARTESIANPOINT((2.526872129265108,0.28252359071854416,3.3650238131984676));
#602=IFCCARTESIANPOINT((2.526872129265108,0.2904363517059943,3.3617462402816489));
#603=IFCCARTESIANPOINT((2.526872129265108,0.29723119360844019,3.3565323747108518));
#604=IFCCARTESIANPOINT((2.526872129265108,0.3024450591792372,3.349737532808406));
#605=IFCCARTESIANPOINT((2.526872129265108,0.30572263209605577,3.3418247718209559));
#606=IFCCARTESIANPOINT((2.526872129265108,0.30684055118106007,3.3333333333333397));
#607=IFCCARTESIANPOINT((2.526872129265108,0.30572263209605566,3.3248418948457243));
#608=IFCCARTESIANPOINT((2.526872129265108,0.30244505917923697,3.3169291338582738));
#609=IFCCARTESIANPOINT((2.526872129265108,0.29723119360843991,3.3101342919558281));
#610=IFCCARTESIANPOINT((2.526872129265108,0.29043635170599397,3.3049204263850314));
#611=IFCCARTESIANPOINT((2.526872129265108,0.28252359071854377,3.3016428534682127));
#612=IFCCARTESIANPOINT((2.526872129265108,0.27403215223092814,3.3005249343832084));
#613=IFCCARTESIANPOINT((2.526872129265108,0.26554071374331256,3.3016428534682132));
#614=IFCCARTESIANPOINT((2.526872129265108,0.25762795275586242,3.3049204263850318));
#615=IFCCARTESIANPOINT((2.526872129265108,0.25083311085341664,3.3101342919558285));
#616=IFCCARTESIANPOINT((2.526872129265108,0.24561924528261969,3.3169291338582747));
#617=IFCCARTESIANPOINT((2.526872129265108,0.24234167236580118,3.3248418948457248));
#618=IFCPOLYLOOP((#495,#496,#497,#498,#499,#500,#501,#502,#503,#504,#505,#506,#507,#508,#509,#510,#511,#512,#513,#490,#491,#492,#493,#494));
#619=IFCFACEOUTERBOUND(#618,.T.);
#620=IFCFACE((#619));
#621=IFCPOLYLOOP((#515,#491,#490,#514));
#622=IFCFACEOUTERBOUND(#621,.T.);
#623=IFCFACE((#622));
#624=IFCPOLYLOOP((#516,#492,#491,#515));
#625=IFCFACEOUTERBOUND(#624,.T.);
#626=IFCFACE((#625));
#627=IFCPOLYLOOP((#493,#517,#518,#494));
#628=IFCFACEOUTERBOUND(#627,.T.);
#629=IFCFACE((#628));
#630=IFCPOLYLOOP((#516,#517,#493,#492));
#631=IFCFACEOUTERBOUND(#630,.T.);
#632=IFCFACE((#631));
#633=IFCPOLYLOOP((#494,#518,#519,#495));
#634=IFCFACEOUTERBOUND(#633,.T.);
#635=IFCFACE((#634));
#636=IFCPOLYLOOP((#495,#519,#520,#496));
#637=IFCFACEOUTERBOUND(#636,.T.);
#638=IFCFACE((#637));
#639=IFCPOLYLOOP((#522,#498,#497,#521));
#640=IFCFACEOUTERBOUND(#639,.T.);
#641=IFCFACE((#640));
#642=IFCPOLYLOOP((#523,#499,#498,#522));
#643=IFCFACEOUTERBOUND(#642,.T.);
#644=IFCFACE((#643));
#645=IFCPOLYLOOP((#500,#524,#525,#501));
#646=IFCFACEOUTERBOUND(#645,.T.);
#647=IFCFACE((#646));
#648=IFCPOLYLOOP((#523,#524,#500,#499));
#649=IFCFACEOUTERBOUND(#648,.T.);
#650=IFCFACE((#649));
#651=IFCPOLYLOOP((#501,#525,#526,#502));
#652=IFCFACEOUTERBOUND(#651,.T.);
#653=IFCFACE((#652));
#654=IFCPOLYLOOP((#497,#496,#520,#521));
#655=IFCFACEOUTERBOUND(#654,.T.);
#656=IFCFACE((#655));
#657=IFCPOLYLOOP((#527,#503,#502,#526));
#658=IFCFACEOUTERBOUND(#657,.T.);
#659=IFCFACE((#658));
#660=IFCPOLYLOOP((#528,#504,#503,#527));
#661=IFCFACEOUTERBOUND(#660,.T.);
#662=IFCFACE((#661));
#663=IFCPOLYLOOP((#505,#529,#530,#506));
#664=IFCFACEOUTERBOUND(#663,.T.);
#665=IFCFACE((#664));
#666=IFCPOLYLOOP((#528,#529,#505,#504));
#667=IFCFACEOUTERBOUND(#666,.T.);
#668=IFCFACE((#667));
#669=IFCPOLYLOOP((#506,#530,#531,#507));
#670=IFCFACEOUTERBOUND(#669,.T.);
#671=IFCFACE((#670));
#672=IFCPOLYLOOP((#507,#531,#532,#508));
#673=IFCFACEOUTERBOUND(#672,.T.);
#674=IFCFACE((#673));
#675=IFCPOLYLOOP((#534,#510,#509,#533));
#676=IFCFACEOUTERBOUND(#675,.T.);
#677=IFCFACE((#676));
#678=IFCPOLYLOOP((#535,#511,#510,#534));
#679=IFCFACEOUTERBOUND(#678,.T.);
#680=IFCFACE((#679));
#681=IFCPOLYLOOP((#512,#536,#537,#513));
#682=IFCFACEOUTERBOUND(#681,.T.);
#683=IFCFACE((#682));
#684=IFCPOLYLOOP((#535,#536,#512,#511));
#685=IFCFACEOUTERBOUND(#684,.T.);
#686=IFCFACE((#685));
#687=IFCPOLYLOOP((#513,#537,#514,#490));
#688=IFCFACEOUTERBOUND(#687,.T.);
#689=IFCFACE((#688));
#690=IFCPOLYLOOP((#509,#508,#532,#533));
#691=IFCFACEOUTERBOUND(#690,.T.);
#692=IFCFACE((#691));
#693=IFCPOLYLOOP((#515,#558,#516));
#694=IFCFACEOUTERBOUND(#693,.T.);
#695=IFCFACE((#694));
#696=IFCPOLYLOOP((#566,#519,#554));
#697=IFCFACEOUTERBOUND(#696,.T.);
#698=IFCFACE((#697));
#699=IFCPOLYLOOP((#565,#562,#568));
#700=IFCFACEOUTERBOUND(#699,.T.);
#701=IFCFACE((#700));
#702=IFCPOLYLOOP((#554,#563,#540,#566));
#703=IFCFACEOUTERBOUND(#702,.T.);
#704=IFCFACE((#703));
#705=IFCPOLYLOOP((#554,#518,#517));
#706=IFCFACEOUTERBOUND(#705,.T.);
#707=IFCFACE((#706));
#708=IFCPOLYLOOP((#516,#556,#517));
#709=IFCFACEOUTERBOUND(#708,.T.);
#710=IFCFACE((#709));
#711=IFCPOLYLOOP((#518,#554,#519));
#712=IFCFACEOUTERBOUND(#711,.T.);
#713=IFCFACE((#712));
#714=IFCPOLYLOOP((#540,#565,#566));
#715=IFCFACEOUTERBOUND(#714,.T.);
#716=IFCFACE((#715));
#717=IFCPOLYLOOP((#566,#522,#521));
#718=IFCFACEOUTERBOUND(#717,.T.);
#719=IFCFACE((#718));
#720=IFCPOLYLOOP((#570,#561,#569));
#721=IFCFACEOUTERBOUND(#720,.T.);
#722=IFCFACE((#721));
#723=IFCPOLYLOOP((#541,#564,#561));
#724=IFCFACEOUTERBOUND(#723,.T.);
#725=IFCFACE((#724));
#726=IFCPOLYLOOP((#566,#520,#519));
#727=IFCFACEOUTERBOUND(#726,.T.);
#728=IFCFACE((#727));
#729=IFCPOLYLOOP((#566,#521,#520));
#730=IFCFACEOUTERBOUND(#729,.T.);
#731=IFCFACE((#730));
#732=IFCPOLYLOOP((#538,#539,#567));
#733=IFCFACEOUTERBOUND(#732,.T.);
#734=IFCFACE((#733));
#735=IFCPOLYLOOP((#522,#566,#565));
#736=IFCFACEOUTERBOUND(#735,.T.);
#737=IFCFACE((#736));
#738=IFCPOLYLOOP((#553,#567,#552));
#739=IFCFACEOUTERBOUND(#738,.T.);
#740=IFCFACE((#739));
#741=IFCPOLYLOOP((#571,#555,#547));
#742=IFCFACEOUTERBOUND(#741,.T.);
#743=IFCFACE((#742));
#744=IFCPOLYLOOP((#515,#514,#558));
#745=IFCFACEOUTERBOUND(#744,.T.);
#746=IFCFACE((#745));
#747=IFCPOLYLOOP((#565,#568,#524));
#748=IFCFACEOUTERBOUND(#747,.T.);
#749=IFCFACE((#748));
#750=IFCPOLYLOOP((#565,#523,#522));
#751=IFCFACEOUTERBOUND(#750,.T.);
#752=IFCFACE((#751));
#753=IFCPOLYLOOP((#562,#570,#569));
#754=IFCFACEOUTERBOUND(#753,.T.);
#755=IFCFACE((#754));
#756=IFCPOLYLOOP((#551,#564,#550));
#757=IFCFACEOUTERBOUND(#756,.T.);
#758=IFCFACE((#757));
#759=IFCPOLYLOOP((#539,#568,#569));
#760=IFCFACEOUTERBOUND(#759,.T.);
#761=IFCFACE((#760));
#762=IFCPOLYLOOP((#562,#573,#570));
#763=IFCFACEOUTERBOUND(#762,.T.);
#764=IFCFACE((#763));
#765=IFCPOLYLOOP((#570,#572,#561));
#766=IFCFACEOUTERBOUND(#765,.T.);
#767=IFCFACE((#766));
#768=IFCPOLYLOOP((#555,#546,#547));
#769=IFCFACEOUTERBOUND(#768,.T.);
#770=IFCFACE((#769));
#771=IFCPOLYLOOP((#568,#562,#569));
#772=IFCFACEOUTERBOUND(#771,.T.);
#773=IFCFACE((#772));
#774=IFCPOLYLOOP((#571,#548,#564));
#775=IFCFACEOUTERBOUND(#774,.T.);
#776=IFCFACE((#775));
#777=IFCPOLYLOOP((#547,#548,#571));
#778=IFCFACEOUTERBOUND(#777,.T.);
#779=IFCFACE((#778));
#780=IFCPOLYLOOP((#557,#545,#555));
#781=IFCFACEOUTERBOUND(#780,.T.);
#782=IFCFACE((#781));
#783=IFCPOLYLOOP((#541,#561,#572));
#784=IFCFACEOUTERBOUND(#783,.T.);
#785=IFCFACE((#784));
#786=IFCPOLYLOOP((#555,#545,#546));
#787=IFCFACEOUTERBOUND(#786,.T.);
#788=IFCFACE((#787));
#789=IFCPOLYLOOP((#564,#541,#571));
#790=IFCFACEOUTERBOUND(#789,.T.);
#791=IFCFACE((#790));
#792=IFCPOLYLOOP((#543,#559,#542));
#793=IFCFACEOUTERBOUND(#792,.T.);
#794=IFCFACE((#793));
#795=IFCPOLYLOOP((#561,#567,#569));
#796=IFCFACEOUTERBOUND(#795,.T.);
#797=IFCFACE((#796));
#798=IFCPOLYLOOP((#565,#573,#562));
#799=IFCFACEOUTERBOUND(#798,.T.);
#800=IFCFACE((#799));
#801=IFCPOLYLOOP((#554,#517,#556));
#802=IFCFACEOUTERBOUND(#801,.T.);
#803=IFCFACE((#802));
#804=IFCPOLYLOOP((#568,#526,#525));
#805=IFCFACEOUTERBOUND(#804,.T.);
#806=IFCFACE((#805));
#807=IFCPOLYLOOP((#560,#572,#570,#573));
#808=IFCFACEOUTERBOUND(#807,.T.);
#809=IFCFACE((#808));
#810=IFCPOLYLOOP((#552,#567,#561));
#811=IFCFACEOUTERBOUND(#810,.T.);
#812=IFCFACE((#811));
#813=IFCPOLYLOOP((#557,#544,#545));
#814=IFCFACEOUTERBOUND(#813,.T.);
#815=IFCFACE((#814));
#816=IFCPOLYLOOP((#553,#538,#567));
#817=IFCFACEOUTERBOUND(#816,.T.);
#818=IFCFACE((#817));
#819=IFCPOLYLOOP((#544,#559,#543));
#820=IFCFACEOUTERBOUND(#819,.T.);
#821=IFCFACE((#820));
#822=IFCPOLYLOOP((#564,#551,#561));
#823=IFCFACEOUTERBOUND(#822,.T.);
#824=IFCFACE((#823));
#825=IFCPOLYLOOP((#558,#556,#516));
#826=IFCFACEOUTERBOUND(#825,.T.);
#827=IFCFACE((#826));
#828=IFCPOLYLOOP((#551,#552,#561));
#829=IFCFACEOUTERBOUND(#828,.T.);
#830=IFCFACE((#829));
#831=IFCPOLYLOOP((#557,#559,#544));
#832=IFCFACEOUTERBOUND(#831,.T.);
#833=IFCFACE((#832));
#834=IFCPOLYLOOP((#550,#564,#549));
#835=IFCFACEOUTERBOUND(#834,.T.);
#836=IFCFACE((#835));
#837=IFCPOLYLOOP((#548,#549,#564));
#838=IFCFACEOUTERBOUND(#837,.T.);
#839=IFCFACE((#838));
#840=IFCPOLYLOOP((#524,#523,#565));
#841=IFCFACEOUTERBOUND(#840,.T.);
#842=IFCFACE((#841));
#843=IFCPOLYLOOP((#539,#569,#567));
#844=IFCFACEOUTERBOUND(#843,.T.);
#845=IFCFACE((#844));
#846=IFCPOLYLOOP((#525,#524,#568));
#847=IFCFACEOUTERBOUND(#846,.T.);
#848=IFCFACE((#847));
#849=IFCPOLYLOOP((#573,#565,#540));
#850=IFCFACEOUTERBOUND(#849,.T.);
#851=IFCFACE((#850));
#852=IFCPOLYLOOP((#539,#526,#568));
#853=IFCFACEOUTERBOUND(#852,.T.);
#854=IFCFACE((#853));
#855=IFCPOLYLOOP((#589,#540,#563,#554));
#856=IFCFACEOUTERBOUND(#855,.T.);
#857=IFCFACE((#856));
#858=IFCPOLYLOOP((#585,#590,#592));
#859=IFCFACEOUTERBOUND(#858,.T.);
#860=IFCFACE((#859));
#861=IFCPOLYLOOP((#539,#538,#591));
#862=IFCFACEOUTERBOUND(#861,.T.);
#863=IFCFACE((#862));
#864=IFCPOLYLOOP((#588,#529,#528));
#865=IFCFACEOUTERBOUND(#864,.T.);
#866=IFCFACE((#865));
#867=IFCPOLYLOOP((#585,#588,#590));
#868=IFCFACEOUTERBOUND(#867,.T.);
#869=IFCFACE((#868));
#870=IFCPOLYLOOP((#575,#586,#591));
#871=IFCFACEOUTERBOUND(#870,.T.);
#872=IFCFACE((#871));
#873=IFCPOLYLOOP((#528,#590,#588));
#874=IFCFACEOUTERBOUND(#873,.T.);
#875=IFCFACE((#874));
#876=IFCPOLYLOOP((#593,#585,#592));
#877=IFCFACEOUTERBOUND(#876,.T.);
#878=IFCFACE((#877));
#879=IFCPOLYLOOP((#527,#590,#528));
#880=IFCFACEOUTERBOUND(#879,.T.);
#881=IFCFACE((#880));
#882=IFCPOLYLOOP((#539,#591,#592));
#883=IFCFACEOUTERBOUND(#882,.T.);
#884=IFCFACE((#883));
#885=IFCPOLYLOOP((#593,#592,#586));
#886=IFCFACEOUTERBOUND(#885,.T.);
#887=IFCFACE((#886));
#888=IFCPOLYLOOP((#591,#538,#574));
#889=IFCFACEOUTERBOUND(#888,.T.);
#890=IFCFACE((#889));
#891=IFCPOLYLOOP((#558,#514,#537));
#892=IFCFACEOUTERBOUND(#891,.T.);
#893=IFCFACE((#892));
#894=IFCPOLYLOOP((#541,#586,#587));
#895=IFCFACEOUTERBOUND(#894,.T.);
#896=IFCFACE((#895));
#897=IFCPOLYLOOP((#571,#541,#587));
#898=IFCFACEOUTERBOUND(#897,.T.);
#899=IFCFACE((#898));
#900=IFCPOLYLOOP((#535,#554,#556));
#901=IFCFACEOUTERBOUND(#900,.T.);
#902=IFCFACE((#901));
#903=IFCPOLYLOOP((#532,#589,#533));
#904=IFCFACEOUTERBOUND(#903,.T.);
#905=IFCFACE((#904));
#906=IFCPOLYLOOP((#586,#541,#572));
#907=IFCFACEOUTERBOUND(#906,.T.);
#908=IFCFACE((#907));
#909=IFCPOLYLOOP((#554,#535,#534));
#910=IFCFACEOUTERBOUND(#909,.T.);
#911=IFCFACE((#910));
#912=IFCPOLYLOOP((#534,#533,#554));
#913=IFCFACEOUTERBOUND(#912,.T.);
#914=IFCFACE((#913));
#915=IFCPOLYLOOP((#588,#573,#540));
#916=IFCFACEOUTERBOUND(#915,.T.);
#917=IFCFACE((#916));
#918=IFCPOLYLOOP((#579,#580,#571));
#919=IFCFACEOUTERBOUND(#918,.T.);
#920=IFCFACE((#919));
#921=IFCPOLYLOOP((#533,#589,#554));
#922=IFCFACEOUTERBOUND(#921,.T.);
#923=IFCFACE((#922));
#924=IFCPOLYLOOP((#592,#591,#586));
#925=IFCFACEOUTERBOUND(#924,.T.);
#926=IFCFACE((#925));
#927=IFCPOLYLOOP((#539,#592,#590));
#928=IFCFACEOUTERBOUND(#927,.T.);
#929=IFCFACE((#928));
#930=IFCPOLYLOOP((#575,#591,#574));
#931=IFCFACEOUTERBOUND(#930,.T.);
#932=IFCFACE((#931));
#933=IFCPOLYLOOP((#586,#575,#576));
#934=IFCFACEOUTERBOUND(#933,.T.);
#935=IFCFACE((#934));
#936=IFCPOLYLOOP((#555,#582,#557));
#937=IFCFACEOUTERBOUND(#936,.T.);
#938=IFCFACE((#937));
#939=IFCPOLYLOOP((#572,#593,#586));
#940=IFCFACEOUTERBOUND(#939,.T.);
#941=IFCFACE((#940));
#942=IFCPOLYLOOP((#527,#526,#590));
#943=IFCFACEOUTERBOUND(#942,.T.);
#944=IFCFACE((#943));
#945=IFCPOLYLOOP((#556,#536,#535));
#946=IFCFACEOUTERBOUND(#945,.T.);
#947=IFCFACE((#946));
#948=IFCPOLYLOOP((#578,#587,#577));
#949=IFCFACEOUTERBOUND(#948,.T.);
#950=IFCFACE((#949));
#951=IFCPOLYLOOP((#556,#558,#536));
#952=IFCFACEOUTERBOUND(#951,.T.);
#953=IFCFACE((#952));
#954=IFCPOLYLOOP((#559,#557,#583));
#955=IFCFACEOUTERBOUND(#954,.T.);
#956=IFCFACE((#955));
#957=IFCPOLYLOOP((#587,#576,#577));
#958=IFCFACEOUTERBOUND(#957,.T.);
#959=IFCFACE((#958));
#960=IFCPOLYLOOP((#536,#558,#537));
#961=IFCFACEOUTERBOUND(#960,.T.);
#962=IFCFACE((#961));
#963=IFCPOLYLOOP((#578,#579,#587));
#964=IFCFACEOUTERBOUND(#963,.T.);
#965=IFCFACE((#964));
#966=IFCPOLYLOOP((#593,#573,#585));
#967=IFCFACEOUTERBOUND(#966,.T.);
#968=IFCFACE((#967));
#969=IFCPOLYLOOP((#560,#573,#593,#572));
#970=IFCFACEOUTERBOUND(#969,.T.);
#971=IFCFACE((#970));
#972=IFCPOLYLOOP((#581,#582,#555));
#973=IFCFACEOUTERBOUND(#972,.T.);
#974=IFCFACE((#973));
#975=IFCPOLYLOOP((#555,#580,#581));
#976=IFCFACEOUTERBOUND(#975,.T.);
#977=IFCFACE((#976));
#978=IFCPOLYLOOP((#530,#589,#531));
#979=IFCFACEOUTERBOUND(#978,.T.);
#980=IFCFACE((#979));
#981=IFCPOLYLOOP((#571,#580,#555));
#982=IFCFACEOUTERBOUND(#981,.T.);
#983=IFCFACE((#982));
#984=IFCPOLYLOOP((#583,#584,#559));
#985=IFCFACEOUTERBOUND(#984,.T.);
#986=IFCFACE((#985));
#987=IFCPOLYLOOP((#588,#585,#573));
#988=IFCFACEOUTERBOUND(#987,.T.);
#989=IFCFACE((#988));
#990=IFCPOLYLOOP((#579,#571,#587));
#991=IFCFACEOUTERBOUND(#990,.T.);
#992=IFCFACE((#991));
#993=IFCPOLYLOOP((#589,#532,#531));
#994=IFCFACEOUTERBOUND(#993,.T.);
#995=IFCFACE((#994));
#996=IFCPOLYLOOP((#576,#587,#586));
#997=IFCFACEOUTERBOUND(#996,.T.);
#998=IFCFACE((#997));
#999=IFCPOLYLOOP((#583,#557,#582));
#1000=IFCFACEOUTERBOUND(#999,.T.);
#1001=IFCFACE((#1000));
#1002=IFCPOLYLOOP((#584,#542,#559));
#1003=IFCFACEOUTERBOUND(#1002,.T.);
#1004=IFCFACE((#1003));
#1005=IFCPOLYLOOP((#540,#589,#588));
#1006=IFCFACEOUTERBOUND(#1005,.T.);
#1007=IFCFACE((#1006));
#1008=IFCPOLYLOOP((#530,#529,#588));
#1009=IFCFACEOUTERBOUND(#1008,.T.);
#1010=IFCFACE((#1009));
#1011=IFCPOLYLOOP((#526,#539,#590));
#1012=IFCFACEOUTERBOUND(#1011,.T.);
#1013=IFCFACE((#1012));
#1014=IFCPOLYLOOP((#530,#588,#589));
#1015=IFCFACEOUTERBOUND(#1014,.T.);
#1016=IFCFACE((#1015));
#1017=IFCPOLYLOOP((#615,#616,#617,#594,#595,#596,#597,#598,#599,#600,#601,#602,#603,#604,#605,#606,#607,#608,#609,#610,#611,#612,#613,#614));
#1018=IFCFACEOUTERBOUND(#1017,.T.);
#1019=IFCFACE((#1018));
#1020=IFCPOLYLOOP((#617,#543,#542,#594));
#1021=IFCFACEOUTERBOUND(#1020,.T.);
#1022=IFCFACE((#1021));
#1023=IFCPOLYLOOP((#616,#544,#543,#617));
#1024=IFCFACEOUTERBOUND(#1023,.T.);
#1025=IFCFACE((#1024));
#1026=IFCPOLYLOOP((#614,#546,#545,#615));
#1027=IFCFACEOUTERBOUND(#1026,.T.);
#1028=IFCFACE((#1027));
#1029=IFCPOLYLOOP((#615,#545,#544,#616));
#1030=IFCFACEOUTERBOUND(#1029,.T.);
#1031=IFCFACE((#1030));
#1032=IFCPOLYLOOP((#613,#547,#546,#614));
#1033=IFCFACEOUTERBOUND(#1032,.T.);
#1034=IFCFACE((#1033));
#1035=IFCPOLYLOOP((#547,#613,#612,#548));
#1036=IFCFACEOUTERBOUND(#1035,.T.);
#1037=IFCFACE((#1036));
#1038=IFCPOLYLOOP((#610,#609,#551,#550));
#1039=IFCFACEOUTERBOUND(#1038,.T.);
#1040=IFCFACE((#1039));
#1041=IFCPOLYLOOP((#611,#610,#550,#549));
#1042=IFCFACEOUTERBOUND(#1041,.T.);
#1043=IFCFACE((#1042));
#1044=IFCPOLYLOOP((#607,#606,#538,#553));
#1045=IFCFACEOUTERBOUND(#1044,.T.);
#1046=IFCFACE((#1045));
#1047=IFCPOLYLOOP((#608,#607,#553,#552));
#1048=IFCFACEOUTERBOUND(#1047,.T.);
#1049=IFCFACE((#1048));
#1050=IFCPOLYLOOP((#609,#608,#552,#551));
#1051=IFCFACEOUTERBOUND(#1050,.T.);
#1052=IFCFACE((#1051));
#1053=IFCPOLYLOOP((#549,#548,#612,#611));
#1054=IFCFACEOUTERBOUND(#1053,.T.);
#1055=IFCFACE((#1054));
#1056=IFCPOLYLOOP((#538,#606,#605,#574));
#1057=IFCFACEOUTERBOUND(#1056,.T.);
#1058=IFCFACE((#1057));
#1059=IFCPOLYLOOP((#604,#575,#574,#605));
#1060=IFCFACEOUTERBOUND(#1059,.T.);
#1061=IFCFACE((#1060));
#1062=IFCPOLYLOOP((#602,#601,#578,#577));
#1063=IFCFACEOUTERBOUND(#1062,.T.);
#1064=IFCFACE((#1063));
#1065=IFCPOLYLOOP((#603,#602,#577,#576));
#1066=IFCFACEOUTERBOUND(#1065,.T.);
#1067=IFCFACE((#1066));
#1068=IFCPOLYLOOP((#575,#604,#603,#576));
#1069=IFCFACEOUTERBOUND(#1068,.T.);
#1070=IFCFACE((#1069));
#1071=IFCPOLYLOOP((#578,#601,#600,#579));
#1072=IFCFACEOUTERBOUND(#1071,.T.);
#1073=IFCFACE((#1072));
#1074=IFCPOLYLOOP((#598,#597,#582,#581));
#1075=IFCFACEOUTERBOUND(#1074,.T.);
#1076=IFCFACE((#1075));
#1077=IFCPOLYLOOP((#599,#598,#581,#580));
#1078=IFCFACEOUTERBOUND(#1077,.T.);
#1079=IFCFACE((#1078));
#1080=IFCPOLYLOOP((#595,#594,#542,#584));
#1081=IFCFACEOUTERBOUND(#1080,.T.);
#1082=IFCFACE((#1081));
#1083=IFCPOLYLOOP((#596,#595,#584,#583));
#1084=IFCFACEOUTERBOUND(#1083,.T.);
#1085=IFCFACE((#1084));
#1086=IFCPOLYLOOP((#597,#596,#583,#582));
#1087=IFCFACEOUTERBOUND(#1086,.T.);
#1088=IFCFACE((#1087));
#1089=IFCPOLYLOOP((#599,#580,#579,#600));
#1090=IFCFACEOUTERBOUND(#1089,.T.);
#1091=IFCFACE((#1090));
#1092=IFCCARTESIANPOINT((3.0272002132546572,0.42166994750654091,3.3333333333333424));
#1093=IFCCARTESIANPOINT((3.0238464559996441,0.42166994750654091,3.3588076487961889));
#1094=IFCCARTESIANPOINT((3.0140137372491886,0.42166994750654091,3.3825459317585391));
#1095=IFCCARTESIANPOINT((2.998372140536798,0.42166994750654091,3.4029304574658767));
#1096=IFCCARTESIANPOINT((2.9779876148294608,0.42166994750654091,3.4185720541782678));
#1097=IFCCARTESIANPOINT((2.9542493318671106,0.42166994750654091,3.4284047729287233));
#1098=IFCCARTESIANPOINT((2.9287750164042641,0.42166994750654091,3.4317585301837363));
#1099=IFCCARTESIANPOINT((2.9033007009414176,0.42166994750654091,3.4284047729287237));
#1100=IFCCARTESIANPOINT((2.8795624179790673,0.42166994750654091,3.4185720541782683));
#1101=IFCCARTESIANPOINT((2.8591778922717297,0.42166994750654091,3.4029304574658772));
#1102=IFCCARTESIANPOINT((2.8435362955593386,0.42166994750654091,3.38254593175854));
#1103=IFCCARTESIANPOINT((2.8337035768088832,0.42166994750654091,3.3588076487961898));
#1104=IFCCARTESIANPOINT((2.8303498195538701,0.42166994750654091,3.3333333333333428));
#1105=IFCCARTESIANPOINT((2.8337035768088827,0.42166994750654091,3.3078590178704963));
#1106=IFCCARTESIANPOINT((2.8435362955593382,0.42166994750654091,3.284120734908146));
#1107=IFCCARTESIANPOINT((2.8591778922717292,0.42166994750654091,3.2637362092008089));
#1108=IFCCARTESIANPOINT((2.8795624179790664,0.42166994750654091,3.2480946124884178));
#1109=IFCCARTESIANPOINT((2.9033007009414167,0.42166994750654091,3.2382618937379619));
#1110=IFCCARTESIANPOINT((2.9287750164042636,0.42166994750654091,3.2349081364829493));
#1111=IFCCARTESIANPOINT((2.9542493318671097,0.42166994750654091,3.2382618937379619));
#1112=IFCCARTESIANPOINT((2.97798761482946,0.42166994750654091,3.2480946124884178));
#1113=IFCCARTESIANPOINT((2.9983721405367976,0.42166994750654091,3.2637362092008084));
#1114=IFCCARTESIANPOINT((3.0140137372491882,0.42166994750654091,3.2841207349081456));
#1115=IFCCARTESIANPOINT((3.0238464559996441,0.42166994750654091,3.3078590178704959));
#1116=IFCCARTESIANPOINT((3.0272002132546572,0.44791666666664592,3.3333333333333424));
#1117=IFCCARTESIANPOINT((3.0238464559996441,0.44791666666664592,3.3078590178704959));
#1118=IFCCARTESIANPOINT((3.0140137372491882,0.44791666666664592,3.2841207349081456));
#1119=IFCCARTESIANPOINT((2.9983721405367976,0.44791666666664592,3.2637362092008084));
#1120=IFCCARTESIANPOINT((2.97798761482946,0.44791666666664592,3.2480946124884178));
#1121=IFCCARTESIANPOINT((2.9542493318671097,0.44791666666664592,3.2382618937379619));
#1122=IFCCARTESIANPOINT((2.9287750164042636,0.44791666666664592,3.2349081364829493));
#1123=IFCCARTESIANPOINT((2.9033007009414167,0.44791666666664592,3.2382618937379619));
#1124=IFCCARTESIANPOINT((2.8795624179790664,0.44791666666664592,3.2480946124884178));
#1125=IFCCARTESIANPOINT((2.8591778922717292,0.44791666666664592,3.2637362092008089));
#1126=IFCCARTESIANPOINT((2.8435362955593382,0.44791666666664592,3.284120734908146));
#1127=IFCCARTESIANPOINT((2.8337035768088827,0.44791666666664592,3.3078590178704963));
#1128=IFCCARTESIANPOINT((2.8303498195538701,0.44791666666664592,3.3333333333333433));
#1129=IFCCARTESIANPOINT((2.8337035768088832,0.44791666666664592,3.3588076487961898));
#1130=IFCCARTESIANPOINT((2.8435362955593386,0.44791666666664592,3.38254593175854));
#1131=IFCCARTESIANPOINT((2.8591778922717297,0.44791666666664592,3.4029304574658772));
#1132=IFCCARTESIANPOINT((2.8795624179790673,0.44791666666664592,3.4185720541782683));
#1133=IFCCARTESIANPOINT((2.9033007009414176,0.44791666666664592,3.4284047729287237));
#1134=IFCCARTESIANPOINT((2.9287750164042641,0.44791666666664592,3.4317585301837363));
#1135=IFCCARTESIANPOINT((2.9542493318671106,0.44791666666664592,3.4284047729287233));
#1136=IFCCARTESIANPOINT((2.9779876148294608,0.44791666666664592,3.4185720541782678));
#1137=IFCCARTESIANPOINT((2.998372140536798,0.44791666666664592,3.4029304574658767));
#1138=IFCCARTESIANPOINT((3.0140137372491886,0.44791666666664592,3.3825459317585391));
#1139=IFCCARTESIANPOINT((3.0238464559996441,0.44791666666664592,3.3588076487961889));
#1140=IFCPOLYLOOP((#1099,#1100,#1101,#1102,#1103,#1104,#1105,#1106,#1107,#1108,#1109,#1110,#1111,#1112,#1113,#1114,#1115,#1092,#1093,#1094,#1095,#1096,#1097,#1098));
#1141=IFCFACEOUTERBOUND(#1140,.T.);
#1142=IFCFACE((#1141));
#1143=IFCPOLYLOOP((#1123,#1124,#1125,#1126,#1127,#1128,#1129,#1130,#1131,#1132,#1133,#1134,#1135,#1136,#1137,#1138,#1139,#1116,#1117,#1118,#1119,#1120,#1121,#1122));
#1144=IFCFACEOUTERBOUND(#1143,.T.);
#1145=IFCFACE((#1144));
#1146=IFCPOLYLOOP((#1139,#1093,#1092,#1116));
#1147=IFCFACEOUTERBOUND(#1146,.T.);
#1148=IFCFACE((#1147));
#1149=IFCPOLYLOOP((#1138,#1094,#1093,#1139));
#1150=IFCFACEOUTERBOUND(#1149,.T.);
#1151=IFCFACE((#1150));
#1152=IFCPOLYLOOP((#1096,#1095,#1137,#1136));
#1153=IFCFACEOUTERBOUND(#1152,.T.);
#1154=IFCFACE((#1153));
#1155=IFCPOLYLOOP((#1138,#1137,#1095,#1094));
#1156=IFCFACEOUTERBOUND(#1155,.T.);
#1157=IFCFACE((#1156));
#1158=IFCPOLYLOOP((#1097,#1096,#1136,#1135));
#1159=IFCFACEOUTERBOUND(#1158,.T.);
#1160=IFCFACE((#1159));
#1161=IFCPOLYLOOP((#1098,#1097,#1135,#1134));
#1162=IFCFACEOUTERBOUND(#1161,.T.);
#1163=IFCFACE((#1162));
#1164=IFCPOLYLOOP((#1133,#1099,#1098,#1134));
#1165=IFCFACEOUTERBOUND(#1164,.T.);
#1166=IFCFACE((#1165));
#1167=IFCPOLYLOOP((#1132,#1100,#1099,#1133));
#1168=IFCFACEOUTERBOUND(#1167,.T.);
#1169=IFCFACE((#1168));
#1170=IFCPOLYLOOP((#1102,#1101,#1131,#1130));
#1171=IFCFACEOUTERBOUND(#1170,.T.);
#1172=IFCFACE((#1171));
#1173=IFCPOLYLOOP((#1132,#1131,#1101,#1100));
#1174=IFCFACEOUTERBOUND(#1173,.T.);
#1175=IFCFACE((#1174));
#1176=IFCPOLYLOOP((#1103,#1102,#1130,#1129));
#1177=IFCFACEOUTERBOUND(#1176,.T.);
#1178=IFCFACE((#1177));
#1179=IFCPOLYLOOP((#1104,#1103,#1129,#1128));
#1180=IFCFACEOUTERBOUND(#1179,.T.);
#1181=IFCFACE((#1180));
#1182=IFCPOLYLOOP((#1127,#1105,#1104,#1128));
#1183=IFCFACEOUTERBOUND(#1182,.T.);
#1184=IFCFACE((#1183));
#1185=IFCPOLYLOOP((#1126,#1106,#1105,#1127));
#1186=IFCFACEOUTERBOUND(#1185,.T.);
#1187=IFCFACE((#1186));
#1188=IFCPOLYLOOP((#1108,#1107,#1125,#1124));
#1189=IFCFACEOUTERBOUND(#1188,.T.);
#1190=IFCFACE((#1189));
#1191=IFCPOLYLOOP((#1126,#1125,#1107,#1106));
#1192=IFCFACEOUTERBOUND(#1191,.T.);
#1193=IFCFACE((#1192));
#1194=IFCPOLYLOOP((#1109,#1108,#1124,#1123));
#1195=IFCFACEOUTERBOUND(#1194,.T.);
#1196=IFCFACE((#1195));
#1197=IFCPOLYLOOP((#1110,#1109,#1123,#1122));
#1198=IFCFACEOUTERBOUND(#1197,.T.);
#1199=IFCFACE((#1198));
#1200=IFCPOLYLOOP((#1121,#1111,#1110,#1122));
#1201=IFCFACEOUTERBOUND(#1200,.T.);
#1202=IFCFACE((#1201));
#1203=IFCPOLYLOOP((#1120,#1112,#1111,#1121));
#1204=IFCFACEOUTERBOUND(#1203,.T.);
#1205=IFCFACE((#1204));
#1206=IFCPOLYLOOP((#1114,#1113,#1119,#1118));
#1207=IFCFACEOUTERBOUND(#1206,.T.);
#1208=IFCFACE((#1207));
#1209=IFCPOLYLOOP((#1120,#1119,#1113,#1112));
#1210=IFCFACEOUTERBOUND(#1209,.T.);
#1211=IFCFACE((#1210));
#1212=IFCPOLYLOOP((#1115,#1114,#1118,#1117));
#1213=IFCFACEOUTERBOUND(#1212,.T.);
#1214=IFCFACE((#1213));
#1215=IFCPOLYLOOP((#1092,#1115,#1117,#1116));
#1216=IFCFACEOUTERBOUND(#1215,.T.);
#1217=IFCFACE((#1216));
#1218=IFCCARTESIANPOINT((2.9533813156168622,0.61999671916008103,3.3333333333333419));
#1219=IFCCARTESIANPOINT((2.9522633965318579,0.61999671916008103,3.3418247718209573));
#1220=IFCCARTESIANPOINT((2.9489858236150392,0.61999671916008103,3.3497375328084078));
#1221=IFCCARTESIANPOINT((2.9437719580442421,0.61999671916008103,3.3565323747108535));
#1222=IFCCARTESIANPOINT((2.9369771161417964,0.61999671916008103,3.3617462402816503));
#1223=IFCCARTESIANPOINT((2.9290643551543463,0.61999671916008103,3.3650238131984689));
#1224=IFCCARTESIANPOINT((2.9205729166667305,0.61999671916008103,3.3661417322834732));
#1225=IFCCARTESIANPOINT((2.9120814781791147,0.61999671916008103,3.3650238131984684));
#1226=IFCCARTESIANPOINT((2.9041687171916646,0.61999671916008103,3.3617462402816498));
#1227=IFCCARTESIANPOINT((2.8973738752892189,0.61999671916008103,3.3565323747108531));
#1228=IFCCARTESIANPOINT((2.8921600097184221,0.61999671916008103,3.3497375328084069));
#1229=IFCCARTESIANPOINT((2.8888824368016035,0.61999671916008103,3.3418247718209568));
#1230=IFCCARTESIANPOINT((2.8877645177165991,0.61999671916008103,3.333333333333341));
#1231=IFCCARTESIANPOINT((2.8888824368016035,0.61999671916008103,3.3248418948457252));
#1232=IFCCARTESIANPOINT((2.8921600097184226,0.61999671916008103,3.3169291338582751));
#1233=IFCCARTESIANPOINT((2.8973738752892197,0.61999671916008103,3.3101342919558294));
#1234=IFCCARTESIANPOINT((2.9041687171916655,0.61999671916008103,3.3049204263850327));
#1235=IFCCARTESIANPOINT((2.9120814781791156,0.61999671916008103,3.3016428534682141));
#1236=IFCCARTESIANPOINT((2.9205729166667314,0.61999671916008103,3.3005249343832097));
#1237=IFCCARTESIANPOINT((2.9290643551543467,0.61999671916008103,3.3016428534682145));
#1238=IFCCARTESIANPOINT((2.9369771161417972,0.61999671916008103,3.3049204263850331));
#1239=IFCCARTESIANPOINT((2.943771958044243,0.61999671916008103,3.3101342919558303));
#1240=IFCCARTESIANPOINT((2.9489858236150397,0.61999671916008103,3.316929133858276));
#1241=IFCCARTESIANPOINT((2.9522633965318583,0.61999671916008103,3.3248418948457261));
#1242=IFCCARTESIANPOINT((2.8877645177165991,0.71842191601047356,3.333333333333341));
#1243=IFCCARTESIANPOINT((2.8888824368016035,0.71842191601047356,3.3248418948457252));
#1244=IFCCARTESIANPOINT((2.8921600097184226,0.71842191601047356,3.3169291338582751));
#1245=IFCCARTESIANPOINT((2.8973738752892197,0.71842191601047356,3.3101342919558294));
#1246=IFCCARTESIANPOINT((2.9041687171916655,0.71842191601047356,3.3049204263850327));
#1247=IFCCARTESIANPOINT((2.9120814781791156,0.71842191601047356,3.3016428534682141));
#1248=IFCCARTESIANPOINT((2.9205729166667314,0.71842191601047356,3.3005249343832097));
#1249=IFCCARTESIANPOINT((2.9290643551543472,0.71842191601047356,3.3016428534682145));
#1250=IFCCARTESIANPOINT((2.9369771161417972,0.71842191601047356,3.3049204263850331));
#1251=IFCCARTESIANPOINT((2.943771958044243,0.71842191601047356,3.3101342919558303));
#1252=IFCCARTESIANPOINT((2.9489858236150397,0.71842191601047356,3.316929133858276));
#1253=IFCCARTESIANPOINT((2.9522633965318583,0.71842191601047356,3.3248418948457261));
#1254=IFCCARTESIANPOINT((2.9533813156168627,0.71842191601047356,3.3333333333333415));
#1255=IFCCARTESIANPOINT((2.9522633965318583,0.71842191601047356,3.3418247718209573));
#1256=IFCCARTESIANPOINT((2.9489858236150397,0.71842191601047356,3.3497375328084074));
#1257=IFCCARTESIANPOINT((2.9437719580442421,0.71842191601047356,3.3565323747108535));
#1258=IFCCARTESIANPOINT((2.9369771161417964,0.71842191601047356,3.3617462402816503));
#1259=IFCCARTESIANPOINT((2.9290643551543463,0.71842191601047356,3.3650238131984689));
#1260=IFCCARTESIANPOINT((2.9205729166667309,0.71842191601047356,3.3661417322834732));
#1261=IFCCARTESIANPOINT((2.9120814781791151,0.71842191601047356,3.3650238131984684));
#1262=IFCCARTESIANPOINT((2.904168717191665,0.71842191601047356,3.3617462402816498));
#1263=IFCCARTESIANPOINT((2.8973738752892189,0.71842191601047356,3.3565323747108531));
#1264=IFCCARTESIANPOINT((2.8921600097184221,0.71842191601047356,3.3497375328084069));
#1265=IFCCARTESIANPOINT((2.8888824368016035,0.71842191601047356,3.3418247718209568));
#1266=IFCCARTESIANPOINT((2.8713603182415106,0.73482611548556209,3.3333333333333406));
#1267=IFCCARTESIANPOINT((2.8713603182415106,0.73594403457056656,3.3248418948457248));
#1268=IFCCARTESIANPOINT((2.8713603182415106,0.7392216074873853,3.3169291338582747));
#1269=IFCCARTESIANPOINT((2.8713603182415106,0.74443547305818236,3.310134291955829));
#1270=IFCCARTESIANPOINT((2.8713603182415106,0.75123031496062831,3.3049204263850323));
#1271=IFCCARTESIANPOINT((2.8713603182415106,0.75914307594807839,3.3016428534682136));
#1272=IFCCARTESIANPOINT((2.8713603182415106,0.76763451443569408,3.3005249343832093));
#1273=IFCCARTESIANPOINT((2.8713603182415106,0.77612595292330966,3.3016428534682141));
#1274=IFCCARTESIANPOINT((2.8713603182415106,0.78403871391075985,3.3049204263850327));
#1275=IFCCARTESIANPOINT((2.8713603182415111,0.79083355581320558,3.3101342919558299));
#1276=IFCCARTESIANPOINT((2.8713603182415106,0.79604742138400253,3.3169291338582756));
#1277=IFCCARTESIANPOINT((2.8713603182415106,0.79932499430082105,3.3248418948457261));
#1278=IFCCARTESIANPOINT((2.8713603182415106,0.80044291338582529,3.333333333333341));
#1279=IFCCARTESIANPOINT((2.9123708169291866,0.78945418338126494,3.3333333333333415));
#1280=IFCCARTESIANPOINT((2.9423925856123021,0.75943241469814937,3.3333333333333415));
#1281=IFCCARTESIANPOINT((2.8829598389302831,0.73002143669924546,3.333333333333341));
#1282=IFCCARTESIANPOINT((2.8922467939020935,0.7948463990998399,3.333333333333341));
#1283=IFCCARTESIANPOINT((2.9477848013665855,0.73930839153779049,3.3333333333333415));
#1284=IFCCARTESIANPOINT((2.8818035560718021,0.79764465624283265,3.333333333333341));
#1285=IFCCARTESIANPOINT((2.9505830584917239,0.72886515377413197,3.333333333333341));
#1286=IFCCARTESIANPOINT((2.8765819371566561,0.79904378481432903,3.333333333333341));
#1287=IFCCARTESIANPOINT((2.951982187054293,0.72364353489230271,3.3333333333333415));
#1288=IFCCARTESIANPOINT((2.9273817012707442,0.7744432990397071,3.3333333333333415));
#1289=IFCCARTESIANPOINT((2.9026518927006357,0.76354302836841148,3.3010233682916836));
#1290=IFCCARTESIANPOINT((2.9164814285166836,0.74971348808991012,3.3010233677507834));
#1291=IFCCARTESIANPOINT((2.9450886934894438,0.74937040311796999,3.3333333333333415));
#1292=IFCCARTESIANPOINT((2.8943610328387335,0.77967643149044974,3.3048136707432807));
#1293=IFCCARTESIANPOINT((2.9239688704517688,0.74002255770047931,3.3014311636391001));
#1294=IFCCARTESIANPOINT((2.9370700877310227,0.73797616640625363,3.3068349839339719));
#1295=IFCCARTESIANPOINT((2.8845442340481862,0.74262260290510484,3.3086857132680367));
#1296=IFCCARTESIANPOINT((2.8955610060960524,0.73160583207058849,3.3086857124209672));
#1297=IFCCARTESIANPOINT((2.8992516664464749,0.74631326310567259,3.3020128636738963));
#1298=IFCCARTESIANPOINT((2.9203121215180134,0.766557617682182,3.3069053892866558));
#1299=IFCCARTESIANPOINT((2.9023088054156401,0.79215029124055236,3.3333333333333415));
#1300=IFCCARTESIANPOINT((2.9198762590999654,0.78194874121048596,3.3333333333333415));
#1301=IFCCARTESIANPOINT((2.9348871434415233,0.76693785686892824,3.3333333333333415));
#1302=IFCCARTESIANPOINT((2.8713603182415106,0.79932499430082093,3.3418247718209568));
#1303=IFCCARTESIANPOINT((2.8713603182415106,0.79604742138400231,3.3497375328084069));
#1304=IFCCARTESIANPOINT((2.8713603182415106,0.79083355581320514,3.3565323747108526));
#1305=IFCCARTESIANPOINT((2.8713603182415106,0.7840387139107593,3.3617462402816498));
#1306=IFCCARTESIANPOINT((2.8713603182415106,0.7761259529233091,3.3650238131984684));
#1307=IFCCARTESIANPOINT((2.8713603182415106,0.76763451443569342,3.3661417322834728));
#1308=IFCCARTESIANPOINT((2.8713603182415106,0.75914307594807795,3.3650238131984684));
#1309=IFCCARTESIANPOINT((2.8713603182415106,0.75123031496062775,3.3617462402816494));
#1310=IFCCARTESIANPOINT((2.8713603182415106,0.74443547305818192,3.3565323747108526));
#1311=IFCCARTESIANPOINT((2.8713603182415106,0.73922160748738497,3.3497375328084069));
#1312=IFCCARTESIANPOINT((2.8713603182415106,0.73594403457056645,3.3418247718209564));
#1313=IFCCARTESIANPOINT((2.9164814285170513,0.74971348809030203,3.3656432989158063));
#1314=IFCCARTESIANPOINT((2.902651892702143,0.76354302836877241,3.3656432983747946));
#1315=IFCCARTESIANPOINT((2.8943610328390088,0.77967643149056687,3.3618529959232841));
#1316=IFCCARTESIANPOINT((2.9239688704518354,0.74002255770057479,3.3652355030275589));
#1317=IFCCARTESIANPOINT((2.9370700877310432,0.73797616640632158,3.3598316827326817));
#1318=IFCCARTESIANPOINT((2.895561006096278,0.73160583207072361,3.3579809542459458));
#1319=IFCCARTESIANPOINT((2.8845442340481546,0.74262260290508553,3.3579809533986174));
#1320=IFCCARTESIANPOINT((2.8992516664477583,0.74631326310678991,3.3646538029933155));
#1321=IFCCARTESIANPOINT((2.9194960212038539,0.76737371819469891,3.3597612772872703));
#1322=IFCCARTESIANPOINT((2.526872129265108,0.80044291338582496,3.3333333333333401));
#1323=IFCCARTESIANPOINT((2.526872129265108,0.79932499430082071,3.3248418948457248));
#1324=IFCCARTESIANPOINT((2.526872129265108,0.79604742138400231,3.3169291338582747));
#1325=IFCCARTESIANPOINT((2.526872129265108,0.79083355581320525,3.3101342919558285));
#1326=IFCCARTESIANPOINT((2.526872129265108,0.78403871391075952,3.3049204263850318));
#1327=IFCCARTESIANPOINT((2.526872129265108,0.77612595292330933,3.3016428534682132));
#1328=IFCCARTESIANPOINT((2.526872129265108,0.76763451443569375,3.3005249343832084));
#1329=IFCCARTESIANPOINT((2.526872129265108,0.75914307594807817,3.3016428534682127));
#1330=IFCCARTESIANPOINT((2.526872129265108,0.75123031496062798,3.3049204263850314));
#1331=IFCCARTESIANPOINT((2.526872129265108,0.74443547305818203,3.3101342919558281));
#1332=IFCCARTESIANPOINT((2.526872129265108,0.73922160748738497,3.3169291338582738));
#1333=IFCCARTESIANPOINT((2.526872129265108,0.73594403457056634,3.3248418948457243));
#1334=IFCCARTESIANPOINT((2.526872129265108,0.73482611548556187,3.3333333333333401));
#1335=IFCCARTESIANPOINT((2.526872129265108,0.73594403457056612,3.3418247718209559));
#1336=IFCCARTESIANPOINT((2.526872129265108,0.73922160748738475,3.349737532808406));
#1337=IFCCARTESIANPOINT((2.5268721292651075,0.7444354730581817,3.3565323747108518));
#1338=IFCCARTESIANPOINT((2.5268721292651075,0.75123031496062764,3.3617462402816489));
#1339=IFCCARTESIANPOINT((2.5268721292651075,0.75914307594807773,3.3650238131984676));
#1340=IFCCARTESIANPOINT((2.5268721292651075,0.7676345144356933,3.3661417322834719));
#1341=IFCCARTESIANPOINT((2.5268721292651075,0.77612595292330899,3.3650238131984676));
#1342=IFCCARTESIANPOINT((2.5268721292651075,0.78403871391075919,3.3617462402816489));
#1343=IFCCARTESIANPOINT((2.5268721292651075,0.79083355581320502,3.3565323747108518));
#1344=IFCCARTESIANPOINT((2.526872129265108,0.79604742138400209,3.349737532808406));
#1345=IFCCARTESIANPOINT((2.526872129265108,0.7993249943008206,3.3418247718209559));
#1346=IFCPOLYLOOP((#1239,#1240,#1241,#1218,#1219,#1220,#1221,#1222,#1223,#1224,#1225,#1226,#1227,#1228,#1229,#1230,#1231,#1232,#1233,#1234,#1235,#1236,#1237,#1238));
#1347=IFCFACEOUTERBOUND(#1346,.T.);
#1348=IFCFACE((#1347));
#1349=IFCPOLYLOOP((#1254,#1218,#1241,#1253));
#1350=IFCFACEOUTERBOUND(#1349,.T.);
#1351=IFCFACE((#1350));
#1352=IFCPOLYLOOP((#1253,#1241,#1240,#1252));
#1353=IFCFACEOUTERBOUND(#1352,.T.);
#1354=IFCFACE((#1353));
#1355=IFCPOLYLOOP((#1250,#1251,#1239,#1238));
#1356=IFCFACEOUTERBOUND(#1355,.T.);
#1357=IFCFACE((#1356));
#1358=IFCPOLYLOOP((#1240,#1239,#1251,#1252));
#1359=IFCFACEOUTERBOUND(#1358,.T.);
#1360=IFCFACE((#1359));
#1361=IFCPOLYLOOP((#1249,#1250,#1238,#1237));
#1362=IFCFACEOUTERBOUND(#1361,.T.);
#1363=IFCFACE((#1362));
#1364=IFCPOLYLOOP((#1236,#1248,#1249,#1237));
#1365=IFCFACEOUTERBOUND(#1364,.T.);
#1366=IFCFACE((#1365));
#1367=IFCPOLYLOOP((#1247,#1235,#1234,#1246));
#1368=IFCFACEOUTERBOUND(#1367,.T.);
#1369=IFCFACE((#1368));
#1370=IFCPOLYLOOP((#1246,#1234,#1233,#1245));
#1371=IFCFACEOUTERBOUND(#1370,.T.);
#1372=IFCFACE((#1371));
#1373=IFCPOLYLOOP((#1243,#1244,#1232,#1231));
#1374=IFCFACEOUTERBOUND(#1373,.T.);
#1375=IFCFACE((#1374));
#1376=IFCPOLYLOOP((#1233,#1232,#1244,#1245));
#1377=IFCFACEOUTERBOUND(#1376,.T.);
#1378=IFCFACE((#1377));
#1379=IFCPOLYLOOP((#1242,#1243,#1231,#1230));
#1380=IFCFACEOUTERBOUND(#1379,.T.);
#1381=IFCFACE((#1380));
#1382=IFCPOLYLOOP((#1247,#1248,#1236,#1235));
#1383=IFCFACEOUTERBOUND(#1382,.T.);
#1384=IFCFACE((#1383));
#1385=IFCPOLYLOOP((#1242,#1230,#1229,#1265));
#1386=IFCFACEOUTERBOUND(#1385,.T.);
#1387=IFCFACE((#1386));
#1388=IFCPOLYLOOP((#1265,#1229,#1228,#1264));
#1389=IFCFACEOUTERBOUND(#1388,.T.);
#1390=IFCFACE((#1389));
#1391=IFCPOLYLOOP((#1262,#1263,#1227,#1226));
#1392=IFCFACEOUTERBOUND(#1391,.T.);
#1393=IFCFACE((#1392));
#1394=IFCPOLYLOOP((#1228,#1227,#1263,#1264));
#1395=IFCFACEOUTERBOUND(#1394,.T.);
#1396=IFCFACE((#1395));
#1397=IFCPOLYLOOP((#1261,#1262,#1226,#1225));
#1398=IFCFACEOUTERBOUND(#1397,.T.);
#1399=IFCFACE((#1398));
#1400=IFCPOLYLOOP((#1224,#1260,#1261,#1225));
#1401=IFCFACEOUTERBOUND(#1400,.T.);
#1402=IFCFACE((#1401));
#1403=IFCPOLYLOOP((#1259,#1223,#1222,#1258));
#1404=IFCFACEOUTERBOUND(#1403,.T.);
#1405=IFCFACE((#1404));
#1406=IFCPOLYLOOP((#1258,#1222,#1221,#1257));
#1407=IFCFACEOUTERBOUND(#1406,.T.);
#1408=IFCFACE((#1407));
#1409=IFCPOLYLOOP((#1255,#1256,#1220,#1219));
#1410=IFCFACEOUTERBOUND(#1409,.T.);
#1411=IFCFACE((#1410));
#1412=IFCPOLYLOOP((#1221,#1220,#1256,#1257));
#1413=IFCFACEOUTERBOUND(#1412,.T.);
#1414=IFCFACE((#1413));
#1415=IFCPOLYLOOP((#1254,#1255,#1219,#1218));
#1416=IFCFACEOUTERBOUND(#1415,.T.);
#1417=IFCFACE((#1416));
#1418=IFCPOLYLOOP((#1259,#1260,#1224,#1223));
#1419=IFCFACEOUTERBOUND(#1418,.T.);
#1420=IFCFACE((#1419));
#1421=IFCPOLYLOOP((#1252,#1287,#1253));
#1422=IFCFACEOUTERBOUND(#1421,.T.);
#1423=IFCFACE((#1422));
#1424=IFCPOLYLOOP((#1283,#1249,#1294));
#1425=IFCFACEOUTERBOUND(#1424,.T.);
#1426=IFCFACE((#1425));
#1427=IFCPOLYLOOP((#1296,#1290,#1293));
#1428=IFCFACEOUTERBOUND(#1427,.T.);
#1429=IFCFACE((#1428));
#1430=IFCPOLYLOOP((#1294,#1280,#1291,#1283));
#1431=IFCFACEOUTERBOUND(#1430,.T.);
#1432=IFCFACE((#1431));
#1433=IFCPOLYLOOP((#1251,#1250,#1283));
#1434=IFCFACEOUTERBOUND(#1433,.T.);
#1435=IFCFACE((#1434));
#1436=IFCPOLYLOOP((#1251,#1285,#1252));
#1437=IFCFACEOUTERBOUND(#1436,.T.);
#1438=IFCFACE((#1437));
#1439=IFCPOLYLOOP((#1249,#1283,#1250));
#1440=IFCFACEOUTERBOUND(#1439,.T.);
#1441=IFCFACE((#1440));
#1442=IFCPOLYLOOP((#1294,#1293,#1280));
#1443=IFCFACEOUTERBOUND(#1442,.T.);
#1444=IFCFACE((#1443));
#1445=IFCPOLYLOOP((#1247,#1246,#1294));
#1446=IFCFACEOUTERBOUND(#1445,.T.);
#1447=IFCFACE((#1446));
#1448=IFCPOLYLOOP((#1297,#1289,#1298));
#1449=IFCFACEOUTERBOUND(#1448,.T.);
#1450=IFCFACE((#1449));
#1451=IFCPOLYLOOP((#1289,#1292,#1279));
#1452=IFCFACEOUTERBOUND(#1451,.T.);
#1453=IFCFACE((#1452));
#1454=IFCPOLYLOOP((#1249,#1248,#1294));
#1455=IFCFACEOUTERBOUND(#1454,.T.);
#1456=IFCFACE((#1455));
#1457=IFCPOLYLOOP((#1248,#1247,#1294));
#1458=IFCFACEOUTERBOUND(#1457,.T.);
#1459=IFCFACE((#1458));
#1460=IFCPOLYLOOP((#1295,#1281,#1266));
#1461=IFCFACEOUTERBOUND(#1460,.T.);
#1462=IFCFACE((#1461));
#1463=IFCPOLYLOOP((#1293,#1294,#1246));
#1464=IFCFACEOUTERBOUND(#1463,.T.);
#1465=IFCFACE((#1464));
#1466=IFCPOLYLOOP((#1268,#1295,#1267));
#1467=IFCFACEOUTERBOUND(#1466,.T.);
#1468=IFCFACE((#1467));
#1469=IFCPOLYLOOP((#1273,#1282,#1299));
#1470=IFCFACEOUTERBOUND(#1469,.T.);
#1471=IFCFACE((#1470));
#1472=IFCPOLYLOOP((#1277,#1286,#1276));
#1473=IFCFACEOUTERBOUND(#1472,.T.);
#1474=IFCFACE((#1473));
#1475=IFCPOLYLOOP((#1244,#1296,#1293));
#1476=IFCFACEOUTERBOUND(#1475,.T.);
#1477=IFCFACE((#1476));
#1478=IFCPOLYLOOP((#1246,#1245,#1293));
#1479=IFCFACEOUTERBOUND(#1478,.T.);
#1480=IFCFACE((#1479));
#1481=IFCPOLYLOOP((#1297,#1298,#1290));
#1482=IFCFACEOUTERBOUND(#1481,.T.);
#1483=IFCFACE((#1482));
#1484=IFCPOLYLOOP((#1270,#1292,#1269));
#1485=IFCFACEOUTERBOUND(#1484,.T.);
#1486=IFCFACE((#1485));
#1487=IFCPOLYLOOP((#1297,#1296,#1281));
#1488=IFCFACEOUTERBOUND(#1487,.T.);
#1489=IFCFACE((#1488));
#1490=IFCPOLYLOOP((#1298,#1301,#1290));
#1491=IFCFACEOUTERBOUND(#1490,.T.);
#1492=IFCFACE((#1491));
#1493=IFCPOLYLOOP((#1289,#1300,#1298));
#1494=IFCFACEOUTERBOUND(#1493,.T.);
#1495=IFCFACE((#1494));
#1496=IFCPOLYLOOP((#1273,#1274,#1282));
#1497=IFCFACEOUTERBOUND(#1496,.T.);
#1498=IFCFACE((#1497));
#1499=IFCPOLYLOOP((#1297,#1290,#1296));
#1500=IFCFACEOUTERBOUND(#1499,.T.);
#1501=IFCFACE((#1500));
#1502=IFCPOLYLOOP((#1292,#1272,#1299));
#1503=IFCFACEOUTERBOUND(#1502,.T.);
#1504=IFCFACE((#1503));
#1505=IFCPOLYLOOP((#1299,#1272,#1273));
#1506=IFCFACEOUTERBOUND(#1505,.T.);
#1507=IFCFACE((#1506));
#1508=IFCPOLYLOOP((#1282,#1275,#1284));
#1509=IFCFACEOUTERBOUND(#1508,.T.);
#1510=IFCFACE((#1509));
#1511=IFCPOLYLOOP((#1300,#1289,#1279));
#1512=IFCFACEOUTERBOUND(#1511,.T.);
#1513=IFCFACE((#1512));
#1514=IFCPOLYLOOP((#1274,#1275,#1282));
#1515=IFCFACEOUTERBOUND(#1514,.T.);
#1516=IFCFACE((#1515));
#1517=IFCPOLYLOOP((#1299,#1279,#1292));
#1518=IFCFACEOUTERBOUND(#1517,.T.);
#1519=IFCFACE((#1518));
#1520=IFCPOLYLOOP((#1278,#1286,#1277));
#1521=IFCFACEOUTERBOUND(#1520,.T.);
#1522=IFCFACE((#1521));
#1523=IFCPOLYLOOP((#1297,#1295,#1289));
#1524=IFCFACEOUTERBOUND(#1523,.T.);
#1525=IFCFACE((#1524));
#1526=IFCPOLYLOOP((#1290,#1301,#1293));
#1527=IFCFACEOUTERBOUND(#1526,.T.);
#1528=IFCFACE((#1527));
#1529=IFCPOLYLOOP((#1275,#1276,#1284));
#1530=IFCFACEOUTERBOUND(#1529,.T.);
#1531=IFCFACE((#1530));
#1532=IFCPOLYLOOP((#1243,#1242,#1296));
#1533=IFCFACEOUTERBOUND(#1532,.T.);
#1534=IFCFACE((#1533));
#1535=IFCPOLYLOOP((#1298,#1300,#1288,#1301));
#1536=IFCFACEOUTERBOUND(#1535,.T.);
#1537=IFCFACE((#1536));
#1538=IFCPOLYLOOP((#1289,#1295,#1268));
#1539=IFCFACEOUTERBOUND(#1538,.T.);
#1540=IFCFACE((#1539));
#1541=IFCPOLYLOOP((#1285,#1251,#1283));
#1542=IFCFACEOUTERBOUND(#1541,.T.);
#1543=IFCFACE((#1542));
#1544=IFCPOLYLOOP((#1295,#1266,#1267));
#1545=IFCFACEOUTERBOUND(#1544,.T.);
#1546=IFCFACE((#1545));
#1547=IFCPOLYLOOP((#1287,#1254,#1253));
#1548=IFCFACEOUTERBOUND(#1547,.T.);
#1549=IFCFACE((#1548));
#1550=IFCPOLYLOOP((#1289,#1269,#1292));
#1551=IFCFACEOUTERBOUND(#1550,.T.);
#1552=IFCFACE((#1551));
#1553=IFCPOLYLOOP((#1276,#1286,#1284));
#1554=IFCFACEOUTERBOUND(#1553,.T.);
#1555=IFCFACE((#1554));
#1556=IFCPOLYLOOP((#1289,#1268,#1269));
#1557=IFCFACEOUTERBOUND(#1556,.T.);
#1558=IFCFACE((#1557));
#1559=IFCPOLYLOOP((#1252,#1285,#1287));
#1560=IFCFACEOUTERBOUND(#1559,.T.);
#1561=IFCFACE((#1560));
#1562=IFCPOLYLOOP((#1271,#1292,#1270));
#1563=IFCFACEOUTERBOUND(#1562,.T.);
#1564=IFCFACE((#1563));
#1565=IFCPOLYLOOP((#1292,#1271,#1272));
#1566=IFCFACEOUTERBOUND(#1565,.T.);
#1567=IFCFACE((#1566));
#1568=IFCPOLYLOOP((#1293,#1245,#1244));
#1569=IFCFACEOUTERBOUND(#1568,.T.);
#1570=IFCFACE((#1569));
#1571=IFCPOLYLOOP((#1295,#1297,#1281));
#1572=IFCFACEOUTERBOUND(#1571,.T.);
#1573=IFCFACE((#1572));
#1574=IFCPOLYLOOP((#1296,#1244,#1243));
#1575=IFCFACEOUTERBOUND(#1574,.T.);
#1576=IFCFACE((#1575));
#1577=IFCPOLYLOOP((#1280,#1293,#1301));
#1578=IFCFACEOUTERBOUND(#1577,.T.);
#1579=IFCFACE((#1578));
#1580=IFCPOLYLOOP((#1296,#1242,#1281));
#1581=IFCFACEOUTERBOUND(#1580,.T.);
#1582=IFCFACE((#1581));
#1583=IFCPOLYLOOP((#1283,#1291,#1280,#1317));
#1584=IFCFACEOUTERBOUND(#1583,.T.);
#1585=IFCFACE((#1584));
#1586=IFCPOLYLOOP((#1320,#1318,#1313));
#1587=IFCFACEOUTERBOUND(#1586,.T.);
#1588=IFCFACE((#1587));
#1589=IFCPOLYLOOP((#1319,#1266,#1281));
#1590=IFCFACEOUTERBOUND(#1589,.T.);
#1591=IFCFACE((#1590));
#1592=IFCPOLYLOOP((#1264,#1263,#1316));
#1593=IFCFACEOUTERBOUND(#1592,.T.);
#1594=IFCFACE((#1593));
#1595=IFCPOLYLOOP((#1318,#1316,#1313));
#1596=IFCFACEOUTERBOUND(#1595,.T.);
#1597=IFCFACE((#1596));
#1598=IFCPOLYLOOP((#1319,#1314,#1311));
#1599=IFCFACEOUTERBOUND(#1598,.T.);
#1600=IFCFACE((#1599));
#1601=IFCPOLYLOOP((#1316,#1318,#1264));
#1602=IFCFACEOUTERBOUND(#1601,.T.);
#1603=IFCFACE((#1602));
#1604=IFCPOLYLOOP((#1320,#1313,#1321));
#1605=IFCFACEOUTERBOUND(#1604,.T.);
#1606=IFCFACE((#1605));
#1607=IFCPOLYLOOP((#1264,#1318,#1265));
#1608=IFCFACEOUTERBOUND(#1607,.T.);
#1609=IFCFACE((#1608));
#1610=IFCPOLYLOOP((#1320,#1319,#1281));
#1611=IFCFACEOUTERBOUND(#1610,.T.);
#1612=IFCFACE((#1611));
#1613=IFCPOLYLOOP((#1314,#1320,#1321));
#1614=IFCFACEOUTERBOUND(#1613,.T.);
#1615=IFCFACE((#1614));
#1616=IFCPOLYLOOP((#1312,#1266,#1319));
#1617=IFCFACEOUTERBOUND(#1616,.T.);
#1618=IFCFACE((#1617));
#1619=IFCPOLYLOOP((#1255,#1254,#1287));
#1620=IFCFACEOUTERBOUND(#1619,.T.);
#1621=IFCFACE((#1620));
#1622=IFCPOLYLOOP((#1315,#1314,#1279));
#1623=IFCFACEOUTERBOUND(#1622,.T.);
#1624=IFCFACE((#1623));
#1625=IFCPOLYLOOP((#1315,#1279,#1299));
#1626=IFCFACEOUTERBOUND(#1625,.T.);
#1627=IFCFACE((#1626));
#1628=IFCPOLYLOOP((#1285,#1283,#1257));
#1629=IFCFACEOUTERBOUND(#1628,.T.);
#1630=IFCFACE((#1629));
#1631=IFCPOLYLOOP((#1259,#1317,#1260));
#1632=IFCFACEOUTERBOUND(#1631,.T.);
#1633=IFCFACE((#1632));
#1634=IFCPOLYLOOP((#1300,#1279,#1314));
#1635=IFCFACEOUTERBOUND(#1634,.T.);
#1636=IFCFACE((#1635));
#1637=IFCPOLYLOOP((#1258,#1257,#1283));
#1638=IFCFACEOUTERBOUND(#1637,.T.);
#1639=IFCFACE((#1638));
#1640=IFCPOLYLOOP((#1283,#1259,#1258));
#1641=IFCFACEOUTERBOUND(#1640,.T.);
#1642=IFCFACE((#1641));
#1643=IFCPOLYLOOP((#1280,#1301,#1316));
#1644=IFCFACEOUTERBOUND(#1643,.T.);
#1645=IFCFACE((#1644));
#1646=IFCPOLYLOOP((#1299,#1306,#1307));
#1647=IFCFACEOUTERBOUND(#1646,.T.);
#1648=IFCFACE((#1647));
#1649=IFCPOLYLOOP((#1283,#1317,#1259));
#1650=IFCFACEOUTERBOUND(#1649,.T.);
#1651=IFCFACE((#1650));
#1652=IFCPOLYLOOP((#1314,#1319,#1320));
#1653=IFCFACEOUTERBOUND(#1652,.T.);
#1654=IFCFACE((#1653));
#1655=IFCPOLYLOOP((#1318,#1320,#1281));
#1656=IFCFACEOUTERBOUND(#1655,.T.);
#1657=IFCFACE((#1656));
#1658=IFCPOLYLOOP((#1312,#1319,#1311));
#1659=IFCFACEOUTERBOUND(#1658,.T.);
#1660=IFCFACE((#1659));
#1661=IFCPOLYLOOP((#1310,#1311,#1314));
#1662=IFCFACEOUTERBOUND(#1661,.T.);
#1663=IFCFACE((#1662));
#1664=IFCPOLYLOOP((#1257,#1256,#1285));
#1665=IFCFACEOUTERBOUND(#1664,.T.);
#1666=IFCFACE((#1665));
#1667=IFCPOLYLOOP((#1314,#1321,#1300));
#1668=IFCFACEOUTERBOUND(#1667,.T.);
#1669=IFCFACE((#1668));
#1670=IFCPOLYLOOP((#1318,#1242,#1265));
#1671=IFCFACEOUTERBOUND(#1670,.T.);
#1672=IFCFACE((#1671));
#1673=IFCPOLYLOOP((#1284,#1304,#1282));
#1674=IFCFACEOUTERBOUND(#1673,.T.);
#1675=IFCFACE((#1674));
#1676=IFCPOLYLOOP((#1309,#1315,#1308));
#1677=IFCFACEOUTERBOUND(#1676,.T.);
#1678=IFCFACE((#1677));
#1679=IFCPOLYLOOP((#1303,#1284,#1286));
#1680=IFCFACEOUTERBOUND(#1679,.T.);
#1681=IFCFACE((#1680));
#1682=IFCPOLYLOOP((#1256,#1287,#1285));
#1683=IFCFACEOUTERBOUND(#1682,.T.);
#1684=IFCFACE((#1683));
#1685=IFCPOLYLOOP((#1309,#1310,#1315));
#1686=IFCFACEOUTERBOUND(#1685,.T.);
#1687=IFCFACE((#1686));
#1688=IFCPOLYLOOP((#1286,#1278,#1302));
#1689=IFCFACEOUTERBOUND(#1688,.T.);
#1690=IFCFACE((#1689));
#1691=IFCPOLYLOOP((#1315,#1307,#1308));
#1692=IFCFACEOUTERBOUND(#1691,.T.);
#1693=IFCFACE((#1692));
#1694=IFCPOLYLOOP((#1313,#1301,#1321));
#1695=IFCFACEOUTERBOUND(#1694,.T.);
#1696=IFCFACE((#1695));
#1697=IFCPOLYLOOP((#1321,#1301,#1288,#1300));
#1698=IFCFACEOUTERBOUND(#1697,.T.);
#1699=IFCFACE((#1698));
#1700=IFCPOLYLOOP((#1282,#1304,#1305));
#1701=IFCFACEOUTERBOUND(#1700,.T.);
#1702=IFCFACE((#1701));
#1703=IFCPOLYLOOP((#1305,#1306,#1282));
#1704=IFCFACEOUTERBOUND(#1703,.T.);
#1705=IFCFACE((#1704));
#1706=IFCPOLYLOOP((#1261,#1317,#1262));
#1707=IFCFACEOUTERBOUND(#1706,.T.);
#1708=IFCFACE((#1707));
#1709=IFCPOLYLOOP((#1282,#1306,#1299));
#1710=IFCFACEOUTERBOUND(#1709,.T.);
#1711=IFCFACE((#1710));
#1712=IFCPOLYLOOP((#1286,#1302,#1303));
#1713=IFCFACEOUTERBOUND(#1712,.T.);
#1714=IFCFACE((#1713));
#1715=IFCPOLYLOOP((#1301,#1313,#1316));
#1716=IFCFACEOUTERBOUND(#1715,.T.);
#1717=IFCFACE((#1716));
#1718=IFCPOLYLOOP((#1315,#1299,#1307));
#1719=IFCFACEOUTERBOUND(#1718,.T.);
#1720=IFCFACE((#1719));
#1721=IFCPOLYLOOP((#1261,#1260,#1317));
#1722=IFCFACEOUTERBOUND(#1721,.T.);
#1723=IFCFACE((#1722));
#1724=IFCPOLYLOOP((#1314,#1315,#1310));
#1725=IFCFACEOUTERBOUND(#1724,.T.);
#1726=IFCFACE((#1725));
#1727=IFCPOLYLOOP((#1304,#1284,#1303));
#1728=IFCFACEOUTERBOUND(#1727,.T.);
#1729=IFCFACE((#1728));
#1730=IFCPOLYLOOP((#1255,#1287,#1256));
#1731=IFCFACEOUTERBOUND(#1730,.T.);
#1732=IFCFACE((#1731));
#1733=IFCPOLYLOOP((#1316,#1317,#1280));
#1734=IFCFACEOUTERBOUND(#1733,.T.);
#1735=IFCFACE((#1734));
#1736=IFCPOLYLOOP((#1316,#1263,#1262));
#1737=IFCFACEOUTERBOUND(#1736,.T.);
#1738=IFCFACE((#1737));
#1739=IFCPOLYLOOP((#1318,#1281,#1242));
#1740=IFCFACEOUTERBOUND(#1739,.T.);
#1741=IFCFACE((#1740));
#1742=IFCPOLYLOOP((#1317,#1316,#1262));
#1743=IFCFACEOUTERBOUND(#1742,.T.);
#1744=IFCFACE((#1743));
#1745=IFCPOLYLOOP((#1327,#1328,#1329,#1330,#1331,#1332,#1333,#1334,#1335,#1336,#1337,#1338,#1339,#1340,#1341,#1342,#1343,#1344,#1345,#1322,#1323,#1324,#1325,#1326));
#1746=IFCFACEOUTERBOUND(#1745,.T.);
#1747=IFCFACE((#1746));
#1748=IFCPOLYLOOP((#1322,#1278,#1277,#1323));
#1749=IFCFACEOUTERBOUND(#1748,.T.);
#1750=IFCFACE((#1749));
#1751=IFCPOLYLOOP((#1323,#1277,#1276,#1324));
#1752=IFCFACEOUTERBOUND(#1751,.T.);
#1753=IFCFACE((#1752));
#1754=IFCPOLYLOOP((#1325,#1275,#1274,#1326));
#1755=IFCFACEOUTERBOUND(#1754,.T.);
#1756=IFCFACE((#1755));
#1757=IFCPOLYLOOP((#1324,#1276,#1275,#1325));
#1758=IFCFACEOUTERBOUND(#1757,.T.);
#1759=IFCFACE((#1758));
#1760=IFCPOLYLOOP((#1326,#1274,#1273,#1327));
#1761=IFCFACEOUTERBOUND(#1760,.T.);
#1762=IFCFACE((#1761));
#1763=IFCPOLYLOOP((#1272,#1328,#1327,#1273));
#1764=IFCFACEOUTERBOUND(#1763,.T.);
#1765=IFCFACE((#1764));
#1766=IFCPOLYLOOP((#1270,#1269,#1331,#1330));
#1767=IFCFACEOUTERBOUND(#1766,.T.);
#1768=IFCFACE((#1767));
#1769=IFCPOLYLOOP((#1271,#1270,#1330,#1329));
#1770=IFCFACEOUTERBOUND(#1769,.T.);
#1771=IFCFACE((#1770));
#1772=IFCPOLYLOOP((#1267,#1266,#1334,#1333));
#1773=IFCFACEOUTERBOUND(#1772,.T.);
#1774=IFCFACE((#1773));
#1775=IFCPOLYLOOP((#1268,#1267,#1333,#1332));
#1776=IFCFACEOUTERBOUND(#1775,.T.);
#1777=IFCFACE((#1776));
#1778=IFCPOLYLOOP((#1269,#1268,#1332,#1331));
#1779=IFCFACEOUTERBOUND(#1778,.T.);
#1780=IFCFACE((#1779));
#1781=IFCPOLYLOOP((#1329,#1328,#1272,#1271));
#1782=IFCFACEOUTERBOUND(#1781,.T.);
#1783=IFCFACE((#1782));
#1784=IFCPOLYLOOP((#1335,#1334,#1266,#1312));
#1785=IFCFACEOUTERBOUND(#1784,.T.);
#1786=IFCFACE((#1785));
#1787=IFCPOLYLOOP((#1335,#1312,#1311,#1336));
#1788=IFCFACEOUTERBOUND(#1787,.T.);
#1789=IFCFACE((#1788));
#1790=IFCPOLYLOOP((#1309,#1308,#1339,#1338));
#1791=IFCFACEOUTERBOUND(#1790,.T.);
#1792=IFCFACE((#1791));
#1793=IFCPOLYLOOP((#1310,#1309,#1338,#1337));
#1794=IFCFACEOUTERBOUND(#1793,.T.);
#1795=IFCFACE((#1794));
#1796=IFCPOLYLOOP((#1337,#1336,#1311,#1310));
#1797=IFCFACEOUTERBOUND(#1796,.T.);
#1798=IFCFACE((#1797));
#1799=IFCPOLYLOOP((#1307,#1340,#1339,#1308));
#1800=IFCFACEOUTERBOUND(#1799,.T.);
#1801=IFCFACE((#1800));
#1802=IFCPOLYLOOP((#1304,#1343,#1342,#1305));
#1803=IFCFACEOUTERBOUND(#1802,.T.);
#1804=IFCFACE((#1803));
#1805=IFCPOLYLOOP((#1305,#1342,#1341,#1306));
#1806=IFCFACEOUTERBOUND(#1805,.T.);
#1807=IFCFACE((#1806));
#1808=IFCPOLYLOOP((#1278,#1322,#1345,#1302));
#1809=IFCFACEOUTERBOUND(#1808,.T.);
#1810=IFCFACE((#1809));
#1811=IFCPOLYLOOP((#1303,#1302,#1345,#1344));
#1812=IFCFACEOUTERBOUND(#1811,.T.);
#1813=IFCFACE((#1812));
#1814=IFCPOLYLOOP((#1304,#1303,#1344,#1343));
#1815=IFCFACEOUTERBOUND(#1814,.T.);
#1816=IFCFACE((#1815));
#1817=IFCPOLYLOOP((#1307,#1306,#1341,#1340));
#1818=IFCFACEOUTERBOUND(#1817,.T.);
#1819=IFCFACE((#1818));
#1820=IFCCARTESIANPOINT((3.0272002132546572,0.61999671916008103,3.3333333333333424));
#1821=IFCCARTESIANPOINT((3.0238464559996441,0.61999671916008103,3.3078590178704959));
#1822=IFCCARTESIANPOINT((3.0140137372491882,0.61999671916008103,3.2841207349081456));
#1823=IFCCARTESIANPOINT((2.9983721405367971,0.61999671916008103,3.2637362092008084));
#1824=IFCCARTESIANPOINT((2.97798761482946,0.61999671916008103,3.2480946124884178));
#1825=IFCCARTESIANPOINT((2.9542493318671097,0.61999671916008103,3.2382618937379619));
#1826=IFCCARTESIANPOINT((2.9287750164042632,0.61999671916008103,3.2349081364829493));
#1827=IFCCARTESIANPOINT((2.9033007009414167,0.61999671916008103,3.2382618937379619));
#1828=IFCCARTESIANPOINT((2.8795624179790664,0.61999671916008103,3.2480946124884178));
#1829=IFCCARTESIANPOINT((2.8591778922717292,0.61999671916008103,3.2637362092008089));
#1830=IFCCARTESIANPOINT((2.8435362955593382,0.61999671916008103,3.284120734908146));
#1831=IFCCARTESIANPOINT((2.8337035768088823,0.61999671916008103,3.3078590178704963));
#1832=IFCCARTESIANPOINT((2.8303498195538697,0.61999671916008103,3.3333333333333433));
#1833=IFCCARTESIANPOINT((2.8337035768088827,0.61999671916008103,3.3588076487961898));
#1834=IFCCARTESIANPOINT((2.8435362955593386,0.61999671916008103,3.38254593175854));
#1835=IFCCARTESIANPOINT((2.8591778922717292,0.61999671916008103,3.4029304574658772));
#1836=IFCCARTESIANPOINT((2.8795624179790669,0.61999671916008103,3.4185720541782683));
#1837=IFCCARTESIANPOINT((2.9033007009414171,0.61999671916008103,3.4284047729287237));
#1838=IFCCARTESIANPOINT((2.9287750164042636,0.61999671916008103,3.4317585301837363));
#1839=IFCCARTESIANPOINT((2.9542493318671101,0.61999671916008103,3.4284047729287233));
#1840=IFCCARTESIANPOINT((2.9779876148294604,0.61999671916008103,3.4185720541782678));
#1841=IFCCARTESIANPOINT((2.998372140536798,0.61999671916008103,3.4029304574658767));
#1842=IFCCARTESIANPOINT((3.0140137372491886,0.61999671916008103,3.3825459317585391));
#1843=IFCCARTESIANPOINT((3.0238464559996441,0.61999671916008103,3.3588076487961889));
#1844=IFCCARTESIANPOINT((3.0272002132546572,0.59374999999997602,3.3333333333333424));
#1845=IFCCARTESIANPOINT((3.0238464559996441,0.59374999999997602,3.3588076487961889));
#1846=IFCCARTESIANPOINT((3.0140137372491886,0.59374999999997602,3.3825459317585391));
#1847=IFCCARTESIANPOINT((2.998372140536798,0.59374999999997602,3.4029304574658767));
#1848=IFCCARTESIANPOINT((2.9779876148294604,0.59374999999997602,3.4185720541782678));
#1849=IFCCARTESIANPOINT((2.9542493318671101,0.59374999999997602,3.4284047729287233));
#1850=IFCCARTESIANPOINT((2.9287750164042636,0.59374999999997602,3.4317585301837363));
#1851=IFCCARTESIANPOINT((2.9033007009414171,0.59374999999997602,3.4284047729287237));
#1852=IFCCARTESIANPOINT((2.8795624179790669,0.59374999999997602,3.4185720541782683));
#1853=IFCCARTESIANPOINT((2.8591778922717292,0.59374999999997602,3.4029304574658772));
#1854=IFCCARTESIANPOINT((2.8435362955593386,0.59374999999997602,3.38254593175854));
#1855=IFCCARTESIANPOINT((2.8337035768088827,0.59374999999997602,3.3588076487961898));
#1856=IFCCARTESIANPOINT((2.8303498195538697,0.59374999999997602,3.3333333333333428));
#1857=IFCCARTESIANPOINT((2.8337035768088823,0.59374999999997602,3.3078590178704963));
#1858=IFCCARTESIANPOINT((2.8435362955593382,0.59374999999997602,3.284120734908146));
#1859=IFCCARTESIANPOINT((2.8591778922717292,0.59374999999997602,3.2637362092008089));
#1860=IFCCARTESIANPOINT((2.8795624179790664,0.59374999999997602,3.2480946124884178));
#1861=IFCCARTESIANPOINT((2.9033007009414167,0.59374999999997602,3.2382618937379619));
#1862=IFCCARTESIANPOINT((2.9287750164042632,0.59374999999997602,3.2349081364829493));
#1863=IFCCARTESIANPOINT((2.9542493318671097,0.59374999999997602,3.2382618937379619));
#1864=IFCCARTESIANPOINT((2.97798761482946,0.59374999999997602,3.2480946124884178));
#1865=IFCCARTESIANPOINT((2.9983721405367971,0.59374999999997602,3.2637362092008084));
#1866=IFCCARTESIANPOINT((3.0140137372491882,0.59374999999997602,3.2841207349081456));
#1867=IFCCARTESIANPOINT((3.0238464559996441,0.59374999999997602,3.3078590178704959));
#1868=IFCPOLYLOOP((#1835,#1836,#1837,#1838,#1839,#1840,#1841,#1842,#1843,#1820,#1821,#1822,#1823,#1824,#1825,#1826,#1827,#1828,#1829,#1830,#1831,#1832,#1833,#1834));
#1869=IFCFACEOUTERBOUND(#1868,.T.);
#1870=IFCFACE((#1869));
#1871=IFCPOLYLOOP((#1862,#1863,#1864,#1865,#1866,#1867,#1844,#1845,#1846,#1847,#1848,#1849,#1850,#1851,#1852,#1853,#1854,#1855,#1856,#1857,#1858,#1859,#1860,#1861));
#1872=IFCFACEOUTERBOUND(#1871,.T.);
#1873=IFCFACE((#1872));
#1874=IFCPOLYLOOP((#1844,#1820,#1843,#1845));
#1875=IFCFACEOUTERBOUND(#1874,.T.);
#1876=IFCFACE((#1875));
#1877=IFCPOLYLOOP((#1845,#1843,#1842,#1846));
#1878=IFCFACEOUTERBOUND(#1877,.T.);
#1879=IFCFACE((#1878));
#1880=IFCPOLYLOOP((#1848,#1847,#1841,#1840));
#1881=IFCFACEOUTERBOUND(#1880,.T.);
#1882=IFCFACE((#1881));
#1883=IFCPOLYLOOP((#1841,#1847,#1846,#1842));
#1884=IFCFACEOUTERBOUND(#1883,.T.);
#1885=IFCFACE((#1884));
#1886=IFCPOLYLOOP((#1849,#1848,#1840,#1839));
#1887=IFCFACEOUTERBOUND(#1886,.T.);
#1888=IFCFACE((#1887));
#1889=IFCPOLYLOOP((#1849,#1839,#1838,#1850));
#1890=IFCFACEOUTERBOUND(#1889,.T.);
#1891=IFCFACE((#1890));
#1892=IFCPOLYLOOP((#1850,#1838,#1837,#1851));
#1893=IFCFACEOUTERBOUND(#1892,.T.);
#1894=IFCFACE((#1893));
#1895=IFCPOLYLOOP((#1851,#1837,#1836,#1852));
#1896=IFCFACEOUTERBOUND(#1895,.T.);
#1897=IFCFACE((#1896));
#1898=IFCPOLYLOOP((#1854,#1853,#1835,#1834));
#1899=IFCFACEOUTERBOUND(#1898,.T.);
#1900=IFCFACE((#1899));
#1901=IFCPOLYLOOP((#1835,#1853,#1852,#1836));
#1902=IFCFACEOUTERBOUND(#1901,.T.);
#1903=IFCFACE((#1902));
#1904=IFCPOLYLOOP((#1855,#1854,#1834,#1833));
#1905=IFCFACEOUTERBOUND(#1904,.T.);
#1906=IFCFACE((#1905));
#1907=IFCPOLYLOOP((#1855,#1833,#1832,#1856));
#1908=IFCFACEOUTERBOUND(#1907,.T.);
#1909=IFCFACE((#1908));
#1910=IFCPOLYLOOP((#1856,#1832,#1831,#1857));
#1911=IFCFACEOUTERBOUND(#1910,.T.);
#1912=IFCFACE((#1911));
#1913=IFCPOLYLOOP((#1857,#1831,#1830,#1858));
#1914=IFCFACEOUTERBOUND(#1913,.T.);
#1915=IFCFACE((#1914));
#1916=IFCPOLYLOOP((#1860,#1859,#1829,#1828));
#1917=IFCFACEOUTERBOUND(#1916,.T.);
#1918=IFCFACE((#1917));
#1919=IFCPOLYLOOP((#1829,#1859,#1858,#1830));
#1920=IFCFACEOUTERBOUND(#1919,.T.);
#1921=IFCFACE((#1920));
#1922=IFCPOLYLOOP((#1861,#1860,#1828,#1827));
#1923=IFCFACEOUTERBOUND(#1922,.T.);
#1924=IFCFACE((#1923));
#1925=IFCPOLYLOOP((#1861,#1827,#1826,#1862));
#1926=IFCFACEOUTERBOUND(#1925,.T.);
#1927=IFCFACE((#1926));
#1928=IFCPOLYLOOP((#1862,#1826,#1825,#1863));
#1929=IFCFACEOUTERBOUND(#1928,.T.);
#1930=IFCFACE((#1929));
#1931=IFCPOLYLOOP((#1863,#1825,#1824,#1864));
#1932=IFCFACEOUTERBOUND(#1931,.T.);
#1933=IFCFACE((#1932));
#1934=IFCPOLYLOOP((#1866,#1865,#1823,#1822));
#1935=IFCFACEOUTERBOUND(#1934,.T.);
#1936=IFCFACE((#1935));
#1937=IFCPOLYLOOP((#1823,#1865,#1864,#1824));
#1938=IFCFACEOUTERBOUND(#1937,.T.);
#1939=IFCFACE((#1938));
#1940=IFCPOLYLOOP((#1867,#1866,#1822,#1821));
#1941=IFCFACEOUTERBOUND(#1940,.T.);
#1942=IFCFACE((#1941));
#1943=IFCPOLYLOOP((#1867,#1821,#1820,#1844));
#1944=IFCFACEOUTERBOUND(#1943,.T.);
#1945=IFCFACE((#1944));
#1946=IFCCARTESIANPOINT((0.16666666666668872,0.43229166666664959,0.));
#1947=IFCCARTESIANPOINT((0.21875000000002198,0.43229166666664959,0.));
#1948=IFCCARTESIANPOINT((0.21875000000002198,0.2760416666666487,0.));
#1949=IFCCARTESIANPOINT((0.16666666666668806,0.2760416666666487,0.));
#1950=IFCCARTESIANPOINT((0.16666666666668806,0.11458333333331577,0.));
#1951=IFCCARTESIANPOINT((0.,0.11458333333331577,0.));
#1952=IFCCARTESIANPOINT((0.,0.59374999999998335,0.));
#1953=IFCCARTESIANPOINT((0.16666666666668872,0.59374999999998335,0.));
#1954=IFCPOLYLOOP((#1946,#1947,#1948,#1949,#1950,#1951,#1952,#1953));
#1955=IFCFACEOUTERBOUND(#1954,.T.);
#1956=IFCFACE((#1955));
#1957=IFCCARTESIANPOINT((0.16666666666668895,0.59374999999998324,7.));
#1958=IFCCARTESIANPOINT((0.16666666666668895,0.43229166666664953,7.));
#1959=IFCPOLYLOOP((#1953,#1957,#1958,#1946));
#1960=IFCFACEOUTERBOUND(#1959,.T.);
#1961=IFCFACE((#1960));
#1962=IFCCARTESIANPOINT((0.,0.59374999999998324,7.3333333333333339));
#1963=IFCCARTESIANPOINT((3.3333333333333464,0.59374999999998324,7.3333333333333339));
#1964=IFCCARTESIANPOINT((3.3333333333333464,0.59374999999998335,0.));
#1965=IFCCARTESIANPOINT((3.1666666666666785,0.59374999999998335,0.));
#1966=IFCCARTESIANPOINT((3.1666666666666785,0.59374999999998324,7.));
#1967=IFCPOLYLOOP((#1952,#1962,#1963,#1964,#1965,#1966,#1957,#1953));
#1968=IFCFACEOUTERBOUND(#1967,.T.);
#1969=IFCFACE((#1968));
#1970=IFCCARTESIANPOINT((0.,0.11458333333331139,7.3333333333333339));
#1971=IFCPOLYLOOP((#1951,#1970,#1962,#1952));
#1972=IFCFACEOUTERBOUND(#1971,.T.);
#1973=IFCFACE((#1972));
#1974=IFCCARTESIANPOINT((0.16666666666668828,0.11458333333331583,7.));
#1975=IFCCARTESIANPOINT((3.1666666666666785,0.11458333333331583,7.));
#1976=IFCCARTESIANPOINT((3.1666666666666785,0.11458333333331577,0.));
#1977=IFCCARTESIANPOINT((3.3333333333333464,0.11458333333331577,0.));
#1978=IFCCARTESIANPOINT((3.3333333333333495,0.11458333333331583,7.3333333333333339));
#1979=IFCPOLYLOOP((#1950,#1974,#1975,#1976,#1977,#1978,#1970,#1951));
#1980=IFCFACEOUTERBOUND(#1979,.T.);
#1981=IFCFACE((#1980));
#1982=IFCCARTESIANPOINT((0.16666666666668761,0.27604166666664864,7.));
#1983=IFCPOLYLOOP((#1949,#1982,#1974,#1950));
#1984=IFCFACEOUTERBOUND(#1983,.T.);
#1985=IFCFACE((#1984));
#1986=IFCCARTESIANPOINT((0.21875000000002198,0.27604166666664864,6.9479166666666856));
#1987=IFCCARTESIANPOINT((3.1145833333333446,0.27604166666664864,6.9479166666666856));
#1988=IFCCARTESIANPOINT((3.1145833333333446,0.2760416666666487,0.));
#1989=IFCCARTESIANPOINT((3.1666666666666785,0.2760416666666487,0.));
#1990=IFCCARTESIANPOINT((3.1666666666666785,0.27604166666664864,7.));
#1991=IFCPOLYLOOP((#1948,#1986,#1987,#1988,#1989,#1990,#1982,#1949));
#1992=IFCFACEOUTERBOUND(#1991,.T.);
#1993=IFCFACE((#1992));
#1994=IFCCARTESIANPOINT((0.21875000000002198,0.43229166666664953,6.9479166666666856));
#1995=IFCPOLYLOOP((#1947,#1994,#1986,#1948));
#1996=IFCFACEOUTERBOUND(#1995,.T.);
#1997=IFCFACE((#1996));
#1998=IFCCARTESIANPOINT((3.1666666666666785,0.43229166666664953,7.));
#1999=IFCCARTESIANPOINT((3.1666666666666785,0.43229166666664959,0.));
#2000=IFCCARTESIANPOINT((3.1145833333333455,0.43229166666664959,0.));
#2001=IFCCARTESIANPOINT((3.1145833333333455,0.43229166666664953,6.9479166666666865));
#2002=IFCPOLYLOOP((#1946,#1958,#1998,#1999,#2000,#2001,#1994,#1947));
#2003=IFCFACEOUTERBOUND(#2002,.T.);
#2004=IFCFACE((#2003));
#2005=IFCPOLYLOOP((#1957,#1966,#1998,#1958));
#2006=IFCFACEOUTERBOUND(#2005,.T.);
#2007=IFCFACE((#2006));
#2008=IFCPOLYLOOP((#1974,#1982,#1990,#1975));
#2009=IFCFACEOUTERBOUND(#2008,.T.);
#2010=IFCFACE((#2009));
#2011=IFCPOLYLOOP((#1986,#1994,#2001,#1987));
#2012=IFCFACEOUTERBOUND(#2011,.T.);
#2013=IFCFACE((#2012));
#2014=IFCPOLYLOOP((#1964,#1977,#1976,#1989,#1988,#2000,#1999,#1965));
#2015=IFCFACEOUTERBOUND(#2014,.T.);
#2016=IFCFACE((#2015));
#2017=IFCPOLYLOOP((#1965,#1999,#1998,#1966));
#2018=IFCFACEOUTERBOUND(#2017,.T.);
#2019=IFCFACE((#2018));
#2020=IFCPOLYLOOP((#1963,#1978,#1977,#1964));
#2021=IFCFACEOUTERBOUND(#2020,.T.);
#2022=IFCFACE((#2021));
#2023=IFCPOLYLOOP((#1975,#1990,#1989,#1976));
#2024=IFCFACEOUTERBOUND(#2023,.T.);
#2025=IFCFACE((#2024));
#2026=IFCPOLYLOOP((#1987,#2001,#2000,#1988));
#2027=IFCFACEOUTERBOUND(#2026,.T.);
#2028=IFCFACE((#2027));
#2029=IFCPOLYLOOP((#1970,#1978,#1963,#1962));
#2030=IFCFACEOUTERBOUND(#2029,.T.);
#2031=IFCFACE((#2030));
#2032=IFCCARTESIANPOINT((3.1666666666666843,0.44791666666664109,7.));
#2033=IFCCARTESIANPOINT((0.16666666666668473,0.44791666666664109,7.));
#2034=IFCCARTESIANPOINT((0.16666666666668473,0.44791666666664109,-0.));
#2035=IFCCARTESIANPOINT((3.1666666666666843,0.44791666666664109,-0.));
#2036=IFCCARTESIANPOINT((2.6666666666666781,0.44791666666664109,6.5));
#2037=IFCCARTESIANPOINT((2.6666666666666781,0.44791666666664109,4.4166666666666643));
#2038=IFCCARTESIANPOINT((2.250000000000008,0.44791666666664109,4.4166666666666643));
#2039=IFCCARTESIANPOINT((2.250000000000008,0.44791666666664109,6.5));
#2040=IFCPOLYLOOP((#2032,#2033,#2034,#2035));
#2041=IFCFACEOUTERBOUND(#2040,.T.);
#2042=IFCPOLYLOOP((#2036,#2037,#2038,#2039));
#2043=IFCFACEBOUND(#2042,.T.);
#2044=IFCFACE((#2041,#2043));
#2045=IFCCARTESIANPOINT((3.1666666666666843,0.59374999999997358,7.));
#2046=IFCCARTESIANPOINT((3.1666666666666843,0.59374999999997358,-0.));
#2047=IFCCARTESIANPOINT((0.16666666666668473,0.59374999999997358,-0.));
#2048=IFCCARTESIANPOINT((0.16666666666668473,0.59374999999997358,7.));
#2049=IFCCARTESIANPOINT((2.6666666666666781,0.59374999999997358,6.5));
#2050=IFCCARTESIANPOINT((2.250000000000008,0.59374999999997358,6.5));
#2051=IFCCARTESIANPOINT((2.250000000000008,0.59374999999997358,4.4166666666666643));
#2052=IFCCARTESIANPOINT((2.6666666666666781,0.59374999999997358,4.4166666666666643));
#2053=IFCPOLYLOOP((#2045,#2046,#2047,#2048));
#2054=IFCFACEOUTERBOUND(#2053,.T.);
#2055=IFCPOLYLOOP((#2049,#2050,#2051,#2052));
#2056=IFCFACEBOUND(#2055,.T.);
#2057=IFCFACE((#2054,#2056));
#2058=IFCPOLYLOOP((#2035,#2046,#2045,#2032));
#2059=IFCFACEOUTERBOUND(#2058,.T.);
#2060=IFCFACE((#2059));
#2061=IFCPOLYLOOP((#2034,#2047,#2046,#2035));
#2062=IFCFACEOUTERBOUND(#2061,.T.);
#2063=IFCFACE((#2062));
#2064=IFCPOLYLOOP((#2033,#2048,#2047,#2034));
#2065=IFCFACEOUTERBOUND(#2064,.T.);
#2066=IFCFACE((#2065));
#2067=IFCPOLYLOOP((#2032,#2045,#2048,#2033));
#2068=IFCFACEOUTERBOUND(#2067,.T.);
#2069=IFCFACE((#2068));
#2070=IFCPOLYLOOP((#2039,#2050,#2049,#2036));
#2071=IFCFACEOUTERBOUND(#2070,.T.);
#2072=IFCFACE((#2071));
#2073=IFCPOLYLOOP((#2038,#2051,#2050,#2039));
#2074=IFCFACEOUTERBOUND(#2073,.T.);
#2075=IFCFACE((#2074));
#2076=IFCPOLYLOOP((#2037,#2052,#2051,#2038));
#2077=IFCFACEOUTERBOUND(#2076,.T.);
#2078=IFCFACE((#2077));
#2079=IFCPOLYLOOP((#2036,#2049,#2052,#2037));
#2080=IFCFACEOUTERBOUND(#2079,.T.);
#2081=IFCFACE((#2080));
#2082=IFCCARTESIANPOINT((2.6666666666666785,0.51041666666669117,6.5));
#2083=IFCCARTESIANPOINT((2.2500000000000089,0.51041666666668983,6.5));
#2084=IFCCARTESIANPOINT((2.2500000000000089,0.51041666666668983,4.4166666666666643));
#2085=IFCCARTESIANPOINT((2.6666666666666785,0.51041666666669117,4.4166666666666643));
#2086=IFCPOLYLOOP((#2082,#2083,#2084,#2085));
#2087=IFCFACEOUTERBOUND(#2086,.T.);
#2088=IFCFACE((#2087));
#2089=IFCCARTESIANPOINT((2.6666666666666785,0.53125000000002442,6.5));
#2090=IFCCARTESIANPOINT((2.6666666666666785,0.53125000000002442,4.4166666666666643));
#2091=IFCCARTESIANPOINT((2.2500000000000089,0.53125000000002309,4.4166666666666643));
#2092=IFCCARTESIANPOINT((2.2500000000000089,0.53125000000002309,6.5));
#2093=IFCPOLYLOOP((#2089,#2090,#2091,#2092));
#2094=IFCFACEOUTERBOUND(#2093,.T.);
#2095=IFCFACE((#2094));
#2096=IFCPOLYLOOP((#2085,#2090,#2089,#2082));
#2097=IFCFACEOUTERBOUND(#2096,.T.);
#2098=IFCFACE((#2097));
#2099=IFCPOLYLOOP((#2084,#2091,#2090,#2085));
#2100=IFCFACEOUTERBOUND(#2099,.T.);
#2101=IFCFACE((#2100));
#2102=IFCPOLYLOOP((#2083,#2092,#2091,#2084));
#2103=IFCFACEOUTERBOUND(#2102,.T.);
#2104=IFCFACE((#2103));
#2105=IFCPOLYLOOP((#2082,#2089,#2092,#2083));
#2106=IFCFACEOUTERBOUND(#2105,.T.);
#2107=IFCFACE((#2106));
#2108=IFCCARTESIANPOINT((2.6666666666666745,0.51041666666664431,4.416666666666667));
#2109=IFCCARTESIANPOINT((2.666666666666675,0.51041666666664431,6.4999999999999973));
#2110=IFCCARTESIANPOINT((2.6666666666666758,0.44791666666664431,6.4999999999999982));
#2111=IFCCARTESIANPOINT((2.666666666666675,0.44791666666664431,4.4166666666666661));
#2112=IFCCARTESIANPOINT((2.6272965879265175,0.44463582677163088,4.4560367454068235));
#2113=IFCCARTESIANPOINT((2.6272965879265175,0.44463582677163077,6.460629921259839));
#2114=IFCCARTESIANPOINT((2.6272965879265167,0.51041666666664387,6.460629921259839));
#2115=IFCCARTESIANPOINT((2.6272965879265167,0.51041666666664387,4.4560367454068244));
#2116=IFCCARTESIANPOINT((2.643700787401583,0.42823162729656533,4.439632545931758));
#2117=IFCCARTESIANPOINT((2.643700787401583,0.42823162729656539,6.4770341207349054));
#2118=IFCCARTESIANPOINT((2.6321012667128274,0.4330363060828753,6.4654346000461498));
#2119=IFCCARTESIANPOINT((2.6321012667128274,0.43303630608287524,4.4512320666205136));
#2120=IFCCARTESIANPOINT((2.643700787401583,0.42823162729656539,5.464263618986033));
#2121=IFCCARTESIANPOINT((2.643700787401583,0.42823162729656539,4.9519481070680342));
#2122=IFCCARTESIANPOINT((2.643700787401583,0.42823162729656539,5.9647186088169066));
#2123=IFCCARTESIANPOINT((2.6272965879265175,0.44463582677163094,5.458333339253743));
#2124=IFCCARTESIANPOINT((2.6272965879265175,0.44463582677163094,4.9571850423302832));
#2125=IFCCARTESIANPOINT((2.6272965879265175,0.44463582677163099,5.9594816243363802));
#2126=IFCCARTESIANPOINT((2.643700787401583,0.42823162729656539,6.220876364775906));
#2127=IFCCARTESIANPOINT((2.6272965879265175,0.44463582677163099,6.2100557668776979));
#2128=IFCCARTESIANPOINT((2.6272965879265175,0.44463582677163099,6.3325510444676834));
#2129=IFCCARTESIANPOINT((2.643700787401583,0.42823162729656533,4.6957903018907574));
#2130=IFCCARTESIANPOINT((2.6272965879265175,0.44463582677163094,4.7066108879481421));
#2131=IFCCARTESIANPOINT((2.6272965879265175,0.44463582677163094,4.8318979710596235));
#2132=IFCCARTESIANPOINT((2.643700787401583,0.42823162729656533,4.567711448520396));
#2133=IFCCARTESIANPOINT((2.6272965879265175,0.44463582677163094,5.2077591967124253));
#2134=IFCCARTESIANPOINT((2.643700787401583,0.42823162729656539,5.2081058630270336));
#2135=IFCCARTESIANPOINT((2.643700787401583,0.42823162729656533,5.0800269604383947));
#2136=IFCCARTESIANPOINT((2.643700787401583,0.42823162729656539,5.7144911139014694));
#2137=IFCCARTESIANPOINT((2.6272965879265175,0.44463582677163094,5.7089074817950616));
#2138=IFCCARTESIANPOINT((2.6272965879265175,0.44463582677163099,5.8341945530657213));
#2139=IFCCARTESIANPOINT((2.643700787401583,0.42823162729656539,6.3489552673645449));
#2140=IFCCARTESIANPOINT((2.6272965879265175,0.44463582677163094,4.5813238166774832));
#2141=IFCCARTESIANPOINT((2.643700787401583,0.42823162729656533,4.8238692044793954));
#2142=IFCCARTESIANPOINT((2.643700787401583,0.42823162729656539,5.839604861359188));
#2143=IFCCARTESIANPOINT((2.6322781022765085,0.43286212620846276,5.7770479795547658));
#2144=IFCCARTESIANPOINT((2.6319837474946564,0.43315502818280327,5.8771804653646127));
#2145=IFCCARTESIANPOINT((2.6321975653324023,0.43294080037384736,5.6800107582576533));
#2146=IFCCARTESIANPOINT((2.6272965879265175,0.44463582677163094,5.5836204105244027));
#2147=IFCCARTESIANPOINT((2.643700787401583,0.42823162729656539,5.5893773664437507));
#2148=IFCCARTESIANPOINT((2.6317784484250106,0.43336836948325169,6.2713034095269569));
#2149=IFCCARTESIANPOINT((2.643700787401583,0.42823162729656539,6.0927974621872671));
#2150=IFCCARTESIANPOINT((2.6323821831381613,0.43276203386684281,6.1681306588365423));
#2151=IFCCARTESIANPOINT((2.6272965879265175,0.44463582677163099,6.0847686956070399));
#2152=IFCCARTESIANPOINT((2.6318698223404238,0.43327246344296044,6.3670500901071243));
#2153=IFCCARTESIANPOINT((2.6319321408032934,0.43320793467980978,4.8945415186403238));
#2154=IFCCARTESIANPOINT((2.6322153374723629,0.43292334623413936,4.9945579365639388));
#2155=IFCCARTESIANPOINT((2.6272965879265175,0.44463582677163094,5.082472113600943));
#2156=IFCCARTESIANPOINT((2.6321130755704845,0.43302450923497027,5.1451156632028807));
#2157=IFCCARTESIANPOINT((2.6319721332510642,0.43316689341951592,4.7980420375547883));
#2158=IFCCARTESIANPOINT((2.6320946015370081,0.43304297509075945,5.2434167610616296));
#2159=IFCCARTESIANPOINT((2.643700787401583,0.42823162729656539,5.3361847656156716));
#2160=IFCCARTESIANPOINT((2.6272965879265175,0.44463582677163094,5.3330462679830841));
#2161=IFCCARTESIANPOINT((2.631997839555666,0.43314066378307409,5.3956898076894841));
#2162=IFCCARTESIANPOINT((2.6320010428776648,0.43313740346698637,5.4926151803553527));
#2163=IFCCARTESIANPOINT((2.631932140676712,0.43320793481016567,6.0221251688865109));
#2164=IFCCARTESIANPOINT((2.6317704985885144,0.43337678732527896,4.6439673728684854));
#2165=IFCCARTESIANPOINT((2.6319101221422874,0.43323065368390534,4.54839278112249));
#2166=IFCCARTESIANPOINT((2.6320957080758589,0.4330418673848902,5.588280739515203));
#2167=IFCCARTESIANPOINT((2.6929133858267802,0.43479330708659203,4.3904199475065608));
#2168=IFCCARTESIANPOINT((2.6929133858267802,0.43479330708659192,6.5262467191601026));
#2169=IFCCARTESIANPOINT((2.6909915143122562,0.43015349881108994,6.5243248476455786));
#2170=IFCCARTESIANPOINT((2.6863517060367537,0.42823162729656583,6.519685039370076));
#2171=IFCCARTESIANPOINT((2.6863517060367537,0.42823162729656572,4.3969816272965874));
#2172=IFCCARTESIANPOINT((2.6909915143122562,0.43015349881108988,4.3923418190210848));
#2173=IFCCARTESIANPOINT((2.6929133858267802,0.43479330708659197,5.4583333333333321));
#2174=IFCCARTESIANPOINT((2.6929133858267802,0.43479330708659197,4.924376640419946));
#2175=IFCCARTESIANPOINT((2.6929133858267802,0.43479330708659192,5.9922900262467174));
#2176=IFCCARTESIANPOINT((2.6863517060367537,0.42823162729656578,5.4583333333333321));
#2177=IFCCARTESIANPOINT((2.6863517060367537,0.42823162729656578,4.9276574862295472));
#2178=IFCCARTESIANPOINT((2.6863517060367537,0.42823162729656583,5.9890091804371162));
#2179=IFCCARTESIANPOINT((2.6863517060367537,0.42823162729656583,6.2543471039890077));
#2180=IFCCARTESIANPOINT((2.6929133858267802,0.43479330708659192,6.25926837270341));
#2181=IFCCARTESIANPOINT((2.6929133858267802,0.43479330708659192,6.1257791994750637));
#2182=IFCCARTESIANPOINT((2.6863517060367537,0.42823162729656583,6.1216781422130619));
#2183=IFCCARTESIANPOINT((2.6863517060367537,0.42823162729656578,4.6623195626776557));
#2184=IFCCARTESIANPOINT((2.6929133858267802,0.43479330708659197,4.6573982939632534));
#2185=IFCCARTESIANPOINT((2.6929133858267802,0.43479330708659203,4.5524283314926306));
#2186=IFCCARTESIANPOINT((2.6863517060367537,0.42823162729656572,4.5296506009017099));
#2187=IFCCARTESIANPOINT((2.6863517060367537,0.42823162729656583,5.7236712568852237));
#2188=IFCCARTESIANPOINT((2.6929133858267802,0.43479330708659192,5.7253116797900239));
#2189=IFCCARTESIANPOINT((2.6929133858267802,0.43479330708659197,5.5918225065616776));
#2190=IFCCARTESIANPOINT((2.6863517060367537,0.42823162729656578,5.5910022951092779));
#2191=IFCCARTESIANPOINT((2.6863517060367537,0.42823162729656578,5.1929954097814388));
#2192=IFCCARTESIANPOINT((2.6929133858267802,0.43479330708659197,5.1913549868766395));
#2193=IFCCARTESIANPOINT((2.6929133858267802,0.43479330708659197,5.0578658136482924));
#2194=IFCCARTESIANPOINT((2.6863517060367537,0.42823162729656578,5.0603264480054939));
#2195=IFCCARTESIANPOINT((2.6863517060367537,0.42823162729656583,6.3870160657649535));
#2196=IFCCARTESIANPOINT((2.6929133858267802,0.43479330708659192,6.3927575459317563));
#2197=IFCCARTESIANPOINT((2.6929133858267802,0.43479330708659192,6.3260129593175831));
#2198=IFCCARTESIANPOINT((2.6929133858267802,0.43479330708659203,4.4714241394995966));
#2199=IFCCARTESIANPOINT((2.6863517060367537,0.42823162729656572,4.4633161081845607));
#2200=IFCCARTESIANPOINT((2.6929133858267802,0.43479330708659192,6.4452425271670668));
#2201=IFCCARTESIANPOINT((2.6863517060367537,0.42823162729656583,6.4533505584821036));
#2202=IFCCARTESIANPOINT((2.6863517060367537,0.42823162729656578,4.7949885244536015));
#2203=IFCCARTESIANPOINT((2.6929133858267802,0.43479330708659197,4.7908874671915997));
#2204=IFCCARTESIANPOINT((2.6929133858267802,0.43479330708659197,4.7241428805774266));
#2205=IFCCARTESIANPOINT((2.6863517060367537,0.42823162729656578,5.8563402186611695));
#2206=IFCCARTESIANPOINT((2.6929133858267802,0.43479330708659192,5.8588008530183711));
#2207=IFCCARTESIANPOINT((2.6929133858267802,0.43479330708659197,5.7920562664041979));
#2208=IFCCARTESIANPOINT((2.6929133858267802,0.43479330708659197,5.3248441601049858));
#2209=IFCCARTESIANPOINT((2.6863517060367537,0.42823162729656578,5.3256643715573855));
#2210=IFCCARTESIANPOINT((2.6863517060367537,0.42823162729656578,5.3919988524453588));
#2211=IFCCARTESIANPOINT((2.6929133858267797,0.43479330708659197,4.4309220435030783));
#2212=IFCCARTESIANPOINT((2.6929133858267802,0.43479330708659192,6.4857446231635851));
#2213=IFCCARTESIANPOINT((2.6863517060367537,0.42823162729656572,4.4374837197101353));
#2214=IFCCARTESIANPOINT((2.6911332705195301,0.43029972468900668,4.4503999183596417));
#2215=IFCCARTESIANPOINT((2.6863517060367537,0.42823162729656572,4.4964833545431349));
#2216=IFCCARTESIANPOINT((2.6929133858267802,0.43479330708659197,4.5119262354961132));
#2217=IFCCARTESIANPOINT((2.6908024090933598,0.42997180483431063,4.5130669735304965));
#2218=IFCCARTESIANPOINT((2.6863517060367537,0.42823162729656583,6.4791829469565281));
#2219=IFCCARTESIANPOINT((2.6911332706556421,0.4302997248338416,6.4662667498331912));
#2220=IFCCARTESIANPOINT((2.6907236942140482,0.42990031607449808,6.4194327148761872));
#2221=IFCCARTESIANPOINT((2.6863517060367537,0.42823162729656578,4.5959850817896823));
#2222=IFCCARTESIANPOINT((2.6905879390513805,0.42978232200253663,4.5536047588777988));
#2223=IFCCARTESIANPOINT((2.6929133858267802,0.43479330708659197,4.604913312727942));
#2224=IFCCARTESIANPOINT((2.6929133858267802,0.43479330708659197,5.6585670931758516));
#2225=IFCCARTESIANPOINT((2.6863517060367537,0.42823162729656578,5.6573367759972504));
#2226=IFCCARTESIANPOINT((2.6863517060367537,0.42823162729656578,5.5246678142213046));
#2227=IFCCARTESIANPOINT((2.6929133858267802,0.43479330708659197,5.5250779199475044));
#2228=IFCCARTESIANPOINT((2.6929133858267802,0.43479330708659197,5.2580995734908118));
#2229=IFCCARTESIANPOINT((2.6863517060367537,0.42823162729656578,5.259329890669413));
#2230=IFCCARTESIANPOINT((2.6863517060367537,0.42823162729656583,6.0553436613250895));
#2231=IFCCARTESIANPOINT((2.6929133858267802,0.43479330708659192,6.0590346128608905));
#2232=IFCCARTESIANPOINT((2.6929133858267802,0.43479330708659197,4.9911212270341192));
#2233=IFCCARTESIANPOINT((2.6863517060367537,0.42823162729656578,4.9939919671175206));
#2234=IFCCARTESIANPOINT((2.6863517060367537,0.42823162729656578,5.1266609288934664));
#2235=IFCCARTESIANPOINT((2.6929133858267802,0.43479330708659197,5.1246104002624655));
#2236=IFCCARTESIANPOINT((2.6863517060367537,0.42823162729656578,4.8613230053415748));
#2237=IFCCARTESIANPOINT((2.6929133858267802,0.43479330708659197,4.8576320538057729));
#2238=IFCCARTESIANPOINT((2.6929133858267802,0.43479330708659192,5.9255454396325442));
#2239=IFCCARTESIANPOINT((2.6863517060367537,0.42823162729656578,5.9226746995491428));
#2240=IFCCARTESIANPOINT((2.6863517060367537,0.42823162729656583,6.1880126231010353));
#2241=IFCCARTESIANPOINT((2.6929133858267802,0.43479330708659192,6.1925237860892359));
#2242=IFCCARTESIANPOINT((2.6907962128364602,0.42996609246797407,4.6311558134348925));
#2243=IFCCARTESIANPOINT((2.6863517060367537,0.42823162729656572,4.5628178354311082));
#2244=IFCCARTESIANPOINT((2.6910516127421893,0.43021438596617068,4.6689305444897542));
#2245=IFCCARTESIANPOINT((2.6863517060367537,0.42823162729656578,4.7286540435656281));
#2246=IFCCARTESIANPOINT((2.6863517060367537,0.42823162729656572,4.695486797207054));
#2247=IFCCARTESIANPOINT((2.6909031079454273,0.43006674572207304,4.7120704228589609));
#2248=IFCCARTESIANPOINT((2.6909583610488825,0.43012058076611603,4.7601625099523481));
#2249=IFCCARTESIANPOINT((2.6929133858267802,0.43479330708659197,4.6907705808059852));
#2250=IFCCARTESIANPOINT((2.691072503104099,0.43023592662016336,4.5936950964864165));
#2251=IFCCARTESIANPOINT((2.6910529502601976,0.43021575922574162,6.3819369180974217));
#2252=IFCCARTESIANPOINT((2.6863517060367537,0.42823162729656583,6.3206815848769811));
#2253=IFCCARTESIANPOINT((2.6863517060367537,0.42823162729656583,6.3538488312355552));
#2254=IFCCARTESIANPOINT((2.6908898859787165,0.43005404928803287,6.3372652159943135));
#2255=IFCCARTESIANPOINT((2.6909463742401538,0.43010879368950367,6.2894351572298168));
#2256=IFCCARTESIANPOINT((2.6929133858267802,0.43479330708659192,6.3593852590890245));
#2257=IFCCARTESIANPOINT((2.6863517060367537,0.42823162729656583,5.7900057377731962));
#2258=IFCCARTESIANPOINT((2.6909013519872924,0.43006505546558182,5.8231729861163455));
#2259=IFCCARTESIANPOINT((2.6929133858267802,0.43479330708659197,5.3915887467191581));
#2260=IFCCARTESIANPOINT((2.6863517060367537,0.42823162729656583,6.4201833121235286));
#2261=IFCCARTESIANPOINT((2.6910633057742528,0.43022641869509021,5.6919393913242429));
#2262=IFCCARTESIANPOINT((2.6910458025378956,0.43020842980308649,5.625194805098916));
#2263=IFCCARTESIANPOINT((2.6909915145142378,0.43015349901307154,5.4915005797101424));
#2264=IFCCARTESIANPOINT((2.6909731608952736,0.43013521770815599,5.557835060995906));
#2265=IFCCARTESIANPOINT((2.691063305793028,0.4302264187144601,5.2247272876738551));
#2266=IFCCARTESIANPOINT((2.6909549650162656,0.43011723518440914,5.2924971358217823));
#2267=IFCCARTESIANPOINT((2.6908492601583864,0.43001547822927377,6.0221764299429958));
#2268=IFCCARTESIANPOINT((2.6908322468068686,0.42999951984953444,6.0885109112170248));
#2269=IFCCARTESIANPOINT((2.6911304187503333,0.43029669208551491,4.9577489424793315));
#2270=IFCCARTESIANPOINT((2.690883815516357,0.43004824382761148,5.02715921048258));
#2271=IFCCARTESIANPOINT((2.690919057742601,0.43008215647745951,5.1598281731878446));
#2272=IFCCARTESIANPOINT((2.6910974375438439,0.43026189735788151,5.0912381151288191));
#2273=IFCCARTESIANPOINT((2.6908492602742609,0.43001547833835108,4.8944902476162344));
#2274=IFCCARTESIANPOINT((2.6911622681433842,0.43033078158133264,4.8242597695720804));
#2275=IFCCARTESIANPOINT((2.6911304187018334,0.43029669203397269,5.9589177362102479));
#2276=IFCCARTESIANPOINT((2.6911140707398751,0.43027938151107575,5.8921731499904846));
#2277=IFCCARTESIANPOINT((2.6908154130704753,0.42998384129672068,6.1548453924904889));
#2278=IFCCARTESIANPOINT((2.6907987614665139,0.42996844028309611,6.2211798737634725));
#2279=IFCCARTESIANPOINT((2.6863517060367537,0.42823162729656578,4.6291523281482565));
#2280=IFCCARTESIANPOINT((2.6929133858267802,0.43479330708659197,4.757515180348868));
#2281=IFCCARTESIANPOINT((2.6863517060367537,0.42823162729656578,4.7618212899242032));
#2282=IFCCARTESIANPOINT((2.6929133858267802,0.43479330708659192,6.2926406595461408));
#2283=IFCCARTESIANPOINT((2.6863517060367537,0.42823162729656583,6.2875143385184069));
#2284=IFCCARTESIANPOINT((2.6910805166350897,0.4302442421286139,5.758683977547725));
#2285=IFCCARTESIANPOINT((2.6863517060367537,0.42823162729656578,5.8231729841317712));
#2286=IFCCARTESIANPOINT((2.6929133858267802,0.43479330708659197,5.8254285661756393));
#2287=IFCCARTESIANPOINT((2.6909915145642191,0.43015349906305289,5.4251660984199344));
#2288=IFCCARTESIANPOINT((2.6910280045173662,0.43019027828078826,5.3582164601698041));
#2289=IFCCARTESIANPOINT((2.6929133858267802,0.43479330708659197,5.6919393929472939));
#2290=IFCCARTESIANPOINT((2.6863517060367537,0.42823162729656578,5.6905040223558245));
#2291=IFCCARTESIANPOINT((2.6929133858267802,0.43479330708659197,5.6251947934044093));
#2292=IFCCARTESIANPOINT((2.6863517060367537,0.42823162729656578,5.6241695296386762));
#2293=IFCCARTESIANPOINT((2.6906724009065051,0.42985496348682667,5.6585771286889655));
#2294=IFCCARTESIANPOINT((2.6863517060367537,0.42823162729656578,5.4915005678627304));
#2295=IFCCARTESIANPOINT((2.6929133858267802,0.43479330708659197,5.491705620176063));
#2296=IFCCARTESIANPOINT((2.6863517060367537,0.42823162729656583,5.5578350605798796));
#2297=IFCCARTESIANPOINT((2.6906992871268582,0.42987861682862016,5.5915480272160201));
#2298=IFCCARTESIANPOINT((2.6929133858267802,0.43479330708659197,5.5584502197189467));
#2299=IFCCARTESIANPOINT((2.6913102171178691,0.43049577180165288,5.5246773250342258));
#2300=IFCCARTESIANPOINT((2.6929133858267802,0.43479330708659197,5.2247272737193704));
#2301=IFCCARTESIANPOINT((2.6863517060367537,0.42823162729656578,5.226162644310838));
#2302=IFCCARTESIANPOINT((2.6863517060367537,0.42823162729656578,5.2924971370279863));
#2303=IFCCARTESIANPOINT((2.6929133858267802,0.43479330708659197,5.2914718732622541));
#2304=IFCCARTESIANPOINT((2.6912511371689192,0.43042853719025054,5.2586527584071527));
#2305=IFCCARTESIANPOINT((2.6863517060367537,0.42823162729656583,6.0221764149665145));
#2306=IFCCARTESIANPOINT((2.6929133858267802,0.43479330708659192,6.0256623130894482));
#2307=IFCCARTESIANPOINT((2.6863517060367537,0.42823162729656578,6.0885109076836628));
#2308=IFCCARTESIANPOINT((2.6929133858267802,0.43479330708659192,6.0924069126323328));
#2309=IFCCARTESIANPOINT((2.6913124181031964,0.43049831262085814,6.055355795031943));
#2310=IFCCARTESIANPOINT((2.6929133858267802,0.43479330708659203,4.9577489272626778));
#2311=IFCCARTESIANPOINT((2.6863517060367537,0.42823162729656578,4.9608247207589464));
#2312=IFCCARTESIANPOINT((2.6863517060367537,0.42823162729656578,5.0271592134760947));
#2313=IFCCARTESIANPOINT((2.6929133858267797,0.43479330708659197,5.0244935268055615));
#2314=IFCCARTESIANPOINT((2.6911788777672943,0.43034875370625048,4.9925169406702157));
#2315=IFCCARTESIANPOINT((2.6863517060367537,0.42823162729656578,5.1598281752520414));
#2316=IFCCARTESIANPOINT((2.6929133858267802,0.43479330708659197,5.1579827000339069));
#2317=IFCCARTESIANPOINT((2.6929133858267802,0.43479330708659197,5.0912381004910241));
#2318=IFCCARTESIANPOINT((2.6863517060367537,0.42823162729656578,5.0934936825348913));
#2319=IFCCARTESIANPOINT((2.690758021802282,0.42993120640465471,5.1254682128792837));
#2320=IFCCARTESIANPOINT((2.6863517060367537,0.42823162729656578,4.894490251700149));
#2321=IFCCARTESIANPOINT((2.6929133858267802,0.43479330708659197,4.8910043535772152));
#2322=IFCCARTESIANPOINT((2.6929133858267802,0.43479330708659197,4.8242597540343315));
#2323=IFCCARTESIANPOINT((2.6863517060367537,0.42823162729656578,4.8281557589829998));
#2324=IFCCARTESIANPOINT((2.690836457941852,0.43000345927934847,4.8592982078152875));
#2325=IFCCARTESIANPOINT((2.6929133858267802,0.43479330708659192,5.9589177394039856));
#2326=IFCCARTESIANPOINT((2.6863517060367537,0.42823162729656583,5.9558419459077179));
#2327=IFCCARTESIANPOINT((2.6929133858267802,0.43479330708659197,5.8921731398611019));
#2328=IFCCARTESIANPOINT((2.6911971721288124,0.43036870540762134,5.857612574365497));
#2329=IFCCARTESIANPOINT((2.6863517060367537,0.42823162729656583,5.8895074531905696));
#2330=IFCCARTESIANPOINT((2.6906709174923589,0.42985366599956881,5.9255567606293011));
#2331=IFCCARTESIANPOINT((2.6863517060367537,0.42823162729656583,6.1548453767424602));
#2332=IFCCARTESIANPOINT((2.6929133858267802,0.43479330708659192,6.1591514863177945));
#2333=IFCCARTESIANPOINT((2.6913142883196715,0.43050047366889366,6.1216905656864853));
#2334=IFCCARTESIANPOINT((2.6863517060367537,0.42823162729656583,6.2211798694596094));
#2335=IFCCARTESIANPOINT((2.6907342638433436,0.42990978082591369,6.2553360765810204));
#2336=IFCCARTESIANPOINT((2.6929133858267802,0.43479330708659192,6.2258960858606791));
#2337=IFCCARTESIANPOINT((2.6913165063498106,0.43050303908583593,6.1880253271916308));
#2338=IFCCARTESIANPOINT((2.6929133858267802,0.43479330708659192,5.7586839666327556));
#2339=IFCCARTESIANPOINT((2.6912994002561534,0.43048332291282099,5.7253053589537561));
#2340=IFCCARTESIANPOINT((2.6863517060367537,0.42823162729656578,5.756838491414622));
#2341=IFCCARTESIANPOINT((2.6863517060367537,0.42823162729656578,5.425166098803933));
#2342=IFCCARTESIANPOINT((2.6906485609962729,0.42983420645001574,5.4583333390297186));
#2343=IFCCARTESIANPOINT((2.6929133858267802,0.43479330708659197,5.4249610464905995));
#2344=IFCCARTESIANPOINT((2.6929133858267802,0.43479330708659197,5.3582164469477167));
#2345=IFCCARTESIANPOINT((2.6863517060367537,0.42823162729656578,5.3588316060867847));
#2346=IFCCARTESIANPOINT((2.6906797311356923,0.42986138652662792,5.3916735221826046));
#2347=IFCCARTESIANPOINT((2.6929133858267802,0.44791666666664454,4.3904199475065608));
#2348=IFCCARTESIANPOINT((2.6929133858267802,0.44791666666664454,6.5262467191601026));
#2349=IFCCARTESIANPOINT((2.2500000000000115,0.51041666666664298,6.4999999999999973));
#2350=IFCCARTESIANPOINT((2.2500000000000115,0.44791666666664298,6.4999999999999973));
#2351=IFCCARTESIANPOINT((2.289370078740169,0.44463582677162972,6.460629921259839));
#2352=IFCCARTESIANPOINT((2.2893700787401698,0.51041666666664287,6.460629921259839));
#2353=IFCCARTESIANPOINT((2.2729658792651035,0.42823162729656417,6.4770341207349054));
#2354=IFCCARTESIANPOINT((2.2845653999538591,0.43303630608287413,6.4654346000461498));
#2355=IFCCARTESIANPOINT((2.417448961656576,0.44463582677163022,6.460629921259839));
#2356=IFCCARTESIANPOINT((2.458333331440171,0.42823162729656472,6.4770341207349054));
#2357=IFCCARTESIANPOINT((2.4992177050101105,0.44463582677163049,6.460629921259839));
#2358=IFCCARTESIANPOINT((2.4583333254410431,0.4334980373843656,6.4649905578076536));
#2359=IFCCARTESIANPOINT((2.5156219038567631,0.42823162729656494,6.4770341207349054));
#2360=IFCCARTESIANPOINT((2.4010447628099234,0.42823162729656455,6.4770341207349054));
#2361=IFCCARTESIANPOINT((2.545597042716671,0.43481500699245362,6.4638945142231918));
#2362=IFCCARTESIANPOINT((2.3710696135621552,0.43481500717398014,6.4638945140875146));
#2363=IFCCARTESIANPOINT((2.2237532808399068,0.43479330708659047,6.5262467191601026));
#2364=IFCCARTESIANPOINT((2.2256751523544307,0.43015349881108839,6.5243248476455786));
#2365=IFCCARTESIANPOINT((2.2303149606299328,0.42823162729656428,6.519685039370076));
#2366=IFCCARTESIANPOINT((2.3923233561207975,0.42823162729656483,6.519685039370076));
#2367=IFCCARTESIANPOINT((2.4583333333333437,0.43479330708659125,6.5262467191601026));
#2368=IFCCARTESIANPOINT((2.5309049892059075,0.43479330708659147,6.5262467191601026));
#2369=IFCCARTESIANPOINT((2.341043305422553,0.43479330708659081,6.5262467191601026));
#2370=IFCCARTESIANPOINT((2.5393375330492831,0.42823162729656528,6.519685039370076));
#2371=IFCCARTESIANPOINT((2.4658304445850403,0.42823162729656505,6.519685039370076));
#2372=IFCCARTESIANPOINT((2.3113191564048576,0.42823162729656455,6.519685039370076));
#2373=IFCCARTESIANPOINT((2.6119091858522721,0.43479330708659175,6.5262467191601026));
#2374=IFCCARTESIANPOINT((2.6128446215135259,0.4282316272965655,6.519685039370076));
#2375=IFCCARTESIANPOINT((2.5760910772814043,0.42823162729656539,6.519685039370076));
#2376=IFCCARTESIANPOINT((2.3047574808144149,0.4347933070865907,6.5262467191601026));
#2377=IFCCARTESIANPOINT((2.2708170604879028,0.42823162729656444,6.519685039370076));
#2378=IFCCARTESIANPOINT((2.6524112858395261,0.43479330708659186,6.5262467191601026));
#2379=IFCCARTESIANPOINT((2.5714070891931615,0.43479330708659158,6.5262467191601026));
#2380=IFCCARTESIANPOINT((2.2642553808271608,0.43479330708659059,6.5262467191601026));
#2381=IFCCARTESIANPOINT((2.6458496061787837,0.42823162729656561,6.519685039370076));
#2382=IFCCARTESIANPOINT((2.6293471114073261,0.43017505918387111,6.524346308293433));
#2383=IFCCARTESIANPOINT((2.322900391779442,0.43028750725893089,6.5244550927848604));
#2384=IFCCARTESIANPOINT((2.3996883177138764,0.43479330708659103,6.5262467191601026));
#2385=IFCCARTESIANPOINT((2.4290769003529187,0.42823162729656494,6.519685039370076));
#2386=IFCCARTESIANPOINT((2.3676556394499038,0.43022155125321504,6.5243919162823003));
#2387=IFCCARTESIANPOINT((2.5577143000609892,0.43005284979394592,6.5242219663392307));
#2388=IFCCARTESIANPOINT((2.4107001249018136,0.4300091931189165,6.5241759073497807));
#2389=IFCCARTESIANPOINT((2.5161911623084592,0.42994231328872101,6.5241035799481244));
#2390=IFCCARTESIANPOINT((2.3518212562628276,0.42823162729656472,6.519685039370076));
#2391=IFCCARTESIANPOINT((2.5934296397679812,0.43072345872064599,6.5248320750164508));
#2392=IFCCARTESIANPOINT((2.4946191612696254,0.43479330708659136,6.5262467191601026));
#2393=IFCCARTESIANPOINT((2.4764762447497768,0.43030201040207117,6.5244687508745942));
#2394=IFCCARTESIANPOINT((2.5025839888171619,0.42823162729656516,6.519685039370076));
#2395=IFCCARTESIANPOINT((2.2627949529676705,0.43011153442275435,6.5242825002335305));
#2396=IFCCARTESIANPOINT((2.2237532808399063,0.44791666666664304,6.5262467191601026));
#2397=IFCCARTESIANPOINT((2.2500000000000115,0.51041666666664298,4.4166666666666661));
#2398=IFCCARTESIANPOINT((2.2500000000000115,0.44791666666664298,4.4166666666666661));
#2399=IFCCARTESIANPOINT((2.289370078740169,0.44463582677162972,4.4560367454068244));
#2400=IFCCARTESIANPOINT((2.289370078740169,0.51041666666664276,4.4560367454068235));
#2401=IFCCARTESIANPOINT((2.2729658792651035,0.42823162729656422,4.439632545931758));
#2402=IFCCARTESIANPOINT((2.2845653999538591,0.43303630608287413,4.4512320666205136));
#2403=IFCCARTESIANPOINT((2.2729658792651035,0.42823162729656417,5.4524030485401909));
#2404=IFCCARTESIANPOINT((2.2729658792651035,0.42823162729656417,5.9647185846375486));
#2405=IFCCARTESIANPOINT((2.2729658792651035,0.42823162729656422,4.9519480820291149));
#2406=IFCCARTESIANPOINT((2.289370078740169,0.44463582677162983,5.4583333274129195));
#2407=IFCCARTESIANPOINT((2.289370078740169,0.44463582677162983,5.9594816243363802));
#2408=IFCCARTESIANPOINT((2.289370078740169,0.44463582677162983,4.9571850304894607));
#2409=IFCCARTESIANPOINT((2.2729658792651035,0.42823162729656422,4.6957903139804369));
#2410=IFCCARTESIANPOINT((2.289370078740169,0.44463582677162983,4.7066108938685538));
#2411=IFCCARTESIANPOINT((2.289370078740169,0.44463582677162983,4.5841156312774878));
#2412=IFCCARTESIANPOINT((2.2729658792651035,0.42823162729656417,6.2208763526862265));
#2413=IFCCARTESIANPOINT((2.289370078740169,0.44463582677162983,6.2100557727981105));
#2414=IFCCARTESIANPOINT((2.289370078740169,0.44463582677162983,6.0847686926468327));
#2415=IFCCARTESIANPOINT((2.2729658792651035,0.42823162729656417,6.3489552367105659));
#2416=IFCCARTESIANPOINT((2.289370078740169,0.44463582677162983,5.7089074758746499));
#2417=IFCCARTESIANPOINT((2.2729658792651035,0.42823162729656417,5.7085608165888697));
#2418=IFCCARTESIANPOINT((2.2729658792651035,0.42823162729656417,5.8366397006132091));
#2419=IFCCARTESIANPOINT((2.2729658792651035,0.42823162729656417,5.2021755406755181));
#2420=IFCCARTESIANPOINT((2.289370078740169,0.44463582677162983,5.2077591789511901));
#2421=IFCCARTESIANPOINT((2.289370078740169,0.44463582677162983,5.0824720987999132));
#2422=IFCCARTESIANPOINT((2.2729658792651035,0.42823162729656422,4.5677114299560975));
#2423=IFCCARTESIANPOINT((2.289370078740169,0.44463582677162983,6.3353428529493865));
#2424=IFCCARTESIANPOINT((2.2729658792651035,0.42823162729656417,6.092797468661888));
#2425=IFCCARTESIANPOINT((2.2729658792651035,0.42823162729656422,5.0770618113523165));
#2426=IFCCARTESIANPOINT((2.284388564390178,0.43286212620846165,5.1396186871118976));
#2427=IFCCARTESIANPOINT((2.2846829191720301,0.43315502818280216,5.0394862013020507));
#2428=IFCCARTESIANPOINT((2.2844691013342842,0.43294080037384619,5.2366559084090101));
#2429=IFCCARTESIANPOINT((2.289370078740169,0.44463582677162983,5.333046259102467));
#2430=IFCCARTESIANPOINT((2.2729658792651035,0.42823162729656417,5.3272892699987198));
#2431=IFCCARTESIANPOINT((2.2848882182416759,0.43336836948325053,4.6453632571397065));
#2432=IFCCARTESIANPOINT((2.2729658792651035,0.42823162729656422,4.8238691980047754));
#2433=IFCCARTESIANPOINT((2.2842844835285252,0.43276203386684164,4.7485360078301211));
#2434=IFCCARTESIANPOINT((2.289370078740169,0.44463582677162983,4.8318979621790064));
#2435=IFCCARTESIANPOINT((2.2847968443262627,0.43327246344295922,4.54961657655954));
#2436=IFCCARTESIANPOINT((2.2847345258633931,0.43320793467980867,6.0221251480263396));
#2437=IFCCARTESIANPOINT((2.2844513291943236,0.43292334623413825,5.9221087301027246));
#2438=IFCCARTESIANPOINT((2.289370078740169,0.44463582677162983,5.8341945560259267));
#2439=IFCCARTESIANPOINT((2.284553591096202,0.43302450923496916,5.7715510034637827));
#2440=IFCCARTESIANPOINT((2.2846945334156228,0.43316689341951475,6.1186246291118742));
#2441=IFCCARTESIANPOINT((2.2845720651296784,0.43304297509075829,5.6732499056050338));
#2442=IFCCARTESIANPOINT((2.2729658792651035,0.42823162729656417,5.5804819325645303));
#2443=IFCCARTESIANPOINT((2.289370078740169,0.44463582677162983,5.583620395723373));
#2444=IFCCARTESIANPOINT((2.2846688271110205,0.43314066378307292,5.5209768589771793));
#2445=IFCCARTESIANPOINT((2.2846656237890217,0.43313740346698526,5.4240514863113116));
#2446=IFCCARTESIANPOINT((2.2847345259899745,0.43320793481016451,4.8945414977801516));
#2447=IFCCARTESIANPOINT((2.2848961680781725,0.43337678732527785,6.272699293798178));
#2448=IFCCARTESIANPOINT((2.2847565445243991,0.43323065368390423,6.3682738855441734));
#2449=IFCCARTESIANPOINT((2.2845709585908276,0.43304186738488903,5.3283859271514595));
#2450=IFCCARTESIANPOINT((2.2237532808399068,0.43479330708659042,4.39041994750656));
#2451=IFCCARTESIANPOINT((2.2256751523544303,0.43015349881108889,4.3923418190210839));
#2452=IFCCARTESIANPOINT((2.2303149606299324,0.42823162729656439,4.3969816272965865));
#2453=IFCCARTESIANPOINT((2.2237532808399068,0.43479330708659047,5.4583333333333313));
#2454=IFCCARTESIANPOINT((2.2237532808399068,0.43479330708659047,5.9922900197823612));
#2455=IFCCARTESIANPOINT((2.2237532808399068,0.43479330708659047,4.9243766468843013));
#2456=IFCCARTESIANPOINT((2.2303149606299328,0.42823162729656433,5.4583333392479219));
#2457=IFCCARTESIANPOINT((2.2303149606299328,0.42823162729656433,5.9890091833944084));
#2458=IFCCARTESIANPOINT((2.2303149606299328,0.42823162729656439,4.9276574832722542));
#2459=IFCCARTESIANPOINT((2.2303149606299324,0.42823162729656433,4.6623195611990109));
#2460=IFCCARTESIANPOINT((2.2237532808399068,0.43479330708659042,4.6573982971954306));
#2461=IFCCARTESIANPOINT((2.2237532808399068,0.43479330708659047,4.7908874720398664));
#2462=IFCCARTESIANPOINT((2.2303149606299324,0.42823162729656439,4.7949885163210419));
#2463=IFCCARTESIANPOINT((2.2303149606299328,0.42823162729656428,6.2543471172968328));
#2464=IFCCARTESIANPOINT((2.2237532808399068,0.43479330708659047,6.2592683694712319));
#2465=IFCCARTESIANPOINT((2.2237532808399068,0.43479330708659047,6.3642383202839641));
#2466=IFCCARTESIANPOINT((2.2303149606299328,0.42823162729656428,6.3870160724188629));
#2467=IFCCARTESIANPOINT((2.2303149606299324,0.42823162729656433,5.1929954053454974));
#2468=IFCCARTESIANPOINT((2.2237532808399068,0.43479330708659047,5.191354996573172));
#2469=IFCCARTESIANPOINT((2.2237532808399068,0.43479330708659047,5.3248441714176069));
#2470=IFCCARTESIANPOINT((2.2303149606299324,0.42823162729656433,5.3256643722967096));
#2471=IFCCARTESIANPOINT((2.2303149606299328,0.42823162729656433,5.7236712613211651));
#2472=IFCCARTESIANPOINT((2.2237532808399068,0.43479330708659047,5.7253116700934905));
#2473=IFCCARTESIANPOINT((2.2237532808399068,0.43479330708659047,5.8588008449379263));
#2474=IFCCARTESIANPOINT((2.2303149606299328,0.42823162729656433,5.8563402282723782));
#2475=IFCCARTESIANPOINT((2.2303149606299324,0.42823162729656439,4.5296505942477987));
#2476=IFCCARTESIANPOINT((2.2237532808399068,0.43479330708659042,4.5239091223509957));
#2477=IFCCARTESIANPOINT((2.2237532808399068,0.43479330708659042,4.5906537097732132));
#2478=IFCCARTESIANPOINT((2.2237532808399068,0.43479330708659047,6.445242526186389));
#2479=IFCCARTESIANPOINT((2.2303149606299328,0.42823162729656428,6.4533505499798789));
#2480=IFCCARTESIANPOINT((2.2237532808399068,0.43479330708659042,4.4714241404802735));
#2481=IFCCARTESIANPOINT((2.2303149606299324,0.42823162729656433,4.4633161048576016));
#2482=IFCCARTESIANPOINT((2.2303149606299328,0.42823162729656428,6.1216781503456206));
#2483=IFCCARTESIANPOINT((2.2237532808399068,0.43479330708659047,6.125779194626797));
#2484=IFCCARTESIANPOINT((2.2237532808399068,0.43479330708659047,6.1925237820490144));
#2485=IFCCARTESIANPOINT((2.2303149606299328,0.42823162729656433,5.0603264502234673));
#2486=IFCCARTESIANPOINT((2.2237532808399068,0.43479330708659047,5.0578658217287362));
#2487=IFCCARTESIANPOINT((2.2237532808399068,0.43479330708659047,5.1246104091509537));
#2488=IFCCARTESIANPOINT((2.2237532808399068,0.43479330708659047,5.5918224952490556));
#2489=IFCCARTESIANPOINT((2.2303149606299328,0.42823162729656433,5.5910022943699529));
#2490=IFCCARTESIANPOINT((2.2303149606299328,0.42823162729656433,5.5246678168089378));
#2491=IFCCARTESIANPOINT((2.2237532808399068,0.43479330708659047,6.4857446226732458));
#2492=IFCCARTESIANPOINT((2.2237532808399068,0.43479330708659047,4.4309220439934167));
#2493=IFCCARTESIANPOINT((2.2303149606299328,0.42823162729656428,6.4791829391492994));
#2494=IFCCARTESIANPOINT((2.2255333961471564,0.43029972468900518,6.4662667483070218));
#2495=IFCCARTESIANPOINT((2.2303149606299328,0.42823162729656428,6.4201833111993718));
#2496=IFCCARTESIANPOINT((2.2237532808399068,0.43479330708659047,6.4047404167708208));
#2497=IFCCARTESIANPOINT((2.2258642575733267,0.42997180483430919,6.4035996931361669));
#2498=IFCCARTESIANPOINT((2.2303149606299324,0.42823162729656439,4.4374837275173631));
#2499=IFCCARTESIANPOINT((2.2255333960110444,0.43029972483384032,4.4503999168334722));
#2500=IFCCARTESIANPOINT((2.2259429724526378,0.42990031607449664,4.4972339517904754));
#2501=IFCCARTESIANPOINT((2.2303149606299328,0.42823162729656428,6.3206815948578488));
#2502=IFCCARTESIANPOINT((2.226078727615306,0.42978232200253519,6.3630619077888655));
#2503=IFCCARTESIANPOINT((2.2237532808399068,0.43479330708659047,6.3117533513419541));
#2504=IFCCARTESIANPOINT((2.2237532808399068,0.43479330708659047,5.2580995839953895));
#2505=IFCCARTESIANPOINT((2.2303149606299324,0.42823162729656433,5.2593298829065125));
#2506=IFCCARTESIANPOINT((2.2303149606299328,0.42823162729656433,5.3919988616869059));
#2507=IFCCARTESIANPOINT((2.2237532808399068,0.43479330708659047,5.3915887459111138));
#2508=IFCCARTESIANPOINT((2.2237532808399068,0.43479330708659047,5.6585670826712731));
#2509=IFCCARTESIANPOINT((2.2303149606299328,0.42823162729656433,5.657336771930968));
#2510=IFCCARTESIANPOINT((2.2303149606299324,0.42823162729656439,4.861322993882057));
#2511=IFCCARTESIANPOINT((2.2237532808399068,0.43479330708659047,4.8576320594620839));
#2512=IFCCARTESIANPOINT((2.2237532808399068,0.43479330708659047,5.9255454323601437));
#2513=IFCCARTESIANPOINT((2.2303149606299328,0.42823162729656433,5.9226747058333924));
#2514=IFCCARTESIANPOINT((2.2303149606299328,0.42823162729656433,5.7900057507113623));
#2515=IFCCARTESIANPOINT((2.2237532808399068,0.43479330708659047,5.7920562575157089));
#2516=IFCCARTESIANPOINT((2.2303149606299328,0.42823162729656433,6.0553436609554243));
#2517=IFCCARTESIANPOINT((2.2237532808399068,0.43479330708659047,6.0590346072045795));
#2518=IFCCARTESIANPOINT((2.2237532808399068,0.43479330708659047,4.9911212343065188));
#2519=IFCCARTESIANPOINT((2.2303149606299328,0.42823162729656433,4.9939919726624513));
#2520=IFCCARTESIANPOINT((2.2303149606299324,0.42823162729656433,4.7286540387600269));
#2521=IFCCARTESIANPOINT((2.2237532808399068,0.43479330708659042,4.7241428846176481));
#2522=IFCCARTESIANPOINT((2.2258704538302263,0.42996609246797263,6.2855108532317709));
#2523=IFCCARTESIANPOINT((2.2303149606299328,0.42823162729656433,6.3538488336383558));
#2524=IFCCARTESIANPOINT((2.2256150539244972,0.43021438596616923,6.2477361221769101));
#2525=IFCCARTESIANPOINT((2.2303149606299328,0.42823162729656433,6.1880126397358177));
#2526=IFCCARTESIANPOINT((2.2303149606299328,0.42823162729656428,6.2211798785163257));
#2527=IFCCARTESIANPOINT((2.2257635587212596,0.4300667457220716,6.2045962438077025));
#2528=IFCCARTESIANPOINT((2.225708305617804,0.43012058076611465,6.1565041567143162));
#2529=IFCCARTESIANPOINT((2.2237532808399068,0.43479330708659047,6.2258960822244784));
#2530=IFCCARTESIANPOINT((2.2255941635625875,0.43023592662016191,6.322971570180246));
#2531=IFCCARTESIANPOINT((2.2256137164064889,0.43021575922574029,4.5347297485692373));
#2532=IFCCARTESIANPOINT((2.2303149606299324,0.42823162729656439,4.5959850836379958));
#2533=IFCCARTESIANPOINT((2.2303149606299324,0.42823162729656433,4.5628178330283067));
#2534=IFCCARTESIANPOINT((2.22577678068797,0.43005404928803154,4.5794014506723499));
#2535=IFCCARTESIANPOINT((2.2257202924265322,0.43010879368950239,4.6272315094368448));
#2536=IFCCARTESIANPOINT((2.2237532808399068,0.43479330708659042,4.5572814095977492));
#2537=IFCCARTESIANPOINT((2.2303149606299324,0.42823162729656433,5.1266609277844815));
#2538=IFCCARTESIANPOINT((2.2257653146793941,0.43006505546558044,5.093493680550317));
#2539=IFCCARTESIANPOINT((2.2237532808399068,0.43479330708659047,5.5250779207555496));
#2540=IFCCARTESIANPOINT((2.2303149606299324,0.42823162729656439,4.4964833554672907));
#2541=IFCCARTESIANPOINT((2.2256033608924333,0.43022641869508882,5.2247272753424205));
#2542=IFCCARTESIANPOINT((2.2256208641287909,0.4302084298030851,5.2914718615677474));
#2543=IFCCARTESIANPOINT((2.2256751521524487,0.4301534990130701,5.425166086956521));
#2544=IFCCARTESIANPOINT((2.2256935057714125,0.43013521770815455,5.3588316056707566));
#2545=IFCCARTESIANPOINT((2.2256033608736585,0.43022641871445866,5.6919393789928083));
#2546=IFCCARTESIANPOINT((2.2257117016504213,0.4301172351844077,5.6241695308448811));
#2547=IFCCARTESIANPOINT((2.2258174065083001,0.43001547822927244,4.8944902367236676));
#2548=IFCCARTESIANPOINT((2.2258344198598179,0.42999951984953311,4.8281557554496377));
#2549=IFCCARTESIANPOINT((2.2255362479163532,0.43029669208551347,5.9589177241873319));
#2550=IFCCARTESIANPOINT((2.2257828511503295,0.43004824382761003,5.8895074561840834));
#2551=IFCCARTESIANPOINT((2.2257476089240851,0.43008215647745807,5.7568384934788188));
#2552=IFCCARTESIANPOINT((2.2255692291228426,0.43026189735788006,5.8254285515378443));
#2553=IFCCARTESIANPOINT((2.2258174063924252,0.43001547833834963,6.022176419050429));
#2554=IFCCARTESIANPOINT((2.2255043985233023,0.4303307815813312,6.0924068970945822));
#2555=IFCCARTESIANPOINT((2.2255362479648526,0.43029669203397136,4.9577489304564155));
#2556=IFCCARTESIANPOINT((2.225552595926811,0.43027938151107437,5.0244935166761788));
#2557=IFCCARTESIANPOINT((2.2258512535962112,0.42998384129671929,4.7618212741761745));
#2558=IFCCARTESIANPOINT((2.2258679052001722,0.42996844028309478,4.69548679290319));
#2559=IFCCARTESIANPOINT((2.2303149606299328,0.42823162729656433,6.2875143560773399));
#2560=IFCCARTESIANPOINT((2.2237532808399068,0.43479330708659047,6.1591514818735495));
#2561=IFCCARTESIANPOINT((2.2303149606299328,0.42823162729656433,6.1548453891261286));
#2562=IFCCARTESIANPOINT((2.2237532808399068,0.43479330708659047,4.6240260099486772));
#2563=IFCCARTESIANPOINT((2.2303149606299324,0.42823162729656439,4.6291523224185038));
#2564=IFCCARTESIANPOINT((2.2255861500315968,0.43024424212861256,5.1579826891189384));
#2565=IFCCARTESIANPOINT((2.2303149606299324,0.42823162729656433,5.0934936890039744));
#2566=IFCCARTESIANPOINT((2.2237532808399068,0.43479330708659047,5.0912381089754897));
#2567=IFCCARTESIANPOINT((2.2256751521024674,0.4301534990630515,5.4915005682467291));
#2568=IFCCARTESIANPOINT((2.2256386621493203,0.43019027828078688,5.5584502064968593));
#2569=IFCCARTESIANPOINT((2.2237532808399068,0.43479330708659047,5.2247272838199255));
#2570=IFCCARTESIANPOINT((2.2303149606299324,0.42823162729656433,5.2261626441260045));
#2571=IFCCARTESIANPOINT((2.2237532808399068,0.43479330708659047,5.2914718841708535));
#2572=IFCCARTESIANPOINT((2.2303149606299324,0.42823162729656433,5.2924971335162017));
#2573=IFCCARTESIANPOINT((2.2259942657601814,0.42985496348682539,5.258089537977698));
#2574=IFCCARTESIANPOINT((2.2303149606299328,0.42823162729656433,5.4251661004674148));
#2575=IFCCARTESIANPOINT((2.2237532808399068,0.43479330708659047,5.4249610331578673));
#2576=IFCCARTESIANPOINT((2.2303149606299328,0.42823162729656433,5.3588316110772176));
#2577=IFCCARTESIANPOINT((2.2259673795398278,0.42987861682861883,5.3251186394506433));
#2578=IFCCARTESIANPOINT((2.2237532808399068,0.43479330708659047,5.3582164586643604));
#2579=IFCCARTESIANPOINT((2.2253564495488178,0.43049577180165144,5.3919893416324367));
#2580=IFCCARTESIANPOINT((2.2237532808399068,0.43479330708659047,5.6919393828467379));
#2581=IFCCARTESIANPOINT((2.2303149606299328,0.42823162729656433,5.690504022540658));
#2582=IFCCARTESIANPOINT((2.2303149606299328,0.42823162729656433,5.6241695331504609));
#2583=IFCCARTESIANPOINT((2.2237532808399068,0.43479330708659047,5.6251947824958082));
#2584=IFCCARTESIANPOINT((2.2254155294977673,0.43042853719024909,5.6580139082595098));
#2585=IFCCARTESIANPOINT((2.2303149606299324,0.42823162729656433,4.8944902444917471));
#2586=IFCCARTESIANPOINT((2.2237532808399068,0.43479330708659047,4.8910043596375479));
#2587=IFCCARTESIANPOINT((2.2303149606299324,0.42823162729656433,4.8281557551015499));
#2588=IFCCARTESIANPOINT((2.2237532808399068,0.43479330708659047,4.824259759286619));
#2589=IFCCARTESIANPOINT((2.2253542485634896,0.43049831262085669,4.8613108716347195));
#2590=IFCCARTESIANPOINT((2.2237532808399068,0.43479330708659047,5.9589177325356086));
#2591=IFCCARTESIANPOINT((2.2303149606299328,0.42823162729656433,5.9558419446139013));
#2592=IFCCARTESIANPOINT((2.2303149606299328,0.42823162729656433,5.8895074670528853));
#2593=IFCCARTESIANPOINT((2.2237532808399068,0.43479330708659047,5.8921731321846789));
#2594=IFCCARTESIANPOINT((2.2254877888993918,0.43034875370624898,5.9241497259964477));
#2595=IFCCARTESIANPOINT((2.2303149606299328,0.42823162729656433,5.7568385001016722));
#2596=IFCCARTESIANPOINT((2.2237532808399068,0.43479330708659047,5.7586839573402449));
#2597=IFCCARTESIANPOINT((2.2237532808399068,0.43479330708659047,5.825428557691172));
#2598=IFCCARTESIANPOINT((2.2303149606299328,0.42823162729656433,5.8231729894918693));
#2599=IFCCARTESIANPOINT((2.2259086448644045,0.42993120640465332,5.7911984537873797));
#2600=IFCCARTESIANPOINT((2.2303149606299328,0.42823162729656428,6.0221764221749154));
#2601=IFCCARTESIANPOINT((2.2237532808399068,0.43479330708659047,6.0256623070291138));
#2602=IFCCARTESIANPOINT((2.2237532808399068,0.43479330708659047,6.0924069073800435));
#2603=IFCCARTESIANPOINT((2.2303149606299328,0.42823162729656433,6.0885109115651126));
#2604=IFCCARTESIANPOINT((2.2258302087248345,0.43000345927934708,6.0573684588513759));
#2605=IFCCARTESIANPOINT((2.2237532808399068,0.43479330708659047,4.9577489341310548));
#2606=IFCCARTESIANPOINT((2.2303149606299328,0.42823162729656439,4.9608247220527621));
#2607=IFCCARTESIANPOINT((2.2237532808399068,0.43479330708659047,5.0244935344819828));
#2608=IFCCARTESIANPOINT((2.2254694945378741,0.43036870540761984,5.0590540923011655));
#2609=IFCCARTESIANPOINT((2.2303149606299328,0.42823162729656439,5.0271592114429593));
#2610=IFCCARTESIANPOINT((2.2259957491743272,0.42985366599956754,4.9911099060373614));
#2611=IFCCARTESIANPOINT((2.2303149606299324,0.42823162729656433,4.761821277540534));
#2612=IFCCARTESIANPOINT((2.2237532808399068,0.43479330708659047,4.757515184793113));
#2613=IFCCARTESIANPOINT((2.225352378347015,0.43050047366889221,4.7949761009801772));
#2614=IFCCARTESIANPOINT((2.2303149606299324,0.42823162729656439,4.6954867999795189));
#2615=IFCCARTESIANPOINT((2.2259324028233425,0.42990978082591258,4.6613305900856421));
#2616=IFCCARTESIANPOINT((2.2237532808399068,0.43479330708659042,4.6907705844421841));
#2617=IFCCARTESIANPOINT((2.2253501603168764,0.43050303908583443,4.7286413394750317));
#2618=IFCCARTESIANPOINT((2.2237532808399068,0.43479330708659047,5.1579827093264186));
#2619=IFCCARTESIANPOINT((2.2253672664105331,0.43048332291281954,5.1913613077129073));
#2620=IFCCARTESIANPOINT((2.2303149606299328,0.42823162729656433,5.1598281665649894));
#2621=IFCCARTESIANPOINT((2.2303149606299328,0.42823162729656433,5.4915005780284298));
#2622=IFCCARTESIANPOINT((2.2260181056704131,0.42983420645001441,5.4583333276369448));
#2623=IFCCARTESIANPOINT((2.2237532808399063,0.43479330708659047,5.4917056335087953));
#2624=IFCCARTESIANPOINT((2.2237532808399068,0.43479330708659047,5.5584502080023022));
#2625=IFCCARTESIANPOINT((2.2303149606299328,0.42823162729656433,5.5578350555894449));
#2626=IFCCARTESIANPOINT((2.2259869355309942,0.42986138652662659,5.5249931444840588));
#2627=IFCCARTESIANPOINT((2.2237532808399063,0.44791666666664304,4.39041994750656));
#2628=IFCCARTESIANPOINT((2.4992177050101105,0.44463582677163049,4.4560367454068235));
#2629=IFCCARTESIANPOINT((2.4583333333333428,0.42823162729656472,4.439632545931758));
#2630=IFCCARTESIANPOINT((2.417448961656576,0.44463582677163022,4.4560367454068235));
#2631=IFCCARTESIANPOINT((2.4583333412256434,0.43349803738436543,4.4516761088590098));
#2632=IFCCARTESIANPOINT((2.4010447628137559,0.42823162729656455,4.4396325459317572));
#2633=IFCCARTESIANPOINT((2.5156219038529293,0.42823162729656494,4.439632545931758));
#2634=IFCCARTESIANPOINT((2.3710696239500155,0.43481500699245301,4.4527721524434716));
#2635=IFCCARTESIANPOINT((2.5455970531045313,0.43481500717398064,4.4527721525791488));
#2636=IFCCARTESIANPOINT((2.5243433105458895,0.42823162729656522,4.3969816272965865));
#2637=IFCCARTESIANPOINT((2.4583333333333428,0.43479330708659125,4.39041994750656));
#2638=IFCCARTESIANPOINT((2.3857616774607786,0.43479330708659103,4.39041994750656));
#2639=IFCCARTESIANPOINT((2.5756233579159895,0.43479330708659158,4.39041994750656));
#2640=IFCCARTESIANPOINT((2.3773291336174029,0.42823162729656478,4.3969816272965865));
#2641=IFCCARTESIANPOINT((2.4508362220816462,0.428231627296565,4.3969816272965865));
#2642=IFCCARTESIANPOINT((2.6053475102618293,0.4282316272965655,4.3969816272965865));
#2643=IFCCARTESIANPOINT((2.30475747748627,0.43479330708659075,4.39041994750656));
#2644=IFCCARTESIANPOINT((2.3038220451531601,0.4282316272965645,4.3969816272965865));
#2645=IFCCARTESIANPOINT((2.3405755893852818,0.42823162729656461,4.3969816272965865));
#2646=IFCCARTESIANPOINT((2.6119091858522716,0.4347933070865917,4.39041994750656));
#2647=IFCCARTESIANPOINT((2.6458496061787846,0.42823162729656561,4.3969816272965865));
#2648=IFCCARTESIANPOINT((2.2642553808271595,0.43479330708659064,4.39041994750656));
#2649=IFCCARTESIANPOINT((2.3452595774735245,0.43479330708659086,4.39041994750656));
#2650=IFCCARTESIANPOINT((2.6524112858395257,0.43479330708659181,4.39041994750656));
#2651=IFCCARTESIANPOINT((2.2708170604879019,0.42823162729656439,4.3969816272965865));
#2652=IFCCARTESIANPOINT((2.2873195552593599,0.43017505918387,4.3923203583732295));
#2653=IFCCARTESIANPOINT((2.5937662748872445,0.43028750725893172,4.3922115738818022));
#2654=IFCCARTESIANPOINT((2.5169783456246662,0.43479330708659142,4.39041994750656));
#2655=IFCCARTESIANPOINT((2.4875897663137678,0.42823162729656511,4.3969816272965865));
#2656=IFCCARTESIANPOINT((2.5490110272167832,0.43022155125321559,4.3922747503843622));
#2657=IFCCARTESIANPOINT((2.3589523666056973,0.43005284979394531,4.3924447003274318));
#2658=IFCCARTESIANPOINT((2.5059665417648738,0.43000919311891678,4.3924907593168818));
#2659=IFCCARTESIANPOINT((2.4004755043582278,0.42994231328872068,4.3925630867185381));
#2660=IFCCARTESIANPOINT((2.5648454104038594,0.42823162729656539,4.3969816272965865));
#2661=IFCCARTESIANPOINT((2.3232370268987053,0.43072345872064516,4.3918345916502117));
#2662=IFCCARTESIANPOINT((2.4220475053970607,0.43479330708659114,4.39041994750656));
#2663=IFCCARTESIANPOINT((2.4401904219169093,0.43030201040207106,4.3921979157920683));
#2664=IFCCARTESIANPOINT((2.4140826778495246,0.42823162729656489,4.3969816272965865));
#2665=IFCCARTESIANPOINT((2.653871713699016,0.43011153442275563,4.392384166433132));
#2666=IFCPOLYLOOP((#2109,#2110,#2111,#2108));
#2667=IFCFACEOUTERBOUND(#2666,.T.);
#2668=IFCFACE((#2667));
#2669=IFCPOLYLOOP((#2115,#2112,#2140,#2130,#2131,#2124,#2155,#2133,#2160,#2123,#2146,#2137,#2138,#2125,#2151,#2127,#2128,#2113,#2114));
#2670=IFCFACEOUTERBOUND(#2669,.T.);
#2671=IFCFACE((#2670));
#2672=IFCPOLYLOOP((#2126,#2139,#2148));
#2673=IFCFACEOUTERBOUND(#2672,.T.);
#2674=IFCFACE((#2673));
#2675=IFCPOLYLOOP((#2153,#2157,#2141));
#2676=IFCFACEOUTERBOUND(#2675,.T.);
#2677=IFCFACE((#2676));
#2678=IFCPOLYLOOP((#2165,#2164,#2140));
#2679=IFCFACEOUTERBOUND(#2678,.T.);
#2680=IFCFACE((#2679));
#2681=IFCPOLYLOOP((#2148,#2150,#2126));
#2682=IFCFACEOUTERBOUND(#2681,.T.);
#2683=IFCFACE((#2682));
#2684=IFCPOLYLOOP((#2130,#2140,#2164));
#2685=IFCFACEOUTERBOUND(#2684,.T.);
#2686=IFCFACE((#2685));
#2687=IFCPOLYLOOP((#2144,#2143,#2142));
#2688=IFCFACEOUTERBOUND(#2687,.T.);
#2689=IFCFACE((#2688));
#2690=IFCPOLYLOOP((#2153,#2124,#2131));
#2691=IFCFACEOUTERBOUND(#2690,.T.);
#2692=IFCFACE((#2691));
#2693=IFCPOLYLOOP((#2156,#2135,#2134));
#2694=IFCFACEOUTERBOUND(#2693,.T.);
#2695=IFCFACE((#2694));
#2696=IFCPOLYLOOP((#2166,#2147,#2145));
#2697=IFCFACEOUTERBOUND(#2696,.T.);
#2698=IFCFACE((#2697));
#2699=IFCPOLYLOOP((#2158,#2161,#2160));
#2700=IFCFACEOUTERBOUND(#2699,.T.);
#2701=IFCFACE((#2700));
#2702=IFCPOLYLOOP((#2149,#2150,#2163));
#2703=IFCFACEOUTERBOUND(#2702,.T.);
#2704=IFCFACE((#2703));
#2705=IFCPOLYLOOP((#2118,#2113,#2152));
#2706=IFCFACEOUTERBOUND(#2705,.T.);
#2707=IFCFACE((#2706));
#2708=IFCPOLYLOOP((#2152,#2148,#2139));
#2709=IFCFACEOUTERBOUND(#2708,.T.);
#2710=IFCFACE((#2709));
#2711=IFCPOLYLOOP((#2132,#2164,#2165));
#2712=IFCFACEOUTERBOUND(#2711,.T.);
#2713=IFCFACE((#2712));
#2714=IFCPOLYLOOP((#2158,#2156,#2134));
#2715=IFCFACEOUTERBOUND(#2714,.T.);
#2716=IFCFACE((#2715));
#2717=IFCPOLYLOOP((#2153,#2131,#2157));
#2718=IFCFACEOUTERBOUND(#2717,.T.);
#2719=IFCFACE((#2718));
#2720=IFCPOLYLOOP((#2165,#2140,#2112));
#2721=IFCFACEOUTERBOUND(#2720,.T.);
#2722=IFCFACE((#2721));
#2723=IFCPOLYLOOP((#2165,#2119,#2116));
#2724=IFCFACEOUTERBOUND(#2723,.T.);
#2725=IFCFACE((#2724));
#2726=IFCPOLYLOOP((#2153,#2121,#2154));
#2727=IFCFACEOUTERBOUND(#2726,.T.);
#2728=IFCFACE((#2727));
#2729=IFCPOLYLOOP((#2155,#2154,#2156));
#2730=IFCFACEOUTERBOUND(#2729,.T.);
#2731=IFCFACE((#2730));
#2732=IFCPOLYLOOP((#2144,#2142,#2122));
#2733=IFCFACEOUTERBOUND(#2732,.T.);
#2734=IFCFACE((#2733));
#2735=IFCPOLYLOOP((#2145,#2143,#2137));
#2736=IFCFACEOUTERBOUND(#2735,.T.);
#2737=IFCFACE((#2736));
#2738=IFCPOLYLOOP((#2143,#2138,#2137));
#2739=IFCFACEOUTERBOUND(#2738,.T.);
#2740=IFCFACE((#2739));
#2741=IFCPOLYLOOP((#2152,#2139,#2117));
#2742=IFCFACEOUTERBOUND(#2741,.T.);
#2743=IFCFACE((#2742));
#2744=IFCPOLYLOOP((#2128,#2127,#2148));
#2745=IFCFACEOUTERBOUND(#2744,.T.);
#2746=IFCFACE((#2745));
#2747=IFCPOLYLOOP((#2145,#2136,#2143));
#2748=IFCFACEOUTERBOUND(#2747,.T.);
#2749=IFCFACE((#2748));
#2750=IFCPOLYLOOP((#2164,#2129,#2157));
#2751=IFCFACEOUTERBOUND(#2750,.T.);
#2752=IFCFACE((#2751));
#2753=IFCPOLYLOOP((#2142,#2143,#2136));
#2754=IFCFACEOUTERBOUND(#2753,.T.);
#2755=IFCFACE((#2754));
#2756=IFCPOLYLOOP((#2138,#2143,#2144));
#2757=IFCFACEOUTERBOUND(#2756,.T.);
#2758=IFCFACE((#2757));
#2759=IFCPOLYLOOP((#2144,#2125,#2138));
#2760=IFCFACEOUTERBOUND(#2759,.T.);
#2761=IFCFACE((#2760));
#2762=IFCPOLYLOOP((#2163,#2125,#2144));
#2763=IFCFACEOUTERBOUND(#2762,.T.);
#2764=IFCFACE((#2763));
#2765=IFCPOLYLOOP((#2162,#2120,#2147));
#2766=IFCFACEOUTERBOUND(#2765,.T.);
#2767=IFCFACE((#2766));
#2768=IFCPOLYLOOP((#2147,#2136,#2145));
#2769=IFCFACEOUTERBOUND(#2768,.T.);
#2770=IFCFACE((#2769));
#2771=IFCPOLYLOOP((#2162,#2161,#2120));
#2772=IFCFACEOUTERBOUND(#2771,.T.);
#2773=IFCFACE((#2772));
#2774=IFCPOLYLOOP((#2145,#2137,#2146));
#2775=IFCFACEOUTERBOUND(#2774,.T.);
#2776=IFCFACE((#2775));
#2777=IFCPOLYLOOP((#2152,#2128,#2148));
#2778=IFCFACEOUTERBOUND(#2777,.T.);
#2779=IFCFACE((#2778));
#2780=IFCPOLYLOOP((#2128,#2152,#2113));
#2781=IFCFACEOUTERBOUND(#2780,.T.);
#2782=IFCFACE((#2781));
#2783=IFCPOLYLOOP((#2127,#2150,#2148));
#2784=IFCFACEOUTERBOUND(#2783,.T.);
#2785=IFCFACE((#2784));
#2786=IFCPOLYLOOP((#2150,#2149,#2126));
#2787=IFCFACEOUTERBOUND(#2786,.T.);
#2788=IFCFACE((#2787));
#2789=IFCPOLYLOOP((#2163,#2151,#2125));
#2790=IFCFACEOUTERBOUND(#2789,.T.);
#2791=IFCFACE((#2790));
#2792=IFCPOLYLOOP((#2149,#2163,#2122));
#2793=IFCFACEOUTERBOUND(#2792,.T.);
#2794=IFCFACE((#2793));
#2795=IFCPOLYLOOP((#2150,#2127,#2151));
#2796=IFCFACEOUTERBOUND(#2795,.T.);
#2797=IFCFACE((#2796));
#2798=IFCPOLYLOOP((#2118,#2152,#2117));
#2799=IFCFACEOUTERBOUND(#2798,.T.);
#2800=IFCFACE((#2799));
#2801=IFCPOLYLOOP((#2124,#2153,#2154));
#2802=IFCFACEOUTERBOUND(#2801,.T.);
#2803=IFCFACE((#2802));
#2804=IFCPOLYLOOP((#2121,#2153,#2141));
#2805=IFCFACEOUTERBOUND(#2804,.T.);
#2806=IFCFACE((#2805));
#2807=IFCPOLYLOOP((#2158,#2133,#2156));
#2808=IFCFACEOUTERBOUND(#2807,.T.);
#2809=IFCFACE((#2808));
#2810=IFCPOLYLOOP((#2154,#2121,#2135));
#2811=IFCFACEOUTERBOUND(#2810,.T.);
#2812=IFCFACE((#2811));
#2813=IFCPOLYLOOP((#2155,#2124,#2154));
#2814=IFCFACEOUTERBOUND(#2813,.T.);
#2815=IFCFACE((#2814));
#2816=IFCPOLYLOOP((#2133,#2155,#2156));
#2817=IFCFACEOUTERBOUND(#2816,.T.);
#2818=IFCFACE((#2817));
#2819=IFCPOLYLOOP((#2135,#2156,#2154));
#2820=IFCFACEOUTERBOUND(#2819,.T.);
#2821=IFCFACE((#2820));
#2822=IFCPOLYLOOP((#2141,#2157,#2129));
#2823=IFCFACEOUTERBOUND(#2822,.T.);
#2824=IFCFACE((#2823));
#2825=IFCPOLYLOOP((#2157,#2131,#2130));
#2826=IFCFACEOUTERBOUND(#2825,.T.);
#2827=IFCFACE((#2826));
#2828=IFCPOLYLOOP((#2123,#2160,#2161));
#2829=IFCFACEOUTERBOUND(#2828,.T.);
#2830=IFCFACE((#2829));
#2831=IFCPOLYLOOP((#2160,#2133,#2158));
#2832=IFCFACEOUTERBOUND(#2831,.T.);
#2833=IFCFACE((#2832));
#2834=IFCPOLYLOOP((#2159,#2120,#2161));
#2835=IFCFACEOUTERBOUND(#2834,.T.);
#2836=IFCFACE((#2835));
#2837=IFCPOLYLOOP((#2158,#2134,#2159));
#2838=IFCFACEOUTERBOUND(#2837,.T.);
#2839=IFCFACE((#2838));
#2840=IFCPOLYLOOP((#2162,#2123,#2161));
#2841=IFCFACEOUTERBOUND(#2840,.T.);
#2842=IFCFACE((#2841));
#2843=IFCPOLYLOOP((#2159,#2161,#2158));
#2844=IFCFACEOUTERBOUND(#2843,.T.);
#2845=IFCFACE((#2844));
#2846=IFCPOLYLOOP((#2162,#2146,#2123));
#2847=IFCFACEOUTERBOUND(#2846,.T.);
#2848=IFCFACE((#2847));
#2849=IFCPOLYLOOP((#2166,#2146,#2162));
#2850=IFCFACEOUTERBOUND(#2849,.T.);
#2851=IFCFACE((#2850));
#2852=IFCPOLYLOOP((#2150,#2151,#2163));
#2853=IFCFACEOUTERBOUND(#2852,.T.);
#2854=IFCFACE((#2853));
#2855=IFCPOLYLOOP((#2122,#2163,#2144));
#2856=IFCFACEOUTERBOUND(#2855,.T.);
#2857=IFCFACE((#2856));
#2858=IFCPOLYLOOP((#2130,#2164,#2157));
#2859=IFCFACEOUTERBOUND(#2858,.T.);
#2860=IFCFACE((#2859));
#2861=IFCPOLYLOOP((#2129,#2164,#2132));
#2862=IFCFACEOUTERBOUND(#2861,.T.);
#2863=IFCFACE((#2862));
#2864=IFCPOLYLOOP((#2132,#2165,#2116));
#2865=IFCFACEOUTERBOUND(#2864,.T.);
#2866=IFCFACE((#2865));
#2867=IFCPOLYLOOP((#2119,#2165,#2112));
#2868=IFCFACEOUTERBOUND(#2867,.T.);
#2869=IFCFACE((#2868));
#2870=IFCPOLYLOOP((#2147,#2166,#2162));
#2871=IFCFACEOUTERBOUND(#2870,.T.);
#2872=IFCFACE((#2871));
#2873=IFCPOLYLOOP((#2166,#2145,#2146));
#2874=IFCFACEOUTERBOUND(#2873,.T.);
#2875=IFCFACE((#2874));
#2876=IFCPOLYLOOP((#2220,#2219,#2201));
#2877=IFCFACEOUTERBOUND(#2876,.T.);
#2878=IFCFACE((#2877));
#2879=IFCPOLYLOOP((#2298,#2189,#2264));
#2880=IFCFACEOUTERBOUND(#2879,.T.);
#2881=IFCFACE((#2880));
#2882=IFCPOLYLOOP((#2268,#2308,#2333));
#2883=IFCFACEOUTERBOUND(#2882,.T.);
#2884=IFCFACE((#2883));
#2885=IFCPOLYLOOP((#2338,#2207,#2284));
#2886=IFCFACEOUTERBOUND(#2885,.T.);
#2887=IFCFACE((#2886));
#2888=IFCPOLYLOOP((#2250,#2242,#2221));
#2889=IFCFACEOUTERBOUND(#2888,.T.);
#2890=IFCFACE((#2889));
#2891=IFCPOLYLOOP((#2222,#2186,#2217));
#2892=IFCFACEOUTERBOUND(#2891,.T.);
#2893=IFCFACE((#2892));
#2894=IFCPOLYLOOP((#2312,#2233,#2270,#2194));
#2895=IFCFACEOUTERBOUND(#2894,.T.);
#2896=IFCFACE((#2895));
#2897=IFCPOLYLOOP((#2253,#2254,#2251));
#2898=IFCFACEOUTERBOUND(#2897,.T.);
#2899=IFCFACE((#2898));
#2900=IFCPOLYLOOP((#2215,#2199,#2213,#2214));
#2901=IFCFACEOUTERBOUND(#2900,.T.);
#2902=IFCFACE((#2901));
#2903=IFCPOLYLOOP((#2210,#2345,#2346,#2341));
#2904=IFCFACEOUTERBOUND(#2903,.T.);
#2905=IFCFACE((#2904));
#2906=IFCPOLYLOOP((#2278,#2336,#2335));
#2907=IFCFACEOUTERBOUND(#2906,.T.);
#2908=IFCFACE((#2907));
#2909=IFCPOLYLOOP((#2252,#2254,#2253));
#2910=IFCFACEOUTERBOUND(#2909,.T.);
#2911=IFCFACE((#2910));
#2912=IFCPOLYLOOP((#2277,#2332,#2337));
#2913=IFCFACEOUTERBOUND(#2912,.T.);
#2914=IFCFACE((#2913));
#2915=IFCPOLYLOOP((#2267,#2306,#2309));
#2916=IFCFACEOUTERBOUND(#2915,.T.);
#2917=IFCFACE((#2916));
#2918=IFCPOLYLOOP((#2242,#2184,#2244));
#2919=IFCFACEOUTERBOUND(#2918,.T.);
#2920=IFCFACE((#2919));
#2921=IFCPOLYLOOP((#2237,#2324,#2274));
#2922=IFCFACEOUTERBOUND(#2921,.T.);
#2923=IFCFACE((#2922));
#2924=IFCPOLYLOOP((#2215,#2217,#2186));
#2925=IFCFACEOUTERBOUND(#2924,.T.);
#2926=IFCFACE((#2925));
#2927=IFCPOLYLOOP((#2169,#2170,#2218));
#2928=IFCFACEOUTERBOUND(#2927,.T.);
#2929=IFCFACE((#2928));
#2930=IFCPOLYLOOP((#2213,#2171,#2172));
#2931=IFCFACEOUTERBOUND(#2930,.T.);
#2932=IFCFACE((#2931));
#2933=IFCPOLYLOOP((#2261,#2290,#2293));
#2934=IFCFACEOUTERBOUND(#2933,.T.);
#2935=IFCFACE((#2934));
#2936=IFCPOLYLOOP((#2276,#2329,#2328));
#2937=IFCFACEOUTERBOUND(#2936,.T.);
#2938=IFCFACE((#2937));
#2939=IFCPOLYLOOP((#2262,#2292,#2297));
#2940=IFCFACEOUTERBOUND(#2939,.T.);
#2941=IFCFACE((#2940));
#2942=IFCPOLYLOOP((#2263,#2295,#2299));
#2943=IFCFACEOUTERBOUND(#2942,.T.);
#2944=IFCFACE((#2943));
#2945=IFCPOLYLOOP((#2287,#2341,#2346));
#2946=IFCFACEOUTERBOUND(#2945,.T.);
#2947=IFCFACE((#2946));
#2948=IFCPOLYLOOP((#2235,#2319,#2272));
#2949=IFCFACEOUTERBOUND(#2948,.T.);
#2950=IFCFACE((#2949));
#2951=IFCPOLYLOOP((#2317,#2235,#2272,#2193));
#2952=IFCFACEOUTERBOUND(#2951,.T.);
#2953=IFCFACE((#2952));
#2954=IFCPOLYLOOP((#2233,#2314,#2270));
#2955=IFCFACEOUTERBOUND(#2954,.T.);
#2956=IFCFACE((#2955));
#2957=IFCPOLYLOOP((#2172,#2211,#2214));
#2958=IFCFACEOUTERBOUND(#2957,.T.);
#2959=IFCFACE((#2958));
#2960=IFCPOLYLOOP((#2201,#2219,#2218));
#2961=IFCFACEOUTERBOUND(#2960,.T.);
#2962=IFCFACE((#2961));
#2963=IFCPOLYLOOP((#2195,#2251,#2220));
#2964=IFCFACEOUTERBOUND(#2963,.T.);
#2965=IFCFACE((#2964));
#2966=IFCPOLYLOOP((#2217,#2214,#2198));
#2967=IFCFACEOUTERBOUND(#2966,.T.);
#2968=IFCFACE((#2967));
#2969=IFCPOLYLOOP((#2220,#2251,#2196));
#2970=IFCFACEOUTERBOUND(#2969,.T.);
#2971=IFCFACE((#2970));
#2972=IFCPOLYLOOP((#2218,#2219,#2169));
#2973=IFCFACEOUTERBOUND(#2972,.T.);
#2974=IFCFACE((#2973));
#2975=IFCPOLYLOOP((#2204,#2248,#2247));
#2976=IFCFACEOUTERBOUND(#2975,.T.);
#2977=IFCFACE((#2976));
#2978=IFCPOLYLOOP((#2322,#2237,#2274,#2203));
#2979=IFCFACEOUTERBOUND(#2978,.T.);
#2980=IFCFACE((#2979));
#2981=IFCPOLYLOOP((#2245,#2246,#2247));
#2982=IFCFACEOUTERBOUND(#2981,.T.);
#2983=IFCFACE((#2982));
#2984=IFCPOLYLOOP((#2284,#2340,#2339));
#2985=IFCFACEOUTERBOUND(#2984,.T.);
#2986=IFCFACE((#2985));
#2987=IFCPOLYLOOP((#2275,#2326,#2330));
#2988=IFCFACEOUTERBOUND(#2987,.T.);
#2989=IFCFACE((#2988));
#2990=IFCPOLYLOOP((#2258,#2286,#2328));
#2991=IFCFACEOUTERBOUND(#2990,.T.);
#2992=IFCFACE((#2991));
#2993=IFCPOLYLOOP((#2229,#2304,#2266));
#2994=IFCFACEOUTERBOUND(#2993,.T.);
#2995=IFCFACE((#2994));
#2996=IFCPOLYLOOP((#2302,#2229,#2266,#2209));
#2997=IFCFACEOUTERBOUND(#2996,.T.);
#2998=IFCFACE((#2997));
#2999=IFCPOLYLOOP((#2342,#2294,#2176,#2341));
#3000=IFCFACEOUTERBOUND(#2999,.T.);
#3001=IFCFACE((#3000));
#3002=IFCPOLYLOOP((#2172,#2167,#2211));
#3003=IFCFACEOUTERBOUND(#3002,.T.);
#3004=IFCFACE((#3003));
#3005=IFCPOLYLOOP((#2212,#2168,#2169));
#3006=IFCFACEOUTERBOUND(#3005,.T.);
#3007=IFCFACE((#3006));
#3008=IFCPOLYLOOP((#2172,#2214,#2213));
#3009=IFCFACEOUTERBOUND(#3008,.T.);
#3010=IFCFACE((#3009));
#3011=IFCPOLYLOOP((#2214,#2211,#2198));
#3012=IFCFACEOUTERBOUND(#3011,.T.);
#3013=IFCFACE((#3012));
#3014=IFCPOLYLOOP((#2216,#2185,#2217,#2198));
#3015=IFCFACEOUTERBOUND(#3014,.T.);
#3016=IFCFACE((#3015));
#3017=IFCPOLYLOOP((#2215,#2214,#2217));
#3018=IFCFACEOUTERBOUND(#3017,.T.);
#3019=IFCFACE((#3018));
#3020=IFCPOLYLOOP((#2261,#2289,#2339));
#3021=IFCFACEOUTERBOUND(#3020,.T.);
#3022=IFCFACE((#3021));
#3023=IFCPOLYLOOP((#2212,#2169,#2219));
#3024=IFCFACEOUTERBOUND(#3023,.T.);
#3025=IFCFACE((#3024));
#3026=IFCPOLYLOOP((#2219,#2200,#2212));
#3027=IFCFACEOUTERBOUND(#3026,.T.);
#3028=IFCFACE((#3027));
#3029=IFCPOLYLOOP((#2200,#2219,#2220));
#3030=IFCFACEOUTERBOUND(#3029,.T.);
#3031=IFCFACE((#3030));
#3032=IFCPOLYLOOP((#2200,#2220,#2196));
#3033=IFCFACEOUTERBOUND(#3032,.T.);
#3034=IFCFACE((#3033));
#3035=IFCPOLYLOOP((#2260,#2195,#2220,#2201));
#3036=IFCFACEOUTERBOUND(#3035,.T.);
#3037=IFCFACE((#3036));
#3038=IFCPOLYLOOP((#2185,#2222,#2217));
#3039=IFCFACEOUTERBOUND(#3038,.T.);
#3040=IFCFACE((#3039));
#3041=IFCPOLYLOOP((#2243,#2186,#2222));
#3042=IFCFACEOUTERBOUND(#3041,.T.);
#3043=IFCFACE((#3042));
#3044=IFCPOLYLOOP((#2244,#2183,#2242));
#3045=IFCFACEOUTERBOUND(#3044,.T.);
#3046=IFCFACE((#3045));
#3047=IFCPOLYLOOP((#2223,#2184,#2242));
#3048=IFCFACEOUTERBOUND(#3047,.T.);
#3049=IFCFACE((#3048));
#3050=IFCPOLYLOOP((#2185,#2250,#2222));
#3051=IFCFACEOUTERBOUND(#3050,.T.);
#3052=IFCFACE((#3051));
#3053=IFCPOLYLOOP((#2291,#2224,#2262,#2189));
#3054=IFCFACEOUTERBOUND(#3053,.T.);
#3055=IFCFACE((#3054));
#3056=IFCPOLYLOOP((#2263,#2294,#2342));
#3057=IFCFACEOUTERBOUND(#3056,.T.);
#3058=IFCFACE((#3057));
#3059=IFCPOLYLOOP((#2296,#2226,#2264));
#3060=IFCFACEOUTERBOUND(#3059,.T.);
#3061=IFCFACE((#3060));
#3062=IFCPOLYLOOP((#2228,#2303,#2304,#2300));
#3063=IFCFACEOUTERBOUND(#3062,.T.);
#3064=IFCFACE((#3063));
#3065=IFCPOLYLOOP((#2265,#2300,#2304));
#3066=IFCFACEOUTERBOUND(#3065,.T.);
#3067=IFCFACE((#3066));
#3068=IFCPOLYLOOP((#2305,#2178,#2267,#2230));
#3069=IFCFACEOUTERBOUND(#3068,.T.);
#3070=IFCFACE((#3069));
#3071=IFCPOLYLOOP((#2307,#2230,#2268,#2182));
#3072=IFCFACEOUTERBOUND(#3071,.T.);
#3073=IFCFACE((#3072));
#3074=IFCPOLYLOOP((#2314,#2269,#2232));
#3075=IFCFACEOUTERBOUND(#3074,.T.);
#3076=IFCFACE((#3075));
#3077=IFCPOLYLOOP((#2310,#2232,#2269,#2174));
#3078=IFCFACEOUTERBOUND(#3077,.T.);
#3079=IFCFACE((#3078));
#3080=IFCPOLYLOOP((#2234,#2318,#2319,#2315));
#3081=IFCFACEOUTERBOUND(#3080,.T.);
#3082=IFCFACE((#3081));
#3083=IFCPOLYLOOP((#2271,#2315,#2319));
#3084=IFCFACEOUTERBOUND(#3083,.T.);
#3085=IFCFACE((#3084));
#3086=IFCPOLYLOOP((#2324,#2273,#2236));
#3087=IFCFACEOUTERBOUND(#3086,.T.);
#3088=IFCFACE((#3087));
#3089=IFCPOLYLOOP((#2320,#2236,#2273,#2177));
#3090=IFCFACEOUTERBOUND(#3089,.T.);
#3091=IFCFACE((#3090));
#3092=IFCPOLYLOOP((#2325,#2175,#2275,#2238));
#3093=IFCFACEOUTERBOUND(#3092,.T.);
#3094=IFCFACE((#3093));
#3095=IFCPOLYLOOP((#2327,#2238,#2276,#2206));
#3096=IFCFACEOUTERBOUND(#3095,.T.);
#3097=IFCFACE((#3096));
#3098=IFCPOLYLOOP((#2331,#2182,#2277,#2240));
#3099=IFCFACEOUTERBOUND(#3098,.T.);
#3100=IFCFACE((#3099));
#3101=IFCPOLYLOOP((#2334,#2240,#2278,#2179));
#3102=IFCFACEOUTERBOUND(#3101,.T.);
#3103=IFCFACE((#3102));
#3104=IFCPOLYLOOP((#2223,#2242,#2250));
#3105=IFCFACEOUTERBOUND(#3104,.T.);
#3106=IFCFACE((#3105));
#3107=IFCPOLYLOOP((#2279,#2221,#2242,#2183));
#3108=IFCFACEOUTERBOUND(#3107,.T.);
#3109=IFCFACE((#3108));
#3110=IFCPOLYLOOP((#2280,#2203,#2248,#2204));
#3111=IFCFACEOUTERBOUND(#3110,.T.);
#3112=IFCFACE((#3111));
#3113=IFCPOLYLOOP((#2221,#2243,#2250));
#3114=IFCFACEOUTERBOUND(#3113,.T.);
#3115=IFCFACE((#3114));
#3116=IFCPOLYLOOP((#2244,#2249,#2247));
#3117=IFCFACEOUTERBOUND(#3116,.T.);
#3118=IFCFACE((#3117));
#3119=IFCPOLYLOOP((#2247,#2246,#2244));
#3120=IFCFACEOUTERBOUND(#3119,.T.);
#3121=IFCFACE((#3120));
#3122=IFCPOLYLOOP((#2246,#2183,#2244));
#3123=IFCFACEOUTERBOUND(#3122,.T.);
#3124=IFCFACE((#3123));
#3125=IFCPOLYLOOP((#2248,#2245,#2247));
#3126=IFCFACEOUTERBOUND(#3125,.T.);
#3127=IFCFACE((#3126));
#3128=IFCPOLYLOOP((#2223,#2250,#2185));
#3129=IFCFACEOUTERBOUND(#3128,.T.);
#3130=IFCFACE((#3129));
#3131=IFCPOLYLOOP((#2281,#2245,#2248,#2202));
#3132=IFCFACEOUTERBOUND(#3131,.T.);
#3133=IFCFACE((#3132));
#3134=IFCPOLYLOOP((#2202,#2248,#2274));
#3135=IFCFACEOUTERBOUND(#3134,.T.);
#3136=IFCFACE((#3135));
#3137=IFCPOLYLOOP((#2204,#2247,#2249));
#3138=IFCFACEOUTERBOUND(#3137,.T.);
#3139=IFCFACE((#3138));
#3140=IFCPOLYLOOP((#2244,#2184,#2249));
#3141=IFCFACEOUTERBOUND(#3140,.T.);
#3142=IFCFACE((#3141));
#3143=IFCPOLYLOOP((#2222,#2250,#2243));
#3144=IFCFACEOUTERBOUND(#3143,.T.);
#3145=IFCFACE((#3144));
#3146=IFCPOLYLOOP((#2197,#2256,#2254));
#3147=IFCFACEOUTERBOUND(#3146,.T.);
#3148=IFCFACE((#3147));
#3149=IFCPOLYLOOP((#2254,#2255,#2197));
#3150=IFCFACEOUTERBOUND(#3149,.T.);
#3151=IFCFACE((#3150));
#3152=IFCPOLYLOOP((#2252,#2255,#2254));
#3153=IFCFACEOUTERBOUND(#3152,.T.);
#3154=IFCFACE((#3153));
#3155=IFCPOLYLOOP((#2251,#2254,#2256));
#3156=IFCFACEOUTERBOUND(#3155,.T.);
#3157=IFCFACE((#3156));
#3158=IFCPOLYLOOP((#2251,#2195,#2253));
#3159=IFCFACEOUTERBOUND(#3158,.T.);
#3160=IFCFACE((#3159));
#3161=IFCPOLYLOOP((#2282,#2197,#2255,#2180));
#3162=IFCFACEOUTERBOUND(#3161,.T.);
#3163=IFCFACE((#3162));
#3164=IFCPOLYLOOP((#2241,#2337,#2332));
#3165=IFCFACEOUTERBOUND(#3164,.T.);
#3166=IFCFACE((#3165));
#3167=IFCPOLYLOOP((#2255,#2283,#2335));
#3168=IFCFACEOUTERBOUND(#3167,.T.);
#3169=IFCFACE((#3168));
#3170=IFCPOLYLOOP((#2256,#2196,#2251));
#3171=IFCFACEOUTERBOUND(#3170,.T.);
#3172=IFCFACE((#3171));
#3173=IFCPOLYLOOP((#2239,#2330,#2326));
#3174=IFCFACEOUTERBOUND(#3173,.T.);
#3175=IFCFACE((#3174));
#3176=IFCPOLYLOOP((#2285,#2257,#2258,#2205));
#3177=IFCFACEOUTERBOUND(#3176,.T.);
#3178=IFCFACE((#3177));
#3179=IFCPOLYLOOP((#2207,#2258,#2284));
#3180=IFCFACEOUTERBOUND(#3179,.T.);
#3181=IFCFACE((#3180));
#3182=IFCPOLYLOOP((#2293,#2262,#2224));
#3183=IFCFACEOUTERBOUND(#3182,.T.);
#3184=IFCFACE((#3183));
#3185=IFCPOLYLOOP((#2344,#2259,#2288,#2208));
#3186=IFCFACEOUTERBOUND(#3185,.T.);
#3187=IFCFACE((#3186));
#3188=IFCPOLYLOOP((#2263,#2342,#2173));
#3189=IFCFACEOUTERBOUND(#3188,.T.);
#3190=IFCFACE((#3189));
#3191=IFCPOLYLOOP((#2227,#2298,#2299,#2295));
#3192=IFCFACEOUTERBOUND(#3191,.T.);
#3193=IFCFACE((#3192));
#3194=IFCPOLYLOOP((#2293,#2292,#2262));
#3195=IFCFACEOUTERBOUND(#3194,.T.);
#3196=IFCFACE((#3195));
#3197=IFCPOLYLOOP((#2299,#2264,#2226));
#3198=IFCFACEOUTERBOUND(#3197,.T.);
#3199=IFCFACE((#3198));
#3200=IFCPOLYLOOP((#2287,#2173,#2342));
#3201=IFCFACEOUTERBOUND(#3200,.T.);
#3202=IFCFACE((#3201));
#3203=IFCPOLYLOOP((#2264,#2297,#2296));
#3204=IFCFACEOUTERBOUND(#3203,.T.);
#3205=IFCFACE((#3204));
#3206=IFCPOLYLOOP((#2299,#2298,#2264));
#3207=IFCFACEOUTERBOUND(#3206,.T.);
#3208=IFCFACE((#3207));
#3209=IFCPOLYLOOP((#2192,#2265,#2271));
#3210=IFCFACEOUTERBOUND(#3209,.T.);
#3211=IFCFACE((#3210));
#3212=IFCPOLYLOOP((#2301,#2191,#2265,#2229));
#3213=IFCFACEOUTERBOUND(#3212,.T.);
#3214=IFCFACE((#3213));
#3215=IFCPOLYLOOP((#2209,#2266,#2288));
#3216=IFCFACEOUTERBOUND(#3215,.T.);
#3217=IFCFACE((#3216));
#3218=IFCPOLYLOOP((#2303,#2208,#2266));
#3219=IFCFACEOUTERBOUND(#3218,.T.);
#3220=IFCFACE((#3219));
#3221=IFCPOLYLOOP((#2309,#2268,#2230));
#3222=IFCFACEOUTERBOUND(#3221,.T.);
#3223=IFCFACE((#3222));
#3224=IFCPOLYLOOP((#2175,#2267,#2275));
#3225=IFCFACEOUTERBOUND(#3224,.T.);
#3226=IFCFACE((#3225));
#3227=IFCPOLYLOOP((#2333,#2277,#2182));
#3228=IFCFACEOUTERBOUND(#3227,.T.);
#3229=IFCFACE((#3228));
#3230=IFCPOLYLOOP((#2231,#2268,#2309));
#3231=IFCFACEOUTERBOUND(#3230,.T.);
#3232=IFCFACE((#3231));
#3233=IFCPOLYLOOP((#2174,#2269,#2273));
#3234=IFCFACEOUTERBOUND(#3233,.T.);
#3235=IFCFACE((#3234));
#3236=IFCPOLYLOOP((#2311,#2177,#2269));
#3237=IFCFACEOUTERBOUND(#3236,.T.);
#3238=IFCFACE((#3237));
#3239=IFCPOLYLOOP((#2194,#2270,#2272));
#3240=IFCFACEOUTERBOUND(#3239,.T.);
#3241=IFCFACE((#3240));
#3242=IFCPOLYLOOP((#2313,#2193,#2270));
#3243=IFCFACEOUTERBOUND(#3242,.T.);
#3244=IFCFACE((#3243));
#3245=IFCPOLYLOOP((#2191,#2271,#2265));
#3246=IFCFACEOUTERBOUND(#3245,.T.);
#3247=IFCFACE((#3246));
#3248=IFCPOLYLOOP((#2316,#2192,#2271));
#3249=IFCFACEOUTERBOUND(#3248,.T.);
#3250=IFCFACE((#3249));
#3251=IFCPOLYLOOP((#2193,#2272,#2270));
#3252=IFCFACEOUTERBOUND(#3251,.T.);
#3253=IFCFACE((#3252));
#3254=IFCPOLYLOOP((#2318,#2194,#2272));
#3255=IFCFACEOUTERBOUND(#3254,.T.);
#3256=IFCFACE((#3255));
#3257=IFCPOLYLOOP((#2177,#2273,#2269));
#3258=IFCFACEOUTERBOUND(#3257,.T.);
#3259=IFCFACE((#3258));
#3260=IFCPOLYLOOP((#2321,#2174,#2273));
#3261=IFCFACEOUTERBOUND(#3260,.T.);
#3262=IFCFACE((#3261));
#3263=IFCPOLYLOOP((#2203,#2274,#2248));
#3264=IFCFACEOUTERBOUND(#3263,.T.);
#3265=IFCFACE((#3264));
#3266=IFCPOLYLOOP((#2323,#2202,#2274));
#3267=IFCFACEOUTERBOUND(#3266,.T.);
#3268=IFCFACE((#3267));
#3269=IFCPOLYLOOP((#2330,#2276,#2238));
#3270=IFCFACEOUTERBOUND(#3269,.T.);
#3271=IFCFACE((#3270));
#3272=IFCPOLYLOOP((#2178,#2275,#2267));
#3273=IFCFACEOUTERBOUND(#3272,.T.);
#3274=IFCFACE((#3273));
#3275=IFCPOLYLOOP((#2328,#2206,#2276));
#3276=IFCFACEOUTERBOUND(#3275,.T.);
#3277=IFCFACE((#3276));
#3278=IFCPOLYLOOP((#2239,#2276,#2330));
#3279=IFCFACEOUTERBOUND(#3278,.T.);
#3280=IFCFACE((#3279));
#3281=IFCPOLYLOOP((#2337,#2278,#2240));
#3282=IFCFACEOUTERBOUND(#3281,.T.);
#3283=IFCFACE((#3282));
#3284=IFCPOLYLOOP((#2181,#2277,#2333));
#3285=IFCFACEOUTERBOUND(#3284,.T.);
#3286=IFCFACE((#3285));
#3287=IFCPOLYLOOP((#2335,#2179,#2278));
#3288=IFCFACEOUTERBOUND(#3287,.T.);
#3289=IFCFACE((#3288));
#3290=IFCPOLYLOOP((#2241,#2278,#2337));
#3291=IFCFACEOUTERBOUND(#3290,.T.);
#3292=IFCFACE((#3291));
#3293=IFCPOLYLOOP((#2284,#2339,#2338));
#3294=IFCFACEOUTERBOUND(#3293,.T.);
#3295=IFCFACE((#3294));
#3296=IFCPOLYLOOP((#2255,#2252,#2283));
#3297=IFCFACEOUTERBOUND(#3296,.T.);
#3298=IFCFACE((#3297));
#3299=IFCPOLYLOOP((#2257,#2284,#2258));
#3300=IFCFACEOUTERBOUND(#3299,.T.);
#3301=IFCFACE((#3300));
#3302=IFCPOLYLOOP((#2343,#2173,#2287,#2259));
#3303=IFCFACEOUTERBOUND(#3302,.T.);
#3304=IFCFACE((#3303));
#3305=IFCPOLYLOOP((#2258,#2207,#2286));
#3306=IFCFACEOUTERBOUND(#3305,.T.);
#3307=IFCFACE((#3306));
#3308=IFCPOLYLOOP((#2288,#2259,#2346));
#3309=IFCFACEOUTERBOUND(#3308,.T.);
#3310=IFCFACE((#3309));
#3311=IFCPOLYLOOP((#2208,#2288,#2266));
#3312=IFCFACEOUTERBOUND(#3311,.T.);
#3313=IFCFACE((#3312));
#3314=IFCPOLYLOOP((#2345,#2209,#2288));
#3315=IFCFACEOUTERBOUND(#3314,.T.);
#3316=IFCFACE((#3315));
#3317=IFCPOLYLOOP((#2225,#2292,#2293,#2290));
#3318=IFCFACEOUTERBOUND(#3317,.T.);
#3319=IFCFACE((#3318));
#3320=IFCPOLYLOOP((#2289,#2261,#2224));
#3321=IFCFACEOUTERBOUND(#3320,.T.);
#3322=IFCFACE((#3321));
#3323=IFCPOLYLOOP((#2261,#2187,#2290));
#3324=IFCFACEOUTERBOUND(#3323,.T.);
#3325=IFCFACE((#3324));
#3326=IFCPOLYLOOP((#2261,#2293,#2224));
#3327=IFCFACEOUTERBOUND(#3326,.T.);
#3328=IFCFACE((#3327));
#3329=IFCPOLYLOOP((#2190,#2296,#2297,#2292));
#3330=IFCFACEOUTERBOUND(#3329,.T.);
#3331=IFCFACE((#3330));
#3332=IFCPOLYLOOP((#2294,#2263,#2226));
#3333=IFCFACEOUTERBOUND(#3332,.T.);
#3334=IFCFACE((#3333));
#3335=IFCPOLYLOOP((#2263,#2173,#2295));
#3336=IFCFACEOUTERBOUND(#3335,.T.);
#3337=IFCFACE((#3336));
#3338=IFCPOLYLOOP((#2262,#2297,#2189));
#3339=IFCFACEOUTERBOUND(#3338,.T.);
#3340=IFCFACE((#3339));
#3341=IFCPOLYLOOP((#2297,#2264,#2189));
#3342=IFCFACEOUTERBOUND(#3341,.T.);
#3343=IFCFACE((#3342));
#3344=IFCPOLYLOOP((#2263,#2299,#2226));
#3345=IFCFACEOUTERBOUND(#3344,.T.);
#3346=IFCFACE((#3345));
#3347=IFCPOLYLOOP((#2265,#2304,#2229));
#3348=IFCFACEOUTERBOUND(#3347,.T.);
#3349=IFCFACE((#3348));
#3350=IFCPOLYLOOP((#2265,#2192,#2300));
#3351=IFCFACEOUTERBOUND(#3350,.T.);
#3352=IFCFACE((#3351));
#3353=IFCPOLYLOOP((#2266,#2304,#2303));
#3354=IFCFACEOUTERBOUND(#3353,.T.);
#3355=IFCFACE((#3354));
#3356=IFCPOLYLOOP((#2231,#2309,#2306));
#3357=IFCFACEOUTERBOUND(#3356,.T.);
#3358=IFCFACE((#3357));
#3359=IFCPOLYLOOP((#2267,#2175,#2306));
#3360=IFCFACEOUTERBOUND(#3359,.T.);
#3361=IFCFACE((#3360));
#3362=IFCPOLYLOOP((#2268,#2231,#2308));
#3363=IFCFACEOUTERBOUND(#3362,.T.);
#3364=IFCFACE((#3363));
#3365=IFCPOLYLOOP((#2267,#2309,#2230));
#3366=IFCFACEOUTERBOUND(#3365,.T.);
#3367=IFCFACE((#3366));
#3368=IFCPOLYLOOP((#2311,#2269,#2314));
#3369=IFCFACEOUTERBOUND(#3368,.T.);
#3370=IFCFACE((#3369));
#3371=IFCPOLYLOOP((#2233,#2311,#2314));
#3372=IFCFACEOUTERBOUND(#3371,.T.);
#3373=IFCFACE((#3372));
#3374=IFCPOLYLOOP((#2232,#2313,#2314));
#3375=IFCFACEOUTERBOUND(#3374,.T.);
#3376=IFCFACE((#3375));
#3377=IFCPOLYLOOP((#2270,#2314,#2313));
#3378=IFCFACEOUTERBOUND(#3377,.T.);
#3379=IFCFACE((#3378));
#3380=IFCPOLYLOOP((#2316,#2271,#2319));
#3381=IFCFACEOUTERBOUND(#3380,.T.);
#3382=IFCFACE((#3381));
#3383=IFCPOLYLOOP((#2315,#2271,#2191));
#3384=IFCFACEOUTERBOUND(#3383,.T.);
#3385=IFCFACE((#3384));
#3386=IFCPOLYLOOP((#2235,#2316,#2319));
#3387=IFCFACEOUTERBOUND(#3386,.T.);
#3388=IFCFACE((#3387));
#3389=IFCPOLYLOOP((#2272,#2319,#2318));
#3390=IFCFACEOUTERBOUND(#3389,.T.);
#3391=IFCFACE((#3390));
#3392=IFCPOLYLOOP((#2321,#2273,#2324));
#3393=IFCFACEOUTERBOUND(#3392,.T.);
#3394=IFCFACE((#3393));
#3395=IFCPOLYLOOP((#2237,#2321,#2324));
#3396=IFCFACEOUTERBOUND(#3395,.T.);
#3397=IFCFACE((#3396));
#3398=IFCPOLYLOOP((#2236,#2323,#2324));
#3399=IFCFACEOUTERBOUND(#3398,.T.);
#3400=IFCFACE((#3399));
#3401=IFCPOLYLOOP((#2274,#2324,#2323));
#3402=IFCFACEOUTERBOUND(#3401,.T.);
#3403=IFCFACE((#3402));
#3404=IFCPOLYLOOP((#2206,#2328,#2286));
#3405=IFCFACEOUTERBOUND(#3404,.T.);
#3406=IFCFACE((#3405));
#3407=IFCPOLYLOOP((#2275,#2178,#2326));
#3408=IFCFACEOUTERBOUND(#3407,.T.);
#3409=IFCFACE((#3408));
#3410=IFCPOLYLOOP((#2258,#2328,#2205));
#3411=IFCFACEOUTERBOUND(#3410,.T.);
#3412=IFCFACE((#3411));
#3413=IFCPOLYLOOP((#2205,#2328,#2329));
#3414=IFCFACEOUTERBOUND(#3413,.T.);
#3415=IFCFACE((#3414));
#3416=IFCPOLYLOOP((#2276,#2239,#2329));
#3417=IFCFACEOUTERBOUND(#3416,.T.);
#3418=IFCFACE((#3417));
#3419=IFCPOLYLOOP((#2275,#2330,#2238));
#3420=IFCFACEOUTERBOUND(#3419,.T.);
#3421=IFCFACE((#3420));
#3422=IFCPOLYLOOP((#2181,#2333,#2308));
#3423=IFCFACEOUTERBOUND(#3422,.T.);
#3424=IFCFACE((#3423));
#3425=IFCPOLYLOOP((#2277,#2181,#2332));
#3426=IFCFACEOUTERBOUND(#3425,.T.);
#3427=IFCFACE((#3426));
#3428=IFCPOLYLOOP((#2268,#2333,#2182));
#3429=IFCFACEOUTERBOUND(#3428,.T.);
#3430=IFCFACE((#3429));
#3431=IFCPOLYLOOP((#2179,#2335,#2283));
#3432=IFCFACEOUTERBOUND(#3431,.T.);
#3433=IFCFACE((#3432));
#3434=IFCPOLYLOOP((#2255,#2335,#2180));
#3435=IFCFACEOUTERBOUND(#3434,.T.);
#3436=IFCFACE((#3435));
#3437=IFCPOLYLOOP((#2180,#2335,#2336));
#3438=IFCFACEOUTERBOUND(#3437,.T.);
#3439=IFCFACE((#3438));
#3440=IFCPOLYLOOP((#2278,#2241,#2336));
#3441=IFCFACEOUTERBOUND(#3440,.T.);
#3442=IFCFACE((#3441));
#3443=IFCPOLYLOOP((#2277,#2337,#2240));
#3444=IFCFACEOUTERBOUND(#3443,.T.);
#3445=IFCFACE((#3444));
#3446=IFCPOLYLOOP((#2188,#2338,#2339,#2289));
#3447=IFCFACEOUTERBOUND(#3446,.T.);
#3448=IFCFACE((#3447));
#3449=IFCPOLYLOOP((#2261,#2339,#2187));
#3450=IFCFACEOUTERBOUND(#3449,.T.);
#3451=IFCFACE((#3450));
#3452=IFCPOLYLOOP((#2187,#2339,#2340));
#3453=IFCFACEOUTERBOUND(#3452,.T.);
#3454=IFCFACE((#3453));
#3455=IFCPOLYLOOP((#2284,#2257,#2340));
#3456=IFCFACEOUTERBOUND(#3455,.T.);
#3457=IFCFACE((#3456));
#3458=IFCPOLYLOOP((#2287,#2342,#2341));
#3459=IFCFACEOUTERBOUND(#3458,.T.);
#3460=IFCFACE((#3459));
#3461=IFCPOLYLOOP((#2287,#2346,#2259));
#3462=IFCFACEOUTERBOUND(#3461,.T.);
#3463=IFCFACE((#3462));
#3464=IFCPOLYLOOP((#2288,#2346,#2345));
#3465=IFCFACEOUTERBOUND(#3464,.T.);
#3466=IFCFACE((#3465));
#3467=IFCPOLYLOOP((#2347,#2348,#2168,#2212,#2200,#2196,#2256,#2197,#2282,#2180,#2336,#2241,#2332,#2181,#2308,#2231,#2306,#2175,#2325,#2238,#2327,#2206,#2286,#2207,#2338,#2188,#2289,#2224,#2291,#2189,#2298,#2227,#2295,#2173,#2343,#2259,#2344,#2208,#2303,#2228,#2300,#2192,#2316,#2235,#2317,#2193,#2313,#2232,#2310,#2174,#2321,#2237,#2322,#2203,#2280,#2204,#2249,#2184,#2223,#2185,#2216,#2198,#2211,#2167));
#3468=IFCFACEOUTERBOUND(#3467,.T.);
#3469=IFCFACE((#3468));
#3470=IFCPOLYLOOP((#2349,#2350,#2110,#2109));
#3471=IFCFACEOUTERBOUND(#3470,.T.);
#3472=IFCFACE((#3471));
#3473=IFCPOLYLOOP((#2352,#2114,#2113,#2357,#2355,#2351));
#3474=IFCFACEOUTERBOUND(#3473,.T.);
#3475=IFCFACE((#3474));
#3476=IFCPOLYLOOP((#2356,#2360,#2358,#2359));
#3477=IFCFACEOUTERBOUND(#3476,.T.);
#3478=IFCFACE((#3477));
#3479=IFCPOLYLOOP((#2361,#2118,#2359));
#3480=IFCFACEOUTERBOUND(#3479,.T.);
#3481=IFCFACE((#3480));
#3482=IFCPOLYLOOP((#2362,#2354,#2351));
#3483=IFCFACEOUTERBOUND(#3482,.T.);
#3484=IFCFACE((#3483));
#3485=IFCPOLYLOOP((#2362,#2355,#2358));
#3486=IFCFACEOUTERBOUND(#3485,.T.);
#3487=IFCFACE((#3486));
#3488=IFCPOLYLOOP((#2361,#2357,#2113));
#3489=IFCFACEOUTERBOUND(#3488,.T.);
#3490=IFCFACE((#3489));
#3491=IFCPOLYLOOP((#2355,#2357,#2358));
#3492=IFCFACEOUTERBOUND(#3491,.T.);
#3493=IFCFACE((#3492));
#3494=IFCPOLYLOOP((#2362,#2358,#2360));
#3495=IFCFACEOUTERBOUND(#3494,.T.);
#3496=IFCFACE((#3495));
#3497=IFCPOLYLOOP((#2358,#2361,#2359));
#3498=IFCFACEOUTERBOUND(#3497,.T.);
#3499=IFCFACE((#3498));
#3500=IFCPOLYLOOP((#2358,#2357,#2361));
#3501=IFCFACEOUTERBOUND(#3500,.T.);
#3502=IFCFACE((#3501));
#3503=IFCPOLYLOOP((#2118,#2117,#2359));
#3504=IFCFACEOUTERBOUND(#3503,.T.);
#3505=IFCFACE((#3504));
#3506=IFCPOLYLOOP((#2360,#2353,#2354));
#3507=IFCFACEOUTERBOUND(#3506,.T.);
#3508=IFCFACE((#3507));
#3509=IFCPOLYLOOP((#2118,#2361,#2113));
#3510=IFCFACEOUTERBOUND(#3509,.T.);
#3511=IFCFACE((#3510));
#3512=IFCPOLYLOOP((#2355,#2362,#2351));
#3513=IFCFACEOUTERBOUND(#3512,.T.);
#3514=IFCFACE((#3513));
#3515=IFCPOLYLOOP((#2354,#2362,#2360));
#3516=IFCFACEOUTERBOUND(#3515,.T.);
#3517=IFCFACE((#3516));
#3518=IFCPOLYLOOP((#2382,#2378,#2373));
#3519=IFCFACEOUTERBOUND(#3518,.T.);
#3520=IFCFACE((#3519));
#3521=IFCPOLYLOOP((#2389,#2393,#2394));
#3522=IFCFACEOUTERBOUND(#3521,.T.);
#3523=IFCFACE((#3522));
#3524=IFCPOLYLOOP((#2376,#2395,#2383));
#3525=IFCFACEOUTERBOUND(#3524,.T.);
#3526=IFCFACE((#3525));
#3527=IFCPOLYLOOP((#2387,#2368,#2389));
#3528=IFCFACEOUTERBOUND(#3527,.T.);
#3529=IFCFACE((#3528));
#3530=IFCPOLYLOOP((#2376,#2383,#2369));
#3531=IFCFACEOUTERBOUND(#3530,.T.);
#3532=IFCFACE((#3531));
#3533=IFCPOLYLOOP((#2383,#2390,#2386));
#3534=IFCFACEOUTERBOUND(#3533,.T.);
#3535=IFCFACE((#3534));
#3536=IFCPOLYLOOP((#2395,#2380,#2364));
#3537=IFCFACEOUTERBOUND(#3536,.T.);
#3538=IFCFACE((#3537));
#3539=IFCPOLYLOOP((#2368,#2387,#2379));
#3540=IFCFACEOUTERBOUND(#3539,.T.);
#3541=IFCFACE((#3540));
#3542=IFCPOLYLOOP((#2375,#2387,#2370));
#3543=IFCFACEOUTERBOUND(#3542,.T.);
#3544=IFCFACE((#3543));
#3545=IFCPOLYLOOP((#2388,#2393,#2367));
#3546=IFCFACEOUTERBOUND(#3545,.T.);
#3547=IFCFACE((#3546));
#3548=IFCPOLYLOOP((#2369,#2383,#2386));
#3549=IFCFACEOUTERBOUND(#3548,.T.);
#3550=IFCFACE((#3549));
#3551=IFCPOLYLOOP((#2391,#2382,#2373));
#3552=IFCFACEOUTERBOUND(#3551,.T.);
#3553=IFCFACE((#3552));
#3554=IFCPOLYLOOP((#2391,#2375,#2374));
#3555=IFCFACEOUTERBOUND(#3554,.T.);
#3556=IFCFACE((#3555));
#3557=IFCPOLYLOOP((#2391,#2387,#2375));
#3558=IFCFACEOUTERBOUND(#3557,.T.);
#3559=IFCFACE((#3558));
#3560=IFCPOLYLOOP((#2395,#2364,#2365));
#3561=IFCFACEOUTERBOUND(#3560,.T.);
#3562=IFCFACE((#3561));
#3563=IFCPOLYLOOP((#2381,#2170,#2169));
#3564=IFCFACEOUTERBOUND(#3563,.T.);
#3565=IFCFACE((#3564));
#3566=IFCPOLYLOOP((#2381,#2382,#2374));
#3567=IFCFACEOUTERBOUND(#3566,.T.);
#3568=IFCFACE((#3567));
#3569=IFCPOLYLOOP((#2169,#2168,#2378));
#3570=IFCFACEOUTERBOUND(#3569,.T.);
#3571=IFCFACE((#3570));
#3572=IFCPOLYLOOP((#2380,#2363,#2364));
#3573=IFCFACEOUTERBOUND(#3572,.T.);
#3574=IFCFACE((#3573));
#3575=IFCPOLYLOOP((#2395,#2372,#2383));
#3576=IFCFACEOUTERBOUND(#3575,.T.);
#3577=IFCFACE((#3576));
#3578=IFCPOLYLOOP((#2169,#2382,#2381));
#3579=IFCFACEOUTERBOUND(#3578,.T.);
#3580=IFCFACE((#3579));
#3581=IFCPOLYLOOP((#2378,#2382,#2169));
#3582=IFCFACEOUTERBOUND(#3581,.T.);
#3583=IFCFACE((#3582));
#3584=IFCPOLYLOOP((#2390,#2383,#2372));
#3585=IFCFACEOUTERBOUND(#3584,.T.);
#3586=IFCFACE((#3585));
#3587=IFCPOLYLOOP((#2377,#2372,#2395,#2365));
#3588=IFCFACEOUTERBOUND(#3587,.T.);
#3589=IFCFACE((#3588));
#3590=IFCPOLYLOOP((#2386,#2384,#2369));
#3591=IFCFACEOUTERBOUND(#3590,.T.);
#3592=IFCFACE((#3591));
#3593=IFCPOLYLOOP((#2393,#2388,#2385));
#3594=IFCFACEOUTERBOUND(#3593,.T.);
#3595=IFCFACE((#3594));
#3596=IFCPOLYLOOP((#2385,#2388,#2366));
#3597=IFCFACEOUTERBOUND(#3596,.T.);
#3598=IFCFACE((#3597));
#3599=IFCPOLYLOOP((#2384,#2386,#2388));
#3600=IFCFACEOUTERBOUND(#3599,.T.);
#3601=IFCFACE((#3600));
#3602=IFCPOLYLOOP((#2389,#2370,#2387));
#3603=IFCFACEOUTERBOUND(#3602,.T.);
#3604=IFCFACE((#3603));
#3605=IFCPOLYLOOP((#2391,#2373,#2379));
#3606=IFCFACEOUTERBOUND(#3605,.T.);
#3607=IFCFACE((#3606));
#3608=IFCPOLYLOOP((#2366,#2388,#2386));
#3609=IFCFACEOUTERBOUND(#3608,.T.);
#3610=IFCFACE((#3609));
#3611=IFCPOLYLOOP((#2384,#2388,#2367));
#3612=IFCFACEOUTERBOUND(#3611,.T.);
#3613=IFCFACE((#3612));
#3614=IFCPOLYLOOP((#2371,#2394,#2393,#2385));
#3615=IFCFACEOUTERBOUND(#3614,.T.);
#3616=IFCFACE((#3615));
#3617=IFCPOLYLOOP((#2392,#2393,#2389));
#3618=IFCFACEOUTERBOUND(#3617,.T.);
#3619=IFCFACE((#3618));
#3620=IFCPOLYLOOP((#2390,#2366,#2386));
#3621=IFCFACEOUTERBOUND(#3620,.T.);
#3622=IFCFACE((#3621));
#3623=IFCPOLYLOOP((#2374,#2382,#2391));
#3624=IFCFACEOUTERBOUND(#3623,.T.);
#3625=IFCFACE((#3624));
#3626=IFCPOLYLOOP((#2387,#2391,#2379));
#3627=IFCFACEOUTERBOUND(#3626,.T.);
#3628=IFCFACE((#3627));
#3629=IFCPOLYLOOP((#2367,#2393,#2392));
#3630=IFCFACEOUTERBOUND(#3629,.T.);
#3631=IFCFACE((#3630));
#3632=IFCPOLYLOOP((#2389,#2368,#2392));
#3633=IFCFACEOUTERBOUND(#3632,.T.);
#3634=IFCFACE((#3633));
#3635=IFCPOLYLOOP((#2394,#2370,#2389));
#3636=IFCFACEOUTERBOUND(#3635,.T.);
#3637=IFCFACE((#3636));
#3638=IFCPOLYLOOP((#2376,#2380,#2395));
#3639=IFCFACEOUTERBOUND(#3638,.T.);
#3640=IFCFACE((#3639));
#3641=IFCPOLYLOOP((#2396,#2363,#2380,#2376,#2369,#2384,#2367,#2392,#2368,#2379,#2373,#2378,#2168,#2348));
#3642=IFCFACEOUTERBOUND(#3641,.T.);
#3643=IFCFACE((#3642));
#3644=IFCPOLYLOOP((#2397,#2398,#2350,#2349));
#3645=IFCFACEOUTERBOUND(#3644,.T.);
#3646=IFCFACE((#3645));
#3647=IFCPOLYLOOP((#2352,#2351,#2423,#2413,#2414,#2407,#2438,#2416,#2443,#2406,#2429,#2420,#2421,#2408,#2434,#2410,#2411,#2399,#2400));
#3648=IFCFACEOUTERBOUND(#3647,.T.);
#3649=IFCFACE((#3648));
#3650=IFCPOLYLOOP((#2409,#2422,#2431));
#3651=IFCFACEOUTERBOUND(#3650,.T.);
#3652=IFCFACE((#3651));
#3653=IFCPOLYLOOP((#2436,#2440,#2424));
#3654=IFCFACEOUTERBOUND(#3653,.T.);
#3655=IFCFACE((#3654));
#3656=IFCPOLYLOOP((#2448,#2447,#2423));
#3657=IFCFACEOUTERBOUND(#3656,.T.);
#3658=IFCFACE((#3657));
#3659=IFCPOLYLOOP((#2431,#2433,#2409));
#3660=IFCFACEOUTERBOUND(#3659,.T.);
#3661=IFCFACE((#3660));
#3662=IFCPOLYLOOP((#2413,#2423,#2447));
#3663=IFCFACEOUTERBOUND(#3662,.T.);
#3664=IFCFACE((#3663));
#3665=IFCPOLYLOOP((#2427,#2426,#2425));
#3666=IFCFACEOUTERBOUND(#3665,.T.);
#3667=IFCFACE((#3666));
#3668=IFCPOLYLOOP((#2436,#2407,#2414));
#3669=IFCFACEOUTERBOUND(#3668,.T.);
#3670=IFCFACE((#3669));
#3671=IFCPOLYLOOP((#2439,#2418,#2417));
#3672=IFCFACEOUTERBOUND(#3671,.T.);
#3673=IFCFACE((#3672));
#3674=IFCPOLYLOOP((#2449,#2430,#2428));
#3675=IFCFACEOUTERBOUND(#3674,.T.);
#3676=IFCFACE((#3675));
#3677=IFCPOLYLOOP((#2441,#2444,#2443));
#3678=IFCFACEOUTERBOUND(#3677,.T.);
#3679=IFCFACE((#3678));
#3680=IFCPOLYLOOP((#2432,#2433,#2446));
#3681=IFCFACEOUTERBOUND(#3680,.T.);
#3682=IFCFACE((#3681));
#3683=IFCPOLYLOOP((#2402,#2399,#2435));
#3684=IFCFACEOUTERBOUND(#3683,.T.);
#3685=IFCFACE((#3684));
#3686=IFCPOLYLOOP((#2435,#2431,#2422));
#3687=IFCFACEOUTERBOUND(#3686,.T.);
#3688=IFCFACE((#3687));
#3689=IFCPOLYLOOP((#2415,#2447,#2448));
#3690=IFCFACEOUTERBOUND(#3689,.T.);
#3691=IFCFACE((#3690));
#3692=IFCPOLYLOOP((#2441,#2439,#2417));
#3693=IFCFACEOUTERBOUND(#3692,.T.);
#3694=IFCFACE((#3693));
#3695=IFCPOLYLOOP((#2436,#2414,#2440));
#3696=IFCFACEOUTERBOUND(#3695,.T.);
#3697=IFCFACE((#3696));
#3698=IFCPOLYLOOP((#2448,#2423,#2351));
#3699=IFCFACEOUTERBOUND(#3698,.T.);
#3700=IFCFACE((#3699));
#3701=IFCPOLYLOOP((#2448,#2354,#2353));
#3702=IFCFACEOUTERBOUND(#3701,.T.);
#3703=IFCFACE((#3702));
#3704=IFCPOLYLOOP((#2436,#2404,#2437));
#3705=IFCFACEOUTERBOUND(#3704,.T.);
#3706=IFCFACE((#3705));
#3707=IFCPOLYLOOP((#2438,#2437,#2439));
#3708=IFCFACEOUTERBOUND(#3707,.T.);
#3709=IFCFACE((#3708));
#3710=IFCPOLYLOOP((#2427,#2425,#2405));
#3711=IFCFACEOUTERBOUND(#3710,.T.);
#3712=IFCFACE((#3711));
#3713=IFCPOLYLOOP((#2428,#2426,#2420));
#3714=IFCFACEOUTERBOUND(#3713,.T.);
#3715=IFCFACE((#3714));
#3716=IFCPOLYLOOP((#2426,#2421,#2420));
#3717=IFCFACEOUTERBOUND(#3716,.T.);
#3718=IFCFACE((#3717));
#3719=IFCPOLYLOOP((#2435,#2422,#2401));
#3720=IFCFACEOUTERBOUND(#3719,.T.);
#3721=IFCFACE((#3720));
#3722=IFCPOLYLOOP((#2411,#2410,#2431));
#3723=IFCFACEOUTERBOUND(#3722,.T.);
#3724=IFCFACE((#3723));
#3725=IFCPOLYLOOP((#2428,#2419,#2426));
#3726=IFCFACEOUTERBOUND(#3725,.T.);
#3727=IFCFACE((#3726));
#3728=IFCPOLYLOOP((#2447,#2412,#2440));
#3729=IFCFACEOUTERBOUND(#3728,.T.);
#3730=IFCFACE((#3729));
#3731=IFCPOLYLOOP((#2425,#2426,#2419));
#3732=IFCFACEOUTERBOUND(#3731,.T.);
#3733=IFCFACE((#3732));
#3734=IFCPOLYLOOP((#2421,#2426,#2427));
#3735=IFCFACEOUTERBOUND(#3734,.T.);
#3736=IFCFACE((#3735));
#3737=IFCPOLYLOOP((#2427,#2408,#2421));
#3738=IFCFACEOUTERBOUND(#3737,.T.);
#3739=IFCFACE((#3738));
#3740=IFCPOLYLOOP((#2446,#2408,#2427));
#3741=IFCFACEOUTERBOUND(#3740,.T.);
#3742=IFCFACE((#3741));
#3743=IFCPOLYLOOP((#2445,#2403,#2430));
#3744=IFCFACEOUTERBOUND(#3743,.T.);
#3745=IFCFACE((#3744));
#3746=IFCPOLYLOOP((#2430,#2419,#2428));
#3747=IFCFACEOUTERBOUND(#3746,.T.);
#3748=IFCFACE((#3747));
#3749=IFCPOLYLOOP((#2445,#2444,#2403));
#3750=IFCFACEOUTERBOUND(#3749,.T.);
#3751=IFCFACE((#3750));
#3752=IFCPOLYLOOP((#2428,#2420,#2429));
#3753=IFCFACEOUTERBOUND(#3752,.T.);
#3754=IFCFACE((#3753));
#3755=IFCPOLYLOOP((#2435,#2411,#2431));
#3756=IFCFACEOUTERBOUND(#3755,.T.);
#3757=IFCFACE((#3756));
#3758=IFCPOLYLOOP((#2411,#2435,#2399));
#3759=IFCFACEOUTERBOUND(#3758,.T.);
#3760=IFCFACE((#3759));
#3761=IFCPOLYLOOP((#2410,#2433,#2431));
#3762=IFCFACEOUTERBOUND(#3761,.T.);
#3763=IFCFACE((#3762));
#3764=IFCPOLYLOOP((#2433,#2432,#2409));
#3765=IFCFACEOUTERBOUND(#3764,.T.);
#3766=IFCFACE((#3765));
#3767=IFCPOLYLOOP((#2446,#2434,#2408));
#3768=IFCFACEOUTERBOUND(#3767,.T.);
#3769=IFCFACE((#3768));
#3770=IFCPOLYLOOP((#2432,#2446,#2405));
#3771=IFCFACEOUTERBOUND(#3770,.T.);
#3772=IFCFACE((#3771));
#3773=IFCPOLYLOOP((#2433,#2410,#2434));
#3774=IFCFACEOUTERBOUND(#3773,.T.);
#3775=IFCFACE((#3774));
#3776=IFCPOLYLOOP((#2402,#2435,#2401));
#3777=IFCFACEOUTERBOUND(#3776,.T.);
#3778=IFCFACE((#3777));
#3779=IFCPOLYLOOP((#2407,#2436,#2437));
#3780=IFCFACEOUTERBOUND(#3779,.T.);
#3781=IFCFACE((#3780));
#3782=IFCPOLYLOOP((#2404,#2436,#2424));
#3783=IFCFACEOUTERBOUND(#3782,.T.);
#3784=IFCFACE((#3783));
#3785=IFCPOLYLOOP((#2441,#2416,#2439));
#3786=IFCFACEOUTERBOUND(#3785,.T.);
#3787=IFCFACE((#3786));
#3788=IFCPOLYLOOP((#2437,#2404,#2418));
#3789=IFCFACEOUTERBOUND(#3788,.T.);
#3790=IFCFACE((#3789));
#3791=IFCPOLYLOOP((#2438,#2407,#2437));
#3792=IFCFACEOUTERBOUND(#3791,.T.);
#3793=IFCFACE((#3792));
#3794=IFCPOLYLOOP((#2416,#2438,#2439));
#3795=IFCFACEOUTERBOUND(#3794,.T.);
#3796=IFCFACE((#3795));
#3797=IFCPOLYLOOP((#2418,#2439,#2437));
#3798=IFCFACEOUTERBOUND(#3797,.T.);
#3799=IFCFACE((#3798));
#3800=IFCPOLYLOOP((#2424,#2440,#2412));
#3801=IFCFACEOUTERBOUND(#3800,.T.);
#3802=IFCFACE((#3801));
#3803=IFCPOLYLOOP((#2440,#2414,#2413));
#3804=IFCFACEOUTERBOUND(#3803,.T.);
#3805=IFCFACE((#3804));
#3806=IFCPOLYLOOP((#2406,#2443,#2444));
#3807=IFCFACEOUTERBOUND(#3806,.T.);
#3808=IFCFACE((#3807));
#3809=IFCPOLYLOOP((#2443,#2416,#2441));
#3810=IFCFACEOUTERBOUND(#3809,.T.);
#3811=IFCFACE((#3810));
#3812=IFCPOLYLOOP((#2442,#2403,#2444));
#3813=IFCFACEOUTERBOUND(#3812,.T.);
#3814=IFCFACE((#3813));
#3815=IFCPOLYLOOP((#2441,#2417,#2442));
#3816=IFCFACEOUTERBOUND(#3815,.T.);
#3817=IFCFACE((#3816));
#3818=IFCPOLYLOOP((#2445,#2406,#2444));
#3819=IFCFACEOUTERBOUND(#3818,.T.);
#3820=IFCFACE((#3819));
#3821=IFCPOLYLOOP((#2442,#2444,#2441));
#3822=IFCFACEOUTERBOUND(#3821,.T.);
#3823=IFCFACE((#3822));
#3824=IFCPOLYLOOP((#2445,#2429,#2406));
#3825=IFCFACEOUTERBOUND(#3824,.T.);
#3826=IFCFACE((#3825));
#3827=IFCPOLYLOOP((#2449,#2429,#2445));
#3828=IFCFACEOUTERBOUND(#3827,.T.);
#3829=IFCFACE((#3828));
#3830=IFCPOLYLOOP((#2433,#2434,#2446));
#3831=IFCFACEOUTERBOUND(#3830,.T.);
#3832=IFCFACE((#3831));
#3833=IFCPOLYLOOP((#2405,#2446,#2427));
#3834=IFCFACEOUTERBOUND(#3833,.T.);
#3835=IFCFACE((#3834));
#3836=IFCPOLYLOOP((#2413,#2447,#2440));
#3837=IFCFACEOUTERBOUND(#3836,.T.);
#3838=IFCFACE((#3837));
#3839=IFCPOLYLOOP((#2412,#2447,#2415));
#3840=IFCFACEOUTERBOUND(#3839,.T.);
#3841=IFCFACE((#3840));
#3842=IFCPOLYLOOP((#2415,#2448,#2353));
#3843=IFCFACEOUTERBOUND(#3842,.T.);
#3844=IFCFACE((#3843));
#3845=IFCPOLYLOOP((#2354,#2448,#2351));
#3846=IFCFACEOUTERBOUND(#3845,.T.);
#3847=IFCFACE((#3846));
#3848=IFCPOLYLOOP((#2430,#2449,#2445));
#3849=IFCFACEOUTERBOUND(#3848,.T.);
#3850=IFCFACE((#3849));
#3851=IFCPOLYLOOP((#2449,#2428,#2429));
#3852=IFCFACEOUTERBOUND(#3851,.T.);
#3853=IFCFACE((#3852));
#3854=IFCPOLYLOOP((#2500,#2499,#2481));
#3855=IFCFACEOUTERBOUND(#3854,.T.);
#3856=IFCFACE((#3855));
#3857=IFCPOLYLOOP((#2578,#2469,#2544));
#3858=IFCFACEOUTERBOUND(#3857,.T.);
#3859=IFCFACE((#3858));
#3860=IFCPOLYLOOP((#2548,#2588,#2613));
#3861=IFCFACEOUTERBOUND(#3860,.T.);
#3862=IFCFACE((#3861));
#3863=IFCPOLYLOOP((#2618,#2487,#2564));
#3864=IFCFACEOUTERBOUND(#3863,.T.);
#3865=IFCFACE((#3864));
#3866=IFCPOLYLOOP((#2530,#2522,#2501));
#3867=IFCFACEOUTERBOUND(#3866,.T.);
#3868=IFCFACE((#3867));
#3869=IFCPOLYLOOP((#2502,#2466,#2497));
#3870=IFCFACEOUTERBOUND(#3869,.T.);
#3871=IFCFACE((#3870));
#3872=IFCPOLYLOOP((#2592,#2513,#2550,#2474));
#3873=IFCFACEOUTERBOUND(#3872,.T.);
#3874=IFCFACE((#3873));
#3875=IFCPOLYLOOP((#2533,#2534,#2531));
#3876=IFCFACEOUTERBOUND(#3875,.T.);
#3877=IFCFACE((#3876));
#3878=IFCPOLYLOOP((#2495,#2479,#2493,#2494));
#3879=IFCFACEOUTERBOUND(#3878,.T.);
#3880=IFCFACE((#3879));
#3881=IFCPOLYLOOP((#2490,#2625,#2626,#2621));
#3882=IFCFACEOUTERBOUND(#3881,.T.);
#3883=IFCFACE((#3882));
#3884=IFCPOLYLOOP((#2558,#2616,#2615));
#3885=IFCFACEOUTERBOUND(#3884,.T.);
#3886=IFCFACE((#3885));
#3887=IFCPOLYLOOP((#2532,#2534,#2533));
#3888=IFCFACEOUTERBOUND(#3887,.T.);
#3889=IFCFACE((#3888));
#3890=IFCPOLYLOOP((#2557,#2612,#2617));
#3891=IFCFACEOUTERBOUND(#3890,.T.);
#3892=IFCFACE((#3891));
#3893=IFCPOLYLOOP((#2547,#2586,#2589));
#3894=IFCFACEOUTERBOUND(#3893,.T.);
#3895=IFCFACE((#3894));
#3896=IFCPOLYLOOP((#2522,#2464,#2524));
#3897=IFCFACEOUTERBOUND(#3896,.T.);
#3898=IFCFACE((#3897));
#3899=IFCPOLYLOOP((#2517,#2604,#2554));
#3900=IFCFACEOUTERBOUND(#3899,.T.);
#3901=IFCFACE((#3900));
#3902=IFCPOLYLOOP((#2495,#2497,#2466));
#3903=IFCFACEOUTERBOUND(#3902,.T.);
#3904=IFCFACE((#3903));
#3905=IFCPOLYLOOP((#2451,#2452,#2498));
#3906=IFCFACEOUTERBOUND(#3905,.T.);
#3907=IFCFACE((#3906));
#3908=IFCPOLYLOOP((#2493,#2365,#2364));
#3909=IFCFACEOUTERBOUND(#3908,.T.);
#3910=IFCFACE((#3909));
#3911=IFCPOLYLOOP((#2541,#2570,#2573));
#3912=IFCFACEOUTERBOUND(#3911,.T.);
#3913=IFCFACE((#3912));
#3914=IFCPOLYLOOP((#2556,#2609,#2608));
#3915=IFCFACEOUTERBOUND(#3914,.T.);
#3916=IFCFACE((#3915));
#3917=IFCPOLYLOOP((#2542,#2572,#2577));
#3918=IFCFACEOUTERBOUND(#3917,.T.);
#3919=IFCFACE((#3918));
#3920=IFCPOLYLOOP((#2543,#2575,#2579));
#3921=IFCFACEOUTERBOUND(#3920,.T.);
#3922=IFCFACE((#3921));
#3923=IFCPOLYLOOP((#2567,#2621,#2626));
#3924=IFCFACEOUTERBOUND(#3923,.T.);
#3925=IFCFACE((#3924));
#3926=IFCPOLYLOOP((#2515,#2599,#2552));
#3927=IFCFACEOUTERBOUND(#3926,.T.);
#3928=IFCFACE((#3927));
#3929=IFCPOLYLOOP((#2597,#2515,#2552,#2473));
#3930=IFCFACEOUTERBOUND(#3929,.T.);
#3931=IFCFACE((#3930));
#3932=IFCPOLYLOOP((#2513,#2594,#2550));
#3933=IFCFACEOUTERBOUND(#3932,.T.);
#3934=IFCFACE((#3933));
#3935=IFCPOLYLOOP((#2364,#2491,#2494));
#3936=IFCFACEOUTERBOUND(#3935,.T.);
#3937=IFCFACE((#3936));
#3938=IFCPOLYLOOP((#2481,#2499,#2498));
#3939=IFCFACEOUTERBOUND(#3938,.T.);
#3940=IFCFACE((#3939));
#3941=IFCPOLYLOOP((#2475,#2531,#2500));
#3942=IFCFACEOUTERBOUND(#3941,.T.);
#3943=IFCFACE((#3942));
#3944=IFCPOLYLOOP((#2497,#2494,#2478));
#3945=IFCFACEOUTERBOUND(#3944,.T.);
#3946=IFCFACE((#3945));
#3947=IFCPOLYLOOP((#2500,#2531,#2476));
#3948=IFCFACEOUTERBOUND(#3947,.T.);
#3949=IFCFACE((#3948));
#3950=IFCPOLYLOOP((#2498,#2499,#2451));
#3951=IFCFACEOUTERBOUND(#3950,.T.);
#3952=IFCFACE((#3951));
#3953=IFCPOLYLOOP((#2484,#2528,#2527));
#3954=IFCFACEOUTERBOUND(#3953,.T.);
#3955=IFCFACE((#3954));
#3956=IFCPOLYLOOP((#2602,#2517,#2554,#2483));
#3957=IFCFACEOUTERBOUND(#3956,.T.);
#3958=IFCFACE((#3957));
#3959=IFCPOLYLOOP((#2525,#2526,#2527));
#3960=IFCFACEOUTERBOUND(#3959,.T.);
#3961=IFCFACE((#3960));
#3962=IFCPOLYLOOP((#2564,#2620,#2619));
#3963=IFCFACEOUTERBOUND(#3962,.T.);
#3964=IFCFACE((#3963));
#3965=IFCPOLYLOOP((#2555,#2606,#2610));
#3966=IFCFACEOUTERBOUND(#3965,.T.);
#3967=IFCFACE((#3966));
#3968=IFCPOLYLOOP((#2538,#2566,#2608));
#3969=IFCFACEOUTERBOUND(#3968,.T.);
#3970=IFCFACE((#3969));
#3971=IFCPOLYLOOP((#2509,#2584,#2546));
#3972=IFCFACEOUTERBOUND(#3971,.T.);
#3973=IFCFACE((#3972));
#3974=IFCPOLYLOOP((#2582,#2509,#2546,#2489));
#3975=IFCFACEOUTERBOUND(#3974,.T.);
#3976=IFCFACE((#3975));
#3977=IFCPOLYLOOP((#2622,#2574,#2456,#2621));
#3978=IFCFACEOUTERBOUND(#3977,.T.);
#3979=IFCFACE((#3978));
#3980=IFCPOLYLOOP((#2364,#2363,#2491));
#3981=IFCFACEOUTERBOUND(#3980,.T.);
#3982=IFCFACE((#3981));
#3983=IFCPOLYLOOP((#2492,#2450,#2451));
#3984=IFCFACEOUTERBOUND(#3983,.T.);
#3985=IFCFACE((#3984));
#3986=IFCPOLYLOOP((#2364,#2494,#2493));
#3987=IFCFACEOUTERBOUND(#3986,.T.);
#3988=IFCFACE((#3987));
#3989=IFCPOLYLOOP((#2494,#2491,#2478));
#3990=IFCFACEOUTERBOUND(#3989,.T.);
#3991=IFCFACE((#3990));
#3992=IFCPOLYLOOP((#2496,#2465,#2497,#2478));
#3993=IFCFACEOUTERBOUND(#3992,.T.);
#3994=IFCFACE((#3993));
#3995=IFCPOLYLOOP((#2495,#2494,#2497));
#3996=IFCFACEOUTERBOUND(#3995,.T.);
#3997=IFCFACE((#3996));
#3998=IFCPOLYLOOP((#2541,#2569,#2619));
#3999=IFCFACEOUTERBOUND(#3998,.T.);
#4000=IFCFACE((#3999));
#4001=IFCPOLYLOOP((#2492,#2451,#2499));
#4002=IFCFACEOUTERBOUND(#4001,.T.);
#4003=IFCFACE((#4002));
#4004=IFCPOLYLOOP((#2499,#2480,#2492));
#4005=IFCFACEOUTERBOUND(#4004,.T.);
#4006=IFCFACE((#4005));
#4007=IFCPOLYLOOP((#2480,#2499,#2500));
#4008=IFCFACEOUTERBOUND(#4007,.T.);
#4009=IFCFACE((#4008));
#4010=IFCPOLYLOOP((#2480,#2500,#2476));
#4011=IFCFACEOUTERBOUND(#4010,.T.);
#4012=IFCFACE((#4011));
#4013=IFCPOLYLOOP((#2540,#2475,#2500,#2481));
#4014=IFCFACEOUTERBOUND(#4013,.T.);
#4015=IFCFACE((#4014));
#4016=IFCPOLYLOOP((#2465,#2502,#2497));
#4017=IFCFACEOUTERBOUND(#4016,.T.);
#4018=IFCFACE((#4017));
#4019=IFCPOLYLOOP((#2523,#2466,#2502));
#4020=IFCFACEOUTERBOUND(#4019,.T.);
#4021=IFCFACE((#4020));
#4022=IFCPOLYLOOP((#2524,#2463,#2522));
#4023=IFCFACEOUTERBOUND(#4022,.T.);
#4024=IFCFACE((#4023));
#4025=IFCPOLYLOOP((#2503,#2464,#2522));
#4026=IFCFACEOUTERBOUND(#4025,.T.);
#4027=IFCFACE((#4026));
#4028=IFCPOLYLOOP((#2465,#2530,#2502));
#4029=IFCFACEOUTERBOUND(#4028,.T.);
#4030=IFCFACE((#4029));
#4031=IFCPOLYLOOP((#2571,#2504,#2542,#2469));
#4032=IFCFACEOUTERBOUND(#4031,.T.);
#4033=IFCFACE((#4032));
#4034=IFCPOLYLOOP((#2543,#2574,#2622));
#4035=IFCFACEOUTERBOUND(#4034,.T.);
#4036=IFCFACE((#4035));
#4037=IFCPOLYLOOP((#2576,#2506,#2544));
#4038=IFCFACEOUTERBOUND(#4037,.T.);
#4039=IFCFACE((#4038));
#4040=IFCPOLYLOOP((#2508,#2583,#2584,#2580));
#4041=IFCFACEOUTERBOUND(#4040,.T.);
#4042=IFCFACE((#4041));
#4043=IFCPOLYLOOP((#2545,#2580,#2584));
#4044=IFCFACEOUTERBOUND(#4043,.T.);
#4045=IFCFACE((#4044));
#4046=IFCPOLYLOOP((#2585,#2458,#2547,#2510));
#4047=IFCFACEOUTERBOUND(#4046,.T.);
#4048=IFCFACE((#4047));
#4049=IFCPOLYLOOP((#2587,#2510,#2548,#2462));
#4050=IFCFACEOUTERBOUND(#4049,.T.);
#4051=IFCFACE((#4050));
#4052=IFCPOLYLOOP((#2594,#2549,#2512));
#4053=IFCFACEOUTERBOUND(#4052,.T.);
#4054=IFCFACE((#4053));
#4055=IFCPOLYLOOP((#2590,#2512,#2549,#2454));
#4056=IFCFACEOUTERBOUND(#4055,.T.);
#4057=IFCFACE((#4056));
#4058=IFCPOLYLOOP((#2514,#2598,#2599,#2595));
#4059=IFCFACEOUTERBOUND(#4058,.T.);
#4060=IFCFACE((#4059));
#4061=IFCPOLYLOOP((#2551,#2595,#2599));
#4062=IFCFACEOUTERBOUND(#4061,.T.);
#4063=IFCFACE((#4062));
#4064=IFCPOLYLOOP((#2604,#2553,#2516));
#4065=IFCFACEOUTERBOUND(#4064,.T.);
#4066=IFCFACE((#4065));
#4067=IFCPOLYLOOP((#2600,#2516,#2553,#2457));
#4068=IFCFACEOUTERBOUND(#4067,.T.);
#4069=IFCFACE((#4068));
#4070=IFCPOLYLOOP((#2605,#2455,#2555,#2518));
#4071=IFCFACEOUTERBOUND(#4070,.T.);
#4072=IFCFACE((#4071));
#4073=IFCPOLYLOOP((#2607,#2518,#2556,#2486));
#4074=IFCFACEOUTERBOUND(#4073,.T.);
#4075=IFCFACE((#4074));
#4076=IFCPOLYLOOP((#2611,#2462,#2557,#2520));
#4077=IFCFACEOUTERBOUND(#4076,.T.);
#4078=IFCFACE((#4077));
#4079=IFCPOLYLOOP((#2614,#2520,#2558,#2459));
#4080=IFCFACEOUTERBOUND(#4079,.T.);
#4081=IFCFACE((#4080));
#4082=IFCPOLYLOOP((#2503,#2522,#2530));
#4083=IFCFACEOUTERBOUND(#4082,.T.);
#4084=IFCFACE((#4083));
#4085=IFCPOLYLOOP((#2559,#2501,#2522,#2463));
#4086=IFCFACEOUTERBOUND(#4085,.T.);
#4087=IFCFACE((#4086));
#4088=IFCPOLYLOOP((#2560,#2483,#2528,#2484));
#4089=IFCFACEOUTERBOUND(#4088,.T.);
#4090=IFCFACE((#4089));
#4091=IFCPOLYLOOP((#2501,#2523,#2530));
#4092=IFCFACEOUTERBOUND(#4091,.T.);
#4093=IFCFACE((#4092));
#4094=IFCPOLYLOOP((#2524,#2529,#2527));
#4095=IFCFACEOUTERBOUND(#4094,.T.);
#4096=IFCFACE((#4095));
#4097=IFCPOLYLOOP((#2527,#2526,#2524));
#4098=IFCFACEOUTERBOUND(#4097,.T.);
#4099=IFCFACE((#4098));
#4100=IFCPOLYLOOP((#2526,#2463,#2524));
#4101=IFCFACEOUTERBOUND(#4100,.T.);
#4102=IFCFACE((#4101));
#4103=IFCPOLYLOOP((#2528,#2525,#2527));
#4104=IFCFACEOUTERBOUND(#4103,.T.);
#4105=IFCFACE((#4104));
#4106=IFCPOLYLOOP((#2503,#2530,#2465));
#4107=IFCFACEOUTERBOUND(#4106,.T.);
#4108=IFCFACE((#4107));
#4109=IFCPOLYLOOP((#2561,#2525,#2528,#2482));
#4110=IFCFACEOUTERBOUND(#4109,.T.);
#4111=IFCFACE((#4110));
#4112=IFCPOLYLOOP((#2482,#2528,#2554));
#4113=IFCFACEOUTERBOUND(#4112,.T.);
#4114=IFCFACE((#4113));
#4115=IFCPOLYLOOP((#2484,#2527,#2529));
#4116=IFCFACEOUTERBOUND(#4115,.T.);
#4117=IFCFACE((#4116));
#4118=IFCPOLYLOOP((#2524,#2464,#2529));
#4119=IFCFACEOUTERBOUND(#4118,.T.);
#4120=IFCFACE((#4119));
#4121=IFCPOLYLOOP((#2502,#2530,#2523));
#4122=IFCFACEOUTERBOUND(#4121,.T.);
#4123=IFCFACE((#4122));
#4124=IFCPOLYLOOP((#2477,#2536,#2534));
#4125=IFCFACEOUTERBOUND(#4124,.T.);
#4126=IFCFACE((#4125));
#4127=IFCPOLYLOOP((#2534,#2535,#2477));
#4128=IFCFACEOUTERBOUND(#4127,.T.);
#4129=IFCFACE((#4128));
#4130=IFCPOLYLOOP((#2532,#2535,#2534));
#4131=IFCFACEOUTERBOUND(#4130,.T.);
#4132=IFCFACE((#4131));
#4133=IFCPOLYLOOP((#2531,#2534,#2536));
#4134=IFCFACEOUTERBOUND(#4133,.T.);
#4135=IFCFACE((#4134));
#4136=IFCPOLYLOOP((#2531,#2475,#2533));
#4137=IFCFACEOUTERBOUND(#4136,.T.);
#4138=IFCFACE((#4137));
#4139=IFCPOLYLOOP((#2562,#2477,#2535,#2460));
#4140=IFCFACEOUTERBOUND(#4139,.T.);
#4141=IFCFACE((#4140));
#4142=IFCPOLYLOOP((#2521,#2617,#2612));
#4143=IFCFACEOUTERBOUND(#4142,.T.);
#4144=IFCFACE((#4143));
#4145=IFCPOLYLOOP((#2535,#2563,#2615));
#4146=IFCFACEOUTERBOUND(#4145,.T.);
#4147=IFCFACE((#4146));
#4148=IFCPOLYLOOP((#2536,#2476,#2531));
#4149=IFCFACEOUTERBOUND(#4148,.T.);
#4150=IFCFACE((#4149));
#4151=IFCPOLYLOOP((#2519,#2610,#2606));
#4152=IFCFACEOUTERBOUND(#4151,.T.);
#4153=IFCFACE((#4152));
#4154=IFCPOLYLOOP((#2565,#2537,#2538,#2485));
#4155=IFCFACEOUTERBOUND(#4154,.T.);
#4156=IFCFACE((#4155));
#4157=IFCPOLYLOOP((#2487,#2538,#2564));
#4158=IFCFACEOUTERBOUND(#4157,.T.);
#4159=IFCFACE((#4158));
#4160=IFCPOLYLOOP((#2573,#2542,#2504));
#4161=IFCFACEOUTERBOUND(#4160,.T.);
#4162=IFCFACE((#4161));
#4163=IFCPOLYLOOP((#2624,#2539,#2568,#2488));
#4164=IFCFACEOUTERBOUND(#4163,.T.);
#4165=IFCFACE((#4164));
#4166=IFCPOLYLOOP((#2543,#2622,#2453));
#4167=IFCFACEOUTERBOUND(#4166,.T.);
#4168=IFCFACE((#4167));
#4169=IFCPOLYLOOP((#2507,#2578,#2579,#2575));
#4170=IFCFACEOUTERBOUND(#4169,.T.);
#4171=IFCFACE((#4170));
#4172=IFCPOLYLOOP((#2573,#2572,#2542));
#4173=IFCFACEOUTERBOUND(#4172,.T.);
#4174=IFCFACE((#4173));
#4175=IFCPOLYLOOP((#2579,#2544,#2506));
#4176=IFCFACEOUTERBOUND(#4175,.T.);
#4177=IFCFACE((#4176));
#4178=IFCPOLYLOOP((#2567,#2453,#2622));
#4179=IFCFACEOUTERBOUND(#4178,.T.);
#4180=IFCFACE((#4179));
#4181=IFCPOLYLOOP((#2544,#2577,#2576));
#4182=IFCFACEOUTERBOUND(#4181,.T.);
#4183=IFCFACE((#4182));
#4184=IFCPOLYLOOP((#2579,#2578,#2544));
#4185=IFCFACEOUTERBOUND(#4184,.T.);
#4186=IFCFACE((#4185));
#4187=IFCPOLYLOOP((#2472,#2545,#2551));
#4188=IFCFACEOUTERBOUND(#4187,.T.);
#4189=IFCFACE((#4188));
#4190=IFCPOLYLOOP((#2581,#2471,#2545,#2509));
#4191=IFCFACEOUTERBOUND(#4190,.T.);
#4192=IFCFACE((#4191));
#4193=IFCPOLYLOOP((#2489,#2546,#2568));
#4194=IFCFACEOUTERBOUND(#4193,.T.);
#4195=IFCFACE((#4194));
#4196=IFCPOLYLOOP((#2583,#2488,#2546));
#4197=IFCFACEOUTERBOUND(#4196,.T.);
#4198=IFCFACE((#4197));
#4199=IFCPOLYLOOP((#2589,#2548,#2510));
#4200=IFCFACEOUTERBOUND(#4199,.T.);
#4201=IFCFACE((#4200));
#4202=IFCPOLYLOOP((#2455,#2547,#2555));
#4203=IFCFACEOUTERBOUND(#4202,.T.);
#4204=IFCFACE((#4203));
#4205=IFCPOLYLOOP((#2613,#2557,#2462));
#4206=IFCFACEOUTERBOUND(#4205,.T.);
#4207=IFCFACE((#4206));
#4208=IFCPOLYLOOP((#2511,#2548,#2589));
#4209=IFCFACEOUTERBOUND(#4208,.T.);
#4210=IFCFACE((#4209));
#4211=IFCPOLYLOOP((#2454,#2549,#2553));
#4212=IFCFACEOUTERBOUND(#4211,.T.);
#4213=IFCFACE((#4212));
#4214=IFCPOLYLOOP((#2591,#2457,#2549));
#4215=IFCFACEOUTERBOUND(#4214,.T.);
#4216=IFCFACE((#4215));
#4217=IFCPOLYLOOP((#2474,#2550,#2552));
#4218=IFCFACEOUTERBOUND(#4217,.T.);
#4219=IFCFACE((#4218));
#4220=IFCPOLYLOOP((#2593,#2473,#2550));
#4221=IFCFACEOUTERBOUND(#4220,.T.);
#4222=IFCFACE((#4221));
#4223=IFCPOLYLOOP((#2471,#2551,#2545));
#4224=IFCFACEOUTERBOUND(#4223,.T.);
#4225=IFCFACE((#4224));
#4226=IFCPOLYLOOP((#2596,#2472,#2551));
#4227=IFCFACEOUTERBOUND(#4226,.T.);
#4228=IFCFACE((#4227));
#4229=IFCPOLYLOOP((#2473,#2552,#2550));
#4230=IFCFACEOUTERBOUND(#4229,.T.);
#4231=IFCFACE((#4230));
#4232=IFCPOLYLOOP((#2598,#2474,#2552));
#4233=IFCFACEOUTERBOUND(#4232,.T.);
#4234=IFCFACE((#4233));
#4235=IFCPOLYLOOP((#2457,#2553,#2549));
#4236=IFCFACEOUTERBOUND(#4235,.T.);
#4237=IFCFACE((#4236));
#4238=IFCPOLYLOOP((#2601,#2454,#2553));
#4239=IFCFACEOUTERBOUND(#4238,.T.);
#4240=IFCFACE((#4239));
#4241=IFCPOLYLOOP((#2483,#2554,#2528));
#4242=IFCFACEOUTERBOUND(#4241,.T.);
#4243=IFCFACE((#4242));
#4244=IFCPOLYLOOP((#2603,#2482,#2554));
#4245=IFCFACEOUTERBOUND(#4244,.T.);
#4246=IFCFACE((#4245));
#4247=IFCPOLYLOOP((#2610,#2556,#2518));
#4248=IFCFACEOUTERBOUND(#4247,.T.);
#4249=IFCFACE((#4248));
#4250=IFCPOLYLOOP((#2458,#2555,#2547));
#4251=IFCFACEOUTERBOUND(#4250,.T.);
#4252=IFCFACE((#4251));
#4253=IFCPOLYLOOP((#2608,#2486,#2556));
#4254=IFCFACEOUTERBOUND(#4253,.T.);
#4255=IFCFACE((#4254));
#4256=IFCPOLYLOOP((#2519,#2556,#2610));
#4257=IFCFACEOUTERBOUND(#4256,.T.);
#4258=IFCFACE((#4257));
#4259=IFCPOLYLOOP((#2617,#2558,#2520));
#4260=IFCFACEOUTERBOUND(#4259,.T.);
#4261=IFCFACE((#4260));
#4262=IFCPOLYLOOP((#2461,#2557,#2613));
#4263=IFCFACEOUTERBOUND(#4262,.T.);
#4264=IFCFACE((#4263));
#4265=IFCPOLYLOOP((#2615,#2459,#2558));
#4266=IFCFACEOUTERBOUND(#4265,.T.);
#4267=IFCFACE((#4266));
#4268=IFCPOLYLOOP((#2521,#2558,#2617));
#4269=IFCFACEOUTERBOUND(#4268,.T.);
#4270=IFCFACE((#4269));
#4271=IFCPOLYLOOP((#2564,#2619,#2618));
#4272=IFCFACEOUTERBOUND(#4271,.T.);
#4273=IFCFACE((#4272));
#4274=IFCPOLYLOOP((#2535,#2532,#2563));
#4275=IFCFACEOUTERBOUND(#4274,.T.);
#4276=IFCFACE((#4275));
#4277=IFCPOLYLOOP((#2537,#2564,#2538));
#4278=IFCFACEOUTERBOUND(#4277,.T.);
#4279=IFCFACE((#4278));
#4280=IFCPOLYLOOP((#2623,#2453,#2567,#2539));
#4281=IFCFACEOUTERBOUND(#4280,.T.);
#4282=IFCFACE((#4281));
#4283=IFCPOLYLOOP((#2538,#2487,#2566));
#4284=IFCFACEOUTERBOUND(#4283,.T.);
#4285=IFCFACE((#4284));
#4286=IFCPOLYLOOP((#2568,#2539,#2626));
#4287=IFCFACEOUTERBOUND(#4286,.T.);
#4288=IFCFACE((#4287));
#4289=IFCPOLYLOOP((#2488,#2568,#2546));
#4290=IFCFACEOUTERBOUND(#4289,.T.);
#4291=IFCFACE((#4290));
#4292=IFCPOLYLOOP((#2625,#2489,#2568));
#4293=IFCFACEOUTERBOUND(#4292,.T.);
#4294=IFCFACE((#4293));
#4295=IFCPOLYLOOP((#2505,#2572,#2573,#2570));
#4296=IFCFACEOUTERBOUND(#4295,.T.);
#4297=IFCFACE((#4296));
#4298=IFCPOLYLOOP((#2541,#2504,#2569));
#4299=IFCFACEOUTERBOUND(#4298,.T.);
#4300=IFCFACE((#4299));
#4301=IFCPOLYLOOP((#2541,#2467,#2570));
#4302=IFCFACEOUTERBOUND(#4301,.T.);
#4303=IFCFACE((#4302));
#4304=IFCPOLYLOOP((#2541,#2573,#2504));
#4305=IFCFACEOUTERBOUND(#4304,.T.);
#4306=IFCFACE((#4305));
#4307=IFCPOLYLOOP((#2470,#2576,#2577,#2572));
#4308=IFCFACEOUTERBOUND(#4307,.T.);
#4309=IFCFACE((#4308));
#4310=IFCPOLYLOOP((#2574,#2543,#2506));
#4311=IFCFACEOUTERBOUND(#4310,.T.);
#4312=IFCFACE((#4311));
#4313=IFCPOLYLOOP((#2543,#2453,#2575));
#4314=IFCFACEOUTERBOUND(#4313,.T.);
#4315=IFCFACE((#4314));
#4316=IFCPOLYLOOP((#2542,#2577,#2469));
#4317=IFCFACEOUTERBOUND(#4316,.T.);
#4318=IFCFACE((#4317));
#4319=IFCPOLYLOOP((#2577,#2544,#2469));
#4320=IFCFACEOUTERBOUND(#4319,.T.);
#4321=IFCFACE((#4320));
#4322=IFCPOLYLOOP((#2543,#2579,#2506));
#4323=IFCFACEOUTERBOUND(#4322,.T.);
#4324=IFCFACE((#4323));
#4325=IFCPOLYLOOP((#2545,#2584,#2509));
#4326=IFCFACEOUTERBOUND(#4325,.T.);
#4327=IFCFACE((#4326));
#4328=IFCPOLYLOOP((#2545,#2472,#2580));
#4329=IFCFACEOUTERBOUND(#4328,.T.);
#4330=IFCFACE((#4329));
#4331=IFCPOLYLOOP((#2546,#2584,#2583));
#4332=IFCFACEOUTERBOUND(#4331,.T.);
#4333=IFCFACE((#4332));
#4334=IFCPOLYLOOP((#2511,#2589,#2586));
#4335=IFCFACEOUTERBOUND(#4334,.T.);
#4336=IFCFACE((#4335));
#4337=IFCPOLYLOOP((#2547,#2455,#2586));
#4338=IFCFACEOUTERBOUND(#4337,.T.);
#4339=IFCFACE((#4338));
#4340=IFCPOLYLOOP((#2548,#2511,#2588));
#4341=IFCFACEOUTERBOUND(#4340,.T.);
#4342=IFCFACE((#4341));
#4343=IFCPOLYLOOP((#2547,#2589,#2510));
#4344=IFCFACEOUTERBOUND(#4343,.T.);
#4345=IFCFACE((#4344));
#4346=IFCPOLYLOOP((#2591,#2549,#2594));
#4347=IFCFACEOUTERBOUND(#4346,.T.);
#4348=IFCFACE((#4347));
#4349=IFCPOLYLOOP((#2513,#2591,#2594));
#4350=IFCFACEOUTERBOUND(#4349,.T.);
#4351=IFCFACE((#4350));
#4352=IFCPOLYLOOP((#2512,#2593,#2594));
#4353=IFCFACEOUTERBOUND(#4352,.T.);
#4354=IFCFACE((#4353));
#4355=IFCPOLYLOOP((#2550,#2594,#2593));
#4356=IFCFACEOUTERBOUND(#4355,.T.);
#4357=IFCFACE((#4356));
#4358=IFCPOLYLOOP((#2596,#2551,#2599));
#4359=IFCFACEOUTERBOUND(#4358,.T.);
#4360=IFCFACE((#4359));
#4361=IFCPOLYLOOP((#2551,#2471,#2595));
#4362=IFCFACEOUTERBOUND(#4361,.T.);
#4363=IFCFACE((#4362));
#4364=IFCPOLYLOOP((#2515,#2596,#2599));
#4365=IFCFACEOUTERBOUND(#4364,.T.);
#4366=IFCFACE((#4365));
#4367=IFCPOLYLOOP((#2552,#2599,#2598));
#4368=IFCFACEOUTERBOUND(#4367,.T.);
#4369=IFCFACE((#4368));
#4370=IFCPOLYLOOP((#2601,#2553,#2604));
#4371=IFCFACEOUTERBOUND(#4370,.T.);
#4372=IFCFACE((#4371));
#4373=IFCPOLYLOOP((#2517,#2601,#2604));
#4374=IFCFACEOUTERBOUND(#4373,.T.);
#4375=IFCFACE((#4374));
#4376=IFCPOLYLOOP((#2516,#2603,#2604));
#4377=IFCFACEOUTERBOUND(#4376,.T.);
#4378=IFCFACE((#4377));
#4379=IFCPOLYLOOP((#2554,#2604,#2603));
#4380=IFCFACEOUTERBOUND(#4379,.T.);
#4381=IFCFACE((#4380));
#4382=IFCPOLYLOOP((#2486,#2608,#2566));
#4383=IFCFACEOUTERBOUND(#4382,.T.);
#4384=IFCFACE((#4383));
#4385=IFCPOLYLOOP((#2555,#2458,#2606));
#4386=IFCFACEOUTERBOUND(#4385,.T.);
#4387=IFCFACE((#4386));
#4388=IFCPOLYLOOP((#2538,#2608,#2485));
#4389=IFCFACEOUTERBOUND(#4388,.T.);
#4390=IFCFACE((#4389));
#4391=IFCPOLYLOOP((#2485,#2608,#2609));
#4392=IFCFACEOUTERBOUND(#4391,.T.);
#4393=IFCFACE((#4392));
#4394=IFCPOLYLOOP((#2556,#2519,#2609));
#4395=IFCFACEOUTERBOUND(#4394,.T.);
#4396=IFCFACE((#4395));
#4397=IFCPOLYLOOP((#2555,#2610,#2518));
#4398=IFCFACEOUTERBOUND(#4397,.T.);
#4399=IFCFACE((#4398));
#4400=IFCPOLYLOOP((#2461,#2613,#2588));
#4401=IFCFACEOUTERBOUND(#4400,.T.);
#4402=IFCFACE((#4401));
#4403=IFCPOLYLOOP((#2557,#2461,#2612));
#4404=IFCFACEOUTERBOUND(#4403,.T.);
#4405=IFCFACE((#4404));
#4406=IFCPOLYLOOP((#2548,#2613,#2462));
#4407=IFCFACEOUTERBOUND(#4406,.T.);
#4408=IFCFACE((#4407));
#4409=IFCPOLYLOOP((#2459,#2615,#2563));
#4410=IFCFACEOUTERBOUND(#4409,.T.);
#4411=IFCFACE((#4410));
#4412=IFCPOLYLOOP((#2535,#2615,#2460));
#4413=IFCFACEOUTERBOUND(#4412,.T.);
#4414=IFCFACE((#4413));
#4415=IFCPOLYLOOP((#2460,#2615,#2616));
#4416=IFCFACEOUTERBOUND(#4415,.T.);
#4417=IFCFACE((#4416));
#4418=IFCPOLYLOOP((#2558,#2521,#2616));
#4419=IFCFACEOUTERBOUND(#4418,.T.);
#4420=IFCFACE((#4419));
#4421=IFCPOLYLOOP((#2557,#2617,#2520));
#4422=IFCFACEOUTERBOUND(#4421,.T.);
#4423=IFCFACE((#4422));
#4424=IFCPOLYLOOP((#2468,#2618,#2619,#2569));
#4425=IFCFACEOUTERBOUND(#4424,.T.);
#4426=IFCFACE((#4425));
#4427=IFCPOLYLOOP((#2541,#2619,#2467));
#4428=IFCFACEOUTERBOUND(#4427,.T.);
#4429=IFCFACE((#4428));
#4430=IFCPOLYLOOP((#2467,#2619,#2620));
#4431=IFCFACEOUTERBOUND(#4430,.T.);
#4432=IFCFACE((#4431));
#4433=IFCPOLYLOOP((#2564,#2537,#2620));
#4434=IFCFACEOUTERBOUND(#4433,.T.);
#4435=IFCFACE((#4434));
#4436=IFCPOLYLOOP((#2567,#2622,#2621));
#4437=IFCFACEOUTERBOUND(#4436,.T.);
#4438=IFCFACE((#4437));
#4439=IFCPOLYLOOP((#2567,#2626,#2539));
#4440=IFCFACEOUTERBOUND(#4439,.T.);
#4441=IFCFACE((#4440));
#4442=IFCPOLYLOOP((#2568,#2626,#2625));
#4443=IFCFACEOUTERBOUND(#4442,.T.);
#4444=IFCFACE((#4443));
#4445=IFCPOLYLOOP((#2396,#2627,#2450,#2492,#2480,#2476,#2536,#2477,#2562,#2460,#2616,#2521,#2612,#2461,#2588,#2511,#2586,#2455,#2605,#2518,#2607,#2486,#2566,#2487,#2618,#2468,#2569,#2504,#2571,#2469,#2578,#2507,#2575,#2453,#2623,#2539,#2624,#2488,#2583,#2508,#2580,#2472,#2596,#2515,#2597,#2473,#2593,#2512,#2590,#2454,#2601,#2517,#2602,#2483,#2560,#2484,#2529,#2464,#2503,#2465,#2496,#2478,#2491,#2363));
#4446=IFCFACEOUTERBOUND(#4445,.T.);
#4447=IFCFACE((#4446));
#4448=IFCPOLYLOOP((#2396,#2398,#2627));
#4449=IFCFACEOUTERBOUND(#4448,.T.);
#4450=IFCFACE((#4449));
#4451=IFCPOLYLOOP((#2398,#2396,#2350));
#4452=IFCFACEOUTERBOUND(#4451,.T.);
#4453=IFCFACE((#4452));
#4454=IFCPOLYLOOP((#2110,#2350,#2396));
#4455=IFCFACEOUTERBOUND(#4454,.T.);
#4456=IFCFACE((#4455));
#4457=IFCPOLYLOOP((#2396,#2348,#2110));
#4458=IFCFACEOUTERBOUND(#4457,.T.);
#4459=IFCFACE((#4458));
#4460=IFCPOLYLOOP((#2111,#2110,#2348));
#4461=IFCFACEOUTERBOUND(#4460,.T.);
#4462=IFCFACE((#4461));
#4463=IFCPOLYLOOP((#2348,#2347,#2111));
#4464=IFCFACEOUTERBOUND(#4463,.T.);
#4465=IFCFACE((#4464));
#4466=IFCPOLYLOOP((#2627,#2111,#2347));
#4467=IFCFACEOUTERBOUND(#4466,.T.);
#4468=IFCFACE((#4467));
#4469=IFCPOLYLOOP((#2111,#2627,#2398));
#4470=IFCFACEOUTERBOUND(#4469,.T.);
#4471=IFCFACE((#4470));
#4472=IFCPOLYLOOP((#2108,#2111,#2398,#2397));
#4473=IFCFACEOUTERBOUND(#4472,.T.);
#4474=IFCFACE((#4473));
#4475=IFCPOLYLOOP((#2349,#2400,#2397));
#4476=IFCFACEOUTERBOUND(#4475,.T.);
#4477=IFCFACE((#4476));
#4478=IFCPOLYLOOP((#2400,#2349,#2352));
#4479=IFCFACEOUTERBOUND(#4478,.T.);
#4480=IFCFACE((#4479));
#4481=IFCPOLYLOOP((#2114,#2352,#2349));
#4482=IFCFACEOUTERBOUND(#4481,.T.);
#4483=IFCFACE((#4482));
#4484=IFCPOLYLOOP((#2349,#2109,#2114));
#4485=IFCFACEOUTERBOUND(#4484,.T.);
#4486=IFCFACE((#4485));
#4487=IFCPOLYLOOP((#2115,#2114,#2109));
#4488=IFCFACEOUTERBOUND(#4487,.T.);
#4489=IFCFACE((#4488));
#4490=IFCPOLYLOOP((#2109,#2108,#2115));
#4491=IFCFACEOUTERBOUND(#4490,.T.);
#4492=IFCFACE((#4491));
#4493=IFCPOLYLOOP((#2397,#2115,#2108));
#4494=IFCFACEOUTERBOUND(#4493,.T.);
#4495=IFCFACE((#4494));
#4496=IFCPOLYLOOP((#2115,#2397,#2400));
#4497=IFCFACEOUTERBOUND(#4496,.T.);
#4498=IFCFACE((#4497));
#4499=IFCPOLYLOOP((#2400,#2399,#2630,#2628,#2112,#2115));
#4500=IFCFACEOUTERBOUND(#4499,.T.);
#4501=IFCFACE((#4500));
#4502=IFCPOLYLOOP((#2629,#2633,#2631,#2632));
#4503=IFCFACEOUTERBOUND(#4502,.T.);
#4504=IFCFACE((#4503));
#4505=IFCPOLYLOOP((#2634,#2402,#2632));
#4506=IFCFACEOUTERBOUND(#4505,.T.);
#4507=IFCFACE((#4506));
#4508=IFCPOLYLOOP((#2635,#2119,#2112));
#4509=IFCFACEOUTERBOUND(#4508,.T.);
#4510=IFCFACE((#4509));
#4511=IFCPOLYLOOP((#2635,#2628,#2631));
#4512=IFCFACEOUTERBOUND(#4511,.T.);
#4513=IFCFACE((#4512));
#4514=IFCPOLYLOOP((#2634,#2630,#2399));
#4515=IFCFACEOUTERBOUND(#4514,.T.);
#4516=IFCFACE((#4515));
#4517=IFCPOLYLOOP((#2628,#2630,#2631));
#4518=IFCFACEOUTERBOUND(#4517,.T.);
#4519=IFCFACE((#4518));
#4520=IFCPOLYLOOP((#2635,#2631,#2633));
#4521=IFCFACEOUTERBOUND(#4520,.T.);
#4522=IFCFACE((#4521));
#4523=IFCPOLYLOOP((#2631,#2634,#2632));
#4524=IFCFACEOUTERBOUND(#4523,.T.);
#4525=IFCFACE((#4524));
#4526=IFCPOLYLOOP((#2631,#2630,#2634));
#4527=IFCFACEOUTERBOUND(#4526,.T.);
#4528=IFCFACE((#4527));
#4529=IFCPOLYLOOP((#2402,#2401,#2632));
#4530=IFCFACEOUTERBOUND(#4529,.T.);
#4531=IFCFACE((#4530));
#4532=IFCPOLYLOOP((#2633,#2116,#2119));
#4533=IFCFACEOUTERBOUND(#4532,.T.);
#4534=IFCFACE((#4533));
#4535=IFCPOLYLOOP((#2402,#2634,#2399));
#4536=IFCFACEOUTERBOUND(#4535,.T.);
#4537=IFCFACE((#4536));
#4538=IFCPOLYLOOP((#2628,#2635,#2112));
#4539=IFCFACEOUTERBOUND(#4538,.T.);
#4540=IFCFACE((#4539));
#4541=IFCPOLYLOOP((#2119,#2635,#2633));
#4542=IFCFACEOUTERBOUND(#4541,.T.);
#4543=IFCFACE((#4542));
#4544=IFCPOLYLOOP((#2353,#2365,#2493));
#4545=IFCFACEOUTERBOUND(#4544,.T.);
#4546=IFCFACE((#4545));
#4547=IFCPOLYLOOP((#2365,#2353,#2360));
#4548=IFCFACEOUTERBOUND(#4547,.T.);
#4549=IFCFACE((#4548));
#4550=IFCPOLYLOOP((#2452,#2116,#2633));
#4551=IFCFACEOUTERBOUND(#4550,.T.);
#4552=IFCFACE((#4551));
#4553=IFCPOLYLOOP((#2452,#2401,#2422));
#4554=IFCFACEOUTERBOUND(#4553,.T.);
#4555=IFCFACE((#4554));
#4556=IFCPOLYLOOP((#2117,#2171,#2213));
#4557=IFCFACEOUTERBOUND(#4556,.T.);
#4558=IFCFACE((#4557));
#4559=IFCPOLYLOOP((#2117,#2170,#2381));
#4560=IFCFACEOUTERBOUND(#4559,.T.);
#4561=IFCFACE((#4560));
#4562=IFCPOLYLOOP((#2116,#2452,#2651));
#4563=IFCFACEOUTERBOUND(#4562,.T.);
#4564=IFCFACE((#4563));
#4565=IFCPOLYLOOP((#2171,#2117,#2139));
#4566=IFCFACEOUTERBOUND(#4565,.T.);
#4567=IFCFACE((#4566));
#4568=IFCPOLYLOOP((#2353,#2493,#2479));
#4569=IFCFACEOUTERBOUND(#4568,.T.);
#4570=IFCFACE((#4569));
#4571=IFCPOLYLOOP((#2353,#2479,#2495));
#4572=IFCFACEOUTERBOUND(#4571,.T.);
#4573=IFCFACE((#4572));
#4574=IFCPOLYLOOP((#2353,#2495,#2466));
#4575=IFCFACEOUTERBOUND(#4574,.T.);
#4576=IFCFACE((#4575));
#4577=IFCPOLYLOOP((#2353,#2466,#2523));
#4578=IFCFACEOUTERBOUND(#4577,.T.);
#4579=IFCFACE((#4578));
#4580=IFCPOLYLOOP((#2353,#2523,#2501));
#4581=IFCFACEOUTERBOUND(#4580,.T.);
#4582=IFCFACE((#4581));
#4583=IFCPOLYLOOP((#2353,#2501,#2559));
#4584=IFCFACEOUTERBOUND(#4583,.T.);
#4585=IFCFACE((#4584));
#4586=IFCPOLYLOOP((#2353,#2559,#2463));
#4587=IFCFACEOUTERBOUND(#4586,.T.);
#4588=IFCFACE((#4587));
#4589=IFCPOLYLOOP((#2353,#2463,#2526));
#4590=IFCFACEOUTERBOUND(#4589,.T.);
#4591=IFCFACE((#4590));
#4592=IFCPOLYLOOP((#2353,#2526,#2525));
#4593=IFCFACEOUTERBOUND(#4592,.T.);
#4594=IFCFACE((#4593));
#4595=IFCPOLYLOOP((#2353,#2525,#2561));
#4596=IFCFACEOUTERBOUND(#4595,.T.);
#4597=IFCFACE((#4596));
#4598=IFCPOLYLOOP((#2353,#2561,#2482));
#4599=IFCFACEOUTERBOUND(#4598,.T.);
#4600=IFCFACE((#4599));
#4601=IFCPOLYLOOP((#2353,#2482,#2603));
#4602=IFCFACEOUTERBOUND(#4601,.T.);
#4603=IFCFACE((#4602));
#4604=IFCPOLYLOOP((#2353,#2603,#2516));
#4605=IFCFACEOUTERBOUND(#4604,.T.);
#4606=IFCFACE((#4605));
#4607=IFCPOLYLOOP((#2353,#2516,#2600));
#4608=IFCFACEOUTERBOUND(#4607,.T.);
#4609=IFCFACE((#4608));
#4610=IFCPOLYLOOP((#2353,#2600,#2457));
#4611=IFCFACEOUTERBOUND(#4610,.T.);
#4612=IFCFACE((#4611));
#4613=IFCPOLYLOOP((#2353,#2457,#2591));
#4614=IFCFACEOUTERBOUND(#4613,.T.);
#4615=IFCFACE((#4614));
#4616=IFCPOLYLOOP((#2353,#2591,#2513));
#4617=IFCFACEOUTERBOUND(#4616,.T.);
#4618=IFCFACE((#4617));
#4619=IFCPOLYLOOP((#2353,#2513,#2592));
#4620=IFCFACEOUTERBOUND(#4619,.T.);
#4621=IFCFACE((#4620));
#4622=IFCPOLYLOOP((#2353,#2592,#2474));
#4623=IFCFACEOUTERBOUND(#4622,.T.);
#4624=IFCFACE((#4623));
#4625=IFCPOLYLOOP((#2353,#2474,#2598));
#4626=IFCFACEOUTERBOUND(#4625,.T.);
#4627=IFCFACE((#4626));
#4628=IFCPOLYLOOP((#2353,#2598,#2514));
#4629=IFCFACEOUTERBOUND(#4628,.T.);
#4630=IFCFACE((#4629));
#4631=IFCPOLYLOOP((#2353,#2514,#2595));
#4632=IFCFACEOUTERBOUND(#4631,.T.);
#4633=IFCFACE((#4632));
#4634=IFCPOLYLOOP((#2353,#2595,#2471));
#4635=IFCFACEOUTERBOUND(#4634,.T.);
#4636=IFCFACE((#4635));
#4637=IFCPOLYLOOP((#2353,#2471,#2581));
#4638=IFCFACEOUTERBOUND(#4637,.T.);
#4639=IFCFACE((#4638));
#4640=IFCPOLYLOOP((#2353,#2581,#2509));
#4641=IFCFACEOUTERBOUND(#4640,.T.);
#4642=IFCFACE((#4641));
#4643=IFCPOLYLOOP((#2353,#2509,#2582));
#4644=IFCFACEOUTERBOUND(#4643,.T.);
#4645=IFCFACE((#4644));
#4646=IFCPOLYLOOP((#2353,#2582,#2489));
#4647=IFCFACEOUTERBOUND(#4646,.T.);
#4648=IFCFACE((#4647));
#4649=IFCPOLYLOOP((#2353,#2489,#2625));
#4650=IFCFACEOUTERBOUND(#4649,.T.);
#4651=IFCFACE((#4650));
#4652=IFCPOLYLOOP((#2353,#2625,#2490));
#4653=IFCFACEOUTERBOUND(#4652,.T.);
#4654=IFCFACE((#4653));
#4655=IFCPOLYLOOP((#2353,#2490,#2621));
#4656=IFCFACEOUTERBOUND(#4655,.T.);
#4657=IFCFACE((#4656));
#4658=IFCPOLYLOOP((#2353,#2621,#2456));
#4659=IFCFACEOUTERBOUND(#4658,.T.);
#4660=IFCFACE((#4659));
#4661=IFCPOLYLOOP((#2353,#2456,#2574));
#4662=IFCFACEOUTERBOUND(#4661,.T.);
#4663=IFCFACE((#4662));
#4664=IFCPOLYLOOP((#2353,#2574,#2506));
#4665=IFCFACEOUTERBOUND(#4664,.T.);
#4666=IFCFACE((#4665));
#4667=IFCPOLYLOOP((#2353,#2506,#2576));
#4668=IFCFACEOUTERBOUND(#4667,.T.);
#4669=IFCFACE((#4668));
#4670=IFCPOLYLOOP((#2353,#2576,#2470));
#4671=IFCFACEOUTERBOUND(#4670,.T.);
#4672=IFCFACE((#4671));
#4673=IFCPOLYLOOP((#2353,#2470,#2572));
#4674=IFCFACEOUTERBOUND(#4673,.T.);
#4675=IFCFACE((#4674));
#4676=IFCPOLYLOOP((#2353,#2572,#2505));
#4677=IFCFACEOUTERBOUND(#4676,.T.);
#4678=IFCFACE((#4677));
#4679=IFCPOLYLOOP((#2353,#2505,#2570));
#4680=IFCFACEOUTERBOUND(#4679,.T.);
#4681=IFCFACE((#4680));
#4682=IFCPOLYLOOP((#2353,#2570,#2467));
#4683=IFCFACEOUTERBOUND(#4682,.T.);
#4684=IFCFACE((#4683));
#4685=IFCPOLYLOOP((#2353,#2467,#2620));
#4686=IFCFACEOUTERBOUND(#4685,.T.);
#4687=IFCFACE((#4686));
#4688=IFCPOLYLOOP((#2353,#2620,#2537));
#4689=IFCFACEOUTERBOUND(#4688,.T.);
#4690=IFCFACE((#4689));
#4691=IFCPOLYLOOP((#2353,#2537,#2565));
#4692=IFCFACEOUTERBOUND(#4691,.T.);
#4693=IFCFACE((#4692));
#4694=IFCPOLYLOOP((#2353,#2565,#2485));
#4695=IFCFACEOUTERBOUND(#4694,.T.);
#4696=IFCFACE((#4695));
#4697=IFCPOLYLOOP((#2353,#2485,#2609));
#4698=IFCFACEOUTERBOUND(#4697,.T.);
#4699=IFCFACE((#4698));
#4700=IFCPOLYLOOP((#2353,#2609,#2519));
#4701=IFCFACEOUTERBOUND(#4700,.T.);
#4702=IFCFACE((#4701));
#4703=IFCPOLYLOOP((#2353,#2519,#2606));
#4704=IFCFACEOUTERBOUND(#4703,.T.);
#4705=IFCFACE((#4704));
#4706=IFCPOLYLOOP((#2353,#2606,#2458));
#4707=IFCFACEOUTERBOUND(#4706,.T.);
#4708=IFCFACE((#4707));
#4709=IFCPOLYLOOP((#2353,#2458,#2585));
#4710=IFCFACEOUTERBOUND(#4709,.T.);
#4711=IFCFACE((#4710));
#4712=IFCPOLYLOOP((#2353,#2585,#2510));
#4713=IFCFACEOUTERBOUND(#4712,.T.);
#4714=IFCFACE((#4713));
#4715=IFCPOLYLOOP((#2353,#2510,#2587));
#4716=IFCFACEOUTERBOUND(#4715,.T.);
#4717=IFCFACE((#4716));
#4718=IFCPOLYLOOP((#2353,#2587,#2462));
#4719=IFCFACEOUTERBOUND(#4718,.T.);
#4720=IFCFACE((#4719));
#4721=IFCPOLYLOOP((#2353,#2462,#2611));
#4722=IFCFACEOUTERBOUND(#4721,.T.);
#4723=IFCFACE((#4722));
#4724=IFCPOLYLOOP((#2353,#2611,#2520));
#4725=IFCFACEOUTERBOUND(#4724,.T.);
#4726=IFCFACE((#4725));
#4727=IFCPOLYLOOP((#2353,#2520,#2614));
#4728=IFCFACEOUTERBOUND(#4727,.T.);
#4729=IFCFACE((#4728));
#4730=IFCPOLYLOOP((#2353,#2614,#2459));
#4731=IFCFACEOUTERBOUND(#4730,.T.);
#4732=IFCFACE((#4731));
#4733=IFCPOLYLOOP((#2353,#2459,#2563));
#4734=IFCFACEOUTERBOUND(#4733,.T.);
#4735=IFCFACE((#4734));
#4736=IFCPOLYLOOP((#2353,#2563,#2532));
#4737=IFCFACEOUTERBOUND(#4736,.T.);
#4738=IFCFACE((#4737));
#4739=IFCPOLYLOOP((#2353,#2532,#2533));
#4740=IFCFACEOUTERBOUND(#4739,.T.);
#4741=IFCFACE((#4740));
#4742=IFCPOLYLOOP((#2353,#2533,#2475));
#4743=IFCFACEOUTERBOUND(#4742,.T.);
#4744=IFCFACE((#4743));
#4745=IFCPOLYLOOP((#2353,#2475,#2540));
#4746=IFCFACEOUTERBOUND(#4745,.T.);
#4747=IFCFACE((#4746));
#4748=IFCPOLYLOOP((#2353,#2540,#2481));
#4749=IFCFACEOUTERBOUND(#4748,.T.);
#4750=IFCFACE((#4749));
#4751=IFCPOLYLOOP((#2353,#2481,#2498));
#4752=IFCFACEOUTERBOUND(#4751,.T.);
#4753=IFCFACE((#4752));
#4754=IFCPOLYLOOP((#2353,#2498,#2452));
#4755=IFCFACEOUTERBOUND(#4754,.T.);
#4756=IFCFACE((#4755));
#4757=IFCPOLYLOOP((#2365,#2360,#2356));
#4758=IFCFACEOUTERBOUND(#4757,.T.);
#4759=IFCFACE((#4758));
#4760=IFCPOLYLOOP((#2365,#2356,#2359));
#4761=IFCFACEOUTERBOUND(#4760,.T.);
#4762=IFCFACE((#4761));
#4763=IFCPOLYLOOP((#2365,#2359,#2117));
#4764=IFCFACEOUTERBOUND(#4763,.T.);
#4765=IFCFACE((#4764));
#4766=IFCPOLYLOOP((#2452,#2633,#2629));
#4767=IFCFACEOUTERBOUND(#4766,.T.);
#4768=IFCFACE((#4767));
#4769=IFCPOLYLOOP((#2452,#2629,#2632));
#4770=IFCFACEOUTERBOUND(#4769,.T.);
#4771=IFCFACE((#4770));
#4772=IFCPOLYLOOP((#2452,#2632,#2401));
#4773=IFCFACEOUTERBOUND(#4772,.T.);
#4774=IFCFACE((#4773));
#4775=IFCPOLYLOOP((#2452,#2422,#2409));
#4776=IFCFACEOUTERBOUND(#4775,.T.);
#4777=IFCFACE((#4776));
#4778=IFCPOLYLOOP((#2452,#2409,#2432));
#4779=IFCFACEOUTERBOUND(#4778,.T.);
#4780=IFCFACE((#4779));
#4781=IFCPOLYLOOP((#2452,#2432,#2405));
#4782=IFCFACEOUTERBOUND(#4781,.T.);
#4783=IFCFACE((#4782));
#4784=IFCPOLYLOOP((#2452,#2405,#2425));
#4785=IFCFACEOUTERBOUND(#4784,.T.);
#4786=IFCFACE((#4785));
#4787=IFCPOLYLOOP((#2452,#2425,#2419));
#4788=IFCFACEOUTERBOUND(#4787,.T.);
#4789=IFCFACE((#4788));
#4790=IFCPOLYLOOP((#2452,#2419,#2430));
#4791=IFCFACEOUTERBOUND(#4790,.T.);
#4792=IFCFACE((#4791));
#4793=IFCPOLYLOOP((#2452,#2430,#2403));
#4794=IFCFACEOUTERBOUND(#4793,.T.);
#4795=IFCFACE((#4794));
#4796=IFCPOLYLOOP((#2452,#2403,#2442));
#4797=IFCFACEOUTERBOUND(#4796,.T.);
#4798=IFCFACE((#4797));
#4799=IFCPOLYLOOP((#2452,#2442,#2417));
#4800=IFCFACEOUTERBOUND(#4799,.T.);
#4801=IFCFACE((#4800));
#4802=IFCPOLYLOOP((#2452,#2417,#2418));
#4803=IFCFACEOUTERBOUND(#4802,.T.);
#4804=IFCFACE((#4803));
#4805=IFCPOLYLOOP((#2452,#2418,#2404));
#4806=IFCFACEOUTERBOUND(#4805,.T.);
#4807=IFCFACE((#4806));
#4808=IFCPOLYLOOP((#2452,#2404,#2424));
#4809=IFCFACEOUTERBOUND(#4808,.T.);
#4810=IFCFACE((#4809));
#4811=IFCPOLYLOOP((#2452,#2424,#2412));
#4812=IFCFACEOUTERBOUND(#4811,.T.);
#4813=IFCFACE((#4812));
#4814=IFCPOLYLOOP((#2452,#2412,#2415));
#4815=IFCFACEOUTERBOUND(#4814,.T.);
#4816=IFCFACE((#4815));
#4817=IFCPOLYLOOP((#2452,#2415,#2353));
#4818=IFCFACEOUTERBOUND(#4817,.T.);
#4819=IFCFACE((#4818));
#4820=IFCPOLYLOOP((#2117,#2213,#2199));
#4821=IFCFACEOUTERBOUND(#4820,.T.);
#4822=IFCFACE((#4821));
#4823=IFCPOLYLOOP((#2117,#2199,#2215));
#4824=IFCFACEOUTERBOUND(#4823,.T.);
#4825=IFCFACE((#4824));
#4826=IFCPOLYLOOP((#2117,#2215,#2186));
#4827=IFCFACEOUTERBOUND(#4826,.T.);
#4828=IFCFACE((#4827));
#4829=IFCPOLYLOOP((#2117,#2186,#2243));
#4830=IFCFACEOUTERBOUND(#4829,.T.);
#4831=IFCFACE((#4830));
#4832=IFCPOLYLOOP((#2117,#2243,#2221));
#4833=IFCFACEOUTERBOUND(#4832,.T.);
#4834=IFCFACE((#4833));
#4835=IFCPOLYLOOP((#2117,#2221,#2279));
#4836=IFCFACEOUTERBOUND(#4835,.T.);
#4837=IFCFACE((#4836));
#4838=IFCPOLYLOOP((#2117,#2279,#2183));
#4839=IFCFACEOUTERBOUND(#4838,.T.);
#4840=IFCFACE((#4839));
#4841=IFCPOLYLOOP((#2117,#2183,#2246));
#4842=IFCFACEOUTERBOUND(#4841,.T.);
#4843=IFCFACE((#4842));
#4844=IFCPOLYLOOP((#2117,#2246,#2245));
#4845=IFCFACEOUTERBOUND(#4844,.T.);
#4846=IFCFACE((#4845));
#4847=IFCPOLYLOOP((#2117,#2245,#2281));
#4848=IFCFACEOUTERBOUND(#4847,.T.);
#4849=IFCFACE((#4848));
#4850=IFCPOLYLOOP((#2117,#2281,#2202));
#4851=IFCFACEOUTERBOUND(#4850,.T.);
#4852=IFCFACE((#4851));
#4853=IFCPOLYLOOP((#2117,#2202,#2323));
#4854=IFCFACEOUTERBOUND(#4853,.T.);
#4855=IFCFACE((#4854));
#4856=IFCPOLYLOOP((#2117,#2323,#2236));
#4857=IFCFACEOUTERBOUND(#4856,.T.);
#4858=IFCFACE((#4857));
#4859=IFCPOLYLOOP((#2117,#2236,#2320));
#4860=IFCFACEOUTERBOUND(#4859,.T.);
#4861=IFCFACE((#4860));
#4862=IFCPOLYLOOP((#2117,#2320,#2177));
#4863=IFCFACEOUTERBOUND(#4862,.T.);
#4864=IFCFACE((#4863));
#4865=IFCPOLYLOOP((#2117,#2177,#2311));
#4866=IFCFACEOUTERBOUND(#4865,.T.);
#4867=IFCFACE((#4866));
#4868=IFCPOLYLOOP((#2117,#2311,#2233));
#4869=IFCFACEOUTERBOUND(#4868,.T.);
#4870=IFCFACE((#4869));
#4871=IFCPOLYLOOP((#2117,#2233,#2312));
#4872=IFCFACEOUTERBOUND(#4871,.T.);
#4873=IFCFACE((#4872));
#4874=IFCPOLYLOOP((#2117,#2312,#2194));
#4875=IFCFACEOUTERBOUND(#4874,.T.);
#4876=IFCFACE((#4875));
#4877=IFCPOLYLOOP((#2117,#2194,#2318));
#4878=IFCFACEOUTERBOUND(#4877,.T.);
#4879=IFCFACE((#4878));
#4880=IFCPOLYLOOP((#2117,#2318,#2234));
#4881=IFCFACEOUTERBOUND(#4880,.T.);
#4882=IFCFACE((#4881));
#4883=IFCPOLYLOOP((#2117,#2234,#2315));
#4884=IFCFACEOUTERBOUND(#4883,.T.);
#4885=IFCFACE((#4884));
#4886=IFCPOLYLOOP((#2117,#2315,#2191));
#4887=IFCFACEOUTERBOUND(#4886,.T.);
#4888=IFCFACE((#4887));
#4889=IFCPOLYLOOP((#2117,#2191,#2301));
#4890=IFCFACEOUTERBOUND(#4889,.T.);
#4891=IFCFACE((#4890));
#4892=IFCPOLYLOOP((#2117,#2301,#2229));
#4893=IFCFACEOUTERBOUND(#4892,.T.);
#4894=IFCFACE((#4893));
#4895=IFCPOLYLOOP((#2117,#2229,#2302));
#4896=IFCFACEOUTERBOUND(#4895,.T.);
#4897=IFCFACE((#4896));
#4898=IFCPOLYLOOP((#2117,#2302,#2209));
#4899=IFCFACEOUTERBOUND(#4898,.T.);
#4900=IFCFACE((#4899));
#4901=IFCPOLYLOOP((#2117,#2209,#2345));
#4902=IFCFACEOUTERBOUND(#4901,.T.);
#4903=IFCFACE((#4902));
#4904=IFCPOLYLOOP((#2117,#2345,#2210));
#4905=IFCFACEOUTERBOUND(#4904,.T.);
#4906=IFCFACE((#4905));
#4907=IFCPOLYLOOP((#2117,#2210,#2341));
#4908=IFCFACEOUTERBOUND(#4907,.T.);
#4909=IFCFACE((#4908));
#4910=IFCPOLYLOOP((#2117,#2341,#2176));
#4911=IFCFACEOUTERBOUND(#4910,.T.);
#4912=IFCFACE((#4911));
#4913=IFCPOLYLOOP((#2117,#2176,#2294));
#4914=IFCFACEOUTERBOUND(#4913,.T.);
#4915=IFCFACE((#4914));
#4916=IFCPOLYLOOP((#2117,#2294,#2226));
#4917=IFCFACEOUTERBOUND(#4916,.T.);
#4918=IFCFACE((#4917));
#4919=IFCPOLYLOOP((#2117,#2226,#2296));
#4920=IFCFACEOUTERBOUND(#4919,.T.);
#4921=IFCFACE((#4920));
#4922=IFCPOLYLOOP((#2117,#2296,#2190));
#4923=IFCFACEOUTERBOUND(#4922,.T.);
#4924=IFCFACE((#4923));
#4925=IFCPOLYLOOP((#2117,#2190,#2292));
#4926=IFCFACEOUTERBOUND(#4925,.T.);
#4927=IFCFACE((#4926));
#4928=IFCPOLYLOOP((#2117,#2292,#2225));
#4929=IFCFACEOUTERBOUND(#4928,.T.);
#4930=IFCFACE((#4929));
#4931=IFCPOLYLOOP((#2117,#2225,#2290));
#4932=IFCFACEOUTERBOUND(#4931,.T.);
#4933=IFCFACE((#4932));
#4934=IFCPOLYLOOP((#2117,#2290,#2187));
#4935=IFCFACEOUTERBOUND(#4934,.T.);
#4936=IFCFACE((#4935));
#4937=IFCPOLYLOOP((#2117,#2187,#2340));
#4938=IFCFACEOUTERBOUND(#4937,.T.);
#4939=IFCFACE((#4938));
#4940=IFCPOLYLOOP((#2117,#2340,#2257));
#4941=IFCFACEOUTERBOUND(#4940,.T.);
#4942=IFCFACE((#4941));
#4943=IFCPOLYLOOP((#2117,#2257,#2285));
#4944=IFCFACEOUTERBOUND(#4943,.T.);
#4945=IFCFACE((#4944));
#4946=IFCPOLYLOOP((#2117,#2285,#2205));
#4947=IFCFACEOUTERBOUND(#4946,.T.);
#4948=IFCFACE((#4947));
#4949=IFCPOLYLOOP((#2117,#2205,#2329));
#4950=IFCFACEOUTERBOUND(#4949,.T.);
#4951=IFCFACE((#4950));
#4952=IFCPOLYLOOP((#2117,#2329,#2239));
#4953=IFCFACEOUTERBOUND(#4952,.T.);
#4954=IFCFACE((#4953));
#4955=IFCPOLYLOOP((#2117,#2239,#2326));
#4956=IFCFACEOUTERBOUND(#4955,.T.);
#4957=IFCFACE((#4956));
#4958=IFCPOLYLOOP((#2117,#2326,#2178));
#4959=IFCFACEOUTERBOUND(#4958,.T.);
#4960=IFCFACE((#4959));
#4961=IFCPOLYLOOP((#2117,#2178,#2305));
#4962=IFCFACEOUTERBOUND(#4961,.T.);
#4963=IFCFACE((#4962));
#4964=IFCPOLYLOOP((#2117,#2305,#2230));
#4965=IFCFACEOUTERBOUND(#4964,.T.);
#4966=IFCFACE((#4965));
#4967=IFCPOLYLOOP((#2117,#2230,#2307));
#4968=IFCFACEOUTERBOUND(#4967,.T.);
#4969=IFCFACE((#4968));
#4970=IFCPOLYLOOP((#2117,#2307,#2182));
#4971=IFCFACEOUTERBOUND(#4970,.T.);
#4972=IFCFACE((#4971));
#4973=IFCPOLYLOOP((#2117,#2182,#2331));
#4974=IFCFACEOUTERBOUND(#4973,.T.);
#4975=IFCFACE((#4974));
#4976=IFCPOLYLOOP((#2117,#2331,#2240));
#4977=IFCFACEOUTERBOUND(#4976,.T.);
#4978=IFCFACE((#4977));
#4979=IFCPOLYLOOP((#2117,#2240,#2334));
#4980=IFCFACEOUTERBOUND(#4979,.T.);
#4981=IFCFACE((#4980));
#4982=IFCPOLYLOOP((#2117,#2334,#2179));
#4983=IFCFACEOUTERBOUND(#4982,.T.);
#4984=IFCFACE((#4983));
#4985=IFCPOLYLOOP((#2117,#2179,#2283));
#4986=IFCFACEOUTERBOUND(#4985,.T.);
#4987=IFCFACE((#4986));
#4988=IFCPOLYLOOP((#2117,#2283,#2252));
#4989=IFCFACEOUTERBOUND(#4988,.T.);
#4990=IFCFACE((#4989));
#4991=IFCPOLYLOOP((#2117,#2252,#2253));
#4992=IFCFACEOUTERBOUND(#4991,.T.);
#4993=IFCFACE((#4992));
#4994=IFCPOLYLOOP((#2117,#2253,#2195));
#4995=IFCFACEOUTERBOUND(#4994,.T.);
#4996=IFCFACE((#4995));
#4997=IFCPOLYLOOP((#2117,#2195,#2260));
#4998=IFCFACEOUTERBOUND(#4997,.T.);
#4999=IFCFACE((#4998));
#5000=IFCPOLYLOOP((#2117,#2260,#2201));
#5001=IFCFACEOUTERBOUND(#5000,.T.);
#5002=IFCFACE((#5001));
#5003=IFCPOLYLOOP((#2117,#2201,#2218));
#5004=IFCFACEOUTERBOUND(#5003,.T.);
#5005=IFCFACE((#5004));
#5006=IFCPOLYLOOP((#2117,#2218,#2170));
#5007=IFCFACEOUTERBOUND(#5006,.T.);
#5008=IFCFACE((#5007));
#5009=IFCPOLYLOOP((#2117,#2381,#2374));
#5010=IFCFACEOUTERBOUND(#5009,.T.);
#5011=IFCFACE((#5010));
#5012=IFCPOLYLOOP((#2117,#2374,#2375));
#5013=IFCFACEOUTERBOUND(#5012,.T.);
#5014=IFCFACE((#5013));
#5015=IFCPOLYLOOP((#2117,#2375,#2370));
#5016=IFCFACEOUTERBOUND(#5015,.T.);
#5017=IFCFACE((#5016));
#5018=IFCPOLYLOOP((#2117,#2370,#2394));
#5019=IFCFACEOUTERBOUND(#5018,.T.);
#5020=IFCFACE((#5019));
#5021=IFCPOLYLOOP((#2117,#2394,#2371));
#5022=IFCFACEOUTERBOUND(#5021,.T.);
#5023=IFCFACE((#5022));
#5024=IFCPOLYLOOP((#2117,#2371,#2385));
#5025=IFCFACEOUTERBOUND(#5024,.T.);
#5026=IFCFACE((#5025));
#5027=IFCPOLYLOOP((#2117,#2385,#2366));
#5028=IFCFACEOUTERBOUND(#5027,.T.);
#5029=IFCFACE((#5028));
#5030=IFCPOLYLOOP((#2117,#2366,#2390));
#5031=IFCFACEOUTERBOUND(#5030,.T.);
#5032=IFCFACE((#5031));
#5033=IFCPOLYLOOP((#2117,#2390,#2372));
#5034=IFCFACEOUTERBOUND(#5033,.T.);
#5035=IFCFACE((#5034));
#5036=IFCPOLYLOOP((#2117,#2372,#2377));
#5037=IFCFACEOUTERBOUND(#5036,.T.);
#5038=IFCFACE((#5037));
#5039=IFCPOLYLOOP((#2117,#2377,#2365));
#5040=IFCFACEOUTERBOUND(#5039,.T.);
#5041=IFCFACE((#5040));
#5042=IFCPOLYLOOP((#2116,#2651,#2644));
#5043=IFCFACEOUTERBOUND(#5042,.T.);
#5044=IFCFACE((#5043));
#5045=IFCPOLYLOOP((#2116,#2644,#2645));
#5046=IFCFACEOUTERBOUND(#5045,.T.);
#5047=IFCFACE((#5046));
#5048=IFCPOLYLOOP((#2116,#2645,#2640));
#5049=IFCFACEOUTERBOUND(#5048,.T.);
#5050=IFCFACE((#5049));
#5051=IFCPOLYLOOP((#2116,#2640,#2664));
#5052=IFCFACEOUTERBOUND(#5051,.T.);
#5053=IFCFACE((#5052));
#5054=IFCPOLYLOOP((#2116,#2664,#2641));
#5055=IFCFACEOUTERBOUND(#5054,.T.);
#5056=IFCFACE((#5055));
#5057=IFCPOLYLOOP((#2116,#2641,#2655));
#5058=IFCFACEOUTERBOUND(#5057,.T.);
#5059=IFCFACE((#5058));
#5060=IFCPOLYLOOP((#2116,#2655,#2636));
#5061=IFCFACEOUTERBOUND(#5060,.T.);
#5062=IFCFACE((#5061));
#5063=IFCPOLYLOOP((#2116,#2636,#2660));
#5064=IFCFACEOUTERBOUND(#5063,.T.);
#5065=IFCFACE((#5064));
#5066=IFCPOLYLOOP((#2116,#2660,#2642));
#5067=IFCFACEOUTERBOUND(#5066,.T.);
#5068=IFCFACE((#5067));
#5069=IFCPOLYLOOP((#2116,#2642,#2647));
#5070=IFCFACEOUTERBOUND(#5069,.T.);
#5071=IFCFACE((#5070));
#5072=IFCPOLYLOOP((#2116,#2647,#2171));
#5073=IFCFACEOUTERBOUND(#5072,.T.);
#5074=IFCFACE((#5073));
#5075=IFCPOLYLOOP((#2171,#2139,#2126));
#5076=IFCFACEOUTERBOUND(#5075,.T.);
#5077=IFCFACE((#5076));
#5078=IFCPOLYLOOP((#2171,#2126,#2149));
#5079=IFCFACEOUTERBOUND(#5078,.T.);
#5080=IFCFACE((#5079));
#5081=IFCPOLYLOOP((#2171,#2149,#2122));
#5082=IFCFACEOUTERBOUND(#5081,.T.);
#5083=IFCFACE((#5082));
#5084=IFCPOLYLOOP((#2171,#2122,#2142));
#5085=IFCFACEOUTERBOUND(#5084,.T.);
#5086=IFCFACE((#5085));
#5087=IFCPOLYLOOP((#2171,#2142,#2136));
#5088=IFCFACEOUTERBOUND(#5087,.T.);
#5089=IFCFACE((#5088));
#5090=IFCPOLYLOOP((#2171,#2136,#2147));
#5091=IFCFACEOUTERBOUND(#5090,.T.);
#5092=IFCFACE((#5091));
#5093=IFCPOLYLOOP((#2171,#2147,#2120));
#5094=IFCFACEOUTERBOUND(#5093,.T.);
#5095=IFCFACE((#5094));
#5096=IFCPOLYLOOP((#2171,#2120,#2159));
#5097=IFCFACEOUTERBOUND(#5096,.T.);
#5098=IFCFACE((#5097));
#5099=IFCPOLYLOOP((#2171,#2159,#2134));
#5100=IFCFACEOUTERBOUND(#5099,.T.);
#5101=IFCFACE((#5100));
#5102=IFCPOLYLOOP((#2171,#2134,#2135));
#5103=IFCFACEOUTERBOUND(#5102,.T.);
#5104=IFCFACE((#5103));
#5105=IFCPOLYLOOP((#2171,#2135,#2121));
#5106=IFCFACEOUTERBOUND(#5105,.T.);
#5107=IFCFACE((#5106));
#5108=IFCPOLYLOOP((#2171,#2121,#2141));
#5109=IFCFACEOUTERBOUND(#5108,.T.);
#5110=IFCFACE((#5109));
#5111=IFCPOLYLOOP((#2171,#2141,#2129));
#5112=IFCFACEOUTERBOUND(#5111,.T.);
#5113=IFCFACE((#5112));
#5114=IFCPOLYLOOP((#2171,#2129,#2132));
#5115=IFCFACEOUTERBOUND(#5114,.T.);
#5116=IFCFACE((#5115));
#5117=IFCPOLYLOOP((#2171,#2132,#2116));
#5118=IFCFACEOUTERBOUND(#5117,.T.);
#5119=IFCFACE((#5118));
#5120=IFCPOLYLOOP((#2652,#2648,#2643));
#5121=IFCFACEOUTERBOUND(#5120,.T.);
#5122=IFCFACE((#5121));
#5123=IFCPOLYLOOP((#2659,#2663,#2664));
#5124=IFCFACEOUTERBOUND(#5123,.T.);
#5125=IFCFACE((#5124));
#5126=IFCPOLYLOOP((#2646,#2665,#2653));
#5127=IFCFACEOUTERBOUND(#5126,.T.);
#5128=IFCFACE((#5127));
#5129=IFCPOLYLOOP((#2657,#2638,#2659));
#5130=IFCFACEOUTERBOUND(#5129,.T.);
#5131=IFCFACE((#5130));
#5132=IFCPOLYLOOP((#2646,#2653,#2639));
#5133=IFCFACEOUTERBOUND(#5132,.T.);
#5134=IFCFACE((#5133));
#5135=IFCPOLYLOOP((#2653,#2660,#2656));
#5136=IFCFACEOUTERBOUND(#5135,.T.);
#5137=IFCFACE((#5136));
#5138=IFCPOLYLOOP((#2665,#2650,#2172));
#5139=IFCFACEOUTERBOUND(#5138,.T.);
#5140=IFCFACE((#5139));
#5141=IFCPOLYLOOP((#2638,#2657,#2649));
#5142=IFCFACEOUTERBOUND(#5141,.T.);
#5143=IFCFACE((#5142));
#5144=IFCPOLYLOOP((#2645,#2657,#2640));
#5145=IFCFACEOUTERBOUND(#5144,.T.);
#5146=IFCFACE((#5145));
#5147=IFCPOLYLOOP((#2658,#2663,#2637));
#5148=IFCFACEOUTERBOUND(#5147,.T.);
#5149=IFCFACE((#5148));
#5150=IFCPOLYLOOP((#2639,#2653,#2656));
#5151=IFCFACEOUTERBOUND(#5150,.T.);
#5152=IFCFACE((#5151));
#5153=IFCPOLYLOOP((#2661,#2652,#2643));
#5154=IFCFACEOUTERBOUND(#5153,.T.);
#5155=IFCFACE((#5154));
#5156=IFCPOLYLOOP((#2661,#2645,#2644));
#5157=IFCFACEOUTERBOUND(#5156,.T.);
#5158=IFCFACE((#5157));
#5159=IFCPOLYLOOP((#2661,#2657,#2645));
#5160=IFCFACEOUTERBOUND(#5159,.T.);
#5161=IFCFACE((#5160));
#5162=IFCPOLYLOOP((#2665,#2172,#2171));
#5163=IFCFACEOUTERBOUND(#5162,.T.);
#5164=IFCFACE((#5163));
#5165=IFCPOLYLOOP((#2651,#2452,#2451));
#5166=IFCFACEOUTERBOUND(#5165,.T.);
#5167=IFCFACE((#5166));
#5168=IFCPOLYLOOP((#2651,#2652,#2644));
#5169=IFCFACEOUTERBOUND(#5168,.T.);
#5170=IFCFACE((#5169));
#5171=IFCPOLYLOOP((#2451,#2450,#2648));
#5172=IFCFACEOUTERBOUND(#5171,.T.);
#5173=IFCFACE((#5172));
#5174=IFCPOLYLOOP((#2650,#2167,#2172));
#5175=IFCFACEOUTERBOUND(#5174,.T.);
#5176=IFCFACE((#5175));
#5177=IFCPOLYLOOP((#2665,#2642,#2653));
#5178=IFCFACEOUTERBOUND(#5177,.T.);
#5179=IFCFACE((#5178));
#5180=IFCPOLYLOOP((#2451,#2652,#2651));
#5181=IFCFACEOUTERBOUND(#5180,.T.);
#5182=IFCFACE((#5181));
#5183=IFCPOLYLOOP((#2648,#2652,#2451));
#5184=IFCFACEOUTERBOUND(#5183,.T.);
#5185=IFCFACE((#5184));
#5186=IFCPOLYLOOP((#2660,#2653,#2642));
#5187=IFCFACEOUTERBOUND(#5186,.T.);
#5188=IFCFACE((#5187));
#5189=IFCPOLYLOOP((#2647,#2642,#2665,#2171));
#5190=IFCFACEOUTERBOUND(#5189,.T.);
#5191=IFCFACE((#5190));
#5192=IFCPOLYLOOP((#2656,#2654,#2639));
#5193=IFCFACEOUTERBOUND(#5192,.T.);
#5194=IFCFACE((#5193));
#5195=IFCPOLYLOOP((#2663,#2658,#2655));
#5196=IFCFACEOUTERBOUND(#5195,.T.);
#5197=IFCFACE((#5196));
#5198=IFCPOLYLOOP((#2655,#2658,#2636));
#5199=IFCFACEOUTERBOUND(#5198,.T.);
#5200=IFCFACE((#5199));
#5201=IFCPOLYLOOP((#2654,#2656,#2658));
#5202=IFCFACEOUTERBOUND(#5201,.T.);
#5203=IFCFACE((#5202));
#5204=IFCPOLYLOOP((#2659,#2640,#2657));
#5205=IFCFACEOUTERBOUND(#5204,.T.);
#5206=IFCFACE((#5205));
#5207=IFCPOLYLOOP((#2661,#2643,#2649));
#5208=IFCFACEOUTERBOUND(#5207,.T.);
#5209=IFCFACE((#5208));
#5210=IFCPOLYLOOP((#2636,#2658,#2656));
#5211=IFCFACEOUTERBOUND(#5210,.T.);
#5212=IFCFACE((#5211));
#5213=IFCPOLYLOOP((#2654,#2658,#2637));
#5214=IFCFACEOUTERBOUND(#5213,.T.);
#5215=IFCFACE((#5214));
#5216=IFCPOLYLOOP((#2641,#2664,#2663,#2655));
#5217=IFCFACEOUTERBOUND(#5216,.T.);
#5218=IFCFACE((#5217));
#5219=IFCPOLYLOOP((#2662,#2663,#2659));
#5220=IFCFACEOUTERBOUND(#5219,.T.);
#5221=IFCFACE((#5220));
#5222=IFCPOLYLOOP((#2660,#2636,#2656));
#5223=IFCFACEOUTERBOUND(#5222,.T.);
#5224=IFCFACE((#5223));
#5225=IFCPOLYLOOP((#2644,#2652,#2661));
#5226=IFCFACEOUTERBOUND(#5225,.T.);
#5227=IFCFACE((#5226));
#5228=IFCPOLYLOOP((#2657,#2661,#2649));
#5229=IFCFACEOUTERBOUND(#5228,.T.);
#5230=IFCFACE((#5229));
#5231=IFCPOLYLOOP((#2637,#2663,#2662));
#5232=IFCFACEOUTERBOUND(#5231,.T.);
#5233=IFCFACE((#5232));
#5234=IFCPOLYLOOP((#2659,#2638,#2662));
#5235=IFCFACEOUTERBOUND(#5234,.T.);
#5236=IFCFACE((#5235));
#5237=IFCPOLYLOOP((#2664,#2640,#2659));
#5238=IFCFACEOUTERBOUND(#5237,.T.);
#5239=IFCFACE((#5238));
#5240=IFCPOLYLOOP((#2646,#2650,#2665));
#5241=IFCFACEOUTERBOUND(#5240,.T.);
#5242=IFCFACE((#5241));
#5243=IFCPOLYLOOP((#2347,#2167,#2650,#2646,#2639,#2654,#2637,#2662,#2638,#2649,#2643,#2648,#2450,#2627));
#5244=IFCFACEOUTERBOUND(#5243,.T.);
#5245=IFCFACE((#5244));
#5246=IFCCARTESIANPOINT((2.6666666666666776,0.53124999999997513,6.5));
#5247=IFCCARTESIANPOINT((2.6666666666666776,0.53124999999997513,4.4166666666666652));
#5248=IFCCARTESIANPOINT((2.6666666666666776,0.59374999999997513,4.4166666666666643));
#5249=IFCCARTESIANPOINT((2.6666666666666776,0.59374999999997513,6.5));
#5250=IFCCARTESIANPOINT((2.6272965879265202,0.59703083989498829,6.4606299212598426));
#5251=IFCCARTESIANPOINT((2.6272965879265202,0.5970308398949884,4.4560367454068226));
#5252=IFCCARTESIANPOINT((2.6272965879265202,0.53124999999997524,4.4560367454068217));
#5253=IFCCARTESIANPOINT((2.6272965879265202,0.53124999999997524,6.4606299212598426));
#5254=IFCCARTESIANPOINT((2.6437007874015857,0.61343503937005395,6.477034120734908));
#5255=IFCCARTESIANPOINT((2.6437007874015848,0.61343503937005406,4.4396325459317572));
#5256=IFCCARTESIANPOINT((2.6321012667128296,0.60863036058374353,4.4512320666205127));
#5257=IFCCARTESIANPOINT((2.6321012667128301,0.60863036058374398,6.4654346000461524));
#5258=IFCCARTESIANPOINT((2.6437007874015852,0.61343503937005395,5.4524030652700439));
#5259=IFCCARTESIANPOINT((2.6437007874015857,0.61343503937005395,5.9647185930024769));
#5260=IFCCARTESIANPOINT((2.6437007874015848,0.61343503937005406,4.9519480736641892));
#5261=IFCCARTESIANPOINT((2.6272965879265202,0.59703083989498829,5.4583333333333321));
#5262=IFCCARTESIANPOINT((2.6272965879265202,0.59703083989498829,5.9594816272965865));
#5263=IFCCARTESIANPOINT((2.6272965879265202,0.59703083989498829,4.9571850393700769));
#5264=IFCCARTESIANPOINT((2.6437007874015848,0.61343503937005406,4.6957903097979736));
#5265=IFCCARTESIANPOINT((2.6272965879265202,0.59703083989498829,4.706610886468038));
#5266=IFCCARTESIANPOINT((2.6272965879265202,0.59703083989498829,4.5841156332832593));
#5267=IFCCARTESIANPOINT((2.6437007874015857,0.61343503937005395,6.2208763568686916));
#5268=IFCCARTESIANPOINT((2.6272965879265202,0.59703083989498829,6.2100557801986263));
#5269=IFCCARTESIANPOINT((2.6272965879265202,0.59703083989498829,6.0847686978271955));
#5270=IFCCARTESIANPOINT((2.6437007874015857,0.61343503937005395,6.3489552634109678));
#5271=IFCCARTESIANPOINT((2.6272965879265202,0.59703083989498829,5.7089074743945485));
#5272=IFCCARTESIANPOINT((2.6437007874015857,0.61343503937005395,5.7085608291362604));
#5273=IFCCARTESIANPOINT((2.6437007874015857,0.61343503937005395,5.8366397356785367));
#5274=IFCCARTESIANPOINT((2.6437007874015852,0.61343503937005395,5.2021755694671166));
#5275=IFCCARTESIANPOINT((2.6272965879265202,0.59703083989498829,5.2077591922721158));
#5276=IFCCARTESIANPOINT((2.6272965879265202,0.59703083989498829,5.0824721099006851));
#5277=IFCCARTESIANPOINT((2.6437007874015848,0.61343503937005406,4.5677114032556974));
#5278=IFCCARTESIANPOINT((2.6272965879265202,0.59703083989498829,6.3353428507292344));
#5279=IFCCARTESIANPOINT((2.6437007874015857,0.61343503937005395,6.0927974503264171));
#5280=IFCCARTESIANPOINT((2.6437007874015848,0.61343503937005406,5.0770618215656533));
#5281=IFCCARTESIANPOINT((2.6322781022765112,0.60880454045815635,5.1396186871118985));
#5282=IFCCARTESIANPOINT((2.6319837474946586,0.60851163848381584,5.0394862013020543));
#5283=IFCCARTESIANPOINT((2.6321975653324046,0.6087258662927717,5.2366559084090092));
#5284=IFCCARTESIANPOINT((2.6272965879265202,0.59703083989498829,5.333046262802724));
#5285=IFCCARTESIANPOINT((2.6437007874015852,0.61343503937005395,5.3272893173685807));
#5286=IFCCARTESIANPOINT((2.6317784484250133,0.60829829718336748,4.6453632571397048));
#5287=IFCCARTESIANPOINT((2.6437007874015848,0.61343503937005406,4.823869216340249));
#5288=IFCCARTESIANPOINT((2.632382183138164,0.60890463279977625,4.7485360078301158));
#5289=IFCCARTESIANPOINT((2.6272965879265202,0.59703083989498829,4.8318979688394688));
#5290=IFCCARTESIANPOINT((2.6318698223404264,0.60839420322365867,4.5496165765595409));
#5291=IFCCARTESIANPOINT((2.6319321408032961,0.60845873198680933,6.0221251480263405));
#5292=IFCCARTESIANPOINT((2.6322153374723651,0.60874332043247992,5.9221087301027264));
#5293=IFCCARTESIANPOINT((2.6272965879265202,0.59703083989498829,5.8341945567659792));
#5294=IFCCARTESIANPOINT((2.6321130755704871,0.60864215743164884,5.7715510034637836));
#5295=IFCCARTESIANPOINT((2.6319721332510664,0.60849977324710336,6.118624629111876));
#5296=IFCCARTESIANPOINT((2.6320946015370108,0.60862369157585983,5.6732499056050356));
#5297=IFCCARTESIANPOINT((2.6437007874015852,0.61343503937005395,5.5804819225939841));
#5298=IFCCARTESIANPOINT((2.6272965879265202,0.59703083989498829,5.5836204038639403));
#5299=IFCCARTESIANPOINT((2.6319978395556687,0.60852600288354519,5.5209768589771802));
#5300=IFCCARTESIANPOINT((2.6320010428776675,0.60852926319963285,5.4240514863113125));
#5301=IFCCARTESIANPOINT((2.6319321406767142,0.60845873185645338,4.8945414977801507));
#5302=IFCCARTESIANPOINT((2.6317704985885166,0.60828987934134027,6.2726992937981798));
#5303=IFCCARTESIANPOINT((2.63191012214229,0.60843601298271388,6.3682738855441752));
#5304=IFCCARTESIANPOINT((2.6320957080758616,0.60862479928172886,5.3283859271514578));
#5305=IFCCARTESIANPOINT((2.6929133858267829,0.60687335958002764,6.5262467191601052));
#5306=IFCCARTESIANPOINT((2.6929133858267829,0.60687335958002775,4.39041994750656));
#5307=IFCCARTESIANPOINT((2.690991514312258,0.61151316785553023,4.3923418190210839));
#5308=IFCCARTESIANPOINT((2.6863517060367563,0.61343503937005384,4.3969816272965856));
#5309=IFCCARTESIANPOINT((2.6863517060367563,0.61343503937005384,6.5196850393700787));
#5310=IFCCARTESIANPOINT((2.6909915143122589,0.61151316785552978,6.5243248476455813));
#5311=IFCCARTESIANPOINT((2.6929133858267829,0.60687335958002775,5.4583333333333321));
#5312=IFCCARTESIANPOINT((2.6929133858267829,0.60687335958002764,5.9922900262467191));
#5313=IFCCARTESIANPOINT((2.6929133858267829,0.60687335958002775,4.924376640419946));
#5314=IFCCARTESIANPOINT((2.6863517060367563,0.61343503937005384,5.4583333333333321));
#5315=IFCCARTESIANPOINT((2.6863517060367563,0.61343503937005384,5.9890091922662929));
#5316=IFCCARTESIANPOINT((2.6863517060367563,0.61343503937005384,4.9276574744003705));
#5317=IFCCARTESIANPOINT((2.6863517060367563,0.61343503937005384,4.662319550848478));
#5318=IFCCARTESIANPOINT((2.6929133858267829,0.60687335958002775,4.6573982874988973));
#5319=IFCCARTESIANPOINT((2.6929133858267829,0.60687335958002775,4.7908874639594217));
#5320=IFCCARTESIANPOINT((2.6863517060367563,0.61343503937005384,4.7949885126244247));
#5321=IFCCARTESIANPOINT((2.6863517060367563,0.61343503937005384,6.2543471158181854));
#5322=IFCCARTESIANPOINT((2.6929133858267829,0.60687335958002764,6.259268379167767));
#5323=IFCCARTESIANPOINT((2.6929133858267829,0.60687335958002764,6.36423833125132));
#5324=IFCCARTESIANPOINT((2.6863517060367563,0.61343503937005384,6.387016077594132));
#5325=IFCCARTESIANPOINT((2.6863517060367563,0.61343503937005395,5.1929953979522638));
#5326=IFCCARTESIANPOINT((2.6929133858267829,0.60687335958002775,5.1913549933409957));
#5327=IFCCARTESIANPOINT((2.6929133858267829,0.60687335958002775,5.3248441698015192));
#5328=IFCCARTESIANPOINT((2.6863517060367563,0.61343503937005384,5.3256643597282096));
#5329=IFCCARTESIANPOINT((2.6863517060367563,0.61343503937005384,5.7236712687144005));
#5330=IFCCARTESIANPOINT((2.6929133858267829,0.60687335958002775,5.7253116733256704));
#5331=IFCCARTESIANPOINT((2.6929133858267829,0.60687335958002764,5.8588008497861948));
#5332=IFCCARTESIANPOINT((2.6863517060367563,0.61343503937005384,5.8563402304903462));
#5333=IFCCARTESIANPOINT((2.6863517060367563,0.61343503937005384,4.5296505890725323));
#5334=IFCCARTESIANPOINT((2.6929133858267829,0.60687335958002775,4.5239091110383729));
#5335=IFCCARTESIANPOINT((2.6929133858267829,0.60687335958002775,4.5906536992686355));
#5336=IFCCARTESIANPOINT((2.6929133858267829,0.60687335958002764,6.4452425252057131));
#5337=IFCCARTESIANPOINT((2.6863517060367563,0.61343503937005384,6.4533505584821054));
#5338=IFCCARTESIANPOINT((2.6929133858267829,0.60687335958002775,4.4714241285322407));
#5339=IFCCARTESIANPOINT((2.6863517060367563,0.61343503937005384,4.4633161081845589));
#5340=IFCCARTESIANPOINT((2.6863517060367563,0.61343503937005384,6.1216781540422396));
#5341=IFCCARTESIANPOINT((2.6929133858267829,0.60687335958002764,6.1257792027072435));
#5342=IFCCARTESIANPOINT((2.6929133858267829,0.60687335958002764,6.1925237909375062));
#5343=IFCCARTESIANPOINT((2.6863517060367563,0.61343503937005384,5.0603264361763172));
#5344=IFCCARTESIANPOINT((2.6929133858267829,0.60687335958002775,5.0578658168804704));
#5345=IFCCARTESIANPOINT((2.6929133858267829,0.60687335958002775,5.1246104051107331));
#5346=IFCCARTESIANPOINT((2.6929133858267829,0.60687335958002775,5.5918224968651451));
#5347=IFCCARTESIANPOINT((2.6863517060367563,0.61343503937005384,5.5910023069384547));
#5348=IFCCARTESIANPOINT((2.6863517060367563,0.61343503937005384,5.5246678142213046));
#5349=IFCCARTESIANPOINT((2.6929133858267829,0.60687335958002764,6.4857446221829091));
#5350=IFCCARTESIANPOINT((2.6929133858267829,0.60687335958002775,4.430922044483756));
#5351=IFCCARTESIANPOINT((2.6863517060367563,0.61343503937005384,6.4791829469565307));
#5352=IFCCARTESIANPOINT((2.6911332705195328,0.61136694197761299,6.4662667483070244));
#5353=IFCCARTESIANPOINT((2.6863517060367563,0.61343503937005384,6.4201833121235312));
#5354=IFCCARTESIANPOINT((2.6929133858267829,0.60687335958002764,6.404740428228517));
#5355=IFCCARTESIANPOINT((2.6908024090933624,0.61169486183230903,6.4035996931361687));
#5356=IFCCARTESIANPOINT((2.6863517060367563,0.61343503937005384,4.4374837315393094));
#5357=IFCCARTESIANPOINT((2.6911332706556448,0.61136694183277807,4.4503999168334705));
#5358=IFCCARTESIANPOINT((2.6907236942140509,0.6117663505921217,4.4972339517904754));
#5359=IFCCARTESIANPOINT((2.6863517060367563,0.61343503937005384,6.3206815967061596));
#5360=IFCCARTESIANPOINT((2.6905879390513832,0.61188434466408304,6.3630619077888673));
#5361=IFCCARTESIANPOINT((2.6929133858267829,0.60687335958002764,6.3117533616738992));
#5362=IFCCARTESIANPOINT((2.6929133858267829,0.60687335958002775,5.2580995815712566));
#5363=IFCCARTESIANPOINT((2.6863517060367563,0.61343503937005384,5.2593298788402372));
#5364=IFCCARTESIANPOINT((2.6863517060367563,0.61343503937005384,5.3919988524453588));
#5365=IFCCARTESIANPOINT((2.6929133858267829,0.60687335958002775,5.3915887451030704));
#5366=IFCCARTESIANPOINT((2.6929133858267829,0.60687335958002764,5.6585670850954077));
#5367=IFCCARTESIANPOINT((2.6863517060367563,0.61343503937005384,5.6573367878264271));
#5368=IFCCARTESIANPOINT((2.6863517060367563,0.61343503937005384,4.8613229935123972));
#5369=IFCCARTESIANPOINT((2.6929133858267829,0.60687335958002775,4.8576320521896843));
#5370=IFCCARTESIANPOINT((2.6929133858267829,0.60687335958002775,5.9255454380164565));
#5371=IFCCARTESIANPOINT((2.6863517060367563,0.61343503937005384,5.9226747113783205));
#5372=IFCCARTESIANPOINT((2.6863517060367563,0.61343503937005384,5.7900057496023738));
#5373=IFCCARTESIANPOINT((2.6929133858267829,0.60687335958002775,5.7920562615559321));
#5374=IFCCARTESIANPOINT((2.6863517060367563,0.61343503937005384,6.0553436731542662));
#5375=IFCCARTESIANPOINT((2.6929133858267829,0.60687335958002764,6.0590346144769809));
#5376=IFCCARTESIANPOINT((2.6929133858267829,0.60687335958002775,4.9911212286502078));
#5377=IFCCARTESIANPOINT((2.6863517060367563,0.61343503937005384,4.9939919552883438));
#5378=IFCCARTESIANPOINT((2.6863517060367563,0.61343503937005384,4.7286540317364514));
#5379=IFCCARTESIANPOINT((2.6929133858267829,0.60687335958002775,4.7241428757291599));
#5380=IFCCARTESIANPOINT((2.6907962128364629,0.61170057419864565,6.2855108532317736));
#5381=IFCCARTESIANPOINT((2.6863517060367563,0.61343503937005384,6.3538488430647337));
#5382=IFCCARTESIANPOINT((2.691051612742192,0.61145228070044899,6.2477361221769119));
#5383=IFCCARTESIANPOINT((2.6863517060367563,0.61343503937005384,6.1880126349302129));
#5384=IFCCARTESIANPOINT((2.6863517060367563,0.61343503937005384,6.221179881288788));
#5385=IFCCARTESIANPOINT((2.69090310794543,0.61159992094454663,6.2045962438077042));
#5386=IFCCARTESIANPOINT((2.6909583610488852,0.61154608590050363,6.1565041567143179));
#5387=IFCCARTESIANPOINT((2.6929133858267829,0.60687335958002764,6.2258960915169927));
#5388=IFCCARTESIANPOINT((2.6910725031041016,0.61143074004645626,6.3229715701802487));
#5389=IFCCARTESIANPOINT((2.6910529502602003,0.61145090744087804,4.5347297485692399));
#5390=IFCCARTESIANPOINT((2.6863517060367563,0.61343503937005384,4.5959850699605056));
#5391=IFCCARTESIANPOINT((2.6863517060367563,0.61343503937005384,4.5628178236019306));
#5392=IFCCARTESIANPOINT((2.6908898859787191,0.61161261737858685,4.579401450672349));
#5393=IFCCARTESIANPOINT((2.6909463742401565,0.61155787297711606,4.6272315094368448));
#5394=IFCCARTESIANPOINT((2.6929133858267829,0.60687335958002775,4.5572813986891489));
#5395=IFCCARTESIANPOINT((2.6863517060367563,0.61343503937005384,5.1266609170642905));
#5396=IFCCARTESIANPOINT((2.6909013519872951,0.61160161120103784,5.0934936805503179));
#5397=IFCCARTESIANPOINT((2.6929133858267829,0.60687335958002775,5.5250779215635948));
#5398=IFCCARTESIANPOINT((2.6863517060367563,0.61343503937005384,4.4964833545431331));
#5399=IFCCARTESIANPOINT((2.6910633057742555,0.61144024797152952,5.2247272753424205));
#5400=IFCCARTESIANPOINT((2.6910458025378983,0.61145823686353329,5.2914718615677483));
#5401=IFCCARTESIANPOINT((2.6909915145142405,0.61151316765354813,5.4251660869565219));
#5402=IFCCARTESIANPOINT((2.6909731608952763,0.61153144895846367,5.3588316056707574));
#5403=IFCCARTESIANPOINT((2.6910633057930307,0.61144024795215957,5.6919393789928101));
#5404=IFCCARTESIANPOINT((2.6909549650162679,0.61154943148221053,5.6241695308448811));
#5405=IFCCARTESIANPOINT((2.6908492601583891,0.61165118843734589,4.8944902367236667));
#5406=IFCCARTESIANPOINT((2.6908322468068713,0.61166714681708523,4.8281557554496377));
#5407=IFCCARTESIANPOINT((2.691130418750336,0.61136997458110476,5.9589177241873337));
#5408=IFCCARTESIANPOINT((2.6908838155163597,0.61161842283900825,5.8895074561840843));
#5409=IFCCARTESIANPOINT((2.6909190577426036,0.61158451018916016,5.7568384934788197));
#5410=IFCCARTESIANPOINT((2.6910974375438466,0.61140476930873811,5.8254285515378461));
#5411=IFCCARTESIANPOINT((2.6908492602742635,0.61165118832826859,6.0221764190504308));
#5412=IFCCARTESIANPOINT((2.6911622681433869,0.61133588508528702,6.0924068970945848));
#5413=IFCCARTESIANPOINT((2.6911304187018361,0.61136997463264708,4.9577489304564164));
#5414=IFCCARTESIANPOINT((2.6911140707398777,0.61138728515554397,5.0244935166761788));
#5415=IFCCARTESIANPOINT((2.690815413070478,0.61168282536989893,4.7618212741761727));
#5416=IFCCARTESIANPOINT((2.6907987614665165,0.61169822638352356,4.6954867929031892));
#5417=IFCCARTESIANPOINT((2.6863517060367563,0.61343503937005384,6.2875143503475854));
#5418=IFCCARTESIANPOINT((2.6929133858267829,0.60687335958002775,6.1591514903580187));
#5419=IFCCARTESIANPOINT((2.6863517060367563,0.61343503937005384,6.1548453885716388));
#5420=IFCCARTESIANPOINT((2.6929133858267829,0.60687335958002775,4.6240259998481221));
#5421=IFCCARTESIANPOINT((2.6863517060367563,0.61343503937005384,4.6291523163190798));
#5422=IFCCARTESIANPOINT((2.6910805166350924,0.61142242453800577,5.1579826891189384));
#5423=IFCCARTESIANPOINT((2.6863517060367563,0.61343503937005384,5.0934936707057163));
#5424=IFCCARTESIANPOINT((2.6929133858267829,0.60687335958002775,5.0912381045312465));
#5425=IFCCARTESIANPOINT((2.6909915145642218,0.61151316760356678,5.4915005682467299));
#5426=IFCCARTESIANPOINT((2.6910280045173689,0.6114763883858314,5.5584502064968611));
#5427=IFCCARTESIANPOINT((2.6929133858267829,0.60687335958002775,5.2247272809917709));
#5428=IFCCARTESIANPOINT((2.6863517060367563,0.61343503937005384,5.2261626324816621));
#5429=IFCCARTESIANPOINT((2.6929133858267829,0.60687335958002775,5.291471882150744));
#5430=IFCCARTESIANPOINT((2.6863517060367563,0.61343503937005384,5.2924971251988113));
#5431=IFCCARTESIANPOINT((2.6906724009065077,0.61181170317979305,5.2580895379776988));
#5432=IFCCARTESIANPOINT((2.6863517060367563,0.61343503937005384,5.4251660869747571));
#5433=IFCCARTESIANPOINT((2.6929133858267829,0.60687335958002775,5.4249610327538456));
#5434=IFCCARTESIANPOINT((2.6863517060367563,0.61343503937005395,5.3588316060867847));
#5435=IFCCARTESIANPOINT((2.6906992871268609,0.6117880498379995,5.3251186394506433));
#5436=IFCCARTESIANPOINT((2.6929133858267829,0.60687335958002775,5.3582164574522952));
#5437=IFCCARTESIANPOINT((2.6913102171178718,0.61117089486496678,5.3919893416324376));
#5438=IFCCARTESIANPOINT((2.6929133858267829,0.60687335958002764,5.6919393856748943));
#5439=IFCCARTESIANPOINT((2.6863517060367563,0.61343503937005384,5.6905040341850022));
#5440=IFCCARTESIANPOINT((2.6863517060367563,0.61343503937005384,5.624169541467853));
#5441=IFCCARTESIANPOINT((2.6929133858267829,0.60687335958002775,5.6251947845159211));
#5442=IFCCARTESIANPOINT((2.6912511371689218,0.61123812947636913,5.6580139082595116));
#5443=IFCCARTESIANPOINT((2.6863517060367563,0.61343503937005384,4.8944902398709722));
#5444=IFCCARTESIANPOINT((2.6929133858267829,0.60687335958002775,4.8910043527691709));
#5445=IFCCARTESIANPOINT((2.6863517060367563,0.61343503937005384,4.828155747153823));
#5446=IFCCARTESIANPOINT((2.6929133858267829,0.60687335958002775,4.8242597516101977));
#5447=IFCCARTESIANPOINT((2.6913124181031991,0.61116835404576153,4.8613108716347186));
#5448=IFCCARTESIANPOINT((2.6929133858267824,0.60687335958002764,5.9589177385959431));
#5449=IFCCARTESIANPOINT((2.6863517060367563,0.61343503937005384,5.9558419577368955));
#5450=IFCCARTESIANPOINT((2.6863517060367563,0.61343503937005384,5.8895074650197454));
#5451=IFCCARTESIANPOINT((2.6929133858267829,0.60687335958002775,5.8921731374369699));
#5452=IFCCARTESIANPOINT((2.6911788777672969,0.61131791296036919,5.9241497259964495));
#5453=IFCCARTESIANPOINT((2.6863517060367563,0.61343503937005384,5.7568385032437996));
#5454=IFCCARTESIANPOINT((2.6929133858267829,0.60687335958002775,5.7586839609764464));
#5455=IFCCARTESIANPOINT((2.6929133858267829,0.60687335958002764,5.8254285621354187));
#5456=IFCCARTESIANPOINT((2.6863517060367563,0.61343503937005384,5.8231729959609488));
#5457=IFCCARTESIANPOINT((2.6907580218022846,0.6117354602619649,5.7911984537873806));
#5458=IFCCARTESIANPOINT((2.6863517060367563,0.61343503937005384,6.0221764267956921));
#5459=IFCCARTESIANPOINT((2.6929133858267829,0.60687335958002764,6.0256623138974952));
#5460=IFCCARTESIANPOINT((2.6929133858267829,0.60687335958002764,6.0924069150564675));
#5461=IFCCARTESIANPOINT((2.6863517060367563,0.61343503937005384,6.0885109195128413));
#5462=IFCCARTESIANPOINT((2.6908364579418547,0.6116632073872712,6.0573684588513776));
#5463=IFCCARTESIANPOINT((2.6929133858267829,0.60687335958002775,4.9577489280707212));
#5464=IFCCARTESIANPOINT((2.6863517060367563,0.61343503937005395,4.9608247089297697));
#5465=IFCCARTESIANPOINT((2.6929133858267829,0.60687335958002775,5.0244935292296953));
#5466=IFCCARTESIANPOINT((2.691197172128815,0.61129796125899838,5.0590540923011655));
#5467=IFCCARTESIANPOINT((2.6863517060367563,0.61343503937005384,5.0271592016469189));
#5468=IFCCARTESIANPOINT((2.6906709174923615,0.6118130006670508,4.9911099060373623));
#5469=IFCCARTESIANPOINT((2.6863517060367563,0.61343503937005384,4.7618212780950255));
#5470=IFCCARTESIANPOINT((2.6929133858267829,0.60687335958002775,4.7575151763086465));
#5471=IFCCARTESIANPOINT((2.6913142883196741,0.61116619299772612,4.7949761009801772));
#5472=IFCCARTESIANPOINT((2.6863517060367563,0.61343503937005384,4.6954867853778772));
#5473=IFCCARTESIANPOINT((2.6907342638433462,0.61175688584070609,4.6613305900856421));
#5474=IFCCARTESIANPOINT((2.6929133858267829,0.60687335958002775,4.6907705751496724));
#5475=IFCCARTESIANPOINT((2.6913165063498132,0.6111636275807838,4.7286413394750308));
#5476=IFCCARTESIANPOINT((2.6929133858267829,0.60687335958002775,5.1579827056902197));
#5477=IFCCARTESIANPOINT((2.6912994002561561,0.61118334375379868,5.1913613077129082));
#5478=IFCCARTESIANPOINT((2.6863517060367563,0.61343503937005384,5.1598281634228647));
#5479=IFCCARTESIANPOINT((2.6863517060367563,0.61343503937005384,5.4915005796919072));
#5480=IFCCARTESIANPOINT((2.6906485609962756,0.61183246021660387,5.4583333276369448));
#5481=IFCCARTESIANPOINT((2.6929133858267829,0.60687335958002775,5.4917056339128196));
#5482=IFCCARTESIANPOINT((2.6929133858267824,0.60687335958002775,5.5584502092143699));
#5483=IFCCARTESIANPOINT((2.6863517060367563,0.61343503937005384,5.5578350605798796));
#5484=IFCCARTESIANPOINT((2.6906797311356949,0.6118052801399918,5.5249931444840596));
#5485=IFCCARTESIANPOINT((2.6929133858267829,0.59374999999997513,6.5262467191601052));
#5486=IFCCARTESIANPOINT((2.6929133858267829,0.59374999999997513,4.39041994750656));
#5487=IFCCARTESIANPOINT((2.2500000000000084,0.53124999999997446,4.4166666666666652));
#5488=IFCCARTESIANPOINT((2.2500000000000089,0.59374999999997446,4.4166666666666652));
#5489=IFCCARTESIANPOINT((2.2893700787401658,0.59703083989498773,4.4560367454068226));
#5490=IFCCARTESIANPOINT((2.2893700787401663,0.53124999999997469,4.4560367454068226));
#5491=IFCCARTESIANPOINT((2.2729658792651009,0.61343503937005339,4.4396325459317572));
#5492=IFCCARTESIANPOINT((2.2845653999538564,0.60863036058374342,4.4512320666205127));
#5493=IFCCARTESIANPOINT((2.4174489631277498,0.59703083989498795,4.4560367454068226));
#5494=IFCCARTESIANPOINT((2.4583333352265155,0.61343503937005361,4.4396325459317572));
#5495=IFCCARTESIANPOINT((2.4992177035389358,0.59703083989498806,4.4560367454068226));
#5496=IFCCARTESIANPOINT((2.4583333254410427,0.60816862928225279,4.4516761088590089));
#5497=IFCCARTESIANPOINT((2.5156219038567631,0.61343503937005373,4.4396325459317572));
#5498=IFCCARTESIANPOINT((2.4010447665962671,0.61343503937005361,4.4396325459317572));
#5499=IFCCARTESIANPOINT((2.5455970427166719,0.60685165967416532,4.4527721524434707));
#5500=IFCCARTESIANPOINT((2.3710696135621534,0.60685165949263808,4.4527721525791479));
#5501=IFCCARTESIANPOINT((2.2237532808399036,0.60687335958002708,4.39041994750656));
#5502=IFCCARTESIANPOINT((2.2256751523544276,0.61151316785552923,4.3923418190210839));
#5503=IFCCARTESIANPOINT((2.2303149606299302,0.61343503937005317,4.3969816272965865));
#5504=IFCCARTESIANPOINT((2.3923233561207962,0.61343503937005339,4.3969816272965865));
#5505=IFCCARTESIANPOINT((2.4583333333333428,0.60687335958002731,4.39041994750656));
#5506=IFCCARTESIANPOINT((2.5309049904022882,0.60687335958002753,4.39041994750656));
#5507=IFCCARTESIANPOINT((2.3410433070866232,0.60687335958002719,4.39041994750656));
#5508=IFCCARTESIANPOINT((2.5393375291082685,0.61343503937005361,4.3969816272965865));
#5509=IFCCARTESIANPOINT((2.4658304406440248,0.61343503937005361,4.3969816272965865));
#5510=IFCCARTESIANPOINT((2.3113191603458709,0.61343503937005328,4.3969816272965865));
#5511=IFCCARTESIANPOINT((2.6119091864504638,0.60687335958002753,4.39041994750656));
#5512=IFCCARTESIANPOINT((2.6128446175725122,0.61343503937005384,4.3969816272965865));
#5513=IFCCARTESIANPOINT((2.5760910733403901,0.61343503937005373,4.3969816272965865));
#5514=IFCCARTESIANPOINT((2.3047574768880787,0.60687335958002719,4.39041994750656));
#5515=IFCCARTESIANPOINT((2.2708170604879006,0.61343503937005317,4.3969816272965865));
#5516=IFCCARTESIANPOINT((2.6524112878026944,0.60687335958002753,4.3904199475065591));
#5517=IFCCARTESIANPOINT((2.5714070884263762,0.60687335958002753,4.39041994750656));
#5518=IFCCARTESIANPOINT((2.2642553788639912,0.60687335958002708,4.39041994750656));
#5519=IFCCARTESIANPOINT((2.6458496101198001,0.61343503937005384,4.3969816272965865));
#5520=IFCCARTESIANPOINT((2.629347111407327,0.61149160748274833,4.3923203583732295));
#5521=IFCCARTESIANPOINT((2.3229003917794397,0.61137915940768706,4.3922115738818022));
#5522=IFCCARTESIANPOINT((2.3996883202099832,0.60687335958002731,4.39041994750656));
#5523=IFCCARTESIANPOINT((2.4290768964119032,0.6134350393700535,4.3969816272965865));
#5524=IFCCARTESIANPOINT((2.3676556394499011,0.61144511541340318,4.3922747503843622));
#5525=IFCCARTESIANPOINT((2.5577143000609888,0.61161381687267302,4.3924447003274318));
#5526=IFCCARTESIANPOINT((2.4107001249018114,0.61165747354770184,4.3924907593168818));
#5527=IFCCARTESIANPOINT((2.5161911623084583,0.61172435337789777,4.3925630867185381));
#5528=IFCCARTESIANPOINT((2.3518212562628262,0.61343503937005339,4.3969816272965865));
#5529=IFCCARTESIANPOINT((2.5934296397679812,0.61094320794597312,4.3918345916502117));
#5530=IFCCARTESIANPOINT((2.4946191602037442,0.60687335958002742,4.39041994750656));
#5531=IFCCARTESIANPOINT((2.4764762447497768,0.61136465626454739,4.3921979157920683));
#5532=IFCCARTESIANPOINT((2.5025839848761464,0.61343503937005361,4.3969816272965865));
#5533=IFCCARTESIANPOINT((2.2627949529676674,0.61155513224386326,4.392384166433132));
#5534=IFCCARTESIANPOINT((2.2237532808399032,0.59374999999997424,4.39041994750656));
#5535=IFCCARTESIANPOINT((2.2500000000000084,0.53124999999997446,6.5));
#5536=IFCCARTESIANPOINT((2.250000000000008,0.59374999999997446,6.5));
#5537=IFCCARTESIANPOINT((2.2893700787401658,0.59703083989498773,6.4606299212598426));
#5538=IFCCARTESIANPOINT((2.2893700787401663,0.53124999999997469,6.4606299212598417));
#5539=IFCCARTESIANPOINT((2.2729658792651,0.61343503937005339,6.477034120734908));
#5540=IFCCARTESIANPOINT((2.284565399953856,0.60863036058374376,6.4654346000461524));
#5541=IFCCARTESIANPOINT((2.2729658792651,0.61343503937005339,5.46426359251452));
#5542=IFCCARTESIANPOINT((2.2729658792651,0.61343503937005339,4.9519480446140074));
#5543=IFCCARTESIANPOINT((2.2729658792651,0.61343503937005339,5.9647186220526569));
#5544=IFCCARTESIANPOINT((2.2893700787401663,0.59703083989498773,5.4583333333333321));
#5545=IFCCARTESIANPOINT((2.2893700787401663,0.59703083989498773,4.9571850393700769));
#5546=IFCCARTESIANPOINT((2.2893700787401663,0.59703083989498773,5.9594816272965874));
#5547=IFCCARTESIANPOINT((2.2729658792651,0.61343503937005339,6.2208763467846513));
#5548=IFCCARTESIANPOINT((2.2893700787401663,0.59703083989498773,6.2100557801986254));
#5549=IFCCARTESIANPOINT((2.2893700787401663,0.59703083989498773,6.3325510333834041));
#5550=IFCCARTESIANPOINT((2.2729658792651,0.61343503937005339,4.695790319882013));
#5551=IFCCARTESIANPOINT((2.2893700787401663,0.59703083989498773,4.7066108864680389));
#5552=IFCCARTESIANPOINT((2.2893700787401663,0.59703083989498773,4.8318979688394696));
#5553=IFCCARTESIANPOINT((2.2729658792651,0.61343503937005339,4.5677114082977539));
#5554=IFCCARTESIANPOINT((2.2893700787401663,0.59703083989498773,5.2077591922721158));
#5555=IFCCARTESIANPOINT((2.2729658792651,0.61343503937005339,5.2081058185642641));
#5556=IFCCARTESIANPOINT((2.2729658792651,0.61343503937005339,5.0800269561982665));
#5557=IFCCARTESIANPOINT((2.2729658792651,0.61343503937005339,5.7144911072835889));
#5558=IFCCARTESIANPOINT((2.2893700787401663,0.59703083989498773,5.7089074743945485));
#5559=IFCCARTESIANPOINT((2.2893700787401663,0.59703083989498773,5.8341945567659792));
#5560=IFCCARTESIANPOINT((2.2729658792651,0.61343503937005339,6.3489552583689104));
#5561=IFCCARTESIANPOINT((2.2893700787401663,0.59703083989498773,4.5813238159374308));
#5562=IFCCARTESIANPOINT((2.2729658792651,0.61343503937005339,4.8238691822480098));
#5563=IFCCARTESIANPOINT((2.2729658792651,0.61343503937005339,5.8396048646681233));
#5564=IFCCARTESIANPOINT((2.2843885643901745,0.60880454045815613,5.7770479795547676));
#5565=IFCCARTESIANPOINT((2.284682919172027,0.60851163848381562,5.8771804653646154));
#5566=IFCCARTESIANPOINT((2.284469101334281,0.60872586629277148,5.6800107582576533));
#5567=IFCCARTESIANPOINT((2.2893700787401663,0.59703083989498773,5.5836204038639403));
#5568=IFCCARTESIANPOINT((2.2729658792651,0.61343503937005339,5.5893773498990544));
#5569=IFCCARTESIANPOINT((2.2848882182416723,0.60829829718336725,6.2713034095269586));
#5570=IFCCARTESIANPOINT((2.2729658792651,0.61343503937005339,6.0927974844186545));
#5571=IFCCARTESIANPOINT((2.2842844835285216,0.60890463279977625,6.1681306588365405));
#5572=IFCCARTESIANPOINT((2.2893700787401663,0.59703083989498773,6.0847686978271955));
#5573=IFCCARTESIANPOINT((2.2847968443262596,0.60839420322365845,6.3670500901071279));
#5574=IFCCARTESIANPOINT((2.28473452586339,0.608458731986809,4.8945415186403238));
#5575=IFCCARTESIANPOINT((2.2844513291943205,0.60874332043247947,4.9945579365639405));
#5576=IFCCARTESIANPOINT((2.2893700787401663,0.59703083989498773,5.0824721099006851));
#5577=IFCCARTESIANPOINT((2.2845535910961989,0.60864215743164851,5.1451156632028807));
#5578=IFCCARTESIANPOINT((2.2846945334156192,0.60849977324710292,4.7980420375547874));
#5579=IFCCARTESIANPOINT((2.2845720651296753,0.60862369157585938,5.2434167610616322));
#5580=IFCCARTESIANPOINT((2.2729658792651,0.61343503937005339,5.3361846809302609));
#5581=IFCCARTESIANPOINT((2.2893700787401663,0.59703083989498773,5.333046262802724));
#5582=IFCCARTESIANPOINT((2.2846688271110174,0.60852600288354486,5.395689807689485));
#5583=IFCCARTESIANPOINT((2.2846656237890182,0.60852926319963252,5.4926151803553553));
#5584=IFCCARTESIANPOINT((2.2847345259899714,0.60845873185645316,6.0221251688865127));
#5585=IFCCARTESIANPOINT((2.284896168078169,0.60828987934133982,4.6439673728684854));
#5586=IFCCARTESIANPOINT((2.284756544524396,0.60843601298271344,4.5483927811224882));
#5587=IFCCARTESIANPOINT((2.2845709585908245,0.60862479928172863,5.5882807395152021));
#5588=IFCCARTESIANPOINT((2.2237532808399036,0.60687335958002708,6.5262467191601061));
#5589=IFCCARTESIANPOINT((2.2256751523544267,0.61151316785552845,6.5243248476455822));
#5590=IFCCARTESIANPOINT((2.2303149606299302,0.61343503937005317,6.5196850393700778));
#5591=IFCCARTESIANPOINT((2.2237532808399036,0.60687335958002686,5.4583333268689769));
#5592=IFCCARTESIANPOINT((2.2237532808399036,0.60687335958002686,4.9243766307234136));
#5593=IFCCARTESIANPOINT((2.2237532808399036,0.60687335958002697,5.9922900230145419));
#5594=IFCCARTESIANPOINT((2.2303149606299302,0.61343503937005317,5.4583333333333321));
#5595=IFCCARTESIANPOINT((2.2303149606299302,0.61343503937005317,4.9276574744003714));
#5596=IFCCARTESIANPOINT((2.2303149606299302,0.61343503937005317,5.9890091922662929));
#5597=IFCCARTESIANPOINT((2.2303149606299302,0.61343503937005317,6.2543471158181845));
#5598=IFCCARTESIANPOINT((2.2237532808399036,0.60687335958002697,6.2592683710873231));
#5599=IFCCARTESIANPOINT((2.2237532808399036,0.60687335958002708,6.1257791905865782));
#5600=IFCCARTESIANPOINT((2.2303149606299302,0.61343503937005317,6.1216781540422387));
#5601=IFCCARTESIANPOINT((2.2303149606299302,0.61343503937005317,4.6623195508484789));
#5602=IFCCARTESIANPOINT((2.2237532808399036,0.60687335958002686,4.6573982955793412));
#5603=IFCCARTESIANPOINT((2.2237532808399036,0.60687335958002686,4.5524283375565906));
#5604=IFCCARTESIANPOINT((2.2303149606299302,0.61343503937005317,4.5296505890725332));
#5605=IFCCARTESIANPOINT((2.2303149606299302,0.61343503937005328,5.7236712687144014));
#5606=IFCCARTESIANPOINT((2.2237532808399036,0.60687335958002697,5.725311674941759));
#5607=IFCCARTESIANPOINT((2.2237532808399036,0.60687335958002697,5.5918224944410131));
#5608=IFCCARTESIANPOINT((2.2303149606299302,0.61343503937005317,5.5910023069384538));
#5609=IFCCARTESIANPOINT((2.2303149606299302,0.61343503937005317,5.1929953979522647));
#5610=IFCCARTESIANPOINT((2.2237532808399036,0.60687335958002686,5.1913549787961948));
#5611=IFCCARTESIANPOINT((2.2237532808399036,0.60687335958002686,5.0578657982954489));
#5612=IFCCARTESIANPOINT((2.2303149606299302,0.61343503937005317,5.0603264361763181));
#5613=IFCCARTESIANPOINT((2.2303149606299302,0.61343503937005317,6.3870160775941311));
#5614=IFCCARTESIANPOINT((2.2237532808399036,0.60687335958002697,6.3927575515880699));
#5615=IFCCARTESIANPOINT((2.2237532808399036,0.60687335958002708,6.3260129548733417));
#5616=IFCCARTESIANPOINT((2.2237532808399036,0.60687335958002686,4.4714241489959301));
#5617=IFCCARTESIANPOINT((2.2303149606299302,0.61343503937005317,4.4633161081845598));
#5618=IFCCARTESIANPOINT((2.2237532808399036,0.60687335958002708,6.4452425305994456));
#5619=IFCCARTESIANPOINT((2.2303149606299302,0.61343503937005328,6.4533505584821054));
#5620=IFCCARTESIANPOINT((2.2303149606299302,0.61343503937005317,4.7949885126244247));
#5621=IFCCARTESIANPOINT((2.2237532808399036,0.60687335958002686,4.7908874631513765));
#5622=IFCCARTESIANPOINT((2.2237532808399036,0.60687335958002686,4.7241428793653597));
#5623=IFCCARTESIANPOINT((2.2303149606299302,0.61343503937005317,5.8563402304903471));
#5624=IFCCARTESIANPOINT((2.2237532808399036,0.60687335958002697,5.8588008554425057));
#5625=IFCCARTESIANPOINT((2.2237532808399036,0.60687335958002697,5.7920562587277775));
#5626=IFCCARTESIANPOINT((2.2237532808399036,0.60687335958002697,5.3248441592969415));
#5627=IFCCARTESIANPOINT((2.2303149606299302,0.61343503937005317,5.3256643597282096));
#5628=IFCCARTESIANPOINT((2.2303149606299302,0.61343503937005317,5.3919988524453597));
#5629=IFCCARTESIANPOINT((2.2237532808399036,0.60687335958002686,4.4309220417868893));
#5630=IFCCARTESIANPOINT((2.2237532808399036,0.60687335958002708,6.4857446248797759));
#5631=IFCCARTESIANPOINT((2.2303149606299302,0.61343503937005317,4.4374837315393103));
#5632=IFCCARTESIANPOINT((2.2255333961471533,0.61136694197761232,4.4503999183596408));
#5633=IFCCARTESIANPOINT((2.2303149606299302,0.61343503937005317,4.496483354543134));
#5634=IFCCARTESIANPOINT((2.2237532808399036,0.60687335958002686,4.5119262432762604));
#5635=IFCCARTESIANPOINT((2.2258642575733232,0.61169486183230837,4.5130669735304965));
#5636=IFCCARTESIANPOINT((2.2303149606299302,0.61343503937005317,6.479182935127354));
#5637=IFCCARTESIANPOINT((2.2255333960110413,0.6113669418327774,6.4662667498331929));
#5638=IFCCARTESIANPOINT((2.2259429724526347,0.61176635059212092,6.4194327148761872));
#5639=IFCCARTESIANPOINT((2.2303149606299302,0.61343503937005317,4.5959850699605056));
#5640=IFCCARTESIANPOINT((2.2260787276153033,0.61188434466408248,4.5536047588777997));
#5641=IFCCARTESIANPOINT((2.2237532808399036,0.60687335958002686,4.6049133165679663));
#5642=IFCCARTESIANPOINT((2.2237532808399036,0.60687335958002697,5.6585670911557413));
#5643=IFCCARTESIANPOINT((2.2303149606299302,0.61343503937005317,5.6573367878264271));
#5644=IFCCARTESIANPOINT((2.2303149606299302,0.61343503937005317,5.5246678142213046));
#5645=IFCCARTESIANPOINT((2.2237532808399036,0.60687335958002697,5.5250779106549954));
#5646=IFCCARTESIANPOINT((2.2237532808399036,0.60687335958002686,5.2580995625822133));
#5647=IFCCARTESIANPOINT((2.2303149606299302,0.61343503937005317,5.2593298788402372));
#5648=IFCCARTESIANPOINT((2.2303149606299302,0.61343503937005317,6.0553436731542654));
#5649=IFCCARTESIANPOINT((2.2237532808399036,0.60687335958002708,6.0590346068005596));
#5650=IFCCARTESIANPOINT((2.2237532808399036,0.60687335958002686,4.9911212145094304));
#5651=IFCCARTESIANPOINT((2.2303149606299302,0.61343503937005317,4.9939919552883438));
#5652=IFCCARTESIANPOINT((2.2303149606299302,0.61343503937005317,5.1266609170642905));
#5653=IFCCARTESIANPOINT((2.2237532808399036,0.60687335958002686,5.1246103950101771));
#5654=IFCCARTESIANPOINT((2.2303149606299302,0.61343503937005317,4.8613229935123989));
#5655=IFCCARTESIANPOINT((2.2237532808399036,0.60687335958002686,4.857632046937395));
#5656=IFCCARTESIANPOINT((2.2237532808399036,0.60687335958002697,5.9255454392285234));
#5657=IFCCARTESIANPOINT((2.2303149606299302,0.61343503937005317,5.9226747113783196));
#5658=IFCCARTESIANPOINT((2.2303149606299302,0.61343503937005317,6.188012634930212));
#5659=IFCCARTESIANPOINT((2.2237532808399036,0.60687335958002697,6.1925237873013055));
#5660=IFCCARTESIANPOINT((2.2258704538302228,0.61170057419864499,4.6311558134348916));
#5661=IFCCARTESIANPOINT((2.2303149606299302,0.61343503937005317,4.5628178236019314));
#5662=IFCCARTESIANPOINT((2.2256150539244941,0.61145228070044833,4.6689305444897542));
#5663=IFCCARTESIANPOINT((2.2303149606299302,0.61343503937005317,4.7286540317364523));
#5664=IFCCARTESIANPOINT((2.2303149606299302,0.61343503937005317,4.6954867853778772));
#5665=IFCCARTESIANPOINT((2.2257635587212565,0.61159992094454596,4.7120704228589609));
#5666=IFCCARTESIANPOINT((2.2257083056178013,0.61154608590050308,4.7601625099523481));
#5667=IFCCARTESIANPOINT((2.2237532808399036,0.60687335958002686,4.6907705810079952));
#5668=IFCCARTESIANPOINT((2.2255941635625849,0.61143074004645559,4.5936950964864138));
#5669=IFCCARTESIANPOINT((2.2256137164064862,0.61145090744087738,6.3819369180974199));
#5670=IFCCARTESIANPOINT((2.2303149606299302,0.61343503937005317,6.3206815967061587));
#5671=IFCCARTESIANPOINT((2.2303149606299302,0.61343503937005317,6.3538488430647337));
#5672=IFCCARTESIANPOINT((2.2257767806879669,0.6116126173785863,6.3372652159943144));
#5673=IFCCARTESIANPOINT((2.2257202924265296,0.61155787297711561,6.2894351572298177));
#5674=IFCCARTESIANPOINT((2.2237532808399036,0.60687335958002708,6.3593852532307062));
#5675=IFCCARTESIANPOINT((2.2303149606299302,0.61343503937005317,5.7900057496023738));
#5676=IFCCARTESIANPOINT((2.225765314679391,0.61160161120103729,5.8231729861163464));
#5677=IFCCARTESIANPOINT((2.2237532808399036,0.60687335958002697,5.3915887430829592));
#5678=IFCCARTESIANPOINT((2.2303149606299302,0.61343503937005317,6.4201833121235303));
#5679=IFCCARTESIANPOINT((2.2256033608924302,0.61144024797152885,5.6919393913242446));
#5680=IFCCARTESIANPOINT((2.2256208641287878,0.61145823686353262,5.6251948050989169));
#5681=IFCCARTESIANPOINT((2.2256751521524456,0.61151316765354757,5.4915005797101424));
#5682=IFCCARTESIANPOINT((2.2256935057714093,0.61153144895846312,5.5578350609959077));
#5683=IFCCARTESIANPOINT((2.2256033608736554,0.61144024795215901,5.2247272876738551));
#5684=IFCCARTESIANPOINT((2.2257117016504182,0.61154943148220986,5.2924971358217832));
#5685=IFCCARTESIANPOINT((2.225817406508297,0.61165118843734534,6.0221764299429967));
#5686=IFCCARTESIANPOINT((2.2258344198598148,0.61166714681708467,6.0885109112170266));
#5687=IFCCARTESIANPOINT((2.2255362479163501,0.61136997458110409,4.9577489424793315));
#5688=IFCCARTESIANPOINT((2.2257828511503264,0.61161842283900758,5.02715921048258));
#5689=IFCCARTESIANPOINT((2.225747608924082,0.61158451018915949,5.1598281731878446));
#5690=IFCCARTESIANPOINT((2.2255692291228399,0.61140476930873755,5.0912381151288191));
#5691=IFCCARTESIANPOINT((2.2258174063924221,0.61165118832826804,4.8944902476162335));
#5692=IFCCARTESIANPOINT((2.2255043985232992,0.61133588508528636,4.8242597695720804));
#5693=IFCCARTESIANPOINT((2.2255362479648495,0.61136997463264631,5.9589177362102497));
#5694=IFCCARTESIANPOINT((2.2255525959268079,0.6113872851555433,5.8921731499904864));
#5695=IFCCARTESIANPOINT((2.2258512535962081,0.61168282536989849,6.1548453924904907));
#5696=IFCCARTESIANPOINT((2.2258679052001695,0.61169822638352311,6.2211798737634743));
#5697=IFCCARTESIANPOINT((2.2303149606299302,0.61343503937005317,4.6291523163190798));
#5698=IFCCARTESIANPOINT((2.2237532808399036,0.60687335958002686,4.7575151777227234));
#5699=IFCCARTESIANPOINT((2.2303149606299302,0.61343503937005317,4.7618212780950264));
#5700=IFCCARTESIANPOINT((2.2237532808399036,0.60687335958002697,6.2926406694446877));
#5701=IFCCARTESIANPOINT((2.2303149606299302,0.61343503937005317,6.2875143503475845));
#5702=IFCCARTESIANPOINT((2.2255861500315937,0.6114224245380051,5.7586839775477268));
#5703=IFCCARTESIANPOINT((2.2303149606299302,0.61343503937005317,5.823172995960948));
#5704=IFCCARTESIANPOINT((2.2237532808399036,0.60687335958002697,5.8254285570851421));
#5705=IFCCARTESIANPOINT((2.2256751521024642,0.61151316760356611,5.4251660984199344));
#5706=IFCCARTESIANPOINT((2.2256386621493172,0.61147638838583074,5.358216460169805));
#5707=IFCCARTESIANPOINT((2.2237532808399036,0.60687335958002697,5.6919393765843953));
#5708=IFCCARTESIANPOINT((2.2303149606299302,0.61343503937005317,5.6905040341850013));
#5709=IFCCARTESIANPOINT((2.2237532808399036,0.60687335958002697,5.6251947927983776));
#5710=IFCCARTESIANPOINT((2.2303149606299302,0.61343503937005317,5.624169541467853));
#5711=IFCCARTESIANPOINT((2.2259942657601783,0.6118117031797925,5.6585771286889663));
#5712=IFCCARTESIANPOINT((2.2303149606299302,0.61343503937005317,5.4915005796919072));
#5713=IFCCARTESIANPOINT((2.2237532808399036,0.60687335958002697,5.4917056122976309));
#5714=IFCCARTESIANPOINT((2.2303149606299302,0.61343503937005317,5.5578350605798805));
#5715=IFCCARTESIANPOINT((2.2259673795398252,0.61178804983799906,5.591548027216021));
#5716=IFCCARTESIANPOINT((2.2237532808399036,0.60687335958002697,5.55845020901236));
#5717=IFCCARTESIANPOINT((2.2253564495488147,0.61117089486496612,5.5246773250342267));
#5718=IFCCARTESIANPOINT((2.2237532808399036,0.60687335958002686,5.2247272771535593));
#5719=IFCCARTESIANPOINT((2.2303149606299302,0.61343503937005317,5.2261626324816621));
#5720=IFCCARTESIANPOINT((2.2303149606299302,0.61343503937005317,5.2924971251988113));
#5721=IFCCARTESIANPOINT((2.2237532808399036,0.60687335958002697,5.291471860939577));
#5722=IFCCARTESIANPOINT((2.2254155294977647,0.61123812947636835,5.2586527584071536));
#5723=IFCCARTESIANPOINT((2.2303149606299302,0.61343503937005317,6.0221764267956912));
#5724=IFCCARTESIANPOINT((2.2237532808399036,0.60687335958002697,6.0256623084431959));
#5725=IFCCARTESIANPOINT((2.2303149606299302,0.61343503937005317,6.0885109195128404));
#5726=IFCCARTESIANPOINT((2.2237532808399036,0.60687335958002697,6.0924069051579242));
#5727=IFCCARTESIANPOINT((2.2253542485634865,0.61116835404576086,6.0553557950319448));
#5728=IFCCARTESIANPOINT((2.2237532808399036,0.60687335958002686,4.9577489161520667));
#5729=IFCCARTESIANPOINT((2.2303149606299302,0.61343503937005317,4.9608247089297706));
#5730=IFCCARTESIANPOINT((2.2303149606299302,0.61343503937005317,5.0271592016469189));
#5731=IFCCARTESIANPOINT((2.2237532808399036,0.60687335958002686,5.0244935128667949));
#5732=IFCCARTESIANPOINT((2.2254877888993887,0.61131791296036853,4.9925169406702157));
#5733=IFCCARTESIANPOINT((2.2303149606299302,0.61343503937005317,5.1598281634228655));
#5734=IFCCARTESIANPOINT((2.2237532808399036,0.60687335958002686,5.1579826804388311));
#5735=IFCCARTESIANPOINT((2.2237532808399036,0.60687335958002686,5.0912380966528126));
#5736=IFCCARTESIANPOINT((2.2303149606299302,0.61343503937005317,5.0934936707057163));
#5737=IFCCARTESIANPOINT((2.2259086448644014,0.61173546026196446,5.1254682128792837));
#5738=IFCCARTESIANPOINT((2.2303149606299302,0.61343503937005317,4.8944902398709722));
#5739=IFCCARTESIANPOINT((2.2237532808399036,0.60687335958002686,4.8910043452947596));
#5740=IFCCARTESIANPOINT((2.2237532808399036,0.60687335958002686,4.8242597485800305));
#5741=IFCCARTESIANPOINT((2.2303149606299302,0.61343503937005317,4.8281557471538239));
#5742=IFCCARTESIANPOINT((2.2258302087248314,0.61166320738727065,4.8592982078152867));
#5743=IFCCARTESIANPOINT((2.2237532808399036,0.60687335958002697,5.9589177375858879));
#5744=IFCCARTESIANPOINT((2.2303149606299302,0.61343503937005317,5.9558419577368946));
#5745=IFCCARTESIANPOINT((2.2237532808399036,0.60687335958002697,5.8921731408711597));
#5746=IFCCARTESIANPOINT((2.2254694945378715,0.61129796125899771,5.8576125743654988));
#5747=IFCCARTESIANPOINT((2.2303149606299302,0.61343503937005317,5.8895074650197454));
#5748=IFCCARTESIANPOINT((2.2259957491743245,0.61181300066705036,5.9255567606293038));
#5749=IFCCARTESIANPOINT((2.2303149606299302,0.61343503937005317,6.1548453885716379));
#5750=IFCCARTESIANPOINT((2.2237532808399036,0.60687335958002697,6.1591514889439409));
#5751=IFCCARTESIANPOINT((2.2253523783470115,0.61116619299772534,6.1216905656864871));
#5752=IFCCARTESIANPOINT((2.2303149606299302,0.61343503937005317,6.2211798812887871));
#5753=IFCCARTESIANPOINT((2.2259324028233398,0.61175688584070553,6.2553360765810213));
#5754=IFCCARTESIANPOINT((2.2237532808399036,0.60687335958002708,6.2258960727299595));
#5755=IFCCARTESIANPOINT((2.2253501603168733,0.61116362758078302,6.1880253271916326));
#5756=IFCCARTESIANPOINT((2.2237532808399036,0.60687335958002697,5.7586839732991235));
#5757=IFCCARTESIANPOINT((2.22536726641053,0.6111833437537979,5.7253053589537579));
#5758=IFCCARTESIANPOINT((2.2303149606299302,0.61343503937005317,5.7568385032437988));
#5759=IFCCARTESIANPOINT((2.2303149606299302,0.61343503937005317,5.4251660869747571));
#5760=IFCCARTESIANPOINT((2.2260181056704105,0.61183246021660342,5.4583333390297195));
#5761=IFCCARTESIANPOINT((2.2237532808399036,0.60687335958002697,5.4249610414403229));
#5762=IFCCARTESIANPOINT((2.2237532808399036,0.60687335958002686,5.3582164447255956));
#5763=IFCCARTESIANPOINT((2.2303149606299302,0.61343503937005317,5.3588316060867847));
#5764=IFCCARTESIANPOINT((2.2259869355309911,0.61180528013999125,5.3916735221826055));
#5765=IFCCARTESIANPOINT((2.2237532808399036,0.59374999999997424,6.5262467191601061));
#5766=IFCCARTESIANPOINT((2.4992177035389362,0.59703083989498817,6.4606299212598426));
#5767=IFCCARTESIANPOINT((2.4583333352265155,0.61343503937005373,6.477034120734908));
#5768=IFCCARTESIANPOINT((2.4174489631277494,0.59703083989498795,6.4606299212598426));
#5769=IFCCARTESIANPOINT((2.458333341225643,0.60816862928225301,6.4649905578076563));
#5770=IFCCARTESIANPOINT((2.4010447641218353,0.61343503937005361,6.4770341207349089));
#5771=IFCCARTESIANPOINT((2.5156219025448494,0.61343503937005384,6.477034120734908));
#5772=IFCCARTESIANPOINT((2.3710696239500137,0.60685165967416521,6.4638945142231945));
#5773=IFCCARTESIANPOINT((2.5455970531045322,0.60685165949263853,6.4638945140875173));
#5774=IFCCARTESIANPOINT((2.5243433105458895,0.61343503937005373,6.5196850393700796));
#5775=IFCCARTESIANPOINT((2.4583333333333424,0.60687335958002731,6.5262467191601061));
#5776=IFCCARTESIANPOINT((2.3857616744444279,0.60687335958002719,6.5262467191601061));
#5777=IFCCARTESIANPOINT((2.5756233612441339,0.60687335958002753,6.5262467191601061));
#5778=IFCCARTESIANPOINT((2.3773291336174016,0.6134350393700535,6.5196850393700796));
#5779=IFCCARTESIANPOINT((2.4508362220816453,0.61343503937005361,6.5196850393700796));
#5780=IFCCARTESIANPOINT((2.6053475102618311,0.61343503937005384,6.5196850393700787));
#5781=IFCCARTESIANPOINT((2.3047574793062364,0.60687335958002708,6.526246719160107));
#5782=IFCCARTESIANPOINT((2.3038220451531575,0.61343503937005339,6.5196850393700796));
#5783=IFCCARTESIANPOINT((2.3405755893852795,0.61343503937005339,6.5196850393700796));
#5784=IFCCARTESIANPOINT((2.6119091873604483,0.60687335958002764,6.5262467191601061));
#5785=IFCCARTESIANPOINT((2.6458496061787864,0.61343503937005395,6.5196850393700796));
#5786=IFCCARTESIANPOINT((2.2642553817371409,0.60687335958002697,6.5262467191601061));
#5787=IFCCARTESIANPOINT((2.3452595768753319,0.60687335958002708,6.5262467191601061));
#5788=IFCCARTESIANPOINT((2.6524112849295438,0.60687335958002775,6.5262467191601061));
#5789=IFCCARTESIANPOINT((2.2708170604878992,0.61343503937005328,6.5196850393700796));
#5790=IFCCARTESIANPOINT((2.2873195552593573,0.61149160748274789,6.5243463082934365));
#5791=IFCCARTESIANPOINT((2.5937662748872463,0.61137915940768761,6.5244550927848639));
#5792=IFCCARTESIANPOINT((2.5169783472887381,0.60687335958002753,6.5262467191601061));
#5793=IFCCARTESIANPOINT((2.4875897663137678,0.61343503937005361,6.5196850393700796));
#5794=IFCCARTESIANPOINT((2.5490110272167854,0.61144511541340352,6.5243919162823039));
#5795=IFCCARTESIANPOINT((2.3589523666056964,0.6116138168726728,6.5242219663392342));
#5796=IFCCARTESIANPOINT((2.505966541764876,0.61165747354770206,6.5241759073497843));
#5797=IFCCARTESIANPOINT((2.4004755043582282,0.61172435337789755,6.524103579948128));
#5798=IFCCARTESIANPOINT((2.5648454104038603,0.61343503937005384,6.5196850393700796));
#5799=IFCCARTESIANPOINT((2.3232370268987035,0.61094320794597268,6.5248320750164543));
#5800=IFCCARTESIANPOINT((2.4220475038888853,0.60687335958002731,6.5262467191601061));
#5801=IFCCARTESIANPOINT((2.4401904219169079,0.61136465626454739,6.5244687508745978));
#5802=IFCCARTESIANPOINT((2.4140826778495237,0.6134350393700535,6.5196850393700796));
#5803=IFCCARTESIANPOINT((2.6538717136990186,0.61155513224386393,6.5242825002335341));
#5804=IFCPOLYLOOP((#5247,#5248,#5249,#5246));
#5805=IFCFACEOUTERBOUND(#5804,.T.);
#5806=IFCFACE((#5805));
#5807=IFCPOLYLOOP((#5253,#5250,#5278,#5268,#5269,#5262,#5293,#5271,#5298,#5261,#5284,#5275,#5276,#5263,#5289,#5265,#5266,#5251,#5252));
#5808=IFCFACEOUTERBOUND(#5807,.T.);
#5809=IFCFACE((#5808));
#5810=IFCPOLYLOOP((#5264,#5277,#5286));
#5811=IFCFACEOUTERBOUND(#5810,.T.);
#5812=IFCFACE((#5811));
#5813=IFCPOLYLOOP((#5291,#5295,#5279));
#5814=IFCFACEOUTERBOUND(#5813,.T.);
#5815=IFCFACE((#5814));
#5816=IFCPOLYLOOP((#5303,#5302,#5278));
#5817=IFCFACEOUTERBOUND(#5816,.T.);
#5818=IFCFACE((#5817));
#5819=IFCPOLYLOOP((#5286,#5288,#5264));
#5820=IFCFACEOUTERBOUND(#5819,.T.);
#5821=IFCFACE((#5820));
#5822=IFCPOLYLOOP((#5268,#5278,#5302));
#5823=IFCFACEOUTERBOUND(#5822,.T.);
#5824=IFCFACE((#5823));
#5825=IFCPOLYLOOP((#5282,#5281,#5280));
#5826=IFCFACEOUTERBOUND(#5825,.T.);
#5827=IFCFACE((#5826));
#5828=IFCPOLYLOOP((#5291,#5262,#5269));
#5829=IFCFACEOUTERBOUND(#5828,.T.);
#5830=IFCFACE((#5829));
#5831=IFCPOLYLOOP((#5294,#5273,#5272));
#5832=IFCFACEOUTERBOUND(#5831,.T.);
#5833=IFCFACE((#5832));
#5834=IFCPOLYLOOP((#5304,#5285,#5283));
#5835=IFCFACEOUTERBOUND(#5834,.T.);
#5836=IFCFACE((#5835));
#5837=IFCPOLYLOOP((#5296,#5299,#5298));
#5838=IFCFACEOUTERBOUND(#5837,.T.);
#5839=IFCFACE((#5838));
#5840=IFCPOLYLOOP((#5287,#5288,#5301));
#5841=IFCFACEOUTERBOUND(#5840,.T.);
#5842=IFCFACE((#5841));
#5843=IFCPOLYLOOP((#5256,#5251,#5290));
#5844=IFCFACEOUTERBOUND(#5843,.T.);
#5845=IFCFACE((#5844));
#5846=IFCPOLYLOOP((#5290,#5286,#5277));
#5847=IFCFACEOUTERBOUND(#5846,.T.);
#5848=IFCFACE((#5847));
#5849=IFCPOLYLOOP((#5270,#5302,#5303));
#5850=IFCFACEOUTERBOUND(#5849,.T.);
#5851=IFCFACE((#5850));
#5852=IFCPOLYLOOP((#5296,#5294,#5272));
#5853=IFCFACEOUTERBOUND(#5852,.T.);
#5854=IFCFACE((#5853));
#5855=IFCPOLYLOOP((#5291,#5269,#5295));
#5856=IFCFACEOUTERBOUND(#5855,.T.);
#5857=IFCFACE((#5856));
#5858=IFCPOLYLOOP((#5303,#5278,#5250));
#5859=IFCFACEOUTERBOUND(#5858,.T.);
#5860=IFCFACE((#5859));
#5861=IFCPOLYLOOP((#5303,#5257,#5254));
#5862=IFCFACEOUTERBOUND(#5861,.T.);
#5863=IFCFACE((#5862));
#5864=IFCPOLYLOOP((#5291,#5259,#5292));
#5865=IFCFACEOUTERBOUND(#5864,.T.);
#5866=IFCFACE((#5865));
#5867=IFCPOLYLOOP((#5293,#5292,#5294));
#5868=IFCFACEOUTERBOUND(#5867,.T.);
#5869=IFCFACE((#5868));
#5870=IFCPOLYLOOP((#5282,#5280,#5260));
#5871=IFCFACEOUTERBOUND(#5870,.T.);
#5872=IFCFACE((#5871));
#5873=IFCPOLYLOOP((#5283,#5281,#5275));
#5874=IFCFACEOUTERBOUND(#5873,.T.);
#5875=IFCFACE((#5874));
#5876=IFCPOLYLOOP((#5281,#5276,#5275));
#5877=IFCFACEOUTERBOUND(#5876,.T.);
#5878=IFCFACE((#5877));
#5879=IFCPOLYLOOP((#5290,#5277,#5255));
#5880=IFCFACEOUTERBOUND(#5879,.T.);
#5881=IFCFACE((#5880));
#5882=IFCPOLYLOOP((#5266,#5265,#5286));
#5883=IFCFACEOUTERBOUND(#5882,.T.);
#5884=IFCFACE((#5883));
#5885=IFCPOLYLOOP((#5283,#5274,#5281));
#5886=IFCFACEOUTERBOUND(#5885,.T.);
#5887=IFCFACE((#5886));
#5888=IFCPOLYLOOP((#5302,#5267,#5295));
#5889=IFCFACEOUTERBOUND(#5888,.T.);
#5890=IFCFACE((#5889));
#5891=IFCPOLYLOOP((#5280,#5281,#5274));
#5892=IFCFACEOUTERBOUND(#5891,.T.);
#5893=IFCFACE((#5892));
#5894=IFCPOLYLOOP((#5276,#5281,#5282));
#5895=IFCFACEOUTERBOUND(#5894,.T.);
#5896=IFCFACE((#5895));
#5897=IFCPOLYLOOP((#5282,#5263,#5276));
#5898=IFCFACEOUTERBOUND(#5897,.T.);
#5899=IFCFACE((#5898));
#5900=IFCPOLYLOOP((#5301,#5263,#5282));
#5901=IFCFACEOUTERBOUND(#5900,.T.);
#5902=IFCFACE((#5901));
#5903=IFCPOLYLOOP((#5300,#5258,#5285));
#5904=IFCFACEOUTERBOUND(#5903,.T.);
#5905=IFCFACE((#5904));
#5906=IFCPOLYLOOP((#5285,#5274,#5283));
#5907=IFCFACEOUTERBOUND(#5906,.T.);
#5908=IFCFACE((#5907));
#5909=IFCPOLYLOOP((#5300,#5299,#5258));
#5910=IFCFACEOUTERBOUND(#5909,.T.);
#5911=IFCFACE((#5910));
#5912=IFCPOLYLOOP((#5283,#5275,#5284));
#5913=IFCFACEOUTERBOUND(#5912,.T.);
#5914=IFCFACE((#5913));
#5915=IFCPOLYLOOP((#5290,#5266,#5286));
#5916=IFCFACEOUTERBOUND(#5915,.T.);
#5917=IFCFACE((#5916));
#5918=IFCPOLYLOOP((#5266,#5290,#5251));
#5919=IFCFACEOUTERBOUND(#5918,.T.);
#5920=IFCFACE((#5919));
#5921=IFCPOLYLOOP((#5265,#5288,#5286));
#5922=IFCFACEOUTERBOUND(#5921,.T.);
#5923=IFCFACE((#5922));
#5924=IFCPOLYLOOP((#5288,#5287,#5264));
#5925=IFCFACEOUTERBOUND(#5924,.T.);
#5926=IFCFACE((#5925));
#5927=IFCPOLYLOOP((#5301,#5289,#5263));
#5928=IFCFACEOUTERBOUND(#5927,.T.);
#5929=IFCFACE((#5928));
#5930=IFCPOLYLOOP((#5287,#5301,#5260));
#5931=IFCFACEOUTERBOUND(#5930,.T.);
#5932=IFCFACE((#5931));
#5933=IFCPOLYLOOP((#5288,#5265,#5289));
#5934=IFCFACEOUTERBOUND(#5933,.T.);
#5935=IFCFACE((#5934));
#5936=IFCPOLYLOOP((#5256,#5290,#5255));
#5937=IFCFACEOUTERBOUND(#5936,.T.);
#5938=IFCFACE((#5937));
#5939=IFCPOLYLOOP((#5262,#5291,#5292));
#5940=IFCFACEOUTERBOUND(#5939,.T.);
#5941=IFCFACE((#5940));
#5942=IFCPOLYLOOP((#5259,#5291,#5279));
#5943=IFCFACEOUTERBOUND(#5942,.T.);
#5944=IFCFACE((#5943));
#5945=IFCPOLYLOOP((#5296,#5271,#5294));
#5946=IFCFACEOUTERBOUND(#5945,.T.);
#5947=IFCFACE((#5946));
#5948=IFCPOLYLOOP((#5292,#5259,#5273));
#5949=IFCFACEOUTERBOUND(#5948,.T.);
#5950=IFCFACE((#5949));
#5951=IFCPOLYLOOP((#5293,#5262,#5292));
#5952=IFCFACEOUTERBOUND(#5951,.T.);
#5953=IFCFACE((#5952));
#5954=IFCPOLYLOOP((#5271,#5293,#5294));
#5955=IFCFACEOUTERBOUND(#5954,.T.);
#5956=IFCFACE((#5955));
#5957=IFCPOLYLOOP((#5273,#5294,#5292));
#5958=IFCFACEOUTERBOUND(#5957,.T.);
#5959=IFCFACE((#5958));
#5960=IFCPOLYLOOP((#5279,#5295,#5267));
#5961=IFCFACEOUTERBOUND(#5960,.T.);
#5962=IFCFACE((#5961));
#5963=IFCPOLYLOOP((#5295,#5269,#5268));
#5964=IFCFACEOUTERBOUND(#5963,.T.);
#5965=IFCFACE((#5964));
#5966=IFCPOLYLOOP((#5261,#5298,#5299));
#5967=IFCFACEOUTERBOUND(#5966,.T.);
#5968=IFCFACE((#5967));
#5969=IFCPOLYLOOP((#5298,#5271,#5296));
#5970=IFCFACEOUTERBOUND(#5969,.T.);
#5971=IFCFACE((#5970));
#5972=IFCPOLYLOOP((#5297,#5258,#5299));
#5973=IFCFACEOUTERBOUND(#5972,.T.);
#5974=IFCFACE((#5973));
#5975=IFCPOLYLOOP((#5296,#5272,#5297));
#5976=IFCFACEOUTERBOUND(#5975,.T.);
#5977=IFCFACE((#5976));
#5978=IFCPOLYLOOP((#5300,#5261,#5299));
#5979=IFCFACEOUTERBOUND(#5978,.T.);
#5980=IFCFACE((#5979));
#5981=IFCPOLYLOOP((#5297,#5299,#5296));
#5982=IFCFACEOUTERBOUND(#5981,.T.);
#5983=IFCFACE((#5982));
#5984=IFCPOLYLOOP((#5300,#5284,#5261));
#5985=IFCFACEOUTERBOUND(#5984,.T.);
#5986=IFCFACE((#5985));
#5987=IFCPOLYLOOP((#5304,#5284,#5300));
#5988=IFCFACEOUTERBOUND(#5987,.T.);
#5989=IFCFACE((#5988));
#5990=IFCPOLYLOOP((#5288,#5289,#5301));
#5991=IFCFACEOUTERBOUND(#5990,.T.);
#5992=IFCFACE((#5991));
#5993=IFCPOLYLOOP((#5260,#5301,#5282));
#5994=IFCFACEOUTERBOUND(#5993,.T.);
#5995=IFCFACE((#5994));
#5996=IFCPOLYLOOP((#5268,#5302,#5295));
#5997=IFCFACEOUTERBOUND(#5996,.T.);
#5998=IFCFACE((#5997));
#5999=IFCPOLYLOOP((#5267,#5302,#5270));
#6000=IFCFACEOUTERBOUND(#5999,.T.);
#6001=IFCFACE((#6000));
#6002=IFCPOLYLOOP((#5270,#5303,#5254));
#6003=IFCFACEOUTERBOUND(#6002,.T.);
#6004=IFCFACE((#6003));
#6005=IFCPOLYLOOP((#5257,#5303,#5250));
#6006=IFCFACEOUTERBOUND(#6005,.T.);
#6007=IFCFACE((#6006));
#6008=IFCPOLYLOOP((#5285,#5304,#5300));
#6009=IFCFACEOUTERBOUND(#6008,.T.);
#6010=IFCFACE((#6009));
#6011=IFCPOLYLOOP((#5304,#5283,#5284));
#6012=IFCFACEOUTERBOUND(#6011,.T.);
#6013=IFCFACE((#6012));
#6014=IFCPOLYLOOP((#5358,#5357,#5339));
#6015=IFCFACEOUTERBOUND(#6014,.T.);
#6016=IFCFACE((#6015));
#6017=IFCPOLYLOOP((#5436,#5327,#5402));
#6018=IFCFACEOUTERBOUND(#6017,.T.);
#6019=IFCFACE((#6018));
#6020=IFCPOLYLOOP((#5406,#5446,#5471));
#6021=IFCFACEOUTERBOUND(#6020,.T.);
#6022=IFCFACE((#6021));
#6023=IFCPOLYLOOP((#5476,#5345,#5422));
#6024=IFCFACEOUTERBOUND(#6023,.T.);
#6025=IFCFACE((#6024));
#6026=IFCPOLYLOOP((#5388,#5380,#5359));
#6027=IFCFACEOUTERBOUND(#6026,.T.);
#6028=IFCFACE((#6027));
#6029=IFCPOLYLOOP((#5360,#5324,#5355));
#6030=IFCFACEOUTERBOUND(#6029,.T.);
#6031=IFCFACE((#6030));
#6032=IFCPOLYLOOP((#5450,#5371,#5408,#5332));
#6033=IFCFACEOUTERBOUND(#6032,.T.);
#6034=IFCFACE((#6033));
#6035=IFCPOLYLOOP((#5391,#5392,#5389));
#6036=IFCFACEOUTERBOUND(#6035,.T.);
#6037=IFCFACE((#6036));
#6038=IFCPOLYLOOP((#5353,#5337,#5351,#5352));
#6039=IFCFACEOUTERBOUND(#6038,.T.);
#6040=IFCFACE((#6039));
#6041=IFCPOLYLOOP((#5348,#5483,#5484,#5479));
#6042=IFCFACEOUTERBOUND(#6041,.T.);
#6043=IFCFACE((#6042));
#6044=IFCPOLYLOOP((#5416,#5474,#5473));
#6045=IFCFACEOUTERBOUND(#6044,.T.);
#6046=IFCFACE((#6045));
#6047=IFCPOLYLOOP((#5390,#5392,#5391));
#6048=IFCFACEOUTERBOUND(#6047,.T.);
#6049=IFCFACE((#6048));
#6050=IFCPOLYLOOP((#5415,#5470,#5475));
#6051=IFCFACEOUTERBOUND(#6050,.T.);
#6052=IFCFACE((#6051));
#6053=IFCPOLYLOOP((#5405,#5444,#5447));
#6054=IFCFACEOUTERBOUND(#6053,.T.);
#6055=IFCFACE((#6054));
#6056=IFCPOLYLOOP((#5380,#5322,#5382));
#6057=IFCFACEOUTERBOUND(#6056,.T.);
#6058=IFCFACE((#6057));
#6059=IFCPOLYLOOP((#5375,#5462,#5412));
#6060=IFCFACEOUTERBOUND(#6059,.T.);
#6061=IFCFACE((#6060));
#6062=IFCPOLYLOOP((#5353,#5355,#5324));
#6063=IFCFACEOUTERBOUND(#6062,.T.);
#6064=IFCFACE((#6063));
#6065=IFCPOLYLOOP((#5307,#5308,#5356));
#6066=IFCFACEOUTERBOUND(#6065,.T.);
#6067=IFCFACE((#6066));
#6068=IFCPOLYLOOP((#5351,#5309,#5310));
#6069=IFCFACEOUTERBOUND(#6068,.T.);
#6070=IFCFACE((#6069));
#6071=IFCPOLYLOOP((#5399,#5428,#5431));
#6072=IFCFACEOUTERBOUND(#6071,.T.);
#6073=IFCFACE((#6072));
#6074=IFCPOLYLOOP((#5414,#5467,#5466));
#6075=IFCFACEOUTERBOUND(#6074,.T.);
#6076=IFCFACE((#6075));
#6077=IFCPOLYLOOP((#5400,#5430,#5435));
#6078=IFCFACEOUTERBOUND(#6077,.T.);
#6079=IFCFACE((#6078));
#6080=IFCPOLYLOOP((#5401,#5433,#5437));
#6081=IFCFACEOUTERBOUND(#6080,.T.);
#6082=IFCFACE((#6081));
#6083=IFCPOLYLOOP((#5425,#5479,#5484));
#6084=IFCFACEOUTERBOUND(#6083,.T.);
#6085=IFCFACE((#6084));
#6086=IFCPOLYLOOP((#5373,#5457,#5410));
#6087=IFCFACEOUTERBOUND(#6086,.T.);
#6088=IFCFACE((#6087));
#6089=IFCPOLYLOOP((#5455,#5373,#5410,#5331));
#6090=IFCFACEOUTERBOUND(#6089,.T.);
#6091=IFCFACE((#6090));
#6092=IFCPOLYLOOP((#5371,#5452,#5408));
#6093=IFCFACEOUTERBOUND(#6092,.T.);
#6094=IFCFACE((#6093));
#6095=IFCPOLYLOOP((#5310,#5349,#5352));
#6096=IFCFACEOUTERBOUND(#6095,.T.);
#6097=IFCFACE((#6096));
#6098=IFCPOLYLOOP((#5339,#5357,#5356));
#6099=IFCFACEOUTERBOUND(#6098,.T.);
#6100=IFCFACE((#6099));
#6101=IFCPOLYLOOP((#5333,#5389,#5358));
#6102=IFCFACEOUTERBOUND(#6101,.T.);
#6103=IFCFACE((#6102));
#6104=IFCPOLYLOOP((#5355,#5352,#5336));
#6105=IFCFACEOUTERBOUND(#6104,.T.);
#6106=IFCFACE((#6105));
#6107=IFCPOLYLOOP((#5358,#5389,#5334));
#6108=IFCFACEOUTERBOUND(#6107,.T.);
#6109=IFCFACE((#6108));
#6110=IFCPOLYLOOP((#5356,#5357,#5307));
#6111=IFCFACEOUTERBOUND(#6110,.T.);
#6112=IFCFACE((#6111));
#6113=IFCPOLYLOOP((#5342,#5386,#5385));
#6114=IFCFACEOUTERBOUND(#6113,.T.);
#6115=IFCFACE((#6114));
#6116=IFCPOLYLOOP((#5460,#5375,#5412,#5341));
#6117=IFCFACEOUTERBOUND(#6116,.T.);
#6118=IFCFACE((#6117));
#6119=IFCPOLYLOOP((#5383,#5384,#5385));
#6120=IFCFACEOUTERBOUND(#6119,.T.);
#6121=IFCFACE((#6120));
#6122=IFCPOLYLOOP((#5422,#5478,#5477));
#6123=IFCFACEOUTERBOUND(#6122,.T.);
#6124=IFCFACE((#6123));
#6125=IFCPOLYLOOP((#5413,#5464,#5468));
#6126=IFCFACEOUTERBOUND(#6125,.T.);
#6127=IFCFACE((#6126));
#6128=IFCPOLYLOOP((#5396,#5424,#5466));
#6129=IFCFACEOUTERBOUND(#6128,.T.);
#6130=IFCFACE((#6129));
#6131=IFCPOLYLOOP((#5367,#5442,#5404));
#6132=IFCFACEOUTERBOUND(#6131,.T.);
#6133=IFCFACE((#6132));
#6134=IFCPOLYLOOP((#5440,#5367,#5404,#5347));
#6135=IFCFACEOUTERBOUND(#6134,.T.);
#6136=IFCFACE((#6135));
#6137=IFCPOLYLOOP((#5480,#5432,#5314,#5479));
#6138=IFCFACEOUTERBOUND(#6137,.T.);
#6139=IFCFACE((#6138));
#6140=IFCPOLYLOOP((#5310,#5305,#5349));
#6141=IFCFACEOUTERBOUND(#6140,.T.);
#6142=IFCFACE((#6141));
#6143=IFCPOLYLOOP((#5350,#5306,#5307));
#6144=IFCFACEOUTERBOUND(#6143,.T.);
#6145=IFCFACE((#6144));
#6146=IFCPOLYLOOP((#5310,#5352,#5351));
#6147=IFCFACEOUTERBOUND(#6146,.T.);
#6148=IFCFACE((#6147));
#6149=IFCPOLYLOOP((#5352,#5349,#5336));
#6150=IFCFACEOUTERBOUND(#6149,.T.);
#6151=IFCFACE((#6150));
#6152=IFCPOLYLOOP((#5354,#5323,#5355,#5336));
#6153=IFCFACEOUTERBOUND(#6152,.T.);
#6154=IFCFACE((#6153));
#6155=IFCPOLYLOOP((#5353,#5352,#5355));
#6156=IFCFACEOUTERBOUND(#6155,.T.);
#6157=IFCFACE((#6156));
#6158=IFCPOLYLOOP((#5399,#5427,#5477));
#6159=IFCFACEOUTERBOUND(#6158,.T.);
#6160=IFCFACE((#6159));
#6161=IFCPOLYLOOP((#5350,#5307,#5357));
#6162=IFCFACEOUTERBOUND(#6161,.T.);
#6163=IFCFACE((#6162));
#6164=IFCPOLYLOOP((#5357,#5338,#5350));
#6165=IFCFACEOUTERBOUND(#6164,.T.);
#6166=IFCFACE((#6165));
#6167=IFCPOLYLOOP((#5338,#5357,#5358));
#6168=IFCFACEOUTERBOUND(#6167,.T.);
#6169=IFCFACE((#6168));
#6170=IFCPOLYLOOP((#5338,#5358,#5334));
#6171=IFCFACEOUTERBOUND(#6170,.T.);
#6172=IFCFACE((#6171));
#6173=IFCPOLYLOOP((#5398,#5333,#5358,#5339));
#6174=IFCFACEOUTERBOUND(#6173,.T.);
#6175=IFCFACE((#6174));
#6176=IFCPOLYLOOP((#5323,#5360,#5355));
#6177=IFCFACEOUTERBOUND(#6176,.T.);
#6178=IFCFACE((#6177));
#6179=IFCPOLYLOOP((#5381,#5324,#5360));
#6180=IFCFACEOUTERBOUND(#6179,.T.);
#6181=IFCFACE((#6180));
#6182=IFCPOLYLOOP((#5382,#5321,#5380));
#6183=IFCFACEOUTERBOUND(#6182,.T.);
#6184=IFCFACE((#6183));
#6185=IFCPOLYLOOP((#5361,#5322,#5380));
#6186=IFCFACEOUTERBOUND(#6185,.T.);
#6187=IFCFACE((#6186));
#6188=IFCPOLYLOOP((#5323,#5388,#5360));
#6189=IFCFACEOUTERBOUND(#6188,.T.);
#6190=IFCFACE((#6189));
#6191=IFCPOLYLOOP((#5429,#5362,#5400,#5327));
#6192=IFCFACEOUTERBOUND(#6191,.T.);
#6193=IFCFACE((#6192));
#6194=IFCPOLYLOOP((#5401,#5432,#5480));
#6195=IFCFACEOUTERBOUND(#6194,.T.);
#6196=IFCFACE((#6195));
#6197=IFCPOLYLOOP((#5434,#5364,#5402));
#6198=IFCFACEOUTERBOUND(#6197,.T.);
#6199=IFCFACE((#6198));
#6200=IFCPOLYLOOP((#5366,#5441,#5442,#5438));
#6201=IFCFACEOUTERBOUND(#6200,.T.);
#6202=IFCFACE((#6201));
#6203=IFCPOLYLOOP((#5403,#5438,#5442));
#6204=IFCFACEOUTERBOUND(#6203,.T.);
#6205=IFCFACE((#6204));
#6206=IFCPOLYLOOP((#5443,#5316,#5405,#5368));
#6207=IFCFACEOUTERBOUND(#6206,.T.);
#6208=IFCFACE((#6207));
#6209=IFCPOLYLOOP((#5445,#5368,#5406,#5320));
#6210=IFCFACEOUTERBOUND(#6209,.T.);
#6211=IFCFACE((#6210));
#6212=IFCPOLYLOOP((#5452,#5407,#5370));
#6213=IFCFACEOUTERBOUND(#6212,.T.);
#6214=IFCFACE((#6213));
#6215=IFCPOLYLOOP((#5448,#5370,#5407,#5312));
#6216=IFCFACEOUTERBOUND(#6215,.T.);
#6217=IFCFACE((#6216));
#6218=IFCPOLYLOOP((#5372,#5456,#5457,#5453));
#6219=IFCFACEOUTERBOUND(#6218,.T.);
#6220=IFCFACE((#6219));
#6221=IFCPOLYLOOP((#5409,#5453,#5457));
#6222=IFCFACEOUTERBOUND(#6221,.T.);
#6223=IFCFACE((#6222));
#6224=IFCPOLYLOOP((#5462,#5411,#5374));
#6225=IFCFACEOUTERBOUND(#6224,.T.);
#6226=IFCFACE((#6225));
#6227=IFCPOLYLOOP((#5458,#5374,#5411,#5315));
#6228=IFCFACEOUTERBOUND(#6227,.T.);
#6229=IFCFACE((#6228));
#6230=IFCPOLYLOOP((#5463,#5313,#5413,#5376));
#6231=IFCFACEOUTERBOUND(#6230,.T.);
#6232=IFCFACE((#6231));
#6233=IFCPOLYLOOP((#5465,#5376,#5414,#5344));
#6234=IFCFACEOUTERBOUND(#6233,.T.);
#6235=IFCFACE((#6234));
#6236=IFCPOLYLOOP((#5469,#5320,#5415,#5378));
#6237=IFCFACEOUTERBOUND(#6236,.T.);
#6238=IFCFACE((#6237));
#6239=IFCPOLYLOOP((#5472,#5378,#5416,#5317));
#6240=IFCFACEOUTERBOUND(#6239,.T.);
#6241=IFCFACE((#6240));
#6242=IFCPOLYLOOP((#5361,#5380,#5388));
#6243=IFCFACEOUTERBOUND(#6242,.T.);
#6244=IFCFACE((#6243));
#6245=IFCPOLYLOOP((#5417,#5359,#5380,#5321));
#6246=IFCFACEOUTERBOUND(#6245,.T.);
#6247=IFCFACE((#6246));
#6248=IFCPOLYLOOP((#5418,#5341,#5386,#5342));
#6249=IFCFACEOUTERBOUND(#6248,.T.);
#6250=IFCFACE((#6249));
#6251=IFCPOLYLOOP((#5359,#5381,#5388));
#6252=IFCFACEOUTERBOUND(#6251,.T.);
#6253=IFCFACE((#6252));
#6254=IFCPOLYLOOP((#5382,#5387,#5385));
#6255=IFCFACEOUTERBOUND(#6254,.T.);
#6256=IFCFACE((#6255));
#6257=IFCPOLYLOOP((#5385,#5384,#5382));
#6258=IFCFACEOUTERBOUND(#6257,.T.);
#6259=IFCFACE((#6258));
#6260=IFCPOLYLOOP((#5384,#5321,#5382));
#6261=IFCFACEOUTERBOUND(#6260,.T.);
#6262=IFCFACE((#6261));
#6263=IFCPOLYLOOP((#5386,#5383,#5385));
#6264=IFCFACEOUTERBOUND(#6263,.T.);
#6265=IFCFACE((#6264));
#6266=IFCPOLYLOOP((#5361,#5388,#5323));
#6267=IFCFACEOUTERBOUND(#6266,.T.);
#6268=IFCFACE((#6267));
#6269=IFCPOLYLOOP((#5419,#5383,#5386,#5340));
#6270=IFCFACEOUTERBOUND(#6269,.T.);
#6271=IFCFACE((#6270));
#6272=IFCPOLYLOOP((#5340,#5386,#5412));
#6273=IFCFACEOUTERBOUND(#6272,.T.);
#6274=IFCFACE((#6273));
#6275=IFCPOLYLOOP((#5342,#5385,#5387));
#6276=IFCFACEOUTERBOUND(#6275,.T.);
#6277=IFCFACE((#6276));
#6278=IFCPOLYLOOP((#5382,#5322,#5387));
#6279=IFCFACEOUTERBOUND(#6278,.T.);
#6280=IFCFACE((#6279));
#6281=IFCPOLYLOOP((#5360,#5388,#5381));
#6282=IFCFACEOUTERBOUND(#6281,.T.);
#6283=IFCFACE((#6282));
#6284=IFCPOLYLOOP((#5335,#5394,#5392));
#6285=IFCFACEOUTERBOUND(#6284,.T.);
#6286=IFCFACE((#6285));
#6287=IFCPOLYLOOP((#5392,#5393,#5335));
#6288=IFCFACEOUTERBOUND(#6287,.T.);
#6289=IFCFACE((#6288));
#6290=IFCPOLYLOOP((#5390,#5393,#5392));
#6291=IFCFACEOUTERBOUND(#6290,.T.);
#6292=IFCFACE((#6291));
#6293=IFCPOLYLOOP((#5389,#5392,#5394));
#6294=IFCFACEOUTERBOUND(#6293,.T.);
#6295=IFCFACE((#6294));
#6296=IFCPOLYLOOP((#5389,#5333,#5391));
#6297=IFCFACEOUTERBOUND(#6296,.T.);
#6298=IFCFACE((#6297));
#6299=IFCPOLYLOOP((#5420,#5335,#5393,#5318));
#6300=IFCFACEOUTERBOUND(#6299,.T.);
#6301=IFCFACE((#6300));
#6302=IFCPOLYLOOP((#5379,#5475,#5470));
#6303=IFCFACEOUTERBOUND(#6302,.T.);
#6304=IFCFACE((#6303));
#6305=IFCPOLYLOOP((#5393,#5421,#5473));
#6306=IFCFACEOUTERBOUND(#6305,.T.);
#6307=IFCFACE((#6306));
#6308=IFCPOLYLOOP((#5394,#5334,#5389));
#6309=IFCFACEOUTERBOUND(#6308,.T.);
#6310=IFCFACE((#6309));
#6311=IFCPOLYLOOP((#5377,#5468,#5464));
#6312=IFCFACEOUTERBOUND(#6311,.T.);
#6313=IFCFACE((#6312));
#6314=IFCPOLYLOOP((#5423,#5395,#5396,#5343));
#6315=IFCFACEOUTERBOUND(#6314,.T.);
#6316=IFCFACE((#6315));
#6317=IFCPOLYLOOP((#5345,#5396,#5422));
#6318=IFCFACEOUTERBOUND(#6317,.T.);
#6319=IFCFACE((#6318));
#6320=IFCPOLYLOOP((#5431,#5400,#5362));
#6321=IFCFACEOUTERBOUND(#6320,.T.);
#6322=IFCFACE((#6321));
#6323=IFCPOLYLOOP((#5482,#5397,#5426,#5346));
#6324=IFCFACEOUTERBOUND(#6323,.T.);
#6325=IFCFACE((#6324));
#6326=IFCPOLYLOOP((#5401,#5480,#5311));
#6327=IFCFACEOUTERBOUND(#6326,.T.);
#6328=IFCFACE((#6327));
#6329=IFCPOLYLOOP((#5365,#5436,#5437,#5433));
#6330=IFCFACEOUTERBOUND(#6329,.T.);
#6331=IFCFACE((#6330));
#6332=IFCPOLYLOOP((#5431,#5430,#5400));
#6333=IFCFACEOUTERBOUND(#6332,.T.);
#6334=IFCFACE((#6333));
#6335=IFCPOLYLOOP((#5437,#5402,#5364));
#6336=IFCFACEOUTERBOUND(#6335,.T.);
#6337=IFCFACE((#6336));
#6338=IFCPOLYLOOP((#5425,#5311,#5480));
#6339=IFCFACEOUTERBOUND(#6338,.T.);
#6340=IFCFACE((#6339));
#6341=IFCPOLYLOOP((#5402,#5435,#5434));
#6342=IFCFACEOUTERBOUND(#6341,.T.);
#6343=IFCFACE((#6342));
#6344=IFCPOLYLOOP((#5437,#5436,#5402));
#6345=IFCFACEOUTERBOUND(#6344,.T.);
#6346=IFCFACE((#6345));
#6347=IFCPOLYLOOP((#5330,#5403,#5409));
#6348=IFCFACEOUTERBOUND(#6347,.T.);
#6349=IFCFACE((#6348));
#6350=IFCPOLYLOOP((#5439,#5329,#5403,#5367));
#6351=IFCFACEOUTERBOUND(#6350,.T.);
#6352=IFCFACE((#6351));
#6353=IFCPOLYLOOP((#5347,#5404,#5426));
#6354=IFCFACEOUTERBOUND(#6353,.T.);
#6355=IFCFACE((#6354));
#6356=IFCPOLYLOOP((#5441,#5346,#5404));
#6357=IFCFACEOUTERBOUND(#6356,.T.);
#6358=IFCFACE((#6357));
#6359=IFCPOLYLOOP((#5447,#5406,#5368));
#6360=IFCFACEOUTERBOUND(#6359,.T.);
#6361=IFCFACE((#6360));
#6362=IFCPOLYLOOP((#5313,#5405,#5413));
#6363=IFCFACEOUTERBOUND(#6362,.T.);
#6364=IFCFACE((#6363));
#6365=IFCPOLYLOOP((#5471,#5415,#5320));
#6366=IFCFACEOUTERBOUND(#6365,.T.);
#6367=IFCFACE((#6366));
#6368=IFCPOLYLOOP((#5369,#5406,#5447));
#6369=IFCFACEOUTERBOUND(#6368,.T.);
#6370=IFCFACE((#6369));
#6371=IFCPOLYLOOP((#5312,#5407,#5411));
#6372=IFCFACEOUTERBOUND(#6371,.T.);
#6373=IFCFACE((#6372));
#6374=IFCPOLYLOOP((#5449,#5315,#5407));
#6375=IFCFACEOUTERBOUND(#6374,.T.);
#6376=IFCFACE((#6375));
#6377=IFCPOLYLOOP((#5332,#5408,#5410));
#6378=IFCFACEOUTERBOUND(#6377,.T.);
#6379=IFCFACE((#6378));
#6380=IFCPOLYLOOP((#5451,#5331,#5408));
#6381=IFCFACEOUTERBOUND(#6380,.T.);
#6382=IFCFACE((#6381));
#6383=IFCPOLYLOOP((#5329,#5409,#5403));
#6384=IFCFACEOUTERBOUND(#6383,.T.);
#6385=IFCFACE((#6384));
#6386=IFCPOLYLOOP((#5454,#5330,#5409));
#6387=IFCFACEOUTERBOUND(#6386,.T.);
#6388=IFCFACE((#6387));
#6389=IFCPOLYLOOP((#5331,#5410,#5408));
#6390=IFCFACEOUTERBOUND(#6389,.T.);
#6391=IFCFACE((#6390));
#6392=IFCPOLYLOOP((#5456,#5332,#5410));
#6393=IFCFACEOUTERBOUND(#6392,.T.);
#6394=IFCFACE((#6393));
#6395=IFCPOLYLOOP((#5315,#5411,#5407));
#6396=IFCFACEOUTERBOUND(#6395,.T.);
#6397=IFCFACE((#6396));
#6398=IFCPOLYLOOP((#5459,#5312,#5411));
#6399=IFCFACEOUTERBOUND(#6398,.T.);
#6400=IFCFACE((#6399));
#6401=IFCPOLYLOOP((#5341,#5412,#5386));
#6402=IFCFACEOUTERBOUND(#6401,.T.);
#6403=IFCFACE((#6402));
#6404=IFCPOLYLOOP((#5461,#5340,#5412));
#6405=IFCFACEOUTERBOUND(#6404,.T.);
#6406=IFCFACE((#6405));
#6407=IFCPOLYLOOP((#5468,#5414,#5376));
#6408=IFCFACEOUTERBOUND(#6407,.T.);
#6409=IFCFACE((#6408));
#6410=IFCPOLYLOOP((#5316,#5413,#5405));
#6411=IFCFACEOUTERBOUND(#6410,.T.);
#6412=IFCFACE((#6411));
#6413=IFCPOLYLOOP((#5466,#5344,#5414));
#6414=IFCFACEOUTERBOUND(#6413,.T.);
#6415=IFCFACE((#6414));
#6416=IFCPOLYLOOP((#5377,#5414,#5468));
#6417=IFCFACEOUTERBOUND(#6416,.T.);
#6418=IFCFACE((#6417));
#6419=IFCPOLYLOOP((#5475,#5416,#5378));
#6420=IFCFACEOUTERBOUND(#6419,.T.);
#6421=IFCFACE((#6420));
#6422=IFCPOLYLOOP((#5319,#5415,#5471));
#6423=IFCFACEOUTERBOUND(#6422,.T.);
#6424=IFCFACE((#6423));
#6425=IFCPOLYLOOP((#5473,#5317,#5416));
#6426=IFCFACEOUTERBOUND(#6425,.T.);
#6427=IFCFACE((#6426));
#6428=IFCPOLYLOOP((#5379,#5416,#5475));
#6429=IFCFACEOUTERBOUND(#6428,.T.);
#6430=IFCFACE((#6429));
#6431=IFCPOLYLOOP((#5422,#5477,#5476));
#6432=IFCFACEOUTERBOUND(#6431,.T.);
#6433=IFCFACE((#6432));
#6434=IFCPOLYLOOP((#5393,#5390,#5421));
#6435=IFCFACEOUTERBOUND(#6434,.T.);
#6436=IFCFACE((#6435));
#6437=IFCPOLYLOOP((#5395,#5422,#5396));
#6438=IFCFACEOUTERBOUND(#6437,.T.);
#6439=IFCFACE((#6438));
#6440=IFCPOLYLOOP((#5481,#5311,#5425,#5397));
#6441=IFCFACEOUTERBOUND(#6440,.T.);
#6442=IFCFACE((#6441));
#6443=IFCPOLYLOOP((#5396,#5345,#5424));
#6444=IFCFACEOUTERBOUND(#6443,.T.);
#6445=IFCFACE((#6444));
#6446=IFCPOLYLOOP((#5426,#5397,#5484));
#6447=IFCFACEOUTERBOUND(#6446,.T.);
#6448=IFCFACE((#6447));
#6449=IFCPOLYLOOP((#5346,#5426,#5404));
#6450=IFCFACEOUTERBOUND(#6449,.T.);
#6451=IFCFACE((#6450));
#6452=IFCPOLYLOOP((#5483,#5347,#5426));
#6453=IFCFACEOUTERBOUND(#6452,.T.);
#6454=IFCFACE((#6453));
#6455=IFCPOLYLOOP((#5363,#5430,#5431,#5428));
#6456=IFCFACEOUTERBOUND(#6455,.T.);
#6457=IFCFACE((#6456));
#6458=IFCPOLYLOOP((#5399,#5362,#5427));
#6459=IFCFACEOUTERBOUND(#6458,.T.);
#6460=IFCFACE((#6459));
#6461=IFCPOLYLOOP((#5399,#5325,#5428));
#6462=IFCFACEOUTERBOUND(#6461,.T.);
#6463=IFCFACE((#6462));
#6464=IFCPOLYLOOP((#5399,#5431,#5362));
#6465=IFCFACEOUTERBOUND(#6464,.T.);
#6466=IFCFACE((#6465));
#6467=IFCPOLYLOOP((#5328,#5434,#5435,#5430));
#6468=IFCFACEOUTERBOUND(#6467,.T.);
#6469=IFCFACE((#6468));
#6470=IFCPOLYLOOP((#5432,#5401,#5364));
#6471=IFCFACEOUTERBOUND(#6470,.T.);
#6472=IFCFACE((#6471));
#6473=IFCPOLYLOOP((#5401,#5311,#5433));
#6474=IFCFACEOUTERBOUND(#6473,.T.);
#6475=IFCFACE((#6474));
#6476=IFCPOLYLOOP((#5400,#5435,#5327));
#6477=IFCFACEOUTERBOUND(#6476,.T.);
#6478=IFCFACE((#6477));
#6479=IFCPOLYLOOP((#5435,#5402,#5327));
#6480=IFCFACEOUTERBOUND(#6479,.T.);
#6481=IFCFACE((#6480));
#6482=IFCPOLYLOOP((#5401,#5437,#5364));
#6483=IFCFACEOUTERBOUND(#6482,.T.);
#6484=IFCFACE((#6483));
#6485=IFCPOLYLOOP((#5403,#5442,#5367));
#6486=IFCFACEOUTERBOUND(#6485,.T.);
#6487=IFCFACE((#6486));
#6488=IFCPOLYLOOP((#5403,#5330,#5438));
#6489=IFCFACEOUTERBOUND(#6488,.T.);
#6490=IFCFACE((#6489));
#6491=IFCPOLYLOOP((#5404,#5442,#5441));
#6492=IFCFACEOUTERBOUND(#6491,.T.);
#6493=IFCFACE((#6492));
#6494=IFCPOLYLOOP((#5369,#5447,#5444));
#6495=IFCFACEOUTERBOUND(#6494,.T.);
#6496=IFCFACE((#6495));
#6497=IFCPOLYLOOP((#5405,#5313,#5444));
#6498=IFCFACEOUTERBOUND(#6497,.T.);
#6499=IFCFACE((#6498));
#6500=IFCPOLYLOOP((#5406,#5369,#5446));
#6501=IFCFACEOUTERBOUND(#6500,.T.);
#6502=IFCFACE((#6501));
#6503=IFCPOLYLOOP((#5405,#5447,#5368));
#6504=IFCFACEOUTERBOUND(#6503,.T.);
#6505=IFCFACE((#6504));
#6506=IFCPOLYLOOP((#5449,#5407,#5452));
#6507=IFCFACEOUTERBOUND(#6506,.T.);
#6508=IFCFACE((#6507));
#6509=IFCPOLYLOOP((#5371,#5449,#5452));
#6510=IFCFACEOUTERBOUND(#6509,.T.);
#6511=IFCFACE((#6510));
#6512=IFCPOLYLOOP((#5370,#5451,#5452));
#6513=IFCFACEOUTERBOUND(#6512,.T.);
#6514=IFCFACE((#6513));
#6515=IFCPOLYLOOP((#5408,#5452,#5451));
#6516=IFCFACEOUTERBOUND(#6515,.T.);
#6517=IFCFACE((#6516));
#6518=IFCPOLYLOOP((#5454,#5409,#5457));
#6519=IFCFACEOUTERBOUND(#6518,.T.);
#6520=IFCFACE((#6519));
#6521=IFCPOLYLOOP((#5409,#5329,#5453));
#6522=IFCFACEOUTERBOUND(#6521,.T.);
#6523=IFCFACE((#6522));
#6524=IFCPOLYLOOP((#5373,#5454,#5457));
#6525=IFCFACEOUTERBOUND(#6524,.T.);
#6526=IFCFACE((#6525));
#6527=IFCPOLYLOOP((#5410,#5457,#5456));
#6528=IFCFACEOUTERBOUND(#6527,.T.);
#6529=IFCFACE((#6528));
#6530=IFCPOLYLOOP((#5459,#5411,#5462));
#6531=IFCFACEOUTERBOUND(#6530,.T.);
#6532=IFCFACE((#6531));
#6533=IFCPOLYLOOP((#5375,#5459,#5462));
#6534=IFCFACEOUTERBOUND(#6533,.T.);
#6535=IFCFACE((#6534));
#6536=IFCPOLYLOOP((#5374,#5461,#5462));
#6537=IFCFACEOUTERBOUND(#6536,.T.);
#6538=IFCFACE((#6537));
#6539=IFCPOLYLOOP((#5412,#5462,#5461));
#6540=IFCFACEOUTERBOUND(#6539,.T.);
#6541=IFCFACE((#6540));
#6542=IFCPOLYLOOP((#5344,#5466,#5424));
#6543=IFCFACEOUTERBOUND(#6542,.T.);
#6544=IFCFACE((#6543));
#6545=IFCPOLYLOOP((#5413,#5316,#5464));
#6546=IFCFACEOUTERBOUND(#6545,.T.);
#6547=IFCFACE((#6546));
#6548=IFCPOLYLOOP((#5396,#5466,#5343));
#6549=IFCFACEOUTERBOUND(#6548,.T.);
#6550=IFCFACE((#6549));
#6551=IFCPOLYLOOP((#5343,#5466,#5467));
#6552=IFCFACEOUTERBOUND(#6551,.T.);
#6553=IFCFACE((#6552));
#6554=IFCPOLYLOOP((#5414,#5377,#5467));
#6555=IFCFACEOUTERBOUND(#6554,.T.);
#6556=IFCFACE((#6555));
#6557=IFCPOLYLOOP((#5413,#5468,#5376));
#6558=IFCFACEOUTERBOUND(#6557,.T.);
#6559=IFCFACE((#6558));
#6560=IFCPOLYLOOP((#5319,#5471,#5446));
#6561=IFCFACEOUTERBOUND(#6560,.T.);
#6562=IFCFACE((#6561));
#6563=IFCPOLYLOOP((#5415,#5319,#5470));
#6564=IFCFACEOUTERBOUND(#6563,.T.);
#6565=IFCFACE((#6564));
#6566=IFCPOLYLOOP((#5406,#5471,#5320));
#6567=IFCFACEOUTERBOUND(#6566,.T.);
#6568=IFCFACE((#6567));
#6569=IFCPOLYLOOP((#5317,#5473,#5421));
#6570=IFCFACEOUTERBOUND(#6569,.T.);
#6571=IFCFACE((#6570));
#6572=IFCPOLYLOOP((#5393,#5473,#5318));
#6573=IFCFACEOUTERBOUND(#6572,.T.);
#6574=IFCFACE((#6573));
#6575=IFCPOLYLOOP((#5318,#5473,#5474));
#6576=IFCFACEOUTERBOUND(#6575,.T.);
#6577=IFCFACE((#6576));
#6578=IFCPOLYLOOP((#5416,#5379,#5474));
#6579=IFCFACEOUTERBOUND(#6578,.T.);
#6580=IFCFACE((#6579));
#6581=IFCPOLYLOOP((#5415,#5475,#5378));
#6582=IFCFACEOUTERBOUND(#6581,.T.);
#6583=IFCFACE((#6582));
#6584=IFCPOLYLOOP((#5326,#5476,#5477,#5427));
#6585=IFCFACEOUTERBOUND(#6584,.T.);
#6586=IFCFACE((#6585));
#6587=IFCPOLYLOOP((#5399,#5477,#5325));
#6588=IFCFACEOUTERBOUND(#6587,.T.);
#6589=IFCFACE((#6588));
#6590=IFCPOLYLOOP((#5325,#5477,#5478));
#6591=IFCFACEOUTERBOUND(#6590,.T.);
#6592=IFCFACE((#6591));
#6593=IFCPOLYLOOP((#5422,#5395,#5478));
#6594=IFCFACEOUTERBOUND(#6593,.T.);
#6595=IFCFACE((#6594));
#6596=IFCPOLYLOOP((#5425,#5480,#5479));
#6597=IFCFACEOUTERBOUND(#6596,.T.);
#6598=IFCFACE((#6597));
#6599=IFCPOLYLOOP((#5425,#5484,#5397));
#6600=IFCFACEOUTERBOUND(#6599,.T.);
#6601=IFCFACE((#6600));
#6602=IFCPOLYLOOP((#5426,#5484,#5483));
#6603=IFCFACEOUTERBOUND(#6602,.T.);
#6604=IFCFACE((#6603));
#6605=IFCPOLYLOOP((#5486,#5306,#5350,#5338,#5334,#5394,#5335,#5420,#5318,#5474,#5379,#5470,#5319,#5446,#5369,#5444,#5313,#5463,#5376,#5465,#5344,#5424,#5345,#5476,#5326,#5427,#5362,#5429,#5327,#5436,#5365,#5433,#5311,#5481,#5397,#5482,#5346,#5441,#5366,#5438,#5330,#5454,#5373,#5455,#5331,#5451,#5370,#5448,#5312,#5459,#5375,#5460,#5341,#5418,#5342,#5387,#5322,#5361,#5323,#5354,#5336,#5349,#5305,#5485));
#6606=IFCFACEOUTERBOUND(#6605,.T.);
#6607=IFCFACE((#6606));
#6608=IFCPOLYLOOP((#5488,#5248,#5247,#5487));
#6609=IFCFACEOUTERBOUND(#6608,.T.);
#6610=IFCFACE((#6609));
#6611=IFCPOLYLOOP((#5490,#5252,#5251,#5495,#5493,#5489));
#6612=IFCFACEOUTERBOUND(#6611,.T.);
#6613=IFCFACE((#6612));
#6614=IFCPOLYLOOP((#5494,#5498,#5496,#5497));
#6615=IFCFACEOUTERBOUND(#6614,.T.);
#6616=IFCFACE((#6615));
#6617=IFCPOLYLOOP((#5499,#5256,#5497));
#6618=IFCFACEOUTERBOUND(#6617,.T.);
#6619=IFCFACE((#6618));
#6620=IFCPOLYLOOP((#5500,#5492,#5489));
#6621=IFCFACEOUTERBOUND(#6620,.T.);
#6622=IFCFACE((#6621));
#6623=IFCPOLYLOOP((#5500,#5493,#5496));
#6624=IFCFACEOUTERBOUND(#6623,.T.);
#6625=IFCFACE((#6624));
#6626=IFCPOLYLOOP((#5499,#5495,#5251));
#6627=IFCFACEOUTERBOUND(#6626,.T.);
#6628=IFCFACE((#6627));
#6629=IFCPOLYLOOP((#5493,#5495,#5496));
#6630=IFCFACEOUTERBOUND(#6629,.T.);
#6631=IFCFACE((#6630));
#6632=IFCPOLYLOOP((#5500,#5496,#5498));
#6633=IFCFACEOUTERBOUND(#6632,.T.);
#6634=IFCFACE((#6633));
#6635=IFCPOLYLOOP((#5496,#5499,#5497));
#6636=IFCFACEOUTERBOUND(#6635,.T.);
#6637=IFCFACE((#6636));
#6638=IFCPOLYLOOP((#5496,#5495,#5499));
#6639=IFCFACEOUTERBOUND(#6638,.T.);
#6640=IFCFACE((#6639));
#6641=IFCPOLYLOOP((#5256,#5255,#5497));
#6642=IFCFACEOUTERBOUND(#6641,.T.);
#6643=IFCFACE((#6642));
#6644=IFCPOLYLOOP((#5498,#5491,#5492));
#6645=IFCFACEOUTERBOUND(#6644,.T.);
#6646=IFCFACE((#6645));
#6647=IFCPOLYLOOP((#5256,#5499,#5251));
#6648=IFCFACEOUTERBOUND(#6647,.T.);
#6649=IFCFACE((#6648));
#6650=IFCPOLYLOOP((#5493,#5500,#5489));
#6651=IFCFACEOUTERBOUND(#6650,.T.);
#6652=IFCFACE((#6651));
#6653=IFCPOLYLOOP((#5492,#5500,#5498));
#6654=IFCFACEOUTERBOUND(#6653,.T.);
#6655=IFCFACE((#6654));
#6656=IFCPOLYLOOP((#5520,#5516,#5511));
#6657=IFCFACEOUTERBOUND(#6656,.T.);
#6658=IFCFACE((#6657));
#6659=IFCPOLYLOOP((#5527,#5531,#5532));
#6660=IFCFACEOUTERBOUND(#6659,.T.);
#6661=IFCFACE((#6660));
#6662=IFCPOLYLOOP((#5514,#5533,#5521));
#6663=IFCFACEOUTERBOUND(#6662,.T.);
#6664=IFCFACE((#6663));
#6665=IFCPOLYLOOP((#5525,#5506,#5527));
#6666=IFCFACEOUTERBOUND(#6665,.T.);
#6667=IFCFACE((#6666));
#6668=IFCPOLYLOOP((#5514,#5521,#5507));
#6669=IFCFACEOUTERBOUND(#6668,.T.);
#6670=IFCFACE((#6669));
#6671=IFCPOLYLOOP((#5521,#5528,#5524));
#6672=IFCFACEOUTERBOUND(#6671,.T.);
#6673=IFCFACE((#6672));
#6674=IFCPOLYLOOP((#5533,#5518,#5502));
#6675=IFCFACEOUTERBOUND(#6674,.T.);
#6676=IFCFACE((#6675));
#6677=IFCPOLYLOOP((#5506,#5525,#5517));
#6678=IFCFACEOUTERBOUND(#6677,.T.);
#6679=IFCFACE((#6678));
#6680=IFCPOLYLOOP((#5513,#5525,#5508));
#6681=IFCFACEOUTERBOUND(#6680,.T.);
#6682=IFCFACE((#6681));
#6683=IFCPOLYLOOP((#5526,#5531,#5505));
#6684=IFCFACEOUTERBOUND(#6683,.T.);
#6685=IFCFACE((#6684));
#6686=IFCPOLYLOOP((#5507,#5521,#5524));
#6687=IFCFACEOUTERBOUND(#6686,.T.);
#6688=IFCFACE((#6687));
#6689=IFCPOLYLOOP((#5529,#5520,#5511));
#6690=IFCFACEOUTERBOUND(#6689,.T.);
#6691=IFCFACE((#6690));
#6692=IFCPOLYLOOP((#5529,#5513,#5512));
#6693=IFCFACEOUTERBOUND(#6692,.T.);
#6694=IFCFACE((#6693));
#6695=IFCPOLYLOOP((#5529,#5525,#5513));
#6696=IFCFACEOUTERBOUND(#6695,.T.);
#6697=IFCFACE((#6696));
#6698=IFCPOLYLOOP((#5533,#5502,#5503));
#6699=IFCFACEOUTERBOUND(#6698,.T.);
#6700=IFCFACE((#6699));
#6701=IFCPOLYLOOP((#5519,#5308,#5307));
#6702=IFCFACEOUTERBOUND(#6701,.T.);
#6703=IFCFACE((#6702));
#6704=IFCPOLYLOOP((#5519,#5520,#5512));
#6705=IFCFACEOUTERBOUND(#6704,.T.);
#6706=IFCFACE((#6705));
#6707=IFCPOLYLOOP((#5307,#5306,#5516));
#6708=IFCFACEOUTERBOUND(#6707,.T.);
#6709=IFCFACE((#6708));
#6710=IFCPOLYLOOP((#5518,#5501,#5502));
#6711=IFCFACEOUTERBOUND(#6710,.T.);
#6712=IFCFACE((#6711));
#6713=IFCPOLYLOOP((#5533,#5510,#5521));
#6714=IFCFACEOUTERBOUND(#6713,.T.);
#6715=IFCFACE((#6714));
#6716=IFCPOLYLOOP((#5307,#5520,#5519));
#6717=IFCFACEOUTERBOUND(#6716,.T.);
#6718=IFCFACE((#6717));
#6719=IFCPOLYLOOP((#5516,#5520,#5307));
#6720=IFCFACEOUTERBOUND(#6719,.T.);
#6721=IFCFACE((#6720));
#6722=IFCPOLYLOOP((#5528,#5521,#5510));
#6723=IFCFACEOUTERBOUND(#6722,.T.);
#6724=IFCFACE((#6723));
#6725=IFCPOLYLOOP((#5515,#5510,#5533,#5503));
#6726=IFCFACEOUTERBOUND(#6725,.T.);
#6727=IFCFACE((#6726));
#6728=IFCPOLYLOOP((#5524,#5522,#5507));
#6729=IFCFACEOUTERBOUND(#6728,.T.);
#6730=IFCFACE((#6729));
#6731=IFCPOLYLOOP((#5531,#5526,#5523));
#6732=IFCFACEOUTERBOUND(#6731,.T.);
#6733=IFCFACE((#6732));
#6734=IFCPOLYLOOP((#5523,#5526,#5504));
#6735=IFCFACEOUTERBOUND(#6734,.T.);
#6736=IFCFACE((#6735));
#6737=IFCPOLYLOOP((#5522,#5524,#5526));
#6738=IFCFACEOUTERBOUND(#6737,.T.);
#6739=IFCFACE((#6738));
#6740=IFCPOLYLOOP((#5527,#5508,#5525));
#6741=IFCFACEOUTERBOUND(#6740,.T.);
#6742=IFCFACE((#6741));
#6743=IFCPOLYLOOP((#5529,#5511,#5517));
#6744=IFCFACEOUTERBOUND(#6743,.T.);
#6745=IFCFACE((#6744));
#6746=IFCPOLYLOOP((#5504,#5526,#5524));
#6747=IFCFACEOUTERBOUND(#6746,.T.);
#6748=IFCFACE((#6747));
#6749=IFCPOLYLOOP((#5522,#5526,#5505));
#6750=IFCFACEOUTERBOUND(#6749,.T.);
#6751=IFCFACE((#6750));
#6752=IFCPOLYLOOP((#5509,#5532,#5531,#5523));
#6753=IFCFACEOUTERBOUND(#6752,.T.);
#6754=IFCFACE((#6753));
#6755=IFCPOLYLOOP((#5530,#5531,#5527));
#6756=IFCFACEOUTERBOUND(#6755,.T.);
#6757=IFCFACE((#6756));
#6758=IFCPOLYLOOP((#5528,#5504,#5524));
#6759=IFCFACEOUTERBOUND(#6758,.T.);
#6760=IFCFACE((#6759));
#6761=IFCPOLYLOOP((#5512,#5520,#5529));
#6762=IFCFACEOUTERBOUND(#6761,.T.);
#6763=IFCFACE((#6762));
#6764=IFCPOLYLOOP((#5525,#5529,#5517));
#6765=IFCFACEOUTERBOUND(#6764,.T.);
#6766=IFCFACE((#6765));
#6767=IFCPOLYLOOP((#5505,#5531,#5530));
#6768=IFCFACEOUTERBOUND(#6767,.T.);
#6769=IFCFACE((#6768));
#6770=IFCPOLYLOOP((#5527,#5506,#5530));
#6771=IFCFACEOUTERBOUND(#6770,.T.);
#6772=IFCFACE((#6771));
#6773=IFCPOLYLOOP((#5532,#5508,#5527));
#6774=IFCFACEOUTERBOUND(#6773,.T.);
#6775=IFCFACE((#6774));
#6776=IFCPOLYLOOP((#5514,#5518,#5533));
#6777=IFCFACEOUTERBOUND(#6776,.T.);
#6778=IFCFACE((#6777));
#6779=IFCPOLYLOOP((#5486,#5534,#5501,#5518,#5514,#5507,#5522,#5505,#5530,#5506,#5517,#5511,#5516,#5306));
#6780=IFCFACEOUTERBOUND(#6779,.T.);
#6781=IFCFACE((#6780));
#6782=IFCPOLYLOOP((#5536,#5488,#5487,#5535));
#6783=IFCFACEOUTERBOUND(#6782,.T.);
#6784=IFCFACE((#6783));
#6785=IFCPOLYLOOP((#5538,#5490,#5489,#5561,#5551,#5552,#5545,#5576,#5554,#5581,#5544,#5567,#5558,#5559,#5546,#5572,#5548,#5549,#5537));
#6786=IFCFACEOUTERBOUND(#6785,.T.);
#6787=IFCFACE((#6786));
#6788=IFCPOLYLOOP((#5547,#5560,#5569));
#6789=IFCFACEOUTERBOUND(#6788,.T.);
#6790=IFCFACE((#6789));
#6791=IFCPOLYLOOP((#5574,#5578,#5562));
#6792=IFCFACEOUTERBOUND(#6791,.T.);
#6793=IFCFACE((#6792));
#6794=IFCPOLYLOOP((#5586,#5585,#5561));
#6795=IFCFACEOUTERBOUND(#6794,.T.);
#6796=IFCFACE((#6795));
#6797=IFCPOLYLOOP((#5569,#5571,#5547));
#6798=IFCFACEOUTERBOUND(#6797,.T.);
#6799=IFCFACE((#6798));
#6800=IFCPOLYLOOP((#5551,#5561,#5585));
#6801=IFCFACEOUTERBOUND(#6800,.T.);
#6802=IFCFACE((#6801));
#6803=IFCPOLYLOOP((#5565,#5564,#5563));
#6804=IFCFACEOUTERBOUND(#6803,.T.);
#6805=IFCFACE((#6804));
#6806=IFCPOLYLOOP((#5574,#5545,#5552));
#6807=IFCFACEOUTERBOUND(#6806,.T.);
#6808=IFCFACE((#6807));
#6809=IFCPOLYLOOP((#5577,#5556,#5555));
#6810=IFCFACEOUTERBOUND(#6809,.T.);
#6811=IFCFACE((#6810));
#6812=IFCPOLYLOOP((#5587,#5568,#5566));
#6813=IFCFACEOUTERBOUND(#6812,.T.);
#6814=IFCFACE((#6813));
#6815=IFCPOLYLOOP((#5579,#5582,#5581));
#6816=IFCFACEOUTERBOUND(#6815,.T.);
#6817=IFCFACE((#6816));
#6818=IFCPOLYLOOP((#5570,#5571,#5584));
#6819=IFCFACEOUTERBOUND(#6818,.T.);
#6820=IFCFACE((#6819));
#6821=IFCPOLYLOOP((#5540,#5537,#5573));
#6822=IFCFACEOUTERBOUND(#6821,.T.);
#6823=IFCFACE((#6822));
#6824=IFCPOLYLOOP((#5573,#5569,#5560));
#6825=IFCFACEOUTERBOUND(#6824,.T.);
#6826=IFCFACE((#6825));
#6827=IFCPOLYLOOP((#5553,#5585,#5586));
#6828=IFCFACEOUTERBOUND(#6827,.T.);
#6829=IFCFACE((#6828));
#6830=IFCPOLYLOOP((#5579,#5577,#5555));
#6831=IFCFACEOUTERBOUND(#6830,.T.);
#6832=IFCFACE((#6831));
#6833=IFCPOLYLOOP((#5574,#5552,#5578));
#6834=IFCFACEOUTERBOUND(#6833,.T.);
#6835=IFCFACE((#6834));
#6836=IFCPOLYLOOP((#5586,#5561,#5489));
#6837=IFCFACEOUTERBOUND(#6836,.T.);
#6838=IFCFACE((#6837));
#6839=IFCPOLYLOOP((#5586,#5492,#5491));
#6840=IFCFACEOUTERBOUND(#6839,.T.);
#6841=IFCFACE((#6840));
#6842=IFCPOLYLOOP((#5574,#5542,#5575));
#6843=IFCFACEOUTERBOUND(#6842,.T.);
#6844=IFCFACE((#6843));
#6845=IFCPOLYLOOP((#5576,#5575,#5577));
#6846=IFCFACEOUTERBOUND(#6845,.T.);
#6847=IFCFACE((#6846));
#6848=IFCPOLYLOOP((#5565,#5563,#5543));
#6849=IFCFACEOUTERBOUND(#6848,.T.);
#6850=IFCFACE((#6849));
#6851=IFCPOLYLOOP((#5566,#5564,#5558));
#6852=IFCFACEOUTERBOUND(#6851,.T.);
#6853=IFCFACE((#6852));
#6854=IFCPOLYLOOP((#5564,#5559,#5558));
#6855=IFCFACEOUTERBOUND(#6854,.T.);
#6856=IFCFACE((#6855));
#6857=IFCPOLYLOOP((#5573,#5560,#5539));
#6858=IFCFACEOUTERBOUND(#6857,.T.);
#6859=IFCFACE((#6858));
#6860=IFCPOLYLOOP((#5549,#5548,#5569));
#6861=IFCFACEOUTERBOUND(#6860,.T.);
#6862=IFCFACE((#6861));
#6863=IFCPOLYLOOP((#5566,#5557,#5564));
#6864=IFCFACEOUTERBOUND(#6863,.T.);
#6865=IFCFACE((#6864));
#6866=IFCPOLYLOOP((#5585,#5550,#5578));
#6867=IFCFACEOUTERBOUND(#6866,.T.);
#6868=IFCFACE((#6867));
#6869=IFCPOLYLOOP((#5563,#5564,#5557));
#6870=IFCFACEOUTERBOUND(#6869,.T.);
#6871=IFCFACE((#6870));
#6872=IFCPOLYLOOP((#5559,#5564,#5565));
#6873=IFCFACEOUTERBOUND(#6872,.T.);
#6874=IFCFACE((#6873));
#6875=IFCPOLYLOOP((#5565,#5546,#5559));
#6876=IFCFACEOUTERBOUND(#6875,.T.);
#6877=IFCFACE((#6876));
#6878=IFCPOLYLOOP((#5584,#5546,#5565));
#6879=IFCFACEOUTERBOUND(#6878,.T.);
#6880=IFCFACE((#6879));
#6881=IFCPOLYLOOP((#5583,#5541,#5568));
#6882=IFCFACEOUTERBOUND(#6881,.T.);
#6883=IFCFACE((#6882));
#6884=IFCPOLYLOOP((#5568,#5557,#5566));
#6885=IFCFACEOUTERBOUND(#6884,.T.);
#6886=IFCFACE((#6885));
#6887=IFCPOLYLOOP((#5583,#5582,#5541));
#6888=IFCFACEOUTERBOUND(#6887,.T.);
#6889=IFCFACE((#6888));
#6890=IFCPOLYLOOP((#5566,#5558,#5567));
#6891=IFCFACEOUTERBOUND(#6890,.T.);
#6892=IFCFACE((#6891));
#6893=IFCPOLYLOOP((#5573,#5549,#5569));
#6894=IFCFACEOUTERBOUND(#6893,.T.);
#6895=IFCFACE((#6894));
#6896=IFCPOLYLOOP((#5549,#5573,#5537));
#6897=IFCFACEOUTERBOUND(#6896,.T.);
#6898=IFCFACE((#6897));
#6899=IFCPOLYLOOP((#5548,#5571,#5569));
#6900=IFCFACEOUTERBOUND(#6899,.T.);
#6901=IFCFACE((#6900));
#6902=IFCPOLYLOOP((#5571,#5570,#5547));
#6903=IFCFACEOUTERBOUND(#6902,.T.);
#6904=IFCFACE((#6903));
#6905=IFCPOLYLOOP((#5584,#5572,#5546));
#6906=IFCFACEOUTERBOUND(#6905,.T.);
#6907=IFCFACE((#6906));
#6908=IFCPOLYLOOP((#5570,#5584,#5543));
#6909=IFCFACEOUTERBOUND(#6908,.T.);
#6910=IFCFACE((#6909));
#6911=IFCPOLYLOOP((#5571,#5548,#5572));
#6912=IFCFACEOUTERBOUND(#6911,.T.);
#6913=IFCFACE((#6912));
#6914=IFCPOLYLOOP((#5540,#5573,#5539));
#6915=IFCFACEOUTERBOUND(#6914,.T.);
#6916=IFCFACE((#6915));
#6917=IFCPOLYLOOP((#5545,#5574,#5575));
#6918=IFCFACEOUTERBOUND(#6917,.T.);
#6919=IFCFACE((#6918));
#6920=IFCPOLYLOOP((#5542,#5574,#5562));
#6921=IFCFACEOUTERBOUND(#6920,.T.);
#6922=IFCFACE((#6921));
#6923=IFCPOLYLOOP((#5579,#5554,#5577));
#6924=IFCFACEOUTERBOUND(#6923,.T.);
#6925=IFCFACE((#6924));
#6926=IFCPOLYLOOP((#5575,#5542,#5556));
#6927=IFCFACEOUTERBOUND(#6926,.T.);
#6928=IFCFACE((#6927));
#6929=IFCPOLYLOOP((#5576,#5545,#5575));
#6930=IFCFACEOUTERBOUND(#6929,.T.);
#6931=IFCFACE((#6930));
#6932=IFCPOLYLOOP((#5554,#5576,#5577));
#6933=IFCFACEOUTERBOUND(#6932,.T.);
#6934=IFCFACE((#6933));
#6935=IFCPOLYLOOP((#5556,#5577,#5575));
#6936=IFCFACEOUTERBOUND(#6935,.T.);
#6937=IFCFACE((#6936));
#6938=IFCPOLYLOOP((#5562,#5578,#5550));
#6939=IFCFACEOUTERBOUND(#6938,.T.);
#6940=IFCFACE((#6939));
#6941=IFCPOLYLOOP((#5578,#5552,#5551));
#6942=IFCFACEOUTERBOUND(#6941,.T.);
#6943=IFCFACE((#6942));
#6944=IFCPOLYLOOP((#5544,#5581,#5582));
#6945=IFCFACEOUTERBOUND(#6944,.T.);
#6946=IFCFACE((#6945));
#6947=IFCPOLYLOOP((#5581,#5554,#5579));
#6948=IFCFACEOUTERBOUND(#6947,.T.);
#6949=IFCFACE((#6948));
#6950=IFCPOLYLOOP((#5580,#5541,#5582));
#6951=IFCFACEOUTERBOUND(#6950,.T.);
#6952=IFCFACE((#6951));
#6953=IFCPOLYLOOP((#5579,#5555,#5580));
#6954=IFCFACEOUTERBOUND(#6953,.T.);
#6955=IFCFACE((#6954));
#6956=IFCPOLYLOOP((#5583,#5544,#5582));
#6957=IFCFACEOUTERBOUND(#6956,.T.);
#6958=IFCFACE((#6957));
#6959=IFCPOLYLOOP((#5580,#5582,#5579));
#6960=IFCFACEOUTERBOUND(#6959,.T.);
#6961=IFCFACE((#6960));
#6962=IFCPOLYLOOP((#5583,#5567,#5544));
#6963=IFCFACEOUTERBOUND(#6962,.T.);
#6964=IFCFACE((#6963));
#6965=IFCPOLYLOOP((#5587,#5567,#5583));
#6966=IFCFACEOUTERBOUND(#6965,.T.);
#6967=IFCFACE((#6966));
#6968=IFCPOLYLOOP((#5571,#5572,#5584));
#6969=IFCFACEOUTERBOUND(#6968,.T.);
#6970=IFCFACE((#6969));
#6971=IFCPOLYLOOP((#5543,#5584,#5565));
#6972=IFCFACEOUTERBOUND(#6971,.T.);
#6973=IFCFACE((#6972));
#6974=IFCPOLYLOOP((#5551,#5585,#5578));
#6975=IFCFACEOUTERBOUND(#6974,.T.);
#6976=IFCFACE((#6975));
#6977=IFCPOLYLOOP((#5550,#5585,#5553));
#6978=IFCFACEOUTERBOUND(#6977,.T.);
#6979=IFCFACE((#6978));
#6980=IFCPOLYLOOP((#5553,#5586,#5491));
#6981=IFCFACEOUTERBOUND(#6980,.T.);
#6982=IFCFACE((#6981));
#6983=IFCPOLYLOOP((#5492,#5586,#5489));
#6984=IFCFACEOUTERBOUND(#6983,.T.);
#6985=IFCFACE((#6984));
#6986=IFCPOLYLOOP((#5568,#5587,#5583));
#6987=IFCFACEOUTERBOUND(#6986,.T.);
#6988=IFCFACE((#6987));
#6989=IFCPOLYLOOP((#5587,#5566,#5567));
#6990=IFCFACEOUTERBOUND(#6989,.T.);
#6991=IFCFACE((#6990));
#6992=IFCPOLYLOOP((#5638,#5637,#5619));
#6993=IFCFACEOUTERBOUND(#6992,.T.);
#6994=IFCFACE((#6993));
#6995=IFCPOLYLOOP((#5716,#5607,#5682));
#6996=IFCFACEOUTERBOUND(#6995,.T.);
#6997=IFCFACE((#6996));
#6998=IFCPOLYLOOP((#5686,#5726,#5751));
#6999=IFCFACEOUTERBOUND(#6998,.T.);
#7000=IFCFACE((#6999));
#7001=IFCPOLYLOOP((#5756,#5625,#5702));
#7002=IFCFACEOUTERBOUND(#7001,.T.);
#7003=IFCFACE((#7002));
#7004=IFCPOLYLOOP((#5668,#5660,#5639));
#7005=IFCFACEOUTERBOUND(#7004,.T.);
#7006=IFCFACE((#7005));
#7007=IFCPOLYLOOP((#5640,#5604,#5635));
#7008=IFCFACEOUTERBOUND(#7007,.T.);
#7009=IFCFACE((#7008));
#7010=IFCPOLYLOOP((#5730,#5651,#5688,#5612));
#7011=IFCFACEOUTERBOUND(#7010,.T.);
#7012=IFCFACE((#7011));
#7013=IFCPOLYLOOP((#5671,#5672,#5669));
#7014=IFCFACEOUTERBOUND(#7013,.T.);
#7015=IFCFACE((#7014));
#7016=IFCPOLYLOOP((#5633,#5617,#5631,#5632));
#7017=IFCFACEOUTERBOUND(#7016,.T.);
#7018=IFCFACE((#7017));
#7019=IFCPOLYLOOP((#5628,#5763,#5764,#5759));
#7020=IFCFACEOUTERBOUND(#7019,.T.);
#7021=IFCFACE((#7020));
#7022=IFCPOLYLOOP((#5696,#5754,#5753));
#7023=IFCFACEOUTERBOUND(#7022,.T.);
#7024=IFCFACE((#7023));
#7025=IFCPOLYLOOP((#5670,#5672,#5671));
#7026=IFCFACEOUTERBOUND(#7025,.T.);
#7027=IFCFACE((#7026));
#7028=IFCPOLYLOOP((#5695,#5750,#5755));
#7029=IFCFACEOUTERBOUND(#7028,.T.);
#7030=IFCFACE((#7029));
#7031=IFCPOLYLOOP((#5685,#5724,#5727));
#7032=IFCFACEOUTERBOUND(#7031,.T.);
#7033=IFCFACE((#7032));
#7034=IFCPOLYLOOP((#5660,#5602,#5662));
#7035=IFCFACEOUTERBOUND(#7034,.T.);
#7036=IFCFACE((#7035));
#7037=IFCPOLYLOOP((#5655,#5742,#5692));
#7038=IFCFACEOUTERBOUND(#7037,.T.);
#7039=IFCFACE((#7038));
#7040=IFCPOLYLOOP((#5633,#5635,#5604));
#7041=IFCFACEOUTERBOUND(#7040,.T.);
#7042=IFCFACE((#7041));
#7043=IFCPOLYLOOP((#5589,#5590,#5636));
#7044=IFCFACEOUTERBOUND(#7043,.T.);
#7045=IFCFACE((#7044));
#7046=IFCPOLYLOOP((#5631,#5503,#5502));
#7047=IFCFACEOUTERBOUND(#7046,.T.);
#7048=IFCFACE((#7047));
#7049=IFCPOLYLOOP((#5679,#5708,#5711));
#7050=IFCFACEOUTERBOUND(#7049,.T.);
#7051=IFCFACE((#7050));
#7052=IFCPOLYLOOP((#5694,#5747,#5746));
#7053=IFCFACEOUTERBOUND(#7052,.T.);
#7054=IFCFACE((#7053));
#7055=IFCPOLYLOOP((#5680,#5710,#5715));
#7056=IFCFACEOUTERBOUND(#7055,.T.);
#7057=IFCFACE((#7056));
#7058=IFCPOLYLOOP((#5681,#5713,#5717));
#7059=IFCFACEOUTERBOUND(#7058,.T.);
#7060=IFCFACE((#7059));
#7061=IFCPOLYLOOP((#5705,#5759,#5764));
#7062=IFCFACEOUTERBOUND(#7061,.T.);
#7063=IFCFACE((#7062));
#7064=IFCPOLYLOOP((#5653,#5737,#5690));
#7065=IFCFACEOUTERBOUND(#7064,.T.);
#7066=IFCFACE((#7065));
#7067=IFCPOLYLOOP((#5735,#5653,#5690,#5611));
#7068=IFCFACEOUTERBOUND(#7067,.T.);
#7069=IFCFACE((#7068));
#7070=IFCPOLYLOOP((#5651,#5732,#5688));
#7071=IFCFACEOUTERBOUND(#7070,.T.);
#7072=IFCFACE((#7071));
#7073=IFCPOLYLOOP((#5502,#5629,#5632));
#7074=IFCFACEOUTERBOUND(#7073,.T.);
#7075=IFCFACE((#7074));
#7076=IFCPOLYLOOP((#5619,#5637,#5636));
#7077=IFCFACEOUTERBOUND(#7076,.T.);
#7078=IFCFACE((#7077));
#7079=IFCPOLYLOOP((#5613,#5669,#5638));
#7080=IFCFACEOUTERBOUND(#7079,.T.);
#7081=IFCFACE((#7080));
#7082=IFCPOLYLOOP((#5635,#5632,#5616));
#7083=IFCFACEOUTERBOUND(#7082,.T.);
#7084=IFCFACE((#7083));
#7085=IFCPOLYLOOP((#5638,#5669,#5614));
#7086=IFCFACEOUTERBOUND(#7085,.T.);
#7087=IFCFACE((#7086));
#7088=IFCPOLYLOOP((#5636,#5637,#5589));
#7089=IFCFACEOUTERBOUND(#7088,.T.);
#7090=IFCFACE((#7089));
#7091=IFCPOLYLOOP((#5622,#5666,#5665));
#7092=IFCFACEOUTERBOUND(#7091,.T.);
#7093=IFCFACE((#7092));
#7094=IFCPOLYLOOP((#5740,#5655,#5692,#5621));
#7095=IFCFACEOUTERBOUND(#7094,.T.);
#7096=IFCFACE((#7095));
#7097=IFCPOLYLOOP((#5663,#5664,#5665));
#7098=IFCFACEOUTERBOUND(#7097,.T.);
#7099=IFCFACE((#7098));
#7100=IFCPOLYLOOP((#5702,#5758,#5757));
#7101=IFCFACEOUTERBOUND(#7100,.T.);
#7102=IFCFACE((#7101));
#7103=IFCPOLYLOOP((#5693,#5744,#5748));
#7104=IFCFACEOUTERBOUND(#7103,.T.);
#7105=IFCFACE((#7104));
#7106=IFCPOLYLOOP((#5676,#5704,#5746));
#7107=IFCFACEOUTERBOUND(#7106,.T.);
#7108=IFCFACE((#7107));
#7109=IFCPOLYLOOP((#5647,#5722,#5684));
#7110=IFCFACEOUTERBOUND(#7109,.T.);
#7111=IFCFACE((#7110));
#7112=IFCPOLYLOOP((#5720,#5647,#5684,#5627));
#7113=IFCFACEOUTERBOUND(#7112,.T.);
#7114=IFCFACE((#7113));
#7115=IFCPOLYLOOP((#5760,#5712,#5594,#5759));
#7116=IFCFACEOUTERBOUND(#7115,.T.);
#7117=IFCFACE((#7116));
#7118=IFCPOLYLOOP((#5502,#5501,#5629));
#7119=IFCFACEOUTERBOUND(#7118,.T.);
#7120=IFCFACE((#7119));
#7121=IFCPOLYLOOP((#5630,#5588,#5589));
#7122=IFCFACEOUTERBOUND(#7121,.T.);
#7123=IFCFACE((#7122));
#7124=IFCPOLYLOOP((#5502,#5632,#5631));
#7125=IFCFACEOUTERBOUND(#7124,.T.);
#7126=IFCFACE((#7125));
#7127=IFCPOLYLOOP((#5632,#5629,#5616));
#7128=IFCFACEOUTERBOUND(#7127,.T.);
#7129=IFCFACE((#7128));
#7130=IFCPOLYLOOP((#5634,#5603,#5635,#5616));
#7131=IFCFACEOUTERBOUND(#7130,.T.);
#7132=IFCFACE((#7131));
#7133=IFCPOLYLOOP((#5633,#5632,#5635));
#7134=IFCFACEOUTERBOUND(#7133,.T.);
#7135=IFCFACE((#7134));
#7136=IFCPOLYLOOP((#5679,#5707,#5757));
#7137=IFCFACEOUTERBOUND(#7136,.T.);
#7138=IFCFACE((#7137));
#7139=IFCPOLYLOOP((#5630,#5589,#5637));
#7140=IFCFACEOUTERBOUND(#7139,.T.);
#7141=IFCFACE((#7140));
#7142=IFCPOLYLOOP((#5637,#5618,#5630));
#7143=IFCFACEOUTERBOUND(#7142,.T.);
#7144=IFCFACE((#7143));
#7145=IFCPOLYLOOP((#5618,#5637,#5638));
#7146=IFCFACEOUTERBOUND(#7145,.T.);
#7147=IFCFACE((#7146));
#7148=IFCPOLYLOOP((#5618,#5638,#5614));
#7149=IFCFACEOUTERBOUND(#7148,.T.);
#7150=IFCFACE((#7149));
#7151=IFCPOLYLOOP((#5678,#5613,#5638,#5619));
#7152=IFCFACEOUTERBOUND(#7151,.T.);
#7153=IFCFACE((#7152));
#7154=IFCPOLYLOOP((#5603,#5640,#5635));
#7155=IFCFACEOUTERBOUND(#7154,.T.);
#7156=IFCFACE((#7155));
#7157=IFCPOLYLOOP((#5661,#5604,#5640));
#7158=IFCFACEOUTERBOUND(#7157,.T.);
#7159=IFCFACE((#7158));
#7160=IFCPOLYLOOP((#5662,#5601,#5660));
#7161=IFCFACEOUTERBOUND(#7160,.T.);
#7162=IFCFACE((#7161));
#7163=IFCPOLYLOOP((#5641,#5602,#5660));
#7164=IFCFACEOUTERBOUND(#7163,.T.);
#7165=IFCFACE((#7164));
#7166=IFCPOLYLOOP((#5603,#5668,#5640));
#7167=IFCFACEOUTERBOUND(#7166,.T.);
#7168=IFCFACE((#7167));
#7169=IFCPOLYLOOP((#5709,#5642,#5680,#5607));
#7170=IFCFACEOUTERBOUND(#7169,.T.);
#7171=IFCFACE((#7170));
#7172=IFCPOLYLOOP((#5681,#5712,#5760));
#7173=IFCFACEOUTERBOUND(#7172,.T.);
#7174=IFCFACE((#7173));
#7175=IFCPOLYLOOP((#5714,#5644,#5682));
#7176=IFCFACEOUTERBOUND(#7175,.T.);
#7177=IFCFACE((#7176));
#7178=IFCPOLYLOOP((#5646,#5721,#5722,#5718));
#7179=IFCFACEOUTERBOUND(#7178,.T.);
#7180=IFCFACE((#7179));
#7181=IFCPOLYLOOP((#5683,#5718,#5722));
#7182=IFCFACEOUTERBOUND(#7181,.T.);
#7183=IFCFACE((#7182));
#7184=IFCPOLYLOOP((#5723,#5596,#5685,#5648));
#7185=IFCFACEOUTERBOUND(#7184,.T.);
#7186=IFCFACE((#7185));
#7187=IFCPOLYLOOP((#5725,#5648,#5686,#5600));
#7188=IFCFACEOUTERBOUND(#7187,.T.);
#7189=IFCFACE((#7188));
#7190=IFCPOLYLOOP((#5732,#5687,#5650));
#7191=IFCFACEOUTERBOUND(#7190,.T.);
#7192=IFCFACE((#7191));
#7193=IFCPOLYLOOP((#5728,#5650,#5687,#5592));
#7194=IFCFACEOUTERBOUND(#7193,.T.);
#7195=IFCFACE((#7194));
#7196=IFCPOLYLOOP((#5652,#5736,#5737,#5733));
#7197=IFCFACEOUTERBOUND(#7196,.T.);
#7198=IFCFACE((#7197));
#7199=IFCPOLYLOOP((#5689,#5733,#5737));
#7200=IFCFACEOUTERBOUND(#7199,.T.);
#7201=IFCFACE((#7200));
#7202=IFCPOLYLOOP((#5742,#5691,#5654));
#7203=IFCFACEOUTERBOUND(#7202,.T.);
#7204=IFCFACE((#7203));
#7205=IFCPOLYLOOP((#5738,#5654,#5691,#5595));
#7206=IFCFACEOUTERBOUND(#7205,.T.);
#7207=IFCFACE((#7206));
#7208=IFCPOLYLOOP((#5743,#5593,#5693,#5656));
#7209=IFCFACEOUTERBOUND(#7208,.T.);
#7210=IFCFACE((#7209));
#7211=IFCPOLYLOOP((#5745,#5656,#5694,#5624));
#7212=IFCFACEOUTERBOUND(#7211,.T.);
#7213=IFCFACE((#7212));
#7214=IFCPOLYLOOP((#5749,#5600,#5695,#5658));
#7215=IFCFACEOUTERBOUND(#7214,.T.);
#7216=IFCFACE((#7215));
#7217=IFCPOLYLOOP((#5752,#5658,#5696,#5597));
#7218=IFCFACEOUTERBOUND(#7217,.T.);
#7219=IFCFACE((#7218));
#7220=IFCPOLYLOOP((#5641,#5660,#5668));
#7221=IFCFACEOUTERBOUND(#7220,.T.);
#7222=IFCFACE((#7221));
#7223=IFCPOLYLOOP((#5697,#5639,#5660,#5601));
#7224=IFCFACEOUTERBOUND(#7223,.T.);
#7225=IFCFACE((#7224));
#7226=IFCPOLYLOOP((#5698,#5621,#5666,#5622));
#7227=IFCFACEOUTERBOUND(#7226,.T.);
#7228=IFCFACE((#7227));
#7229=IFCPOLYLOOP((#5639,#5661,#5668));
#7230=IFCFACEOUTERBOUND(#7229,.T.);
#7231=IFCFACE((#7230));
#7232=IFCPOLYLOOP((#5662,#5667,#5665));
#7233=IFCFACEOUTERBOUND(#7232,.T.);
#7234=IFCFACE((#7233));
#7235=IFCPOLYLOOP((#5665,#5664,#5662));
#7236=IFCFACEOUTERBOUND(#7235,.T.);
#7237=IFCFACE((#7236));
#7238=IFCPOLYLOOP((#5664,#5601,#5662));
#7239=IFCFACEOUTERBOUND(#7238,.T.);
#7240=IFCFACE((#7239));
#7241=IFCPOLYLOOP((#5666,#5663,#5665));
#7242=IFCFACEOUTERBOUND(#7241,.T.);
#7243=IFCFACE((#7242));
#7244=IFCPOLYLOOP((#5641,#5668,#5603));
#7245=IFCFACEOUTERBOUND(#7244,.T.);
#7246=IFCFACE((#7245));
#7247=IFCPOLYLOOP((#5699,#5663,#5666,#5620));
#7248=IFCFACEOUTERBOUND(#7247,.T.);
#7249=IFCFACE((#7248));
#7250=IFCPOLYLOOP((#5620,#5666,#5692));
#7251=IFCFACEOUTERBOUND(#7250,.T.);
#7252=IFCFACE((#7251));
#7253=IFCPOLYLOOP((#5622,#5665,#5667));
#7254=IFCFACEOUTERBOUND(#7253,.T.);
#7255=IFCFACE((#7254));
#7256=IFCPOLYLOOP((#5662,#5602,#5667));
#7257=IFCFACEOUTERBOUND(#7256,.T.);
#7258=IFCFACE((#7257));
#7259=IFCPOLYLOOP((#5640,#5668,#5661));
#7260=IFCFACEOUTERBOUND(#7259,.T.);
#7261=IFCFACE((#7260));
#7262=IFCPOLYLOOP((#5615,#5674,#5672));
#7263=IFCFACEOUTERBOUND(#7262,.T.);
#7264=IFCFACE((#7263));
#7265=IFCPOLYLOOP((#5672,#5673,#5615));
#7266=IFCFACEOUTERBOUND(#7265,.T.);
#7267=IFCFACE((#7266));
#7268=IFCPOLYLOOP((#5670,#5673,#5672));
#7269=IFCFACEOUTERBOUND(#7268,.T.);
#7270=IFCFACE((#7269));
#7271=IFCPOLYLOOP((#5669,#5672,#5674));
#7272=IFCFACEOUTERBOUND(#7271,.T.);
#7273=IFCFACE((#7272));
#7274=IFCPOLYLOOP((#5669,#5613,#5671));
#7275=IFCFACEOUTERBOUND(#7274,.T.);
#7276=IFCFACE((#7275));
#7277=IFCPOLYLOOP((#5700,#5615,#5673,#5598));
#7278=IFCFACEOUTERBOUND(#7277,.T.);
#7279=IFCFACE((#7278));
#7280=IFCPOLYLOOP((#5659,#5755,#5750));
#7281=IFCFACEOUTERBOUND(#7280,.T.);
#7282=IFCFACE((#7281));
#7283=IFCPOLYLOOP((#5673,#5701,#5753));
#7284=IFCFACEOUTERBOUND(#7283,.T.);
#7285=IFCFACE((#7284));
#7286=IFCPOLYLOOP((#5674,#5614,#5669));
#7287=IFCFACEOUTERBOUND(#7286,.T.);
#7288=IFCFACE((#7287));
#7289=IFCPOLYLOOP((#5657,#5748,#5744));
#7290=IFCFACEOUTERBOUND(#7289,.T.);
#7291=IFCFACE((#7290));
#7292=IFCPOLYLOOP((#5703,#5675,#5676,#5623));
#7293=IFCFACEOUTERBOUND(#7292,.T.);
#7294=IFCFACE((#7293));
#7295=IFCPOLYLOOP((#5625,#5676,#5702));
#7296=IFCFACEOUTERBOUND(#7295,.T.);
#7297=IFCFACE((#7296));
#7298=IFCPOLYLOOP((#5711,#5680,#5642));
#7299=IFCFACEOUTERBOUND(#7298,.T.);
#7300=IFCFACE((#7299));
#7301=IFCPOLYLOOP((#5762,#5677,#5706,#5626));
#7302=IFCFACEOUTERBOUND(#7301,.T.);
#7303=IFCFACE((#7302));
#7304=IFCPOLYLOOP((#5681,#5760,#5591));
#7305=IFCFACEOUTERBOUND(#7304,.T.);
#7306=IFCFACE((#7305));
#7307=IFCPOLYLOOP((#5645,#5716,#5717,#5713));
#7308=IFCFACEOUTERBOUND(#7307,.T.);
#7309=IFCFACE((#7308));
#7310=IFCPOLYLOOP((#5711,#5710,#5680));
#7311=IFCFACEOUTERBOUND(#7310,.T.);
#7312=IFCFACE((#7311));
#7313=IFCPOLYLOOP((#5717,#5682,#5644));
#7314=IFCFACEOUTERBOUND(#7313,.T.);
#7315=IFCFACE((#7314));
#7316=IFCPOLYLOOP((#5705,#5591,#5760));
#7317=IFCFACEOUTERBOUND(#7316,.T.);
#7318=IFCFACE((#7317));
#7319=IFCPOLYLOOP((#5682,#5715,#5714));
#7320=IFCFACEOUTERBOUND(#7319,.T.);
#7321=IFCFACE((#7320));
#7322=IFCPOLYLOOP((#5717,#5716,#5682));
#7323=IFCFACEOUTERBOUND(#7322,.T.);
#7324=IFCFACE((#7323));
#7325=IFCPOLYLOOP((#5610,#5683,#5689));
#7326=IFCFACEOUTERBOUND(#7325,.T.);
#7327=IFCFACE((#7326));
#7328=IFCPOLYLOOP((#5719,#5609,#5683,#5647));
#7329=IFCFACEOUTERBOUND(#7328,.T.);
#7330=IFCFACE((#7329));
#7331=IFCPOLYLOOP((#5627,#5684,#5706));
#7332=IFCFACEOUTERBOUND(#7331,.T.);
#7333=IFCFACE((#7332));
#7334=IFCPOLYLOOP((#5721,#5626,#5684));
#7335=IFCFACEOUTERBOUND(#7334,.T.);
#7336=IFCFACE((#7335));
#7337=IFCPOLYLOOP((#5727,#5686,#5648));
#7338=IFCFACEOUTERBOUND(#7337,.T.);
#7339=IFCFACE((#7338));
#7340=IFCPOLYLOOP((#5593,#5685,#5693));
#7341=IFCFACEOUTERBOUND(#7340,.T.);
#7342=IFCFACE((#7341));
#7343=IFCPOLYLOOP((#5751,#5695,#5600));
#7344=IFCFACEOUTERBOUND(#7343,.T.);
#7345=IFCFACE((#7344));
#7346=IFCPOLYLOOP((#5649,#5686,#5727));
#7347=IFCFACEOUTERBOUND(#7346,.T.);
#7348=IFCFACE((#7347));
#7349=IFCPOLYLOOP((#5592,#5687,#5691));
#7350=IFCFACEOUTERBOUND(#7349,.T.);
#7351=IFCFACE((#7350));
#7352=IFCPOLYLOOP((#5729,#5595,#5687));
#7353=IFCFACEOUTERBOUND(#7352,.T.);
#7354=IFCFACE((#7353));
#7355=IFCPOLYLOOP((#5612,#5688,#5690));
#7356=IFCFACEOUTERBOUND(#7355,.T.);
#7357=IFCFACE((#7356));
#7358=IFCPOLYLOOP((#5731,#5611,#5688));
#7359=IFCFACEOUTERBOUND(#7358,.T.);
#7360=IFCFACE((#7359));
#7361=IFCPOLYLOOP((#5609,#5689,#5683));
#7362=IFCFACEOUTERBOUND(#7361,.T.);
#7363=IFCFACE((#7362));
#7364=IFCPOLYLOOP((#5734,#5610,#5689));
#7365=IFCFACEOUTERBOUND(#7364,.T.);
#7366=IFCFACE((#7365));
#7367=IFCPOLYLOOP((#5611,#5690,#5688));
#7368=IFCFACEOUTERBOUND(#7367,.T.);
#7369=IFCFACE((#7368));
#7370=IFCPOLYLOOP((#5736,#5612,#5690));
#7371=IFCFACEOUTERBOUND(#7370,.T.);
#7372=IFCFACE((#7371));
#7373=IFCPOLYLOOP((#5595,#5691,#5687));
#7374=IFCFACEOUTERBOUND(#7373,.T.);
#7375=IFCFACE((#7374));
#7376=IFCPOLYLOOP((#5739,#5592,#5691));
#7377=IFCFACEOUTERBOUND(#7376,.T.);
#7378=IFCFACE((#7377));
#7379=IFCPOLYLOOP((#5621,#5692,#5666));
#7380=IFCFACEOUTERBOUND(#7379,.T.);
#7381=IFCFACE((#7380));
#7382=IFCPOLYLOOP((#5741,#5620,#5692));
#7383=IFCFACEOUTERBOUND(#7382,.T.);
#7384=IFCFACE((#7383));
#7385=IFCPOLYLOOP((#5748,#5694,#5656));
#7386=IFCFACEOUTERBOUND(#7385,.T.);
#7387=IFCFACE((#7386));
#7388=IFCPOLYLOOP((#5596,#5693,#5685));
#7389=IFCFACEOUTERBOUND(#7388,.T.);
#7390=IFCFACE((#7389));
#7391=IFCPOLYLOOP((#5746,#5624,#5694));
#7392=IFCFACEOUTERBOUND(#7391,.T.);
#7393=IFCFACE((#7392));
#7394=IFCPOLYLOOP((#5657,#5694,#5748));
#7395=IFCFACEOUTERBOUND(#7394,.T.);
#7396=IFCFACE((#7395));
#7397=IFCPOLYLOOP((#5755,#5696,#5658));
#7398=IFCFACEOUTERBOUND(#7397,.T.);
#7399=IFCFACE((#7398));
#7400=IFCPOLYLOOP((#5599,#5695,#5751));
#7401=IFCFACEOUTERBOUND(#7400,.T.);
#7402=IFCFACE((#7401));
#7403=IFCPOLYLOOP((#5753,#5597,#5696));
#7404=IFCFACEOUTERBOUND(#7403,.T.);
#7405=IFCFACE((#7404));
#7406=IFCPOLYLOOP((#5659,#5696,#5755));
#7407=IFCFACEOUTERBOUND(#7406,.T.);
#7408=IFCFACE((#7407));
#7409=IFCPOLYLOOP((#5702,#5757,#5756));
#7410=IFCFACEOUTERBOUND(#7409,.T.);
#7411=IFCFACE((#7410));
#7412=IFCPOLYLOOP((#5673,#5670,#5701));
#7413=IFCFACEOUTERBOUND(#7412,.T.);
#7414=IFCFACE((#7413));
#7415=IFCPOLYLOOP((#5675,#5702,#5676));
#7416=IFCFACEOUTERBOUND(#7415,.T.);
#7417=IFCFACE((#7416));
#7418=IFCPOLYLOOP((#5761,#5591,#5705,#5677));
#7419=IFCFACEOUTERBOUND(#7418,.T.);
#7420=IFCFACE((#7419));
#7421=IFCPOLYLOOP((#5676,#5625,#5704));
#7422=IFCFACEOUTERBOUND(#7421,.T.);
#7423=IFCFACE((#7422));
#7424=IFCPOLYLOOP((#5706,#5677,#5764));
#7425=IFCFACEOUTERBOUND(#7424,.T.);
#7426=IFCFACE((#7425));
#7427=IFCPOLYLOOP((#5626,#5706,#5684));
#7428=IFCFACEOUTERBOUND(#7427,.T.);
#7429=IFCFACE((#7428));
#7430=IFCPOLYLOOP((#5763,#5627,#5706));
#7431=IFCFACEOUTERBOUND(#7430,.T.);
#7432=IFCFACE((#7431));
#7433=IFCPOLYLOOP((#5643,#5710,#5711,#5708));
#7434=IFCFACEOUTERBOUND(#7433,.T.);
#7435=IFCFACE((#7434));
#7436=IFCPOLYLOOP((#5707,#5679,#5642));
#7437=IFCFACEOUTERBOUND(#7436,.T.);
#7438=IFCFACE((#7437));
#7439=IFCPOLYLOOP((#5679,#5605,#5708));
#7440=IFCFACEOUTERBOUND(#7439,.T.);
#7441=IFCFACE((#7440));
#7442=IFCPOLYLOOP((#5679,#5711,#5642));
#7443=IFCFACEOUTERBOUND(#7442,.T.);
#7444=IFCFACE((#7443));
#7445=IFCPOLYLOOP((#5608,#5714,#5715,#5710));
#7446=IFCFACEOUTERBOUND(#7445,.T.);
#7447=IFCFACE((#7446));
#7448=IFCPOLYLOOP((#5712,#5681,#5644));
#7449=IFCFACEOUTERBOUND(#7448,.T.);
#7450=IFCFACE((#7449));
#7451=IFCPOLYLOOP((#5681,#5591,#5713));
#7452=IFCFACEOUTERBOUND(#7451,.T.);
#7453=IFCFACE((#7452));
#7454=IFCPOLYLOOP((#5680,#5715,#5607));
#7455=IFCFACEOUTERBOUND(#7454,.T.);
#7456=IFCFACE((#7455));
#7457=IFCPOLYLOOP((#5715,#5682,#5607));
#7458=IFCFACEOUTERBOUND(#7457,.T.);
#7459=IFCFACE((#7458));
#7460=IFCPOLYLOOP((#5681,#5717,#5644));
#7461=IFCFACEOUTERBOUND(#7460,.T.);
#7462=IFCFACE((#7461));
#7463=IFCPOLYLOOP((#5683,#5722,#5647));
#7464=IFCFACEOUTERBOUND(#7463,.T.);
#7465=IFCFACE((#7464));
#7466=IFCPOLYLOOP((#5683,#5610,#5718));
#7467=IFCFACEOUTERBOUND(#7466,.T.);
#7468=IFCFACE((#7467));
#7469=IFCPOLYLOOP((#5684,#5722,#5721));
#7470=IFCFACEOUTERBOUND(#7469,.T.);
#7471=IFCFACE((#7470));
#7472=IFCPOLYLOOP((#5649,#5727,#5724));
#7473=IFCFACEOUTERBOUND(#7472,.T.);
#7474=IFCFACE((#7473));
#7475=IFCPOLYLOOP((#5685,#5593,#5724));
#7476=IFCFACEOUTERBOUND(#7475,.T.);
#7477=IFCFACE((#7476));
#7478=IFCPOLYLOOP((#5686,#5649,#5726));
#7479=IFCFACEOUTERBOUND(#7478,.T.);
#7480=IFCFACE((#7479));
#7481=IFCPOLYLOOP((#5685,#5727,#5648));
#7482=IFCFACEOUTERBOUND(#7481,.T.);
#7483=IFCFACE((#7482));
#7484=IFCPOLYLOOP((#5729,#5687,#5732));
#7485=IFCFACEOUTERBOUND(#7484,.T.);
#7486=IFCFACE((#7485));
#7487=IFCPOLYLOOP((#5651,#5729,#5732));
#7488=IFCFACEOUTERBOUND(#7487,.T.);
#7489=IFCFACE((#7488));
#7490=IFCPOLYLOOP((#5650,#5731,#5732));
#7491=IFCFACEOUTERBOUND(#7490,.T.);
#7492=IFCFACE((#7491));
#7493=IFCPOLYLOOP((#5688,#5732,#5731));
#7494=IFCFACEOUTERBOUND(#7493,.T.);
#7495=IFCFACE((#7494));
#7496=IFCPOLYLOOP((#5734,#5689,#5737));
#7497=IFCFACEOUTERBOUND(#7496,.T.);
#7498=IFCFACE((#7497));
#7499=IFCPOLYLOOP((#5733,#5689,#5609));
#7500=IFCFACEOUTERBOUND(#7499,.T.);
#7501=IFCFACE((#7500));
#7502=IFCPOLYLOOP((#5653,#5734,#5737));
#7503=IFCFACEOUTERBOUND(#7502,.T.);
#7504=IFCFACE((#7503));
#7505=IFCPOLYLOOP((#5690,#5737,#5736));
#7506=IFCFACEOUTERBOUND(#7505,.T.);
#7507=IFCFACE((#7506));
#7508=IFCPOLYLOOP((#5739,#5691,#5742));
#7509=IFCFACEOUTERBOUND(#7508,.T.);
#7510=IFCFACE((#7509));
#7511=IFCPOLYLOOP((#5655,#5739,#5742));
#7512=IFCFACEOUTERBOUND(#7511,.T.);
#7513=IFCFACE((#7512));
#7514=IFCPOLYLOOP((#5654,#5741,#5742));
#7515=IFCFACEOUTERBOUND(#7514,.T.);
#7516=IFCFACE((#7515));
#7517=IFCPOLYLOOP((#5692,#5742,#5741));
#7518=IFCFACEOUTERBOUND(#7517,.T.);
#7519=IFCFACE((#7518));
#7520=IFCPOLYLOOP((#5624,#5746,#5704));
#7521=IFCFACEOUTERBOUND(#7520,.T.);
#7522=IFCFACE((#7521));
#7523=IFCPOLYLOOP((#5693,#5596,#5744));
#7524=IFCFACEOUTERBOUND(#7523,.T.);
#7525=IFCFACE((#7524));
#7526=IFCPOLYLOOP((#5676,#5746,#5623));
#7527=IFCFACEOUTERBOUND(#7526,.T.);
#7528=IFCFACE((#7527));
#7529=IFCPOLYLOOP((#5623,#5746,#5747));
#7530=IFCFACEOUTERBOUND(#7529,.T.);
#7531=IFCFACE((#7530));
#7532=IFCPOLYLOOP((#5694,#5657,#5747));
#7533=IFCFACEOUTERBOUND(#7532,.T.);
#7534=IFCFACE((#7533));
#7535=IFCPOLYLOOP((#5693,#5748,#5656));
#7536=IFCFACEOUTERBOUND(#7535,.T.);
#7537=IFCFACE((#7536));
#7538=IFCPOLYLOOP((#5599,#5751,#5726));
#7539=IFCFACEOUTERBOUND(#7538,.T.);
#7540=IFCFACE((#7539));
#7541=IFCPOLYLOOP((#5695,#5599,#5750));
#7542=IFCFACEOUTERBOUND(#7541,.T.);
#7543=IFCFACE((#7542));
#7544=IFCPOLYLOOP((#5686,#5751,#5600));
#7545=IFCFACEOUTERBOUND(#7544,.T.);
#7546=IFCFACE((#7545));
#7547=IFCPOLYLOOP((#5597,#5753,#5701));
#7548=IFCFACEOUTERBOUND(#7547,.T.);
#7549=IFCFACE((#7548));
#7550=IFCPOLYLOOP((#5673,#5753,#5598));
#7551=IFCFACEOUTERBOUND(#7550,.T.);
#7552=IFCFACE((#7551));
#7553=IFCPOLYLOOP((#5598,#5753,#5754));
#7554=IFCFACEOUTERBOUND(#7553,.T.);
#7555=IFCFACE((#7554));
#7556=IFCPOLYLOOP((#5696,#5659,#5754));
#7557=IFCFACEOUTERBOUND(#7556,.T.);
#7558=IFCFACE((#7557));
#7559=IFCPOLYLOOP((#5695,#5755,#5658));
#7560=IFCFACEOUTERBOUND(#7559,.T.);
#7561=IFCFACE((#7560));
#7562=IFCPOLYLOOP((#5606,#5756,#5757,#5707));
#7563=IFCFACEOUTERBOUND(#7562,.T.);
#7564=IFCFACE((#7563));
#7565=IFCPOLYLOOP((#5679,#5757,#5605));
#7566=IFCFACEOUTERBOUND(#7565,.T.);
#7567=IFCFACE((#7566));
#7568=IFCPOLYLOOP((#5605,#5757,#5758));
#7569=IFCFACEOUTERBOUND(#7568,.T.);
#7570=IFCFACE((#7569));
#7571=IFCPOLYLOOP((#5702,#5675,#5758));
#7572=IFCFACEOUTERBOUND(#7571,.T.);
#7573=IFCFACE((#7572));
#7574=IFCPOLYLOOP((#5705,#5760,#5759));
#7575=IFCFACEOUTERBOUND(#7574,.T.);
#7576=IFCFACE((#7575));
#7577=IFCPOLYLOOP((#5705,#5764,#5677));
#7578=IFCFACEOUTERBOUND(#7577,.T.);
#7579=IFCFACE((#7578));
#7580=IFCPOLYLOOP((#5706,#5764,#5763));
#7581=IFCFACEOUTERBOUND(#7580,.T.);
#7582=IFCFACE((#7581));
#7583=IFCPOLYLOOP((#5534,#5765,#5588,#5630,#5618,#5614,#5674,#5615,#5700,#5598,#5754,#5659,#5750,#5599,#5726,#5649,#5724,#5593,#5743,#5656,#5745,#5624,#5704,#5625,#5756,#5606,#5707,#5642,#5709,#5607,#5716,#5645,#5713,#5591,#5761,#5677,#5762,#5626,#5721,#5646,#5718,#5610,#5734,#5653,#5735,#5611,#5731,#5650,#5728,#5592,#5739,#5655,#5740,#5621,#5698,#5622,#5667,#5602,#5641,#5603,#5634,#5616,#5629,#5501));
#7584=IFCFACEOUTERBOUND(#7583,.T.);
#7585=IFCFACE((#7584));
#7586=IFCPOLYLOOP((#5534,#5536,#5765));
#7587=IFCFACEOUTERBOUND(#7586,.T.);
#7588=IFCFACE((#7587));
#7589=IFCPOLYLOOP((#5536,#5534,#5488));
#7590=IFCFACEOUTERBOUND(#7589,.T.);
#7591=IFCFACE((#7590));
#7592=IFCPOLYLOOP((#5248,#5488,#5534));
#7593=IFCFACEOUTERBOUND(#7592,.T.);
#7594=IFCFACE((#7593));
#7595=IFCPOLYLOOP((#5534,#5486,#5248));
#7596=IFCFACEOUTERBOUND(#7595,.T.);
#7597=IFCFACE((#7596));
#7598=IFCPOLYLOOP((#5249,#5248,#5486));
#7599=IFCFACEOUTERBOUND(#7598,.T.);
#7600=IFCFACE((#7599));
#7601=IFCPOLYLOOP((#5486,#5485,#5249));
#7602=IFCFACEOUTERBOUND(#7601,.T.);
#7603=IFCFACE((#7602));
#7604=IFCPOLYLOOP((#5765,#5249,#5485));
#7605=IFCFACEOUTERBOUND(#7604,.T.);
#7606=IFCFACE((#7605));
#7607=IFCPOLYLOOP((#5249,#5765,#5536));
#7608=IFCFACEOUTERBOUND(#7607,.T.);
#7609=IFCFACE((#7608));
#7610=IFCPOLYLOOP((#5246,#5249,#5536,#5535));
#7611=IFCFACEOUTERBOUND(#7610,.T.);
#7612=IFCFACE((#7611));
#7613=IFCPOLYLOOP((#5487,#5538,#5535));
#7614=IFCFACEOUTERBOUND(#7613,.T.);
#7615=IFCFACE((#7614));
#7616=IFCPOLYLOOP((#5538,#5487,#5490));
#7617=IFCFACEOUTERBOUND(#7616,.T.);
#7618=IFCFACE((#7617));
#7619=IFCPOLYLOOP((#5252,#5490,#5487));
#7620=IFCFACEOUTERBOUND(#7619,.T.);
#7621=IFCFACE((#7620));
#7622=IFCPOLYLOOP((#5487,#5247,#5252));
#7623=IFCFACEOUTERBOUND(#7622,.T.);
#7624=IFCFACE((#7623));
#7625=IFCPOLYLOOP((#5253,#5252,#5247));
#7626=IFCFACEOUTERBOUND(#7625,.T.);
#7627=IFCFACE((#7626));
#7628=IFCPOLYLOOP((#5247,#5246,#5253));
#7629=IFCFACEOUTERBOUND(#7628,.T.);
#7630=IFCFACE((#7629));
#7631=IFCPOLYLOOP((#5535,#5253,#5246));
#7632=IFCFACEOUTERBOUND(#7631,.T.);
#7633=IFCFACE((#7632));
#7634=IFCPOLYLOOP((#5253,#5535,#5538));
#7635=IFCFACEOUTERBOUND(#7634,.T.);
#7636=IFCFACE((#7635));
#7637=IFCPOLYLOOP((#5253,#5538,#5537,#5768,#5766,#5250));
#7638=IFCFACEOUTERBOUND(#7637,.T.);
#7639=IFCFACE((#7638));
#7640=IFCPOLYLOOP((#5767,#5771,#5769,#5770));
#7641=IFCFACEOUTERBOUND(#7640,.T.);
#7642=IFCFACE((#7641));
#7643=IFCPOLYLOOP((#5772,#5540,#5770));
#7644=IFCFACEOUTERBOUND(#7643,.T.);
#7645=IFCFACE((#7644));
#7646=IFCPOLYLOOP((#5773,#5257,#5250));
#7647=IFCFACEOUTERBOUND(#7646,.T.);
#7648=IFCFACE((#7647));
#7649=IFCPOLYLOOP((#5773,#5766,#5769));
#7650=IFCFACEOUTERBOUND(#7649,.T.);
#7651=IFCFACE((#7650));
#7652=IFCPOLYLOOP((#5772,#5768,#5537));
#7653=IFCFACEOUTERBOUND(#7652,.T.);
#7654=IFCFACE((#7653));
#7655=IFCPOLYLOOP((#5766,#5768,#5769));
#7656=IFCFACEOUTERBOUND(#7655,.T.);
#7657=IFCFACE((#7656));
#7658=IFCPOLYLOOP((#5773,#5769,#5771));
#7659=IFCFACEOUTERBOUND(#7658,.T.);
#7660=IFCFACE((#7659));
#7661=IFCPOLYLOOP((#5769,#5772,#5770));
#7662=IFCFACEOUTERBOUND(#7661,.T.);
#7663=IFCFACE((#7662));
#7664=IFCPOLYLOOP((#5769,#5768,#5772));
#7665=IFCFACEOUTERBOUND(#7664,.T.);
#7666=IFCFACE((#7665));
#7667=IFCPOLYLOOP((#5540,#5539,#5770));
#7668=IFCFACEOUTERBOUND(#7667,.T.);
#7669=IFCFACE((#7668));
#7670=IFCPOLYLOOP((#5771,#5254,#5257));
#7671=IFCFACEOUTERBOUND(#7670,.T.);
#7672=IFCFACE((#7671));
#7673=IFCPOLYLOOP((#5540,#5772,#5537));
#7674=IFCFACEOUTERBOUND(#7673,.T.);
#7675=IFCFACE((#7674));
#7676=IFCPOLYLOOP((#5766,#5773,#5250));
#7677=IFCFACEOUTERBOUND(#7676,.T.);
#7678=IFCFACE((#7677));
#7679=IFCPOLYLOOP((#5257,#5773,#5771));
#7680=IFCFACEOUTERBOUND(#7679,.T.);
#7681=IFCFACE((#7680));
#7682=IFCPOLYLOOP((#5491,#5503,#5631));
#7683=IFCFACEOUTERBOUND(#7682,.T.);
#7684=IFCFACE((#7683));
#7685=IFCPOLYLOOP((#5503,#5491,#5498));
#7686=IFCFACEOUTERBOUND(#7685,.T.);
#7687=IFCFACE((#7686));
#7688=IFCPOLYLOOP((#5590,#5254,#5771));
#7689=IFCFACEOUTERBOUND(#7688,.T.);
#7690=IFCFACE((#7689));
#7691=IFCPOLYLOOP((#5590,#5539,#5560));
#7692=IFCFACEOUTERBOUND(#7691,.T.);
#7693=IFCFACE((#7692));
#7694=IFCPOLYLOOP((#5255,#5309,#5351));
#7695=IFCFACEOUTERBOUND(#7694,.T.);
#7696=IFCFACE((#7695));
#7697=IFCPOLYLOOP((#5255,#5308,#5519));
#7698=IFCFACEOUTERBOUND(#7697,.T.);
#7699=IFCFACE((#7698));
#7700=IFCPOLYLOOP((#5254,#5590,#5789));
#7701=IFCFACEOUTERBOUND(#7700,.T.);
#7702=IFCFACE((#7701));
#7703=IFCPOLYLOOP((#5309,#5255,#5277));
#7704=IFCFACEOUTERBOUND(#7703,.T.);
#7705=IFCFACE((#7704));
#7706=IFCPOLYLOOP((#5491,#5631,#5617));
#7707=IFCFACEOUTERBOUND(#7706,.T.);
#7708=IFCFACE((#7707));
#7709=IFCPOLYLOOP((#5491,#5617,#5633));
#7710=IFCFACEOUTERBOUND(#7709,.T.);
#7711=IFCFACE((#7710));
#7712=IFCPOLYLOOP((#5491,#5633,#5604));
#7713=IFCFACEOUTERBOUND(#7712,.T.);
#7714=IFCFACE((#7713));
#7715=IFCPOLYLOOP((#5491,#5604,#5661));
#7716=IFCFACEOUTERBOUND(#7715,.T.);
#7717=IFCFACE((#7716));
#7718=IFCPOLYLOOP((#5491,#5661,#5639));
#7719=IFCFACEOUTERBOUND(#7718,.T.);
#7720=IFCFACE((#7719));
#7721=IFCPOLYLOOP((#5491,#5639,#5697));
#7722=IFCFACEOUTERBOUND(#7721,.T.);
#7723=IFCFACE((#7722));
#7724=IFCPOLYLOOP((#5491,#5697,#5601));
#7725=IFCFACEOUTERBOUND(#7724,.T.);
#7726=IFCFACE((#7725));
#7727=IFCPOLYLOOP((#5491,#5601,#5664));
#7728=IFCFACEOUTERBOUND(#7727,.T.);
#7729=IFCFACE((#7728));
#7730=IFCPOLYLOOP((#5491,#5664,#5663));
#7731=IFCFACEOUTERBOUND(#7730,.T.);
#7732=IFCFACE((#7731));
#7733=IFCPOLYLOOP((#5491,#5663,#5699));
#7734=IFCFACEOUTERBOUND(#7733,.T.);
#7735=IFCFACE((#7734));
#7736=IFCPOLYLOOP((#5491,#5699,#5620));
#7737=IFCFACEOUTERBOUND(#7736,.T.);
#7738=IFCFACE((#7737));
#7739=IFCPOLYLOOP((#5491,#5620,#5741));
#7740=IFCFACEOUTERBOUND(#7739,.T.);
#7741=IFCFACE((#7740));
#7742=IFCPOLYLOOP((#5491,#5741,#5654));
#7743=IFCFACEOUTERBOUND(#7742,.T.);
#7744=IFCFACE((#7743));
#7745=IFCPOLYLOOP((#5491,#5654,#5738));
#7746=IFCFACEOUTERBOUND(#7745,.T.);
#7747=IFCFACE((#7746));
#7748=IFCPOLYLOOP((#5491,#5738,#5595));
#7749=IFCFACEOUTERBOUND(#7748,.T.);
#7750=IFCFACE((#7749));
#7751=IFCPOLYLOOP((#5491,#5595,#5729));
#7752=IFCFACEOUTERBOUND(#7751,.T.);
#7753=IFCFACE((#7752));
#7754=IFCPOLYLOOP((#5491,#5729,#5651));
#7755=IFCFACEOUTERBOUND(#7754,.T.);
#7756=IFCFACE((#7755));
#7757=IFCPOLYLOOP((#5491,#5651,#5730));
#7758=IFCFACEOUTERBOUND(#7757,.T.);
#7759=IFCFACE((#7758));
#7760=IFCPOLYLOOP((#5491,#5730,#5612));
#7761=IFCFACEOUTERBOUND(#7760,.T.);
#7762=IFCFACE((#7761));
#7763=IFCPOLYLOOP((#5491,#5612,#5736));
#7764=IFCFACEOUTERBOUND(#7763,.T.);
#7765=IFCFACE((#7764));
#7766=IFCPOLYLOOP((#5491,#5736,#5652));
#7767=IFCFACEOUTERBOUND(#7766,.T.);
#7768=IFCFACE((#7767));
#7769=IFCPOLYLOOP((#5491,#5652,#5733));
#7770=IFCFACEOUTERBOUND(#7769,.T.);
#7771=IFCFACE((#7770));
#7772=IFCPOLYLOOP((#5491,#5733,#5609));
#7773=IFCFACEOUTERBOUND(#7772,.T.);
#7774=IFCFACE((#7773));
#7775=IFCPOLYLOOP((#5491,#5609,#5719));
#7776=IFCFACEOUTERBOUND(#7775,.T.);
#7777=IFCFACE((#7776));
#7778=IFCPOLYLOOP((#5491,#5719,#5647));
#7779=IFCFACEOUTERBOUND(#7778,.T.);
#7780=IFCFACE((#7779));
#7781=IFCPOLYLOOP((#5491,#5647,#5720));
#7782=IFCFACEOUTERBOUND(#7781,.T.);
#7783=IFCFACE((#7782));
#7784=IFCPOLYLOOP((#5491,#5720,#5627));
#7785=IFCFACEOUTERBOUND(#7784,.T.);
#7786=IFCFACE((#7785));
#7787=IFCPOLYLOOP((#5491,#5627,#5763));
#7788=IFCFACEOUTERBOUND(#7787,.T.);
#7789=IFCFACE((#7788));
#7790=IFCPOLYLOOP((#5491,#5763,#5628));
#7791=IFCFACEOUTERBOUND(#7790,.T.);
#7792=IFCFACE((#7791));
#7793=IFCPOLYLOOP((#5491,#5628,#5759));
#7794=IFCFACEOUTERBOUND(#7793,.T.);
#7795=IFCFACE((#7794));
#7796=IFCPOLYLOOP((#5491,#5759,#5594));
#7797=IFCFACEOUTERBOUND(#7796,.T.);
#7798=IFCFACE((#7797));
#7799=IFCPOLYLOOP((#5491,#5594,#5712));
#7800=IFCFACEOUTERBOUND(#7799,.T.);
#7801=IFCFACE((#7800));
#7802=IFCPOLYLOOP((#5491,#5712,#5644));
#7803=IFCFACEOUTERBOUND(#7802,.T.);
#7804=IFCFACE((#7803));
#7805=IFCPOLYLOOP((#5491,#5644,#5714));
#7806=IFCFACEOUTERBOUND(#7805,.T.);
#7807=IFCFACE((#7806));
#7808=IFCPOLYLOOP((#5491,#5714,#5608));
#7809=IFCFACEOUTERBOUND(#7808,.T.);
#7810=IFCFACE((#7809));
#7811=IFCPOLYLOOP((#5491,#5608,#5710));
#7812=IFCFACEOUTERBOUND(#7811,.T.);
#7813=IFCFACE((#7812));
#7814=IFCPOLYLOOP((#5491,#5710,#5643));
#7815=IFCFACEOUTERBOUND(#7814,.T.);
#7816=IFCFACE((#7815));
#7817=IFCPOLYLOOP((#5491,#5643,#5708));
#7818=IFCFACEOUTERBOUND(#7817,.T.);
#7819=IFCFACE((#7818));
#7820=IFCPOLYLOOP((#5491,#5708,#5605));
#7821=IFCFACEOUTERBOUND(#7820,.T.);
#7822=IFCFACE((#7821));
#7823=IFCPOLYLOOP((#5491,#5605,#5758));
#7824=IFCFACEOUTERBOUND(#7823,.T.);
#7825=IFCFACE((#7824));
#7826=IFCPOLYLOOP((#5491,#5758,#5675));
#7827=IFCFACEOUTERBOUND(#7826,.T.);
#7828=IFCFACE((#7827));
#7829=IFCPOLYLOOP((#5491,#5675,#5703));
#7830=IFCFACEOUTERBOUND(#7829,.T.);
#7831=IFCFACE((#7830));
#7832=IFCPOLYLOOP((#5491,#5703,#5623));
#7833=IFCFACEOUTERBOUND(#7832,.T.);
#7834=IFCFACE((#7833));
#7835=IFCPOLYLOOP((#5491,#5623,#5747));
#7836=IFCFACEOUTERBOUND(#7835,.T.);
#7837=IFCFACE((#7836));
#7838=IFCPOLYLOOP((#5491,#5747,#5657));
#7839=IFCFACEOUTERBOUND(#7838,.T.);
#7840=IFCFACE((#7839));
#7841=IFCPOLYLOOP((#5491,#5657,#5744));
#7842=IFCFACEOUTERBOUND(#7841,.T.);
#7843=IFCFACE((#7842));
#7844=IFCPOLYLOOP((#5491,#5744,#5596));
#7845=IFCFACEOUTERBOUND(#7844,.T.);
#7846=IFCFACE((#7845));
#7847=IFCPOLYLOOP((#5491,#5596,#5723));
#7848=IFCFACEOUTERBOUND(#7847,.T.);
#7849=IFCFACE((#7848));
#7850=IFCPOLYLOOP((#5491,#5723,#5648));
#7851=IFCFACEOUTERBOUND(#7850,.T.);
#7852=IFCFACE((#7851));
#7853=IFCPOLYLOOP((#5491,#5648,#5725));
#7854=IFCFACEOUTERBOUND(#7853,.T.);
#7855=IFCFACE((#7854));
#7856=IFCPOLYLOOP((#5491,#5725,#5600));
#7857=IFCFACEOUTERBOUND(#7856,.T.);
#7858=IFCFACE((#7857));
#7859=IFCPOLYLOOP((#5491,#5600,#5749));
#7860=IFCFACEOUTERBOUND(#7859,.T.);
#7861=IFCFACE((#7860));
#7862=IFCPOLYLOOP((#5491,#5749,#5658));
#7863=IFCFACEOUTERBOUND(#7862,.T.);
#7864=IFCFACE((#7863));
#7865=IFCPOLYLOOP((#5491,#5658,#5752));
#7866=IFCFACEOUTERBOUND(#7865,.T.);
#7867=IFCFACE((#7866));
#7868=IFCPOLYLOOP((#5491,#5752,#5597));
#7869=IFCFACEOUTERBOUND(#7868,.T.);
#7870=IFCFACE((#7869));
#7871=IFCPOLYLOOP((#5491,#5597,#5701));
#7872=IFCFACEOUTERBOUND(#7871,.T.);
#7873=IFCFACE((#7872));
#7874=IFCPOLYLOOP((#5491,#5701,#5670));
#7875=IFCFACEOUTERBOUND(#7874,.T.);
#7876=IFCFACE((#7875));
#7877=IFCPOLYLOOP((#5491,#5670,#5671));
#7878=IFCFACEOUTERBOUND(#7877,.T.);
#7879=IFCFACE((#7878));
#7880=IFCPOLYLOOP((#5491,#5671,#5613));
#7881=IFCFACEOUTERBOUND(#7880,.T.);
#7882=IFCFACE((#7881));
#7883=IFCPOLYLOOP((#5491,#5613,#5678));
#7884=IFCFACEOUTERBOUND(#7883,.T.);
#7885=IFCFACE((#7884));
#7886=IFCPOLYLOOP((#5491,#5678,#5619));
#7887=IFCFACEOUTERBOUND(#7886,.T.);
#7888=IFCFACE((#7887));
#7889=IFCPOLYLOOP((#5491,#5619,#5636));
#7890=IFCFACEOUTERBOUND(#7889,.T.);
#7891=IFCFACE((#7890));
#7892=IFCPOLYLOOP((#5491,#5636,#5590));
#7893=IFCFACEOUTERBOUND(#7892,.T.);
#7894=IFCFACE((#7893));
#7895=IFCPOLYLOOP((#5503,#5498,#5494));
#7896=IFCFACEOUTERBOUND(#7895,.T.);
#7897=IFCFACE((#7896));
#7898=IFCPOLYLOOP((#5503,#5494,#5497));
#7899=IFCFACEOUTERBOUND(#7898,.T.);
#7900=IFCFACE((#7899));
#7901=IFCPOLYLOOP((#5503,#5497,#5255));
#7902=IFCFACEOUTERBOUND(#7901,.T.);
#7903=IFCFACE((#7902));
#7904=IFCPOLYLOOP((#5590,#5771,#5767));
#7905=IFCFACEOUTERBOUND(#7904,.T.);
#7906=IFCFACE((#7905));
#7907=IFCPOLYLOOP((#5590,#5767,#5770));
#7908=IFCFACEOUTERBOUND(#7907,.T.);
#7909=IFCFACE((#7908));
#7910=IFCPOLYLOOP((#5590,#5770,#5539));
#7911=IFCFACEOUTERBOUND(#7910,.T.);
#7912=IFCFACE((#7911));
#7913=IFCPOLYLOOP((#5590,#5560,#5547));
#7914=IFCFACEOUTERBOUND(#7913,.T.);
#7915=IFCFACE((#7914));
#7916=IFCPOLYLOOP((#5590,#5547,#5570));
#7917=IFCFACEOUTERBOUND(#7916,.T.);
#7918=IFCFACE((#7917));
#7919=IFCPOLYLOOP((#5590,#5570,#5543));
#7920=IFCFACEOUTERBOUND(#7919,.T.);
#7921=IFCFACE((#7920));
#7922=IFCPOLYLOOP((#5590,#5543,#5563));
#7923=IFCFACEOUTERBOUND(#7922,.T.);
#7924=IFCFACE((#7923));
#7925=IFCPOLYLOOP((#5590,#5563,#5557));
#7926=IFCFACEOUTERBOUND(#7925,.T.);
#7927=IFCFACE((#7926));
#7928=IFCPOLYLOOP((#5590,#5557,#5568));
#7929=IFCFACEOUTERBOUND(#7928,.T.);
#7930=IFCFACE((#7929));
#7931=IFCPOLYLOOP((#5590,#5568,#5541));
#7932=IFCFACEOUTERBOUND(#7931,.T.);
#7933=IFCFACE((#7932));
#7934=IFCPOLYLOOP((#5590,#5541,#5580));
#7935=IFCFACEOUTERBOUND(#7934,.T.);
#7936=IFCFACE((#7935));
#7937=IFCPOLYLOOP((#5590,#5580,#5555));
#7938=IFCFACEOUTERBOUND(#7937,.T.);
#7939=IFCFACE((#7938));
#7940=IFCPOLYLOOP((#5590,#5555,#5556));
#7941=IFCFACEOUTERBOUND(#7940,.T.);
#7942=IFCFACE((#7941));
#7943=IFCPOLYLOOP((#5590,#5556,#5542));
#7944=IFCFACEOUTERBOUND(#7943,.T.);
#7945=IFCFACE((#7944));
#7946=IFCPOLYLOOP((#5590,#5542,#5562));
#7947=IFCFACEOUTERBOUND(#7946,.T.);
#7948=IFCFACE((#7947));
#7949=IFCPOLYLOOP((#5590,#5562,#5550));
#7950=IFCFACEOUTERBOUND(#7949,.T.);
#7951=IFCFACE((#7950));
#7952=IFCPOLYLOOP((#5590,#5550,#5553));
#7953=IFCFACEOUTERBOUND(#7952,.T.);
#7954=IFCFACE((#7953));
#7955=IFCPOLYLOOP((#5590,#5553,#5491));
#7956=IFCFACEOUTERBOUND(#7955,.T.);
#7957=IFCFACE((#7956));
#7958=IFCPOLYLOOP((#5255,#5351,#5337));
#7959=IFCFACEOUTERBOUND(#7958,.T.);
#7960=IFCFACE((#7959));
#7961=IFCPOLYLOOP((#5255,#5337,#5353));
#7962=IFCFACEOUTERBOUND(#7961,.T.);
#7963=IFCFACE((#7962));
#7964=IFCPOLYLOOP((#5255,#5353,#5324));
#7965=IFCFACEOUTERBOUND(#7964,.T.);
#7966=IFCFACE((#7965));
#7967=IFCPOLYLOOP((#5255,#5324,#5381));
#7968=IFCFACEOUTERBOUND(#7967,.T.);
#7969=IFCFACE((#7968));
#7970=IFCPOLYLOOP((#5255,#5381,#5359));
#7971=IFCFACEOUTERBOUND(#7970,.T.);
#7972=IFCFACE((#7971));
#7973=IFCPOLYLOOP((#5255,#5359,#5417));
#7974=IFCFACEOUTERBOUND(#7973,.T.);
#7975=IFCFACE((#7974));
#7976=IFCPOLYLOOP((#5255,#5417,#5321));
#7977=IFCFACEOUTERBOUND(#7976,.T.);
#7978=IFCFACE((#7977));
#7979=IFCPOLYLOOP((#5255,#5321,#5384));
#7980=IFCFACEOUTERBOUND(#7979,.T.);
#7981=IFCFACE((#7980));
#7982=IFCPOLYLOOP((#5255,#5384,#5383));
#7983=IFCFACEOUTERBOUND(#7982,.T.);
#7984=IFCFACE((#7983));
#7985=IFCPOLYLOOP((#5255,#5383,#5419));
#7986=IFCFACEOUTERBOUND(#7985,.T.);
#7987=IFCFACE((#7986));
#7988=IFCPOLYLOOP((#5255,#5419,#5340));
#7989=IFCFACEOUTERBOUND(#7988,.T.);
#7990=IFCFACE((#7989));
#7991=IFCPOLYLOOP((#5255,#5340,#5461));
#7992=IFCFACEOUTERBOUND(#7991,.T.);
#7993=IFCFACE((#7992));
#7994=IFCPOLYLOOP((#5255,#5461,#5374));
#7995=IFCFACEOUTERBOUND(#7994,.T.);
#7996=IFCFACE((#7995));
#7997=IFCPOLYLOOP((#5255,#5374,#5458));
#7998=IFCFACEOUTERBOUND(#7997,.T.);
#7999=IFCFACE((#7998));
#8000=IFCPOLYLOOP((#5255,#5458,#5315));
#8001=IFCFACEOUTERBOUND(#8000,.T.);
#8002=IFCFACE((#8001));
#8003=IFCPOLYLOOP((#5255,#5315,#5449));
#8004=IFCFACEOUTERBOUND(#8003,.T.);
#8005=IFCFACE((#8004));
#8006=IFCPOLYLOOP((#5255,#5449,#5371));
#8007=IFCFACEOUTERBOUND(#8006,.T.);
#8008=IFCFACE((#8007));
#8009=IFCPOLYLOOP((#5255,#5371,#5450));
#8010=IFCFACEOUTERBOUND(#8009,.T.);
#8011=IFCFACE((#8010));
#8012=IFCPOLYLOOP((#5255,#5450,#5332));
#8013=IFCFACEOUTERBOUND(#8012,.T.);
#8014=IFCFACE((#8013));
#8015=IFCPOLYLOOP((#5255,#5332,#5456));
#8016=IFCFACEOUTERBOUND(#8015,.T.);
#8017=IFCFACE((#8016));
#8018=IFCPOLYLOOP((#5255,#5456,#5372));
#8019=IFCFACEOUTERBOUND(#8018,.T.);
#8020=IFCFACE((#8019));
#8021=IFCPOLYLOOP((#5255,#5372,#5453));
#8022=IFCFACEOUTERBOUND(#8021,.T.);
#8023=IFCFACE((#8022));
#8024=IFCPOLYLOOP((#5255,#5453,#5329));
#8025=IFCFACEOUTERBOUND(#8024,.T.);
#8026=IFCFACE((#8025));
#8027=IFCPOLYLOOP((#5255,#5329,#5439));
#8028=IFCFACEOUTERBOUND(#8027,.T.);
#8029=IFCFACE((#8028));
#8030=IFCPOLYLOOP((#5255,#5439,#5367));
#8031=IFCFACEOUTERBOUND(#8030,.T.);
#8032=IFCFACE((#8031));
#8033=IFCPOLYLOOP((#5255,#5367,#5440));
#8034=IFCFACEOUTERBOUND(#8033,.T.);
#8035=IFCFACE((#8034));
#8036=IFCPOLYLOOP((#5255,#5440,#5347));
#8037=IFCFACEOUTERBOUND(#8036,.T.);
#8038=IFCFACE((#8037));
#8039=IFCPOLYLOOP((#5255,#5347,#5483));
#8040=IFCFACEOUTERBOUND(#8039,.T.);
#8041=IFCFACE((#8040));
#8042=IFCPOLYLOOP((#5255,#5483,#5348));
#8043=IFCFACEOUTERBOUND(#8042,.T.);
#8044=IFCFACE((#8043));
#8045=IFCPOLYLOOP((#5255,#5348,#5479));
#8046=IFCFACEOUTERBOUND(#8045,.T.);
#8047=IFCFACE((#8046));
#8048=IFCPOLYLOOP((#5255,#5479,#5314));
#8049=IFCFACEOUTERBOUND(#8048,.T.);
#8050=IFCFACE((#8049));
#8051=IFCPOLYLOOP((#5255,#5314,#5432));
#8052=IFCFACEOUTERBOUND(#8051,.T.);
#8053=IFCFACE((#8052));
#8054=IFCPOLYLOOP((#5255,#5432,#5364));
#8055=IFCFACEOUTERBOUND(#8054,.T.);
#8056=IFCFACE((#8055));
#8057=IFCPOLYLOOP((#5255,#5364,#5434));
#8058=IFCFACEOUTERBOUND(#8057,.T.);
#8059=IFCFACE((#8058));
#8060=IFCPOLYLOOP((#5255,#5434,#5328));
#8061=IFCFACEOUTERBOUND(#8060,.T.);
#8062=IFCFACE((#8061));
#8063=IFCPOLYLOOP((#5255,#5328,#5430));
#8064=IFCFACEOUTERBOUND(#8063,.T.);
#8065=IFCFACE((#8064));
#8066=IFCPOLYLOOP((#5255,#5430,#5363));
#8067=IFCFACEOUTERBOUND(#8066,.T.);
#8068=IFCFACE((#8067));
#8069=IFCPOLYLOOP((#5255,#5363,#5428));
#8070=IFCFACEOUTERBOUND(#8069,.T.);
#8071=IFCFACE((#8070));
#8072=IFCPOLYLOOP((#5255,#5428,#5325));
#8073=IFCFACEOUTERBOUND(#8072,.T.);
#8074=IFCFACE((#8073));
#8075=IFCPOLYLOOP((#5255,#5325,#5478));
#8076=IFCFACEOUTERBOUND(#8075,.T.);
#8077=IFCFACE((#8076));
#8078=IFCPOLYLOOP((#5255,#5478,#5395));
#8079=IFCFACEOUTERBOUND(#8078,.T.);
#8080=IFCFACE((#8079));
#8081=IFCPOLYLOOP((#5255,#5395,#5423));
#8082=IFCFACEOUTERBOUND(#8081,.T.);
#8083=IFCFACE((#8082));
#8084=IFCPOLYLOOP((#5255,#5423,#5343));
#8085=IFCFACEOUTERBOUND(#8084,.T.);
#8086=IFCFACE((#8085));
#8087=IFCPOLYLOOP((#5255,#5343,#5467));
#8088=IFCFACEOUTERBOUND(#8087,.T.);
#8089=IFCFACE((#8088));
#8090=IFCPOLYLOOP((#5255,#5467,#5377));
#8091=IFCFACEOUTERBOUND(#8090,.T.);
#8092=IFCFACE((#8091));
#8093=IFCPOLYLOOP((#5255,#5377,#5464));
#8094=IFCFACEOUTERBOUND(#8093,.T.);
#8095=IFCFACE((#8094));
#8096=IFCPOLYLOOP((#5255,#5464,#5316));
#8097=IFCFACEOUTERBOUND(#8096,.T.);
#8098=IFCFACE((#8097));
#8099=IFCPOLYLOOP((#5255,#5316,#5443));
#8100=IFCFACEOUTERBOUND(#8099,.T.);
#8101=IFCFACE((#8100));
#8102=IFCPOLYLOOP((#5255,#5443,#5368));
#8103=IFCFACEOUTERBOUND(#8102,.T.);
#8104=IFCFACE((#8103));
#8105=IFCPOLYLOOP((#5255,#5368,#5445));
#8106=IFCFACEOUTERBOUND(#8105,.T.);
#8107=IFCFACE((#8106));
#8108=IFCPOLYLOOP((#5255,#5445,#5320));
#8109=IFCFACEOUTERBOUND(#8108,.T.);
#8110=IFCFACE((#8109));
#8111=IFCPOLYLOOP((#5255,#5320,#5469));
#8112=IFCFACEOUTERBOUND(#8111,.T.);
#8113=IFCFACE((#8112));
#8114=IFCPOLYLOOP((#5255,#5469,#5378));
#8115=IFCFACEOUTERBOUND(#8114,.T.);
#8116=IFCFACE((#8115));
#8117=IFCPOLYLOOP((#5255,#5378,#5472));
#8118=IFCFACEOUTERBOUND(#8117,.T.);
#8119=IFCFACE((#8118));
#8120=IFCPOLYLOOP((#5255,#5472,#5317));
#8121=IFCFACEOUTERBOUND(#8120,.T.);
#8122=IFCFACE((#8121));
#8123=IFCPOLYLOOP((#5255,#5317,#5421));
#8124=IFCFACEOUTERBOUND(#8123,.T.);
#8125=IFCFACE((#8124));
#8126=IFCPOLYLOOP((#5255,#5421,#5390));
#8127=IFCFACEOUTERBOUND(#8126,.T.);
#8128=IFCFACE((#8127));
#8129=IFCPOLYLOOP((#5255,#5390,#5391));
#8130=IFCFACEOUTERBOUND(#8129,.T.);
#8131=IFCFACE((#8130));
#8132=IFCPOLYLOOP((#5255,#5391,#5333));
#8133=IFCFACEOUTERBOUND(#8132,.T.);
#8134=IFCFACE((#8133));
#8135=IFCPOLYLOOP((#5255,#5333,#5398));
#8136=IFCFACEOUTERBOUND(#8135,.T.);
#8137=IFCFACE((#8136));
#8138=IFCPOLYLOOP((#5255,#5398,#5339));
#8139=IFCFACEOUTERBOUND(#8138,.T.);
#8140=IFCFACE((#8139));
#8141=IFCPOLYLOOP((#5255,#5339,#5356));
#8142=IFCFACEOUTERBOUND(#8141,.T.);
#8143=IFCFACE((#8142));
#8144=IFCPOLYLOOP((#5255,#5356,#5308));
#8145=IFCFACEOUTERBOUND(#8144,.T.);
#8146=IFCFACE((#8145));
#8147=IFCPOLYLOOP((#5255,#5519,#5512));
#8148=IFCFACEOUTERBOUND(#8147,.T.);
#8149=IFCFACE((#8148));
#8150=IFCPOLYLOOP((#5255,#5512,#5513));
#8151=IFCFACEOUTERBOUND(#8150,.T.);
#8152=IFCFACE((#8151));
#8153=IFCPOLYLOOP((#5255,#5513,#5508));
#8154=IFCFACEOUTERBOUND(#8153,.T.);
#8155=IFCFACE((#8154));
#8156=IFCPOLYLOOP((#5255,#5508,#5532));
#8157=IFCFACEOUTERBOUND(#8156,.T.);
#8158=IFCFACE((#8157));
#8159=IFCPOLYLOOP((#5255,#5532,#5509));
#8160=IFCFACEOUTERBOUND(#8159,.T.);
#8161=IFCFACE((#8160));
#8162=IFCPOLYLOOP((#5255,#5509,#5523));
#8163=IFCFACEOUTERBOUND(#8162,.T.);
#8164=IFCFACE((#8163));
#8165=IFCPOLYLOOP((#5255,#5523,#5504));
#8166=IFCFACEOUTERBOUND(#8165,.T.);
#8167=IFCFACE((#8166));
#8168=IFCPOLYLOOP((#5255,#5504,#5528));
#8169=IFCFACEOUTERBOUND(#8168,.T.);
#8170=IFCFACE((#8169));
#8171=IFCPOLYLOOP((#5255,#5528,#5510));
#8172=IFCFACEOUTERBOUND(#8171,.T.);
#8173=IFCFACE((#8172));
#8174=IFCPOLYLOOP((#5255,#5510,#5515));
#8175=IFCFACEOUTERBOUND(#8174,.T.);
#8176=IFCFACE((#8175));
#8177=IFCPOLYLOOP((#5255,#5515,#5503));
#8178=IFCFACEOUTERBOUND(#8177,.T.);
#8179=IFCFACE((#8178));
#8180=IFCPOLYLOOP((#5254,#5789,#5782));
#8181=IFCFACEOUTERBOUND(#8180,.T.);
#8182=IFCFACE((#8181));
#8183=IFCPOLYLOOP((#5254,#5782,#5783));
#8184=IFCFACEOUTERBOUND(#8183,.T.);
#8185=IFCFACE((#8184));
#8186=IFCPOLYLOOP((#5254,#5783,#5778));
#8187=IFCFACEOUTERBOUND(#8186,.T.);
#8188=IFCFACE((#8187));
#8189=IFCPOLYLOOP((#5254,#5778,#5802));
#8190=IFCFACEOUTERBOUND(#8189,.T.);
#8191=IFCFACE((#8190));
#8192=IFCPOLYLOOP((#5254,#5802,#5779));
#8193=IFCFACEOUTERBOUND(#8192,.T.);
#8194=IFCFACE((#8193));
#8195=IFCPOLYLOOP((#5254,#5779,#5793));
#8196=IFCFACEOUTERBOUND(#8195,.T.);
#8197=IFCFACE((#8196));
#8198=IFCPOLYLOOP((#5254,#5793,#5774));
#8199=IFCFACEOUTERBOUND(#8198,.T.);
#8200=IFCFACE((#8199));
#8201=IFCPOLYLOOP((#5254,#5774,#5798));
#8202=IFCFACEOUTERBOUND(#8201,.T.);
#8203=IFCFACE((#8202));
#8204=IFCPOLYLOOP((#5254,#5798,#5780));
#8205=IFCFACEOUTERBOUND(#8204,.T.);
#8206=IFCFACE((#8205));
#8207=IFCPOLYLOOP((#5254,#5780,#5785));
#8208=IFCFACEOUTERBOUND(#8207,.T.);
#8209=IFCFACE((#8208));
#8210=IFCPOLYLOOP((#5254,#5785,#5309));
#8211=IFCFACEOUTERBOUND(#8210,.T.);
#8212=IFCFACE((#8211));
#8213=IFCPOLYLOOP((#5309,#5277,#5264));
#8214=IFCFACEOUTERBOUND(#8213,.T.);
#8215=IFCFACE((#8214));
#8216=IFCPOLYLOOP((#5309,#5264,#5287));
#8217=IFCFACEOUTERBOUND(#8216,.T.);
#8218=IFCFACE((#8217));
#8219=IFCPOLYLOOP((#5309,#5287,#5260));
#8220=IFCFACEOUTERBOUND(#8219,.T.);
#8221=IFCFACE((#8220));
#8222=IFCPOLYLOOP((#5309,#5260,#5280));
#8223=IFCFACEOUTERBOUND(#8222,.T.);
#8224=IFCFACE((#8223));
#8225=IFCPOLYLOOP((#5309,#5280,#5274));
#8226=IFCFACEOUTERBOUND(#8225,.T.);
#8227=IFCFACE((#8226));
#8228=IFCPOLYLOOP((#5309,#5274,#5285));
#8229=IFCFACEOUTERBOUND(#8228,.T.);
#8230=IFCFACE((#8229));
#8231=IFCPOLYLOOP((#5309,#5285,#5258));
#8232=IFCFACEOUTERBOUND(#8231,.T.);
#8233=IFCFACE((#8232));
#8234=IFCPOLYLOOP((#5309,#5258,#5297));
#8235=IFCFACEOUTERBOUND(#8234,.T.);
#8236=IFCFACE((#8235));
#8237=IFCPOLYLOOP((#5309,#5297,#5272));
#8238=IFCFACEOUTERBOUND(#8237,.T.);
#8239=IFCFACE((#8238));
#8240=IFCPOLYLOOP((#5309,#5272,#5273));
#8241=IFCFACEOUTERBOUND(#8240,.T.);
#8242=IFCFACE((#8241));
#8243=IFCPOLYLOOP((#5309,#5273,#5259));
#8244=IFCFACEOUTERBOUND(#8243,.T.);
#8245=IFCFACE((#8244));
#8246=IFCPOLYLOOP((#5309,#5259,#5279));
#8247=IFCFACEOUTERBOUND(#8246,.T.);
#8248=IFCFACE((#8247));
#8249=IFCPOLYLOOP((#5309,#5279,#5267));
#8250=IFCFACEOUTERBOUND(#8249,.T.);
#8251=IFCFACE((#8250));
#8252=IFCPOLYLOOP((#5309,#5267,#5270));
#8253=IFCFACEOUTERBOUND(#8252,.T.);
#8254=IFCFACE((#8253));
#8255=IFCPOLYLOOP((#5309,#5270,#5254));
#8256=IFCFACEOUTERBOUND(#8255,.T.);
#8257=IFCFACE((#8256));
#8258=IFCPOLYLOOP((#5790,#5786,#5781));
#8259=IFCFACEOUTERBOUND(#8258,.T.);
#8260=IFCFACE((#8259));
#8261=IFCPOLYLOOP((#5797,#5801,#5802));
#8262=IFCFACEOUTERBOUND(#8261,.T.);
#8263=IFCFACE((#8262));
#8264=IFCPOLYLOOP((#5784,#5803,#5791));
#8265=IFCFACEOUTERBOUND(#8264,.T.);
#8266=IFCFACE((#8265));
#8267=IFCPOLYLOOP((#5795,#5776,#5797));
#8268=IFCFACEOUTERBOUND(#8267,.T.);
#8269=IFCFACE((#8268));
#8270=IFCPOLYLOOP((#5784,#5791,#5777));
#8271=IFCFACEOUTERBOUND(#8270,.T.);
#8272=IFCFACE((#8271));
#8273=IFCPOLYLOOP((#5791,#5798,#5794));
#8274=IFCFACEOUTERBOUND(#8273,.T.);
#8275=IFCFACE((#8274));
#8276=IFCPOLYLOOP((#5803,#5788,#5310));
#8277=IFCFACEOUTERBOUND(#8276,.T.);
#8278=IFCFACE((#8277));
#8279=IFCPOLYLOOP((#5776,#5795,#5787));
#8280=IFCFACEOUTERBOUND(#8279,.T.);
#8281=IFCFACE((#8280));
#8282=IFCPOLYLOOP((#5783,#5795,#5778));
#8283=IFCFACEOUTERBOUND(#8282,.T.);
#8284=IFCFACE((#8283));
#8285=IFCPOLYLOOP((#5796,#5801,#5775));
#8286=IFCFACEOUTERBOUND(#8285,.T.);
#8287=IFCFACE((#8286));
#8288=IFCPOLYLOOP((#5777,#5791,#5794));
#8289=IFCFACEOUTERBOUND(#8288,.T.);
#8290=IFCFACE((#8289));
#8291=IFCPOLYLOOP((#5799,#5790,#5781));
#8292=IFCFACEOUTERBOUND(#8291,.T.);
#8293=IFCFACE((#8292));
#8294=IFCPOLYLOOP((#5799,#5783,#5782));
#8295=IFCFACEOUTERBOUND(#8294,.T.);
#8296=IFCFACE((#8295));
#8297=IFCPOLYLOOP((#5799,#5795,#5783));
#8298=IFCFACEOUTERBOUND(#8297,.T.);
#8299=IFCFACE((#8298));
#8300=IFCPOLYLOOP((#5803,#5310,#5309));
#8301=IFCFACEOUTERBOUND(#8300,.T.);
#8302=IFCFACE((#8301));
#8303=IFCPOLYLOOP((#5789,#5590,#5589));
#8304=IFCFACEOUTERBOUND(#8303,.T.);
#8305=IFCFACE((#8304));
#8306=IFCPOLYLOOP((#5789,#5790,#5782));
#8307=IFCFACEOUTERBOUND(#8306,.T.);
#8308=IFCFACE((#8307));
#8309=IFCPOLYLOOP((#5589,#5588,#5786));
#8310=IFCFACEOUTERBOUND(#8309,.T.);
#8311=IFCFACE((#8310));
#8312=IFCPOLYLOOP((#5788,#5305,#5310));
#8313=IFCFACEOUTERBOUND(#8312,.T.);
#8314=IFCFACE((#8313));
#8315=IFCPOLYLOOP((#5803,#5780,#5791));
#8316=IFCFACEOUTERBOUND(#8315,.T.);
#8317=IFCFACE((#8316));
#8318=IFCPOLYLOOP((#5589,#5790,#5789));
#8319=IFCFACEOUTERBOUND(#8318,.T.);
#8320=IFCFACE((#8319));
#8321=IFCPOLYLOOP((#5786,#5790,#5589));
#8322=IFCFACEOUTERBOUND(#8321,.T.);
#8323=IFCFACE((#8322));
#8324=IFCPOLYLOOP((#5798,#5791,#5780));
#8325=IFCFACEOUTERBOUND(#8324,.T.);
#8326=IFCFACE((#8325));
#8327=IFCPOLYLOOP((#5785,#5780,#5803,#5309));
#8328=IFCFACEOUTERBOUND(#8327,.T.);
#8329=IFCFACE((#8328));
#8330=IFCPOLYLOOP((#5794,#5792,#5777));
#8331=IFCFACEOUTERBOUND(#8330,.T.);
#8332=IFCFACE((#8331));
#8333=IFCPOLYLOOP((#5801,#5796,#5793));
#8334=IFCFACEOUTERBOUND(#8333,.T.);
#8335=IFCFACE((#8334));
#8336=IFCPOLYLOOP((#5793,#5796,#5774));
#8337=IFCFACEOUTERBOUND(#8336,.T.);
#8338=IFCFACE((#8337));
#8339=IFCPOLYLOOP((#5792,#5794,#5796));
#8340=IFCFACEOUTERBOUND(#8339,.T.);
#8341=IFCFACE((#8340));
#8342=IFCPOLYLOOP((#5797,#5778,#5795));
#8343=IFCFACEOUTERBOUND(#8342,.T.);
#8344=IFCFACE((#8343));
#8345=IFCPOLYLOOP((#5799,#5781,#5787));
#8346=IFCFACEOUTERBOUND(#8345,.T.);
#8347=IFCFACE((#8346));
#8348=IFCPOLYLOOP((#5774,#5796,#5794));
#8349=IFCFACEOUTERBOUND(#8348,.T.);
#8350=IFCFACE((#8349));
#8351=IFCPOLYLOOP((#5792,#5796,#5775));
#8352=IFCFACEOUTERBOUND(#8351,.T.);
#8353=IFCFACE((#8352));
#8354=IFCPOLYLOOP((#5779,#5802,#5801,#5793));
#8355=IFCFACEOUTERBOUND(#8354,.T.);
#8356=IFCFACE((#8355));
#8357=IFCPOLYLOOP((#5800,#5801,#5797));
#8358=IFCFACEOUTERBOUND(#8357,.T.);
#8359=IFCFACE((#8358));
#8360=IFCPOLYLOOP((#5798,#5774,#5794));
#8361=IFCFACEOUTERBOUND(#8360,.T.);
#8362=IFCFACE((#8361));
#8363=IFCPOLYLOOP((#5782,#5790,#5799));
#8364=IFCFACEOUTERBOUND(#8363,.T.);
#8365=IFCFACE((#8364));
#8366=IFCPOLYLOOP((#5795,#5799,#5787));
#8367=IFCFACEOUTERBOUND(#8366,.T.);
#8368=IFCFACE((#8367));
#8369=IFCPOLYLOOP((#5775,#5801,#5800));
#8370=IFCFACEOUTERBOUND(#8369,.T.);
#8371=IFCFACE((#8370));
#8372=IFCPOLYLOOP((#5797,#5776,#5800));
#8373=IFCFACEOUTERBOUND(#8372,.T.);
#8374=IFCFACE((#8373));
#8375=IFCPOLYLOOP((#5802,#5778,#5797));
#8376=IFCFACEOUTERBOUND(#8375,.T.);
#8377=IFCFACE((#8376));
#8378=IFCPOLYLOOP((#5784,#5788,#5803));
#8379=IFCFACEOUTERBOUND(#8378,.T.);
#8380=IFCFACE((#8379));
#8381=IFCPOLYLOOP((#5485,#5305,#5788,#5784,#5777,#5792,#5775,#5800,#5776,#5787,#5781,#5786,#5588,#5765));
#8382=IFCFACEOUTERBOUND(#8381,.T.);
#8383=IFCFACE((#8382));
#8384=IFCCLOSEDSHELL((#620,#623,#626,#629,#632,#635,#638,#641,#644,#647,#650,#653,#656,#659,#662,#665,#668,#671,#674,#677,#680,#683,#686,#689,#692,#695,#698,#701,#704,#707,#710,#713,#716,#719,#722,#725,#728,#731,#734,#737,#740,#743,#746,#749,#752,#755,#758,#761,#764,#767,#770,#773,#776,#779,#782,#785,#788,#791,#794,#797,#800,#803,#806,#809,#812,#815,#818,#821,#824,#827,#830,#833,#836,#839,#842,#845,#848,#851,#854,#857,#860,#863,#866,#869,#872,#875,#878,#881,#884,#887,#890,#893,#896,#899,#902,#905,#908,#911,#914,#917,#920,#923,#926,#929,#932,#935,#938,#941,#944,#947,#950,#953,#956,#959,#962,#965,#968,#971,#974,#977,#980,#983,#986,#989,#992,#995,#998,#1001,#1004,#1007,#1010,#1013,#1016,#1019,#1022,#1025,#1028,#1031,#1034,#1037,#1040,#1043,#1046,#1049,#1052,#1055,#1058,#1061,#1064,#1067,#1070,#1073,#1076,#1079,#1082,#1085,#1088,#1091));
#8385=IFCFACETEDBREP(#8384);
#8386=IFCCOLOURRGB($,0.95686274509803926,0.96078431372549022,0.96470588235294119);
#8387=IFCSURFACESTYLERENDERING(#8386,0.,$,$,$,$,IFCNORMALISEDRATIOMEASURE(0.5),IFCSPECULAREXPONENT(128.),.NOTDEFINED.);
#8388=IFCSURFACESTYLE('Aluminum',.BOTH.,(#8387));
#8389=IFCPRESENTATIONSTYLEASSIGNMENT((#8388));
#8390=IFCSTYLEDITEM(#8385,(#8389),$);
#8391=IFCCLOSEDSHELL((#1142,#1145,#1148,#1151,#1154,#1157,#1160,#1163,#1166,#1169,#1172,#1175,#1178,#1181,#1184,#1187,#1190,#1193,#1196,#1199,#1202,#1205,#1208,#1211,#1214,#1217));
#8392=IFCFACETEDBREP(#8391);
#8393=IFCSTYLEDITEM(#8392,(#8389),$);
#8394=IFCCLOSEDSHELL((#1348,#1351,#1354,#1357,#1360,#1363,#1366,#1369,#1372,#1375,#1378,#1381,#1384,#1387,#1390,#1393,#1396,#1399,#1402,#1405,#1408,#1411,#1414,#1417,#1420,#1423,#1426,#1429,#1432,#1435,#1438,#1441,#1444,#1447,#1450,#1453,#1456,#1459,#1462,#1465,#1468,#1471,#1474,#1477,#1480,#1483,#1486,#1489,#1492,#1495,#1498,#1501,#1504,#1507,#1510,#1513,#1516,#1519,#1522,#1525,#1528,#1531,#1534,#1537,#1540,#1543,#1546,#1549,#1552,#1555,#1558,#1561,#1564,#1567,#1570,#1573,#1576,#1579,#1582,#1585,#1588,#1591,#1594,#1597,#1600,#1603,#1606,#1609,#1612,#1615,#1618,#1621,#1624,#1627,#1630,#1633,#1636,#1639,#1642,#1645,#1648,#1651,#1654,#1657,#1660,#1663,#1666,#1669,#1672,#1675,#1678,#1681,#1684,#1687,#1690,#1693,#1696,#1699,#1702,#1705,#1708,#1711,#1714,#1717,#1720,#1723,#1726,#1729,#1732,#1735,#1738,#1741,#1744,#1747,#1750,#1753,#1756,#1759,#1762,#1765,#1768,#1771,#1774,#1777,#1780,#1783,#1786,#1789,#1792,#1795,#1798,#1801,#1804,#1807,#1810,#1813,#1816,#1819));
#8395=IFCFACETEDBREP(#8394);
#8396=IFCSTYLEDITEM(#8395,(#8389),$);
#8397=IFCCLOSEDSHELL((#1870,#1873,#1876,#1879,#1882,#1885,#1888,#1891,#1894,#1897,#1900,#1903,#1906,#1909,#1912,#1915,#1918,#1921,#1924,#1927,#1930,#1933,#1936,#1939,#1942,#1945));
#8398=IFCFACETEDBREP(#8397);
#8399=IFCSTYLEDITEM(#8398,(#8389),$);
#8400=IFCCLOSEDSHELL((#1956,#1961,#1969,#1973,#1981,#1985,#1993,#1997,#2004,#2007,#2010,#2013,#2016,#2019,#2022,#2025,#2028,#2031));
#8401=IFCFACETEDBREP(#8400);
#8402=IFCCOLOURRGB($,0.69803921568627447,0.69803921568627447,0.69803921568627447);
#8403=IFCSURFACESTYLERENDERING(#8402,0.,$,$,$,$,IFCNORMALISEDRATIOMEASURE(0.5),IFCSPECULAREXPONENT(128.),.NOTDEFINED.);
#8404=IFCSURFACESTYLE('Metal - Paint Finish - Grey',.BOTH.,(#8403));
#8405=IFCPRESENTATIONSTYLEASSIGNMENT((#8404));
#8406=IFCSTYLEDITEM(#8401,(#8405),$);
#8407=IFCCLOSEDSHELL((#2044,#2057,#2060,#2063,#2066,#2069,#2072,#2075,#2078,#2081));
#8408=IFCFACETEDBREP(#8407);
#8409=IFCCOLOURRGB($,0.67843137254901964,0.51764705882352946,0.37647058823529411);
#8410=IFCSURFACESTYLERENDERING(#8409,0.,$,$,$,$,IFCNORMALISEDRATIOMEASURE(0.5),IFCSPECULAREXPONENT(64.),.NOTDEFINED.);
#8411=IFCSURFACESTYLE('Wood - Birch',.BOTH.,(#8410));
#8412=IFCPRESENTATIONSTYLEASSIGNMENT((#8411));
#8413=IFCSTYLEDITEM(#8408,(#8412),$);
#8414=IFCCLOSEDSHELL((#2088,#2095,#2098,#2101,#2104,#2107));
#8415=IFCFACETEDBREP(#8414);
#8416=IFCCOLOURRGB($,0.96078431372549022,0.96078431372549022,0.95294117647058818);
#8417=IFCSURFACESTYLERENDERING(#8416,1.,$,$,$,$,IFCNORMALISEDRATIOMEASURE(0.5),IFCSPECULAREXPONENT(64.),.NOTDEFINED.);
#8418=IFCSURFACESTYLE('Glass',.BOTH.,(#8417));
#8419=IFCPRESENTATIONSTYLEASSIGNMENT((#8418));
#8420=IFCSTYLEDITEM(#8415,(#8419),$);
#8421=IFCCLOSEDSHELL((#2668,#2671,#2674,#2677,#2680,#2683,#2686,#2689,#2692,#2695,#2698,#2701,#2704,#2707,#2710,#2713,#2716,#2719,#2722,#2725,#2728,#2731,#2734,#2737,#2740,#2743,#2746,#2749,#2752,#2755,#2758,#2761,#2764,#2767,#2770,#2773,#2776,#2779,#2782,#2785,#2788,#2791,#2794,#2797,#2800,#2803,#2806,#2809,#2812,#2815,#2818,#2821,#2824,#2827,#2830,#2833,#2836,#2839,#2842,#2845,#2848,#2851,#2854,#2857,#2860,#2863,#2866,#2869,#2872,#2875,#2878,#2881,#2884,#2887,#2890,#2893,#2896,#2899,#2902,#2905,#2908,#2911,#2914,#2917,#2920,#2923,#2926,#2929,#2932,#2935,#2938,#2941,#2944,#2947,#2950,#2953,#2956,#2959,#2962,#2965,#2968,#2971,#2974,#2977,#2980,#2983,#2986,#2989,#2992,#2995,#2998,#3001,#3004,#3007,#3010,#3013,#3016,#3019,#3022,#3025,#3028,#3031,#3034,#3037,#3040,#3043,#3046,#3049,#3052,#3055,#3058,#3061,#3064,#3067,#3070,#3073,#3076,#3079,#3082,#3085,#3088,#3091,#3094,#3097,#3100,#3103,#3106,#3109,#3112,#3115,#3118,#3121,#3124,#3127,#3130,#3133,#3136,#3139,#3142,#3145,#3148,#3151,#3154,#3157,#3160,#3163,#3166,#3169,#3172,#3175,#3178,#3181,#3184,#3187,#3190,#3193,#3196,#3199,#3202,#3205,#3208,#3211,#3214,#3217,#3220,#3223,#3226,#3229,#3232,#3235,#3238,#3241,#3244,#3247,#3250,#3253,#3256,#3259,#3262,#3265,#3268,#3271,#3274,#3277,#3280,#3283,#3286,#3289,#3292,#3295,#3298,#3301,#3304,#3307,#3310,#3313,#3316,#3319,#3322,#3325,#3328,#3331,#3334,#3337,#3340,#3343,#3346,#3349,#3352,#3355,#3358,#3361,#3364,#3367,#3370,#3373,#3376,#3379,#3382,#3385,#3388,#3391,#3394,#3397,#3400,#3403,#3406,#3409,#3412,#3415,#3418,#3421,#3424,#3427,#3430,#3433,#3436,#3439,#3442,#3445,#3448,#3451,#3454,#3457,#3460,#3463,#3466,#3469,#3472,#3475,#3478,#3481,#3484,#3487,#3490,#3493,#3496,#3499,#3502,#3505,#3508,#3511,#3514,#3517,#3520,#3523,#3526,#3529,#3532,#3535,#3538,#3541,#3544,#3547,#3550,#3553,#3556,#3559,#3562,#3565,#3568,#3571,#3574,#3577,#3580,#3583,#3586,#3589,#3592,#3595,#3598,#3601,#3604,#3607,#3610,#3613,#3616,#3619,#3622,#3625,#3628,#3631,#3634,#3637,#3640,#3643,#3646,#3649,#3652,#3655,#3658,#3661,#3664,#3667,#3670,#3673,#3676,#3679,#3682,#3685,#3688,#3691,#3694,#3697,#3700,#3703,#3706,#3709,#3712,#3715,#3718,#3721,#3724,#3727,#3730,#3733,#3736,#3739,#3742,#3745,#3748,#3751,#3754,#3757,#3760,#3763,#3766,#3769,#3772,#3775,#3778,#3781,#3784,#3787,#3790,#3793,#3796,#3799,#3802,#3805,#3808,#3811,#3814,#3817,#3820,#3823,#3826,#3829,#3832,#3835,#3838,#3841,#3844,#3847,#3850,#3853,#3856,#3859,#3862,#3865,#3868,#3871,#3874,#3877,#3880,#3883,#3886,#3889,#3892,#3895,#3898,#3901,#3904,#3907,#3910,#3913,#3916,#3919,#3922,#3925,#3928,#3931,#3934,#3937,#3940,#3943,#3946,#3949,#3952,#3955,#3958,#3961,#3964,#3967,#3970,#3973,#3976,#3979,#3982,#3985,#3988,#3991,#3994,#3997,#4000,#4003,#4006,#4009,#4012,#4015,#4018,#4021,#4024,#4027,#4030,#4033,#4036,#4039,#4042,#4045,#4048,#4051,#4054,#4057,#4060,#4063,#4066,#4069,#4072,#4075,#4078,#4081,#4084,#4087,#4090,#4093,#4096,#4099,#4102,#4105,#4108,#4111,#4114,#4117,#4120,#4123,#4126,#4129,#4132,#4135,#4138,#4141,#4144,#4147,#4150,#4153,#4156,#4159,#4162,#4165,#4168,#4171,#4174,#4177,#4180,#4183,#4186,#4189,#4192,#4195,#4198,#4201,#4204,#4207,#4210,#4213,#4216,#4219,#4222,#4225,#4228,#4231,#4234,#4237,#4240,#4243,#4246,#4249,#4252,#4255,#4258,#4261,#4264,#4267,#4270,#4273,#4276,#4279,#4282,#4285,#4288,#4291,#4294,#4297,#4300,#4303,#4306,#4309,#4312,#4315,#4318,#4321,#4324,#4327,#4330,#4333,#4336,#4339,#4342,#4345,#4348,#4351,#4354,#4357,#4360,#4363,#4366,#4369,#4372,#4375,#4378,#4381,#4384,#4387,#4390,#4393,#4396,#4399,#4402,#4405,#4408,#4411,#4414,#4417,#4420,#4423,#4426,#4429,#4432,#4435,#4438,#4441,#4444,#4447,#4450,#4453,#4456,#4459,#4462,#4465,#4468,#4471,#4474,#4477,#4480,#4483,#4486,#4489,#4492,#4495,#4498,#4501,#4504,#4507,#4510,#4513,#4516,#4519,#4522,#4525,#4528,#4531,#4534,#4537,#4540,#4543,#4546,#4549,#4552,#4555,#4558,#4561,#4564,#4567,#4570,#4573,#4576,#4579,#4582,#4585,#4588,#4591,#4594,#4597,#4600,#4603,#4606,#4609,#4612,#4615,#4618,#4621,#4624,#4627,#4630,#4633,#4636,#4639,#4642,#4645,#4648,#4651,#4654,#4657,#4660,#4663,#4666,#4669,#4672,#4675,#4678,#4681,#4684,#4687,#4690,#4693,#4696,#4699,#4702,#4705,#4708,#4711,#4714,#4717,#4720,#4723,#4726,#4729,#4732,#4735,#4738,#4741,#4744,#4747,#4750,#4753,#4756,#4759,#4762,#4765,#4768,#4771,#4774,#4777,#4780,#4783,#4786,#4789,#4792,#4795,#4798,#4801,#4804,#4807,#4810,#4813,#4816,#4819,#4822,#4825,#4828,#4831,#4834,#4837,#4840,#4843,#4846,#4849,#4852,#4855,#4858,#4861,#4864,#4867,#4870,#4873,#4876,#4879,#4882,#4885,#4888,#4891,#4894,#4897,#4900,#4903,#4906,#4909,#4912,#4915,#4918,#4921,#4924,#4927,#4930,#4933,#4936,#4939,#4942,#4945,#4948,#4951,#4954,#4957,#4960,#4963,#4966,#4969,#4972,#4975,#4978,#4981,#4984,#4987,#4990,#4993,#4996,#4999,#5002,#5005,#5008,#5011,#5014,#5017,#5020,#5023,#5026,#5029,#5032,#5035,#5038,#5041,#5044,#5047,#5050,#5053,#5056,#5059,#5062,#5065,#5068,#5071,#5074,#5077,#5080,#5083,#5086,#5089,#5092,#5095,#5098,#5101,#5104,#5107,#5110,#5113,#5116,#5119,#5122,#5125,#5128,#5131,#5134,#5137,#5140,#5143,#5146,#5149,#5152,#5155,#5158,#5161,#5164,#5167,#5170,#5173,#5176,#5179,#5182,#5185,#5188,#5191,#5194,#5197,#5200,#5203,#5206,#5209,#5212,#5215,#5218,#5221,#5224,#5227,#5230,#5233,#5236,#5239,#5242,#5245));
#8422=IFCFACETEDBREP(#8421);
#8423=IFCSTYLEDITEM(#8422,(#8405),$);
#8424=IFCCLOSEDSHELL((#5806,#5809,#5812,#5815,#5818,#5821,#5824,#5827,#5830,#5833,#5836,#5839,#5842,#5845,#5848,#5851,#5854,#5857,#5860,#5863,#5866,#5869,#5872,#5875,#5878,#5881,#5884,#5887,#5890,#5893,#5896,#5899,#5902,#5905,#5908,#5911,#5914,#5917,#5920,#5923,#5926,#5929,#5932,#5935,#5938,#5941,#5944,#5947,#5950,#5953,#5956,#5959,#5962,#5965,#5968,#5971,#5974,#5977,#5980,#5983,#5986,#5989,#5992,#5995,#5998,#6001,#6004,#6007,#6010,#6013,#6016,#6019,#6022,#6025,#6028,#6031,#6034,#6037,#6040,#6043,#6046,#6049,#6052,#6055,#6058,#6061,#6064,#6067,#6070,#6073,#6076,#6079,#6082,#6085,#6088,#6091,#6094,#6097,#6100,#6103,#6106,#6109,#6112,#6115,#6118,#6121,#6124,#6127,#6130,#6133,#6136,#6139,#6142,#6145,#6148,#6151,#6154,#6157,#6160,#6163,#6166,#6169,#6172,#6175,#6178,#6181,#6184,#6187,#6190,#6193,#6196,#6199,#6202,#6205,#6208,#6211,#6214,#6217,#6220,#6223,#6226,#6229,#6232,#6235,#6238,#6241,#6244,#6247,#6250,#6253,#6256,#6259,#6262,#6265,#6268,#6271,#6274,#6277,#6280,#6283,#6286,#6289,#6292,#6295,#6298,#6301,#6304,#6307,#6310,#6313,#6316,#6319,#6322,#6325,#6328,#6331,#6334,#6337,#6340,#6343,#6346,#6349,#6352,#6355,#6358,#6361,#6364,#6367,#6370,#6373,#6376,#6379,#6382,#6385,#6388,#6391,#6394,#6397,#6400,#6403,#6406,#6409,#6412,#6415,#6418,#6421,#6424,#6427,#6430,#6433,#6436,#6439,#6442,#6445,#6448,#6451,#6454,#6457,#6460,#6463,#6466,#6469,#6472,#6475,#6478,#6481,#6484,#6487,#6490,#6493,#6496,#6499,#6502,#6505,#6508,#6511,#6514,#6517,#6520,#6523,#6526,#6529,#6532,#6535,#6538,#6541,#6544,#6547,#6550,#6553,#6556,#6559,#6562,#6565,#6568,#6571,#6574,#6577,#6580,#6583,#6586,#6589,#6592,#6595,#6598,#6601,#6604,#6607,#6610,#6613,#6616,#6619,#6622,#6625,#6628,#6631,#6634,#6637,#6640,#6643,#6646,#6649,#6652,#6655,#6658,#6661,#6664,#6667,#6670,#6673,#6676,#6679,#6682,#6685,#6688,#6691,#6694,#6697,#6700,#6703,#6706,#6709,#6712,#6715,#6718,#6721,#6724,#6727,#6730,#6733,#6736,#6739,#6742,#6745,#6748,#6751,#6754,#6757,#6760,#6763,#6766,#6769,#6772,#6775,#6778,#6781,#6784,#6787,#6790,#6793,#6796,#6799,#6802,#6805,#6808,#6811,#6814,#6817,#6820,#6823,#6826,#6829,#6832,#6835,#6838,#6841,#6844,#6847,#6850,#6853,#6856,#6859,#6862,#6865,#6868,#6871,#6874,#6877,#6880,#6883,#6886,#6889,#6892,#6895,#6898,#6901,#6904,#6907,#6910,#6913,#6916,#6919,#6922,#6925,#6928,#6931,#6934,#6937,#6940,#6943,#6946,#6949,#6952,#6955,#6958,#6961,#6964,#6967,#6970,#6973,#6976,#6979,#6982,#6985,#6988,#6991,#6994,#6997,#7000,#7003,#7006,#7009,#7012,#7015,#7018,#7021,#7024,#7027,#7030,#7033,#7036,#7039,#7042,#7045,#7048,#7051,#7054,#7057,#7060,#7063,#7066,#7069,#7072,#7075,#7078,#7081,#7084,#7087,#7090,#7093,#7096,#7099,#7102,#7105,#7108,#7111,#7114,#7117,#7120,#7123,#7126,#7129,#7132,#7135,#7138,#7141,#7144,#7147,#7150,#7153,#7156,#7159,#7162,#7165,#7168,#7171,#7174,#7177,#7180,#7183,#7186,#7189,#7192,#7195,#7198,#7201,#7204,#7207,#7210,#7213,#7216,#7219,#7222,#7225,#7228,#7231,#7234,#7237,#7240,#7243,#7246,#7249,#7252,#7255,#7258,#7261,#7264,#7267,#7270,#7273,#7276,#7279,#7282,#7285,#7288,#7291,#7294,#7297,#7300,#7303,#7306,#7309,#7312,#7315,#7318,#7321,#7324,#7327,#7330,#7333,#7336,#7339,#7342,#7345,#7348,#7351,#7354,#7357,#7360,#7363,#7366,#7369,#7372,#7375,#7378,#7381,#7384,#7387,#7390,#7393,#7396,#7399,#7402,#7405,#7408,#7411,#7414,#7417,#7420,#7423,#7426,#7429,#7432,#7435,#7438,#7441,#7444,#7447,#7450,#7453,#7456,#7459,#7462,#7465,#7468,#7471,#7474,#7477,#7480,#7483,#7486,#7489,#7492,#7495,#7498,#7501,#7504,#7507,#7510,#7513,#7516,#7519,#7522,#7525,#7528,#7531,#7534,#7537,#7540,#7543,#7546,#7549,#7552,#7555,#7558,#7561,#7564,#7567,#7570,#7573,#7576,#7579,#7582,#7585,#7588,#7591,#7594,#7597,#7600,#7603,#7606,#7609,#7612,#7615,#7618,#7621,#7624,#7627,#7630,#7633,#7636,#7639,#7642,#7645,#7648,#7651,#7654,#7657,#7660,#7663,#7666,#7669,#7672,#7675,#7678,#7681,#7684,#7687,#7690,#7693,#7696,#7699,#7702,#7705,#7708,#7711,#7714,#7717,#7720,#7723,#7726,#7729,#7732,#7735,#7738,#7741,#7744,#7747,#7750,#7753,#7756,#7759,#7762,#7765,#7768,#7771,#7774,#7777,#7780,#7783,#7786,#7789,#7792,#7795,#7798,#7801,#7804,#7807,#7810,#7813,#7816,#7819,#7822,#7825,#7828,#7831,#7834,#7837,#7840,#7843,#7846,#7849,#7852,#7855,#7858,#7861,#7864,#7867,#7870,#7873,#7876,#7879,#7882,#7885,#7888,#7891,#7894,#7897,#7900,#7903,#7906,#7909,#7912,#7915,#7918,#7921,#7924,#7927,#7930,#7933,#7936,#7939,#7942,#7945,#7948,#7951,#7954,#7957,#7960,#7963,#7966,#7969,#7972,#7975,#7978,#7981,#7984,#7987,#7990,#7993,#7996,#7999,#8002,#8005,#8008,#8011,#8014,#8017,#8020,#8023,#8026,#8029,#8032,#8035,#8038,#8041,#8044,#8047,#8050,#8053,#8056,#8059,#8062,#8065,#8068,#8071,#8074,#8077,#8080,#8083,#8086,#8089,#8092,#8095,#8098,#8101,#8104,#8107,#8110,#8113,#8116,#8119,#8122,#8125,#8128,#8131,#8134,#8137,#8140,#8143,#8146,#8149,#8152,#8155,#8158,#8161,#8164,#8167,#8170,#8173,#8176,#8179,#8182,#8185,#8188,#8191,#8194,#8197,#8200,#8203,#8206,#8209,#8212,#8215,#8218,#8221,#8224,#8227,#8230,#8233,#8236,#8239,#8242,#8245,#8248,#8251,#8254,#8257,#8260,#8263,#8266,#8269,#8272,#8275,#8278,#8281,#8284,#8287,#8290,#8293,#8296,#8299,#8302,#8305,#8308,#8311,#8314,#8317,#8320,#8323,#8326,#8329,#8332,#8335,#8338,#8341,#8344,#8347,#8350,#8353,#8356,#8359,#8362,#8365,#8368,#8371,#8374,#8377,#8380,#8383));
#8425=IFCFACETEDBREP(#8424);
#8426=IFCSTYLEDITEM(#8425,(#8405),$);
#8427=IFCSHAPEREPRESENTATION(#24,'Body','Brep',(#8385,#8392,#8395,#8398,#8401,#8408,#8415,#8422,#8425));
#8428=IFCAXIS2PLACEMENT3D(#19,$,$);
#8429=IFCREPRESENTATIONMAP(#8428,#8427);
#8430=IFCDOORLININGPROPERTIES('26jjhu0DH0Lxf54dPa$Ko8',#6,'Door-Passage-Single-Vision_Lite:36" x 84":1240524',$,$,$,$,$,$,$,$,$,$,$,$);
#8431=IFCDOORPANELPROPERTIES('26jjhu0DH0Lxf54dLa$Ko8',#6,'Door-Passage-Single-Vision_Lite:36" x 84":1240524:1',$,$,.SWINGING.,$,.NOTDEFINED.,$);
#8432=IFCDOORSTYLE('2re007hB7eDDcFHALBRPrd',#6,'Door-Passage-Single-Vision_Lite:36" x 84"',$,$,(#8430,#8431),(#8429),'459553',.SINGLE_SWING_LEFT.,.NOTDEFINED.,.F.,.F.);
#8433=IFCMATERIAL('Aluminum');
#8434=IFCPRESENTATIONSTYLEASSIGNMENT((#8388));
#8435=IFCSTYLEDITEM($,(#8434),$);
#8436=IFCSTYLEDREPRESENTATION(#22,'Style','Material',(#8435));
#8437=IFCMATERIALDEFINITIONREPRESENTATION($,$,(#8436),#8433);
#8438=IFCMATERIAL('Metal - Paint Finish - Grey');
#8439=IFCPRESENTATIONSTYLEASSIGNMENT((#8404));
#8440=IFCSTYLEDITEM($,(#8439),$);
#8441=IFCSTYLEDREPRESENTATION(#22,'Style','Material',(#8440));
#8442=IFCMATERIALDEFINITIONREPRESENTATION($,$,(#8441),#8438);
#8443=IFCMATERIAL('Wood - Birch');
#8444=IFCPRESENTATIONSTYLEASSIGNMENT((#8411));
#8445=IFCSTYLEDITEM($,(#8444),$);
#8446=IFCSTYLEDREPRESENTATION(#22,'Style','Material',(#8445));
#8447=IFCMATERIALDEFINITIONREPRESENTATION($,$,(#8446),#8443);
#8448=IFCMATERIAL('Glass');
#8449=IFCPRESENTATIONSTYLEASSIGNMENT((#8418));
#8450=IFCSTYLEDITEM($,(#8449),$);
#8451=IFCSTYLEDREPRESENTATION(#22,'Style','Material',(#8450));
#8452=IFCMATERIALDEFINITIONREPRESENTATION($,$,(#8451),#8448);
#8453=IFCMATERIALLIST((#8433,#8438,#8443,#8448));
#8454=IFCCARTESIANTRANSFORMATIONOPERATOR3D($,$,#19,1.,$);
#8455=IFCMAPPEDITEM(#8429,#8454);
#8456=IFCSHAPEREPRESENTATION(#24,'Body','MappedRepresentation',(#8455));
#8457=IFCPRODUCTDEFINITIONSHAPE($,$,(#8456));
#8458=IFCCARTESIANPOINT((-93.383436449093338,37.90696572808482,0.));
#8459=IFCAXIS2PLACEMENT3D(#8458,$,$);
#8461=IFCDOOR('26jjhu0DH0Lxf54dTa$Ko8',#6,'Door-Passage-Single-Vision_Lite:36" x 84":1240524',$,$,#17656,#8457,'1240524',7.333333333333333,3.3333333333333286);
#8462=IFCPROPERTYSINGLEVALUE('Reference',$,IFCIDENTIFIER('36" x 84"'),$);
#8463=IFCPROPERTYSET('0aEhGLFLfiejxMOmBnbTV0',#6,'Pset_DoorCommon',$,(#78,#8462));
#8464=IFCPROPERTYSET('2d7$e0XtAJ$jMG7uTcOiG6',#6,'Pset_QuantityTakeOff',$,(#8462));
#8465=IFCRELDEFINESBYPROPERTIES('2t1qQ_9gV2alx4kWtt5I4x',#6,$,$,(#8461),#8463);
#8466=IFCRELDEFINESBYPROPERTIES('0_PObDw7Lz7eWamcSL8Nxs',#6,$,$,(#8461),#8464);
#8467=IFCCARTESIANPOINT((0.37995201771648723,0.3800032808398956,3.3333333333333419));
#8468=IFCCARTESIANPOINT((0.38106993680149159,0.3800032808398956,3.3418247718209573));
#8469=IFCCARTESIANPOINT((0.38434750971831044,0.3800032808398956,3.3497375328084078));
#8470=IFCCARTESIANPOINT((0.38956137528910739,0.3800032808398956,3.3565323747108535));
#8471=IFCCARTESIANPOINT((0.39635621719155356,0.3800032808398956,3.3617462402816503));
#8472=IFCCARTESIANPOINT((0.40426897817900365,0.3800032808398956,3.3650238131984689));
#8473=IFCCARTESIANPOINT((0.41276041666661922,0.3800032808398956,3.3661417322834732));
#8474=IFCCARTESIANPOINT((0.4212518551542348,0.3800032808398956,3.3650238131984684));
#8475=IFCCARTESIANPOINT((0.42916461614168488,0.3800032808398956,3.3617462402816498));
#8476=IFCCARTESIANPOINT((0.43595945804413061,0.3800032808398956,3.3565323747108531));
#8477=IFCCARTESIANPOINT((0.44117332361492778,0.3800032808398956,3.3497375328084069));
#8478=IFCCARTESIANPOINT((0.44445089653174619,0.3800032808398956,3.3418247718209568));
#8479=IFCCARTESIANPOINT((0.44556881561675032,0.3800032808398956,3.333333333333341));
#8480=IFCCARTESIANPOINT((0.44445089653174596,0.3800032808398956,3.3248418948457252));
#8481=IFCCARTESIANPOINT((0.44117332361492734,0.3800032808398956,3.3169291338582751));
#8482=IFCCARTESIANPOINT((0.43595945804413017,0.3800032808398956,3.3101342919558294));
#8483=IFCCARTESIANPOINT((0.42916461614168422,0.3800032808398956,3.3049204263850327));
#8484=IFCCARTESIANPOINT((0.42125185515423391,0.3800032808398956,3.3016428534682141));
#8485=IFCCARTESIANPOINT((0.41276041666661856,0.3800032808398956,3.3005249343832097));
#8486=IFCCARTESIANPOINT((0.40426897817900276,0.3800032808398956,3.3016428534682145));
#8487=IFCCARTESIANPOINT((0.39635621719155267,0.3800032808398956,3.3049204263850331));
#8488=IFCCARTESIANPOINT((0.38956137528910695,0.3800032808398956,3.3101342919558303));
#8489=IFCCARTESIANPOINT((0.38434750971831,0.3800032808398956,3.316929133858276));
#8490=IFCCARTESIANPOINT((0.38106993680149159,0.3800032808398956,3.3248418948457261));
#8491=IFCCARTESIANPOINT((0.44556881561675055,0.28157808398950307,3.333333333333341));
#8492=IFCCARTESIANPOINT((0.44445089653174619,0.28157808398950307,3.3248418948457252));
#8493=IFCCARTESIANPOINT((0.44117332361492734,0.28157808398950307,3.3169291338582751));
#8494=IFCCARTESIANPOINT((0.43595945804413017,0.28157808398950307,3.3101342919558294));
#8495=IFCCARTESIANPOINT((0.42916461614168422,0.28157808398950307,3.3049204263850327));
#8496=IFCCARTESIANPOINT((0.42125185515423413,0.28157808398950307,3.3016428534682141));
#8497=IFCCARTESIANPOINT((0.41276041666661856,0.28157808398950307,3.3005249343832097));
#8498=IFCCARTESIANPOINT((0.40426897817900298,0.28157808398950307,3.3016428534682145));
#8499=IFCCARTESIANPOINT((0.39635621719155267,0.28157808398950307,3.3049204263850331));
#8500=IFCCARTESIANPOINT((0.38956137528910695,0.28157808398950307,3.3101342919558303));
#8501=IFCCARTESIANPOINT((0.38434750971831,0.28157808398950307,3.316929133858276));
#8502=IFCCARTESIANPOINT((0.38106993680149159,0.28157808398950307,3.3248418948457261));
#8503=IFCCARTESIANPOINT((0.37995201771648746,0.28157808398950307,3.3333333333333415));
#8504=IFCCARTESIANPOINT((0.38106993680149182,0.28157808398950307,3.3418247718209573));
#8505=IFCCARTESIANPOINT((0.38434750971831044,0.28157808398950307,3.3497375328084074));
#8506=IFCCARTESIANPOINT((0.38956137528910761,0.28157808398950307,3.3565323747108535));
#8507=IFCCARTESIANPOINT((0.39635621719155334,0.28157808398950307,3.3617462402816503));
#8508=IFCCARTESIANPOINT((0.40426897817900365,0.28157808398950307,3.3650238131984689));
#8509=IFCCARTESIANPOINT((0.41276041666661922,0.28157808398950307,3.3661417322834732));
#8510=IFCCARTESIANPOINT((0.4212518551542348,0.28157808398950307,3.3650238131984684));
#8511=IFCCARTESIANPOINT((0.42916461614168488,0.28157808398950307,3.3617462402816498));
#8512=IFCCARTESIANPOINT((0.43595945804413083,0.28157808398950307,3.3565323747108531));
#8513=IFCCARTESIANPOINT((0.44117332361492778,0.28157808398950307,3.3497375328084069));
#8514=IFCCARTESIANPOINT((0.44445089653174641,0.28157808398950307,3.3418247718209568));
#8515=IFCCARTESIANPOINT((0.46197301509183886,0.26517388451441448,3.3333333333333406));
#8516=IFCCARTESIANPOINT((0.46197301509183886,0.26405596542941001,3.3248418948457248));
#8517=IFCCARTESIANPOINT((0.46197301509183886,0.26077839251259133,3.3169291338582747));
#8518=IFCCARTESIANPOINT((0.46197301509183886,0.25556452694179427,3.310134291955829));
#8519=IFCCARTESIANPOINT((0.46197301509183886,0.24876968503934835,3.3049204263850323));
#8520=IFCCARTESIANPOINT((0.46197301509183886,0.24085692405189815,3.3016428534682136));
#8521=IFCCARTESIANPOINT((0.46197301509183886,0.23236548556428255,3.3005249343832093));
#8522=IFCCARTESIANPOINT((0.46197301509183886,0.22387404707666694,3.3016428534682141));
#8523=IFCCARTESIANPOINT((0.46197301509183886,0.21596128608921683,3.3049204263850327));
#8524=IFCCARTESIANPOINT((0.46197301509183886,0.20916644418677099,3.3101342919558299));
#8525=IFCCARTESIANPOINT((0.46197301509183886,0.20395257861597405,3.3169291338582756));
#8526=IFCCARTESIANPOINT((0.46197301509183886,0.20067500569915558,3.3248418948457261));
#8527=IFCCARTESIANPOINT((0.46197301509183886,0.19955708661415136,3.333333333333341));
#8528=IFCCARTESIANPOINT((0.42096251640416305,0.21054581661871175,3.3333333333333415));
#8529=IFCCARTESIANPOINT((0.39094074772104759,0.24056758530182723,3.3333333333333415));
#8530=IFCCARTESIANPOINT((0.45037349440306684,0.26997856330073117,3.333333333333341));
#8531=IFCCARTESIANPOINT((0.44108653943125642,0.20515360090013673,3.333333333333341));
#8532=IFCCARTESIANPOINT((0.3855485319667642,0.26069160846218614,3.3333333333333415));
#8533=IFCCARTESIANPOINT((0.45152977726154764,0.20235534375714403,3.333333333333341));
#8534=IFCCARTESIANPOINT((0.3827502748416256,0.27113484622584461,3.3333333333333415));
#8535=IFCCARTESIANPOINT((0.45675139617669314,0.20095621518564769,3.333333333333341));
#8536=IFCCARTESIANPOINT((0.38135114627905642,0.27635646510767387,3.3333333333333415));
#8537=IFCCARTESIANPOINT((0.40595163206260532,0.22555670096026947,3.3333333333333415));
#8538=IFCCARTESIANPOINT((0.43068144063271374,0.2364569716315652,3.3010233682916836));
#8539=IFCCARTESIANPOINT((0.41685190481666634,0.25028651191006646,3.3010233677507834));
#8540=IFCCARTESIANPOINT((0.38824463984390589,0.2506295968820067,3.3333333333333415));
#8541=IFCCARTESIANPOINT((0.43897230049461622,0.22032356850952692,3.3048136707432807));
#8542=IFCCARTESIANPOINT((0.40936446288158113,0.25997744229949737,3.3014311636391001));
#8543=IFCCARTESIANPOINT((0.39626324560232695,0.26202383359372294,3.3068349839339723));
#8544=IFCCARTESIANPOINT((0.44878909928516331,0.25737739709487184,3.3086857132680367));
#8545=IFCCARTESIANPOINT((0.43777232723729731,0.26839416792938819,3.3086857124209672));
#8546=IFCCARTESIANPOINT((0.43408166688687477,0.2536867368943041,3.3020128636738963));
#8547=IFCCARTESIANPOINT((0.41302121181533624,0.23344238231779457,3.3069053892866558));
#8548=IFCCARTESIANPOINT((0.43102452791770984,0.20784970875942424,3.333333333333341));
#8549=IFCCARTESIANPOINT((0.41345707423338407,0.21805125878949061,3.3333333333333415));
#8550=IFCCARTESIANPOINT((0.39844618989182656,0.23306214313104837,3.3333333333333415));
#8551=IFCCARTESIANPOINT((0.46197301509183886,0.20067500569915575,3.3418247718209568));
#8552=IFCCARTESIANPOINT((0.46197301509183886,0.20395257861597438,3.3497375328084069));
#8553=IFCCARTESIANPOINT((0.46197301509183908,0.20916644418677144,3.3565323747108526));
#8554=IFCCARTESIANPOINT((0.46197301509183908,0.21596128608921733,3.3617462402816498));
#8555=IFCCARTESIANPOINT((0.46197301509183908,0.22387404707666758,3.3650238131984684));
#8556=IFCCARTESIANPOINT((0.46197301509183908,0.23236548556428319,3.3661417322834728));
#8557=IFCCARTESIANPOINT((0.46197301509183908,0.24085692405189874,3.3650238131984684));
#8558=IFCCARTESIANPOINT((0.46197301509183908,0.24876968503934888,3.3617462402816494));
#8559=IFCCARTESIANPOINT((0.46197301509183908,0.25556452694179471,3.3565323747108526));
#8560=IFCCARTESIANPOINT((0.46197301509183886,0.26077839251259166,3.3497375328084069));
#8561=IFCCARTESIANPOINT((0.46197301509183886,0.26405596542941018,3.3418247718209564));
#8562=IFCCARTESIANPOINT((0.41685190481629841,0.2502865119096746,3.3656432989158063));
#8563=IFCCARTESIANPOINT((0.43068144063120628,0.23645697163120422,3.3656432983747946));
#8564=IFCCARTESIANPOINT((0.43897230049434066,0.22032356850940968,3.3618529959232841));
#8565=IFCCARTESIANPOINT((0.40936446288151429,0.2599774422994019,3.3652355030275589));
#8566=IFCCARTESIANPOINT((0.39626324560230652,0.262023833593655,3.3598316827326817));
#8567=IFCCARTESIANPOINT((0.43777232723707193,0.26839416792925308,3.3579809542459458));
#8568=IFCCARTESIANPOINT((0.44878909928519506,0.2573773970948911,3.3579809533986174));
#8569=IFCCARTESIANPOINT((0.43408166688559136,0.25368673689318677,3.3646538029933155));
#8570=IFCCARTESIANPOINT((0.41383731212949559,0.23262628180527772,3.3597612772872703));
#8571=IFCCARTESIANPOINT((0.80646120406824195,0.19955708661415161,3.3333333333333401));
#8572=IFCCARTESIANPOINT((0.80646120406824195,0.20067500569915586,3.3248418948457248));
#8573=IFCCARTESIANPOINT((0.80646120406824195,0.20395257861597438,3.3169291338582747));
#8574=IFCCARTESIANPOINT((0.80646120406824184,0.20916644418677133,3.3101342919558285));
#8575=IFCCARTESIANPOINT((0.80646120406824184,0.21596128608921711,3.3049204263850318));
#8576=IFCCARTESIANPOINT((0.80646120406824184,0.22387404707666725,3.3016428534682132));
#8577=IFCCARTESIANPOINT((0.80646120406824184,0.23236548556428283,3.3005249343832084));
#8578=IFCCARTESIANPOINT((0.80646120406824184,0.24085692405189846,3.3016428534682127));
#8579=IFCCARTESIANPOINT((0.80646120406824184,0.24876968503934865,3.3049204263850314));
#8580=IFCCARTESIANPOINT((0.80646120406824184,0.2555645269417946,3.3101342919558281));
#8581=IFCCARTESIANPOINT((0.80646120406824195,0.26077839251259166,3.3169291338582738));
#8582=IFCCARTESIANPOINT((0.80646120406824195,0.26405596542941034,3.3248418948457243));
#8583=IFCCARTESIANPOINT((0.80646120406824195,0.26517388451441476,3.3333333333333401));
#8584=IFCCARTESIANPOINT((0.80646120406824195,0.26405596542941046,3.3418247718209559));
#8585=IFCCARTESIANPOINT((0.80646120406824195,0.26077839251259188,3.349737532808406));
#8586=IFCCARTESIANPOINT((0.80646120406824207,0.25556452694179488,3.3565323747108518));
#8587=IFCCARTESIANPOINT((0.80646120406824207,0.24876968503934899,3.3617462402816489));
#8588=IFCCARTESIANPOINT((0.80646120406824207,0.24085692405189885,3.3650238131984676));
#8589=IFCCARTESIANPOINT((0.80646120406824207,0.23236548556428327,3.3661417322834719));
#8590=IFCCARTESIANPOINT((0.80646120406824207,0.22387404707666764,3.3650238131984676));
#8591=IFCCARTESIANPOINT((0.80646120406824207,0.21596128608921744,3.3617462402816489));
#8592=IFCCARTESIANPOINT((0.80646120406824207,0.20916644418677161,3.3565323747108518));
#8593=IFCCARTESIANPOINT((0.80646120406824195,0.2039525786159746,3.349737532808406));
#8594=IFCCARTESIANPOINT((0.80646120406824195,0.20067500569915597,3.3418247718209559));
#8595=IFCPOLYLOOP((#8488,#8489,#8490,#8467,#8468,#8469,#8470,#8471,#8472,#8473,#8474,#8475,#8476,#8477,#8478,#8479,#8480,#8481,#8482,#8483,#8484,#8485,#8486,#8487));
#8596=IFCFACEOUTERBOUND(#8595,.T.);
#8597=IFCFACE((#8596));
#8598=IFCPOLYLOOP((#8503,#8467,#8490,#8502));
#8599=IFCFACEOUTERBOUND(#8598,.T.);
#8600=IFCFACE((#8599));
#8601=IFCPOLYLOOP((#8502,#8490,#8489,#8501));
#8602=IFCFACEOUTERBOUND(#8601,.T.);
#8603=IFCFACE((#8602));
#8604=IFCPOLYLOOP((#8499,#8500,#8488,#8487));
#8605=IFCFACEOUTERBOUND(#8604,.T.);
#8606=IFCFACE((#8605));
#8607=IFCPOLYLOOP((#8489,#8488,#8500,#8501));
#8608=IFCFACEOUTERBOUND(#8607,.T.);
#8609=IFCFACE((#8608));
#8610=IFCPOLYLOOP((#8498,#8499,#8487,#8486));
#8611=IFCFACEOUTERBOUND(#8610,.T.);
#8612=IFCFACE((#8611));
#8613=IFCPOLYLOOP((#8485,#8497,#8498,#8486));
#8614=IFCFACEOUTERBOUND(#8613,.T.);
#8615=IFCFACE((#8614));
#8616=IFCPOLYLOOP((#8496,#8484,#8483,#8495));
#8617=IFCFACEOUTERBOUND(#8616,.T.);
#8618=IFCFACE((#8617));
#8619=IFCPOLYLOOP((#8495,#8483,#8482,#8494));
#8620=IFCFACEOUTERBOUND(#8619,.T.);
#8621=IFCFACE((#8620));
#8622=IFCPOLYLOOP((#8492,#8493,#8481,#8480));
#8623=IFCFACEOUTERBOUND(#8622,.T.);
#8624=IFCFACE((#8623));
#8625=IFCPOLYLOOP((#8482,#8481,#8493,#8494));
#8626=IFCFACEOUTERBOUND(#8625,.T.);
#8627=IFCFACE((#8626));
#8628=IFCPOLYLOOP((#8491,#8492,#8480,#8479));
#8629=IFCFACEOUTERBOUND(#8628,.T.);
#8630=IFCFACE((#8629));
#8631=IFCPOLYLOOP((#8496,#8497,#8485,#8484));
#8632=IFCFACEOUTERBOUND(#8631,.T.);
#8633=IFCFACE((#8632));
#8634=IFCPOLYLOOP((#8491,#8479,#8478,#8514));
#8635=IFCFACEOUTERBOUND(#8634,.T.);
#8636=IFCFACE((#8635));
#8637=IFCPOLYLOOP((#8514,#8478,#8477,#8513));
#8638=IFCFACEOUTERBOUND(#8637,.T.);
#8639=IFCFACE((#8638));
#8640=IFCPOLYLOOP((#8511,#8512,#8476,#8475));
#8641=IFCFACEOUTERBOUND(#8640,.T.);
#8642=IFCFACE((#8641));
#8643=IFCPOLYLOOP((#8477,#8476,#8512,#8513));
#8644=IFCFACEOUTERBOUND(#8643,.T.);
#8645=IFCFACE((#8644));
#8646=IFCPOLYLOOP((#8510,#8511,#8475,#8474));
#8647=IFCFACEOUTERBOUND(#8646,.T.);
#8648=IFCFACE((#8647));
#8649=IFCPOLYLOOP((#8473,#8509,#8510,#8474));
#8650=IFCFACEOUTERBOUND(#8649,.T.);
#8651=IFCFACE((#8650));
#8652=IFCPOLYLOOP((#8508,#8472,#8471,#8507));
#8653=IFCFACEOUTERBOUND(#8652,.T.);
#8654=IFCFACE((#8653));
#8655=IFCPOLYLOOP((#8507,#8471,#8470,#8506));
#8656=IFCFACEOUTERBOUND(#8655,.T.);
#8657=IFCFACE((#8656));
#8658=IFCPOLYLOOP((#8504,#8505,#8469,#8468));
#8659=IFCFACEOUTERBOUND(#8658,.T.);
#8660=IFCFACE((#8659));
#8661=IFCPOLYLOOP((#8470,#8469,#8505,#8506));
#8662=IFCFACEOUTERBOUND(#8661,.T.);
#8663=IFCFACE((#8662));
#8664=IFCPOLYLOOP((#8503,#8504,#8468,#8467));
#8665=IFCFACEOUTERBOUND(#8664,.T.);
#8666=IFCFACE((#8665));
#8667=IFCPOLYLOOP((#8508,#8509,#8473,#8472));
#8668=IFCFACEOUTERBOUND(#8667,.T.);
#8669=IFCFACE((#8668));
#8670=IFCPOLYLOOP((#8501,#8536,#8502));
#8671=IFCFACEOUTERBOUND(#8670,.T.);
#8672=IFCFACE((#8671));
#8673=IFCPOLYLOOP((#8532,#8498,#8543));
#8674=IFCFACEOUTERBOUND(#8673,.T.);
#8675=IFCFACE((#8674));
#8676=IFCPOLYLOOP((#8545,#8539,#8542));
#8677=IFCFACEOUTERBOUND(#8676,.T.);
#8678=IFCFACE((#8677));
#8679=IFCPOLYLOOP((#8543,#8529,#8540,#8532));
#8680=IFCFACEOUTERBOUND(#8679,.T.);
#8681=IFCFACE((#8680));
#8682=IFCPOLYLOOP((#8500,#8499,#8532));
#8683=IFCFACEOUTERBOUND(#8682,.T.);
#8684=IFCFACE((#8683));
#8685=IFCPOLYLOOP((#8500,#8534,#8501));
#8686=IFCFACEOUTERBOUND(#8685,.T.);
#8687=IFCFACE((#8686));
#8688=IFCPOLYLOOP((#8498,#8532,#8499));
#8689=IFCFACEOUTERBOUND(#8688,.T.);
#8690=IFCFACE((#8689));
#8691=IFCPOLYLOOP((#8543,#8542,#8529));
#8692=IFCFACEOUTERBOUND(#8691,.T.);
#8693=IFCFACE((#8692));
#8694=IFCPOLYLOOP((#8496,#8495,#8543));
#8695=IFCFACEOUTERBOUND(#8694,.T.);
#8696=IFCFACE((#8695));
#8697=IFCPOLYLOOP((#8546,#8538,#8547));
#8698=IFCFACEOUTERBOUND(#8697,.T.);
#8699=IFCFACE((#8698));
#8700=IFCPOLYLOOP((#8538,#8541,#8528));
#8701=IFCFACEOUTERBOUND(#8700,.T.);
#8702=IFCFACE((#8701));
#8703=IFCPOLYLOOP((#8498,#8497,#8543));
#8704=IFCFACEOUTERBOUND(#8703,.T.);
#8705=IFCFACE((#8704));
#8706=IFCPOLYLOOP((#8497,#8496,#8543));
#8707=IFCFACEOUTERBOUND(#8706,.T.);
#8708=IFCFACE((#8707));
#8709=IFCPOLYLOOP((#8544,#8530,#8515));
#8710=IFCFACEOUTERBOUND(#8709,.T.);
#8711=IFCFACE((#8710));
#8712=IFCPOLYLOOP((#8542,#8543,#8495));
#8713=IFCFACEOUTERBOUND(#8712,.T.);
#8714=IFCFACE((#8713));
#8715=IFCPOLYLOOP((#8517,#8544,#8516));
#8716=IFCFACEOUTERBOUND(#8715,.T.);
#8717=IFCFACE((#8716));
#8718=IFCPOLYLOOP((#8522,#8531,#8548));
#8719=IFCFACEOUTERBOUND(#8718,.T.);
#8720=IFCFACE((#8719));
#8721=IFCPOLYLOOP((#8526,#8535,#8525));
#8722=IFCFACEOUTERBOUND(#8721,.T.);
#8723=IFCFACE((#8722));
#8724=IFCPOLYLOOP((#8493,#8545,#8542));
#8725=IFCFACEOUTERBOUND(#8724,.T.);
#8726=IFCFACE((#8725));
#8727=IFCPOLYLOOP((#8495,#8494,#8542));
#8728=IFCFACEOUTERBOUND(#8727,.T.);
#8729=IFCFACE((#8728));
#8730=IFCPOLYLOOP((#8546,#8547,#8539));
#8731=IFCFACEOUTERBOUND(#8730,.T.);
#8732=IFCFACE((#8731));
#8733=IFCPOLYLOOP((#8519,#8541,#8518));
#8734=IFCFACEOUTERBOUND(#8733,.T.);
#8735=IFCFACE((#8734));
#8736=IFCPOLYLOOP((#8546,#8545,#8530));
#8737=IFCFACEOUTERBOUND(#8736,.T.);
#8738=IFCFACE((#8737));
#8739=IFCPOLYLOOP((#8547,#8550,#8539));
#8740=IFCFACEOUTERBOUND(#8739,.T.);
#8741=IFCFACE((#8740));
#8742=IFCPOLYLOOP((#8538,#8549,#8547));
#8743=IFCFACEOUTERBOUND(#8742,.T.);
#8744=IFCFACE((#8743));
#8745=IFCPOLYLOOP((#8522,#8523,#8531));
#8746=IFCFACEOUTERBOUND(#8745,.T.);
#8747=IFCFACE((#8746));
#8748=IFCPOLYLOOP((#8546,#8539,#8545));
#8749=IFCFACEOUTERBOUND(#8748,.T.);
#8750=IFCFACE((#8749));
#8751=IFCPOLYLOOP((#8541,#8521,#8548));
#8752=IFCFACEOUTERBOUND(#8751,.T.);
#8753=IFCFACE((#8752));
#8754=IFCPOLYLOOP((#8548,#8521,#8522));
#8755=IFCFACEOUTERBOUND(#8754,.T.);
#8756=IFCFACE((#8755));
#8757=IFCPOLYLOOP((#8531,#8524,#8533));
#8758=IFCFACEOUTERBOUND(#8757,.T.);
#8759=IFCFACE((#8758));
#8760=IFCPOLYLOOP((#8549,#8538,#8528));
#8761=IFCFACEOUTERBOUND(#8760,.T.);
#8762=IFCFACE((#8761));
#8763=IFCPOLYLOOP((#8523,#8524,#8531));
#8764=IFCFACEOUTERBOUND(#8763,.T.);
#8765=IFCFACE((#8764));
#8766=IFCPOLYLOOP((#8548,#8528,#8541));
#8767=IFCFACEOUTERBOUND(#8766,.T.);
#8768=IFCFACE((#8767));
#8769=IFCPOLYLOOP((#8527,#8535,#8526));
#8770=IFCFACEOUTERBOUND(#8769,.T.);
#8771=IFCFACE((#8770));
#8772=IFCPOLYLOOP((#8546,#8544,#8538));
#8773=IFCFACEOUTERBOUND(#8772,.T.);
#8774=IFCFACE((#8773));
#8775=IFCPOLYLOOP((#8539,#8550,#8542));
#8776=IFCFACEOUTERBOUND(#8775,.T.);
#8777=IFCFACE((#8776));
#8778=IFCPOLYLOOP((#8524,#8525,#8533));
#8779=IFCFACEOUTERBOUND(#8778,.T.);
#8780=IFCFACE((#8779));
#8781=IFCPOLYLOOP((#8492,#8491,#8545));
#8782=IFCFACEOUTERBOUND(#8781,.T.);
#8783=IFCFACE((#8782));
#8784=IFCPOLYLOOP((#8547,#8549,#8537,#8550));
#8785=IFCFACEOUTERBOUND(#8784,.T.);
#8786=IFCFACE((#8785));
#8787=IFCPOLYLOOP((#8538,#8544,#8517));
#8788=IFCFACEOUTERBOUND(#8787,.T.);
#8789=IFCFACE((#8788));
#8790=IFCPOLYLOOP((#8534,#8500,#8532));
#8791=IFCFACEOUTERBOUND(#8790,.T.);
#8792=IFCFACE((#8791));
#8793=IFCPOLYLOOP((#8544,#8515,#8516));
#8794=IFCFACEOUTERBOUND(#8793,.T.);
#8795=IFCFACE((#8794));
#8796=IFCPOLYLOOP((#8536,#8503,#8502));
#8797=IFCFACEOUTERBOUND(#8796,.T.);
#8798=IFCFACE((#8797));
#8799=IFCPOLYLOOP((#8538,#8518,#8541));
#8800=IFCFACEOUTERBOUND(#8799,.T.);
#8801=IFCFACE((#8800));
#8802=IFCPOLYLOOP((#8525,#8535,#8533));
#8803=IFCFACEOUTERBOUND(#8802,.T.);
#8804=IFCFACE((#8803));
#8805=IFCPOLYLOOP((#8538,#8517,#8518));
#8806=IFCFACEOUTERBOUND(#8805,.T.);
#8807=IFCFACE((#8806));
#8808=IFCPOLYLOOP((#8501,#8534,#8536));
#8809=IFCFACEOUTERBOUND(#8808,.T.);
#8810=IFCFACE((#8809));
#8811=IFCPOLYLOOP((#8520,#8541,#8519));
#8812=IFCFACEOUTERBOUND(#8811,.T.);
#8813=IFCFACE((#8812));
#8814=IFCPOLYLOOP((#8541,#8520,#8521));
#8815=IFCFACEOUTERBOUND(#8814,.T.);
#8816=IFCFACE((#8815));
#8817=IFCPOLYLOOP((#8542,#8494,#8493));
#8818=IFCFACEOUTERBOUND(#8817,.T.);
#8819=IFCFACE((#8818));
#8820=IFCPOLYLOOP((#8544,#8546,#8530));
#8821=IFCFACEOUTERBOUND(#8820,.T.);
#8822=IFCFACE((#8821));
#8823=IFCPOLYLOOP((#8545,#8493,#8492));
#8824=IFCFACEOUTERBOUND(#8823,.T.);
#8825=IFCFACE((#8824));
#8826=IFCPOLYLOOP((#8529,#8542,#8550));
#8827=IFCFACEOUTERBOUND(#8826,.T.);
#8828=IFCFACE((#8827));
#8829=IFCPOLYLOOP((#8545,#8491,#8530));
#8830=IFCFACEOUTERBOUND(#8829,.T.);
#8831=IFCFACE((#8830));
#8832=IFCPOLYLOOP((#8532,#8540,#8529,#8566));
#8833=IFCFACEOUTERBOUND(#8832,.T.);
#8834=IFCFACE((#8833));
#8835=IFCPOLYLOOP((#8569,#8567,#8562));
#8836=IFCFACEOUTERBOUND(#8835,.T.);
#8837=IFCFACE((#8836));
#8838=IFCPOLYLOOP((#8568,#8515,#8530));
#8839=IFCFACEOUTERBOUND(#8838,.T.);
#8840=IFCFACE((#8839));
#8841=IFCPOLYLOOP((#8513,#8512,#8565));
#8842=IFCFACEOUTERBOUND(#8841,.T.);
#8843=IFCFACE((#8842));
#8844=IFCPOLYLOOP((#8567,#8565,#8562));
#8845=IFCFACEOUTERBOUND(#8844,.T.);
#8846=IFCFACE((#8845));
#8847=IFCPOLYLOOP((#8568,#8563,#8560));
#8848=IFCFACEOUTERBOUND(#8847,.T.);
#8849=IFCFACE((#8848));
#8850=IFCPOLYLOOP((#8565,#8567,#8513));
#8851=IFCFACEOUTERBOUND(#8850,.T.);
#8852=IFCFACE((#8851));
#8853=IFCPOLYLOOP((#8569,#8562,#8570));
#8854=IFCFACEOUTERBOUND(#8853,.T.);
#8855=IFCFACE((#8854));
#8856=IFCPOLYLOOP((#8513,#8567,#8514));
#8857=IFCFACEOUTERBOUND(#8856,.T.);
#8858=IFCFACE((#8857));
#8859=IFCPOLYLOOP((#8569,#8568,#8530));
#8860=IFCFACEOUTERBOUND(#8859,.T.);
#8861=IFCFACE((#8860));
#8862=IFCPOLYLOOP((#8563,#8569,#8570));
#8863=IFCFACEOUTERBOUND(#8862,.T.);
#8864=IFCFACE((#8863));
#8865=IFCPOLYLOOP((#8561,#8515,#8568));
#8866=IFCFACEOUTERBOUND(#8865,.T.);
#8867=IFCFACE((#8866));
#8868=IFCPOLYLOOP((#8504,#8503,#8536));
#8869=IFCFACEOUTERBOUND(#8868,.T.);
#8870=IFCFACE((#8869));
#8871=IFCPOLYLOOP((#8564,#8563,#8528));
#8872=IFCFACEOUTERBOUND(#8871,.T.);
#8873=IFCFACE((#8872));
#8874=IFCPOLYLOOP((#8564,#8528,#8548));
#8875=IFCFACEOUTERBOUND(#8874,.T.);
#8876=IFCFACE((#8875));
#8877=IFCPOLYLOOP((#8534,#8532,#8506));
#8878=IFCFACEOUTERBOUND(#8877,.T.);
#8879=IFCFACE((#8878));
#8880=IFCPOLYLOOP((#8508,#8566,#8509));
#8881=IFCFACEOUTERBOUND(#8880,.T.);
#8882=IFCFACE((#8881));
#8883=IFCPOLYLOOP((#8549,#8528,#8563));
#8884=IFCFACEOUTERBOUND(#8883,.T.);
#8885=IFCFACE((#8884));
#8886=IFCPOLYLOOP((#8507,#8506,#8532));
#8887=IFCFACEOUTERBOUND(#8886,.T.);
#8888=IFCFACE((#8887));
#8889=IFCPOLYLOOP((#8532,#8508,#8507));
#8890=IFCFACEOUTERBOUND(#8889,.T.);
#8891=IFCFACE((#8890));
#8892=IFCPOLYLOOP((#8529,#8550,#8565));
#8893=IFCFACEOUTERBOUND(#8892,.T.);
#8894=IFCFACE((#8893));
#8895=IFCPOLYLOOP((#8548,#8555,#8556));
#8896=IFCFACEOUTERBOUND(#8895,.T.);
#8897=IFCFACE((#8896));
#8898=IFCPOLYLOOP((#8532,#8566,#8508));
#8899=IFCFACEOUTERBOUND(#8898,.T.);
#8900=IFCFACE((#8899));
#8901=IFCPOLYLOOP((#8563,#8568,#8569));
#8902=IFCFACEOUTERBOUND(#8901,.T.);
#8903=IFCFACE((#8902));
#8904=IFCPOLYLOOP((#8567,#8569,#8530));
#8905=IFCFACEOUTERBOUND(#8904,.T.);
#8906=IFCFACE((#8905));
#8907=IFCPOLYLOOP((#8561,#8568,#8560));
#8908=IFCFACEOUTERBOUND(#8907,.T.);
#8909=IFCFACE((#8908));
#8910=IFCPOLYLOOP((#8559,#8560,#8563));
#8911=IFCFACEOUTERBOUND(#8910,.T.);
#8912=IFCFACE((#8911));
#8913=IFCPOLYLOOP((#8506,#8505,#8534));
#8914=IFCFACEOUTERBOUND(#8913,.T.);
#8915=IFCFACE((#8914));
#8916=IFCPOLYLOOP((#8563,#8570,#8549));
#8917=IFCFACEOUTERBOUND(#8916,.T.);
#8918=IFCFACE((#8917));
#8919=IFCPOLYLOOP((#8567,#8491,#8514));
#8920=IFCFACEOUTERBOUND(#8919,.T.);
#8921=IFCFACE((#8920));
#8922=IFCPOLYLOOP((#8533,#8553,#8531));
#8923=IFCFACEOUTERBOUND(#8922,.T.);
#8924=IFCFACE((#8923));
#8925=IFCPOLYLOOP((#8558,#8564,#8557));
#8926=IFCFACEOUTERBOUND(#8925,.T.);
#8927=IFCFACE((#8926));
#8928=IFCPOLYLOOP((#8552,#8533,#8535));
#8929=IFCFACEOUTERBOUND(#8928,.T.);
#8930=IFCFACE((#8929));
#8931=IFCPOLYLOOP((#8505,#8536,#8534));
#8932=IFCFACEOUTERBOUND(#8931,.T.);
#8933=IFCFACE((#8932));
#8934=IFCPOLYLOOP((#8558,#8559,#8564));
#8935=IFCFACEOUTERBOUND(#8934,.T.);
#8936=IFCFACE((#8935));
#8937=IFCPOLYLOOP((#8535,#8527,#8551));
#8938=IFCFACEOUTERBOUND(#8937,.T.);
#8939=IFCFACE((#8938));
#8940=IFCPOLYLOOP((#8564,#8556,#8557));
#8941=IFCFACEOUTERBOUND(#8940,.T.);
#8942=IFCFACE((#8941));
#8943=IFCPOLYLOOP((#8562,#8550,#8570));
#8944=IFCFACEOUTERBOUND(#8943,.T.);
#8945=IFCFACE((#8944));
#8946=IFCPOLYLOOP((#8570,#8550,#8537,#8549));
#8947=IFCFACEOUTERBOUND(#8946,.T.);
#8948=IFCFACE((#8947));
#8949=IFCPOLYLOOP((#8531,#8553,#8554));
#8950=IFCFACEOUTERBOUND(#8949,.T.);
#8951=IFCFACE((#8950));
#8952=IFCPOLYLOOP((#8554,#8555,#8531));
#8953=IFCFACEOUTERBOUND(#8952,.T.);
#8954=IFCFACE((#8953));
#8955=IFCPOLYLOOP((#8510,#8566,#8511));
#8956=IFCFACEOUTERBOUND(#8955,.T.);
#8957=IFCFACE((#8956));
#8958=IFCPOLYLOOP((#8531,#8555,#8548));
#8959=IFCFACEOUTERBOUND(#8958,.T.);
#8960=IFCFACE((#8959));
#8961=IFCPOLYLOOP((#8535,#8551,#8552));
#8962=IFCFACEOUTERBOUND(#8961,.T.);
#8963=IFCFACE((#8962));
#8964=IFCPOLYLOOP((#8550,#8562,#8565));
#8965=IFCFACEOUTERBOUND(#8964,.T.);
#8966=IFCFACE((#8965));
#8967=IFCPOLYLOOP((#8564,#8548,#8556));
#8968=IFCFACEOUTERBOUND(#8967,.T.);
#8969=IFCFACE((#8968));
#8970=IFCPOLYLOOP((#8510,#8509,#8566));
#8971=IFCFACEOUTERBOUND(#8970,.T.);
#8972=IFCFACE((#8971));
#8973=IFCPOLYLOOP((#8563,#8564,#8559));
#8974=IFCFACEOUTERBOUND(#8973,.T.);
#8975=IFCFACE((#8974));
#8976=IFCPOLYLOOP((#8553,#8533,#8552));
#8977=IFCFACEOUTERBOUND(#8976,.T.);
#8978=IFCFACE((#8977));
#8979=IFCPOLYLOOP((#8504,#8536,#8505));
#8980=IFCFACEOUTERBOUND(#8979,.T.);
#8981=IFCFACE((#8980));
#8982=IFCPOLYLOOP((#8565,#8566,#8529));
#8983=IFCFACEOUTERBOUND(#8982,.T.);
#8984=IFCFACE((#8983));
#8985=IFCPOLYLOOP((#8565,#8512,#8511));
#8986=IFCFACEOUTERBOUND(#8985,.T.);
#8987=IFCFACE((#8986));
#8988=IFCPOLYLOOP((#8567,#8530,#8491));
#8989=IFCFACEOUTERBOUND(#8988,.T.);
#8990=IFCFACE((#8989));
#8991=IFCPOLYLOOP((#8566,#8565,#8511));
#8992=IFCFACEOUTERBOUND(#8991,.T.);
#8993=IFCFACE((#8992));
#8994=IFCPOLYLOOP((#8576,#8577,#8578,#8579,#8580,#8581,#8582,#8583,#8584,#8585,#8586,#8587,#8588,#8589,#8590,#8591,#8592,#8593,#8594,#8571,#8572,#8573,#8574,#8575));
#8995=IFCFACEOUTERBOUND(#8994,.T.);
#8996=IFCFACE((#8995));
#8997=IFCPOLYLOOP((#8571,#8527,#8526,#8572));
#8998=IFCFACEOUTERBOUND(#8997,.T.);
#8999=IFCFACE((#8998));
#9000=IFCPOLYLOOP((#8572,#8526,#8525,#8573));
#9001=IFCFACEOUTERBOUND(#9000,.T.);
#9002=IFCFACE((#9001));
#9003=IFCPOLYLOOP((#8574,#8524,#8523,#8575));
#9004=IFCFACEOUTERBOUND(#9003,.T.);
#9005=IFCFACE((#9004));
#9006=IFCPOLYLOOP((#8573,#8525,#8524,#8574));
#9007=IFCFACEOUTERBOUND(#9006,.T.);
#9008=IFCFACE((#9007));
#9009=IFCPOLYLOOP((#8575,#8523,#8522,#8576));
#9010=IFCFACEOUTERBOUND(#9009,.T.);
#9011=IFCFACE((#9010));
#9012=IFCPOLYLOOP((#8521,#8577,#8576,#8522));
#9013=IFCFACEOUTERBOUND(#9012,.T.);
#9014=IFCFACE((#9013));
#9015=IFCPOLYLOOP((#8519,#8518,#8580,#8579));
#9016=IFCFACEOUTERBOUND(#9015,.T.);
#9017=IFCFACE((#9016));
#9018=IFCPOLYLOOP((#8520,#8519,#8579,#8578));
#9019=IFCFACEOUTERBOUND(#9018,.T.);
#9020=IFCFACE((#9019));
#9021=IFCPOLYLOOP((#8516,#8515,#8583,#8582));
#9022=IFCFACEOUTERBOUND(#9021,.T.);
#9023=IFCFACE((#9022));
#9024=IFCPOLYLOOP((#8517,#8516,#8582,#8581));
#9025=IFCFACEOUTERBOUND(#9024,.T.);
#9026=IFCFACE((#9025));
#9027=IFCPOLYLOOP((#8518,#8517,#8581,#8580));
#9028=IFCFACEOUTERBOUND(#9027,.T.);
#9029=IFCFACE((#9028));
#9030=IFCPOLYLOOP((#8578,#8577,#8521,#8520));
#9031=IFCFACEOUTERBOUND(#9030,.T.);
#9032=IFCFACE((#9031));
#9033=IFCPOLYLOOP((#8584,#8583,#8515,#8561));
#9034=IFCFACEOUTERBOUND(#9033,.T.);
#9035=IFCFACE((#9034));
#9036=IFCPOLYLOOP((#8584,#8561,#8560,#8585));
#9037=IFCFACEOUTERBOUND(#9036,.T.);
#9038=IFCFACE((#9037));
#9039=IFCPOLYLOOP((#8558,#8557,#8588,#8587));
#9040=IFCFACEOUTERBOUND(#9039,.T.);
#9041=IFCFACE((#9040));
#9042=IFCPOLYLOOP((#8559,#8558,#8587,#8586));
#9043=IFCFACEOUTERBOUND(#9042,.T.);
#9044=IFCFACE((#9043));
#9045=IFCPOLYLOOP((#8586,#8585,#8560,#8559));
#9046=IFCFACEOUTERBOUND(#9045,.T.);
#9047=IFCFACE((#9046));
#9048=IFCPOLYLOOP((#8556,#8589,#8588,#8557));
#9049=IFCFACEOUTERBOUND(#9048,.T.);
#9050=IFCFACE((#9049));
#9051=IFCPOLYLOOP((#8553,#8592,#8591,#8554));
#9052=IFCFACEOUTERBOUND(#9051,.T.);
#9053=IFCFACE((#9052));
#9054=IFCPOLYLOOP((#8554,#8591,#8590,#8555));
#9055=IFCFACEOUTERBOUND(#9054,.T.);
#9056=IFCFACE((#9055));
#9057=IFCPOLYLOOP((#8527,#8571,#8594,#8551));
#9058=IFCFACEOUTERBOUND(#9057,.T.);
#9059=IFCFACE((#9058));
#9060=IFCPOLYLOOP((#8552,#8551,#8594,#8593));
#9061=IFCFACEOUTERBOUND(#9060,.T.);
#9062=IFCFACE((#9061));
#9063=IFCPOLYLOOP((#8553,#8552,#8593,#8592));
#9064=IFCFACEOUTERBOUND(#9063,.T.);
#9065=IFCFACE((#9064));
#9066=IFCPOLYLOOP((#8556,#8555,#8590,#8589));
#9067=IFCFACEOUTERBOUND(#9066,.T.);
#9068=IFCFACE((#9067));
#9069=IFCCARTESIANPOINT((0.30613312007869276,0.3800032808398956,3.3333333333333424));
#9070=IFCCARTESIANPOINT((0.30948687733370583,0.3800032808398956,3.3078590178704959));
#9071=IFCCARTESIANPOINT((0.31931959608416149,0.3800032808398956,3.2841207349081456));
#9072=IFCCARTESIANPOINT((0.33496119279655234,0.3800032808398956,3.2637362092008084));
#9073=IFCCARTESIANPOINT((0.35534571850388974,0.3800032808398956,3.2480946124884178));
#9074=IFCCARTESIANPOINT((0.37908400146623999,0.3800032808398956,3.2382618937379619));
#9075=IFCCARTESIANPOINT((0.4045583169290865,0.3800032808398956,3.2349081364829493));
#9076=IFCCARTESIANPOINT((0.43003263239193301,0.3800032808398956,3.2382618937379619));
#9077=IFCCARTESIANPOINT((0.45377091535428349,0.3800032808398956,3.2480946124884178));
#9078=IFCCARTESIANPOINT((0.47415544106162066,0.3800032808398956,3.2637362092008089));
#9079=IFCCARTESIANPOINT((0.48979703777401151,0.3800032808398956,3.284120734908146));
#9080=IFCCARTESIANPOINT((0.49962975652446717,0.3800032808398956,3.3078590178704963));
#9081=IFCCARTESIANPOINT((0.50298351377948003,0.3800032808398956,3.3333333333333433));
#9082=IFCCARTESIANPOINT((0.49962975652446695,0.3800032808398956,3.3588076487961898));
#9083=IFCCARTESIANPOINT((0.48979703777401129,0.3800032808398956,3.38254593175854));
#9084=IFCCARTESIANPOINT((0.47415544106162022,0.3800032808398956,3.4029304574658772));
#9085=IFCCARTESIANPOINT((0.45377091535428282,0.3800032808398956,3.4185720541782683));
#9086=IFCCARTESIANPOINT((0.43003263239193235,0.3800032808398956,3.4284047729287237));
#9087=IFCCARTESIANPOINT((0.40455831692908584,0.3800032808398956,3.4317585301837363));
#9088=IFCCARTESIANPOINT((0.37908400146623933,0.3800032808398956,3.4284047729287233));
#9089=IFCCARTESIANPOINT((0.35534571850388907,0.3800032808398956,3.4185720541782678));
#9090=IFCCARTESIANPOINT((0.3349611927965519,0.3800032808398956,3.4029304574658767));
#9091=IFCCARTESIANPOINT((0.31931959608416127,0.3800032808398956,3.3825459317585391));
#9092=IFCCARTESIANPOINT((0.30948687733370561,0.3800032808398956,3.3588076487961889));
#9093=IFCCARTESIANPOINT((0.30613312007869276,0.40625000000000061,3.3333333333333424));
#9094=IFCCARTESIANPOINT((0.30948687733370561,0.40625000000000061,3.3588076487961889));
#9095=IFCCARTESIANPOINT((0.31931959608416127,0.40625000000000061,3.3825459317585391));
#9096=IFCCARTESIANPOINT((0.3349611927965519,0.40625000000000061,3.4029304574658767));
#9097=IFCCARTESIANPOINT((0.35534571850388907,0.40625000000000061,3.4185720541782678));
#9098=IFCCARTESIANPOINT((0.37908400146623933,0.40625000000000061,3.4284047729287233));
#9099=IFCCARTESIANPOINT((0.40455831692908584,0.40625000000000061,3.4317585301837363));
#9100=IFCCARTESIANPOINT((0.43003263239193235,0.40625000000000061,3.4284047729287237));
#9101=IFCCARTESIANPOINT((0.45377091535428282,0.40625000000000061,3.4185720541782683));
#9102=IFCCARTESIANPOINT((0.47415544106162022,0.40625000000000061,3.4029304574658772));
#9103=IFCCARTESIANPOINT((0.48979703777401129,0.40625000000000061,3.38254593175854));
#9104=IFCCARTESIANPOINT((0.49962975652446695,0.40625000000000061,3.3588076487961898));
#9105=IFCCARTESIANPOINT((0.50298351377948003,0.40625000000000061,3.3333333333333428));
#9106=IFCCARTESIANPOINT((0.49962975652446717,0.40625000000000061,3.3078590178704963));
#9107=IFCCARTESIANPOINT((0.48979703777401151,0.40625000000000061,3.284120734908146));
#9108=IFCCARTESIANPOINT((0.47415544106162066,0.40625000000000061,3.2637362092008089));
#9109=IFCCARTESIANPOINT((0.45377091535428349,0.40625000000000061,3.2480946124884178));
#9110=IFCCARTESIANPOINT((0.43003263239193301,0.40625000000000061,3.2382618937379619));
#9111=IFCCARTESIANPOINT((0.4045583169290865,0.40625000000000061,3.2349081364829493));
#9112=IFCCARTESIANPOINT((0.37908400146623999,0.40625000000000061,3.2382618937379619));
#9113=IFCCARTESIANPOINT((0.35534571850388974,0.40625000000000061,3.2480946124884178));
#9114=IFCCARTESIANPOINT((0.33496119279655234,0.40625000000000061,3.2637362092008084));
#9115=IFCCARTESIANPOINT((0.31931959608416149,0.40625000000000061,3.2841207349081456));
#9116=IFCCARTESIANPOINT((0.30948687733370583,0.40625000000000061,3.3078590178704959));
#9117=IFCPOLYLOOP((#9084,#9085,#9086,#9087,#9088,#9089,#9090,#9091,#9092,#9069,#9070,#9071,#9072,#9073,#9074,#9075,#9076,#9077,#9078,#9079,#9080,#9081,#9082,#9083));
#9118=IFCFACEOUTERBOUND(#9117,.T.);
#9119=IFCFACE((#9118));
#9120=IFCPOLYLOOP((#9111,#9112,#9113,#9114,#9115,#9116,#9093,#9094,#9095,#9096,#9097,#9098,#9099,#9100,#9101,#9102,#9103,#9104,#9105,#9106,#9107,#9108,#9109,#9110));
#9121=IFCFACEOUTERBOUND(#9120,.T.);
#9122=IFCFACE((#9121));
#9123=IFCPOLYLOOP((#9093,#9069,#9092,#9094));
#9124=IFCFACEOUTERBOUND(#9123,.T.);
#9125=IFCFACE((#9124));
#9126=IFCPOLYLOOP((#9094,#9092,#9091,#9095));
#9127=IFCFACEOUTERBOUND(#9126,.T.);
#9128=IFCFACE((#9127));
#9129=IFCPOLYLOOP((#9097,#9096,#9090,#9089));
#9130=IFCFACEOUTERBOUND(#9129,.T.);
#9131=IFCFACE((#9130));
#9132=IFCPOLYLOOP((#9090,#9096,#9095,#9091));
#9133=IFCFACEOUTERBOUND(#9132,.T.);
#9134=IFCFACE((#9133));
#9135=IFCPOLYLOOP((#9098,#9097,#9089,#9088));
#9136=IFCFACEOUTERBOUND(#9135,.T.);
#9137=IFCFACE((#9136));
#9138=IFCPOLYLOOP((#9098,#9088,#9087,#9099));
#9139=IFCFACEOUTERBOUND(#9138,.T.);
#9140=IFCFACE((#9139));
#9141=IFCPOLYLOOP((#9099,#9087,#9086,#9100));
#9142=IFCFACEOUTERBOUND(#9141,.T.);
#9143=IFCFACE((#9142));
#9144=IFCPOLYLOOP((#9100,#9086,#9085,#9101));
#9145=IFCFACEOUTERBOUND(#9144,.T.);
#9146=IFCFACE((#9145));
#9147=IFCPOLYLOOP((#9103,#9102,#9084,#9083));
#9148=IFCFACEOUTERBOUND(#9147,.T.);
#9149=IFCFACE((#9148));
#9150=IFCPOLYLOOP((#9084,#9102,#9101,#9085));
#9151=IFCFACEOUTERBOUND(#9150,.T.);
#9152=IFCFACE((#9151));
#9153=IFCPOLYLOOP((#9104,#9103,#9083,#9082));
#9154=IFCFACEOUTERBOUND(#9153,.T.);
#9155=IFCFACE((#9154));
#9156=IFCPOLYLOOP((#9104,#9082,#9081,#9105));
#9157=IFCFACEOUTERBOUND(#9156,.T.);
#9158=IFCFACE((#9157));
#9159=IFCPOLYLOOP((#9105,#9081,#9080,#9106));
#9160=IFCFACEOUTERBOUND(#9159,.T.);
#9161=IFCFACE((#9160));
#9162=IFCPOLYLOOP((#9106,#9080,#9079,#9107));
#9163=IFCFACEOUTERBOUND(#9162,.T.);
#9164=IFCFACE((#9163));
#9165=IFCPOLYLOOP((#9109,#9108,#9078,#9077));
#9166=IFCFACEOUTERBOUND(#9165,.T.);
#9167=IFCFACE((#9166));
#9168=IFCPOLYLOOP((#9078,#9108,#9107,#9079));
#9169=IFCFACEOUTERBOUND(#9168,.T.);
#9170=IFCFACE((#9169));
#9171=IFCPOLYLOOP((#9110,#9109,#9077,#9076));
#9172=IFCFACEOUTERBOUND(#9171,.T.);
#9173=IFCFACE((#9172));
#9174=IFCPOLYLOOP((#9110,#9076,#9075,#9111));
#9175=IFCFACEOUTERBOUND(#9174,.T.);
#9176=IFCFACE((#9175));
#9177=IFCPOLYLOOP((#9111,#9075,#9074,#9112));
#9178=IFCFACEOUTERBOUND(#9177,.T.);
#9179=IFCFACE((#9178));
#9180=IFCPOLYLOOP((#9112,#9074,#9073,#9113));
#9181=IFCFACEOUTERBOUND(#9180,.T.);
#9182=IFCFACE((#9181));
#9183=IFCPOLYLOOP((#9115,#9114,#9072,#9071));
#9184=IFCFACEOUTERBOUND(#9183,.T.);
#9185=IFCFACE((#9184));
#9186=IFCPOLYLOOP((#9072,#9114,#9113,#9073));
#9187=IFCFACEOUTERBOUND(#9186,.T.);
#9188=IFCFACE((#9187));
#9189=IFCPOLYLOOP((#9116,#9115,#9071,#9070));
#9190=IFCFACEOUTERBOUND(#9189,.T.);
#9191=IFCFACE((#9190));
#9192=IFCPOLYLOOP((#9116,#9070,#9069,#9093));
#9193=IFCFACEOUTERBOUND(#9192,.T.);
#9194=IFCFACE((#9193));
#9195=IFCCARTESIANPOINT((0.37995201771648768,0.57833005249343572,3.3333333333333415));
#9196=IFCCARTESIANPOINT((0.38106993680149182,0.57833005249343572,3.3248418948457261));
#9197=IFCCARTESIANPOINT((0.38434750971831022,0.57833005249343572,3.316929133858276));
#9198=IFCCARTESIANPOINT((0.38956137528910717,0.57833005249343572,3.3101342919558303));
#9199=IFCCARTESIANPOINT((0.3963562171915529,0.57833005249343572,3.3049204263850331));
#9200=IFCCARTESIANPOINT((0.4042689781790032,0.57833005249343572,3.3016428534682145));
#9201=IFCCARTESIANPOINT((0.41276041666661856,0.57833005249343572,3.3005249343832097));
#9202=IFCCARTESIANPOINT((0.42125185515423436,0.57833005249343572,3.3016428534682141));
#9203=IFCCARTESIANPOINT((0.42916461614168444,0.57833005249343572,3.3049204263850327));
#9204=IFCCARTESIANPOINT((0.43595945804413039,0.57833005249343572,3.3101342919558294));
#9205=IFCCARTESIANPOINT((0.44117332361492734,0.57833005249343572,3.3169291338582751));
#9206=IFCCARTESIANPOINT((0.44445089653174619,0.57833005249343572,3.3248418948457252));
#9207=IFCCARTESIANPOINT((0.44556881561675077,0.57833005249343572,3.333333333333341));
#9208=IFCCARTESIANPOINT((0.44445089653174641,0.57833005249343572,3.3418247718209568));
#9209=IFCCARTESIANPOINT((0.44117332361492778,0.57833005249343572,3.3497375328084069));
#9210=IFCCARTESIANPOINT((0.43595945804413105,0.57833005249343572,3.3565323747108531));
#9211=IFCCARTESIANPOINT((0.42916461614168533,0.57833005249343572,3.3617462402816498));
#9212=IFCCARTESIANPOINT((0.42125185515423502,0.57833005249343572,3.3650238131984684));
#9213=IFCCARTESIANPOINT((0.41276041666661945,0.57833005249343572,3.3661417322834732));
#9214=IFCCARTESIANPOINT((0.40426897817900387,0.57833005249343572,3.3650238131984689));
#9215=IFCCARTESIANPOINT((0.39635621719155356,0.57833005249343572,3.3617462402816503));
#9216=IFCCARTESIANPOINT((0.38956137528910784,0.57833005249343572,3.3565323747108535));
#9217=IFCCARTESIANPOINT((0.38434750971831066,0.57833005249343572,3.3497375328084078));
#9218=IFCCARTESIANPOINT((0.38106993680149204,0.57833005249343572,3.3418247718209573));
#9219=IFCCARTESIANPOINT((0.37995201771648746,0.67675524934382825,3.3333333333333419));
#9220=IFCCARTESIANPOINT((0.38106993680149159,0.67675524934382825,3.3248418948457261));
#9221=IFCCARTESIANPOINT((0.38434750971831,0.67675524934382825,3.316929133858276));
#9222=IFCCARTESIANPOINT((0.38956137528910695,0.67675524934382825,3.3101342919558303));
#9223=IFCCARTESIANPOINT((0.39635621719155267,0.67675524934382825,3.3049204263850331));
#9224=IFCCARTESIANPOINT((0.40426897817900298,0.67675524934382825,3.3016428534682145));
#9225=IFCCARTESIANPOINT((0.41276041666661856,0.67675524934382825,3.3005249343832097));
#9226=IFCCARTESIANPOINT((0.42125185515423413,0.67675524934382825,3.3016428534682141));
#9227=IFCCARTESIANPOINT((0.42916461614168422,0.67675524934382825,3.3049204263850327));
#9228=IFCCARTESIANPOINT((0.43595945804413017,0.67675524934382825,3.3101342919558294));
#9229=IFCCARTESIANPOINT((0.44117332361492734,0.67675524934382825,3.3169291338582751));
#9230=IFCCARTESIANPOINT((0.44445089653174619,0.67675524934382825,3.3248418948457252));
#9231=IFCCARTESIANPOINT((0.44556881561675055,0.67675524934382825,3.333333333333341));
#9232=IFCCARTESIANPOINT((0.44445089653174641,0.67675524934382825,3.3418247718209568));
#9233=IFCCARTESIANPOINT((0.44117332361492778,0.67675524934382825,3.3497375328084069));
#9234=IFCCARTESIANPOINT((0.43595945804413083,0.67675524934382825,3.3565323747108531));
#9235=IFCCARTESIANPOINT((0.42916461614168488,0.67675524934382825,3.3617462402816498));
#9236=IFCCARTESIANPOINT((0.4212518551542348,0.67675524934382825,3.3650238131984684));
#9237=IFCCARTESIANPOINT((0.41276041666661922,0.67675524934382825,3.3661417322834732));
#9238=IFCCARTESIANPOINT((0.40426897817900365,0.67675524934382825,3.3650238131984689));
#9239=IFCCARTESIANPOINT((0.39635621719155334,0.67675524934382825,3.3617462402816503));
#9240=IFCCARTESIANPOINT((0.38956137528910761,0.67675524934382825,3.3565323747108535));
#9241=IFCCARTESIANPOINT((0.38434750971831044,0.67675524934382825,3.3497375328084074));
#9242=IFCCARTESIANPOINT((0.38106993680149182,0.67675524934382825,3.3418247718209573));
#9243=IFCCARTESIANPOINT((0.46197301509183908,0.69315944881891678,3.333333333333341));
#9244=IFCCARTESIANPOINT((0.45037349440306707,0.68835477003260015,3.333333333333341));
#9245=IFCCARTESIANPOINT((0.39094074772104781,0.71776574803150406,3.3333333333333415));
#9246=IFCCARTESIANPOINT((0.42096251640416327,0.74778751671461952,3.3333333333333415));
#9247=IFCCARTESIANPOINT((0.46197301509183908,0.75877624671917998,3.333333333333341));
#9248=IFCCARTESIANPOINT((0.46197301509183908,0.75765832763417573,3.3248418948457261));
#9249=IFCCARTESIANPOINT((0.46197301509183908,0.75438075471735733,3.3169291338582756));
#9250=IFCCARTESIANPOINT((0.46197301509183886,0.74916688914656027,3.3101342919558299));
#9251=IFCCARTESIANPOINT((0.46197301509183908,0.74237204724411443,3.3049204263850327));
#9252=IFCCARTESIANPOINT((0.46197301509183908,0.73445928625666435,3.3016428534682141));
#9253=IFCCARTESIANPOINT((0.46197301509183908,0.72596784776904877,3.3005249343832093));
#9254=IFCCARTESIANPOINT((0.46197301509183908,0.71747640928143319,3.3016428534682136));
#9255=IFCCARTESIANPOINT((0.46197301509183908,0.70956364829398288,3.3049204263850323));
#9256=IFCCARTESIANPOINT((0.46197301509183908,0.70276880639153705,3.310134291955829));
#9257=IFCCARTESIANPOINT((0.46197301509183908,0.69755494082073999,3.3169291338582747));
#9258=IFCCARTESIANPOINT((0.46197301509183908,0.69427736790392136,3.3248418948457248));
#9259=IFCCARTESIANPOINT((0.38554853196676442,0.69764172487114517,3.3333333333333415));
#9260=IFCCARTESIANPOINT((0.44108653943125664,0.75317973243319458,3.3333333333333415));
#9261=IFCCARTESIANPOINT((0.38275027484162605,0.68719848710748677,3.333333333333341));
#9262=IFCCARTESIANPOINT((0.45152977726154786,0.75597798957618734,3.333333333333341));
#9263=IFCCARTESIANPOINT((0.38135114627905664,0.68197686822565751,3.3333333333333419));
#9264=IFCCARTESIANPOINT((0.45675139617669336,0.7573771181476836,3.333333333333341));
#9265=IFCCARTESIANPOINT((0.40595163206260554,0.73277663237306179,3.3333333333333415));
#9266=IFCCARTESIANPOINT((0.43068144063271396,0.72187636170176606,3.3010233682916836));
#9267=IFCCARTESIANPOINT((0.41685190481666656,0.70804682142326492,3.3010233677507834));
#9268=IFCCARTESIANPOINT((0.38824463984390611,0.70770373645132456,3.3333333333333415));
#9269=IFCCARTESIANPOINT((0.43897230049461644,0.73800976482380443,3.3048136707432807));
#9270=IFCCARTESIANPOINT((0.40936446288158135,0.69835589103383389,3.3014311636391001));
#9271=IFCCARTESIANPOINT((0.39626324560232717,0.69630949973960832,3.3068349839339719));
#9272=IFCCARTESIANPOINT((0.44878909928516353,0.70095593623845942,3.3086857132680367));
#9273=IFCCARTESIANPOINT((0.43777232723729753,0.68993916540394307,3.3086857124209672));
#9274=IFCCARTESIANPOINT((0.434081666886875,0.70464659643902738,3.3020128636738959));
#9275=IFCCARTESIANPOINT((0.41302121181533624,0.7248909510155368,3.3069053892866558));
#9276=IFCCARTESIANPOINT((0.43102452791770984,0.75048362457390705,3.3333333333333415));
#9277=IFCCARTESIANPOINT((0.41345707423338451,0.74028207454384076,3.3333333333333415));
#9278=IFCCARTESIANPOINT((0.39844618989182656,0.72527119020228292,3.3333333333333415));
#9279=IFCCARTESIANPOINT((0.46197301509183908,0.69427736790392114,3.3418247718209564));
#9280=IFCCARTESIANPOINT((0.46197301509183908,0.69755494082073966,3.3497375328084069));
#9281=IFCCARTESIANPOINT((0.4619730150918393,0.7027688063915366,3.3565323747108526));
#9282=IFCCARTESIANPOINT((0.4619730150918393,0.70956364829398244,3.3617462402816494));
#9283=IFCCARTESIANPOINT((0.4619730150918393,0.71747640928143253,3.3650238131984684));
#9284=IFCCARTESIANPOINT((0.4619730150918393,0.7259678477690481,3.3661417322834728));
#9285=IFCCARTESIANPOINT((0.4619730150918393,0.73445928625666368,3.3650238131984684));
#9286=IFCCARTESIANPOINT((0.4619730150918393,0.74237204724411399,3.3617462402816498));
#9287=IFCCARTESIANPOINT((0.4619730150918393,0.74916688914655993,3.3565323747108526));
#9288=IFCCARTESIANPOINT((0.46197301509183908,0.75438075471735688,3.3497375328084069));
#9289=IFCCARTESIANPOINT((0.46197301509183908,0.75765832763417551,3.3418247718209568));
#9290=IFCCARTESIANPOINT((0.41685190481629864,0.70804682142365671,3.3656432989158063));
#9291=IFCCARTESIANPOINT((0.43068144063120672,0.7218763617021271,3.3656432983747946));
#9292=IFCCARTESIANPOINT((0.43897230049434088,0.73800976482392167,3.3618529959232841));
#9293=IFCCARTESIANPOINT((0.40936446288151451,0.69835589103392937,3.3652355030275589));
#9294=IFCCARTESIANPOINT((0.39626324560230675,0.69630949973967637,3.3598316827326817));
#9295=IFCCARTESIANPOINT((0.43777232723707216,0.68993916540407829,3.3579809542459458));
#9296=IFCCARTESIANPOINT((0.44878909928519528,0.70095593623844021,3.3579809533986174));
#9297=IFCCARTESIANPOINT((0.43408166688559158,0.7046465964401446,3.3646538029933155));
#9298=IFCCARTESIANPOINT((0.41383731212949604,0.72570705152805359,3.3597612772872703));
#9299=IFCCARTESIANPOINT((0.80646120406824218,0.75877624671917965,3.3333333333333401));
#9300=IFCCARTESIANPOINT((0.80646120406824218,0.75765832763417529,3.3418247718209559));
#9301=IFCCARTESIANPOINT((0.80646120406824218,0.75438075471735666,3.349737532808406));
#9302=IFCCARTESIANPOINT((0.80646120406824229,0.74916688914655971,3.3565323747108518));
#9303=IFCCARTESIANPOINT((0.80646120406824229,0.74237204724411388,3.3617462402816489));
#9304=IFCCARTESIANPOINT((0.80646120406824229,0.73445928625666368,3.3650238131984676));
#9305=IFCCARTESIANPOINT((0.80646120406824229,0.7259678477690481,3.3661417322834719));
#9306=IFCCARTESIANPOINT((0.80646120406824229,0.71747640928143253,3.3650238131984676));
#9307=IFCCARTESIANPOINT((0.80646120406824229,0.70956364829398233,3.3617462402816489));
#9308=IFCCARTESIANPOINT((0.80646120406824229,0.70276880639153649,3.3565323747108518));
#9309=IFCCARTESIANPOINT((0.80646120406824218,0.69755494082073943,3.349737532808406));
#9310=IFCCARTESIANPOINT((0.80646120406824218,0.69427736790392092,3.3418247718209559));
#9311=IFCCARTESIANPOINT((0.80646120406824218,0.69315944881891656,3.3333333333333397));
#9312=IFCCARTESIANPOINT((0.80646120406824218,0.69427736790392092,3.3248418948457243));
#9313=IFCCARTESIANPOINT((0.80646120406824218,0.69755494082073966,3.3169291338582738));
#9314=IFCCARTESIANPOINT((0.80646120406824207,0.70276880639153672,3.3101342919558281));
#9315=IFCCARTESIANPOINT((0.80646120406824207,0.70956364829398266,3.3049204263850314));
#9316=IFCCARTESIANPOINT((0.80646120406824207,0.71747640928143286,3.3016428534682127));
#9317=IFCCARTESIANPOINT((0.80646120406824207,0.72596784776904844,3.3005249343832084));
#9318=IFCCARTESIANPOINT((0.80646120406824207,0.73445928625666412,3.3016428534682132));
#9319=IFCCARTESIANPOINT((0.80646120406824207,0.74237204724411421,3.3049204263850318));
#9320=IFCCARTESIANPOINT((0.80646120406824207,0.74916688914655993,3.3101342919558285));
#9321=IFCCARTESIANPOINT((0.80646120406824218,0.75438075471735688,3.3169291338582747));
#9322=IFCCARTESIANPOINT((0.80646120406824218,0.7576583276341754,3.3248418948457248));
#9323=IFCPOLYLOOP((#9200,#9201,#9202,#9203,#9204,#9205,#9206,#9207,#9208,#9209,#9210,#9211,#9212,#9213,#9214,#9215,#9216,#9217,#9218,#9195,#9196,#9197,#9198,#9199));
#9324=IFCFACEOUTERBOUND(#9323,.T.);
#9325=IFCFACE((#9324));
#9326=IFCPOLYLOOP((#9220,#9196,#9195,#9219));
#9327=IFCFACEOUTERBOUND(#9326,.T.);
#9328=IFCFACE((#9327));
#9329=IFCPOLYLOOP((#9221,#9197,#9196,#9220));
#9330=IFCFACEOUTERBOUND(#9329,.T.);
#9331=IFCFACE((#9330));
#9332=IFCPOLYLOOP((#9198,#9222,#9223,#9199));
#9333=IFCFACEOUTERBOUND(#9332,.T.);
#9334=IFCFACE((#9333));
#9335=IFCPOLYLOOP((#9221,#9222,#9198,#9197));
#9336=IFCFACEOUTERBOUND(#9335,.T.);
#9337=IFCFACE((#9336));
#9338=IFCPOLYLOOP((#9199,#9223,#9224,#9200));
#9339=IFCFACEOUTERBOUND(#9338,.T.);
#9340=IFCFACE((#9339));
#9341=IFCPOLYLOOP((#9200,#9224,#9225,#9201));
#9342=IFCFACEOUTERBOUND(#9341,.T.);
#9343=IFCFACE((#9342));
#9344=IFCPOLYLOOP((#9227,#9203,#9202,#9226));
#9345=IFCFACEOUTERBOUND(#9344,.T.);
#9346=IFCFACE((#9345));
#9347=IFCPOLYLOOP((#9228,#9204,#9203,#9227));
#9348=IFCFACEOUTERBOUND(#9347,.T.);
#9349=IFCFACE((#9348));
#9350=IFCPOLYLOOP((#9205,#9229,#9230,#9206));
#9351=IFCFACEOUTERBOUND(#9350,.T.);
#9352=IFCFACE((#9351));
#9353=IFCPOLYLOOP((#9228,#9229,#9205,#9204));
#9354=IFCFACEOUTERBOUND(#9353,.T.);
#9355=IFCFACE((#9354));
#9356=IFCPOLYLOOP((#9206,#9230,#9231,#9207));
#9357=IFCFACEOUTERBOUND(#9356,.T.);
#9358=IFCFACE((#9357));
#9359=IFCPOLYLOOP((#9202,#9201,#9225,#9226));
#9360=IFCFACEOUTERBOUND(#9359,.T.);
#9361=IFCFACE((#9360));
#9362=IFCPOLYLOOP((#9232,#9208,#9207,#9231));
#9363=IFCFACEOUTERBOUND(#9362,.T.);
#9364=IFCFACE((#9363));
#9365=IFCPOLYLOOP((#9233,#9209,#9208,#9232));
#9366=IFCFACEOUTERBOUND(#9365,.T.);
#9367=IFCFACE((#9366));
#9368=IFCPOLYLOOP((#9210,#9234,#9235,#9211));
#9369=IFCFACEOUTERBOUND(#9368,.T.);
#9370=IFCFACE((#9369));
#9371=IFCPOLYLOOP((#9233,#9234,#9210,#9209));
#9372=IFCFACEOUTERBOUND(#9371,.T.);
#9373=IFCFACE((#9372));
#9374=IFCPOLYLOOP((#9211,#9235,#9236,#9212));
#9375=IFCFACEOUTERBOUND(#9374,.T.);
#9376=IFCFACE((#9375));
#9377=IFCPOLYLOOP((#9212,#9236,#9237,#9213));
#9378=IFCFACEOUTERBOUND(#9377,.T.);
#9379=IFCFACE((#9378));
#9380=IFCPOLYLOOP((#9239,#9215,#9214,#9238));
#9381=IFCFACEOUTERBOUND(#9380,.T.);
#9382=IFCFACE((#9381));
#9383=IFCPOLYLOOP((#9240,#9216,#9215,#9239));
#9384=IFCFACEOUTERBOUND(#9383,.T.);
#9385=IFCFACE((#9384));
#9386=IFCPOLYLOOP((#9217,#9241,#9242,#9218));
#9387=IFCFACEOUTERBOUND(#9386,.T.);
#9388=IFCFACE((#9387));
#9389=IFCPOLYLOOP((#9240,#9241,#9217,#9216));
#9390=IFCFACEOUTERBOUND(#9389,.T.);
#9391=IFCFACE((#9390));
#9392=IFCPOLYLOOP((#9218,#9242,#9219,#9195));
#9393=IFCFACEOUTERBOUND(#9392,.T.);
#9394=IFCFACE((#9393));
#9395=IFCPOLYLOOP((#9214,#9213,#9237,#9238));
#9396=IFCFACEOUTERBOUND(#9395,.T.);
#9397=IFCFACE((#9396));
#9398=IFCPOLYLOOP((#9220,#9263,#9221));
#9399=IFCFACEOUTERBOUND(#9398,.T.);
#9400=IFCFACE((#9399));
#9401=IFCPOLYLOOP((#9271,#9224,#9259));
#9402=IFCFACEOUTERBOUND(#9401,.T.);
#9403=IFCFACE((#9402));
#9404=IFCPOLYLOOP((#9270,#9267,#9273));
#9405=IFCFACEOUTERBOUND(#9404,.T.);
#9406=IFCFACE((#9405));
#9407=IFCPOLYLOOP((#9259,#9268,#9245,#9271));
#9408=IFCFACEOUTERBOUND(#9407,.T.);
#9409=IFCFACE((#9408));
#9410=IFCPOLYLOOP((#9259,#9223,#9222));
#9411=IFCFACEOUTERBOUND(#9410,.T.);
#9412=IFCFACE((#9411));
#9413=IFCPOLYLOOP((#9221,#9261,#9222));
#9414=IFCFACEOUTERBOUND(#9413,.T.);
#9415=IFCFACE((#9414));
#9416=IFCPOLYLOOP((#9223,#9259,#9224));
#9417=IFCFACEOUTERBOUND(#9416,.T.);
#9418=IFCFACE((#9417));
#9419=IFCPOLYLOOP((#9245,#9270,#9271));
#9420=IFCFACEOUTERBOUND(#9419,.T.);
#9421=IFCFACE((#9420));
#9422=IFCPOLYLOOP((#9271,#9227,#9226));
#9423=IFCFACEOUTERBOUND(#9422,.T.);
#9424=IFCFACE((#9423));
#9425=IFCPOLYLOOP((#9275,#9266,#9274));
#9426=IFCFACEOUTERBOUND(#9425,.T.);
#9427=IFCFACE((#9426));
#9428=IFCPOLYLOOP((#9246,#9269,#9266));
#9429=IFCFACEOUTERBOUND(#9428,.T.);
#9430=IFCFACE((#9429));
#9431=IFCPOLYLOOP((#9271,#9225,#9224));
#9432=IFCFACEOUTERBOUND(#9431,.T.);
#9433=IFCFACE((#9432));
#9434=IFCPOLYLOOP((#9271,#9226,#9225));
#9435=IFCFACEOUTERBOUND(#9434,.T.);
#9436=IFCFACE((#9435));
#9437=IFCPOLYLOOP((#9243,#9244,#9272));
#9438=IFCFACEOUTERBOUND(#9437,.T.);
#9439=IFCFACE((#9438));
#9440=IFCPOLYLOOP((#9227,#9271,#9270));
#9441=IFCFACEOUTERBOUND(#9440,.T.);
#9442=IFCFACE((#9441));
#9443=IFCPOLYLOOP((#9258,#9272,#9257));
#9444=IFCFACEOUTERBOUND(#9443,.T.);
#9445=IFCFACE((#9444));
#9446=IFCPOLYLOOP((#9276,#9260,#9252));
#9447=IFCFACEOUTERBOUND(#9446,.T.);
#9448=IFCFACE((#9447));
#9449=IFCPOLYLOOP((#9220,#9219,#9263));
#9450=IFCFACEOUTERBOUND(#9449,.T.);
#9451=IFCFACE((#9450));
#9452=IFCPOLYLOOP((#9270,#9273,#9229));
#9453=IFCFACEOUTERBOUND(#9452,.T.);
#9454=IFCFACE((#9453));
#9455=IFCPOLYLOOP((#9270,#9228,#9227));
#9456=IFCFACEOUTERBOUND(#9455,.T.);
#9457=IFCFACE((#9456));
#9458=IFCPOLYLOOP((#9267,#9275,#9274));
#9459=IFCFACEOUTERBOUND(#9458,.T.);
#9460=IFCFACE((#9459));
#9461=IFCPOLYLOOP((#9256,#9269,#9255));
#9462=IFCFACEOUTERBOUND(#9461,.T.);
#9463=IFCFACE((#9462));
#9464=IFCPOLYLOOP((#9244,#9273,#9274));
#9465=IFCFACEOUTERBOUND(#9464,.T.);
#9466=IFCFACE((#9465));
#9467=IFCPOLYLOOP((#9267,#9278,#9275));
#9468=IFCFACEOUTERBOUND(#9467,.T.);
#9469=IFCFACE((#9468));
#9470=IFCPOLYLOOP((#9275,#9277,#9266));
#9471=IFCFACEOUTERBOUND(#9470,.T.);
#9472=IFCFACE((#9471));
#9473=IFCPOLYLOOP((#9260,#9251,#9252));
#9474=IFCFACEOUTERBOUND(#9473,.T.);
#9475=IFCFACE((#9474));
#9476=IFCPOLYLOOP((#9273,#9267,#9274));
#9477=IFCFACEOUTERBOUND(#9476,.T.);
#9478=IFCFACE((#9477));
#9479=IFCPOLYLOOP((#9276,#9253,#9269));
#9480=IFCFACEOUTERBOUND(#9479,.T.);
#9481=IFCFACE((#9480));
#9482=IFCPOLYLOOP((#9252,#9253,#9276));
#9483=IFCFACEOUTERBOUND(#9482,.T.);
#9484=IFCFACE((#9483));
#9485=IFCPOLYLOOP((#9262,#9250,#9260));
#9486=IFCFACEOUTERBOUND(#9485,.T.);
#9487=IFCFACE((#9486));
#9488=IFCPOLYLOOP((#9246,#9266,#9277));
#9489=IFCFACEOUTERBOUND(#9488,.T.);
#9490=IFCFACE((#9489));
#9491=IFCPOLYLOOP((#9260,#9250,#9251));
#9492=IFCFACEOUTERBOUND(#9491,.T.);
#9493=IFCFACE((#9492));
#9494=IFCPOLYLOOP((#9269,#9246,#9276));
#9495=IFCFACEOUTERBOUND(#9494,.T.);
#9496=IFCFACE((#9495));
#9497=IFCPOLYLOOP((#9248,#9264,#9247));
#9498=IFCFACEOUTERBOUND(#9497,.T.);
#9499=IFCFACE((#9498));
#9500=IFCPOLYLOOP((#9266,#9272,#9274));
#9501=IFCFACEOUTERBOUND(#9500,.T.);
#9502=IFCFACE((#9501));
#9503=IFCPOLYLOOP((#9270,#9278,#9267));
#9504=IFCFACEOUTERBOUND(#9503,.T.);
#9505=IFCFACE((#9504));
#9506=IFCPOLYLOOP((#9259,#9222,#9261));
#9507=IFCFACEOUTERBOUND(#9506,.T.);
#9508=IFCFACE((#9507));
#9509=IFCPOLYLOOP((#9273,#9231,#9230));
#9510=IFCFACEOUTERBOUND(#9509,.T.);
#9511=IFCFACE((#9510));
#9512=IFCPOLYLOOP((#9265,#9277,#9275,#9278));
#9513=IFCFACEOUTERBOUND(#9512,.T.);
#9514=IFCFACE((#9513));
#9515=IFCPOLYLOOP((#9257,#9272,#9266));
#9516=IFCFACEOUTERBOUND(#9515,.T.);
#9517=IFCFACE((#9516));
#9518=IFCPOLYLOOP((#9262,#9249,#9250));
#9519=IFCFACEOUTERBOUND(#9518,.T.);
#9520=IFCFACE((#9519));
#9521=IFCPOLYLOOP((#9258,#9243,#9272));
#9522=IFCFACEOUTERBOUND(#9521,.T.);
#9523=IFCFACE((#9522));
#9524=IFCPOLYLOOP((#9249,#9264,#9248));
#9525=IFCFACEOUTERBOUND(#9524,.T.);
#9526=IFCFACE((#9525));
#9527=IFCPOLYLOOP((#9269,#9256,#9266));
#9528=IFCFACEOUTERBOUND(#9527,.T.);
#9529=IFCFACE((#9528));
#9530=IFCPOLYLOOP((#9263,#9261,#9221));
#9531=IFCFACEOUTERBOUND(#9530,.T.);
#9532=IFCFACE((#9531));
#9533=IFCPOLYLOOP((#9256,#9257,#9266));
#9534=IFCFACEOUTERBOUND(#9533,.T.);
#9535=IFCFACE((#9534));
#9536=IFCPOLYLOOP((#9262,#9264,#9249));
#9537=IFCFACEOUTERBOUND(#9536,.T.);
#9538=IFCFACE((#9537));
#9539=IFCPOLYLOOP((#9255,#9269,#9254));
#9540=IFCFACEOUTERBOUND(#9539,.T.);
#9541=IFCFACE((#9540));
#9542=IFCPOLYLOOP((#9253,#9254,#9269));
#9543=IFCFACEOUTERBOUND(#9542,.T.);
#9544=IFCFACE((#9543));
#9545=IFCPOLYLOOP((#9229,#9228,#9270));
#9546=IFCFACEOUTERBOUND(#9545,.T.);
#9547=IFCFACE((#9546));
#9548=IFCPOLYLOOP((#9244,#9274,#9272));
#9549=IFCFACEOUTERBOUND(#9548,.T.);
#9550=IFCFACE((#9549));
#9551=IFCPOLYLOOP((#9230,#9229,#9273));
#9552=IFCFACEOUTERBOUND(#9551,.T.);
#9553=IFCFACE((#9552));
#9554=IFCPOLYLOOP((#9278,#9270,#9245));
#9555=IFCFACEOUTERBOUND(#9554,.T.);
#9556=IFCFACE((#9555));
#9557=IFCPOLYLOOP((#9244,#9231,#9273));
#9558=IFCFACEOUTERBOUND(#9557,.T.);
#9559=IFCFACE((#9558));
#9560=IFCPOLYLOOP((#9294,#9245,#9268,#9259));
#9561=IFCFACEOUTERBOUND(#9560,.T.);
#9562=IFCFACE((#9561));
#9563=IFCPOLYLOOP((#9290,#9295,#9297));
#9564=IFCFACEOUTERBOUND(#9563,.T.);
#9565=IFCFACE((#9564));
#9566=IFCPOLYLOOP((#9244,#9243,#9296));
#9567=IFCFACEOUTERBOUND(#9566,.T.);
#9568=IFCFACE((#9567));
#9569=IFCPOLYLOOP((#9293,#9234,#9233));
#9570=IFCFACEOUTERBOUND(#9569,.T.);
#9571=IFCFACE((#9570));
#9572=IFCPOLYLOOP((#9290,#9293,#9295));
#9573=IFCFACEOUTERBOUND(#9572,.T.);
#9574=IFCFACE((#9573));
#9575=IFCPOLYLOOP((#9280,#9291,#9296));
#9576=IFCFACEOUTERBOUND(#9575,.T.);
#9577=IFCFACE((#9576));
#9578=IFCPOLYLOOP((#9233,#9295,#9293));
#9579=IFCFACEOUTERBOUND(#9578,.T.);
#9580=IFCFACE((#9579));
#9581=IFCPOLYLOOP((#9298,#9290,#9297));
#9582=IFCFACEOUTERBOUND(#9581,.T.);
#9583=IFCFACE((#9582));
#9584=IFCPOLYLOOP((#9232,#9295,#9233));
#9585=IFCFACEOUTERBOUND(#9584,.T.);
#9586=IFCFACE((#9585));
#9587=IFCPOLYLOOP((#9244,#9296,#9297));
#9588=IFCFACEOUTERBOUND(#9587,.T.);
#9589=IFCFACE((#9588));
#9590=IFCPOLYLOOP((#9298,#9297,#9291));
#9591=IFCFACEOUTERBOUND(#9590,.T.);
#9592=IFCFACE((#9591));
#9593=IFCPOLYLOOP((#9296,#9243,#9279));
#9594=IFCFACEOUTERBOUND(#9593,.T.);
#9595=IFCFACE((#9594));
#9596=IFCPOLYLOOP((#9263,#9219,#9242));
#9597=IFCFACEOUTERBOUND(#9596,.T.);
#9598=IFCFACE((#9597));
#9599=IFCPOLYLOOP((#9246,#9291,#9292));
#9600=IFCFACEOUTERBOUND(#9599,.T.);
#9601=IFCFACE((#9600));
#9602=IFCPOLYLOOP((#9276,#9246,#9292));
#9603=IFCFACEOUTERBOUND(#9602,.T.);
#9604=IFCFACE((#9603));
#9605=IFCPOLYLOOP((#9240,#9259,#9261));
#9606=IFCFACEOUTERBOUND(#9605,.T.);
#9607=IFCFACE((#9606));
#9608=IFCPOLYLOOP((#9237,#9294,#9238));
#9609=IFCFACEOUTERBOUND(#9608,.T.);
#9610=IFCFACE((#9609));
#9611=IFCPOLYLOOP((#9291,#9246,#9277));
#9612=IFCFACEOUTERBOUND(#9611,.T.);
#9613=IFCFACE((#9612));
#9614=IFCPOLYLOOP((#9259,#9240,#9239));
#9615=IFCFACEOUTERBOUND(#9614,.T.);
#9616=IFCFACE((#9615));
#9617=IFCPOLYLOOP((#9239,#9238,#9259));
#9618=IFCFACEOUTERBOUND(#9617,.T.);
#9619=IFCFACE((#9618));
#9620=IFCPOLYLOOP((#9293,#9278,#9245));
#9621=IFCFACEOUTERBOUND(#9620,.T.);
#9622=IFCFACE((#9621));
#9623=IFCPOLYLOOP((#9284,#9285,#9276));
#9624=IFCFACEOUTERBOUND(#9623,.T.);
#9625=IFCFACE((#9624));
#9626=IFCPOLYLOOP((#9238,#9294,#9259));
#9627=IFCFACEOUTERBOUND(#9626,.T.);
#9628=IFCFACE((#9627));
#9629=IFCPOLYLOOP((#9297,#9296,#9291));
#9630=IFCFACEOUTERBOUND(#9629,.T.);
#9631=IFCFACE((#9630));
#9632=IFCPOLYLOOP((#9244,#9297,#9295));
#9633=IFCFACEOUTERBOUND(#9632,.T.);
#9634=IFCFACE((#9633));
#9635=IFCPOLYLOOP((#9280,#9296,#9279));
#9636=IFCFACEOUTERBOUND(#9635,.T.);
#9637=IFCFACE((#9636));
#9638=IFCPOLYLOOP((#9291,#9280,#9281));
#9639=IFCFACEOUTERBOUND(#9638,.T.);
#9640=IFCFACE((#9639));
#9641=IFCPOLYLOOP((#9260,#9287,#9262));
#9642=IFCFACEOUTERBOUND(#9641,.T.);
#9643=IFCFACE((#9642));
#9644=IFCPOLYLOOP((#9277,#9298,#9291));
#9645=IFCFACEOUTERBOUND(#9644,.T.);
#9646=IFCFACE((#9645));
#9647=IFCPOLYLOOP((#9232,#9231,#9295));
#9648=IFCFACEOUTERBOUND(#9647,.T.);
#9649=IFCFACE((#9648));
#9650=IFCPOLYLOOP((#9261,#9241,#9240));
#9651=IFCFACEOUTERBOUND(#9650,.T.);
#9652=IFCFACE((#9651));
#9653=IFCPOLYLOOP((#9283,#9292,#9282));
#9654=IFCFACEOUTERBOUND(#9653,.T.);
#9655=IFCFACE((#9654));
#9656=IFCPOLYLOOP((#9261,#9263,#9241));
#9657=IFCFACEOUTERBOUND(#9656,.T.);
#9658=IFCFACE((#9657));
#9659=IFCPOLYLOOP((#9264,#9262,#9288));
#9660=IFCFACEOUTERBOUND(#9659,.T.);
#9661=IFCFACE((#9660));
#9662=IFCPOLYLOOP((#9292,#9281,#9282));
#9663=IFCFACEOUTERBOUND(#9662,.T.);
#9664=IFCFACE((#9663));
#9665=IFCPOLYLOOP((#9241,#9263,#9242));
#9666=IFCFACEOUTERBOUND(#9665,.T.);
#9667=IFCFACE((#9666));
#9668=IFCPOLYLOOP((#9283,#9284,#9292));
#9669=IFCFACEOUTERBOUND(#9668,.T.);
#9670=IFCFACE((#9669));
#9671=IFCPOLYLOOP((#9298,#9278,#9290));
#9672=IFCFACEOUTERBOUND(#9671,.T.);
#9673=IFCFACE((#9672));
#9674=IFCPOLYLOOP((#9265,#9278,#9298,#9277));
#9675=IFCFACEOUTERBOUND(#9674,.T.);
#9676=IFCFACE((#9675));
#9677=IFCPOLYLOOP((#9286,#9287,#9260));
#9678=IFCFACEOUTERBOUND(#9677,.T.);
#9679=IFCFACE((#9678));
#9680=IFCPOLYLOOP((#9260,#9285,#9286));
#9681=IFCFACEOUTERBOUND(#9680,.T.);
#9682=IFCFACE((#9681));
#9683=IFCPOLYLOOP((#9235,#9294,#9236));
#9684=IFCFACEOUTERBOUND(#9683,.T.);
#9685=IFCFACE((#9684));
#9686=IFCPOLYLOOP((#9276,#9285,#9260));
#9687=IFCFACEOUTERBOUND(#9686,.T.);
#9688=IFCFACE((#9687));
#9689=IFCPOLYLOOP((#9288,#9289,#9264));
#9690=IFCFACEOUTERBOUND(#9689,.T.);
#9691=IFCFACE((#9690));
#9692=IFCPOLYLOOP((#9293,#9290,#9278));
#9693=IFCFACEOUTERBOUND(#9692,.T.);
#9694=IFCFACE((#9693));
#9695=IFCPOLYLOOP((#9284,#9276,#9292));
#9696=IFCFACEOUTERBOUND(#9695,.T.);
#9697=IFCFACE((#9696));
#9698=IFCPOLYLOOP((#9294,#9237,#9236));
#9699=IFCFACEOUTERBOUND(#9698,.T.);
#9700=IFCFACE((#9699));
#9701=IFCPOLYLOOP((#9281,#9292,#9291));
#9702=IFCFACEOUTERBOUND(#9701,.T.);
#9703=IFCFACE((#9702));
#9704=IFCPOLYLOOP((#9288,#9262,#9287));
#9705=IFCFACEOUTERBOUND(#9704,.T.);
#9706=IFCFACE((#9705));
#9707=IFCPOLYLOOP((#9289,#9247,#9264));
#9708=IFCFACEOUTERBOUND(#9707,.T.);
#9709=IFCFACE((#9708));
#9710=IFCPOLYLOOP((#9245,#9294,#9293));
#9711=IFCFACEOUTERBOUND(#9710,.T.);
#9712=IFCFACE((#9711));
#9713=IFCPOLYLOOP((#9235,#9234,#9293));
#9714=IFCFACEOUTERBOUND(#9713,.T.);
#9715=IFCFACE((#9714));
#9716=IFCPOLYLOOP((#9231,#9244,#9295));
#9717=IFCFACEOUTERBOUND(#9716,.T.);
#9718=IFCFACE((#9717));
#9719=IFCPOLYLOOP((#9235,#9293,#9294));
#9720=IFCFACEOUTERBOUND(#9719,.T.);
#9721=IFCFACE((#9720));
#9722=IFCPOLYLOOP((#9320,#9321,#9322,#9299,#9300,#9301,#9302,#9303,#9304,#9305,#9306,#9307,#9308,#9309,#9310,#9311,#9312,#9313,#9314,#9315,#9316,#9317,#9318,#9319));
#9723=IFCFACEOUTERBOUND(#9722,.T.);
#9724=IFCFACE((#9723));
#9725=IFCPOLYLOOP((#9322,#9248,#9247,#9299));
#9726=IFCFACEOUTERBOUND(#9725,.T.);
#9727=IFCFACE((#9726));
#9728=IFCPOLYLOOP((#9321,#9249,#9248,#9322));
#9729=IFCFACEOUTERBOUND(#9728,.T.);
#9730=IFCFACE((#9729));
#9731=IFCPOLYLOOP((#9319,#9251,#9250,#9320));
#9732=IFCFACEOUTERBOUND(#9731,.T.);
#9733=IFCFACE((#9732));
#9734=IFCPOLYLOOP((#9320,#9250,#9249,#9321));
#9735=IFCFACEOUTERBOUND(#9734,.T.);
#9736=IFCFACE((#9735));
#9737=IFCPOLYLOOP((#9318,#9252,#9251,#9319));
#9738=IFCFACEOUTERBOUND(#9737,.T.);
#9739=IFCFACE((#9738));
#9740=IFCPOLYLOOP((#9252,#9318,#9317,#9253));
#9741=IFCFACEOUTERBOUND(#9740,.T.);
#9742=IFCFACE((#9741));
#9743=IFCPOLYLOOP((#9315,#9314,#9256,#9255));
#9744=IFCFACEOUTERBOUND(#9743,.T.);
#9745=IFCFACE((#9744));
#9746=IFCPOLYLOOP((#9316,#9315,#9255,#9254));
#9747=IFCFACEOUTERBOUND(#9746,.T.);
#9748=IFCFACE((#9747));
#9749=IFCPOLYLOOP((#9312,#9311,#9243,#9258));
#9750=IFCFACEOUTERBOUND(#9749,.T.);
#9751=IFCFACE((#9750));
#9752=IFCPOLYLOOP((#9313,#9312,#9258,#9257));
#9753=IFCFACEOUTERBOUND(#9752,.T.);
#9754=IFCFACE((#9753));
#9755=IFCPOLYLOOP((#9314,#9313,#9257,#9256));
#9756=IFCFACEOUTERBOUND(#9755,.T.);
#9757=IFCFACE((#9756));
#9758=IFCPOLYLOOP((#9254,#9253,#9317,#9316));
#9759=IFCFACEOUTERBOUND(#9758,.T.);
#9760=IFCFACE((#9759));
#9761=IFCPOLYLOOP((#9243,#9311,#9310,#9279));
#9762=IFCFACEOUTERBOUND(#9761,.T.);
#9763=IFCFACE((#9762));
#9764=IFCPOLYLOOP((#9309,#9280,#9279,#9310));
#9765=IFCFACEOUTERBOUND(#9764,.T.);
#9766=IFCFACE((#9765));
#9767=IFCPOLYLOOP((#9307,#9306,#9283,#9282));
#9768=IFCFACEOUTERBOUND(#9767,.T.);
#9769=IFCFACE((#9768));
#9770=IFCPOLYLOOP((#9308,#9307,#9282,#9281));
#9771=IFCFACEOUTERBOUND(#9770,.T.);
#9772=IFCFACE((#9771));
#9773=IFCPOLYLOOP((#9280,#9309,#9308,#9281));
#9774=IFCFACEOUTERBOUND(#9773,.T.);
#9775=IFCFACE((#9774));
#9776=IFCPOLYLOOP((#9283,#9306,#9305,#9284));
#9777=IFCFACEOUTERBOUND(#9776,.T.);
#9778=IFCFACE((#9777));
#9779=IFCPOLYLOOP((#9303,#9302,#9287,#9286));
#9780=IFCFACEOUTERBOUND(#9779,.T.);
#9781=IFCFACE((#9780));
#9782=IFCPOLYLOOP((#9304,#9303,#9286,#9285));
#9783=IFCFACEOUTERBOUND(#9782,.T.);
#9784=IFCFACE((#9783));
#9785=IFCPOLYLOOP((#9300,#9299,#9247,#9289));
#9786=IFCFACEOUTERBOUND(#9785,.T.);
#9787=IFCFACE((#9786));
#9788=IFCPOLYLOOP((#9301,#9300,#9289,#9288));
#9789=IFCFACEOUTERBOUND(#9788,.T.);
#9790=IFCFACE((#9789));
#9791=IFCPOLYLOOP((#9302,#9301,#9288,#9287));
#9792=IFCFACEOUTERBOUND(#9791,.T.);
#9793=IFCFACE((#9792));
#9794=IFCPOLYLOOP((#9304,#9285,#9284,#9305));
#9795=IFCFACEOUTERBOUND(#9794,.T.);
#9796=IFCFACE((#9795));
#9797=IFCCARTESIANPOINT((0.30613312007869298,0.57833005249343561,3.3333333333333424));
#9798=IFCCARTESIANPOINT((0.30948687733370583,0.57833005249343561,3.3588076487961889));
#9799=IFCCARTESIANPOINT((0.31931959608416127,0.57833005249343561,3.3825459317585391));
#9800=IFCCARTESIANPOINT((0.33496119279655212,0.57833005249343561,3.4029304574658767));
#9801=IFCCARTESIANPOINT((0.35534571850388952,0.57833005249343561,3.4185720541782678));
#9802=IFCCARTESIANPOINT((0.37908400146623977,0.57833005249343561,3.4284047729287233));
#9803=IFCCARTESIANPOINT((0.40455831692908628,0.57833005249343561,3.4317585301837363));
#9804=IFCCARTESIANPOINT((0.43003263239193279,0.57833005249343561,3.4284047729287237));
#9805=IFCCARTESIANPOINT((0.45377091535428304,0.57833005249343561,3.4185720541782683));
#9806=IFCCARTESIANPOINT((0.47415544106162044,0.57833005249343561,3.4029304574658772));
#9807=IFCCARTESIANPOINT((0.48979703777401129,0.57833005249343561,3.38254593175854));
#9808=IFCCARTESIANPOINT((0.49962975652446717,0.57833005249343561,3.3588076487961898));
#9809=IFCCARTESIANPOINT((0.50298351377948025,0.57833005249343561,3.3333333333333428));
#9810=IFCCARTESIANPOINT((0.49962975652446739,0.57833005249343561,3.3078590178704963));
#9811=IFCCARTESIANPOINT((0.48979703777401173,0.57833005249343561,3.284120734908146));
#9812=IFCCARTESIANPOINT((0.47415544106162089,0.57833005249343561,3.2637362092008089));
#9813=IFCCARTESIANPOINT((0.45377091535428349,0.57833005249343561,3.2480946124884178));
#9814=IFCCARTESIANPOINT((0.43003263239193323,0.57833005249343561,3.2382618937379619));
#9815=IFCCARTESIANPOINT((0.40455831692908673,0.57833005249343561,3.2349081364829493));
#9816=IFCCARTESIANPOINT((0.37908400146624022,0.57833005249343561,3.2382618937379619));
#9817=IFCCARTESIANPOINT((0.35534571850388996,0.57833005249343561,3.2480946124884178));
#9818=IFCCARTESIANPOINT((0.33496119279655256,0.57833005249343561,3.2637362092008084));
#9819=IFCCARTESIANPOINT((0.31931959608416172,0.57833005249343561,3.2841207349081456));
#9820=IFCCARTESIANPOINT((0.30948687733370583,0.57833005249343561,3.3078590178704959));
#9821=IFCCARTESIANPOINT((0.30613312007869298,0.55208333333333071,3.3333333333333424));
#9822=IFCCARTESIANPOINT((0.30948687733370583,0.55208333333333071,3.3078590178704959));
#9823=IFCCARTESIANPOINT((0.31931959608416172,0.55208333333333071,3.2841207349081456));
#9824=IFCCARTESIANPOINT((0.33496119279655256,0.55208333333333071,3.2637362092008084));
#9825=IFCCARTESIANPOINT((0.35534571850388996,0.55208333333333071,3.2480946124884178));
#9826=IFCCARTESIANPOINT((0.37908400146624022,0.55208333333333071,3.2382618937379619));
#9827=IFCCARTESIANPOINT((0.40455831692908673,0.55208333333333071,3.2349081364829493));
#9828=IFCCARTESIANPOINT((0.43003263239193323,0.55208333333333071,3.2382618937379619));
#9829=IFCCARTESIANPOINT((0.45377091535428349,0.55208333333333071,3.2480946124884178));
#9830=IFCCARTESIANPOINT((0.47415544106162089,0.55208333333333071,3.2637362092008089));
#9831=IFCCARTESIANPOINT((0.48979703777401173,0.55208333333333071,3.284120734908146));
#9832=IFCCARTESIANPOINT((0.49962975652446739,0.55208333333333071,3.3078590178704963));
#9833=IFCCARTESIANPOINT((0.50298351377948025,0.55208333333333071,3.3333333333333433));
#9834=IFCCARTESIANPOINT((0.49962975652446717,0.55208333333333071,3.3588076487961898));
#9835=IFCCARTESIANPOINT((0.48979703777401129,0.55208333333333071,3.38254593175854));
#9836=IFCCARTESIANPOINT((0.47415544106162044,0.55208333333333071,3.4029304574658772));
#9837=IFCCARTESIANPOINT((0.45377091535428304,0.55208333333333071,3.4185720541782683));
#9838=IFCCARTESIANPOINT((0.43003263239193279,0.55208333333333071,3.4284047729287237));
#9839=IFCCARTESIANPOINT((0.40455831692908628,0.55208333333333071,3.4317585301837363));
#9840=IFCCARTESIANPOINT((0.37908400146623977,0.55208333333333071,3.4284047729287233));
#9841=IFCCARTESIANPOINT((0.35534571850388952,0.55208333333333071,3.4185720541782678));
#9842=IFCCARTESIANPOINT((0.33496119279655212,0.55208333333333071,3.4029304574658767));
#9843=IFCCARTESIANPOINT((0.31931959608416127,0.55208333333333071,3.3825459317585391));
#9844=IFCCARTESIANPOINT((0.30948687733370583,0.55208333333333071,3.3588076487961889));
#9845=IFCPOLYLOOP((#9804,#9805,#9806,#9807,#9808,#9809,#9810,#9811,#9812,#9813,#9814,#9815,#9816,#9817,#9818,#9819,#9820,#9797,#9798,#9799,#9800,#9801,#9802,#9803));
#9846=IFCFACEOUTERBOUND(#9845,.T.);
#9847=IFCFACE((#9846));
#9848=IFCPOLYLOOP((#9828,#9829,#9830,#9831,#9832,#9833,#9834,#9835,#9836,#9837,#9838,#9839,#9840,#9841,#9842,#9843,#9844,#9821,#9822,#9823,#9824,#9825,#9826,#9827));
#9849=IFCFACEOUTERBOUND(#9848,.T.);
#9850=IFCFACE((#9849));
#9851=IFCPOLYLOOP((#9844,#9798,#9797,#9821));
#9852=IFCFACEOUTERBOUND(#9851,.T.);
#9853=IFCFACE((#9852));
#9854=IFCPOLYLOOP((#9843,#9799,#9798,#9844));
#9855=IFCFACEOUTERBOUND(#9854,.T.);
#9856=IFCFACE((#9855));
#9857=IFCPOLYLOOP((#9801,#9800,#9842,#9841));
#9858=IFCFACEOUTERBOUND(#9857,.T.);
#9859=IFCFACE((#9858));
#9860=IFCPOLYLOOP((#9843,#9842,#9800,#9799));
#9861=IFCFACEOUTERBOUND(#9860,.T.);
#9862=IFCFACE((#9861));
#9863=IFCPOLYLOOP((#9802,#9801,#9841,#9840));
#9864=IFCFACEOUTERBOUND(#9863,.T.);
#9865=IFCFACE((#9864));
#9866=IFCPOLYLOOP((#9803,#9802,#9840,#9839));
#9867=IFCFACEOUTERBOUND(#9866,.T.);
#9868=IFCFACE((#9867));
#9869=IFCPOLYLOOP((#9838,#9804,#9803,#9839));
#9870=IFCFACEOUTERBOUND(#9869,.T.);
#9871=IFCFACE((#9870));
#9872=IFCPOLYLOOP((#9837,#9805,#9804,#9838));
#9873=IFCFACEOUTERBOUND(#9872,.T.);
#9874=IFCFACE((#9873));
#9875=IFCPOLYLOOP((#9807,#9806,#9836,#9835));
#9876=IFCFACEOUTERBOUND(#9875,.T.);
#9877=IFCFACE((#9876));
#9878=IFCPOLYLOOP((#9837,#9836,#9806,#9805));
#9879=IFCFACEOUTERBOUND(#9878,.T.);
#9880=IFCFACE((#9879));
#9881=IFCPOLYLOOP((#9808,#9807,#9835,#9834));
#9882=IFCFACEOUTERBOUND(#9881,.T.);
#9883=IFCFACE((#9882));
#9884=IFCPOLYLOOP((#9809,#9808,#9834,#9833));
#9885=IFCFACEOUTERBOUND(#9884,.T.);
#9886=IFCFACE((#9885));
#9887=IFCPOLYLOOP((#9832,#9810,#9809,#9833));
#9888=IFCFACEOUTERBOUND(#9887,.T.);
#9889=IFCFACE((#9888));
#9890=IFCPOLYLOOP((#9831,#9811,#9810,#9832));
#9891=IFCFACEOUTERBOUND(#9890,.T.);
#9892=IFCFACE((#9891));
#9893=IFCPOLYLOOP((#9813,#9812,#9830,#9829));
#9894=IFCFACEOUTERBOUND(#9893,.T.);
#9895=IFCFACE((#9894));
#9896=IFCPOLYLOOP((#9831,#9830,#9812,#9811));
#9897=IFCFACEOUTERBOUND(#9896,.T.);
#9898=IFCFACE((#9897));
#9899=IFCPOLYLOOP((#9814,#9813,#9829,#9828));
#9900=IFCFACEOUTERBOUND(#9899,.T.);
#9901=IFCFACE((#9900));
#9902=IFCPOLYLOOP((#9815,#9814,#9828,#9827));
#9903=IFCFACEOUTERBOUND(#9902,.T.);
#9904=IFCFACE((#9903));
#9905=IFCPOLYLOOP((#9826,#9816,#9815,#9827));
#9906=IFCFACEOUTERBOUND(#9905,.T.);
#9907=IFCFACE((#9906));
#9908=IFCPOLYLOOP((#9825,#9817,#9816,#9826));
#9909=IFCFACEOUTERBOUND(#9908,.T.);
#9910=IFCFACE((#9909));
#9911=IFCPOLYLOOP((#9819,#9818,#9824,#9823));
#9912=IFCFACEOUTERBOUND(#9911,.T.);
#9913=IFCFACE((#9912));
#9914=IFCPOLYLOOP((#9825,#9824,#9818,#9817));
#9915=IFCFACEOUTERBOUND(#9914,.T.);
#9916=IFCFACE((#9915));
#9917=IFCPOLYLOOP((#9820,#9819,#9823,#9822));
#9918=IFCFACEOUTERBOUND(#9917,.T.);
#9919=IFCFACE((#9918));
#9920=IFCPOLYLOOP((#9797,#9820,#9822,#9821));
#9921=IFCFACEOUTERBOUND(#9920,.T.);
#9922=IFCFACE((#9921));
#9923=IFCCARTESIANPOINT((3.1666666666666612,0.39062500000000427,0.));
#9924=IFCCARTESIANPOINT((3.1666666666666612,0.55208333333333792,0.));
#9925=IFCCARTESIANPOINT((3.3333333333333295,0.55208333333333792,0.));
#9926=IFCCARTESIANPOINT((3.3333333333333295,0.07291666666667046,0.));
#9927=IFCCARTESIANPOINT((3.1666666666666616,0.07291666666667046,0.));
#9928=IFCCARTESIANPOINT((3.1666666666666616,0.23437500000000339,0.));
#9929=IFCCARTESIANPOINT((3.1145833333333277,0.23437500000000339,0.));
#9930=IFCCARTESIANPOINT((3.1145833333333277,0.39062500000000427,0.));
#9931=IFCPOLYLOOP((#9923,#9924,#9925,#9926,#9927,#9928,#9929,#9930));
#9932=IFCFACEOUTERBOUND(#9931,.T.);
#9933=IFCFACE((#9932));
#9934=IFCCARTESIANPOINT((3.1666666666666607,0.39062500000000422,7.));
#9935=IFCCARTESIANPOINT((3.1666666666666607,0.55208333333333792,7.));
#9936=IFCPOLYLOOP((#9924,#9923,#9934,#9935));
#9937=IFCFACEOUTERBOUND(#9936,.T.);
#9938=IFCFACE((#9937));
#9939=IFCCARTESIANPOINT((0.16666666666667163,0.55208333333333792,7.));
#9940=IFCCARTESIANPOINT((0.1666666666666714,0.55208333333333792,0.));
#9941=IFCCARTESIANPOINT((0.,0.55208333333333792,0.));
#9942=IFCCARTESIANPOINT((0.,0.55208333333333792,7.3333333333333339));
#9943=IFCCARTESIANPOINT((3.3333333333333295,0.55208333333333792,7.3333333333333339));
#9944=IFCPOLYLOOP((#9925,#9924,#9935,#9939,#9940,#9941,#9942,#9943));
#9945=IFCFACEOUTERBOUND(#9944,.T.);
#9946=IFCFACE((#9945));
#9947=IFCCARTESIANPOINT((3.3333333333333295,0.072916666666666075,7.3333333333333339));
#9948=IFCPOLYLOOP((#9926,#9925,#9943,#9947));
#9949=IFCFACEOUTERBOUND(#9948,.T.);
#9950=IFCFACE((#9949));
#9951=IFCCARTESIANPOINT((0.,0.072916666666670515,7.3333333333333339));
#9952=IFCCARTESIANPOINT((0.,0.07291666666667046,0.));
#9953=IFCCARTESIANPOINT((0.16666666666667118,0.07291666666667046,0.));
#9954=IFCCARTESIANPOINT((0.1666666666666714,0.072916666666670515,7.));
#9955=IFCCARTESIANPOINT((3.1666666666666625,0.072916666666670515,7.));
#9956=IFCPOLYLOOP((#9927,#9926,#9947,#9951,#9952,#9953,#9954,#9955));
#9957=IFCFACEOUTERBOUND(#9956,.T.);
#9958=IFCFACE((#9957));
#9959=IFCCARTESIANPOINT((3.1666666666666625,0.23437500000000333,7.));
#9960=IFCPOLYLOOP((#9928,#9927,#9955,#9959));
#9961=IFCFACEOUTERBOUND(#9960,.T.);
#9962=IFCFACE((#9961));
#9963=IFCCARTESIANPOINT((0.16666666666667163,0.23437500000000333,7.));
#9964=IFCCARTESIANPOINT((0.16666666666667163,0.23437500000000339,0.));
#9965=IFCCARTESIANPOINT((0.21875000000000555,0.23437500000000339,0.));
#9966=IFCCARTESIANPOINT((0.21875000000000555,0.23437500000000333,6.9479166666666856));
#9967=IFCCARTESIANPOINT((3.1145833333333277,0.23437500000000333,6.9479166666666856));
#9968=IFCPOLYLOOP((#9929,#9928,#9959,#9963,#9964,#9965,#9966,#9967));
#9969=IFCFACEOUTERBOUND(#9968,.T.);
#9970=IFCFACE((#9969));
#9971=IFCCARTESIANPOINT((3.1145833333333277,0.39062500000000422,6.9479166666666856));
#9972=IFCPOLYLOOP((#9930,#9929,#9967,#9971));
#9973=IFCFACEOUTERBOUND(#9972,.T.);
#9974=IFCFACE((#9973));
#9975=IFCCARTESIANPOINT((0.21875000000000466,0.39062500000000422,6.9479166666666865));
#9976=IFCCARTESIANPOINT((0.21875000000000466,0.39062500000000427,0.));
#9977=IFCCARTESIANPOINT((0.16666666666667163,0.39062500000000427,0.));
#9978=IFCCARTESIANPOINT((0.16666666666667163,0.39062500000000422,7.));
#9979=IFCPOLYLOOP((#9923,#9930,#9971,#9975,#9976,#9977,#9978,#9934));
#9980=IFCFACEOUTERBOUND(#9979,.T.);
#9981=IFCFACE((#9980));
#9982=IFCPOLYLOOP((#9935,#9934,#9978,#9939));
#9983=IFCFACEOUTERBOUND(#9982,.T.);
#9984=IFCFACE((#9983));
#9985=IFCPOLYLOOP((#9955,#9954,#9963,#9959));
#9986=IFCFACEOUTERBOUND(#9985,.T.);
#9987=IFCFACE((#9986));
#9988=IFCPOLYLOOP((#9967,#9966,#9975,#9971));
#9989=IFCFACEOUTERBOUND(#9988,.T.);
#9990=IFCFACE((#9989));
#9991=IFCPOLYLOOP((#9941,#9940,#9977,#9976,#9965,#9964,#9953,#9952));
#9992=IFCFACEOUTERBOUND(#9991,.T.);
#9993=IFCFACE((#9992));
#9994=IFCPOLYLOOP((#9940,#9939,#9978,#9977));
#9995=IFCFACEOUTERBOUND(#9994,.T.);
#9996=IFCFACE((#9995));
#9997=IFCPOLYLOOP((#9942,#9941,#9952,#9951));
#9998=IFCFACEOUTERBOUND(#9997,.T.);
#9999=IFCFACE((#9998));
#10000=IFCPOLYLOOP((#9954,#9953,#9964,#9963));
#10001=IFCFACEOUTERBOUND(#10000,.T.);
#10002=IFCFACE((#10001));
#10003=IFCPOLYLOOP((#9966,#9965,#9976,#9975));
#10004=IFCFACEOUTERBOUND(#10003,.T.);
#10005=IFCFACE((#10004));
#10006=IFCPOLYLOOP((#9947,#9943,#9942,#9951));
#10007=IFCFACEOUTERBOUND(#10006,.T.);
#10008=IFCFACE((#10007));
#10009=IFCCARTESIANPOINT((0.16666666666666563,0.40624999999999578,7.));
#10010=IFCCARTESIANPOINT((0.16666666666666563,0.40624999999999578,-0.));
#10011=IFCCARTESIANPOINT((3.1666666666666652,0.40624999999999578,-0.));
#10012=IFCCARTESIANPOINT((3.1666666666666652,0.40624999999999578,7.));
#10013=IFCCARTESIANPOINT((0.66666666666667185,0.40624999999999578,6.5));
#10014=IFCCARTESIANPOINT((1.0833333333333419,0.40624999999999578,6.5));
#10015=IFCCARTESIANPOINT((1.0833333333333419,0.40624999999999578,4.4166666666666643));
#10016=IFCCARTESIANPOINT((0.66666666666667185,0.40624999999999578,4.4166666666666643));
#10017=IFCPOLYLOOP((#10009,#10010,#10011,#10012));
#10018=IFCFACEOUTERBOUND(#10017,.T.);
#10019=IFCPOLYLOOP((#10013,#10014,#10015,#10016));
#10020=IFCFACEBOUND(#10019,.T.);
#10021=IFCFACE((#10018,#10020));
#10022=IFCCARTESIANPOINT((0.16666666666666563,0.55208333333332826,7.));
#10023=IFCCARTESIANPOINT((3.1666666666666652,0.55208333333332826,7.));
#10024=IFCCARTESIANPOINT((3.1666666666666652,0.55208333333332826,-0.));
#10025=IFCCARTESIANPOINT((0.16666666666666563,0.55208333333332826,-0.));
#10026=IFCCARTESIANPOINT((0.66666666666667185,0.55208333333332826,6.5));
#10027=IFCCARTESIANPOINT((0.66666666666667185,0.55208333333332826,4.4166666666666643));
#10028=IFCCARTESIANPOINT((1.0833333333333419,0.55208333333332826,4.4166666666666643));
#10029=IFCCARTESIANPOINT((1.0833333333333419,0.55208333333332826,6.5));
#10030=IFCPOLYLOOP((#10022,#10023,#10024,#10025));
#10031=IFCFACEOUTERBOUND(#10030,.T.);
#10032=IFCPOLYLOOP((#10026,#10027,#10028,#10029));
#10033=IFCFACEBOUND(#10032,.T.);
#10034=IFCFACE((#10031,#10033));
#10035=IFCPOLYLOOP((#10010,#10009,#10022,#10025));
#10036=IFCFACEOUTERBOUND(#10035,.T.);
#10037=IFCFACE((#10036));
#10038=IFCPOLYLOOP((#10011,#10010,#10025,#10024));
#10039=IFCFACEOUTERBOUND(#10038,.T.);
#10040=IFCFACE((#10039));
#10041=IFCPOLYLOOP((#10012,#10011,#10024,#10023));
#10042=IFCFACEOUTERBOUND(#10041,.T.);
#10043=IFCFACE((#10042));
#10044=IFCPOLYLOOP((#10009,#10012,#10023,#10022));
#10045=IFCFACEOUTERBOUND(#10044,.T.);
#10046=IFCFACE((#10045));
#10047=IFCPOLYLOOP((#10014,#10013,#10026,#10029));
#10048=IFCFACEOUTERBOUND(#10047,.T.);
#10049=IFCFACE((#10048));
#10050=IFCPOLYLOOP((#10015,#10014,#10029,#10028));
#10051=IFCFACEOUTERBOUND(#10050,.T.);
#10052=IFCFACE((#10051));
#10053=IFCPOLYLOOP((#10016,#10015,#10028,#10027));
#10054=IFCFACEOUTERBOUND(#10053,.T.);
#10055=IFCFACE((#10054));
#10056=IFCPOLYLOOP((#10013,#10016,#10027,#10026));
#10057=IFCFACEOUTERBOUND(#10056,.T.);
#10058=IFCFACE((#10057));
#10059=IFCCARTESIANPOINT((0.6666666666666714,0.46875000000004585,6.5));
#10060=IFCCARTESIANPOINT((0.6666666666666714,0.46875000000004585,4.4166666666666643));
#10061=IFCCARTESIANPOINT((1.0833333333333408,0.46875000000004452,4.4166666666666643));
#10062=IFCCARTESIANPOINT((1.0833333333333408,0.46875000000004452,6.5));
#10063=IFCPOLYLOOP((#10059,#10060,#10061,#10062));
#10064=IFCFACEOUTERBOUND(#10063,.T.);
#10065=IFCFACE((#10064));
#10066=IFCCARTESIANPOINT((0.6666666666666714,0.48958333333337917,6.5));
#10067=IFCCARTESIANPOINT((1.083333333333341,0.48958333333337783,6.5));
#10068=IFCCARTESIANPOINT((1.083333333333341,0.48958333333337783,4.4166666666666643));
#10069=IFCCARTESIANPOINT((0.6666666666666714,0.48958333333337917,4.4166666666666643));
#10070=IFCPOLYLOOP((#10066,#10067,#10068,#10069));
#10071=IFCFACEOUTERBOUND(#10070,.T.);
#10072=IFCFACE((#10071));
#10073=IFCPOLYLOOP((#10060,#10059,#10066,#10069));
#10074=IFCFACEOUTERBOUND(#10073,.T.);
#10075=IFCFACE((#10074));
#10076=IFCPOLYLOOP((#10061,#10060,#10069,#10068));
#10077=IFCFACEOUTERBOUND(#10076,.T.);
#10078=IFCFACE((#10077));
#10079=IFCPOLYLOOP((#10062,#10061,#10068,#10067));
#10080=IFCFACEOUTERBOUND(#10079,.T.);
#10081=IFCFACE((#10080));
#10082=IFCPOLYLOOP((#10059,#10062,#10067,#10066));
#10083=IFCFACEOUTERBOUND(#10082,.T.);
#10084=IFCFACE((#10083));
#10085=IFCCARTESIANPOINT((0.66666666666667551,0.468749999999999,4.4166666666666661));
#10086=IFCCARTESIANPOINT((0.66666666666667496,0.406249999999999,4.4166666666666661));
#10087=IFCCARTESIANPOINT((0.66666666666667429,0.406249999999999,6.4999999999999973));
#10088=IFCCARTESIANPOINT((0.66666666666667473,0.468749999999999,6.4999999999999964));
#10089=IFCCARTESIANPOINT((0.70603674540683259,0.40296916010498546,4.4560367454068235));
#10090=IFCCARTESIANPOINT((0.70603674540683325,0.46874999999999856,4.4560367454068244));
#10091=IFCCARTESIANPOINT((0.70603674540683325,0.46874999999999856,6.460629921259839));
#10092=IFCCARTESIANPOINT((0.70603674540683259,0.40296916010498568,6.4606299212598399));
#10093=IFCCARTESIANPOINT((0.68963254593176704,0.38656496062992002,4.439632545931758));
#10094=IFCCARTESIANPOINT((0.70123206662052262,0.39136963941622993,4.4512320666205136));
#10095=IFCCARTESIANPOINT((0.70123206662052262,0.39136963941622999,6.4654346000461498));
#10096=IFCCARTESIANPOINT((0.68963254593176648,0.38656496062992007,6.4770341207349063));
#10097=IFCCARTESIANPOINT((0.68963254593176671,0.38656496062992007,5.4642636132556319));
#10098=IFCCARTESIANPOINT((0.68963254593176693,0.38656496062992007,4.9519481042028097));
#10099=IFCCARTESIANPOINT((0.68963254593176659,0.38656496062992007,5.9647186116820841));
#10100=IFCCARTESIANPOINT((0.70603674540683259,0.40296916010498562,5.458333339253743));
#10101=IFCCARTESIANPOINT((0.70603674540683259,0.40296916010498562,4.9571850423302841));
#10102=IFCCARTESIANPOINT((0.70603674540683259,0.40296916010498568,5.9594816243363802));
#10103=IFCCARTESIANPOINT((0.68963254593176659,0.38656496062992007,6.2208763662084952));
#10104=IFCCARTESIANPOINT((0.70603674540683259,0.40296916010498568,6.2100557668776988));
#10105=IFCCARTESIANPOINT((0.70603674540683259,0.40296916010498568,6.3325510444676834));
#10106=IFCCARTESIANPOINT((0.68963254593176693,0.38656496062992002,4.6957903496763995));
#10107=IFCCARTESIANPOINT((0.70603674540683259,0.40296916010498562,4.7066108879481421));
#10108=IFCCARTESIANPOINT((0.70603674540683259,0.40296916010498562,4.8318979710596235));
#10109=IFCCARTESIANPOINT((0.68963254593176704,0.38656496062992002,4.5677114231949636));
#10110=IFCCARTESIANPOINT((0.70603674540683259,0.40296916010498562,5.2077591967124253));
#10111=IFCCARTESIANPOINT((0.68963254593176682,0.38656496062992007,5.2081058587292217));
#10112=IFCCARTESIANPOINT((0.68963254593176693,0.38656496062992007,5.0800269814660162));
#10113=IFCCARTESIANPOINT((0.68963254593176671,0.38656496062992007,5.714491112468858));
#10114=IFCCARTESIANPOINT((0.70603674540683259,0.40296916010498562,5.7089074817950616));
#10115=IFCCARTESIANPOINT((0.70603674540683259,0.40296916010498562,5.8341945530657213));
#10116=IFCCARTESIANPOINT((0.68963254593176648,0.38656496062992007,6.3489552434717007));
#10117=IFCCARTESIANPOINT((0.70603674540683259,0.40296916010498562,4.5813238166774832));
#10118=IFCCARTESIANPOINT((0.68963254593176693,0.38656496062992002,4.8238692269396051));
#10119=IFCCARTESIANPOINT((0.68963254593176671,0.38656496062992007,5.8396048866845867));
#10120=IFCCARTESIANPOINT((0.7010552310568412,0.39119545954181734,5.7770479795547667));
#10121=IFCCARTESIANPOINT((0.70134958583869367,0.3914883615161579,5.8771804653646154));
#10122=IFCCARTESIANPOINT((0.70113576800094757,0.39127413370720193,5.6800107582576533));
#10123=IFCCARTESIANPOINT((0.70603674540683259,0.40296916010498562,5.5836204105244027));
#10124=IFCCARTESIANPOINT((0.68963254593176671,0.38656496062992007,5.5893773382531302));
#10125=IFCCARTESIANPOINT((0.70155488490833895,0.39170170281660621,6.2713034095269569));
#10126=IFCCARTESIANPOINT((0.68963254593176659,0.38656496062992007,6.0927974889452896));
#10127=IFCCARTESIANPOINT((0.70095115019518828,0.39109536720019727,6.1681306588365388));
#10128=IFCCARTESIANPOINT((0.70603674540683259,0.40296916010498568,6.0847686956070399));
#10129=IFCCARTESIANPOINT((0.70146351099292592,0.39160579677631491,6.3670500901071261));
#10130=IFCCARTESIANPOINT((0.70140119253005651,0.39154126801316441,4.8945415186403238));
#10131=IFCCARTESIANPOINT((0.70111799586098711,0.39125667956749399,4.9945579365639388));
#10132=IFCCARTESIANPOINT((0.70603674540683259,0.40296916010498562,5.082472113600943));
#10133=IFCCARTESIANPOINT((0.70122025776286534,0.3913578425683249,5.1451156632028807));
#10134=IFCCARTESIANPOINT((0.70136120008228586,0.39150022675287055,4.7980420375547883));
#10135=IFCCARTESIANPOINT((0.70123873179634177,0.39137630842411408,5.2434167610616305));
#10136=IFCCARTESIANPOINT((0.68963254593176671,0.38656496062992007,5.3361847359924273));
#10137=IFCCARTESIANPOINT((0.70603674540683259,0.40296916010498562,5.3330462679830841));
#10138=IFCCARTESIANPOINT((0.70133549377768389,0.39147399711642872,5.3956898076894841));
#10139=IFCCARTESIANPOINT((0.70133229045568479,0.391470736800341,5.4926151803553536));
#10140=IFCCARTESIANPOINT((0.70140119265663792,0.39154126814352025,6.0221251688865118));
#10141=IFCCARTESIANPOINT((0.70156283474483561,0.39171012065863364,4.6439673728684854));
#10142=IFCCARTESIANPOINT((0.70142321119106266,0.39156398701726003,4.54839278112249));
#10143=IFCCARTESIANPOINT((0.70123762525749089,0.39137520071824483,5.5882807395152021));
#10144=IFCCARTESIANPOINT((0.64041994750656994,0.39312664041994666,4.3904199475065608));
#10145=IFCCARTESIANPOINT((0.64234181902109388,0.38848683214444457,4.3923418190210848));
#10146=IFCCARTESIANPOINT((0.64698162729659625,0.38656496062992041,4.3969816272965874));
#10147=IFCCARTESIANPOINT((0.64698162729659625,0.38656496062992052,6.519685039370076));
#10148=IFCCARTESIANPOINT((0.64234181902109388,0.38848683214444463,6.5243248476455786));
#10149=IFCCARTESIANPOINT((0.64041994750656994,0.39312664041994672,6.5262467191601026));
#10150=IFCCARTESIANPOINT((0.64041994750656994,0.39312664041994672,5.458333326868976));
#10151=IFCCARTESIANPOINT((0.64041994750656994,0.39312664041994672,4.9243766307234118));
#10152=IFCCARTESIANPOINT((0.64041994750656994,0.39312664041994672,5.9922900230145393));
#10153=IFCCARTESIANPOINT((0.64698162729659625,0.38656496062992046,5.4583333333333321));
#10154=IFCCARTESIANPOINT((0.64698162729659625,0.38656496062992046,4.9276574862295472));
#10155=IFCCARTESIANPOINT((0.64698162729659625,0.38656496062992052,5.9890091804371162));
#10156=IFCCARTESIANPOINT((0.64698162729659625,0.38656496062992052,6.2543471039890086));
#10157=IFCCARTESIANPOINT((0.64041994750656994,0.39312664041994672,6.2592683710873205));
#10158=IFCCARTESIANPOINT((0.64041994750656994,0.39312664041994672,6.1257791970509299));
#10159=IFCCARTESIANPOINT((0.64698162729659625,0.38656496062992052,6.1216781422130619));
#10160=IFCCARTESIANPOINT((0.64698162729659625,0.38656496062992041,4.6623195626776548));
#10161=IFCCARTESIANPOINT((0.64041994750656994,0.39312664041994666,4.6573982826506306));
#10162=IFCCARTESIANPOINT((0.64041994750656994,0.39312664041994666,4.5524283352354562));
#10163=IFCCARTESIANPOINT((0.64698162729659625,0.38656496062992041,4.529650600901709));
#10164=IFCCARTESIANPOINT((0.64698162729659625,0.38656496062992046,5.7236712568852237));
#10165=IFCCARTESIANPOINT((0.64041994750656994,0.39312664041994672,5.7253116749417572));
#10166=IFCCARTESIANPOINT((0.64041994750656994,0.39312664041994672,5.5918225009053666));
#10167=IFCCARTESIANPOINT((0.64698162729659625,0.38656496062992046,5.5910022951092779));
#10168=IFCCARTESIANPOINT((0.64698162729659625,0.38656496062992046,5.1929954097814397));
#10169=IFCCARTESIANPOINT((0.64041994750656994,0.39312664041994666,5.1913549787961939));
#10170=IFCCARTESIANPOINT((0.64041994750656994,0.39312664041994672,5.0578658047598033));
#10171=IFCCARTESIANPOINT((0.64698162729659625,0.38656496062992046,5.060326448005493));
#10172=IFCCARTESIANPOINT((0.64698162729659625,0.38656496062992052,6.3870160657649535));
#10173=IFCCARTESIANPOINT((0.64041994750656994,0.39312664041994672,6.3927575451237111));
#10174=IFCCARTESIANPOINT((0.64041994750656994,0.39312664041994672,6.3260129516411601));
#10175=IFCCARTESIANPOINT((0.64041994750656994,0.39312664041994666,4.4714241349066519));
#10176=IFCCARTESIANPOINT((0.64698162729659625,0.38656496062992041,4.4633161081845607));
#10177=IFCCARTESIANPOINT((0.64041994750656994,0.39312664041994672,6.4452425188312992));
#10178=IFCCARTESIANPOINT((0.64698162729659625,0.38656496062992052,6.4533505584821027));
#10179=IFCCARTESIANPOINT((0.64698162729659625,0.38656496062992046,4.7949885244536015));
#10180=IFCCARTESIANPOINT((0.64041994750656994,0.39312664041994666,4.7908874566870212));
#10181=IFCCARTESIANPOINT((0.64041994750656994,0.39312664041994666,4.7241428632044702));
#10182=IFCCARTESIANPOINT((0.64698162729659625,0.38656496062992046,5.8563402186611695));
#10183=IFCCARTESIANPOINT((0.64041994750656994,0.39312664041994672,5.8588008489781478));
#10184=IFCCARTESIANPOINT((0.64041994750656994,0.39312664041994672,5.7920562554955968));
#10185=IFCCARTESIANPOINT((0.64041994750656994,0.39312664041994672,5.3248441528325845));
#10186=IFCCARTESIANPOINT((0.64698162729659625,0.38656496062992046,5.3256643715573855));
#10187=IFCCARTESIANPOINT((0.64698162729659625,0.38656496062992046,5.3919988524453579));
#10188=IFCCARTESIANPOINT((0.64041994750656994,0.39312664041994666,4.430922047670963));
#10189=IFCCARTESIANPOINT((0.64041994750656994,0.39312664041994672,6.4857446189957004));
#10190=IFCCARTESIANPOINT((0.64698162729659625,0.38656496062992041,4.4374837197101353));
#10191=IFCCARTESIANPOINT((0.64220006281381981,0.38863305802236137,4.4503999183596417));
#10192=IFCCARTESIANPOINT((0.64698162729659625,0.38656496062992041,4.4964833545431349));
#10193=IFCCARTESIANPOINT((0.64041994750656994,0.39312664041994666,4.5119262350710541));
#10194=IFCCARTESIANPOINT((0.64253092423998992,0.38830513816766532,4.5130669735304965));
#10195=IFCCARTESIANPOINT((0.64698162729659625,0.38656496062992052,6.4791829469565281));
#10196=IFCCARTESIANPOINT((0.64220006267770779,0.38863305816719634,6.4662667498331912));
#10197=IFCCARTESIANPOINT((0.64260963911930125,0.38823364940785277,6.4194327148761872));
#10198=IFCCARTESIANPOINT((0.64698162729659625,0.38656496062992046,4.5959850817896823));
#10199=IFCCARTESIANPOINT((0.64274539428196964,0.38811565533589132,4.5536047588777988));
#10200=IFCCARTESIANPOINT((0.64041994750656994,0.39312664041994666,4.6049133089430434));
#10201=IFCCARTESIANPOINT((0.64041994750656994,0.39312664041994672,5.6585670943879176));
#10202=IFCCARTESIANPOINT((0.64698162729659625,0.38656496062992046,5.6573367759972504));
#10203=IFCCARTESIANPOINT((0.64698162729659625,0.38656496062992046,5.5246678142213046));
#10204=IFCCARTESIANPOINT((0.64041994750657016,0.39312664041994666,5.5250779074228147));
#10205=IFCCARTESIANPOINT((0.64041994750656994,0.39312664041994666,5.2580995593500326));
#10206=IFCCARTESIANPOINT((0.64698162729659625,0.38656496062992046,5.259329890669413));
#10207=IFCCARTESIANPOINT((0.64698162729659625,0.38656496062992052,6.0553436613250886));
#10208=IFCCARTESIANPOINT((0.64041994750656994,0.39312664041994672,6.0590346035683789));
#10209=IFCCARTESIANPOINT((0.64041994750656994,0.39312664041994672,4.9911212112772514));
#10210=IFCCARTESIANPOINT((0.64698162729659625,0.38656496062992046,4.9939919671175206));
#10211=IFCCARTESIANPOINT((0.64698162729659625,0.38656496062992046,5.1266609288934664));
#10212=IFCCARTESIANPOINT((0.64041994750656994,0.39312664041994666,5.1246103982423552));
#10213=IFCCARTESIANPOINT((0.64698162729659625,0.38656496062992046,4.8613230053415748));
#10214=IFCCARTESIANPOINT((0.64041994750656994,0.39312664041994672,4.8576320501695722));
#10215=IFCCARTESIANPOINT((0.64041994750656994,0.39312664041994672,5.9255454424606997));
#10216=IFCCARTESIANPOINT((0.64698162729659625,0.38656496062992052,5.9226746995491428));
#10217=IFCCARTESIANPOINT((0.64698162729659625,0.38656496062992052,6.1880126231010353));
#10218=IFCCARTESIANPOINT((0.64041994750656994,0.39312664041994672,6.1925237905334818));
#10219=IFCCARTESIANPOINT((0.64253712049688949,0.38829942580132876,4.6311558134348925));
#10220=IFCCARTESIANPOINT((0.64698162729659625,0.38656496062992041,4.5628178354311082));
#10221=IFCCARTESIANPOINT((0.64228172059116062,0.38854771929952536,4.6689305444897542));
#10222=IFCCARTESIANPOINT((0.64698162729659625,0.38656496062992046,4.7286540435656281));
#10223=IFCCARTESIANPOINT((0.64698162729659625,0.38656496062992041,4.695486797207054));
#10224=IFCCARTESIANPOINT((0.64243022538792283,0.38840007905542773,4.7120704228589609));
#10225=IFCCARTESIANPOINT((0.6423749722844676,0.38845391409947072,4.7601625099523481));
#10226=IFCCARTESIANPOINT((0.64041994750656994,0.39312664041994666,4.6907705729275495));
#10227=IFCCARTESIANPOINT((0.64226083022925118,0.38856925995351804,4.5936950964864165));
#10228=IFCCARTESIANPOINT((0.64228038307315249,0.38854909255909637,6.3819369180974217));
#10229=IFCCARTESIANPOINT((0.64698162729659625,0.38656496062992052,6.3206815848769811));
#10230=IFCCARTESIANPOINT((0.64698162729659625,0.38656496062992052,6.3538488312355561));
#10231=IFCCARTESIANPOINT((0.64244344735463321,0.38838738262138756,6.3372652159943135));
#10232=IFCCARTESIANPOINT((0.64238695909319588,0.38844212702285835,6.2894351572298168));
#10233=IFCCARTESIANPOINT((0.64041994750656994,0.39312664041994666,6.359385241918079));
#10234=IFCCARTESIANPOINT((0.64698162729659625,0.38656496062992052,5.7900057377731962));
#10235=IFCCARTESIANPOINT((0.6424319813460575,0.38839838879893651,5.8231729861163455));
#10236=IFCCARTESIANPOINT((0.64041994750656994,0.39312664041994672,5.3915887463151364));
#10237=IFCCARTESIANPOINT((0.64698162729659625,0.38656496062992052,6.4201833121235286));
#10238=IFCCARTESIANPOINT((0.6422700275590969,0.38855975202844495,5.6919393913242429));
#10239=IFCCARTESIANPOINT((0.64228753079545431,0.38854176313644118,5.625194805098916));
#10240=IFCCARTESIANPOINT((0.64234181881911212,0.38848683234642623,5.4915005797101424));
#10241=IFCCARTESIANPOINT((0.64236017243807608,0.38846855104151068,5.557835060995906));
#10242=IFCCARTESIANPOINT((0.64227002754032192,0.38855975204781479,5.2247272876738551));
#10243=IFCCARTESIANPOINT((0.6423783683170845,0.38845056851776383,5.2924971358217823));
#10244=IFCCARTESIANPOINT((0.64248407317496348,0.38834881156262852,6.0221764299429958));
#10245=IFCCARTESIANPOINT((0.6425010865264813,0.38833285318288913,6.0885109112170248));
#10246=IFCCARTESIANPOINT((0.64220291458301659,0.3886300254188696,4.9577489424793315));
#10247=IFCCARTESIANPOINT((0.64244951781699267,0.38838157716096616,5.02715921048258));
#10248=IFCCARTESIANPOINT((0.64241427559074871,0.3884154898108142,5.1598281731878446));
#10249=IFCCARTESIANPOINT((0.64223589578950624,0.38859523069123619,5.0912381151288191));
#10250=IFCCARTESIANPOINT((0.64248407305908883,0.38834881167170576,4.8944902476162344));
#10251=IFCCARTESIANPOINT((0.64217106518996592,0.38866411491468733,4.8242597695720804));
#10252=IFCCARTESIANPOINT((0.64220291463151624,0.38863002536732744,5.9589177362102479));
#10253=IFCCARTESIANPOINT((0.64221926259347462,0.38861271484443044,5.8921731499904846));
#10254=IFCCARTESIANPOINT((0.64251792026287458,0.38831717463007537,6.1548453924904889));
#10255=IFCCARTESIANPOINT((0.64253457186683582,0.3883017736164508,6.2211798737634725));
#10256=IFCCARTESIANPOINT((0.64698162729659625,0.38656496062992046,4.6291523281482565));
#10257=IFCCARTESIANPOINT((0.64041994750656994,0.39312664041994672,4.7575151534813891));
#10258=IFCCARTESIANPOINT((0.64698162729659625,0.38656496062992046,4.7618212899242032));
#10259=IFCCARTESIANPOINT((0.64041994750656994,0.39312664041994672,6.2926406613642403));
#10260=IFCCARTESIANPOINT((0.64698162729659625,0.38656496062992052,6.2875143385184069));
#10261=IFCCARTESIANPOINT((0.6422528166982604,0.38857757546196864,5.758683977547725));
#10262=IFCCARTESIANPOINT((0.64698162729659625,0.38656496062992046,5.8231729841317712));
#10263=IFCCARTESIANPOINT((0.64041994750656994,0.39312664041994672,5.8254285457725166));
#10264=IFCCARTESIANPOINT((0.64234181876913077,0.38848683239640758,5.4251660984199344));
#10265=IFCCARTESIANPOINT((0.64230532881598368,0.38852361161414295,5.3582164601698041));
#10266=IFCCARTESIANPOINT((0.64041994750656994,0.39312664041994672,5.6919393846648374));
#10267=IFCCARTESIANPOINT((0.64698162729659625,0.38656496062992046,5.6905040223558245));
#10268=IFCCARTESIANPOINT((0.64041994750656972,0.39312664041994672,5.6251948041109987));
#10269=IFCCARTESIANPOINT((0.64698162729659625,0.38656496062992046,5.6241695296386762));
#10270=IFCCARTESIANPOINT((0.64266093242684486,0.38818829682018136,5.6585771286889655));
#10271=IFCCARTESIANPOINT((0.64698162729659625,0.38656496062992046,5.4915005678627304));
#10272=IFCCARTESIANPOINT((0.64041994750656994,0.39312664041994672,5.4917056171458949));
#10273=IFCCARTESIANPOINT((0.64698162729659625,0.38656496062992046,5.5578350605798796));
#10274=IFCCARTESIANPOINT((0.64263404620649167,0.38821195016197485,5.5915480272160201));
#10275=IFCCARTESIANPOINT((0.64041994750656972,0.39312664041994672,5.5584501976997345));
#10276=IFCCARTESIANPOINT((0.64202311621548103,0.38882910513500762,5.5246773250342258));
#10277=IFCCARTESIANPOINT((0.64041994750656994,0.39312664041994672,5.2247272690731137));
#10278=IFCCARTESIANPOINT((0.64698162729659625,0.38656496062992046,5.226162644310838));
#10279=IFCCARTESIANPOINT((0.64698162729659625,0.38656496062992046,5.2924971370279863));
#10280=IFCCARTESIANPOINT((0.64041994750656994,0.39312664041994672,5.2914718496269533));
#10281=IFCCARTESIANPOINT((0.64208219616443096,0.38876187052360528,5.2586527584071527));
#10282=IFCCARTESIANPOINT((0.64698162729659625,0.38656496062992052,6.0221764149665145));
#10283=IFCCARTESIANPOINT((0.64041994750656994,0.39312664041994666,6.0256623132914582));
#10284=IFCCARTESIANPOINT((0.64698162729659625,0.38656496062992052,6.0885109076836637));
#10285=IFCCARTESIANPOINT((0.64041994750656994,0.39312664041994672,6.0924068938452978));
#10286=IFCCARTESIANPOINT((0.64202091523015326,0.38883164595421282,6.055355795031943));
#10287=IFCCARTESIANPOINT((0.64041994750656994,0.39312664041994666,4.9577489210003316));
#10288=IFCCARTESIANPOINT((0.64698162729659625,0.38656496062992046,4.9608247207589464));
#10289=IFCCARTESIANPOINT((0.64698162729659625,0.38656496062992046,5.0271592134760947));
#10290=IFCCARTESIANPOINT((0.64041994750656994,0.39312664041994666,5.0244935015541712));
#10291=IFCCARTESIANPOINT((0.64215445556605522,0.38868208703960516,4.9925169406702157));
#10292=IFCCARTESIANPOINT((0.64698162729659625,0.38656496062992046,5.1598281752520414));
#10293=IFCCARTESIANPOINT((0.64041994750656994,0.39312664041994672,5.1579826885192741));
#10294=IFCCARTESIANPOINT((0.64041994750656994,0.39312664041994672,5.0912381079654345));
#10295=IFCCARTESIANPOINT((0.64698162729659625,0.38656496062992046,5.0934936825348913));
#10296=IFCCARTESIANPOINT((0.64257531153106795,0.3882645397380094,5.1254682128792837));
#10297=IFCCARTESIANPOINT((0.64698162729659625,0.38656496062992046,4.894490251700149));
#10298=IFCCARTESIANPOINT((0.64041994750656994,0.39312664041994666,4.891004340446492));
#10299=IFCCARTESIANPOINT((0.64041994750656994,0.39312664041994666,4.8242597598926533));
#10300=IFCCARTESIANPOINT((0.64698162729659625,0.38656496062992041,4.8281557589829998));
#10301=IFCCARTESIANPOINT((0.64249687539149791,0.38833679261270315,4.8592982078152875));
#10302=IFCCARTESIANPOINT((0.64041994750656972,0.39312664041994672,5.9589177327376195));
#10303=IFCCARTESIANPOINT((0.64698162729659625,0.38656496062992052,5.9558419459077179));
#10304=IFCCARTESIANPOINT((0.64041994750656994,0.39312664041994672,5.8921731521837799));
#10305=IFCCARTESIANPOINT((0.64213616120453776,0.38870203874097603,5.857612574365497));
#10306=IFCCARTESIANPOINT((0.64698162729659625,0.38656496062992046,5.8895074531905687));
#10307=IFCCARTESIANPOINT((0.64266241584099104,0.3881869993329235,5.9255567606293011));
#10308=IFCCARTESIANPOINT((0.64698162729659625,0.38656496062992052,6.1548453767424602));
#10309=IFCCARTESIANPOINT((0.64041994750656994,0.39312664041994672,6.159151500256562));
#10310=IFCCARTESIANPOINT((0.64201904501367824,0.3888338070022484,6.1216905656864853));
#10311=IFCCARTESIANPOINT((0.64698162729659625,0.38656496062992052,6.2211798694596094));
#10312=IFCCARTESIANPOINT((0.64259906949000611,0.38824311415926838,6.2553360765810204));
#10313=IFCCARTESIANPOINT((0.64041994750656994,0.39312664041994672,6.2258960808104007));
#10314=IFCCARTESIANPOINT((0.64201682698353957,0.38883637241919067,6.1880253271916308));
#10315=IFCCARTESIANPOINT((0.64041994750656994,0.39312664041994672,5.7586839652186761));
#10316=IFCCARTESIANPOINT((0.64203393307719647,0.38881665624617573,5.7253053589537561));
#10317=IFCCARTESIANPOINT((0.64698162729659625,0.38656496062992046,5.7568384914146229));
#10318=IFCCARTESIANPOINT((0.64698162729659625,0.38656496062992046,5.425166098803933));
#10319=IFCCARTESIANPOINT((0.64268477233707677,0.38816753978337043,5.4583333390297186));
#10320=IFCCARTESIANPOINT((0.64041994750656994,0.39312664041994672,5.4249610365920553));
#10321=IFCCARTESIANPOINT((0.64041994750656994,0.39312664041994672,5.3582164560382166));
#10322=IFCCARTESIANPOINT((0.64698162729659625,0.38656496062992046,5.3588316060867847));
#10323=IFCCARTESIANPOINT((0.64265360219765766,0.38819471985998261,5.3916735221826046));
#10324=IFCCARTESIANPOINT((0.64041994750656972,0.40624999999999922,4.3904199475065608));
#10325=IFCCARTESIANPOINT((0.64041994750656972,0.40624999999999922,6.5262467191601026));
#10326=IFCCARTESIANPOINT((1.0833333333333384,0.40624999999999767,6.4999999999999973));
#10327=IFCCARTESIANPOINT((1.0833333333333386,0.46874999999999767,6.4999999999999973));
#10328=IFCCARTESIANPOINT((1.043963254593181,0.4687499999999975,6.460629921259839));
#10329=IFCCARTESIANPOINT((1.043963254593181,0.40296916010498451,6.460629921259839));
#10330=IFCCARTESIANPOINT((1.0487679333794906,0.39136963941622882,6.4654346000461498));
#10331=IFCCARTESIANPOINT((1.0603674540682464,0.38656496062991885,6.4770341207349054));
#10332=IFCCARTESIANPOINT((0.91588437020559899,0.4029691601049849,6.460629921259839));
#10333=IFCCARTESIANPOINT((0.87500000189317906,0.38656496062991941,6.4770341207349054));
#10334=IFCCARTESIANPOINT((0.834115629794414,0.40296916010498518,6.460629921259839));
#10335=IFCCARTESIANPOINT((0.8750000078923067,0.39183137071772028,6.4649905578076536));
#10336=IFCCARTESIANPOINT((0.81771142947658682,0.38656496062991963,6.4770341207349054));
#10337=IFCCARTESIANPOINT((0.9322885705234264,0.38656496062991924,6.4770341207349054));
#10338=IFCCARTESIANPOINT((0.78773629061667882,0.39314834032580837,6.4638945142231918));
#10339=IFCCARTESIANPOINT((0.96226371977119485,0.39314834050733483,6.4638945140875146));
#10340=IFCCARTESIANPOINT((1.1030183727034171,0.38656496062991896,6.519685039370076));
#10341=IFCCARTESIANPOINT((1.1076581809789192,0.38848683214444307,6.5243248476455786));
#10342=IFCCARTESIANPOINT((1.1095800524934436,0.39312664041994516,6.5262467191601026));
#10343=IFCCARTESIANPOINT((0.94100997721255242,0.38656496062991952,6.519685039370076));
#10344=IFCCARTESIANPOINT((0.87500000000000666,0.39312664041994594,6.5262467191601026));
#10345=IFCCARTESIANPOINT((0.80242834151712739,0.39312664041994616,6.5262467191601026));
#10346=IFCCARTESIANPOINT((0.99229002624672513,0.39312664041994555,6.5262467191601026));
#10347=IFCCARTESIANPOINT((0.7939958002840668,0.38656496062991996,6.519685039370076));
#10348=IFCCARTESIANPOINT((0.86750288874830961,0.38656496062991974,6.519685039370076));
#10349=IFCCARTESIANPOINT((1.0220141769284923,0.38656496062991924,6.519685039370076));
#10350=IFCCARTESIANPOINT((0.72142414451184844,0.39312664041994638,6.5262467191601026));
#10351=IFCCARTESIANPOINT((0.72048871181982399,0.38656496062992018,6.519685039370076));
#10352=IFCCARTESIANPOINT((0.75724225605194539,0.38656496062992007,6.519685039370076));
#10353=IFCCARTESIANPOINT((1.0285758554881648,0.39312664041994544,6.5262467191601026));
#10354=IFCCARTESIANPOINT((1.0625162728454471,0.38656496062991913,6.519685039370076));
#10355=IFCCARTESIANPOINT((0.68092204600920903,0.39312664041994655,6.5262467191601026));
#10356=IFCCARTESIANPOINT((0.76192624301448786,0.39312664041994627,6.5262467191601026));
#10357=IFCCARTESIANPOINT((1.0690779539908042,0.39312664041994533,6.5262467191601026));
#10358=IFCCARTESIANPOINT((0.68748372715456618,0.3865649606299203,6.519685039370076));
#10359=IFCCARTESIANPOINT((0.703986221926024,0.3885083925172258,6.524346308293433));
#10360=IFCCARTESIANPOINT((1.0104329415539084,0.38862084059228558,6.5244550927848604));
#10361=IFCCARTESIANPOINT((0.9336450131233659,0.39312664041994572,6.5262467191601026));
#10362=IFCCARTESIANPOINT((0.90425643298043101,0.38656496062991963,6.519685039370076));
#10363=IFCCARTESIANPOINT((0.96567769388344638,0.38855488458656973,6.5243919162823003));
#10364=IFCCARTESIANPOINT((0.77561903327236092,0.38838618312730061,6.5242219663392307));
#10365=IFCCARTESIANPOINT((0.92263320843153629,0.38834252645227119,6.5241759073497807));
#10366=IFCCARTESIANPOINT((0.81714217102489095,0.3882756466220757,6.5241035799481244));
#10367=IFCCARTESIANPOINT((0.98151207707052235,0.38656496062991941,6.519685039370076));
#10368=IFCCARTESIANPOINT((0.73990369356536889,0.38905679205400068,6.5248320750164508));
#10369=IFCCARTESIANPOINT((0.83871417075856691,0.39312664041994605,6.5262467191601026));
#10370=IFCCARTESIANPOINT((0.85685708858357346,0.38863534373542591,6.5244687508745942));
#10371=IFCCARTESIANPOINT((0.8307493445161882,0.38656496062991985,6.519685039370076));
#10372=IFCCARTESIANPOINT((1.0705383803656789,0.38844486775610909,6.5242825002335305));
#10373=IFCCARTESIANPOINT((1.1095800524934436,0.40624999999999772,6.5262467191601026));
#10374=IFCCARTESIANPOINT((1.0833333333333384,0.40624999999999767,4.4166666666666661));
#10375=IFCCARTESIANPOINT((1.0833333333333384,0.46874999999999767,4.4166666666666652));
#10376=IFCCARTESIANPOINT((1.043963254593181,0.46874999999999756,4.4560367454068244));
#10377=IFCCARTESIANPOINT((1.0439632545931812,0.40296916010498451,4.4560367454068235));
#10378=IFCCARTESIANPOINT((1.0487679333794908,0.39136963941622882,4.4512320666205136));
#10379=IFCCARTESIANPOINT((1.0603674540682464,0.38656496062991891,4.439632545931758));
#10380=IFCCARTESIANPOINT((1.0603674540682464,0.38656496062991885,5.4524030249338811));
#10381=IFCCARTESIANPOINT((1.0603674540682462,0.38656496062991885,5.9647185728343928));
#10382=IFCCARTESIANPOINT((1.0603674540682464,0.38656496062991891,4.9519480938322697));
#10383=IFCCARTESIANPOINT((1.0439632545931807,0.40296916010498457,5.4583333333333321));
#10384=IFCCARTESIANPOINT((1.0439632545931807,0.40296916010498451,5.9594816332169973));
#10385=IFCCARTESIANPOINT((1.0439632545931807,0.40296916010498463,4.9571850334496661));
#10386=IFCCARTESIANPOINT((1.0603674540682462,0.38656496062991891,4.6957903198820139));
#10387=IFCCARTESIANPOINT((1.0439632545931807,0.40296916010498463,4.7066108894282452));
#10388=IFCCARTESIANPOINT((1.0439632545931807,0.40296916010498463,4.5841156229555224));
#10389=IFCCARTESIANPOINT((1.0603674540682464,0.38656496062991885,6.2208763467846495));
#10390=IFCCARTESIANPOINT((1.0439632545931807,0.40296916010498451,6.2100557772384182));
#10391=IFCCARTESIANPOINT((1.0439632545931805,0.40296916010498451,6.0847687052277086));
#10392=IFCCARTESIANPOINT((1.0603674540682462,0.38656496062991885,6.3489552091506463));
#10393=IFCCARTESIANPOINT((1.0439632545931807,0.40296916010498457,5.7089074891955764));
#10394=IFCCARTESIANPOINT((1.0603674540682462,0.38656496062991885,5.7085607988841378));
#10395=IFCCARTESIANPOINT((1.0603674540682462,0.38656496062991885,5.8366396612501337));
#10396=IFCCARTESIANPOINT((1.0603674540682462,0.38656496062991885,5.2021755593830754));
#10397=IFCCARTESIANPOINT((1.0439632545931807,0.40296916010498457,5.2077591774710879));
#10398=IFCCARTESIANPOINT((1.0439632545931807,0.40296916010498457,5.0824721054603774));
#10399=IFCCARTESIANPOINT((1.0603674540682464,0.38656496062991891,4.5677114575160171));
#10400=IFCCARTESIANPOINT((1.0439632545931807,0.40296916010498451,6.3353428492491295));
#10401=IFCCARTESIANPOINT((1.0603674540682462,0.38656496062991885,6.0927974844186519));
#10402=IFCCARTESIANPOINT((1.0603674540682462,0.38656496062991891,5.0770618019985418));
#10403=IFCCARTESIANPOINT((1.0489447689431719,0.39119545954181634,5.1396186871118967));
#10404=IFCCARTESIANPOINT((1.0486504141613195,0.39148836151615685,5.0394862013020507));
#10405=IFCCARTESIANPOINT((1.0488642319990655,0.39127413370720093,5.2366559084090092));
#10406=IFCCARTESIANPOINT((1.0439632545931807,0.40296916010498457,5.3330462613226208));
#10407=IFCCARTESIANPOINT((1.0603674540682464,0.38656496062991885,5.3272893167676099));
#10408=IFCCARTESIANPOINT((1.0484451150916743,0.39170170281660521,4.6453632571397065));
#10409=IFCCARTESIANPOINT((1.0603674540682464,0.38656496062991891,4.8238691822480106));
#10410=IFCCARTESIANPOINT((1.0490488498048247,0.39109536720019633,4.7485360078301211));
#10411=IFCCARTESIANPOINT((1.0439632545931807,0.40296916010498463,4.8318979614389557));
#10412=IFCCARTESIANPOINT((1.0485364890070872,0.39160579677631396,4.5496165765595391));
#10413=IFCCARTESIANPOINT((1.0485988074699568,0.39154126801316336,6.0221251480263396));
#10414=IFCCARTESIANPOINT((1.0488820041390261,0.39125667956749299,5.9221087301027255));
#10415=IFCCARTESIANPOINT((1.0439632545931807,0.40296916010498451,5.8341945612062869));
#10416=IFCCARTESIANPOINT((1.0487797422371479,0.39135784256832384,5.7715510034637827));
#10417=IFCCARTESIANPOINT((1.0486387999177273,0.3915002267528695,6.1186246291118742));
#10418=IFCCARTESIANPOINT((1.0487612682036715,0.39137630842411303,5.6732499056050338));
#10419=IFCCARTESIANPOINT((1.0603674540682462,0.38656496062991885,5.5804819365181402));
#10420=IFCCARTESIANPOINT((1.0439632545931807,0.40296916010498457,5.5836204053440426));
#10421=IFCCARTESIANPOINT((1.0486645062223294,0.39147399711642766,5.5209768589771793));
#10422=IFCCARTESIANPOINT((1.0486677095443282,0.39147073680033995,5.4240514863113116));
#10423=IFCCARTESIANPOINT((1.0485988073433754,0.39154126814351919,4.8945414977801516));
#10424=IFCCARTESIANPOINT((1.0484371652551776,0.39171012065863253,6.272699293798178));
#10425=IFCCARTESIANPOINT((1.0485767888089508,0.39156398701725892,6.3682738855441725));
#10426=IFCCARTESIANPOINT((1.0487623747425223,0.39137520071824378,5.3283859271514595));
#10427=IFCCARTESIANPOINT((1.103018372703418,0.38656496062991907,4.3969816272965865));
#10428=IFCCARTESIANPOINT((1.1076581809789199,0.38848683214444357,4.3923418190210839));
#10429=IFCCARTESIANPOINT((1.1095800524934432,0.39312664041994516,4.3904199475065608));
#10430=IFCCARTESIANPOINT((1.1095800524934432,0.39312664041994516,5.458333326868976));
#10431=IFCCARTESIANPOINT((1.1095800524934432,0.39312664041994516,5.9922900230145393));
#10432=IFCCARTESIANPOINT((1.1095800524934432,0.39312664041994516,4.9243766307234118));
#10433=IFCCARTESIANPOINT((1.1030183727034175,0.38656496062991902,5.4583333274187389));
#10434=IFCCARTESIANPOINT((1.1030183727034173,0.38656496062991896,5.9890091774798133));
#10435=IFCCARTESIANPOINT((1.1030183727034175,0.38656496062991902,4.9276574773576627));
#10436=IFCCARTESIANPOINT((1.1030183727034177,0.38656496062991907,4.6623195523271246));
#10437=IFCCARTESIANPOINT((1.1095800524934432,0.39312664041994516,4.6573982826506306));
#10438=IFCCARTESIANPOINT((1.1095800524934432,0.39312664041994516,4.7908874566870203));
#10439=IFCCARTESIANPOINT((1.1030183727034177,0.38656496062991902,4.794988520756986));
#10440=IFCCARTESIANPOINT((1.1030183727034171,0.38656496062991896,6.2543471143395379));
#10441=IFCCARTESIANPOINT((1.1095800524934432,0.39312664041994516,6.2592683710873205));
#10442=IFCCARTESIANPOINT((1.1095800524934432,0.39312664041994516,6.3642383185024949));
#10443=IFCCARTESIANPOINT((1.1030183727034171,0.38656496062991902,6.3870160709402137));
#10444=IFCCARTESIANPOINT((1.1030183727034175,0.38656496062991902,5.1929954023882008));
#10445=IFCCARTESIANPOINT((1.1095800524934432,0.39312664041994516,5.1913549787961939));
#10446=IFCCARTESIANPOINT((1.1095800524934432,0.39312664041994516,5.3248441528325845));
#10447=IFCCARTESIANPOINT((1.1030183727034175,0.38656496062991902,5.3256643708180622));
#10448=IFCCARTESIANPOINT((1.1030183727034173,0.38656496062991902,5.7236712524492761));
#10449=IFCCARTESIANPOINT((1.1095800524934432,0.39312664041994516,5.7253116749417572));
#10450=IFCCARTESIANPOINT((1.1095800524934432,0.39312664041994516,5.8588008489781478));
#10451=IFCCARTESIANPOINT((1.1030183727034173,0.38656496062991902,5.8563402208791384));
#10452=IFCCARTESIANPOINT((1.103018372703418,0.38656496062991907,4.5296505838972623));
#10453=IFCCARTESIANPOINT((1.1095800524934432,0.39312664041994516,4.5239091215429514));
#10454=IFCCARTESIANPOINT((1.1095800524934432,0.39312664041994516,4.590653702096791));
#10455=IFCCARTESIANPOINT((1.1095800524934432,0.39312664041994516,6.4452425188312992));
#10456=IFCCARTESIANPOINT((1.1030183727034171,0.38656496062991896,6.4533505492405521));
#10457=IFCCARTESIANPOINT((1.1095800524934432,0.39312664041994516,4.4714241478353642));
#10458=IFCCARTESIANPOINT((1.103018372703418,0.38656496062991907,4.4633161055969239));
#10459=IFCCARTESIANPOINT((1.1030183727034173,0.38656496062991896,6.1216781459096756));
#10460=IFCCARTESIANPOINT((1.1095800524934432,0.39312664041994516,6.1257791970509299));
#10461=IFCCARTESIANPOINT((1.1095800524934432,0.39312664041994516,6.1925237905334818));
#10462=IFCCARTESIANPOINT((1.1030183727034175,0.38656496062991902,5.0603264339583376));
#10463=IFCCARTESIANPOINT((1.1095800524934432,0.39312664041994516,5.0578658047598033));
#10464=IFCCARTESIANPOINT((1.1095800524934432,0.39312664041994516,5.1246103982423543));
#10465=IFCCARTESIANPOINT((1.1095800524934432,0.39312664041994516,5.5918225009053666));
#10466=IFCCARTESIANPOINT((1.1030183727034175,0.38656496062991902,5.5910022840194147));
#10467=IFCCARTESIANPOINT((1.1030183727034175,0.38656496062991902,5.5246678057190763));
#10468=IFCCARTESIANPOINT((1.1095800524934432,0.39312664041994516,6.4857446189957004));
#10469=IFCCARTESIANPOINT((1.1095800524934434,0.39312664041994516,4.430922047670963));
#10470=IFCCARTESIANPOINT((1.1030183727034171,0.38656496062991896,6.47918293608189));
#10471=IFCCARTESIANPOINT((1.1077999371861935,0.38863305802235987,6.4662667483070218));
#10472=IFCCARTESIANPOINT((1.1030183727034171,0.38656496062991896,6.4201833100903833));
#10473=IFCCARTESIANPOINT((1.1095800524934432,0.39312664041994516,6.404740418666897));
#10474=IFCCARTESIANPOINT((1.1074690757600234,0.38830513816766388,6.4035996931361669));
#10475=IFCCARTESIANPOINT((1.103018372703418,0.38656496062991907,4.437483718755586));
#10476=IFCCARTESIANPOINT((1.1077999373223057,0.38863305816719512,4.4503999168334722));
#10477=IFCCARTESIANPOINT((1.1073903608807121,0.38823364940785138,4.4972339517904736));
#10478=IFCCARTESIANPOINT((1.1030183727034171,0.38656496062991896,6.3206815926398763));
#10479=IFCCARTESIANPOINT((1.1072546057180439,0.38811565533588988,6.3630619077888655));
#10480=IFCCARTESIANPOINT((1.1095800524934432,0.39312664041994516,6.3117533447949077));
#10481=IFCCARTESIANPOINT((1.1095800524934432,0.39312664041994516,5.2580995593500326));
#10482=IFCCARTESIANPOINT((1.1030183727034175,0.38656496062991902,5.2593298925177248));
#10483=IFCCARTESIANPOINT((1.1030183727034175,0.38656496062991902,5.3919988491183997));
#10484=IFCCARTESIANPOINT((1.1095800524934432,0.39312664041994516,5.3915887463151364));
#10485=IFCCARTESIANPOINT((1.1095800524934432,0.39312664041994516,5.6585670943879185));
#10486=IFCCARTESIANPOINT((1.1030183727034175,0.38656496062991902,5.6573367623197521));
#10487=IFCCARTESIANPOINT((1.1030183727034175,0.38656496062991902,4.8613229990573243));
#10488=IFCCARTESIANPOINT((1.1095800524934432,0.39312664041994516,4.8576320501695722));
#10489=IFCCARTESIANPOINT((1.1095800524934432,0.39312664041994516,5.9255454424606997));
#10490=IFCCARTESIANPOINT((1.1030183727034173,0.38656496062991902,5.9226746991794768));
#10491=IFCCARTESIANPOINT((1.1030183727034173,0.38656496062991902,5.790005742578801));
#10492=IFCCARTESIANPOINT((1.1095800524934432,0.39312664041994516,5.7920562554955968));
#10493=IFCCARTESIANPOINT((1.1030183727034173,0.38656496062991896,6.0553436557801525));
#10494=IFCCARTESIANPOINT((1.1095800524934432,0.39312664041994516,6.059034603568378));
#10495=IFCCARTESIANPOINT((1.1095800524934432,0.39312664041994516,4.9911212112772514));
#10496=IFCCARTESIANPOINT((1.1030183727034175,0.38656496062991902,4.9939919556580001));
#10497=IFCCARTESIANPOINT((1.1030183727034177,0.38656496062991907,4.7286540424566486));
#10498=IFCCARTESIANPOINT((1.1095800524934432,0.39312664041994516,4.7241428632044693));
#10499=IFCCARTESIANPOINT((1.1074628795031241,0.38829942580132731,6.2855108532317709));
#10500=IFCCARTESIANPOINT((1.1030183727034171,0.38656496062991896,6.353848831790045));
#10501=IFCCARTESIANPOINT((1.1077182794088527,0.38854771929952392,6.2477361221769101));
#10502=IFCCARTESIANPOINT((1.1030183727034171,0.38656496062991896,6.1880126360392005));
#10503=IFCCARTESIANPOINT((1.1030183727034171,0.38656496062991902,6.2211798751893692));
#10504=IFCCARTESIANPOINT((1.1075697746120903,0.38840007905542628,6.2045962438077025));
#10505=IFCCARTESIANPOINT((1.1076250277155459,0.38845391409946933,6.1565041567143162));
#10506=IFCCARTESIANPOINT((1.1095800524934432,0.39312664041994516,6.2258960808104007));
#10507=IFCCARTESIANPOINT((1.1077391697707621,0.3885692599535166,6.322971570180246));
#10508=IFCCARTESIANPOINT((1.1077196169268611,0.38854909255909509,4.5347297485692355));
#10509=IFCCARTESIANPOINT((1.1030183727034177,0.38656496062991907,4.5959850621976006));
#10510=IFCCARTESIANPOINT((1.1030183727034177,0.38656496062991907,4.5628178230474319));
#10511=IFCCARTESIANPOINT((1.1075565526453803,0.38838738262138633,4.5794014506723499));
#10512=IFCCARTESIANPOINT((1.1076130409068177,0.3884421270228573,4.6272315094368439));
#10513=IFCCARTESIANPOINT((1.1095800524934432,0.39312664041994516,4.5572814118198712));
#10514=IFCCARTESIANPOINT((1.1030183727034175,0.38656496062991902,5.1266609122586768));
#10515=IFCCARTESIANPOINT((1.1075680186539558,0.38839838879893523,5.093493680550317));
#10516=IFCCARTESIANPOINT((1.1095800524934432,0.39312664041994516,5.5250779074228147));
#10517=IFCCARTESIANPOINT((1.103018372703418,0.38656496062991907,4.4964833447470935));
#10518=IFCCARTESIANPOINT((1.1077299724409166,0.38855975202844362,5.2247272753424205));
#10519=IFCCARTESIANPOINT((1.1077124692045592,0.38854176313643984,5.2914718615677483));
#10520=IFCCARTESIANPOINT((1.1076581811809012,0.38848683234642489,5.425166086956521));
#10521=IFCCARTESIANPOINT((1.1076398275619375,0.38846855104150935,5.3588316056707566));
#10522=IFCCARTESIANPOINT((1.1077299724596916,0.3885597520478134,5.6919393789928083));
#10523=IFCCARTESIANPOINT((1.1076216316829288,0.38845056851776244,5.6241695308448811));
#10524=IFCCARTESIANPOINT((1.1075159268250501,0.38834881156262724,4.8944902367236676));
#10525=IFCCARTESIANPOINT((1.1074989134735322,0.3883328531828879,4.8281557554496377));
#10526=IFCCARTESIANPOINT((1.1077970854169967,0.38863002541886815,5.9589177241873319));
#10527=IFCCARTESIANPOINT((1.1075504821830207,0.38838157716096477,5.8895074561840834));
#10528=IFCCARTESIANPOINT((1.1075857244092648,0.38841548981081281,5.7568384934788188));
#10529=IFCCARTESIANPOINT((1.1077641042105071,0.38859523069123481,5.8254285515378443));
#10530=IFCCARTESIANPOINT((1.1075159269409247,0.38834881167170432,6.022176419050429));
#10531=IFCCARTESIANPOINT((1.1078289348100476,0.38866411491468589,6.0924068970945822));
#10532=IFCCARTESIANPOINT((1.1077970853684973,0.38863002536732616,4.9577489304564164));
#10533=IFCCARTESIANPOINT((1.1077807374065389,0.38861271484442916,5.0244935166761788));
#10534=IFCCARTESIANPOINT((1.107482079737139,0.38831717463007415,4.7618212741761745));
#10535=IFCCARTESIANPOINT((1.1074654281331777,0.38830177361644957,4.69548679290319));
#10536=IFCCARTESIANPOINT((1.1030183727034171,0.38656496062991896,6.2875143534897067));
#10537=IFCCARTESIANPOINT((1.1095800524934432,0.39312664041994516,6.159151500256562));
#10538=IFCCARTESIANPOINT((1.1030183727034171,0.38656496062991902,6.1548453968890309));
#10539=IFCCARTESIANPOINT((1.1095800524934432,0.39312664041994516,4.6240259923737099));
#10540=IFCCARTESIANPOINT((1.103018372703418,0.38656496062991902,4.6291523013477693));
#10541=IFCCARTESIANPOINT((1.1077471833017531,0.38857757546196731,5.1579826891189384));
#10542=IFCCARTESIANPOINT((1.1030183727034175,0.38656496062991902,5.0934936731085081));
#10543=IFCCARTESIANPOINT((1.1095800524934432,0.39312664041994516,5.0912381079654345));
#10544=IFCCARTESIANPOINT((1.1076581812308826,0.38848683239640625,5.4915005682467291));
#10545=IFCCARTESIANPOINT((1.1076946711840296,0.38852361161414162,5.5584502064968593));
#10546=IFCCARTESIANPOINT((1.1095800524934432,0.39312664041994516,5.2247272690731137));
#10547=IFCCARTESIANPOINT((1.1030183727034175,0.38656496062991902,5.226162653367556));
#10548=IFCCARTESIANPOINT((1.1095800524934432,0.39312664041994516,5.2914718496269533));
#10549=IFCCARTESIANPOINT((1.1030183727034175,0.38656496062991902,5.2924971316678935));
#10550=IFCCARTESIANPOINT((1.1073390675731687,0.38818829682018019,5.258089537977698));
#10551=IFCCARTESIANPOINT((1.1030183727034175,0.38656496062991902,5.4251660882685693));
#10552=IFCCARTESIANPOINT((1.1095800524934432,0.39312664041994516,5.4249610365920562));
#10553=IFCCARTESIANPOINT((1.1030183727034175,0.38656496062991902,5.3588316099682309));
#10554=IFCCARTESIANPOINT((1.1073659537935221,0.38821195016197363,5.3251186394506433));
#10555=IFCCARTESIANPOINT((1.1095800524934432,0.39312664041994516,5.3582164560382166));
#10556=IFCCARTESIANPOINT((1.1079768837845323,0.38882910513500613,5.3919893416324367));
#10557=IFCCARTESIANPOINT((1.1095800524934432,0.39312664041994516,5.6919393846648374));
#10558=IFCCARTESIANPOINT((1.1030183727034175,0.38656496062991902,5.6905040014699217));
#10559=IFCCARTESIANPOINT((1.1030183727034175,0.38656496062991902,5.6241695231695834));
#10560=IFCCARTESIANPOINT((1.1095800524934432,0.39312664041994516,5.6251948041109987));
#10561=IFCCARTESIANPOINT((1.1079178038355824,0.38876187052360378,5.6580139082595107));
#10562=IFCCARTESIANPOINT((1.1030183727034177,0.38656496062991902,4.894490238207494));
#10563=IFCCARTESIANPOINT((1.1095800524934432,0.39312664041994516,4.8910043404464929));
#10564=IFCCARTESIANPOINT((1.1030183727034177,0.38656496062991907,4.8281557599071547));
#10565=IFCCARTESIANPOINT((1.1095800524934432,0.39312664041994516,4.8242597598926533));
#10566=IFCCARTESIANPOINT((1.1079790847698603,0.38883164595421138,4.8613108716347195));
#10567=IFCCARTESIANPOINT((1.1095800524934432,0.39312664041994516,5.9589177327376195));
#10568=IFCCARTESIANPOINT((1.1030183727034173,0.38656496062991902,5.9558419383296455));
#10569=IFCCARTESIANPOINT((1.1030183727034173,0.38656496062991902,5.8895074600293071));
#10570=IFCCARTESIANPOINT((1.1095800524934432,0.39312664041994516,5.8921731521837799));
#10571=IFCCARTESIANPOINT((1.1078455444339581,0.38868208703960366,5.9241497259964477));
#10572=IFCCARTESIANPOINT((1.1030183727034173,0.38656496062991902,5.7568385034286313));
#10573=IFCCARTESIANPOINT((1.1095800524934432,0.39312664041994516,5.758683965218677));
#10574=IFCCARTESIANPOINT((1.1095800524934432,0.39312664041994516,5.8254285457725157));
#10575=IFCCARTESIANPOINT((1.1030183727034173,0.38656496062991902,5.8231729817289697));
#10576=IFCCARTESIANPOINT((1.1074246884689456,0.38826453973800812,5.7911984537873797));
#10577=IFCCARTESIANPOINT((1.1030183727034173,0.38656496062991902,6.0221764166299829));
#10578=IFCCARTESIANPOINT((1.1095800524934432,0.39312664041994516,6.0256623132914582));
#10579=IFCCARTESIANPOINT((1.1095800524934432,0.39312664041994516,6.0924068938452978));
#10580=IFCCARTESIANPOINT((1.1030183727034173,0.38656496062991902,6.0885108949303213));
#10581=IFCCARTESIANPOINT((1.1075031246085154,0.38833679261270182,6.0573684588513759));
#10582=IFCCARTESIANPOINT((1.1095800524934432,0.39312664041994516,4.9577489210003316));
#10583=IFCCARTESIANPOINT((1.1030183727034175,0.38656496062991902,4.9608247165078314));
#10584=IFCCARTESIANPOINT((1.1095800524934432,0.39312664041994516,5.0244935015541712));
#10585=IFCCARTESIANPOINT((1.1078638387954756,0.38870203874097459,5.0590540923011655));
#10586=IFCCARTESIANPOINT((1.1030183727034175,0.38656496062991902,5.0271591948081689));
#10587=IFCCARTESIANPOINT((1.1073375841590227,0.38818699933292239,4.9911099060373623));
#10588=IFCCARTESIANPOINT((1.1030183727034177,0.38656496062991902,4.7618212816068173));
#10589=IFCCARTESIANPOINT((1.1095800524934432,0.39312664041994516,4.7575151534813891));
#10590=IFCCARTESIANPOINT((1.1079809549863351,0.38883380700224696,4.7949761009801772));
#10591=IFCCARTESIANPOINT((1.1030183727034177,0.38656496062991902,4.6954868033064798));
#10592=IFCCARTESIANPOINT((1.1074009305100079,0.38824311415926749,4.6613305900856421));
#10593=IFCCARTESIANPOINT((1.1095800524934432,0.39312664041994522,4.6907705729275504));
#10594=IFCCARTESIANPOINT((1.1079831730164735,0.38883637241918917,4.7286413394750317));
#10595=IFCCARTESIANPOINT((1.1095800524934432,0.39312664041994516,5.1579826885192741));
#10596=IFCCARTESIANPOINT((1.1079660669228169,0.38881665624617423,5.1913613077129082));
#10597=IFCCARTESIANPOINT((1.1030183727034175,0.38656496062991902,5.1598281514088455));
#10598=IFCCARTESIANPOINT((1.1030183727034175,0.38656496062991902,5.4915005665689076));
#10599=IFCCARTESIANPOINT((1.1073152276629368,0.38816753978336921,5.4583333276369448));
#10600=IFCCARTESIANPOINT((1.1095800524934432,0.39312664041994516,5.4917056171458949));
#10601=IFCCARTESIANPOINT((1.1095800524934432,0.39312664041994516,5.5584501976997345));
#10602=IFCCARTESIANPOINT((1.1030183727034175,0.38656496062991902,5.5578350448692451));
#10603=IFCCARTESIANPOINT((1.1073463978023559,0.38819471985998139,5.5249931444840588));
#10604=IFCCARTESIANPOINT((1.1095800524934436,0.40624999999999772,4.3904199475065608));
#10605=IFCCARTESIANPOINT((0.83411563069233452,0.40296916010498518,4.4560367454068235));
#10606=IFCCARTESIANPOINT((0.87500000000000622,0.38656496062991941,4.439632545931758));
#10607=IFCCARTESIANPOINT((0.91588437167677417,0.4029691601049849,4.4560367454068235));
#10608=IFCCARTESIANPOINT((0.87499999210770651,0.39183137071772012,4.4516761088590098));
#10609=IFCCARTESIANPOINT((0.93228857052725955,0.38656496062991924,4.439632545931758));
#10610=IFCCARTESIANPOINT((0.81771143325909568,0.38656496062991963,4.439632545931758));
#10611=IFCCARTESIANPOINT((0.96226370938333428,0.39314834032580775,4.4527721524434716));
#10612=IFCCARTESIANPOINT((0.78773628022881848,0.39314834050733533,4.4527721525791488));
#10613=IFCCARTESIANPOINT((0.80899002212038673,0.38656496062991996,4.3969816272965865));
#10614=IFCCARTESIANPOINT((0.87500000000000666,0.39312664041994594,4.39041994750656));
#10615=IFCCARTESIANPOINT((0.94757165515474229,0.39312664041994572,4.39041994750656));
#10616=IFCCARTESIANPOINT((0.75770997375328775,0.39312664041994627,4.39041994750656));
#10617=IFCCARTESIANPOINT((0.95600419741190223,0.38656496062991946,4.3969816272965865));
#10618=IFCCARTESIANPOINT((0.88249710976614459,0.38656496062991968,4.3969816272965865));
#10619=IFCCARTESIANPOINT((0.72798582273798695,0.38656496062992018,4.3969816272965874));
#10620=IFCCARTESIANPOINT((1.0285758521600212,0.39312664041994544,4.39041994750656));
#10621=IFCCARTESIANPOINT((1.02951128505766,0.38656496062991919,4.3969816272965865));
#10622=IFCCARTESIANPOINT((0.99275774123478122,0.38656496062991935,4.3969816272965865));
#10623=IFCCARTESIANPOINT((0.72142414783999198,0.39312664041994644,4.39041994750656));
#10624=IFCCARTESIANPOINT((0.6874837250172916,0.3865649606299203,4.3969816272965874));
#10625=IFCCARTESIANPOINT((1.0690779539908051,0.39312664041994527,4.39041994750656));
#10626=IFCCARTESIANPOINT((0.98807375365738181,0.39312664041994555,4.39041994750656));
#10627=IFCCARTESIANPOINT((0.68092204600920836,0.39312664041994655,4.39041994750656));
#10628=IFCCARTESIANPOINT((1.0625162749827224,0.38656496062991913,4.3969816272965865));
#10629=IFCCARTESIANPOINT((1.0460137780739895,0.38850839251722463,4.3923203583732295));
#10630=IFCCARTESIANPOINT((0.73956705844610426,0.38862084059228619,4.3922115738818022));
#10631=IFCCARTESIANPOINT((0.8163549868766472,0.39312664041994611,4.39041994750656));
#10632=IFCCARTESIANPOINT((0.84574356594326572,0.3865649606299198,4.3969816272965865));
#10633=IFCCARTESIANPOINT((0.78432230611656806,0.38855488458657017,4.3922747503843622));
#10634=IFCCARTESIANPOINT((0.9743809667276524,0.38838618312729989,4.3924447003274318));
#10635=IFCCARTESIANPOINT((0.82736679156847659,0.3883425264522713,4.3924907593168818));
#10636=IFCCARTESIANPOINT((0.93285782897512015,0.3882756466220752,4.3925630867185381));
#10637=IFCCARTESIANPOINT((0.76848792045868231,0.38656496062992007,4.3969816272965865));
#10638=IFCCARTESIANPOINT((1.0100963064346444,0.38905679205399984,4.3918345916502117));
#10639=IFCCARTESIANPOINT((0.91128582591330243,0.39312664041994583,4.39041994750656));
#10640=IFCCARTESIANPOINT((0.89314291141644009,0.38863534373542563,4.3921979157920683));
#10641=IFCCARTESIANPOINT((0.91925065358902347,0.38656496062991957,4.3969816272965865));
#10642=IFCCARTESIANPOINT((0.67946161963433671,0.38844486775611009,4.392384166433132));
#10643=IFCPOLYLOOP((#10085,#10086,#10087,#10088));
#10644=IFCFACEOUTERBOUND(#10643,.T.);
#10645=IFCFACE((#10644));
#10646=IFCPOLYLOOP((#10089,#10090,#10091,#10092,#10105,#10104,#10128,#10102,#10115,#10114,#10123,#10100,#10137,#10110,#10132,#10101,#10108,#10107,#10117));
#10647=IFCFACEOUTERBOUND(#10646,.T.);
#10648=IFCFACE((#10647));
#10649=IFCPOLYLOOP((#10125,#10116,#10103));
#10650=IFCFACEOUTERBOUND(#10649,.T.);
#10651=IFCFACE((#10650));
#10652=IFCPOLYLOOP((#10118,#10134,#10130));
#10653=IFCFACEOUTERBOUND(#10652,.T.);
#10654=IFCFACE((#10653));
#10655=IFCPOLYLOOP((#10117,#10141,#10142));
#10656=IFCFACEOUTERBOUND(#10655,.T.);
#10657=IFCFACE((#10656));
#10658=IFCPOLYLOOP((#10103,#10127,#10125));
#10659=IFCFACEOUTERBOUND(#10658,.T.);
#10660=IFCFACE((#10659));
#10661=IFCPOLYLOOP((#10141,#10117,#10107));
#10662=IFCFACEOUTERBOUND(#10661,.T.);
#10663=IFCFACE((#10662));
#10664=IFCPOLYLOOP((#10119,#10120,#10121));
#10665=IFCFACEOUTERBOUND(#10664,.T.);
#10666=IFCFACE((#10665));
#10667=IFCPOLYLOOP((#10108,#10101,#10130));
#10668=IFCFACEOUTERBOUND(#10667,.T.);
#10669=IFCFACE((#10668));
#10670=IFCPOLYLOOP((#10111,#10112,#10133));
#10671=IFCFACEOUTERBOUND(#10670,.T.);
#10672=IFCFACE((#10671));
#10673=IFCPOLYLOOP((#10122,#10124,#10143));
#10674=IFCFACEOUTERBOUND(#10673,.T.);
#10675=IFCFACE((#10674));
#10676=IFCPOLYLOOP((#10137,#10138,#10135));
#10677=IFCFACEOUTERBOUND(#10676,.T.);
#10678=IFCFACE((#10677));
#10679=IFCPOLYLOOP((#10140,#10127,#10126));
#10680=IFCFACEOUTERBOUND(#10679,.T.);
#10681=IFCFACE((#10680));
#10682=IFCPOLYLOOP((#10129,#10092,#10095));
#10683=IFCFACEOUTERBOUND(#10682,.T.);
#10684=IFCFACE((#10683));
#10685=IFCPOLYLOOP((#10116,#10125,#10129));
#10686=IFCFACEOUTERBOUND(#10685,.T.);
#10687=IFCFACE((#10686));
#10688=IFCPOLYLOOP((#10142,#10141,#10109));
#10689=IFCFACEOUTERBOUND(#10688,.T.);
#10690=IFCFACE((#10689));
#10691=IFCPOLYLOOP((#10111,#10133,#10135));
#10692=IFCFACEOUTERBOUND(#10691,.T.);
#10693=IFCFACE((#10692));
#10694=IFCPOLYLOOP((#10134,#10108,#10130));
#10695=IFCFACEOUTERBOUND(#10694,.T.);
#10696=IFCFACE((#10695));
#10697=IFCPOLYLOOP((#10089,#10117,#10142));
#10698=IFCFACEOUTERBOUND(#10697,.T.);
#10699=IFCFACE((#10698));
#10700=IFCPOLYLOOP((#10093,#10094,#10142));
#10701=IFCFACEOUTERBOUND(#10700,.T.);
#10702=IFCFACE((#10701));
#10703=IFCPOLYLOOP((#10131,#10098,#10130));
#10704=IFCFACEOUTERBOUND(#10703,.T.);
#10705=IFCFACE((#10704));
#10706=IFCPOLYLOOP((#10133,#10131,#10132));
#10707=IFCFACEOUTERBOUND(#10706,.T.);
#10708=IFCFACE((#10707));
#10709=IFCPOLYLOOP((#10099,#10119,#10121));
#10710=IFCFACEOUTERBOUND(#10709,.T.);
#10711=IFCFACE((#10710));
#10712=IFCPOLYLOOP((#10114,#10120,#10122));
#10713=IFCFACEOUTERBOUND(#10712,.T.);
#10714=IFCFACE((#10713));
#10715=IFCPOLYLOOP((#10114,#10115,#10120));
#10716=IFCFACEOUTERBOUND(#10715,.T.);
#10717=IFCFACE((#10716));
#10718=IFCPOLYLOOP((#10096,#10116,#10129));
#10719=IFCFACEOUTERBOUND(#10718,.T.);
#10720=IFCFACE((#10719));
#10721=IFCPOLYLOOP((#10125,#10104,#10105));
#10722=IFCFACEOUTERBOUND(#10721,.T.);
#10723=IFCFACE((#10722));
#10724=IFCPOLYLOOP((#10120,#10113,#10122));
#10725=IFCFACEOUTERBOUND(#10724,.T.);
#10726=IFCFACE((#10725));
#10727=IFCPOLYLOOP((#10134,#10106,#10141));
#10728=IFCFACEOUTERBOUND(#10727,.T.);
#10729=IFCFACE((#10728));
#10730=IFCPOLYLOOP((#10113,#10120,#10119));
#10731=IFCFACEOUTERBOUND(#10730,.T.);
#10732=IFCFACE((#10731));
#10733=IFCPOLYLOOP((#10121,#10120,#10115));
#10734=IFCFACEOUTERBOUND(#10733,.T.);
#10735=IFCFACE((#10734));
#10736=IFCPOLYLOOP((#10115,#10102,#10121));
#10737=IFCFACEOUTERBOUND(#10736,.T.);
#10738=IFCFACE((#10737));
#10739=IFCPOLYLOOP((#10121,#10102,#10140));
#10740=IFCFACEOUTERBOUND(#10739,.T.);
#10741=IFCFACE((#10740));
#10742=IFCPOLYLOOP((#10124,#10097,#10139));
#10743=IFCFACEOUTERBOUND(#10742,.T.);
#10744=IFCFACE((#10743));
#10745=IFCPOLYLOOP((#10122,#10113,#10124));
#10746=IFCFACEOUTERBOUND(#10745,.T.);
#10747=IFCFACE((#10746));
#10748=IFCPOLYLOOP((#10097,#10138,#10139));
#10749=IFCFACEOUTERBOUND(#10748,.T.);
#10750=IFCFACE((#10749));
#10751=IFCPOLYLOOP((#10123,#10114,#10122));
#10752=IFCFACEOUTERBOUND(#10751,.T.);
#10753=IFCFACE((#10752));
#10754=IFCPOLYLOOP((#10125,#10105,#10129));
#10755=IFCFACEOUTERBOUND(#10754,.T.);
#10756=IFCFACE((#10755));
#10757=IFCPOLYLOOP((#10092,#10129,#10105));
#10758=IFCFACEOUTERBOUND(#10757,.T.);
#10759=IFCFACE((#10758));
#10760=IFCPOLYLOOP((#10125,#10127,#10104));
#10761=IFCFACEOUTERBOUND(#10760,.T.);
#10762=IFCFACE((#10761));
#10763=IFCPOLYLOOP((#10103,#10126,#10127));
#10764=IFCFACEOUTERBOUND(#10763,.T.);
#10765=IFCFACE((#10764));
#10766=IFCPOLYLOOP((#10102,#10128,#10140));
#10767=IFCFACEOUTERBOUND(#10766,.T.);
#10768=IFCFACE((#10767));
#10769=IFCPOLYLOOP((#10099,#10140,#10126));
#10770=IFCFACEOUTERBOUND(#10769,.T.);
#10771=IFCFACE((#10770));
#10772=IFCPOLYLOOP((#10128,#10104,#10127));
#10773=IFCFACEOUTERBOUND(#10772,.T.);
#10774=IFCFACE((#10773));
#10775=IFCPOLYLOOP((#10096,#10129,#10095));
#10776=IFCFACEOUTERBOUND(#10775,.T.);
#10777=IFCFACE((#10776));
#10778=IFCPOLYLOOP((#10131,#10130,#10101));
#10779=IFCFACEOUTERBOUND(#10778,.T.);
#10780=IFCFACE((#10779));
#10781=IFCPOLYLOOP((#10118,#10130,#10098));
#10782=IFCFACEOUTERBOUND(#10781,.T.);
#10783=IFCFACE((#10782));
#10784=IFCPOLYLOOP((#10133,#10110,#10135));
#10785=IFCFACEOUTERBOUND(#10784,.T.);
#10786=IFCFACE((#10785));
#10787=IFCPOLYLOOP((#10112,#10098,#10131));
#10788=IFCFACEOUTERBOUND(#10787,.T.);
#10789=IFCFACE((#10788));
#10790=IFCPOLYLOOP((#10131,#10101,#10132));
#10791=IFCFACEOUTERBOUND(#10790,.T.);
#10792=IFCFACE((#10791));
#10793=IFCPOLYLOOP((#10133,#10132,#10110));
#10794=IFCFACEOUTERBOUND(#10793,.T.);
#10795=IFCFACE((#10794));
#10796=IFCPOLYLOOP((#10131,#10133,#10112));
#10797=IFCFACEOUTERBOUND(#10796,.T.);
#10798=IFCFACE((#10797));
#10799=IFCPOLYLOOP((#10106,#10134,#10118));
#10800=IFCFACEOUTERBOUND(#10799,.T.);
#10801=IFCFACE((#10800));
#10802=IFCPOLYLOOP((#10107,#10108,#10134));
#10803=IFCFACEOUTERBOUND(#10802,.T.);
#10804=IFCFACE((#10803));
#10805=IFCPOLYLOOP((#10138,#10137,#10100));
#10806=IFCFACEOUTERBOUND(#10805,.T.);
#10807=IFCFACE((#10806));
#10808=IFCPOLYLOOP((#10135,#10110,#10137));
#10809=IFCFACEOUTERBOUND(#10808,.T.);
#10810=IFCFACE((#10809));
#10811=IFCPOLYLOOP((#10138,#10097,#10136));
#10812=IFCFACEOUTERBOUND(#10811,.T.);
#10813=IFCFACE((#10812));
#10814=IFCPOLYLOOP((#10136,#10111,#10135));
#10815=IFCFACEOUTERBOUND(#10814,.T.);
#10816=IFCFACE((#10815));
#10817=IFCPOLYLOOP((#10138,#10100,#10139));
#10818=IFCFACEOUTERBOUND(#10817,.T.);
#10819=IFCFACE((#10818));
#10820=IFCPOLYLOOP((#10135,#10138,#10136));
#10821=IFCFACEOUTERBOUND(#10820,.T.);
#10822=IFCFACE((#10821));
#10823=IFCPOLYLOOP((#10100,#10123,#10139));
#10824=IFCFACEOUTERBOUND(#10823,.T.);
#10825=IFCFACE((#10824));
#10826=IFCPOLYLOOP((#10139,#10123,#10143));
#10827=IFCFACEOUTERBOUND(#10826,.T.);
#10828=IFCFACE((#10827));
#10829=IFCPOLYLOOP((#10140,#10128,#10127));
#10830=IFCFACEOUTERBOUND(#10829,.T.);
#10831=IFCFACE((#10830));
#10832=IFCPOLYLOOP((#10121,#10140,#10099));
#10833=IFCFACEOUTERBOUND(#10832,.T.);
#10834=IFCFACE((#10833));
#10835=IFCPOLYLOOP((#10134,#10141,#10107));
#10836=IFCFACEOUTERBOUND(#10835,.T.);
#10837=IFCFACE((#10836));
#10838=IFCPOLYLOOP((#10109,#10141,#10106));
#10839=IFCFACEOUTERBOUND(#10838,.T.);
#10840=IFCFACE((#10839));
#10841=IFCPOLYLOOP((#10093,#10142,#10109));
#10842=IFCFACEOUTERBOUND(#10841,.T.);
#10843=IFCFACE((#10842));
#10844=IFCPOLYLOOP((#10089,#10142,#10094));
#10845=IFCFACEOUTERBOUND(#10844,.T.);
#10846=IFCFACE((#10845));
#10847=IFCPOLYLOOP((#10139,#10143,#10124));
#10848=IFCFACEOUTERBOUND(#10847,.T.);
#10849=IFCFACE((#10848));
#10850=IFCPOLYLOOP((#10123,#10122,#10143));
#10851=IFCFACEOUTERBOUND(#10850,.T.);
#10852=IFCFACE((#10851));
#10853=IFCPOLYLOOP((#10178,#10196,#10197));
#10854=IFCFACEOUTERBOUND(#10853,.T.);
#10855=IFCFACE((#10854));
#10856=IFCPOLYLOOP((#10241,#10166,#10275));
#10857=IFCFACEOUTERBOUND(#10856,.T.);
#10858=IFCFACE((#10857));
#10859=IFCPOLYLOOP((#10310,#10285,#10245));
#10860=IFCFACEOUTERBOUND(#10859,.T.);
#10861=IFCFACE((#10860));
#10862=IFCPOLYLOOP((#10261,#10184,#10315));
#10863=IFCFACEOUTERBOUND(#10862,.T.);
#10864=IFCFACE((#10863));
#10865=IFCPOLYLOOP((#10198,#10219,#10227));
#10866=IFCFACEOUTERBOUND(#10865,.T.);
#10867=IFCFACE((#10866));
#10868=IFCPOLYLOOP((#10194,#10163,#10199));
#10869=IFCFACEOUTERBOUND(#10868,.T.);
#10870=IFCFACE((#10869));
#10871=IFCPOLYLOOP((#10247,#10210,#10289,#10171));
#10872=IFCFACEOUTERBOUND(#10871,.T.);
#10873=IFCFACE((#10872));
#10874=IFCPOLYLOOP((#10228,#10231,#10230));
#10875=IFCFACEOUTERBOUND(#10874,.T.);
#10876=IFCFACE((#10875));
#10877=IFCPOLYLOOP((#10191,#10190,#10176,#10192));
#10878=IFCFACEOUTERBOUND(#10877,.T.);
#10879=IFCFACE((#10878));
#10880=IFCPOLYLOOP((#10318,#10323,#10322,#10187));
#10881=IFCFACEOUTERBOUND(#10880,.T.);
#10882=IFCFACE((#10881));
#10883=IFCPOLYLOOP((#10312,#10313,#10255));
#10884=IFCFACEOUTERBOUND(#10883,.T.);
#10885=IFCFACE((#10884));
#10886=IFCPOLYLOOP((#10230,#10231,#10229));
#10887=IFCFACEOUTERBOUND(#10886,.T.);
#10888=IFCFACE((#10887));
#10889=IFCPOLYLOOP((#10314,#10309,#10254));
#10890=IFCFACEOUTERBOUND(#10889,.T.);
#10891=IFCFACE((#10890));
#10892=IFCPOLYLOOP((#10286,#10283,#10244));
#10893=IFCFACEOUTERBOUND(#10892,.T.);
#10894=IFCFACE((#10893));
#10895=IFCPOLYLOOP((#10221,#10161,#10219));
#10896=IFCFACEOUTERBOUND(#10895,.T.);
#10897=IFCFACE((#10896));
#10898=IFCPOLYLOOP((#10251,#10301,#10214));
#10899=IFCFACEOUTERBOUND(#10898,.T.);
#10900=IFCFACE((#10899));
#10901=IFCPOLYLOOP((#10163,#10194,#10192));
#10902=IFCFACEOUTERBOUND(#10901,.T.);
#10903=IFCFACE((#10902));
#10904=IFCPOLYLOOP((#10195,#10147,#10148));
#10905=IFCFACEOUTERBOUND(#10904,.T.);
#10906=IFCFACE((#10905));
#10907=IFCPOLYLOOP((#10145,#10146,#10190));
#10908=IFCFACEOUTERBOUND(#10907,.T.);
#10909=IFCFACE((#10908));
#10910=IFCPOLYLOOP((#10270,#10267,#10238));
#10911=IFCFACEOUTERBOUND(#10910,.T.);
#10912=IFCFACE((#10911));
#10913=IFCPOLYLOOP((#10305,#10306,#10253));
#10914=IFCFACEOUTERBOUND(#10913,.T.);
#10915=IFCFACE((#10914));
#10916=IFCPOLYLOOP((#10274,#10269,#10239));
#10917=IFCFACEOUTERBOUND(#10916,.T.);
#10918=IFCFACE((#10917));
#10919=IFCPOLYLOOP((#10276,#10272,#10240));
#10920=IFCFACEOUTERBOUND(#10919,.T.);
#10921=IFCFACE((#10920));
#10922=IFCPOLYLOOP((#10323,#10318,#10264));
#10923=IFCFACEOUTERBOUND(#10922,.T.);
#10924=IFCFACE((#10923));
#10925=IFCPOLYLOOP((#10249,#10296,#10212));
#10926=IFCFACEOUTERBOUND(#10925,.T.);
#10927=IFCFACE((#10926));
#10928=IFCPOLYLOOP((#10249,#10212,#10294,#10170));
#10929=IFCFACEOUTERBOUND(#10928,.T.);
#10930=IFCFACE((#10929));
#10931=IFCPOLYLOOP((#10247,#10291,#10210));
#10932=IFCFACEOUTERBOUND(#10931,.T.);
#10933=IFCFACE((#10932));
#10934=IFCPOLYLOOP((#10191,#10188,#10145));
#10935=IFCFACEOUTERBOUND(#10934,.T.);
#10936=IFCFACE((#10935));
#10937=IFCPOLYLOOP((#10195,#10196,#10178));
#10938=IFCFACEOUTERBOUND(#10937,.T.);
#10939=IFCFACE((#10938));
#10940=IFCPOLYLOOP((#10197,#10228,#10172));
#10941=IFCFACEOUTERBOUND(#10940,.T.);
#10942=IFCFACE((#10941));
#10943=IFCPOLYLOOP((#10175,#10191,#10194));
#10944=IFCFACEOUTERBOUND(#10943,.T.);
#10945=IFCFACE((#10944));
#10946=IFCPOLYLOOP((#10173,#10228,#10197));
#10947=IFCFACEOUTERBOUND(#10946,.T.);
#10948=IFCFACE((#10947));
#10949=IFCPOLYLOOP((#10148,#10196,#10195));
#10950=IFCFACEOUTERBOUND(#10949,.T.);
#10951=IFCFACE((#10950));
#10952=IFCPOLYLOOP((#10224,#10225,#10181));
#10953=IFCFACEOUTERBOUND(#10952,.T.);
#10954=IFCFACE((#10953));
#10955=IFCPOLYLOOP((#10251,#10214,#10299,#10180));
#10956=IFCFACEOUTERBOUND(#10955,.T.);
#10957=IFCFACE((#10956));
#10958=IFCPOLYLOOP((#10224,#10223,#10222));
#10959=IFCFACEOUTERBOUND(#10958,.T.);
#10960=IFCFACE((#10959));
#10961=IFCPOLYLOOP((#10316,#10317,#10261));
#10962=IFCFACEOUTERBOUND(#10961,.T.);
#10963=IFCFACE((#10962));
#10964=IFCPOLYLOOP((#10307,#10303,#10252));
#10965=IFCFACEOUTERBOUND(#10964,.T.);
#10966=IFCFACE((#10965));
#10967=IFCPOLYLOOP((#10305,#10263,#10235));
#10968=IFCFACEOUTERBOUND(#10967,.T.);
#10969=IFCFACE((#10968));
#10970=IFCPOLYLOOP((#10243,#10281,#10206));
#10971=IFCFACEOUTERBOUND(#10970,.T.);
#10972=IFCFACE((#10971));
#10973=IFCPOLYLOOP((#10243,#10206,#10279,#10186));
#10974=IFCFACEOUTERBOUND(#10973,.T.);
#10975=IFCFACE((#10974));
#10976=IFCPOLYLOOP((#10153,#10271,#10319,#10318));
#10977=IFCFACEOUTERBOUND(#10976,.T.);
#10978=IFCFACE((#10977));
#10979=IFCPOLYLOOP((#10188,#10144,#10145));
#10980=IFCFACEOUTERBOUND(#10979,.T.);
#10981=IFCFACE((#10980));
#10982=IFCPOLYLOOP((#10148,#10149,#10189));
#10983=IFCFACEOUTERBOUND(#10982,.T.);
#10984=IFCFACE((#10983));
#10985=IFCPOLYLOOP((#10190,#10191,#10145));
#10986=IFCFACEOUTERBOUND(#10985,.T.);
#10987=IFCFACE((#10986));
#10988=IFCPOLYLOOP((#10175,#10188,#10191));
#10989=IFCFACEOUTERBOUND(#10988,.T.);
#10990=IFCFACE((#10989));
#10991=IFCPOLYLOOP((#10194,#10162,#10193,#10175));
#10992=IFCFACEOUTERBOUND(#10991,.T.);
#10993=IFCFACE((#10992));
#10994=IFCPOLYLOOP((#10194,#10191,#10192));
#10995=IFCFACEOUTERBOUND(#10994,.T.);
#10996=IFCFACE((#10995));
#10997=IFCPOLYLOOP((#10316,#10266,#10238));
#10998=IFCFACEOUTERBOUND(#10997,.T.);
#10999=IFCFACE((#10998));
#11000=IFCPOLYLOOP((#10196,#10148,#10189));
#11001=IFCFACEOUTERBOUND(#11000,.T.);
#11002=IFCFACE((#11001));
#11003=IFCPOLYLOOP((#10189,#10177,#10196));
#11004=IFCFACEOUTERBOUND(#11003,.T.);
#11005=IFCFACE((#11004));
#11006=IFCPOLYLOOP((#10197,#10196,#10177));
#11007=IFCFACEOUTERBOUND(#11006,.T.);
#11008=IFCFACE((#11007));
#11009=IFCPOLYLOOP((#10173,#10197,#10177));
#11010=IFCFACEOUTERBOUND(#11009,.T.);
#11011=IFCFACE((#11010));
#11012=IFCPOLYLOOP((#10197,#10172,#10237,#10178));
#11013=IFCFACEOUTERBOUND(#11012,.T.);
#11014=IFCFACE((#11013));
#11015=IFCPOLYLOOP((#10194,#10199,#10162));
#11016=IFCFACEOUTERBOUND(#11015,.T.);
#11017=IFCFACE((#11016));
#11018=IFCPOLYLOOP((#10199,#10163,#10220));
#11019=IFCFACEOUTERBOUND(#11018,.T.);
#11020=IFCFACE((#11019));
#11021=IFCPOLYLOOP((#10219,#10160,#10221));
#11022=IFCFACEOUTERBOUND(#11021,.T.);
#11023=IFCFACE((#11022));
#11024=IFCPOLYLOOP((#10219,#10161,#10200));
#11025=IFCFACEOUTERBOUND(#11024,.T.);
#11026=IFCFACE((#11025));
#11027=IFCPOLYLOOP((#10199,#10227,#10162));
#11028=IFCFACEOUTERBOUND(#11027,.T.);
#11029=IFCFACE((#11028));
#11030=IFCPOLYLOOP((#10239,#10201,#10268,#10166));
#11031=IFCFACEOUTERBOUND(#11030,.T.);
#11032=IFCFACE((#11031));
#11033=IFCPOLYLOOP((#10319,#10271,#10240));
#11034=IFCFACEOUTERBOUND(#11033,.T.);
#11035=IFCFACE((#11034));
#11036=IFCPOLYLOOP((#10241,#10203,#10273));
#11037=IFCFACEOUTERBOUND(#11036,.T.);
#11038=IFCFACE((#11037));
#11039=IFCPOLYLOOP((#10277,#10281,#10280,#10205));
#11040=IFCFACEOUTERBOUND(#11039,.T.);
#11041=IFCFACE((#11040));
#11042=IFCPOLYLOOP((#10281,#10277,#10242));
#11043=IFCFACEOUTERBOUND(#11042,.T.);
#11044=IFCFACE((#11043));
#11045=IFCPOLYLOOP((#10244,#10155,#10282,#10207));
#11046=IFCFACEOUTERBOUND(#11045,.T.);
#11047=IFCFACE((#11046));
#11048=IFCPOLYLOOP((#10245,#10207,#10284,#10159));
#11049=IFCFACEOUTERBOUND(#11048,.T.);
#11050=IFCFACE((#11049));
#11051=IFCPOLYLOOP((#10209,#10246,#10291));
#11052=IFCFACEOUTERBOUND(#11051,.T.);
#11053=IFCFACE((#11052));
#11054=IFCPOLYLOOP((#10246,#10209,#10287,#10151));
#11055=IFCFACEOUTERBOUND(#11054,.T.);
#11056=IFCFACE((#11055));
#11057=IFCPOLYLOOP((#10292,#10296,#10295,#10211));
#11058=IFCFACEOUTERBOUND(#11057,.T.);
#11059=IFCFACE((#11058));
#11060=IFCPOLYLOOP((#10296,#10292,#10248));
#11061=IFCFACEOUTERBOUND(#11060,.T.);
#11062=IFCFACE((#11061));
#11063=IFCPOLYLOOP((#10213,#10250,#10301));
#11064=IFCFACEOUTERBOUND(#11063,.T.);
#11065=IFCFACE((#11064));
#11066=IFCPOLYLOOP((#10250,#10213,#10297,#10154));
#11067=IFCFACEOUTERBOUND(#11066,.T.);
#11068=IFCFACE((#11067));
#11069=IFCPOLYLOOP((#10252,#10152,#10302,#10215));
#11070=IFCFACEOUTERBOUND(#11069,.T.);
#11071=IFCFACE((#11070));
#11072=IFCPOLYLOOP((#10253,#10215,#10304,#10183));
#11073=IFCFACEOUTERBOUND(#11072,.T.);
#11074=IFCFACE((#11073));
#11075=IFCPOLYLOOP((#10254,#10159,#10308,#10217));
#11076=IFCFACEOUTERBOUND(#11075,.T.);
#11077=IFCFACE((#11076));
#11078=IFCPOLYLOOP((#10255,#10217,#10311,#10156));
#11079=IFCFACEOUTERBOUND(#11078,.T.);
#11080=IFCFACE((#11079));
#11081=IFCPOLYLOOP((#10227,#10219,#10200));
#11082=IFCFACEOUTERBOUND(#11081,.T.);
#11083=IFCFACE((#11082));
#11084=IFCPOLYLOOP((#10219,#10198,#10256,#10160));
#11085=IFCFACEOUTERBOUND(#11084,.T.);
#11086=IFCFACE((#11085));
#11087=IFCPOLYLOOP((#10225,#10180,#10257,#10181));
#11088=IFCFACEOUTERBOUND(#11087,.T.);
#11089=IFCFACE((#11088));
#11090=IFCPOLYLOOP((#10227,#10220,#10198));
#11091=IFCFACEOUTERBOUND(#11090,.T.);
#11092=IFCFACE((#11091));
#11093=IFCPOLYLOOP((#10224,#10226,#10221));
#11094=IFCFACEOUTERBOUND(#11093,.T.);
#11095=IFCFACE((#11094));
#11096=IFCPOLYLOOP((#10221,#10223,#10224));
#11097=IFCFACEOUTERBOUND(#11096,.T.);
#11098=IFCFACE((#11097));
#11099=IFCPOLYLOOP((#10221,#10160,#10223));
#11100=IFCFACEOUTERBOUND(#11099,.T.);
#11101=IFCFACE((#11100));
#11102=IFCPOLYLOOP((#10224,#10222,#10225));
#11103=IFCFACEOUTERBOUND(#11102,.T.);
#11104=IFCFACE((#11103));
#11105=IFCPOLYLOOP((#10162,#10227,#10200));
#11106=IFCFACEOUTERBOUND(#11105,.T.);
#11107=IFCFACE((#11106));
#11108=IFCPOLYLOOP((#10225,#10222,#10258,#10179));
#11109=IFCFACEOUTERBOUND(#11108,.T.);
#11110=IFCFACE((#11109));
#11111=IFCPOLYLOOP((#10251,#10225,#10179));
#11112=IFCFACEOUTERBOUND(#11111,.T.);
#11113=IFCFACE((#11112));
#11114=IFCPOLYLOOP((#10226,#10224,#10181));
#11115=IFCFACEOUTERBOUND(#11114,.T.);
#11116=IFCFACE((#11115));
#11117=IFCPOLYLOOP((#10226,#10161,#10221));
#11118=IFCFACEOUTERBOUND(#11117,.T.);
#11119=IFCFACE((#11118));
#11120=IFCPOLYLOOP((#10220,#10227,#10199));
#11121=IFCFACEOUTERBOUND(#11120,.T.);
#11122=IFCFACE((#11121));
#11123=IFCPOLYLOOP((#10231,#10233,#10174));
#11124=IFCFACEOUTERBOUND(#11123,.T.);
#11125=IFCFACE((#11124));
#11126=IFCPOLYLOOP((#10174,#10232,#10231));
#11127=IFCFACEOUTERBOUND(#11126,.T.);
#11128=IFCFACE((#11127));
#11129=IFCPOLYLOOP((#10231,#10232,#10229));
#11130=IFCFACEOUTERBOUND(#11129,.T.);
#11131=IFCFACE((#11130));
#11132=IFCPOLYLOOP((#10233,#10231,#10228));
#11133=IFCFACEOUTERBOUND(#11132,.T.);
#11134=IFCFACE((#11133));
#11135=IFCPOLYLOOP((#10230,#10172,#10228));
#11136=IFCFACEOUTERBOUND(#11135,.T.);
#11137=IFCFACE((#11136));
#11138=IFCPOLYLOOP((#10232,#10174,#10259,#10157));
#11139=IFCFACEOUTERBOUND(#11138,.T.);
#11140=IFCFACE((#11139));
#11141=IFCPOLYLOOP((#10309,#10314,#10218));
#11142=IFCFACEOUTERBOUND(#11141,.T.);
#11143=IFCFACE((#11142));
#11144=IFCPOLYLOOP((#10312,#10260,#10232));
#11145=IFCFACEOUTERBOUND(#11144,.T.);
#11146=IFCFACE((#11145));
#11147=IFCPOLYLOOP((#10228,#10173,#10233));
#11148=IFCFACEOUTERBOUND(#11147,.T.);
#11149=IFCFACE((#11148));
#11150=IFCPOLYLOOP((#10303,#10307,#10216));
#11151=IFCFACEOUTERBOUND(#11150,.T.);
#11152=IFCFACE((#11151));
#11153=IFCPOLYLOOP((#10235,#10234,#10262,#10182));
#11154=IFCFACEOUTERBOUND(#11153,.T.);
#11155=IFCFACE((#11154));
#11156=IFCPOLYLOOP((#10261,#10235,#10184));
#11157=IFCFACEOUTERBOUND(#11156,.T.);
#11158=IFCFACE((#11157));
#11159=IFCPOLYLOOP((#10201,#10239,#10270));
#11160=IFCFACEOUTERBOUND(#11159,.T.);
#11161=IFCFACE((#11160));
#11162=IFCPOLYLOOP((#10265,#10236,#10321,#10185));
#11163=IFCFACEOUTERBOUND(#11162,.T.);
#11164=IFCFACE((#11163));
#11165=IFCPOLYLOOP((#10150,#10319,#10240));
#11166=IFCFACEOUTERBOUND(#11165,.T.);
#11167=IFCFACE((#11166));
#11168=IFCPOLYLOOP((#10272,#10276,#10275,#10204));
#11169=IFCFACEOUTERBOUND(#11168,.T.);
#11170=IFCFACE((#11169));
#11171=IFCPOLYLOOP((#10239,#10269,#10270));
#11172=IFCFACEOUTERBOUND(#11171,.T.);
#11173=IFCFACE((#11172));
#11174=IFCPOLYLOOP((#10203,#10241,#10276));
#11175=IFCFACEOUTERBOUND(#11174,.T.);
#11176=IFCFACE((#11175));
#11177=IFCPOLYLOOP((#10319,#10150,#10264));
#11178=IFCFACEOUTERBOUND(#11177,.T.);
#11179=IFCFACE((#11178));
#11180=IFCPOLYLOOP((#10273,#10274,#10241));
#11181=IFCFACEOUTERBOUND(#11180,.T.);
#11182=IFCFACE((#11181));
#11183=IFCPOLYLOOP((#10241,#10275,#10276));
#11184=IFCFACEOUTERBOUND(#11183,.T.);
#11185=IFCFACE((#11184));
#11186=IFCPOLYLOOP((#10248,#10242,#10169));
#11187=IFCFACEOUTERBOUND(#11186,.T.);
#11188=IFCFACE((#11187));
#11189=IFCPOLYLOOP((#10242,#10168,#10278,#10206));
#11190=IFCFACEOUTERBOUND(#11189,.T.);
#11191=IFCFACE((#11190));
#11192=IFCPOLYLOOP((#10265,#10243,#10186));
#11193=IFCFACEOUTERBOUND(#11192,.T.);
#11194=IFCFACE((#11193));
#11195=IFCPOLYLOOP((#10243,#10185,#10280));
#11196=IFCFACEOUTERBOUND(#11195,.T.);
#11197=IFCFACE((#11196));
#11198=IFCPOLYLOOP((#10207,#10245,#10286));
#11199=IFCFACEOUTERBOUND(#11198,.T.);
#11200=IFCFACE((#11199));
#11201=IFCPOLYLOOP((#10252,#10244,#10152));
#11202=IFCFACEOUTERBOUND(#11201,.T.);
#11203=IFCFACE((#11202));
#11204=IFCPOLYLOOP((#10159,#10254,#10310));
#11205=IFCFACEOUTERBOUND(#11204,.T.);
#11206=IFCFACE((#11205));
#11207=IFCPOLYLOOP((#10286,#10245,#10208));
#11208=IFCFACEOUTERBOUND(#11207,.T.);
#11209=IFCFACE((#11208));
#11210=IFCPOLYLOOP((#10250,#10246,#10151));
#11211=IFCFACEOUTERBOUND(#11210,.T.);
#11212=IFCFACE((#11211));
#11213=IFCPOLYLOOP((#10246,#10154,#10288));
#11214=IFCFACEOUTERBOUND(#11213,.T.);
#11215=IFCFACE((#11214));
#11216=IFCPOLYLOOP((#10249,#10247,#10171));
#11217=IFCFACEOUTERBOUND(#11216,.T.);
#11218=IFCFACE((#11217));
#11219=IFCPOLYLOOP((#10247,#10170,#10290));
#11220=IFCFACEOUTERBOUND(#11219,.T.);
#11221=IFCFACE((#11220));
#11222=IFCPOLYLOOP((#10242,#10248,#10168));
#11223=IFCFACEOUTERBOUND(#11222,.T.);
#11224=IFCFACE((#11223));
#11225=IFCPOLYLOOP((#10248,#10169,#10293));
#11226=IFCFACEOUTERBOUND(#11225,.T.);
#11227=IFCFACE((#11226));
#11228=IFCPOLYLOOP((#10247,#10249,#10170));
#11229=IFCFACEOUTERBOUND(#11228,.T.);
#11230=IFCFACE((#11229));
#11231=IFCPOLYLOOP((#10249,#10171,#10295));
#11232=IFCFACEOUTERBOUND(#11231,.T.);
#11233=IFCFACE((#11232));
#11234=IFCPOLYLOOP((#10246,#10250,#10154));
#11235=IFCFACEOUTERBOUND(#11234,.T.);
#11236=IFCFACE((#11235));
#11237=IFCPOLYLOOP((#10250,#10151,#10298));
#11238=IFCFACEOUTERBOUND(#11237,.T.);
#11239=IFCFACE((#11238));
#11240=IFCPOLYLOOP((#10225,#10251,#10180));
#11241=IFCFACEOUTERBOUND(#11240,.T.);
#11242=IFCFACE((#11241));
#11243=IFCPOLYLOOP((#10251,#10179,#10300));
#11244=IFCFACEOUTERBOUND(#11243,.T.);
#11245=IFCFACE((#11244));
#11246=IFCPOLYLOOP((#10215,#10253,#10307));
#11247=IFCFACEOUTERBOUND(#11246,.T.);
#11248=IFCFACE((#11247));
#11249=IFCPOLYLOOP((#10244,#10252,#10155));
#11250=IFCFACEOUTERBOUND(#11249,.T.);
#11251=IFCFACE((#11250));
#11252=IFCPOLYLOOP((#10253,#10183,#10305));
#11253=IFCFACEOUTERBOUND(#11252,.T.);
#11254=IFCFACE((#11253));
#11255=IFCPOLYLOOP((#10307,#10253,#10216));
#11256=IFCFACEOUTERBOUND(#11255,.T.);
#11257=IFCFACE((#11256));
#11258=IFCPOLYLOOP((#10217,#10255,#10314));
#11259=IFCFACEOUTERBOUND(#11258,.T.);
#11260=IFCFACE((#11259));
#11261=IFCPOLYLOOP((#10310,#10254,#10158));
#11262=IFCFACEOUTERBOUND(#11261,.T.);
#11263=IFCFACE((#11262));
#11264=IFCPOLYLOOP((#10255,#10156,#10312));
#11265=IFCFACEOUTERBOUND(#11264,.T.);
#11266=IFCFACE((#11265));
#11267=IFCPOLYLOOP((#10314,#10255,#10218));
#11268=IFCFACEOUTERBOUND(#11267,.T.);
#11269=IFCFACE((#11268));
#11270=IFCPOLYLOOP((#10315,#10316,#10261));
#11271=IFCFACEOUTERBOUND(#11270,.T.);
#11272=IFCFACE((#11271));
#11273=IFCPOLYLOOP((#10260,#10229,#10232));
#11274=IFCFACEOUTERBOUND(#11273,.T.);
#11275=IFCFACE((#11274));
#11276=IFCPOLYLOOP((#10235,#10261,#10234));
#11277=IFCFACEOUTERBOUND(#11276,.T.);
#11278=IFCFACE((#11277));
#11279=IFCPOLYLOOP((#10264,#10150,#10320,#10236));
#11280=IFCFACEOUTERBOUND(#11279,.T.);
#11281=IFCFACE((#11280));
#11282=IFCPOLYLOOP((#10263,#10184,#10235));
#11283=IFCFACEOUTERBOUND(#11282,.T.);
#11284=IFCFACE((#11283));
#11285=IFCPOLYLOOP((#10323,#10236,#10265));
#11286=IFCFACEOUTERBOUND(#11285,.T.);
#11287=IFCFACE((#11286));
#11288=IFCPOLYLOOP((#10243,#10265,#10185));
#11289=IFCFACEOUTERBOUND(#11288,.T.);
#11290=IFCFACE((#11289));
#11291=IFCPOLYLOOP((#10265,#10186,#10322));
#11292=IFCFACEOUTERBOUND(#11291,.T.);
#11293=IFCFACE((#11292));
#11294=IFCPOLYLOOP((#10267,#10270,#10269,#10202));
#11295=IFCFACEOUTERBOUND(#11294,.T.);
#11296=IFCFACE((#11295));
#11297=IFCPOLYLOOP((#10201,#10238,#10266));
#11298=IFCFACEOUTERBOUND(#11297,.T.);
#11299=IFCFACE((#11298));
#11300=IFCPOLYLOOP((#10267,#10164,#10238));
#11301=IFCFACEOUTERBOUND(#11300,.T.);
#11302=IFCFACE((#11301));
#11303=IFCPOLYLOOP((#10201,#10270,#10238));
#11304=IFCFACEOUTERBOUND(#11303,.T.);
#11305=IFCFACE((#11304));
#11306=IFCPOLYLOOP((#10269,#10274,#10273,#10167));
#11307=IFCFACEOUTERBOUND(#11306,.T.);
#11308=IFCFACE((#11307));
#11309=IFCPOLYLOOP((#10203,#10240,#10271));
#11310=IFCFACEOUTERBOUND(#11309,.T.);
#11311=IFCFACE((#11310));
#11312=IFCPOLYLOOP((#10272,#10150,#10240));
#11313=IFCFACEOUTERBOUND(#11312,.T.);
#11314=IFCFACE((#11313));
#11315=IFCPOLYLOOP((#10166,#10274,#10239));
#11316=IFCFACEOUTERBOUND(#11315,.T.);
#11317=IFCFACE((#11316));
#11318=IFCPOLYLOOP((#10166,#10241,#10274));
#11319=IFCFACEOUTERBOUND(#11318,.T.);
#11320=IFCFACE((#11319));
#11321=IFCPOLYLOOP((#10203,#10276,#10240));
#11322=IFCFACEOUTERBOUND(#11321,.T.);
#11323=IFCFACE((#11322));
#11324=IFCPOLYLOOP((#10206,#10281,#10242));
#11325=IFCFACEOUTERBOUND(#11324,.T.);
#11326=IFCFACE((#11325));
#11327=IFCPOLYLOOP((#10277,#10169,#10242));
#11328=IFCFACEOUTERBOUND(#11327,.T.);
#11329=IFCFACE((#11328));
#11330=IFCPOLYLOOP((#10280,#10281,#10243));
#11331=IFCFACEOUTERBOUND(#11330,.T.);
#11332=IFCFACE((#11331));
#11333=IFCPOLYLOOP((#10283,#10286,#10208));
#11334=IFCFACEOUTERBOUND(#11333,.T.);
#11335=IFCFACE((#11334));
#11336=IFCPOLYLOOP((#10283,#10152,#10244));
#11337=IFCFACEOUTERBOUND(#11336,.T.);
#11338=IFCFACE((#11337));
#11339=IFCPOLYLOOP((#10285,#10208,#10245));
#11340=IFCFACEOUTERBOUND(#11339,.T.);
#11341=IFCFACE((#11340));
#11342=IFCPOLYLOOP((#10207,#10286,#10244));
#11343=IFCFACEOUTERBOUND(#11342,.T.);
#11344=IFCFACE((#11343));
#11345=IFCPOLYLOOP((#10291,#10246,#10288));
#11346=IFCFACEOUTERBOUND(#11345,.T.);
#11347=IFCFACE((#11346));
#11348=IFCPOLYLOOP((#10291,#10288,#10210));
#11349=IFCFACEOUTERBOUND(#11348,.T.);
#11350=IFCFACE((#11349));
#11351=IFCPOLYLOOP((#10291,#10290,#10209));
#11352=IFCFACEOUTERBOUND(#11351,.T.);
#11353=IFCFACE((#11352));
#11354=IFCPOLYLOOP((#10290,#10291,#10247));
#11355=IFCFACEOUTERBOUND(#11354,.T.);
#11356=IFCFACE((#11355));
#11357=IFCPOLYLOOP((#10296,#10248,#10293));
#11358=IFCFACEOUTERBOUND(#11357,.T.);
#11359=IFCFACE((#11358));
#11360=IFCPOLYLOOP((#10168,#10248,#10292));
#11361=IFCFACEOUTERBOUND(#11360,.T.);
#11362=IFCFACE((#11361));
#11363=IFCPOLYLOOP((#10296,#10293,#10212));
#11364=IFCFACEOUTERBOUND(#11363,.T.);
#11365=IFCFACE((#11364));
#11366=IFCPOLYLOOP((#10295,#10296,#10249));
#11367=IFCFACEOUTERBOUND(#11366,.T.);
#11368=IFCFACE((#11367));
#11369=IFCPOLYLOOP((#10301,#10250,#10298));
#11370=IFCFACEOUTERBOUND(#11369,.T.);
#11371=IFCFACE((#11370));
#11372=IFCPOLYLOOP((#10301,#10298,#10214));
#11373=IFCFACEOUTERBOUND(#11372,.T.);
#11374=IFCFACE((#11373));
#11375=IFCPOLYLOOP((#10301,#10300,#10213));
#11376=IFCFACEOUTERBOUND(#11375,.T.);
#11377=IFCFACE((#11376));
#11378=IFCPOLYLOOP((#10300,#10301,#10251));
#11379=IFCFACEOUTERBOUND(#11378,.T.);
#11380=IFCFACE((#11379));
#11381=IFCPOLYLOOP((#10263,#10305,#10183));
#11382=IFCFACEOUTERBOUND(#11381,.T.);
#11383=IFCFACE((#11382));
#11384=IFCPOLYLOOP((#10303,#10155,#10252));
#11385=IFCFACEOUTERBOUND(#11384,.T.);
#11386=IFCFACE((#11385));
#11387=IFCPOLYLOOP((#10182,#10305,#10235));
#11388=IFCFACEOUTERBOUND(#11387,.T.);
#11389=IFCFACE((#11388));
#11390=IFCPOLYLOOP((#10306,#10305,#10182));
#11391=IFCFACEOUTERBOUND(#11390,.T.);
#11392=IFCFACE((#11391));
#11393=IFCPOLYLOOP((#10306,#10216,#10253));
#11394=IFCFACEOUTERBOUND(#11393,.T.);
#11395=IFCFACE((#11394));
#11396=IFCPOLYLOOP((#10215,#10307,#10252));
#11397=IFCFACEOUTERBOUND(#11396,.T.);
#11398=IFCFACE((#11397));
#11399=IFCPOLYLOOP((#10285,#10310,#10158));
#11400=IFCFACEOUTERBOUND(#11399,.T.);
#11401=IFCFACE((#11400));
#11402=IFCPOLYLOOP((#10309,#10158,#10254));
#11403=IFCFACEOUTERBOUND(#11402,.T.);
#11404=IFCFACE((#11403));
#11405=IFCPOLYLOOP((#10159,#10310,#10245));
#11406=IFCFACEOUTERBOUND(#11405,.T.);
#11407=IFCFACE((#11406));
#11408=IFCPOLYLOOP((#10260,#10312,#10156));
#11409=IFCFACEOUTERBOUND(#11408,.T.);
#11410=IFCFACE((#11409));
#11411=IFCPOLYLOOP((#10157,#10312,#10232));
#11412=IFCFACEOUTERBOUND(#11411,.T.);
#11413=IFCFACE((#11412));
#11414=IFCPOLYLOOP((#10313,#10312,#10157));
#11415=IFCFACEOUTERBOUND(#11414,.T.);
#11416=IFCFACE((#11415));
#11417=IFCPOLYLOOP((#10313,#10218,#10255));
#11418=IFCFACEOUTERBOUND(#11417,.T.);
#11419=IFCFACE((#11418));
#11420=IFCPOLYLOOP((#10217,#10314,#10254));
#11421=IFCFACEOUTERBOUND(#11420,.T.);
#11422=IFCFACE((#11421));
#11423=IFCPOLYLOOP((#10266,#10316,#10315,#10165));
#11424=IFCFACEOUTERBOUND(#11423,.T.);
#11425=IFCFACE((#11424));
#11426=IFCPOLYLOOP((#10164,#10316,#10238));
#11427=IFCFACEOUTERBOUND(#11426,.T.);
#11428=IFCFACE((#11427));
#11429=IFCPOLYLOOP((#10317,#10316,#10164));
#11430=IFCFACEOUTERBOUND(#11429,.T.);
#11431=IFCFACE((#11430));
#11432=IFCPOLYLOOP((#10317,#10234,#10261));
#11433=IFCFACEOUTERBOUND(#11432,.T.);
#11434=IFCFACE((#11433));
#11435=IFCPOLYLOOP((#10318,#10319,#10264));
#11436=IFCFACEOUTERBOUND(#11435,.T.);
#11437=IFCFACE((#11436));
#11438=IFCPOLYLOOP((#10236,#10323,#10264));
#11439=IFCFACEOUTERBOUND(#11438,.T.);
#11440=IFCFACE((#11439));
#11441=IFCPOLYLOOP((#10322,#10323,#10265));
#11442=IFCFACEOUTERBOUND(#11441,.T.);
#11443=IFCFACE((#11442));
#11444=IFCPOLYLOOP((#10324,#10144,#10188,#10175,#10193,#10162,#10200,#10161,#10226,#10181,#10257,#10180,#10299,#10214,#10298,#10151,#10287,#10209,#10290,#10170,#10294,#10212,#10293,#10169,#10277,#10205,#10280,#10185,#10321,#10236,#10320,#10150,#10272,#10204,#10275,#10166,#10268,#10201,#10266,#10165,#10315,#10184,#10263,#10183,#10304,#10215,#10302,#10152,#10283,#10208,#10285,#10158,#10309,#10218,#10313,#10157,#10259,#10174,#10233,#10173,#10177,#10189,#10149,#10325));
#11445=IFCFACEOUTERBOUND(#11444,.T.);
#11446=IFCFACE((#11445));
#11447=IFCPOLYLOOP((#10088,#10087,#10326,#10327));
#11448=IFCFACEOUTERBOUND(#11447,.T.);
#11449=IFCFACE((#11448));
#11450=IFCPOLYLOOP((#10091,#10328,#10329,#10332,#10334,#10092));
#11451=IFCFACEOUTERBOUND(#11450,.T.);
#11452=IFCFACE((#11451));
#11453=IFCPOLYLOOP((#10335,#10337,#10333,#10336));
#11454=IFCFACEOUTERBOUND(#11453,.T.);
#11455=IFCFACE((#11454));
#11456=IFCPOLYLOOP((#10336,#10095,#10338));
#11457=IFCFACEOUTERBOUND(#11456,.T.);
#11458=IFCFACE((#11457));
#11459=IFCPOLYLOOP((#10329,#10330,#10339));
#11460=IFCFACEOUTERBOUND(#11459,.T.);
#11461=IFCFACE((#11460));
#11462=IFCPOLYLOOP((#10335,#10332,#10339));
#11463=IFCFACEOUTERBOUND(#11462,.T.);
#11464=IFCFACE((#11463));
#11465=IFCPOLYLOOP((#10092,#10334,#10338));
#11466=IFCFACEOUTERBOUND(#11465,.T.);
#11467=IFCFACE((#11466));
#11468=IFCPOLYLOOP((#10335,#10334,#10332));
#11469=IFCFACEOUTERBOUND(#11468,.T.);
#11470=IFCFACE((#11469));
#11471=IFCPOLYLOOP((#10337,#10335,#10339));
#11472=IFCFACEOUTERBOUND(#11471,.T.);
#11473=IFCFACE((#11472));
#11474=IFCPOLYLOOP((#10336,#10338,#10335));
#11475=IFCFACEOUTERBOUND(#11474,.T.);
#11476=IFCFACE((#11475));
#11477=IFCPOLYLOOP((#10338,#10334,#10335));
#11478=IFCFACEOUTERBOUND(#11477,.T.);
#11479=IFCFACE((#11478));
#11480=IFCPOLYLOOP((#10336,#10096,#10095));
#11481=IFCFACEOUTERBOUND(#11480,.T.);
#11482=IFCFACE((#11481));
#11483=IFCPOLYLOOP((#10330,#10331,#10337));
#11484=IFCFACEOUTERBOUND(#11483,.T.);
#11485=IFCFACE((#11484));
#11486=IFCPOLYLOOP((#10092,#10338,#10095));
#11487=IFCFACEOUTERBOUND(#11486,.T.);
#11488=IFCFACE((#11487));
#11489=IFCPOLYLOOP((#10329,#10339,#10332));
#11490=IFCFACEOUTERBOUND(#11489,.T.);
#11491=IFCFACE((#11490));
#11492=IFCPOLYLOOP((#10337,#10339,#10330));
#11493=IFCFACEOUTERBOUND(#11492,.T.);
#11494=IFCFACE((#11493));
#11495=IFCPOLYLOOP((#10350,#10355,#10359));
#11496=IFCFACEOUTERBOUND(#11495,.T.);
#11497=IFCFACE((#11496));
#11498=IFCPOLYLOOP((#10371,#10370,#10366));
#11499=IFCFACEOUTERBOUND(#11498,.T.);
#11500=IFCFACE((#11499));
#11501=IFCPOLYLOOP((#10360,#10372,#10353));
#11502=IFCFACEOUTERBOUND(#11501,.T.);
#11503=IFCFACE((#11502));
#11504=IFCPOLYLOOP((#10366,#10345,#10364));
#11505=IFCFACEOUTERBOUND(#11504,.T.);
#11506=IFCFACE((#11505));
#11507=IFCPOLYLOOP((#10346,#10360,#10353));
#11508=IFCFACEOUTERBOUND(#11507,.T.);
#11509=IFCFACE((#11508));
#11510=IFCPOLYLOOP((#10363,#10367,#10360));
#11511=IFCFACEOUTERBOUND(#11510,.T.);
#11512=IFCFACE((#11511));
#11513=IFCPOLYLOOP((#10341,#10357,#10372));
#11514=IFCFACEOUTERBOUND(#11513,.T.);
#11515=IFCFACE((#11514));
#11516=IFCPOLYLOOP((#10356,#10364,#10345));
#11517=IFCFACEOUTERBOUND(#11516,.T.);
#11518=IFCFACE((#11517));
#11519=IFCPOLYLOOP((#10347,#10364,#10352));
#11520=IFCFACEOUTERBOUND(#11519,.T.);
#11521=IFCFACE((#11520));
#11522=IFCPOLYLOOP((#10344,#10370,#10365));
#11523=IFCFACEOUTERBOUND(#11522,.T.);
#11524=IFCFACE((#11523));
#11525=IFCPOLYLOOP((#10363,#10360,#10346));
#11526=IFCFACEOUTERBOUND(#11525,.T.);
#11527=IFCFACE((#11526));
#11528=IFCPOLYLOOP((#10350,#10359,#10368));
#11529=IFCFACEOUTERBOUND(#11528,.T.);
#11530=IFCFACE((#11529));
#11531=IFCPOLYLOOP((#10351,#10352,#10368));
#11532=IFCFACEOUTERBOUND(#11531,.T.);
#11533=IFCFACE((#11532));
#11534=IFCPOLYLOOP((#10352,#10364,#10368));
#11535=IFCFACEOUTERBOUND(#11534,.T.);
#11536=IFCFACE((#11535));
#11537=IFCPOLYLOOP((#10340,#10341,#10372));
#11538=IFCFACEOUTERBOUND(#11537,.T.);
#11539=IFCFACE((#11538));
#11540=IFCPOLYLOOP((#10148,#10147,#10358));
#11541=IFCFACEOUTERBOUND(#11540,.T.);
#11542=IFCFACE((#11541));
#11543=IFCPOLYLOOP((#10351,#10359,#10358));
#11544=IFCFACEOUTERBOUND(#11543,.T.);
#11545=IFCFACE((#11544));
#11546=IFCPOLYLOOP((#10355,#10149,#10148));
#11547=IFCFACEOUTERBOUND(#11546,.T.);
#11548=IFCFACE((#11547));
#11549=IFCPOLYLOOP((#10341,#10342,#10357));
#11550=IFCFACEOUTERBOUND(#11549,.T.);
#11551=IFCFACE((#11550));
#11552=IFCPOLYLOOP((#10360,#10349,#10372));
#11553=IFCFACEOUTERBOUND(#11552,.T.);
#11554=IFCFACE((#11553));
#11555=IFCPOLYLOOP((#10358,#10359,#10148));
#11556=IFCFACEOUTERBOUND(#11555,.T.);
#11557=IFCFACE((#11556));
#11558=IFCPOLYLOOP((#10148,#10359,#10355));
#11559=IFCFACEOUTERBOUND(#11558,.T.);
#11560=IFCFACE((#11559));
#11561=IFCPOLYLOOP((#10349,#10360,#10367));
#11562=IFCFACEOUTERBOUND(#11561,.T.);
#11563=IFCFACE((#11562));
#11564=IFCPOLYLOOP((#10372,#10349,#10354,#10340));
#11565=IFCFACEOUTERBOUND(#11564,.T.);
#11566=IFCFACE((#11565));
#11567=IFCPOLYLOOP((#10346,#10361,#10363));
#11568=IFCFACEOUTERBOUND(#11567,.T.);
#11569=IFCFACE((#11568));
#11570=IFCPOLYLOOP((#10362,#10365,#10370));
#11571=IFCFACEOUTERBOUND(#11570,.T.);
#11572=IFCFACE((#11571));
#11573=IFCPOLYLOOP((#10343,#10365,#10362));
#11574=IFCFACEOUTERBOUND(#11573,.T.);
#11575=IFCFACE((#11574));
#11576=IFCPOLYLOOP((#10365,#10363,#10361));
#11577=IFCFACEOUTERBOUND(#11576,.T.);
#11578=IFCFACE((#11577));
#11579=IFCPOLYLOOP((#10364,#10347,#10366));
#11580=IFCFACEOUTERBOUND(#11579,.T.);
#11581=IFCFACE((#11580));
#11582=IFCPOLYLOOP((#10356,#10350,#10368));
#11583=IFCFACEOUTERBOUND(#11582,.T.);
#11584=IFCFACE((#11583));
#11585=IFCPOLYLOOP((#10363,#10365,#10343));
#11586=IFCFACEOUTERBOUND(#11585,.T.);
#11587=IFCFACE((#11586));
#11588=IFCPOLYLOOP((#10344,#10365,#10361));
#11589=IFCFACEOUTERBOUND(#11588,.T.);
#11590=IFCFACE((#11589));
#11591=IFCPOLYLOOP((#10370,#10371,#10348,#10362));
#11592=IFCFACEOUTERBOUND(#11591,.T.);
#11593=IFCFACE((#11592));
#11594=IFCPOLYLOOP((#10366,#10370,#10369));
#11595=IFCFACEOUTERBOUND(#11594,.T.);
#11596=IFCFACE((#11595));
#11597=IFCPOLYLOOP((#10363,#10343,#10367));
#11598=IFCFACEOUTERBOUND(#11597,.T.);
#11599=IFCFACE((#11598));
#11600=IFCPOLYLOOP((#10368,#10359,#10351));
#11601=IFCFACEOUTERBOUND(#11600,.T.);
#11602=IFCFACE((#11601));
#11603=IFCPOLYLOOP((#10356,#10368,#10364));
#11604=IFCFACEOUTERBOUND(#11603,.T.);
#11605=IFCFACE((#11604));
#11606=IFCPOLYLOOP((#10369,#10370,#10344));
#11607=IFCFACEOUTERBOUND(#11606,.T.);
#11608=IFCFACE((#11607));
#11609=IFCPOLYLOOP((#10369,#10345,#10366));
#11610=IFCFACEOUTERBOUND(#11609,.T.);
#11611=IFCFACE((#11610));
#11612=IFCPOLYLOOP((#10366,#10347,#10371));
#11613=IFCFACEOUTERBOUND(#11612,.T.);
#11614=IFCFACE((#11613));
#11615=IFCPOLYLOOP((#10372,#10357,#10353));
#11616=IFCFACEOUTERBOUND(#11615,.T.);
#11617=IFCFACE((#11616));
#11618=IFCPOLYLOOP((#10325,#10149,#10355,#10350,#10356,#10345,#10369,#10344,#10361,#10346,#10353,#10357,#10342,#10373));
#11619=IFCFACEOUTERBOUND(#11618,.T.);
#11620=IFCFACE((#11619));
#11621=IFCPOLYLOOP((#10327,#10326,#10374,#10375));
#11622=IFCFACEOUTERBOUND(#11621,.T.);
#11623=IFCFACE((#11622));
#11624=IFCPOLYLOOP((#10329,#10328,#10376,#10377,#10388,#10387,#10411,#10385,#10398,#10397,#10406,#10383,#10420,#10393,#10415,#10384,#10391,#10390,#10400));
#11625=IFCFACEOUTERBOUND(#11624,.T.);
#11626=IFCFACE((#11625));
#11627=IFCPOLYLOOP((#10408,#10399,#10386));
#11628=IFCFACEOUTERBOUND(#11627,.T.);
#11629=IFCFACE((#11628));
#11630=IFCPOLYLOOP((#10401,#10417,#10413));
#11631=IFCFACEOUTERBOUND(#11630,.T.);
#11632=IFCFACE((#11631));
#11633=IFCPOLYLOOP((#10400,#10424,#10425));
#11634=IFCFACEOUTERBOUND(#11633,.T.);
#11635=IFCFACE((#11634));
#11636=IFCPOLYLOOP((#10386,#10410,#10408));
#11637=IFCFACEOUTERBOUND(#11636,.T.);
#11638=IFCFACE((#11637));
#11639=IFCPOLYLOOP((#10424,#10400,#10390));
#11640=IFCFACEOUTERBOUND(#11639,.T.);
#11641=IFCFACE((#11640));
#11642=IFCPOLYLOOP((#10402,#10403,#10404));
#11643=IFCFACEOUTERBOUND(#11642,.T.);
#11644=IFCFACE((#11643));
#11645=IFCPOLYLOOP((#10391,#10384,#10413));
#11646=IFCFACEOUTERBOUND(#11645,.T.);
#11647=IFCFACE((#11646));
#11648=IFCPOLYLOOP((#10394,#10395,#10416));
#11649=IFCFACEOUTERBOUND(#11648,.T.);
#11650=IFCFACE((#11649));
#11651=IFCPOLYLOOP((#10405,#10407,#10426));
#11652=IFCFACEOUTERBOUND(#11651,.T.);
#11653=IFCFACE((#11652));
#11654=IFCPOLYLOOP((#10420,#10421,#10418));
#11655=IFCFACEOUTERBOUND(#11654,.T.);
#11656=IFCFACE((#11655));
#11657=IFCPOLYLOOP((#10423,#10410,#10409));
#11658=IFCFACEOUTERBOUND(#11657,.T.);
#11659=IFCFACE((#11658));
#11660=IFCPOLYLOOP((#10412,#10377,#10378));
#11661=IFCFACEOUTERBOUND(#11660,.T.);
#11662=IFCFACE((#11661));
#11663=IFCPOLYLOOP((#10399,#10408,#10412));
#11664=IFCFACEOUTERBOUND(#11663,.T.);
#11665=IFCFACE((#11664));
#11666=IFCPOLYLOOP((#10425,#10424,#10392));
#11667=IFCFACEOUTERBOUND(#11666,.T.);
#11668=IFCFACE((#11667));
#11669=IFCPOLYLOOP((#10394,#10416,#10418));
#11670=IFCFACEOUTERBOUND(#11669,.T.);
#11671=IFCFACE((#11670));
#11672=IFCPOLYLOOP((#10417,#10391,#10413));
#11673=IFCFACEOUTERBOUND(#11672,.T.);
#11674=IFCFACE((#11673));
#11675=IFCPOLYLOOP((#10329,#10400,#10425));
#11676=IFCFACEOUTERBOUND(#11675,.T.);
#11677=IFCFACE((#11676));
#11678=IFCPOLYLOOP((#10331,#10330,#10425));
#11679=IFCFACEOUTERBOUND(#11678,.T.);
#11680=IFCFACE((#11679));
#11681=IFCPOLYLOOP((#10414,#10381,#10413));
#11682=IFCFACEOUTERBOUND(#11681,.T.);
#11683=IFCFACE((#11682));
#11684=IFCPOLYLOOP((#10416,#10414,#10415));
#11685=IFCFACEOUTERBOUND(#11684,.T.);
#11686=IFCFACE((#11685));
#11687=IFCPOLYLOOP((#10382,#10402,#10404));
#11688=IFCFACEOUTERBOUND(#11687,.T.);
#11689=IFCFACE((#11688));
#11690=IFCPOLYLOOP((#10397,#10403,#10405));
#11691=IFCFACEOUTERBOUND(#11690,.T.);
#11692=IFCFACE((#11691));
#11693=IFCPOLYLOOP((#10397,#10398,#10403));
#11694=IFCFACEOUTERBOUND(#11693,.T.);
#11695=IFCFACE((#11694));
#11696=IFCPOLYLOOP((#10379,#10399,#10412));
#11697=IFCFACEOUTERBOUND(#11696,.T.);
#11698=IFCFACE((#11697));
#11699=IFCPOLYLOOP((#10408,#10387,#10388));
#11700=IFCFACEOUTERBOUND(#11699,.T.);
#11701=IFCFACE((#11700));
#11702=IFCPOLYLOOP((#10403,#10396,#10405));
#11703=IFCFACEOUTERBOUND(#11702,.T.);
#11704=IFCFACE((#11703));
#11705=IFCPOLYLOOP((#10417,#10389,#10424));
#11706=IFCFACEOUTERBOUND(#11705,.T.);
#11707=IFCFACE((#11706));
#11708=IFCPOLYLOOP((#10396,#10403,#10402));
#11709=IFCFACEOUTERBOUND(#11708,.T.);
#11710=IFCFACE((#11709));
#11711=IFCPOLYLOOP((#10404,#10403,#10398));
#11712=IFCFACEOUTERBOUND(#11711,.T.);
#11713=IFCFACE((#11712));
#11714=IFCPOLYLOOP((#10398,#10385,#10404));
#11715=IFCFACEOUTERBOUND(#11714,.T.);
#11716=IFCFACE((#11715));
#11717=IFCPOLYLOOP((#10404,#10385,#10423));
#11718=IFCFACEOUTERBOUND(#11717,.T.);
#11719=IFCFACE((#11718));
#11720=IFCPOLYLOOP((#10407,#10380,#10422));
#11721=IFCFACEOUTERBOUND(#11720,.T.);
#11722=IFCFACE((#11721));
#11723=IFCPOLYLOOP((#10405,#10396,#10407));
#11724=IFCFACEOUTERBOUND(#11723,.T.);
#11725=IFCFACE((#11724));
#11726=IFCPOLYLOOP((#10380,#10421,#10422));
#11727=IFCFACEOUTERBOUND(#11726,.T.);
#11728=IFCFACE((#11727));
#11729=IFCPOLYLOOP((#10406,#10397,#10405));
#11730=IFCFACEOUTERBOUND(#11729,.T.);
#11731=IFCFACE((#11730));
#11732=IFCPOLYLOOP((#10408,#10388,#10412));
#11733=IFCFACEOUTERBOUND(#11732,.T.);
#11734=IFCFACE((#11733));
#11735=IFCPOLYLOOP((#10377,#10412,#10388));
#11736=IFCFACEOUTERBOUND(#11735,.T.);
#11737=IFCFACE((#11736));
#11738=IFCPOLYLOOP((#10408,#10410,#10387));
#11739=IFCFACEOUTERBOUND(#11738,.T.);
#11740=IFCFACE((#11739));
#11741=IFCPOLYLOOP((#10386,#10409,#10410));
#11742=IFCFACEOUTERBOUND(#11741,.T.);
#11743=IFCFACE((#11742));
#11744=IFCPOLYLOOP((#10385,#10411,#10423));
#11745=IFCFACEOUTERBOUND(#11744,.T.);
#11746=IFCFACE((#11745));
#11747=IFCPOLYLOOP((#10382,#10423,#10409));
#11748=IFCFACEOUTERBOUND(#11747,.T.);
#11749=IFCFACE((#11748));
#11750=IFCPOLYLOOP((#10411,#10387,#10410));
#11751=IFCFACEOUTERBOUND(#11750,.T.);
#11752=IFCFACE((#11751));
#11753=IFCPOLYLOOP((#10379,#10412,#10378));
#11754=IFCFACEOUTERBOUND(#11753,.T.);
#11755=IFCFACE((#11754));
#11756=IFCPOLYLOOP((#10414,#10413,#10384));
#11757=IFCFACEOUTERBOUND(#11756,.T.);
#11758=IFCFACE((#11757));
#11759=IFCPOLYLOOP((#10401,#10413,#10381));
#11760=IFCFACEOUTERBOUND(#11759,.T.);
#11761=IFCFACE((#11760));
#11762=IFCPOLYLOOP((#10416,#10393,#10418));
#11763=IFCFACEOUTERBOUND(#11762,.T.);
#11764=IFCFACE((#11763));
#11765=IFCPOLYLOOP((#10395,#10381,#10414));
#11766=IFCFACEOUTERBOUND(#11765,.T.);
#11767=IFCFACE((#11766));
#11768=IFCPOLYLOOP((#10414,#10384,#10415));
#11769=IFCFACEOUTERBOUND(#11768,.T.);
#11770=IFCFACE((#11769));
#11771=IFCPOLYLOOP((#10416,#10415,#10393));
#11772=IFCFACEOUTERBOUND(#11771,.T.);
#11773=IFCFACE((#11772));
#11774=IFCPOLYLOOP((#10414,#10416,#10395));
#11775=IFCFACEOUTERBOUND(#11774,.T.);
#11776=IFCFACE((#11775));
#11777=IFCPOLYLOOP((#10389,#10417,#10401));
#11778=IFCFACEOUTERBOUND(#11777,.T.);
#11779=IFCFACE((#11778));
#11780=IFCPOLYLOOP((#10390,#10391,#10417));
#11781=IFCFACEOUTERBOUND(#11780,.T.);
#11782=IFCFACE((#11781));
#11783=IFCPOLYLOOP((#10421,#10420,#10383));
#11784=IFCFACEOUTERBOUND(#11783,.T.);
#11785=IFCFACE((#11784));
#11786=IFCPOLYLOOP((#10418,#10393,#10420));
#11787=IFCFACEOUTERBOUND(#11786,.T.);
#11788=IFCFACE((#11787));
#11789=IFCPOLYLOOP((#10421,#10380,#10419));
#11790=IFCFACEOUTERBOUND(#11789,.T.);
#11791=IFCFACE((#11790));
#11792=IFCPOLYLOOP((#10419,#10394,#10418));
#11793=IFCFACEOUTERBOUND(#11792,.T.);
#11794=IFCFACE((#11793));
#11795=IFCPOLYLOOP((#10421,#10383,#10422));
#11796=IFCFACEOUTERBOUND(#11795,.T.);
#11797=IFCFACE((#11796));
#11798=IFCPOLYLOOP((#10418,#10421,#10419));
#11799=IFCFACEOUTERBOUND(#11798,.T.);
#11800=IFCFACE((#11799));
#11801=IFCPOLYLOOP((#10383,#10406,#10422));
#11802=IFCFACEOUTERBOUND(#11801,.T.);
#11803=IFCFACE((#11802));
#11804=IFCPOLYLOOP((#10422,#10406,#10426));
#11805=IFCFACEOUTERBOUND(#11804,.T.);
#11806=IFCFACE((#11805));
#11807=IFCPOLYLOOP((#10423,#10411,#10410));
#11808=IFCFACEOUTERBOUND(#11807,.T.);
#11809=IFCFACE((#11808));
#11810=IFCPOLYLOOP((#10404,#10423,#10382));
#11811=IFCFACEOUTERBOUND(#11810,.T.);
#11812=IFCFACE((#11811));
#11813=IFCPOLYLOOP((#10417,#10424,#10390));
#11814=IFCFACEOUTERBOUND(#11813,.T.);
#11815=IFCFACE((#11814));
#11816=IFCPOLYLOOP((#10392,#10424,#10389));
#11817=IFCFACEOUTERBOUND(#11816,.T.);
#11818=IFCFACE((#11817));
#11819=IFCPOLYLOOP((#10331,#10425,#10392));
#11820=IFCFACEOUTERBOUND(#11819,.T.);
#11821=IFCFACE((#11820));
#11822=IFCPOLYLOOP((#10329,#10425,#10330));
#11823=IFCFACEOUTERBOUND(#11822,.T.);
#11824=IFCFACE((#11823));
#11825=IFCPOLYLOOP((#10422,#10426,#10407));
#11826=IFCFACEOUTERBOUND(#11825,.T.);
#11827=IFCFACE((#11826));
#11828=IFCPOLYLOOP((#10406,#10405,#10426));
#11829=IFCFACEOUTERBOUND(#11828,.T.);
#11830=IFCFACE((#11829));
#11831=IFCPOLYLOOP((#10458,#10476,#10477));
#11832=IFCFACEOUTERBOUND(#11831,.T.);
#11833=IFCFACE((#11832));
#11834=IFCPOLYLOOP((#10521,#10446,#10555));
#11835=IFCFACEOUTERBOUND(#11834,.T.);
#11836=IFCFACE((#11835));
#11837=IFCPOLYLOOP((#10590,#10565,#10525));
#11838=IFCFACEOUTERBOUND(#11837,.T.);
#11839=IFCFACE((#11838));
#11840=IFCPOLYLOOP((#10541,#10464,#10595));
#11841=IFCFACEOUTERBOUND(#11840,.T.);
#11842=IFCFACE((#11841));
#11843=IFCPOLYLOOP((#10478,#10499,#10507));
#11844=IFCFACEOUTERBOUND(#11843,.T.);
#11845=IFCFACE((#11844));
#11846=IFCPOLYLOOP((#10474,#10443,#10479));
#11847=IFCFACEOUTERBOUND(#11846,.T.);
#11848=IFCFACE((#11847));
#11849=IFCPOLYLOOP((#10527,#10490,#10569,#10451));
#11850=IFCFACEOUTERBOUND(#11849,.T.);
#11851=IFCFACE((#11850));
#11852=IFCPOLYLOOP((#10508,#10511,#10510));
#11853=IFCFACEOUTERBOUND(#11852,.T.);
#11854=IFCFACE((#11853));
#11855=IFCPOLYLOOP((#10471,#10470,#10456,#10472));
#11856=IFCFACEOUTERBOUND(#11855,.T.);
#11857=IFCFACE((#11856));
#11858=IFCPOLYLOOP((#10598,#10603,#10602,#10467));
#11859=IFCFACEOUTERBOUND(#11858,.T.);
#11860=IFCFACE((#11859));
#11861=IFCPOLYLOOP((#10592,#10593,#10535));
#11862=IFCFACEOUTERBOUND(#11861,.T.);
#11863=IFCFACE((#11862));
#11864=IFCPOLYLOOP((#10510,#10511,#10509));
#11865=IFCFACEOUTERBOUND(#11864,.T.);
#11866=IFCFACE((#11865));
#11867=IFCPOLYLOOP((#10594,#10589,#10534));
#11868=IFCFACEOUTERBOUND(#11867,.T.);
#11869=IFCFACE((#11868));
#11870=IFCPOLYLOOP((#10566,#10563,#10524));
#11871=IFCFACEOUTERBOUND(#11870,.T.);
#11872=IFCFACE((#11871));
#11873=IFCPOLYLOOP((#10501,#10441,#10499));
#11874=IFCFACEOUTERBOUND(#11873,.T.);
#11875=IFCFACE((#11874));
#11876=IFCPOLYLOOP((#10531,#10581,#10494));
#11877=IFCFACEOUTERBOUND(#11876,.T.);
#11878=IFCFACE((#11877));
#11879=IFCPOLYLOOP((#10443,#10474,#10472));
#11880=IFCFACEOUTERBOUND(#11879,.T.);
#11881=IFCFACE((#11880));
#11882=IFCPOLYLOOP((#10475,#10427,#10428));
#11883=IFCFACEOUTERBOUND(#11882,.T.);
#11884=IFCFACE((#11883));
#11885=IFCPOLYLOOP((#10341,#10340,#10470));
#11886=IFCFACEOUTERBOUND(#11885,.T.);
#11887=IFCFACE((#11886));
#11888=IFCPOLYLOOP((#10550,#10547,#10518));
#11889=IFCFACEOUTERBOUND(#11888,.T.);
#11890=IFCFACE((#11889));
#11891=IFCPOLYLOOP((#10585,#10586,#10533));
#11892=IFCFACEOUTERBOUND(#11891,.T.);
#11893=IFCFACE((#11892));
#11894=IFCPOLYLOOP((#10554,#10549,#10519));
#11895=IFCFACEOUTERBOUND(#11894,.T.);
#11896=IFCFACE((#11895));
#11897=IFCPOLYLOOP((#10556,#10552,#10520));
#11898=IFCFACEOUTERBOUND(#11897,.T.);
#11899=IFCFACE((#11898));
#11900=IFCPOLYLOOP((#10603,#10598,#10544));
#11901=IFCFACEOUTERBOUND(#11900,.T.);
#11902=IFCFACE((#11901));
#11903=IFCPOLYLOOP((#10529,#10576,#10492));
#11904=IFCFACEOUTERBOUND(#11903,.T.);
#11905=IFCFACE((#11904));
#11906=IFCPOLYLOOP((#10529,#10492,#10574,#10450));
#11907=IFCFACEOUTERBOUND(#11906,.T.);
#11908=IFCFACE((#11907));
#11909=IFCPOLYLOOP((#10527,#10571,#10490));
#11910=IFCFACEOUTERBOUND(#11909,.T.);
#11911=IFCFACE((#11910));
#11912=IFCPOLYLOOP((#10471,#10468,#10341));
#11913=IFCFACEOUTERBOUND(#11912,.T.);
#11914=IFCFACE((#11913));
#11915=IFCPOLYLOOP((#10475,#10476,#10458));
#11916=IFCFACEOUTERBOUND(#11915,.T.);
#11917=IFCFACE((#11916));
#11918=IFCPOLYLOOP((#10477,#10508,#10452));
#11919=IFCFACEOUTERBOUND(#11918,.T.);
#11920=IFCFACE((#11919));
#11921=IFCPOLYLOOP((#10455,#10471,#10474));
#11922=IFCFACEOUTERBOUND(#11921,.T.);
#11923=IFCFACE((#11922));
#11924=IFCPOLYLOOP((#10453,#10508,#10477));
#11925=IFCFACEOUTERBOUND(#11924,.T.);
#11926=IFCFACE((#11925));
#11927=IFCPOLYLOOP((#10428,#10476,#10475));
#11928=IFCFACEOUTERBOUND(#11927,.T.);
#11929=IFCFACE((#11928));
#11930=IFCPOLYLOOP((#10504,#10505,#10461));
#11931=IFCFACEOUTERBOUND(#11930,.T.);
#11932=IFCFACE((#11931));
#11933=IFCPOLYLOOP((#10531,#10494,#10579,#10460));
#11934=IFCFACEOUTERBOUND(#11933,.T.);
#11935=IFCFACE((#11934));
#11936=IFCPOLYLOOP((#10504,#10503,#10502));
#11937=IFCFACEOUTERBOUND(#11936,.T.);
#11938=IFCFACE((#11937));
#11939=IFCPOLYLOOP((#10596,#10597,#10541));
#11940=IFCFACEOUTERBOUND(#11939,.T.);
#11941=IFCFACE((#11940));
#11942=IFCPOLYLOOP((#10587,#10583,#10532));
#11943=IFCFACEOUTERBOUND(#11942,.T.);
#11944=IFCFACE((#11943));
#11945=IFCPOLYLOOP((#10585,#10543,#10515));
#11946=IFCFACEOUTERBOUND(#11945,.T.);
#11947=IFCFACE((#11946));
#11948=IFCPOLYLOOP((#10523,#10561,#10486));
#11949=IFCFACEOUTERBOUND(#11948,.T.);
#11950=IFCFACE((#11949));
#11951=IFCPOLYLOOP((#10523,#10486,#10559,#10466));
#11952=IFCFACEOUTERBOUND(#11951,.T.);
#11953=IFCFACE((#11952));
#11954=IFCPOLYLOOP((#10433,#10551,#10599,#10598));
#11955=IFCFACEOUTERBOUND(#11954,.T.);
#11956=IFCFACE((#11955));
#11957=IFCPOLYLOOP((#10468,#10342,#10341));
#11958=IFCFACEOUTERBOUND(#11957,.T.);
#11959=IFCFACE((#11958));
#11960=IFCPOLYLOOP((#10428,#10429,#10469));
#11961=IFCFACEOUTERBOUND(#11960,.T.);
#11962=IFCFACE((#11961));
#11963=IFCPOLYLOOP((#10470,#10471,#10341));
#11964=IFCFACEOUTERBOUND(#11963,.T.);
#11965=IFCFACE((#11964));
#11966=IFCPOLYLOOP((#10455,#10468,#10471));
#11967=IFCFACEOUTERBOUND(#11966,.T.);
#11968=IFCFACE((#11967));
#11969=IFCPOLYLOOP((#10474,#10442,#10473,#10455));
#11970=IFCFACEOUTERBOUND(#11969,.T.);
#11971=IFCFACE((#11970));
#11972=IFCPOLYLOOP((#10474,#10471,#10472));
#11973=IFCFACEOUTERBOUND(#11972,.T.);
#11974=IFCFACE((#11973));
#11975=IFCPOLYLOOP((#10596,#10546,#10518));
#11976=IFCFACEOUTERBOUND(#11975,.T.);
#11977=IFCFACE((#11976));
#11978=IFCPOLYLOOP((#10476,#10428,#10469));
#11979=IFCFACEOUTERBOUND(#11978,.T.);
#11980=IFCFACE((#11979));
#11981=IFCPOLYLOOP((#10469,#10457,#10476));
#11982=IFCFACEOUTERBOUND(#11981,.T.);
#11983=IFCFACE((#11982));
#11984=IFCPOLYLOOP((#10477,#10476,#10457));
#11985=IFCFACEOUTERBOUND(#11984,.T.);
#11986=IFCFACE((#11985));
#11987=IFCPOLYLOOP((#10453,#10477,#10457));
#11988=IFCFACEOUTERBOUND(#11987,.T.);
#11989=IFCFACE((#11988));
#11990=IFCPOLYLOOP((#10477,#10452,#10517,#10458));
#11991=IFCFACEOUTERBOUND(#11990,.T.);
#11992=IFCFACE((#11991));
#11993=IFCPOLYLOOP((#10474,#10479,#10442));
#11994=IFCFACEOUTERBOUND(#11993,.T.);
#11995=IFCFACE((#11994));
#11996=IFCPOLYLOOP((#10479,#10443,#10500));
#11997=IFCFACEOUTERBOUND(#11996,.T.);
#11998=IFCFACE((#11997));
#11999=IFCPOLYLOOP((#10499,#10440,#10501));
#12000=IFCFACEOUTERBOUND(#11999,.T.);
#12001=IFCFACE((#12000));
#12002=IFCPOLYLOOP((#10499,#10441,#10480));
#12003=IFCFACEOUTERBOUND(#12002,.T.);
#12004=IFCFACE((#12003));
#12005=IFCPOLYLOOP((#10479,#10507,#10442));
#12006=IFCFACEOUTERBOUND(#12005,.T.);
#12007=IFCFACE((#12006));
#12008=IFCPOLYLOOP((#10519,#10481,#10548,#10446));
#12009=IFCFACEOUTERBOUND(#12008,.T.);
#12010=IFCFACE((#12009));
#12011=IFCPOLYLOOP((#10599,#10551,#10520));
#12012=IFCFACEOUTERBOUND(#12011,.T.);
#12013=IFCFACE((#12012));
#12014=IFCPOLYLOOP((#10521,#10483,#10553));
#12015=IFCFACEOUTERBOUND(#12014,.T.);
#12016=IFCFACE((#12015));
#12017=IFCPOLYLOOP((#10557,#10561,#10560,#10485));
#12018=IFCFACEOUTERBOUND(#12017,.T.);
#12019=IFCFACE((#12018));
#12020=IFCPOLYLOOP((#10561,#10557,#10522));
#12021=IFCFACEOUTERBOUND(#12020,.T.);
#12022=IFCFACE((#12021));
#12023=IFCPOLYLOOP((#10524,#10435,#10562,#10487));
#12024=IFCFACEOUTERBOUND(#12023,.T.);
#12025=IFCFACE((#12024));
#12026=IFCPOLYLOOP((#10525,#10487,#10564,#10439));
#12027=IFCFACEOUTERBOUND(#12026,.T.);
#12028=IFCFACE((#12027));
#12029=IFCPOLYLOOP((#10489,#10526,#10571));
#12030=IFCFACEOUTERBOUND(#12029,.T.);
#12031=IFCFACE((#12030));
#12032=IFCPOLYLOOP((#10526,#10489,#10567,#10431));
#12033=IFCFACEOUTERBOUND(#12032,.T.);
#12034=IFCFACE((#12033));
#12035=IFCPOLYLOOP((#10572,#10576,#10575,#10491));
#12036=IFCFACEOUTERBOUND(#12035,.T.);
#12037=IFCFACE((#12036));
#12038=IFCPOLYLOOP((#10576,#10572,#10528));
#12039=IFCFACEOUTERBOUND(#12038,.T.);
#12040=IFCFACE((#12039));
#12041=IFCPOLYLOOP((#10493,#10530,#10581));
#12042=IFCFACEOUTERBOUND(#12041,.T.);
#12043=IFCFACE((#12042));
#12044=IFCPOLYLOOP((#10530,#10493,#10577,#10434));
#12045=IFCFACEOUTERBOUND(#12044,.T.);
#12046=IFCFACE((#12045));
#12047=IFCPOLYLOOP((#10532,#10432,#10582,#10495));
#12048=IFCFACEOUTERBOUND(#12047,.T.);
#12049=IFCFACE((#12048));
#12050=IFCPOLYLOOP((#10533,#10495,#10584,#10463));
#12051=IFCFACEOUTERBOUND(#12050,.T.);
#12052=IFCFACE((#12051));
#12053=IFCPOLYLOOP((#10534,#10439,#10588,#10497));
#12054=IFCFACEOUTERBOUND(#12053,.T.);
#12055=IFCFACE((#12054));
#12056=IFCPOLYLOOP((#10535,#10497,#10591,#10436));
#12057=IFCFACEOUTERBOUND(#12056,.T.);
#12058=IFCFACE((#12057));
#12059=IFCPOLYLOOP((#10507,#10499,#10480));
#12060=IFCFACEOUTERBOUND(#12059,.T.);
#12061=IFCFACE((#12060));
#12062=IFCPOLYLOOP((#10499,#10478,#10536,#10440));
#12063=IFCFACEOUTERBOUND(#12062,.T.);
#12064=IFCFACE((#12063));
#12065=IFCPOLYLOOP((#10505,#10460,#10537,#10461));
#12066=IFCFACEOUTERBOUND(#12065,.T.);
#12067=IFCFACE((#12066));
#12068=IFCPOLYLOOP((#10507,#10500,#10478));
#12069=IFCFACEOUTERBOUND(#12068,.T.);
#12070=IFCFACE((#12069));
#12071=IFCPOLYLOOP((#10504,#10506,#10501));
#12072=IFCFACEOUTERBOUND(#12071,.T.);
#12073=IFCFACE((#12072));
#12074=IFCPOLYLOOP((#10501,#10503,#10504));
#12075=IFCFACEOUTERBOUND(#12074,.T.);
#12076=IFCFACE((#12075));
#12077=IFCPOLYLOOP((#10501,#10440,#10503));
#12078=IFCFACEOUTERBOUND(#12077,.T.);
#12079=IFCFACE((#12078));
#12080=IFCPOLYLOOP((#10504,#10502,#10505));
#12081=IFCFACEOUTERBOUND(#12080,.T.);
#12082=IFCFACE((#12081));
#12083=IFCPOLYLOOP((#10442,#10507,#10480));
#12084=IFCFACEOUTERBOUND(#12083,.T.);
#12085=IFCFACE((#12084));
#12086=IFCPOLYLOOP((#10505,#10502,#10538,#10459));
#12087=IFCFACEOUTERBOUND(#12086,.T.);
#12088=IFCFACE((#12087));
#12089=IFCPOLYLOOP((#10531,#10505,#10459));
#12090=IFCFACEOUTERBOUND(#12089,.T.);
#12091=IFCFACE((#12090));
#12092=IFCPOLYLOOP((#10506,#10504,#10461));
#12093=IFCFACEOUTERBOUND(#12092,.T.);
#12094=IFCFACE((#12093));
#12095=IFCPOLYLOOP((#10506,#10441,#10501));
#12096=IFCFACEOUTERBOUND(#12095,.T.);
#12097=IFCFACE((#12096));
#12098=IFCPOLYLOOP((#10500,#10507,#10479));
#12099=IFCFACEOUTERBOUND(#12098,.T.);
#12100=IFCFACE((#12099));
#12101=IFCPOLYLOOP((#10511,#10513,#10454));
#12102=IFCFACEOUTERBOUND(#12101,.T.);
#12103=IFCFACE((#12102));
#12104=IFCPOLYLOOP((#10454,#10512,#10511));
#12105=IFCFACEOUTERBOUND(#12104,.T.);
#12106=IFCFACE((#12105));
#12107=IFCPOLYLOOP((#10511,#10512,#10509));
#12108=IFCFACEOUTERBOUND(#12107,.T.);
#12109=IFCFACE((#12108));
#12110=IFCPOLYLOOP((#10513,#10511,#10508));
#12111=IFCFACEOUTERBOUND(#12110,.T.);
#12112=IFCFACE((#12111));
#12113=IFCPOLYLOOP((#10510,#10452,#10508));
#12114=IFCFACEOUTERBOUND(#12113,.T.);
#12115=IFCFACE((#12114));
#12116=IFCPOLYLOOP((#10512,#10454,#10539,#10437));
#12117=IFCFACEOUTERBOUND(#12116,.T.);
#12118=IFCFACE((#12117));
#12119=IFCPOLYLOOP((#10589,#10594,#10498));
#12120=IFCFACEOUTERBOUND(#12119,.T.);
#12121=IFCFACE((#12120));
#12122=IFCPOLYLOOP((#10592,#10540,#10512));
#12123=IFCFACEOUTERBOUND(#12122,.T.);
#12124=IFCFACE((#12123));
#12125=IFCPOLYLOOP((#10508,#10453,#10513));
#12126=IFCFACEOUTERBOUND(#12125,.T.);
#12127=IFCFACE((#12126));
#12128=IFCPOLYLOOP((#10583,#10587,#10496));
#12129=IFCFACEOUTERBOUND(#12128,.T.);
#12130=IFCFACE((#12129));
#12131=IFCPOLYLOOP((#10515,#10514,#10542,#10462));
#12132=IFCFACEOUTERBOUND(#12131,.T.);
#12133=IFCFACE((#12132));
#12134=IFCPOLYLOOP((#10541,#10515,#10464));
#12135=IFCFACEOUTERBOUND(#12134,.T.);
#12136=IFCFACE((#12135));
#12137=IFCPOLYLOOP((#10481,#10519,#10550));
#12138=IFCFACEOUTERBOUND(#12137,.T.);
#12139=IFCFACE((#12138));
#12140=IFCPOLYLOOP((#10545,#10516,#10601,#10465));
#12141=IFCFACEOUTERBOUND(#12140,.T.);
#12142=IFCFACE((#12141));
#12143=IFCPOLYLOOP((#10430,#10599,#10520));
#12144=IFCFACEOUTERBOUND(#12143,.T.);
#12145=IFCFACE((#12144));
#12146=IFCPOLYLOOP((#10552,#10556,#10555,#10484));
#12147=IFCFACEOUTERBOUND(#12146,.T.);
#12148=IFCFACE((#12147));
#12149=IFCPOLYLOOP((#10519,#10549,#10550));
#12150=IFCFACEOUTERBOUND(#12149,.T.);
#12151=IFCFACE((#12150));
#12152=IFCPOLYLOOP((#10483,#10521,#10556));
#12153=IFCFACEOUTERBOUND(#12152,.T.);
#12154=IFCFACE((#12153));
#12155=IFCPOLYLOOP((#10599,#10430,#10544));
#12156=IFCFACEOUTERBOUND(#12155,.T.);
#12157=IFCFACE((#12156));
#12158=IFCPOLYLOOP((#10553,#10554,#10521));
#12159=IFCFACEOUTERBOUND(#12158,.T.);
#12160=IFCFACE((#12159));
#12161=IFCPOLYLOOP((#10521,#10555,#10556));
#12162=IFCFACEOUTERBOUND(#12161,.T.);
#12163=IFCFACE((#12162));
#12164=IFCPOLYLOOP((#10528,#10522,#10449));
#12165=IFCFACEOUTERBOUND(#12164,.T.);
#12166=IFCFACE((#12165));
#12167=IFCPOLYLOOP((#10522,#10448,#10558,#10486));
#12168=IFCFACEOUTERBOUND(#12167,.T.);
#12169=IFCFACE((#12168));
#12170=IFCPOLYLOOP((#10545,#10523,#10466));
#12171=IFCFACEOUTERBOUND(#12170,.T.);
#12172=IFCFACE((#12171));
#12173=IFCPOLYLOOP((#10523,#10465,#10560));
#12174=IFCFACEOUTERBOUND(#12173,.T.);
#12175=IFCFACE((#12174));
#12176=IFCPOLYLOOP((#10487,#10525,#10566));
#12177=IFCFACEOUTERBOUND(#12176,.T.);
#12178=IFCFACE((#12177));
#12179=IFCPOLYLOOP((#10532,#10524,#10432));
#12180=IFCFACEOUTERBOUND(#12179,.T.);
#12181=IFCFACE((#12180));
#12182=IFCPOLYLOOP((#10439,#10534,#10590));
#12183=IFCFACEOUTERBOUND(#12182,.T.);
#12184=IFCFACE((#12183));
#12185=IFCPOLYLOOP((#10566,#10525,#10488));
#12186=IFCFACEOUTERBOUND(#12185,.T.);
#12187=IFCFACE((#12186));
#12188=IFCPOLYLOOP((#10530,#10526,#10431));
#12189=IFCFACEOUTERBOUND(#12188,.T.);
#12190=IFCFACE((#12189));
#12191=IFCPOLYLOOP((#10526,#10434,#10568));
#12192=IFCFACEOUTERBOUND(#12191,.T.);
#12193=IFCFACE((#12192));
#12194=IFCPOLYLOOP((#10529,#10527,#10451));
#12195=IFCFACEOUTERBOUND(#12194,.T.);
#12196=IFCFACE((#12195));
#12197=IFCPOLYLOOP((#10527,#10450,#10570));
#12198=IFCFACEOUTERBOUND(#12197,.T.);
#12199=IFCFACE((#12198));
#12200=IFCPOLYLOOP((#10522,#10528,#10448));
#12201=IFCFACEOUTERBOUND(#12200,.T.);
#12202=IFCFACE((#12201));
#12203=IFCPOLYLOOP((#10528,#10449,#10573));
#12204=IFCFACEOUTERBOUND(#12203,.T.);
#12205=IFCFACE((#12204));
#12206=IFCPOLYLOOP((#10527,#10529,#10450));
#12207=IFCFACEOUTERBOUND(#12206,.T.);
#12208=IFCFACE((#12207));
#12209=IFCPOLYLOOP((#10529,#10451,#10575));
#12210=IFCFACEOUTERBOUND(#12209,.T.);
#12211=IFCFACE((#12210));
#12212=IFCPOLYLOOP((#10526,#10530,#10434));
#12213=IFCFACEOUTERBOUND(#12212,.T.);
#12214=IFCFACE((#12213));
#12215=IFCPOLYLOOP((#10530,#10431,#10578));
#12216=IFCFACEOUTERBOUND(#12215,.T.);
#12217=IFCFACE((#12216));
#12218=IFCPOLYLOOP((#10505,#10531,#10460));
#12219=IFCFACEOUTERBOUND(#12218,.T.);
#12220=IFCFACE((#12219));
#12221=IFCPOLYLOOP((#10531,#10459,#10580));
#12222=IFCFACEOUTERBOUND(#12221,.T.);
#12223=IFCFACE((#12222));
#12224=IFCPOLYLOOP((#10495,#10533,#10587));
#12225=IFCFACEOUTERBOUND(#12224,.T.);
#12226=IFCFACE((#12225));
#12227=IFCPOLYLOOP((#10524,#10532,#10435));
#12228=IFCFACEOUTERBOUND(#12227,.T.);
#12229=IFCFACE((#12228));
#12230=IFCPOLYLOOP((#10533,#10463,#10585));
#12231=IFCFACEOUTERBOUND(#12230,.T.);
#12232=IFCFACE((#12231));
#12233=IFCPOLYLOOP((#10587,#10533,#10496));
#12234=IFCFACEOUTERBOUND(#12233,.T.);
#12235=IFCFACE((#12234));
#12236=IFCPOLYLOOP((#10497,#10535,#10594));
#12237=IFCFACEOUTERBOUND(#12236,.T.);
#12238=IFCFACE((#12237));
#12239=IFCPOLYLOOP((#10590,#10534,#10438));
#12240=IFCFACEOUTERBOUND(#12239,.T.);
#12241=IFCFACE((#12240));
#12242=IFCPOLYLOOP((#10535,#10436,#10592));
#12243=IFCFACEOUTERBOUND(#12242,.T.);
#12244=IFCFACE((#12243));
#12245=IFCPOLYLOOP((#10594,#10535,#10498));
#12246=IFCFACEOUTERBOUND(#12245,.T.);
#12247=IFCFACE((#12246));
#12248=IFCPOLYLOOP((#10595,#10596,#10541));
#12249=IFCFACEOUTERBOUND(#12248,.T.);
#12250=IFCFACE((#12249));
#12251=IFCPOLYLOOP((#10540,#10509,#10512));
#12252=IFCFACEOUTERBOUND(#12251,.T.);
#12253=IFCFACE((#12252));
#12254=IFCPOLYLOOP((#10515,#10541,#10514));
#12255=IFCFACEOUTERBOUND(#12254,.T.);
#12256=IFCFACE((#12255));
#12257=IFCPOLYLOOP((#10544,#10430,#10600,#10516));
#12258=IFCFACEOUTERBOUND(#12257,.T.);
#12259=IFCFACE((#12258));
#12260=IFCPOLYLOOP((#10543,#10464,#10515));
#12261=IFCFACEOUTERBOUND(#12260,.T.);
#12262=IFCFACE((#12261));
#12263=IFCPOLYLOOP((#10603,#10516,#10545));
#12264=IFCFACEOUTERBOUND(#12263,.T.);
#12265=IFCFACE((#12264));
#12266=IFCPOLYLOOP((#10523,#10545,#10465));
#12267=IFCFACEOUTERBOUND(#12266,.T.);
#12268=IFCFACE((#12267));
#12269=IFCPOLYLOOP((#10545,#10466,#10602));
#12270=IFCFACEOUTERBOUND(#12269,.T.);
#12271=IFCFACE((#12270));
#12272=IFCPOLYLOOP((#10547,#10550,#10549,#10482));
#12273=IFCFACEOUTERBOUND(#12272,.T.);
#12274=IFCFACE((#12273));
#12275=IFCPOLYLOOP((#10481,#10518,#10546));
#12276=IFCFACEOUTERBOUND(#12275,.T.);
#12277=IFCFACE((#12276));
#12278=IFCPOLYLOOP((#10547,#10444,#10518));
#12279=IFCFACEOUTERBOUND(#12278,.T.);
#12280=IFCFACE((#12279));
#12281=IFCPOLYLOOP((#10481,#10550,#10518));
#12282=IFCFACEOUTERBOUND(#12281,.T.);
#12283=IFCFACE((#12282));
#12284=IFCPOLYLOOP((#10549,#10554,#10553,#10447));
#12285=IFCFACEOUTERBOUND(#12284,.T.);
#12286=IFCFACE((#12285));
#12287=IFCPOLYLOOP((#10483,#10520,#10551));
#12288=IFCFACEOUTERBOUND(#12287,.T.);
#12289=IFCFACE((#12288));
#12290=IFCPOLYLOOP((#10552,#10430,#10520));
#12291=IFCFACEOUTERBOUND(#12290,.T.);
#12292=IFCFACE((#12291));
#12293=IFCPOLYLOOP((#10446,#10554,#10519));
#12294=IFCFACEOUTERBOUND(#12293,.T.);
#12295=IFCFACE((#12294));
#12296=IFCPOLYLOOP((#10446,#10521,#10554));
#12297=IFCFACEOUTERBOUND(#12296,.T.);
#12298=IFCFACE((#12297));
#12299=IFCPOLYLOOP((#10483,#10556,#10520));
#12300=IFCFACEOUTERBOUND(#12299,.T.);
#12301=IFCFACE((#12300));
#12302=IFCPOLYLOOP((#10486,#10561,#10522));
#12303=IFCFACEOUTERBOUND(#12302,.T.);
#12304=IFCFACE((#12303));
#12305=IFCPOLYLOOP((#10557,#10449,#10522));
#12306=IFCFACEOUTERBOUND(#12305,.T.);
#12307=IFCFACE((#12306));
#12308=IFCPOLYLOOP((#10560,#10561,#10523));
#12309=IFCFACEOUTERBOUND(#12308,.T.);
#12310=IFCFACE((#12309));
#12311=IFCPOLYLOOP((#10563,#10566,#10488));
#12312=IFCFACEOUTERBOUND(#12311,.T.);
#12313=IFCFACE((#12312));
#12314=IFCPOLYLOOP((#10563,#10432,#10524));
#12315=IFCFACEOUTERBOUND(#12314,.T.);
#12316=IFCFACE((#12315));
#12317=IFCPOLYLOOP((#10565,#10488,#10525));
#12318=IFCFACEOUTERBOUND(#12317,.T.);
#12319=IFCFACE((#12318));
#12320=IFCPOLYLOOP((#10487,#10566,#10524));
#12321=IFCFACEOUTERBOUND(#12320,.T.);
#12322=IFCFACE((#12321));
#12323=IFCPOLYLOOP((#10571,#10526,#10568));
#12324=IFCFACEOUTERBOUND(#12323,.T.);
#12325=IFCFACE((#12324));
#12326=IFCPOLYLOOP((#10571,#10568,#10490));
#12327=IFCFACEOUTERBOUND(#12326,.T.);
#12328=IFCFACE((#12327));
#12329=IFCPOLYLOOP((#10571,#10570,#10489));
#12330=IFCFACEOUTERBOUND(#12329,.T.);
#12331=IFCFACE((#12330));
#12332=IFCPOLYLOOP((#10570,#10571,#10527));
#12333=IFCFACEOUTERBOUND(#12332,.T.);
#12334=IFCFACE((#12333));
#12335=IFCPOLYLOOP((#10576,#10528,#10573));
#12336=IFCFACEOUTERBOUND(#12335,.T.);
#12337=IFCFACE((#12336));
#12338=IFCPOLYLOOP((#10572,#10448,#10528));
#12339=IFCFACEOUTERBOUND(#12338,.T.);
#12340=IFCFACE((#12339));
#12341=IFCPOLYLOOP((#10576,#10573,#10492));
#12342=IFCFACEOUTERBOUND(#12341,.T.);
#12343=IFCFACE((#12342));
#12344=IFCPOLYLOOP((#10575,#10576,#10529));
#12345=IFCFACEOUTERBOUND(#12344,.T.);
#12346=IFCFACE((#12345));
#12347=IFCPOLYLOOP((#10581,#10530,#10578));
#12348=IFCFACEOUTERBOUND(#12347,.T.);
#12349=IFCFACE((#12348));
#12350=IFCPOLYLOOP((#10581,#10578,#10494));
#12351=IFCFACEOUTERBOUND(#12350,.T.);
#12352=IFCFACE((#12351));
#12353=IFCPOLYLOOP((#10581,#10580,#10493));
#12354=IFCFACEOUTERBOUND(#12353,.T.);
#12355=IFCFACE((#12354));
#12356=IFCPOLYLOOP((#10580,#10581,#10531));
#12357=IFCFACEOUTERBOUND(#12356,.T.);
#12358=IFCFACE((#12357));
#12359=IFCPOLYLOOP((#10543,#10585,#10463));
#12360=IFCFACEOUTERBOUND(#12359,.T.);
#12361=IFCFACE((#12360));
#12362=IFCPOLYLOOP((#10583,#10435,#10532));
#12363=IFCFACEOUTERBOUND(#12362,.T.);
#12364=IFCFACE((#12363));
#12365=IFCPOLYLOOP((#10462,#10585,#10515));
#12366=IFCFACEOUTERBOUND(#12365,.T.);
#12367=IFCFACE((#12366));
#12368=IFCPOLYLOOP((#10586,#10585,#10462));
#12369=IFCFACEOUTERBOUND(#12368,.T.);
#12370=IFCFACE((#12369));
#12371=IFCPOLYLOOP((#10586,#10496,#10533));
#12372=IFCFACEOUTERBOUND(#12371,.T.);
#12373=IFCFACE((#12372));
#12374=IFCPOLYLOOP((#10495,#10587,#10532));
#12375=IFCFACEOUTERBOUND(#12374,.T.);
#12376=IFCFACE((#12375));
#12377=IFCPOLYLOOP((#10565,#10590,#10438));
#12378=IFCFACEOUTERBOUND(#12377,.T.);
#12379=IFCFACE((#12378));
#12380=IFCPOLYLOOP((#10589,#10438,#10534));
#12381=IFCFACEOUTERBOUND(#12380,.T.);
#12382=IFCFACE((#12381));
#12383=IFCPOLYLOOP((#10439,#10590,#10525));
#12384=IFCFACEOUTERBOUND(#12383,.T.);
#12385=IFCFACE((#12384));
#12386=IFCPOLYLOOP((#10540,#10592,#10436));
#12387=IFCFACEOUTERBOUND(#12386,.T.);
#12388=IFCFACE((#12387));
#12389=IFCPOLYLOOP((#10437,#10592,#10512));
#12390=IFCFACEOUTERBOUND(#12389,.T.);
#12391=IFCFACE((#12390));
#12392=IFCPOLYLOOP((#10593,#10592,#10437));
#12393=IFCFACEOUTERBOUND(#12392,.T.);
#12394=IFCFACE((#12393));
#12395=IFCPOLYLOOP((#10593,#10498,#10535));
#12396=IFCFACEOUTERBOUND(#12395,.T.);
#12397=IFCFACE((#12396));
#12398=IFCPOLYLOOP((#10497,#10594,#10534));
#12399=IFCFACEOUTERBOUND(#12398,.T.);
#12400=IFCFACE((#12399));
#12401=IFCPOLYLOOP((#10546,#10596,#10595,#10445));
#12402=IFCFACEOUTERBOUND(#12401,.T.);
#12403=IFCFACE((#12402));
#12404=IFCPOLYLOOP((#10444,#10596,#10518));
#12405=IFCFACEOUTERBOUND(#12404,.T.);
#12406=IFCFACE((#12405));
#12407=IFCPOLYLOOP((#10597,#10596,#10444));
#12408=IFCFACEOUTERBOUND(#12407,.T.);
#12409=IFCFACE((#12408));
#12410=IFCPOLYLOOP((#10597,#10514,#10541));
#12411=IFCFACEOUTERBOUND(#12410,.T.);
#12412=IFCFACE((#12411));
#12413=IFCPOLYLOOP((#10598,#10599,#10544));
#12414=IFCFACEOUTERBOUND(#12413,.T.);
#12415=IFCFACE((#12414));
#12416=IFCPOLYLOOP((#10516,#10603,#10544));
#12417=IFCFACEOUTERBOUND(#12416,.T.);
#12418=IFCFACE((#12417));
#12419=IFCPOLYLOOP((#10602,#10603,#10545));
#12420=IFCFACEOUTERBOUND(#12419,.T.);
#12421=IFCFACE((#12420));
#12422=IFCPOLYLOOP((#10373,#10342,#10468,#10455,#10473,#10442,#10480,#10441,#10506,#10461,#10537,#10460,#10579,#10494,#10578,#10431,#10567,#10489,#10570,#10450,#10574,#10492,#10573,#10449,#10557,#10485,#10560,#10465,#10601,#10516,#10600,#10430,#10552,#10484,#10555,#10446,#10548,#10481,#10546,#10445,#10595,#10464,#10543,#10463,#10584,#10495,#10582,#10432,#10563,#10488,#10565,#10438,#10589,#10498,#10593,#10437,#10539,#10454,#10513,#10453,#10457,#10469,#10429,#10604));
#12423=IFCFACEOUTERBOUND(#12422,.T.);
#12424=IFCFACE((#12423));
#12425=IFCPOLYLOOP((#10604,#10374,#10373));
#12426=IFCFACEOUTERBOUND(#12425,.T.);
#12427=IFCFACE((#12426));
#12428=IFCPOLYLOOP((#10374,#10604,#10086));
#12429=IFCFACEOUTERBOUND(#12428,.T.);
#12430=IFCFACE((#12429));
#12431=IFCPOLYLOOP((#10324,#10086,#10604));
#12432=IFCFACEOUTERBOUND(#12431,.T.);
#12433=IFCFACE((#12432));
#12434=IFCPOLYLOOP((#10086,#10324,#10325));
#12435=IFCFACEOUTERBOUND(#12434,.T.);
#12436=IFCFACE((#12435));
#12437=IFCPOLYLOOP((#10087,#10325,#10373));
#12438=IFCFACEOUTERBOUND(#12437,.T.);
#12439=IFCFACE((#12438));
#12440=IFCPOLYLOOP((#10325,#10087,#10086));
#12441=IFCFACEOUTERBOUND(#12440,.T.);
#12442=IFCFACE((#12441));
#12443=IFCPOLYLOOP((#10326,#10373,#10374));
#12444=IFCFACEOUTERBOUND(#12443,.T.);
#12445=IFCFACE((#12444));
#12446=IFCPOLYLOOP((#10373,#10326,#10087));
#12447=IFCFACEOUTERBOUND(#12446,.T.);
#12448=IFCFACE((#12447));
#12449=IFCPOLYLOOP((#10375,#10374,#10086,#10085));
#12450=IFCFACEOUTERBOUND(#12449,.T.);
#12451=IFCFACE((#12450));
#12452=IFCPOLYLOOP((#10375,#10376,#10327));
#12453=IFCFACEOUTERBOUND(#12452,.T.);
#12454=IFCFACE((#12453));
#12455=IFCPOLYLOOP((#10376,#10375,#10090));
#12456=IFCFACEOUTERBOUND(#12455,.T.);
#12457=IFCFACE((#12456));
#12458=IFCPOLYLOOP((#10085,#10090,#10375));
#12459=IFCFACEOUTERBOUND(#12458,.T.);
#12460=IFCFACE((#12459));
#12461=IFCPOLYLOOP((#10090,#10085,#10088));
#12462=IFCFACEOUTERBOUND(#12461,.T.);
#12463=IFCFACE((#12462));
#12464=IFCPOLYLOOP((#10091,#10088,#10327));
#12465=IFCFACEOUTERBOUND(#12464,.T.);
#12466=IFCFACE((#12465));
#12467=IFCPOLYLOOP((#10088,#10091,#10090));
#12468=IFCFACEOUTERBOUND(#12467,.T.);
#12469=IFCFACE((#12468));
#12470=IFCPOLYLOOP((#10328,#10327,#10376));
#12471=IFCFACEOUTERBOUND(#12470,.T.);
#12472=IFCFACE((#12471));
#12473=IFCPOLYLOOP((#10327,#10328,#10091));
#12474=IFCFACEOUTERBOUND(#12473,.T.);
#12475=IFCFACE((#12474));
#12476=IFCPOLYLOOP((#10376,#10090,#10089,#10605,#10607,#10377));
#12477=IFCFACEOUTERBOUND(#12476,.T.);
#12478=IFCFACE((#12477));
#12479=IFCPOLYLOOP((#10608,#10610,#10606,#10609));
#12480=IFCFACEOUTERBOUND(#12479,.T.);
#12481=IFCFACE((#12480));
#12482=IFCPOLYLOOP((#10609,#10378,#10611));
#12483=IFCFACEOUTERBOUND(#12482,.T.);
#12484=IFCFACE((#12483));
#12485=IFCPOLYLOOP((#10089,#10094,#10612));
#12486=IFCFACEOUTERBOUND(#12485,.T.);
#12487=IFCFACE((#12486));
#12488=IFCPOLYLOOP((#10608,#10605,#10612));
#12489=IFCFACEOUTERBOUND(#12488,.T.);
#12490=IFCFACE((#12489));
#12491=IFCPOLYLOOP((#10377,#10607,#10611));
#12492=IFCFACEOUTERBOUND(#12491,.T.);
#12493=IFCFACE((#12492));
#12494=IFCPOLYLOOP((#10608,#10607,#10605));
#12495=IFCFACEOUTERBOUND(#12494,.T.);
#12496=IFCFACE((#12495));
#12497=IFCPOLYLOOP((#10610,#10608,#10612));
#12498=IFCFACEOUTERBOUND(#12497,.T.);
#12499=IFCFACE((#12498));
#12500=IFCPOLYLOOP((#10609,#10611,#10608));
#12501=IFCFACEOUTERBOUND(#12500,.T.);
#12502=IFCFACE((#12501));
#12503=IFCPOLYLOOP((#10611,#10607,#10608));
#12504=IFCFACEOUTERBOUND(#12503,.T.);
#12505=IFCFACE((#12504));
#12506=IFCPOLYLOOP((#10609,#10379,#10378));
#12507=IFCFACEOUTERBOUND(#12506,.T.);
#12508=IFCFACE((#12507));
#12509=IFCPOLYLOOP((#10094,#10093,#10610));
#12510=IFCFACEOUTERBOUND(#12509,.T.);
#12511=IFCFACE((#12510));
#12512=IFCPOLYLOOP((#10377,#10611,#10378));
#12513=IFCFACEOUTERBOUND(#12512,.T.);
#12514=IFCFACE((#12513));
#12515=IFCPOLYLOOP((#10089,#10612,#10605));
#12516=IFCFACEOUTERBOUND(#12515,.T.);
#12517=IFCFACE((#12516));
#12518=IFCPOLYLOOP((#10610,#10612,#10094));
#12519=IFCFACEOUTERBOUND(#12518,.T.);
#12520=IFCFACE((#12519));
#12521=IFCPOLYLOOP((#10331,#10427,#10475));
#12522=IFCFACEOUTERBOUND(#12521,.T.);
#12523=IFCFACE((#12522));
#12524=IFCPOLYLOOP((#10340,#10096,#10336));
#12525=IFCFACEOUTERBOUND(#12524,.T.);
#12526=IFCFACE((#12525));
#12527=IFCPOLYLOOP((#10427,#10379,#10609));
#12528=IFCFACEOUTERBOUND(#12527,.T.);
#12529=IFCFACE((#12528));
#12530=IFCPOLYLOOP((#10427,#10331,#10392));
#12531=IFCFACEOUTERBOUND(#12530,.T.);
#12532=IFCFACE((#12531));
#12533=IFCPOLYLOOP((#10096,#10147,#10195));
#12534=IFCFACEOUTERBOUND(#12533,.T.);
#12535=IFCFACE((#12534));
#12536=IFCPOLYLOOP((#10096,#10340,#10354));
#12537=IFCFACEOUTERBOUND(#12536,.T.);
#12538=IFCFACE((#12537));
#12539=IFCPOLYLOOP((#10093,#10146,#10624));
#12540=IFCFACEOUTERBOUND(#12539,.T.);
#12541=IFCFACE((#12540));
#12542=IFCPOLYLOOP((#10146,#10093,#10109));
#12543=IFCFACEOUTERBOUND(#12542,.T.);
#12544=IFCFACE((#12543));
#12545=IFCPOLYLOOP((#10331,#10475,#10458));
#12546=IFCFACEOUTERBOUND(#12545,.T.);
#12547=IFCFACE((#12546));
#12548=IFCPOLYLOOP((#10331,#10458,#10517));
#12549=IFCFACEOUTERBOUND(#12548,.T.);
#12550=IFCFACE((#12549));
#12551=IFCPOLYLOOP((#10331,#10517,#10452));
#12552=IFCFACEOUTERBOUND(#12551,.T.);
#12553=IFCFACE((#12552));
#12554=IFCPOLYLOOP((#10331,#10452,#10510));
#12555=IFCFACEOUTERBOUND(#12554,.T.);
#12556=IFCFACE((#12555));
#12557=IFCPOLYLOOP((#10331,#10510,#10509));
#12558=IFCFACEOUTERBOUND(#12557,.T.);
#12559=IFCFACE((#12558));
#12560=IFCPOLYLOOP((#10331,#10509,#10540));
#12561=IFCFACEOUTERBOUND(#12560,.T.);
#12562=IFCFACE((#12561));
#12563=IFCPOLYLOOP((#10331,#10540,#10436));
#12564=IFCFACEOUTERBOUND(#12563,.T.);
#12565=IFCFACE((#12564));
#12566=IFCPOLYLOOP((#10331,#10436,#10591));
#12567=IFCFACEOUTERBOUND(#12566,.T.);
#12568=IFCFACE((#12567));
#12569=IFCPOLYLOOP((#10331,#10591,#10497));
#12570=IFCFACEOUTERBOUND(#12569,.T.);
#12571=IFCFACE((#12570));
#12572=IFCPOLYLOOP((#10331,#10497,#10588));
#12573=IFCFACEOUTERBOUND(#12572,.T.);
#12574=IFCFACE((#12573));
#12575=IFCPOLYLOOP((#10331,#10588,#10439));
#12576=IFCFACEOUTERBOUND(#12575,.T.);
#12577=IFCFACE((#12576));
#12578=IFCPOLYLOOP((#10331,#10439,#10564));
#12579=IFCFACEOUTERBOUND(#12578,.T.);
#12580=IFCFACE((#12579));
#12581=IFCPOLYLOOP((#10331,#10564,#10487));
#12582=IFCFACEOUTERBOUND(#12581,.T.);
#12583=IFCFACE((#12582));
#12584=IFCPOLYLOOP((#10331,#10487,#10562));
#12585=IFCFACEOUTERBOUND(#12584,.T.);
#12586=IFCFACE((#12585));
#12587=IFCPOLYLOOP((#10331,#10562,#10435));
#12588=IFCFACEOUTERBOUND(#12587,.T.);
#12589=IFCFACE((#12588));
#12590=IFCPOLYLOOP((#10331,#10435,#10583));
#12591=IFCFACEOUTERBOUND(#12590,.T.);
#12592=IFCFACE((#12591));
#12593=IFCPOLYLOOP((#10331,#10583,#10496));
#12594=IFCFACEOUTERBOUND(#12593,.T.);
#12595=IFCFACE((#12594));
#12596=IFCPOLYLOOP((#10331,#10496,#10586));
#12597=IFCFACEOUTERBOUND(#12596,.T.);
#12598=IFCFACE((#12597));
#12599=IFCPOLYLOOP((#10331,#10586,#10462));
#12600=IFCFACEOUTERBOUND(#12599,.T.);
#12601=IFCFACE((#12600));
#12602=IFCPOLYLOOP((#10331,#10462,#10542));
#12603=IFCFACEOUTERBOUND(#12602,.T.);
#12604=IFCFACE((#12603));
#12605=IFCPOLYLOOP((#10331,#10542,#10514));
#12606=IFCFACEOUTERBOUND(#12605,.T.);
#12607=IFCFACE((#12606));
#12608=IFCPOLYLOOP((#10331,#10514,#10597));
#12609=IFCFACEOUTERBOUND(#12608,.T.);
#12610=IFCFACE((#12609));
#12611=IFCPOLYLOOP((#10331,#10597,#10444));
#12612=IFCFACEOUTERBOUND(#12611,.T.);
#12613=IFCFACE((#12612));
#12614=IFCPOLYLOOP((#10331,#10444,#10547));
#12615=IFCFACEOUTERBOUND(#12614,.T.);
#12616=IFCFACE((#12615));
#12617=IFCPOLYLOOP((#10331,#10547,#10482));
#12618=IFCFACEOUTERBOUND(#12617,.T.);
#12619=IFCFACE((#12618));
#12620=IFCPOLYLOOP((#10331,#10482,#10549));
#12621=IFCFACEOUTERBOUND(#12620,.T.);
#12622=IFCFACE((#12621));
#12623=IFCPOLYLOOP((#10331,#10549,#10447));
#12624=IFCFACEOUTERBOUND(#12623,.T.);
#12625=IFCFACE((#12624));
#12626=IFCPOLYLOOP((#10331,#10447,#10553));
#12627=IFCFACEOUTERBOUND(#12626,.T.);
#12628=IFCFACE((#12627));
#12629=IFCPOLYLOOP((#10331,#10553,#10483));
#12630=IFCFACEOUTERBOUND(#12629,.T.);
#12631=IFCFACE((#12630));
#12632=IFCPOLYLOOP((#10331,#10483,#10551));
#12633=IFCFACEOUTERBOUND(#12632,.T.);
#12634=IFCFACE((#12633));
#12635=IFCPOLYLOOP((#10331,#10551,#10433));
#12636=IFCFACEOUTERBOUND(#12635,.T.);
#12637=IFCFACE((#12636));
#12638=IFCPOLYLOOP((#10331,#10433,#10598));
#12639=IFCFACEOUTERBOUND(#12638,.T.);
#12640=IFCFACE((#12639));
#12641=IFCPOLYLOOP((#10331,#10598,#10467));
#12642=IFCFACEOUTERBOUND(#12641,.T.);
#12643=IFCFACE((#12642));
#12644=IFCPOLYLOOP((#10331,#10467,#10602));
#12645=IFCFACEOUTERBOUND(#12644,.T.);
#12646=IFCFACE((#12645));
#12647=IFCPOLYLOOP((#10331,#10602,#10466));
#12648=IFCFACEOUTERBOUND(#12647,.T.);
#12649=IFCFACE((#12648));
#12650=IFCPOLYLOOP((#10331,#10466,#10559));
#12651=IFCFACEOUTERBOUND(#12650,.T.);
#12652=IFCFACE((#12651));
#12653=IFCPOLYLOOP((#10331,#10559,#10486));
#12654=IFCFACEOUTERBOUND(#12653,.T.);
#12655=IFCFACE((#12654));
#12656=IFCPOLYLOOP((#10331,#10486,#10558));
#12657=IFCFACEOUTERBOUND(#12656,.T.);
#12658=IFCFACE((#12657));
#12659=IFCPOLYLOOP((#10331,#10558,#10448));
#12660=IFCFACEOUTERBOUND(#12659,.T.);
#12661=IFCFACE((#12660));
#12662=IFCPOLYLOOP((#10331,#10448,#10572));
#12663=IFCFACEOUTERBOUND(#12662,.T.);
#12664=IFCFACE((#12663));
#12665=IFCPOLYLOOP((#10331,#10572,#10491));
#12666=IFCFACEOUTERBOUND(#12665,.T.);
#12667=IFCFACE((#12666));
#12668=IFCPOLYLOOP((#10331,#10491,#10575));
#12669=IFCFACEOUTERBOUND(#12668,.T.);
#12670=IFCFACE((#12669));
#12671=IFCPOLYLOOP((#10331,#10575,#10451));
#12672=IFCFACEOUTERBOUND(#12671,.T.);
#12673=IFCFACE((#12672));
#12674=IFCPOLYLOOP((#10331,#10451,#10569));
#12675=IFCFACEOUTERBOUND(#12674,.T.);
#12676=IFCFACE((#12675));
#12677=IFCPOLYLOOP((#10331,#10569,#10490));
#12678=IFCFACEOUTERBOUND(#12677,.T.);
#12679=IFCFACE((#12678));
#12680=IFCPOLYLOOP((#10331,#10490,#10568));
#12681=IFCFACEOUTERBOUND(#12680,.T.);
#12682=IFCFACE((#12681));
#12683=IFCPOLYLOOP((#10331,#10568,#10434));
#12684=IFCFACEOUTERBOUND(#12683,.T.);
#12685=IFCFACE((#12684));
#12686=IFCPOLYLOOP((#10331,#10434,#10577));
#12687=IFCFACEOUTERBOUND(#12686,.T.);
#12688=IFCFACE((#12687));
#12689=IFCPOLYLOOP((#10331,#10577,#10493));
#12690=IFCFACEOUTERBOUND(#12689,.T.);
#12691=IFCFACE((#12690));
#12692=IFCPOLYLOOP((#10331,#10493,#10580));
#12693=IFCFACEOUTERBOUND(#12692,.T.);
#12694=IFCFACE((#12693));
#12695=IFCPOLYLOOP((#10331,#10580,#10459));
#12696=IFCFACEOUTERBOUND(#12695,.T.);
#12697=IFCFACE((#12696));
#12698=IFCPOLYLOOP((#10331,#10459,#10538));
#12699=IFCFACEOUTERBOUND(#12698,.T.);
#12700=IFCFACE((#12699));
#12701=IFCPOLYLOOP((#10331,#10538,#10502));
#12702=IFCFACEOUTERBOUND(#12701,.T.);
#12703=IFCFACE((#12702));
#12704=IFCPOLYLOOP((#10331,#10502,#10503));
#12705=IFCFACEOUTERBOUND(#12704,.T.);
#12706=IFCFACE((#12705));
#12707=IFCPOLYLOOP((#10331,#10503,#10440));
#12708=IFCFACEOUTERBOUND(#12707,.T.);
#12709=IFCFACE((#12708));
#12710=IFCPOLYLOOP((#10331,#10440,#10536));
#12711=IFCFACEOUTERBOUND(#12710,.T.);
#12712=IFCFACE((#12711));
#12713=IFCPOLYLOOP((#10331,#10536,#10478));
#12714=IFCFACEOUTERBOUND(#12713,.T.);
#12715=IFCFACE((#12714));
#12716=IFCPOLYLOOP((#10331,#10478,#10500));
#12717=IFCFACEOUTERBOUND(#12716,.T.);
#12718=IFCFACE((#12717));
#12719=IFCPOLYLOOP((#10331,#10500,#10443));
#12720=IFCFACEOUTERBOUND(#12719,.T.);
#12721=IFCFACE((#12720));
#12722=IFCPOLYLOOP((#10331,#10443,#10472));
#12723=IFCFACEOUTERBOUND(#12722,.T.);
#12724=IFCFACE((#12723));
#12725=IFCPOLYLOOP((#10331,#10472,#10456));
#12726=IFCFACEOUTERBOUND(#12725,.T.);
#12727=IFCFACE((#12726));
#12728=IFCPOLYLOOP((#10331,#10456,#10470));
#12729=IFCFACEOUTERBOUND(#12728,.T.);
#12730=IFCFACE((#12729));
#12731=IFCPOLYLOOP((#10331,#10470,#10340));
#12732=IFCFACEOUTERBOUND(#12731,.T.);
#12733=IFCFACE((#12732));
#12734=IFCPOLYLOOP((#10340,#10336,#10333));
#12735=IFCFACEOUTERBOUND(#12734,.T.);
#12736=IFCFACE((#12735));
#12737=IFCPOLYLOOP((#10340,#10333,#10337));
#12738=IFCFACEOUTERBOUND(#12737,.T.);
#12739=IFCFACE((#12738));
#12740=IFCPOLYLOOP((#10340,#10337,#10331));
#12741=IFCFACEOUTERBOUND(#12740,.T.);
#12742=IFCFACE((#12741));
#12743=IFCPOLYLOOP((#10427,#10609,#10606));
#12744=IFCFACEOUTERBOUND(#12743,.T.);
#12745=IFCFACE((#12744));
#12746=IFCPOLYLOOP((#10427,#10606,#10610));
#12747=IFCFACEOUTERBOUND(#12746,.T.);
#12748=IFCFACE((#12747));
#12749=IFCPOLYLOOP((#10427,#10610,#10093));
#12750=IFCFACEOUTERBOUND(#12749,.T.);
#12751=IFCFACE((#12750));
#12752=IFCPOLYLOOP((#10427,#10392,#10389));
#12753=IFCFACEOUTERBOUND(#12752,.T.);
#12754=IFCFACE((#12753));
#12755=IFCPOLYLOOP((#10427,#10389,#10401));
#12756=IFCFACEOUTERBOUND(#12755,.T.);
#12757=IFCFACE((#12756));
#12758=IFCPOLYLOOP((#10427,#10401,#10381));
#12759=IFCFACEOUTERBOUND(#12758,.T.);
#12760=IFCFACE((#12759));
#12761=IFCPOLYLOOP((#10427,#10381,#10395));
#12762=IFCFACEOUTERBOUND(#12761,.T.);
#12763=IFCFACE((#12762));
#12764=IFCPOLYLOOP((#10427,#10395,#10394));
#12765=IFCFACEOUTERBOUND(#12764,.T.);
#12766=IFCFACE((#12765));
#12767=IFCPOLYLOOP((#10427,#10394,#10419));
#12768=IFCFACEOUTERBOUND(#12767,.T.);
#12769=IFCFACE((#12768));
#12770=IFCPOLYLOOP((#10427,#10419,#10380));
#12771=IFCFACEOUTERBOUND(#12770,.T.);
#12772=IFCFACE((#12771));
#12773=IFCPOLYLOOP((#10427,#10380,#10407));
#12774=IFCFACEOUTERBOUND(#12773,.T.);
#12775=IFCFACE((#12774));
#12776=IFCPOLYLOOP((#10427,#10407,#10396));
#12777=IFCFACEOUTERBOUND(#12776,.T.);
#12778=IFCFACE((#12777));
#12779=IFCPOLYLOOP((#10427,#10396,#10402));
#12780=IFCFACEOUTERBOUND(#12779,.T.);
#12781=IFCFACE((#12780));
#12782=IFCPOLYLOOP((#10427,#10402,#10382));
#12783=IFCFACEOUTERBOUND(#12782,.T.);
#12784=IFCFACE((#12783));
#12785=IFCPOLYLOOP((#10427,#10382,#10409));
#12786=IFCFACEOUTERBOUND(#12785,.T.);
#12787=IFCFACE((#12786));
#12788=IFCPOLYLOOP((#10427,#10409,#10386));
#12789=IFCFACEOUTERBOUND(#12788,.T.);
#12790=IFCFACE((#12789));
#12791=IFCPOLYLOOP((#10427,#10386,#10399));
#12792=IFCFACEOUTERBOUND(#12791,.T.);
#12793=IFCFACE((#12792));
#12794=IFCPOLYLOOP((#10427,#10399,#10379));
#12795=IFCFACEOUTERBOUND(#12794,.T.);
#12796=IFCFACE((#12795));
#12797=IFCPOLYLOOP((#10096,#10195,#10178));
#12798=IFCFACEOUTERBOUND(#12797,.T.);
#12799=IFCFACE((#12798));
#12800=IFCPOLYLOOP((#10096,#10178,#10237));
#12801=IFCFACEOUTERBOUND(#12800,.T.);
#12802=IFCFACE((#12801));
#12803=IFCPOLYLOOP((#10096,#10237,#10172));
#12804=IFCFACEOUTERBOUND(#12803,.T.);
#12805=IFCFACE((#12804));
#12806=IFCPOLYLOOP((#10096,#10172,#10230));
#12807=IFCFACEOUTERBOUND(#12806,.T.);
#12808=IFCFACE((#12807));
#12809=IFCPOLYLOOP((#10096,#10230,#10229));
#12810=IFCFACEOUTERBOUND(#12809,.T.);
#12811=IFCFACE((#12810));
#12812=IFCPOLYLOOP((#10096,#10229,#10260));
#12813=IFCFACEOUTERBOUND(#12812,.T.);
#12814=IFCFACE((#12813));
#12815=IFCPOLYLOOP((#10096,#10260,#10156));
#12816=IFCFACEOUTERBOUND(#12815,.T.);
#12817=IFCFACE((#12816));
#12818=IFCPOLYLOOP((#10096,#10156,#10311));
#12819=IFCFACEOUTERBOUND(#12818,.T.);
#12820=IFCFACE((#12819));
#12821=IFCPOLYLOOP((#10096,#10311,#10217));
#12822=IFCFACEOUTERBOUND(#12821,.T.);
#12823=IFCFACE((#12822));
#12824=IFCPOLYLOOP((#10096,#10217,#10308));
#12825=IFCFACEOUTERBOUND(#12824,.T.);
#12826=IFCFACE((#12825));
#12827=IFCPOLYLOOP((#10096,#10308,#10159));
#12828=IFCFACEOUTERBOUND(#12827,.T.);
#12829=IFCFACE((#12828));
#12830=IFCPOLYLOOP((#10096,#10159,#10284));
#12831=IFCFACEOUTERBOUND(#12830,.T.);
#12832=IFCFACE((#12831));
#12833=IFCPOLYLOOP((#10096,#10284,#10207));
#12834=IFCFACEOUTERBOUND(#12833,.T.);
#12835=IFCFACE((#12834));
#12836=IFCPOLYLOOP((#10096,#10207,#10282));
#12837=IFCFACEOUTERBOUND(#12836,.T.);
#12838=IFCFACE((#12837));
#12839=IFCPOLYLOOP((#10096,#10282,#10155));
#12840=IFCFACEOUTERBOUND(#12839,.T.);
#12841=IFCFACE((#12840));
#12842=IFCPOLYLOOP((#10096,#10155,#10303));
#12843=IFCFACEOUTERBOUND(#12842,.T.);
#12844=IFCFACE((#12843));
#12845=IFCPOLYLOOP((#10096,#10303,#10216));
#12846=IFCFACEOUTERBOUND(#12845,.T.);
#12847=IFCFACE((#12846));
#12848=IFCPOLYLOOP((#10096,#10216,#10306));
#12849=IFCFACEOUTERBOUND(#12848,.T.);
#12850=IFCFACE((#12849));
#12851=IFCPOLYLOOP((#10096,#10306,#10182));
#12852=IFCFACEOUTERBOUND(#12851,.T.);
#12853=IFCFACE((#12852));
#12854=IFCPOLYLOOP((#10096,#10182,#10262));
#12855=IFCFACEOUTERBOUND(#12854,.T.);
#12856=IFCFACE((#12855));
#12857=IFCPOLYLOOP((#10096,#10262,#10234));
#12858=IFCFACEOUTERBOUND(#12857,.T.);
#12859=IFCFACE((#12858));
#12860=IFCPOLYLOOP((#10096,#10234,#10317));
#12861=IFCFACEOUTERBOUND(#12860,.T.);
#12862=IFCFACE((#12861));
#12863=IFCPOLYLOOP((#10096,#10317,#10164));
#12864=IFCFACEOUTERBOUND(#12863,.T.);
#12865=IFCFACE((#12864));
#12866=IFCPOLYLOOP((#10096,#10164,#10267));
#12867=IFCFACEOUTERBOUND(#12866,.T.);
#12868=IFCFACE((#12867));
#12869=IFCPOLYLOOP((#10096,#10267,#10202));
#12870=IFCFACEOUTERBOUND(#12869,.T.);
#12871=IFCFACE((#12870));
#12872=IFCPOLYLOOP((#10096,#10202,#10269));
#12873=IFCFACEOUTERBOUND(#12872,.T.);
#12874=IFCFACE((#12873));
#12875=IFCPOLYLOOP((#10096,#10269,#10167));
#12876=IFCFACEOUTERBOUND(#12875,.T.);
#12877=IFCFACE((#12876));
#12878=IFCPOLYLOOP((#10096,#10167,#10273));
#12879=IFCFACEOUTERBOUND(#12878,.T.);
#12880=IFCFACE((#12879));
#12881=IFCPOLYLOOP((#10096,#10273,#10203));
#12882=IFCFACEOUTERBOUND(#12881,.T.);
#12883=IFCFACE((#12882));
#12884=IFCPOLYLOOP((#10096,#10203,#10271));
#12885=IFCFACEOUTERBOUND(#12884,.T.);
#12886=IFCFACE((#12885));
#12887=IFCPOLYLOOP((#10096,#10271,#10153));
#12888=IFCFACEOUTERBOUND(#12887,.T.);
#12889=IFCFACE((#12888));
#12890=IFCPOLYLOOP((#10096,#10153,#10318));
#12891=IFCFACEOUTERBOUND(#12890,.T.);
#12892=IFCFACE((#12891));
#12893=IFCPOLYLOOP((#10096,#10318,#10187));
#12894=IFCFACEOUTERBOUND(#12893,.T.);
#12895=IFCFACE((#12894));
#12896=IFCPOLYLOOP((#10096,#10187,#10322));
#12897=IFCFACEOUTERBOUND(#12896,.T.);
#12898=IFCFACE((#12897));
#12899=IFCPOLYLOOP((#10096,#10322,#10186));
#12900=IFCFACEOUTERBOUND(#12899,.T.);
#12901=IFCFACE((#12900));
#12902=IFCPOLYLOOP((#10096,#10186,#10279));
#12903=IFCFACEOUTERBOUND(#12902,.T.);
#12904=IFCFACE((#12903));
#12905=IFCPOLYLOOP((#10096,#10279,#10206));
#12906=IFCFACEOUTERBOUND(#12905,.T.);
#12907=IFCFACE((#12906));
#12908=IFCPOLYLOOP((#10096,#10206,#10278));
#12909=IFCFACEOUTERBOUND(#12908,.T.);
#12910=IFCFACE((#12909));
#12911=IFCPOLYLOOP((#10096,#10278,#10168));
#12912=IFCFACEOUTERBOUND(#12911,.T.);
#12913=IFCFACE((#12912));
#12914=IFCPOLYLOOP((#10096,#10168,#10292));
#12915=IFCFACEOUTERBOUND(#12914,.T.);
#12916=IFCFACE((#12915));
#12917=IFCPOLYLOOP((#10096,#10292,#10211));
#12918=IFCFACEOUTERBOUND(#12917,.T.);
#12919=IFCFACE((#12918));
#12920=IFCPOLYLOOP((#10096,#10211,#10295));
#12921=IFCFACEOUTERBOUND(#12920,.T.);
#12922=IFCFACE((#12921));
#12923=IFCPOLYLOOP((#10096,#10295,#10171));
#12924=IFCFACEOUTERBOUND(#12923,.T.);
#12925=IFCFACE((#12924));
#12926=IFCPOLYLOOP((#10096,#10171,#10289));
#12927=IFCFACEOUTERBOUND(#12926,.T.);
#12928=IFCFACE((#12927));
#12929=IFCPOLYLOOP((#10096,#10289,#10210));
#12930=IFCFACEOUTERBOUND(#12929,.T.);
#12931=IFCFACE((#12930));
#12932=IFCPOLYLOOP((#10096,#10210,#10288));
#12933=IFCFACEOUTERBOUND(#12932,.T.);
#12934=IFCFACE((#12933));
#12935=IFCPOLYLOOP((#10096,#10288,#10154));
#12936=IFCFACEOUTERBOUND(#12935,.T.);
#12937=IFCFACE((#12936));
#12938=IFCPOLYLOOP((#10096,#10154,#10297));
#12939=IFCFACEOUTERBOUND(#12938,.T.);
#12940=IFCFACE((#12939));
#12941=IFCPOLYLOOP((#10096,#10297,#10213));
#12942=IFCFACEOUTERBOUND(#12941,.T.);
#12943=IFCFACE((#12942));
#12944=IFCPOLYLOOP((#10096,#10213,#10300));
#12945=IFCFACEOUTERBOUND(#12944,.T.);
#12946=IFCFACE((#12945));
#12947=IFCPOLYLOOP((#10096,#10300,#10179));
#12948=IFCFACEOUTERBOUND(#12947,.T.);
#12949=IFCFACE((#12948));
#12950=IFCPOLYLOOP((#10096,#10179,#10258));
#12951=IFCFACEOUTERBOUND(#12950,.T.);
#12952=IFCFACE((#12951));
#12953=IFCPOLYLOOP((#10096,#10258,#10222));
#12954=IFCFACEOUTERBOUND(#12953,.T.);
#12955=IFCFACE((#12954));
#12956=IFCPOLYLOOP((#10096,#10222,#10223));
#12957=IFCFACEOUTERBOUND(#12956,.T.);
#12958=IFCFACE((#12957));
#12959=IFCPOLYLOOP((#10096,#10223,#10160));
#12960=IFCFACEOUTERBOUND(#12959,.T.);
#12961=IFCFACE((#12960));
#12962=IFCPOLYLOOP((#10096,#10160,#10256));
#12963=IFCFACEOUTERBOUND(#12962,.T.);
#12964=IFCFACE((#12963));
#12965=IFCPOLYLOOP((#10096,#10256,#10198));
#12966=IFCFACEOUTERBOUND(#12965,.T.);
#12967=IFCFACE((#12966));
#12968=IFCPOLYLOOP((#10096,#10198,#10220));
#12969=IFCFACEOUTERBOUND(#12968,.T.);
#12970=IFCFACE((#12969));
#12971=IFCPOLYLOOP((#10096,#10220,#10163));
#12972=IFCFACEOUTERBOUND(#12971,.T.);
#12973=IFCFACE((#12972));
#12974=IFCPOLYLOOP((#10096,#10163,#10192));
#12975=IFCFACEOUTERBOUND(#12974,.T.);
#12976=IFCFACE((#12975));
#12977=IFCPOLYLOOP((#10096,#10192,#10176));
#12978=IFCFACEOUTERBOUND(#12977,.T.);
#12979=IFCFACE((#12978));
#12980=IFCPOLYLOOP((#10096,#10176,#10190));
#12981=IFCFACEOUTERBOUND(#12980,.T.);
#12982=IFCFACE((#12981));
#12983=IFCPOLYLOOP((#10096,#10190,#10146));
#12984=IFCFACEOUTERBOUND(#12983,.T.);
#12985=IFCFACE((#12984));
#12986=IFCPOLYLOOP((#10096,#10354,#10349));
#12987=IFCFACEOUTERBOUND(#12986,.T.);
#12988=IFCFACE((#12987));
#12989=IFCPOLYLOOP((#10096,#10349,#10367));
#12990=IFCFACEOUTERBOUND(#12989,.T.);
#12991=IFCFACE((#12990));
#12992=IFCPOLYLOOP((#10096,#10367,#10343));
#12993=IFCFACEOUTERBOUND(#12992,.T.);
#12994=IFCFACE((#12993));
#12995=IFCPOLYLOOP((#10096,#10343,#10362));
#12996=IFCFACEOUTERBOUND(#12995,.T.);
#12997=IFCFACE((#12996));
#12998=IFCPOLYLOOP((#10096,#10362,#10348));
#12999=IFCFACEOUTERBOUND(#12998,.T.);
#13000=IFCFACE((#12999));
#13001=IFCPOLYLOOP((#10096,#10348,#10371));
#13002=IFCFACEOUTERBOUND(#13001,.T.);
#13003=IFCFACE((#13002));
#13004=IFCPOLYLOOP((#10096,#10371,#10347));
#13005=IFCFACEOUTERBOUND(#13004,.T.);
#13006=IFCFACE((#13005));
#13007=IFCPOLYLOOP((#10096,#10347,#10352));
#13008=IFCFACEOUTERBOUND(#13007,.T.);
#13009=IFCFACE((#13008));
#13010=IFCPOLYLOOP((#10096,#10352,#10351));
#13011=IFCFACEOUTERBOUND(#13010,.T.);
#13012=IFCFACE((#13011));
#13013=IFCPOLYLOOP((#10096,#10351,#10358));
#13014=IFCFACEOUTERBOUND(#13013,.T.);
#13015=IFCFACE((#13014));
#13016=IFCPOLYLOOP((#10096,#10358,#10147));
#13017=IFCFACEOUTERBOUND(#13016,.T.);
#13018=IFCFACE((#13017));
#13019=IFCPOLYLOOP((#10093,#10624,#10619));
#13020=IFCFACEOUTERBOUND(#13019,.T.);
#13021=IFCFACE((#13020));
#13022=IFCPOLYLOOP((#10093,#10619,#10637));
#13023=IFCFACEOUTERBOUND(#13022,.T.);
#13024=IFCFACE((#13023));
#13025=IFCPOLYLOOP((#10093,#10637,#10613));
#13026=IFCFACEOUTERBOUND(#13025,.T.);
#13027=IFCFACE((#13026));
#13028=IFCPOLYLOOP((#10093,#10613,#10632));
#13029=IFCFACEOUTERBOUND(#13028,.T.);
#13030=IFCFACE((#13029));
#13031=IFCPOLYLOOP((#10093,#10632,#10618));
#13032=IFCFACEOUTERBOUND(#13031,.T.);
#13033=IFCFACE((#13032));
#13034=IFCPOLYLOOP((#10093,#10618,#10641));
#13035=IFCFACEOUTERBOUND(#13034,.T.);
#13036=IFCFACE((#13035));
#13037=IFCPOLYLOOP((#10093,#10641,#10617));
#13038=IFCFACEOUTERBOUND(#13037,.T.);
#13039=IFCFACE((#13038));
#13040=IFCPOLYLOOP((#10093,#10617,#10622));
#13041=IFCFACEOUTERBOUND(#13040,.T.);
#13042=IFCFACE((#13041));
#13043=IFCPOLYLOOP((#10093,#10622,#10621));
#13044=IFCFACEOUTERBOUND(#13043,.T.);
#13045=IFCFACE((#13044));
#13046=IFCPOLYLOOP((#10093,#10621,#10628));
#13047=IFCFACEOUTERBOUND(#13046,.T.);
#13048=IFCFACE((#13047));
#13049=IFCPOLYLOOP((#10093,#10628,#10427));
#13050=IFCFACEOUTERBOUND(#13049,.T.);
#13051=IFCFACE((#13050));
#13052=IFCPOLYLOOP((#10146,#10109,#10106));
#13053=IFCFACEOUTERBOUND(#13052,.T.);
#13054=IFCFACE((#13053));
#13055=IFCPOLYLOOP((#10146,#10106,#10118));
#13056=IFCFACEOUTERBOUND(#13055,.T.);
#13057=IFCFACE((#13056));
#13058=IFCPOLYLOOP((#10146,#10118,#10098));
#13059=IFCFACEOUTERBOUND(#13058,.T.);
#13060=IFCFACE((#13059));
#13061=IFCPOLYLOOP((#10146,#10098,#10112));
#13062=IFCFACEOUTERBOUND(#13061,.T.);
#13063=IFCFACE((#13062));
#13064=IFCPOLYLOOP((#10146,#10112,#10111));
#13065=IFCFACEOUTERBOUND(#13064,.T.);
#13066=IFCFACE((#13065));
#13067=IFCPOLYLOOP((#10146,#10111,#10136));
#13068=IFCFACEOUTERBOUND(#13067,.T.);
#13069=IFCFACE((#13068));
#13070=IFCPOLYLOOP((#10146,#10136,#10097));
#13071=IFCFACEOUTERBOUND(#13070,.T.);
#13072=IFCFACE((#13071));
#13073=IFCPOLYLOOP((#10146,#10097,#10124));
#13074=IFCFACEOUTERBOUND(#13073,.T.);
#13075=IFCFACE((#13074));
#13076=IFCPOLYLOOP((#10146,#10124,#10113));
#13077=IFCFACEOUTERBOUND(#13076,.T.);
#13078=IFCFACE((#13077));
#13079=IFCPOLYLOOP((#10146,#10113,#10119));
#13080=IFCFACEOUTERBOUND(#13079,.T.);
#13081=IFCFACE((#13080));
#13082=IFCPOLYLOOP((#10146,#10119,#10099));
#13083=IFCFACEOUTERBOUND(#13082,.T.);
#13084=IFCFACE((#13083));
#13085=IFCPOLYLOOP((#10146,#10099,#10126));
#13086=IFCFACEOUTERBOUND(#13085,.T.);
#13087=IFCFACE((#13086));
#13088=IFCPOLYLOOP((#10146,#10126,#10103));
#13089=IFCFACEOUTERBOUND(#13088,.T.);
#13090=IFCFACE((#13089));
#13091=IFCPOLYLOOP((#10146,#10103,#10116));
#13092=IFCFACEOUTERBOUND(#13091,.T.);
#13093=IFCFACE((#13092));
#13094=IFCPOLYLOOP((#10146,#10116,#10096));
#13095=IFCFACEOUTERBOUND(#13094,.T.);
#13096=IFCFACE((#13095));
#13097=IFCPOLYLOOP((#10620,#10625,#10629));
#13098=IFCFACEOUTERBOUND(#13097,.T.);
#13099=IFCFACE((#13098));
#13100=IFCPOLYLOOP((#10641,#10640,#10636));
#13101=IFCFACEOUTERBOUND(#13100,.T.);
#13102=IFCFACE((#13101));
#13103=IFCPOLYLOOP((#10630,#10642,#10623));
#13104=IFCFACEOUTERBOUND(#13103,.T.);
#13105=IFCFACE((#13104));
#13106=IFCPOLYLOOP((#10636,#10615,#10634));
#13107=IFCFACEOUTERBOUND(#13106,.T.);
#13108=IFCFACE((#13107));
#13109=IFCPOLYLOOP((#10616,#10630,#10623));
#13110=IFCFACEOUTERBOUND(#13109,.T.);
#13111=IFCFACE((#13110));
#13112=IFCPOLYLOOP((#10633,#10637,#10630));
#13113=IFCFACEOUTERBOUND(#13112,.T.);
#13114=IFCFACE((#13113));
#13115=IFCPOLYLOOP((#10145,#10627,#10642));
#13116=IFCFACEOUTERBOUND(#13115,.T.);
#13117=IFCFACE((#13116));
#13118=IFCPOLYLOOP((#10626,#10634,#10615));
#13119=IFCFACEOUTERBOUND(#13118,.T.);
#13120=IFCFACE((#13119));
#13121=IFCPOLYLOOP((#10617,#10634,#10622));
#13122=IFCFACEOUTERBOUND(#13121,.T.);
#13123=IFCFACE((#13122));
#13124=IFCPOLYLOOP((#10614,#10640,#10635));
#13125=IFCFACEOUTERBOUND(#13124,.T.);
#13126=IFCFACE((#13125));
#13127=IFCPOLYLOOP((#10633,#10630,#10616));
#13128=IFCFACEOUTERBOUND(#13127,.T.);
#13129=IFCFACE((#13128));
#13130=IFCPOLYLOOP((#10620,#10629,#10638));
#13131=IFCFACEOUTERBOUND(#13130,.T.);
#13132=IFCFACE((#13131));
#13133=IFCPOLYLOOP((#10621,#10622,#10638));
#13134=IFCFACEOUTERBOUND(#13133,.T.);
#13135=IFCFACE((#13134));
#13136=IFCPOLYLOOP((#10622,#10634,#10638));
#13137=IFCFACEOUTERBOUND(#13136,.T.);
#13138=IFCFACE((#13137));
#13139=IFCPOLYLOOP((#10146,#10145,#10642));
#13140=IFCFACEOUTERBOUND(#13139,.T.);
#13141=IFCFACE((#13140));
#13142=IFCPOLYLOOP((#10428,#10427,#10628));
#13143=IFCFACEOUTERBOUND(#13142,.T.);
#13144=IFCFACE((#13143));
#13145=IFCPOLYLOOP((#10621,#10629,#10628));
#13146=IFCFACEOUTERBOUND(#13145,.T.);
#13147=IFCFACE((#13146));
#13148=IFCPOLYLOOP((#10625,#10429,#10428));
#13149=IFCFACEOUTERBOUND(#13148,.T.);
#13150=IFCFACE((#13149));
#13151=IFCPOLYLOOP((#10145,#10144,#10627));
#13152=IFCFACEOUTERBOUND(#13151,.T.);
#13153=IFCFACE((#13152));
#13154=IFCPOLYLOOP((#10630,#10619,#10642));
#13155=IFCFACEOUTERBOUND(#13154,.T.);
#13156=IFCFACE((#13155));
#13157=IFCPOLYLOOP((#10628,#10629,#10428));
#13158=IFCFACEOUTERBOUND(#13157,.T.);
#13159=IFCFACE((#13158));
#13160=IFCPOLYLOOP((#10428,#10629,#10625));
#13161=IFCFACEOUTERBOUND(#13160,.T.);
#13162=IFCFACE((#13161));
#13163=IFCPOLYLOOP((#10619,#10630,#10637));
#13164=IFCFACEOUTERBOUND(#13163,.T.);
#13165=IFCFACE((#13164));
#13166=IFCPOLYLOOP((#10642,#10619,#10624,#10146));
#13167=IFCFACEOUTERBOUND(#13166,.T.);
#13168=IFCFACE((#13167));
#13169=IFCPOLYLOOP((#10616,#10631,#10633));
#13170=IFCFACEOUTERBOUND(#13169,.T.);
#13171=IFCFACE((#13170));
#13172=IFCPOLYLOOP((#10632,#10635,#10640));
#13173=IFCFACEOUTERBOUND(#13172,.T.);
#13174=IFCFACE((#13173));
#13175=IFCPOLYLOOP((#10613,#10635,#10632));
#13176=IFCFACEOUTERBOUND(#13175,.T.);
#13177=IFCFACE((#13176));
#13178=IFCPOLYLOOP((#10635,#10633,#10631));
#13179=IFCFACEOUTERBOUND(#13178,.T.);
#13180=IFCFACE((#13179));
#13181=IFCPOLYLOOP((#10634,#10617,#10636));
#13182=IFCFACEOUTERBOUND(#13181,.T.);
#13183=IFCFACE((#13182));
#13184=IFCPOLYLOOP((#10626,#10620,#10638));
#13185=IFCFACEOUTERBOUND(#13184,.T.);
#13186=IFCFACE((#13185));
#13187=IFCPOLYLOOP((#10633,#10635,#10613));
#13188=IFCFACEOUTERBOUND(#13187,.T.);
#13189=IFCFACE((#13188));
#13190=IFCPOLYLOOP((#10614,#10635,#10631));
#13191=IFCFACEOUTERBOUND(#13190,.T.);
#13192=IFCFACE((#13191));
#13193=IFCPOLYLOOP((#10640,#10641,#10618,#10632));
#13194=IFCFACEOUTERBOUND(#13193,.T.);
#13195=IFCFACE((#13194));
#13196=IFCPOLYLOOP((#10636,#10640,#10639));
#13197=IFCFACEOUTERBOUND(#13196,.T.);
#13198=IFCFACE((#13197));
#13199=IFCPOLYLOOP((#10633,#10613,#10637));
#13200=IFCFACEOUTERBOUND(#13199,.T.);
#13201=IFCFACE((#13200));
#13202=IFCPOLYLOOP((#10638,#10629,#10621));
#13203=IFCFACEOUTERBOUND(#13202,.T.);
#13204=IFCFACE((#13203));
#13205=IFCPOLYLOOP((#10626,#10638,#10634));
#13206=IFCFACEOUTERBOUND(#13205,.T.);
#13207=IFCFACE((#13206));
#13208=IFCPOLYLOOP((#10639,#10640,#10614));
#13209=IFCFACEOUTERBOUND(#13208,.T.);
#13210=IFCFACE((#13209));
#13211=IFCPOLYLOOP((#10639,#10615,#10636));
#13212=IFCFACEOUTERBOUND(#13211,.T.);
#13213=IFCFACE((#13212));
#13214=IFCPOLYLOOP((#10636,#10617,#10641));
#13215=IFCFACEOUTERBOUND(#13214,.T.);
#13216=IFCFACE((#13215));
#13217=IFCPOLYLOOP((#10642,#10627,#10623));
#13218=IFCFACEOUTERBOUND(#13217,.T.);
#13219=IFCFACE((#13218));
#13220=IFCPOLYLOOP((#10604,#10429,#10625,#10620,#10626,#10615,#10639,#10614,#10631,#10616,#10623,#10627,#10144,#10324));
#13221=IFCFACEOUTERBOUND(#13220,.T.);
#13222=IFCFACE((#13221));
#13223=IFCCARTESIANPOINT((0.66666666666667229,0.48958333333332982,6.5));
#13224=IFCCARTESIANPOINT((0.66666666666667229,0.55208333333332971,6.5));
#13225=IFCCARTESIANPOINT((0.66666666666667229,0.55208333333332971,4.4166666666666652));
#13226=IFCCARTESIANPOINT((0.66666666666667229,0.48958333333332982,4.4166666666666643));
#13227=IFCCARTESIANPOINT((0.70603674540682959,0.55536417322834297,6.4606299212598426));
#13228=IFCCARTESIANPOINT((0.7060367454068297,0.48958333333332993,6.4606299212598426));
#13229=IFCCARTESIANPOINT((0.7060367454068297,0.48958333333332993,4.4560367454068226));
#13230=IFCCARTESIANPOINT((0.70603674540682959,0.55536417322834297,4.4560367454068217));
#13231=IFCCARTESIANPOINT((0.68963254593176437,0.57176837270340863,6.477034120734908));
#13232=IFCCARTESIANPOINT((0.70123206662052007,0.56696369391709855,6.4654346000461524));
#13233=IFCCARTESIANPOINT((0.7012320666205204,0.56696369391709833,4.4512320666205127));
#13234=IFCCARTESIANPOINT((0.68963254593176426,0.57176837270340863,4.4396325459317563));
#13235=IFCCARTESIANPOINT((0.68963254593176437,0.57176837270340863,5.4524030741521434));
#13236=IFCCARTESIANPOINT((0.68963254593176426,0.57176837270340863,5.9647185728343945));
#13237=IFCCARTESIANPOINT((0.68963254593176426,0.57176837270340863,4.9519480938322697));
#13238=IFCCARTESIANPOINT((0.70603674540682992,0.55536417322834297,5.4583333333333321));
#13239=IFCCARTESIANPOINT((0.70603674540682992,0.55536417322834297,5.9594816272965874));
#13240=IFCCARTESIANPOINT((0.70603674540682992,0.55536417322834297,4.9571850393700778));
#13241=IFCCARTESIANPOINT((0.68963254593176426,0.57176837270340863,4.695790319882013));
#13242=IFCCARTESIANPOINT((0.70603674540682992,0.55536417322834297,4.7066108864680389));
#13243=IFCCARTESIANPOINT((0.70603674540682992,0.55536417322834297,4.5841156214424377));
#13244=IFCCARTESIANPOINT((0.68963254593176437,0.57176837270340863,6.2208763467846513));
#13245=IFCCARTESIANPOINT((0.70603674540682992,0.55536417322834297,6.2100557801986263));
#13246=IFCCARTESIANPOINT((0.70603674540682992,0.55536417322834297,6.0847686978271964));
#13247=IFCCARTESIANPOINT((0.68963254593176437,0.57176837270340863,6.3489552091506489));
#13248=IFCCARTESIANPOINT((0.70603674540682992,0.55536417322834297,5.7089074743945485));
#13249=IFCCARTESIANPOINT((0.68963254593176426,0.57176837270340863,5.7085608481024002));
#13250=IFCCARTESIANPOINT((0.68963254593176437,0.57176837270340863,5.8366397104683978));
#13251=IFCCARTESIANPOINT((0.68963254593176426,0.57176837270340863,5.2021756086013369));
#13252=IFCCARTESIANPOINT((0.70603674540682992,0.55536417322834297,5.2077591922721167));
#13253=IFCCARTESIANPOINT((0.70603674540682992,0.55536417322834297,5.0824721099006851));
#13254=IFCCARTESIANPOINT((0.68963254593176426,0.57176837270340863,4.5677114575160154));
#13255=IFCCARTESIANPOINT((0.70603674540682992,0.55536417322834297,6.3353428507292344));
#13256=IFCCARTESIANPOINT((0.68963254593176437,0.57176837270340863,6.0927974844186545));
#13257=IFCCARTESIANPOINT((0.68963254593176426,0.57176837270340863,5.0770618512168042));
#13258=IFCCARTESIANPOINT((0.70105523105683865,0.56713787379151126,5.1396186871118967));
#13259=IFCCARTESIANPOINT((0.70134958583869111,0.56684497181717064,5.0394862013020498));
#13260=IFCCARTESIANPOINT((0.70113576800094501,0.56705919962612672,5.2366559084090092));
#13261=IFCCARTESIANPOINT((0.70603674540682992,0.55536417322834297,5.3330462628027249));
#13262=IFCCARTESIANPOINT((0.68963254593176437,0.57176837270340863,5.3272893167676099));
#13263=IFCCARTESIANPOINT((0.7015548849083364,0.56663163051672227,4.6453632571397057));
#13264=IFCCARTESIANPOINT((0.68963254593176426,0.57176837270340863,4.8238691822480098));
#13265=IFCCARTESIANPOINT((0.70095115019518583,0.56723796613313127,4.748536007830122));
#13266=IFCCARTESIANPOINT((0.70603674540682992,0.55536417322834297,4.8318979688394696));
#13267=IFCCARTESIANPOINT((0.70146351099292337,0.56672753655701369,4.5496165765595382));
#13268=IFCCARTESIANPOINT((0.70140119253005395,0.56679206532016413,6.0221251480263414));
#13269=IFCCARTESIANPOINT((0.70111799586098444,0.5670766537658346,5.9221087301027264));
#13270=IFCCARTESIANPOINT((0.70603674540682992,0.55536417322834297,5.8341945567659792));
#13271=IFCCARTESIANPOINT((0.70122025776286279,0.56697549076500364,5.7715510034637845));
#13272=IFCCARTESIANPOINT((0.70136120008228331,0.56683310658045805,6.118624629111876));
#13273=IFCCARTESIANPOINT((0.70123873179633911,0.56695702490921462,5.6732499056050347));
#13274=IFCCARTESIANPOINT((0.68963254593176437,0.57176837270340863,5.5804819365181411));
#13275=IFCCARTESIANPOINT((0.70603674540682992,0.55536417322834297,5.5836204038639403));
#13276=IFCCARTESIANPOINT((0.70133549377768134,0.56685933621689999,5.5209768589771802));
#13277=IFCCARTESIANPOINT((0.70133229045568224,0.56686259653298765,5.4240514863113116));
#13278=IFCCARTESIANPOINT((0.70140119265663547,0.56679206518980829,4.8945414977801516));
#13279=IFCCARTESIANPOINT((0.70156283474483305,0.56662321267469495,6.2726992937981798));
#13280=IFCCARTESIANPOINT((0.70142321119105999,0.56676934631606857,6.3682738855441752));
#13281=IFCCARTESIANPOINT((0.70123762525748834,0.56695813261508377,5.3283859271514604));
#13282=IFCCARTESIANPOINT((0.64041994750656728,0.56520669291338244,6.5262467191601052));
#13283=IFCCARTESIANPOINT((0.64234181902109122,0.56984650118888447,6.5243248476455813));
#13284=IFCCARTESIANPOINT((0.64698162729659359,0.57176837270340863,6.5196850393700787));
#13285=IFCCARTESIANPOINT((0.64698162729659447,0.57176837270340863,4.3969816272965865));
#13286=IFCCARTESIANPOINT((0.64234181902109166,0.56984650118888491,4.3923418190210839));
#13287=IFCCARTESIANPOINT((0.64041994750656728,0.56520669291338232,4.3904199475065591));
#13288=IFCCARTESIANPOINT((0.64041994750656728,0.56520669291338232,5.4583333268689742));
#13289=IFCCARTESIANPOINT((0.64041994750656728,0.56520669291338232,5.9922900294788972));
#13290=IFCCARTESIANPOINT((0.6404199475065675,0.56520669291338232,4.9243766371877662));
#13291=IFCCARTESIANPOINT((0.64698162729659403,0.57176837270340863,5.4583333333333321));
#13292=IFCCARTESIANPOINT((0.64698162729659381,0.57176837270340863,5.9890091922662876));
#13293=IFCCARTESIANPOINT((0.64698162729659425,0.57176837270340863,4.9276574744003776));
#13294=IFCCARTESIANPOINT((0.64698162729659447,0.57176837270340863,4.6623195508484825));
#13295=IFCCARTESIANPOINT((0.64041994750656728,0.56520669291338232,4.6573982858828051));
#13296=IFCCARTESIANPOINT((0.64041994750656728,0.56520669291338232,4.7908874550709282));
#13297=IFCCARTESIANPOINT((0.64698162729659447,0.57176837270340863,4.79498851262443));
#13298=IFCCARTESIANPOINT((0.64698162729659381,0.57176837270340863,6.2543471158181827));
#13299=IFCCARTESIANPOINT((0.64041994750656728,0.56520669291338244,6.2592683678551442));
#13300=IFCCARTESIANPOINT((0.64041994750656728,0.56520669291338244,6.364238316100125));
#13301=IFCCARTESIANPOINT((0.64698162729659359,0.57176837270340852,6.3870160775941311));
#13302=IFCCARTESIANPOINT((0.64698162729659403,0.57176837270340863,5.1929953979522727));
#13303=IFCCARTESIANPOINT((0.64041994750656728,0.56520669291338232,5.1913549884927281));
#13304=IFCCARTESIANPOINT((0.64041994750656728,0.56520669291338232,5.3248441576808521));
#13305=IFCCARTESIANPOINT((0.64698162729659403,0.57176837270340863,5.3256643715573846));
#13306=IFCCARTESIANPOINT((0.64698162729659403,0.57176837270340863,5.7236712687143916));
#13307=IFCCARTESIANPOINT((0.64041994750656728,0.56520669291338232,5.7253116781739362));
#13308=IFCCARTESIANPOINT((0.64041994750656728,0.56520669291338232,5.8588008602907742));
#13309=IFCCARTESIANPOINT((0.64698162729659381,0.57176837270340863,5.8563402304903409));
#13310=IFCCARTESIANPOINT((0.64698162729659447,0.57176837270340852,4.529650589072534));
#13311=IFCCARTESIANPOINT((0.64041994750656728,0.56520669291338232,4.5239091166946812));
#13312=IFCCARTESIANPOINT((0.64041994750656728,0.56520669291338232,4.5906537012887441));
#13313=IFCCARTESIANPOINT((0.64041994750656728,0.56520669291338244,6.4452425111657572));
#13314=IFCCARTESIANPOINT((0.64698162729659359,0.57176837270340863,6.4533505643966871));
#13315=IFCCARTESIANPOINT((0.64041994750656728,0.56520669291338232,4.4714241425721912));
#13316=IFCCARTESIANPOINT((0.64698162729659447,0.57176837270340863,4.4633161022699781));
#13317=IFCCARTESIANPOINT((0.64698162729659381,0.57176837270340863,6.121678154042236));
#13318=IFCCARTESIANPOINT((0.64041994750656728,0.56520669291338232,6.1257791986670203));
#13319=IFCCARTESIANPOINT((0.64041994750656728,0.56520669291338232,6.1925237832610822));
#13320=IFCCARTESIANPOINT((0.64698162729659403,0.57176837270340863,5.0603264361763252));
#13321=IFCCARTESIANPOINT((0.64041994750656728,0.56520669291338232,5.057865819304606));
#13322=IFCCARTESIANPOINT((0.64041994750656728,0.56520669291338232,5.1246104038986671));
#13323=IFCCARTESIANPOINT((0.64041994750656728,0.56520669291338232,5.5918224960570972));
#13324=IFCCARTESIANPOINT((0.64698162729659403,0.57176837270340863,5.5910022951092806));
#13325=IFCCARTESIANPOINT((0.64698162729659403,0.57176837270340863,5.524667820135889));
#13326=IFCCARTESIANPOINT((0.64041994750656728,0.56520669291338244,6.4857446086985737));
#13327=IFCCARTESIANPOINT((0.64041994750656728,0.56520669291338232,4.4309220450393756));
#13328=IFCCARTESIANPOINT((0.64698162729659359,0.57176837270340863,6.479182951193212));
#13329=IFCCARTESIANPOINT((0.64220006281381714,0.56970027531096767,6.4662667483070235));
#13330=IFCCARTESIANPOINT((0.64698162729659359,0.57176837270340863,6.420183315080827));
#13331=IFCCARTESIANPOINT((0.64041994750656728,0.56520669291338232,6.4047404136329407));
#13332=IFCCARTESIANPOINT((0.64253092423998726,0.57002819516566372,6.4035996931361687));
#13333=IFCCARTESIANPOINT((0.64698162729659447,0.57176837270340863,4.4374837154734532));
#13334=IFCCARTESIANPOINT((0.64220006267770535,0.56970027516613309,4.4503999168334714));
#13335=IFCCARTESIANPOINT((0.64260963911929858,0.57009968392547627,4.4972339517904789));
#13336=IFCCARTESIANPOINT((0.64698162729659359,0.57176837270340863,6.3206815907915752));
#13337=IFCCARTESIANPOINT((0.64274539428196698,0.57021767799743772,6.3630619077888673));
#13338=IFCCARTESIANPOINT((0.64041994750656728,0.56520669291338244,6.3117533419776342));
#13339=IFCCARTESIANPOINT((0.64041994750656706,0.56520669291338232,5.2580995730867901));
#13340=IFCCARTESIANPOINT((0.64698162729659403,0.57176837270340863,5.2593298847548287));
#13341=IFCCARTESIANPOINT((0.64698162729659403,0.57176837270340863,5.3919988465307771));
#13342=IFCCARTESIANPOINT((0.64041994750656728,0.56520669291338232,5.3915887422749122));
#13343=IFCCARTESIANPOINT((0.64041994750656728,0.56520669291338232,5.6585670935798742));
#13344=IFCCARTESIANPOINT((0.64698162729659403,0.57176837270340852,5.6573367819118356));
#13345=IFCCARTESIANPOINT((0.64698162729659425,0.57176837270340863,4.861322999426986));
#13346=IFCCARTESIANPOINT((0.64041994750656728,0.56520669291338232,4.8576320525937051));
#13347=IFCCARTESIANPOINT((0.64041994750656728,0.56520669291338232,5.9255454448848361));
#13348=IFCCARTESIANPOINT((0.64698162729659381,0.57176837270340863,5.922674717292896));
#13349=IFCCARTESIANPOINT((0.64698162729659381,0.57176837270340863,5.7900057436877841));
#13350=IFCCARTESIANPOINT((0.64041994750656728,0.56520669291338232,5.7920562627679981));
#13351=IFCCARTESIANPOINT((0.64698162729659381,0.57176837270340863,6.0553436672396801));
#13352=IFCCARTESIANPOINT((0.64041994750656728,0.56520669291338232,6.0590346140729592));
#13353=IFCCARTESIANPOINT((0.64041994750656728,0.56520669291338232,4.9911212217818282));
#13354=IFCCARTESIANPOINT((0.64698162729659425,0.57176837270340863,4.9939919493737692));
#13355=IFCCARTESIANPOINT((0.64698162729659425,0.57176837270340863,4.7286540258218732));
#13356=IFCCARTESIANPOINT((0.64041994750656728,0.56520669291338232,4.7241428704768662));
#13357=IFCCARTESIANPOINT((0.64253712049688683,0.57003390753200034,6.2855108532317727));
#13358=IFCCARTESIANPOINT((0.64698162729659359,0.57176837270340863,6.3538488401074353));
#13359=IFCCARTESIANPOINT((0.64228172059115818,0.56978561403380379,6.2477361221769119));
#13360=IFCCARTESIANPOINT((0.64698162729659359,0.57176837270340863,6.1880126408447911));
#13361=IFCCARTESIANPOINT((0.64698162729659381,0.57176837270340863,6.2211798783314869));
#13362=IFCCARTESIANPOINT((0.64243022538792038,0.56993325427790142,6.2045962438077042));
#13363=IFCCARTESIANPOINT((0.64237497228446494,0.56987941923385832,6.1565041567143171));
#13364=IFCCARTESIANPOINT((0.64041994750656728,0.56520669291338244,6.2258960690937553));
#13365=IFCCARTESIANPOINT((0.64226083022924851,0.56976407337981105,6.3229715701802487));
#13366=IFCCARTESIANPOINT((0.64228038307315005,0.56978424077423295,4.5347297485692497));
#13367=IFCCARTESIANPOINT((0.64698162729659425,0.57176837270340863,4.59598507587509));
#13368=IFCCARTESIANPOINT((0.64698162729659447,0.57176837270340863,4.5628178265592307));
#13369=IFCCARTESIANPOINT((0.64244344735463099,0.56994595071194176,4.579401450672349));
#13370=IFCCARTESIANPOINT((0.64238695909319365,0.56989120631047119,4.6272315094368475));
#13371=IFCCARTESIANPOINT((0.64041994750656728,0.56520669291338232,4.5572814154560701));
#13372=IFCCARTESIANPOINT((0.64698162729659425,0.57176837270340863,5.1266609229788811));
#13373=IFCCARTESIANPOINT((0.64243198134605506,0.56993494453439275,5.0934936805503179));
#13374=IFCCARTESIANPOINT((0.64041994750656728,0.56520669291338232,5.5250779114630362));
#13375=IFCCARTESIANPOINT((0.64698162729659447,0.57176837270340863,4.4964833515858382));
#13376=IFCCARTESIANPOINT((0.64227002755909424,0.56977358130488431,5.2247272753424205));
#13377=IFCCARTESIANPOINT((0.64228753079545164,0.56979157019688809,5.2914718615677483));
#13378=IFCCARTESIANPOINT((0.64234181881910968,0.56984650098690304,5.4251660869565219));
#13379=IFCCARTESIANPOINT((0.64236017243807364,0.56986478229181858,5.3588316056707574));
#13380=IFCCARTESIANPOINT((0.64227002754031925,0.56977358128551447,5.6919393789928092));
#13381=IFCCARTESIANPOINT((0.64237836831708206,0.56988276481556532,5.624169530844882));
#13382=IFCCARTESIANPOINT((0.64248407317496103,0.5699845217707008,4.8944902367236676));
#13383=IFCCARTESIANPOINT((0.64250108652647886,0.57000048015044014,4.8281557554496377));
#13384=IFCCARTESIANPOINT((0.64220291458301415,0.56970330791445956,5.9589177241873328));
#13385=IFCCARTESIANPOINT((0.64244951781699022,0.56995175617236293,5.8895074561840843));
#13386=IFCCARTESIANPOINT((0.64241427559074604,0.56991784352251496,5.7568384934788197));
#13387=IFCCARTESIANPOINT((0.6422358957895038,0.5697381026420929,5.8254285515378452));
#13388=IFCCARTESIANPOINT((0.64248407305908617,0.56998452166162328,6.0221764190504308));
#13389=IFCCARTESIANPOINT((0.64217106518996325,0.56966921841864182,6.0924068970945839));
#13390=IFCCARTESIANPOINT((0.6422029146315138,0.56970330796600188,4.9577489304564146));
#13391=IFCCARTESIANPOINT((0.64221926259347217,0.56972061848889877,5.0244935166761788));
#13392=IFCCARTESIANPOINT((0.64251792026287213,0.57001615870325395,4.7618212741761745));
#13393=IFCCARTESIANPOINT((0.64253457186683338,0.57003155971687858,4.69548679290319));
#13394=IFCCARTESIANPOINT((0.64698162729659359,0.57176837270340863,6.2875143533048794));
#13395=IFCCARTESIANPOINT((0.64041994750656728,0.56520669291338244,6.1591514974284092));
#13396=IFCCARTESIANPOINT((0.64698162729659381,0.57176837270340863,6.154845391528931));
#13397=IFCCARTESIANPOINT((0.64041994750656728,0.56520669291338232,4.6240259871214162));
#13398=IFCCARTESIANPOINT((0.64698162729659447,0.57176837270340863,4.6291523133617858));
#13399=IFCCARTESIANPOINT((0.64225281669825773,0.56975575787136057,5.1579826891189384));
#13400=IFCCARTESIANPOINT((0.64698162729659425,0.57176837270340863,5.093493673663021));
#13401=IFCCARTESIANPOINT((0.64041994750656706,0.56520669291338232,5.0912381180659949));
#13402=IFCCARTESIANPOINT((0.64234181876912833,0.56984650093692157,5.4915005682467299));
#13403=IFCCARTESIANPOINT((0.64230532881598124,0.5698097217191862,5.5584502064968602));
#13404=IFCCARTESIANPOINT((0.64041994750656728,0.56520669291338232,5.2247272872541171));
#13405=IFCCARTESIANPOINT((0.64698162729659403,0.57176837270340863,5.2261626472681328));
#13406=IFCCARTESIANPOINT((0.64041994750656728,0.56520669291338232,5.2914718589194631));
#13407=IFCCARTESIANPOINT((0.64698162729659403,0.57176837270340863,5.2924971222415245));
#13408=IFCCARTESIANPOINT((0.64266093242684263,0.57014503651314807,5.258089537977698));
#13409=IFCCARTESIANPOINT((0.64698162729659403,0.57176837270340863,5.4251660958466363));
#13410=IFCCARTESIANPOINT((0.64041994750656728,0.56520669291338232,5.4249610281075862));
#13411=IFCCARTESIANPOINT((0.64698162729659403,0.57176837270340863,5.3588316090440813));
#13412=IFCCARTESIANPOINT((0.64263404620648923,0.57012138317135452,5.3251186394506433));
#13413=IFCCARTESIANPOINT((0.64041994750656728,0.56520669291338232,5.3582164564422401));
#13414=IFCCARTESIANPOINT((0.64202311621547836,0.56950422819832147,5.3919893416324376));
#13415=IFCCARTESIANPOINT((0.64041994750656728,0.56520669291338232,5.6919393923412631));
#13416=IFCCARTESIANPOINT((0.64698162729659403,0.57176837270340863,5.6905040193985315));
#13417=IFCCARTESIANPOINT((0.64698162729659403,0.57176837270340863,5.6241695444251398));
#13418=IFCCARTESIANPOINT((0.64041994750656728,0.56520669291338232,5.6251947948184862));
#13419=IFCCARTESIANPOINT((0.6420821961644283,0.56957146280972382,5.6580139082595116));
#13420=IFCCARTESIANPOINT((0.64698162729659425,0.57176837270340863,4.8944902369136809));
#13421=IFCCARTESIANPOINT((0.64041994750656728,0.56520669291338232,4.891004351355094));
#13422=IFCCARTESIANPOINT((0.64698162729659425,0.57176837270340863,4.8281557501111259));
#13423=IFCCARTESIANPOINT((0.64041994750656728,0.56520669291338232,4.8242597538323171));
#13424=IFCCARTESIANPOINT((0.64202091523015037,0.56950168737911622,4.8613108716347195));
#13425=IFCCARTESIANPOINT((0.64041994750656728,0.56520669291338232,5.9589177307175092));
#13426=IFCCARTESIANPOINT((0.64698162729659381,0.57176837270340863,5.9558419547795918));
#13427=IFCCARTESIANPOINT((0.64698162729659403,0.57176837270340863,5.8895074679770367));
#13428=IFCCARTESIANPOINT((0.64041994750656728,0.56520669291338232,5.8921731590521631));
#13429=IFCCARTESIANPOINT((0.64215445556605277,0.56965124629372388,5.9241497259964495));
#13430=IFCCARTESIANPOINT((0.64698162729659403,0.57176837270340863,5.7568385062010883));
#13431=IFCCARTESIANPOINT((0.64041994750656728,0.56520669291338232,5.7586839640066083));
#13432=IFCCARTESIANPOINT((0.64041994750656728,0.56520669291338232,5.8254285615293862));
#13433=IFCCARTESIANPOINT((0.64698162729659381,0.57176837270340863,5.8231729930036442));
#13434=IFCCARTESIANPOINT((0.64257531153106551,0.57006879359531992,5.7911984537873815));
#13435=IFCCARTESIANPOINT((0.64698162729659381,0.57176837270340863,6.0221764297529834));
#13436=IFCCARTESIANPOINT((0.64041994750656728,0.56520669291338232,6.0256623282402861));
#13437=IFCCARTESIANPOINT((0.64041994750656728,0.56520669291338232,6.0924068999056322));
#13438=IFCCARTESIANPOINT((0.64698162729659359,0.57176837270340863,6.0885109165555402));
#13439=IFCCARTESIANPOINT((0.64249687539149547,0.569996540720626,6.0573684588513776));
#13440=IFCCARTESIANPOINT((0.64041994750656728,0.56520669291338232,4.9577489230204392));
#13441=IFCCARTESIANPOINT((0.64698162729659425,0.57176837270340863,4.9608247118870734));
#13442=IFCCARTESIANPOINT((0.64041994750656706,0.56520669291338232,5.0244935205432171));
#13443=IFCCARTESIANPOINT((0.64213616120453509,0.56963129459235295,5.0590540923011655));
#13444=IFCCARTESIANPOINT((0.64698162729659425,0.57176837270340863,5.0271591986896293));
#13445=IFCCARTESIANPOINT((0.64266241584098882,0.57014633400040593,4.9911099060373614));
#13446=IFCCARTESIANPOINT((0.64698162729659425,0.57176837270340863,4.7618212751377333));
#13447=IFCCARTESIANPOINT((0.64041994750656728,0.56520669291338232,4.7575151563095401));
#13448=IFCCARTESIANPOINT((0.64201904501367557,0.5694995263310807,4.7949761009801772));
#13449=IFCCARTESIANPOINT((0.64698162729659447,0.57176837270340863,4.6954867883351774));
#13450=IFCCARTESIANPOINT((0.64259906949000412,0.57009021917406133,4.6613305900856439));
#13451=IFCCARTESIANPOINT((0.64041994750656728,0.56520669291338232,4.6907705846441932));
#13452=IFCCARTESIANPOINT((0.6420168269835369,0.56949696091413848,4.7286413394750317));
#13453=IFCCARTESIANPOINT((0.6404199475065675,0.56520669291338232,5.1579826897313392));
#13454=IFCCARTESIANPOINT((0.64203393307719381,0.56951667708715337,5.1913613077129073));
#13455=IFCCARTESIANPOINT((0.64698162729659403,0.57176837270340863,5.1598281604655769));
#13456=IFCCARTESIANPOINT((0.64698162729659403,0.57176837270340863,5.4915005708200288));
#13457=IFCCARTESIANPOINT((0.64268477233707433,0.57016579354995889,5.4583333276369457));
#13458=IFCCARTESIANPOINT((0.64041994750656728,0.56520669291338232,5.4917056256303631));
#13459=IFCCARTESIANPOINT((0.64041994750656728,0.56520669291338232,5.5584501972957092));
#13460=IFCCARTESIANPOINT((0.64698162729659403,0.57176837270340863,5.5578350576225848));
#13461=IFCCARTESIANPOINT((0.64265360219765522,0.57013861347334671,5.5249931444840596));
#13462=IFCCARTESIANPOINT((0.64041994750656706,0.55208333333332971,6.5262467191601052));
#13463=IFCCARTESIANPOINT((0.64041994750656706,0.55208333333332971,4.3904199475065591));
#13464=IFCCARTESIANPOINT((1.0833333333333417,0.55208333333332904,4.4166666666666652));
#13465=IFCCARTESIANPOINT((1.083333333333341,0.48958333333332915,4.4166666666666652));
#13466=IFCCARTESIANPOINT((1.0439632545931836,0.48958333333332937,4.4560367454068226));
#13467=IFCCARTESIANPOINT((1.0439632545931836,0.55536417322834242,4.4560367454068226));
#13468=IFCCARTESIANPOINT((1.0487679333794937,0.56696369391709811,4.4512320666205127));
#13469=IFCCARTESIANPOINT((1.0603674540682491,0.57176837270340808,4.4396325459317572));
#13470=IFCCARTESIANPOINT((0.91588436955626884,0.55536417322834264,4.4560367454068226));
#13471=IFCCARTESIANPOINT((0.8749999981068346,0.57176837270340841,4.4396325459317572));
#13472=IFCCARTESIANPOINT((0.83411562807465034,0.55536417322834275,4.4560367454068217));
#13473=IFCCARTESIANPOINT((0.87500000789230725,0.56650196261560737,4.4516761088590089));
#13474=IFCCARTESIANPOINT((0.81771142947658659,0.57176837270340841,4.4396325459317572));
#13475=IFCCARTESIANPOINT((0.9322885667370826,0.5717683727034083,4.4396325459317572));
#13476=IFCCARTESIANPOINT((0.78773629061667827,0.56518499300752012,4.4527721524434707));
#13477=IFCCARTESIANPOINT((0.96226371977119673,0.56518499282599277,4.4527721525791479));
#13478=IFCCARTESIANPOINT((1.10301837270342,0.57176837270340786,4.3969816272965865));
#13479=IFCCARTESIANPOINT((1.1076581809789223,0.5698465011888838,4.3923418190210839));
#13480=IFCCARTESIANPOINT((1.1095800524934463,0.56520669291338155,4.39041994750656));
#13481=IFCCARTESIANPOINT((0.94100997721255375,0.57176837270340808,4.3969816272965865));
#13482=IFCCARTESIANPOINT((0.87500000000000711,0.56520669291338199,4.39041994750656));
#13483=IFCCARTESIANPOINT((0.80242834556309994,0.5652066929133821,4.39041994750656));
#13484=IFCCARTESIANPOINT((0.9922900279107989,0.56520669291338177,4.39041994750656));
#13485=IFCCARTESIANPOINT((0.79399580422508154,0.57176837270340841,4.3969816272965865));
#13486=IFCCARTESIANPOINT((0.86750289268932512,0.57176837270340819,4.3969816272965865));
#13487=IFCCARTESIANPOINT((1.0220141729874792,0.57176837270340797,4.3969816272965865));
#13488=IFCCARTESIANPOINT((0.72142414487076179,0.56520669291338232,4.39041994750656));
#13489=IFCCARTESIANPOINT((0.72048871576083795,0.57176837270340841,4.3969816272965865));
#13490=IFCCARTESIANPOINT((0.7572422599929598,0.57176837270340841,4.3969816272965865));
#13491=IFCCARTESIANPOINT((1.0285758551292525,0.56520669291338166,4.39041994750656));
#13492=IFCCARTESIANPOINT((1.0625162728454496,0.57176837270340797,4.3969816272965865));
#13493=IFCCARTESIANPOINT((0.6809220445245926,0.56520669291338232,4.39041994750656));
#13494=IFCCARTESIANPOINT((0.76192624521693075,0.56520669291338221,4.39041994750656));
#13495=IFCCARTESIANPOINT((1.0690779554754215,0.56520669291338166,4.39041994750656));
#13496=IFCCARTESIANPOINT((0.68748372715456485,0.57176837270340852,4.3969816272965865));
#13497=IFCCARTESIANPOINT((0.70398622192602289,0.56982494081610302,4.3923203583732295));
#13498=IFCCARTESIANPOINT((1.0104329415539106,0.56971249274104174,4.3922115738818022));
#13499=IFCCARTESIANPOINT((0.93364501395540311,0.56520669291338188,4.39041994750656));
#13500=IFCCARTESIANPOINT((0.90425643692144697,0.57176837270340819,4.3969816272965865));
#13501=IFCCARTESIANPOINT((0.96567769388344871,0.56977844874675787,4.3922747503843622));
#13502=IFCCARTESIANPOINT((0.77561903327236115,0.56994715020602782,4.3924447003274318));
#13503=IFCCARTESIANPOINT((0.92263320843153895,0.56999080688105652,4.3924907593168818));
#13504=IFCCARTESIANPOINT((0.81714217102489195,0.57005768671125256,4.3925630867185381));
#13505=IFCCARTESIANPOINT((0.98151207707052401,0.57176837270340797,4.3969816272965865));
#13506=IFCCARTESIANPOINT((0.73990369356536845,0.56927654127932792,4.3918345916502117));
#13507=IFCCARTESIANPOINT((0.83871417278155347,0.5652066929133821,4.39041994750656));
#13508=IFCCARTESIANPOINT((0.85685708858357335,0.56969798959790219,4.3921979157920683));
#13509=IFCCARTESIANPOINT((0.8307493484572035,0.5717683727034083,4.3969816272965865));
#13510=IFCCARTESIANPOINT((1.0705383803656818,0.56988846557721795,4.392384166433132));
#13511=IFCCARTESIANPOINT((1.1095800524934463,0.55208333333332904,4.39041994750656));
#13512=IFCCARTESIANPOINT((1.0833333333333417,0.55208333333332904,6.5));
#13513=IFCCARTESIANPOINT((1.0833333333333415,0.48958333333332915,6.5));
#13514=IFCCARTESIANPOINT((1.0439632545931836,0.48958333333332937,6.4606299212598426));
#13515=IFCCARTESIANPOINT((1.0439632545931841,0.55536417322834253,6.4606299212598417));
#13516=IFCCARTESIANPOINT((1.0487679333794939,0.56696369391709833,6.4654346000461524));
#13517=IFCCARTESIANPOINT((1.0603674540682497,0.57176837270340819,6.477034120734908));
#13518=IFCCARTESIANPOINT((1.0603674540682495,0.57176837270340819,5.4642635885032593));
#13519=IFCCARTESIANPOINT((1.0603674540682493,0.57176837270340808,4.9519480426083931));
#13520=IFCCARTESIANPOINT((1.0603674540682495,0.57176837270340819,5.9647185748400435));
#13521=IFCCARTESIANPOINT((1.0439632545931838,0.55536417322834253,5.4583333333333321));
#13522=IFCCARTESIANPOINT((1.0439632545931838,0.55536417322834253,4.9571850393700778));
#13523=IFCCARTESIANPOINT((1.0439632545931838,0.55536417322834253,5.9594816272965874));
#13524=IFCCARTESIANPOINT((1.0603674540682497,0.57176837270340808,6.2208763723965896));
#13525=IFCCARTESIANPOINT((1.0439632545931838,0.55536417322834253,6.2100557801986263));
#13526=IFCCARTESIANPOINT((1.0439632545931838,0.55536417322834253,6.332551033383405));
#13527=IFCCARTESIANPOINT((1.0603674540682493,0.57176837270340808,4.6957902942700755));
#13528=IFCCARTESIANPOINT((1.0439632545931838,0.55536417322834253,4.706610886468038));
#13529=IFCCARTESIANPOINT((1.0439632545931838,0.55536417322834253,4.8318979688394696));
#13530=IFCCARTESIANPOINT((1.0603674540682491,0.57176837270340808,4.5677114201009159));
#13531=IFCCARTESIANPOINT((1.0439632545931838,0.55536417322834253,5.2077591922721167));
#13532=IFCCARTESIANPOINT((1.0603674540682495,0.57176837270340808,5.2081057909467114));
#13533=IFCCARTESIANPOINT((1.0603674540682493,0.57176837270340808,5.0800269167775527));
#13534=IFCCARTESIANPOINT((1.0603674540682495,0.57176837270340808,5.7144910816716505));
#13535=IFCCARTESIANPOINT((1.0439632545931838,0.55536417322834253,5.7089074743945485));
#13536=IFCCARTESIANPOINT((1.0439632545931838,0.55536417322834253,5.8341945567659792));
#13537=IFCCARTESIANPOINT((1.0603674540682497,0.57176837270340819,6.3489552465657493));
#13538=IFCCARTESIANPOINT((1.0439632545931841,0.55536417322834253,4.5813238159374308));
#13539=IFCCARTESIANPOINT((1.0603674540682493,0.57176837270340808,4.8238691684392343));
#13540=IFCCARTESIANPOINT((1.0603674540682495,0.57176837270340808,5.8396048036467327));
#13541=IFCCARTESIANPOINT((1.048944768943175,0.5671378737915107,5.7770479795547676));
#13542=IFCCARTESIANPOINT((1.0486504141613229,0.5668449718171702,5.8771804653646145));
#13543=IFCCARTESIANPOINT((1.0488642319990689,0.56705919962612605,5.6800107582576551));
#13544=IFCCARTESIANPOINT((1.0439632545931838,0.55536417322834253,5.5836204038639403));
#13545=IFCCARTESIANPOINT((1.0603674540682495,0.57176837270340808,5.5893773596965683));
#13546=IFCCARTESIANPOINT((1.0484451150916776,0.56663163051672183,6.2713034095269595));
#13547=IFCCARTESIANPOINT((1.0603674540682495,0.57176837270340819,6.0927974490092023));
#13548=IFCCARTESIANPOINT((1.049048849804828,0.56723796613313082,6.1681306588365432));
#13549=IFCCARTESIANPOINT((1.0439632545931838,0.55536417322834253,6.0847686978271964));
#13550=IFCCARTESIANPOINT((1.0485364890070905,0.56672753655701325,6.3670500901071279));
#13551=IFCCARTESIANPOINT((1.0485988074699599,0.56679206532016357,4.8945415186403238));
#13552=IFCCARTESIANPOINT((1.0488820041390294,0.56707665376583405,4.9945579365639379));
#13553=IFCCARTESIANPOINT((1.0439632545931838,0.55536417322834253,5.0824721099006851));
#13554=IFCCARTESIANPOINT((1.048779742237151,0.56697549076500309,5.1451156632028807));
#13555=IFCCARTESIANPOINT((1.0486387999177305,0.56683310658045749,4.7980420375547901));
#13556=IFCCARTESIANPOINT((1.0487612682036747,0.56695702490921396,5.2434167610616296));
#13557=IFCCARTESIANPOINT((1.0603674540682495,0.57176837270340808,5.3361847143340997));
#13558=IFCCARTESIANPOINT((1.0439632545931838,0.55536417322834253,5.3330462628027249));
#13559=IFCCARTESIANPOINT((1.0486645062223325,0.56685933621689943,5.395689807689485));
#13560=IFCCARTESIANPOINT((1.0486677095443315,0.5668625965329871,5.4926151803553536));
#13561=IFCCARTESIANPOINT((1.0485988073433785,0.56679206518980785,6.0221251688865136));
#13562=IFCCARTESIANPOINT((1.0484371652551807,0.5666232126746944,4.6439673728684854));
#13563=IFCCARTESIANPOINT((1.0485767888089537,0.5667693463160679,4.5483927811224909));
#13564=IFCCARTESIANPOINT((1.0487623747425254,0.56695813261508321,5.5882807395152048));
#13565=IFCCARTESIANPOINT((1.1030183727034215,0.57176837270340797,6.5196850393700796));
#13566=IFCCARTESIANPOINT((1.1076581809789232,0.56984650118888314,6.5243248476455822));
#13567=IFCCARTESIANPOINT((1.1095800524934463,0.56520669291338144,6.5262467191601043));
#13568=IFCCARTESIANPOINT((1.1095800524934463,0.56520669291338166,5.4583333397976901));
#13569=IFCCARTESIANPOINT((1.1095800524934463,0.56520669291338166,4.924376643652125));
#13570=IFCCARTESIANPOINT((1.1095800524934463,0.56520669291338155,5.9922900230145393));
#13571=IFCCARTESIANPOINT((1.1030183727034206,0.57176837270340797,5.458333333333333));
#13572=IFCCARTESIANPOINT((1.1030183727034204,0.57176837270340797,4.9276574862295579));
#13573=IFCCARTESIANPOINT((1.1030183727034211,0.57176837270340797,5.9890091804371082));
#13574=IFCCARTESIANPOINT((1.1030183727034213,0.57176837270340797,6.2543471099035948));
#13575=IFCCARTESIANPOINT((1.1095800524934463,0.56520669291338144,6.2592683775516793));
#13576=IFCCARTESIANPOINT((1.1095800524934463,0.56520669291338155,6.1257792002831097));
#13577=IFCCARTESIANPOINT((1.1030183727034211,0.57176837270340797,6.1216781451703515));
#13578=IFCCARTESIANPOINT((1.1030183727034202,0.57176837270340797,4.6623195567630722));
#13579=IFCCARTESIANPOINT((1.1095800524934463,0.56520669291338166,4.6573983020437009));
#13580=IFCCARTESIANPOINT((1.1095800524934463,0.56520669291338166,4.5524283474446152));
#13581=IFCCARTESIANPOINT((1.1030183727034202,0.57176837270340797,4.5296505920298298));
#13582=IFCCARTESIANPOINT((1.1030183727034208,0.57176837270340797,5.7236712509706233));
#13583=IFCCARTESIANPOINT((1.1095800524934463,0.56520669291338166,5.7253116814061151));
#13584=IFCCARTESIANPOINT((1.1095800524934463,0.56520669291338166,5.5918225170662605));
#13585=IFCCARTESIANPOINT((1.1030183727034208,0.57176837270340797,5.5910022980665754));
#13586=IFCCARTESIANPOINT((1.1030183727034206,0.57176837270340797,5.1929954156960436));
#13587=IFCCARTESIANPOINT((1.1095800524934463,0.56520669291338166,5.1913549852605492));
#13588=IFCCARTESIANPOINT((1.1095800524934463,0.56520669291338166,5.0578658079919787));
#13589=IFCCARTESIANPOINT((1.1030183727034204,0.57176837270340797,5.0603264509628003));
#13590=IFCCARTESIANPOINT((1.1030183727034215,0.57176837270340797,6.3870160746368363));
#13591=IFCCARTESIANPOINT((1.1095800524934463,0.56520669291338144,6.3927575548202498));
#13592=IFCCARTESIANPOINT((1.1095800524934463,0.56520669291338144,6.3260129661859645));
#13593=IFCCARTESIANPOINT((1.1095800524934463,0.56520669291338166,4.4714241474755871));
#13594=IFCCARTESIANPOINT((1.1030183727034202,0.57176837270340797,4.4633161155778058));
#13595=IFCCARTESIANPOINT((1.1095800524934463,0.56520669291338144,6.4452425321197921));
#13596=IFCCARTESIANPOINT((1.1030183727034215,0.57176837270340797,6.4533505510888602));
#13597=IFCCARTESIANPOINT((1.1030183727034202,0.57176837270340797,4.7949885214963146));
#13598=IFCCARTESIANPOINT((1.1095800524934463,0.56520669291338166,4.7908874793122713));
#13599=IFCCARTESIANPOINT((1.1095800524934463,0.56520669291338166,4.7241428906779861));
#13600=IFCCARTESIANPOINT((1.1030183727034211,0.57176837270340797,5.8563402157038649));
#13601=IFCCARTESIANPOINT((1.1095800524934465,0.56520669291338155,5.8588008457459679));
#13602=IFCCARTESIANPOINT((1.1095800524934463,0.56520669291338155,5.7920562700404004));
#13603=IFCCARTESIANPOINT((1.1095800524934463,0.56520669291338166,5.3248441625291196));
#13604=IFCCARTESIANPOINT((1.1030183727034206,0.57176837270340797,5.3256643686000906));
#13605=IFCCARTESIANPOINT((1.1030183727034206,0.57176837270340797,5.39199885688131));
#13606=IFCCARTESIANPOINT((1.1095800524934463,0.56520669291338166,4.430922047491074));
#13607=IFCCARTESIANPOINT((1.1095800524934463,0.56520669291338155,6.4857446321043071));
#13608=IFCCARTESIANPOINT((1.10301837270342,0.57176837270340797,4.4374837300816452));
#13609=IFCCARTESIANPOINT((1.1077999371861966,0.56970027531096701,4.4503999183596408));
#13610=IFCCARTESIANPOINT((1.1030183727034202,0.57176837270340797,4.4964833597184155));
#13611=IFCCARTESIANPOINT((1.1095800524934463,0.56520669291338166,4.5119262474601012));
#13612=IFCCARTESIANPOINT((1.1074690757600263,0.57002819516566305,4.5130669735304956));
#13613=IFCCARTESIANPOINT((1.1030183727034215,0.57176837270340797,6.4791829365850218));
#13614=IFCCARTESIANPOINT((1.1077999373223091,0.56970027516613153,6.4662667498331938));
#13615=IFCCARTESIANPOINT((1.1073903608807152,0.5700996839254755,6.4194327148761925));
#13616=IFCCARTESIANPOINT((1.1030183727034202,0.57176837270340797,4.5959850684818528));
#13617=IFCCARTESIANPOINT((1.1072546057180468,0.57021767799743706,4.5536047588777979));
#13618=IFCCARTESIANPOINT((1.1095800524934463,0.56520669291338166,4.6049133247441576));
#13619=IFCCARTESIANPOINT((1.1095800524934463,0.56520669291338155,5.658567092771829));
#13620=IFCCARTESIANPOINT((1.1030183727034208,0.57176837270340797,5.6573367745185994));
#13621=IFCCARTESIANPOINT((1.1030183727034208,0.57176837270340797,5.5246678097853561));
#13622=IFCCARTESIANPOINT((1.1095800524934463,0.56520669291338166,5.5250779284319753));
#13623=IFCCARTESIANPOINT((1.1095800524934463,0.56520669291338166,5.2580995738948353));
#13624=IFCCARTESIANPOINT((1.1030183727034206,0.57176837270340797,5.2593298921480667));
#13625=IFCCARTESIANPOINT((1.1030183727034211,0.57176837270340797,6.0553436687183275));
#13626=IFCCARTESIANPOINT((1.1095800524934463,0.56520669291338155,6.0590346116488245));
#13627=IFCCARTESIANPOINT((1.1095800524934463,0.56520669291338166,4.9911212322864102));
#13628=IFCCARTESIANPOINT((1.1030183727034204,0.57176837270340797,4.9939919745107773));
#13629=IFCCARTESIANPOINT((1.1030183727034206,0.57176837270340797,5.1266609274148234));
#13630=IFCCARTESIANPOINT((1.1095800524934463,0.56520669291338166,5.1246103966262639));
#13631=IFCCARTESIANPOINT((1.1030183727034202,0.57176837270340797,4.8613229979483386));
#13632=IFCCARTESIANPOINT((1.1095800524934463,0.56520669291338166,4.8576320550178398));
#13633=IFCCARTESIANPOINT((1.1095800524934463,0.56520669291338155,5.9255454343802541));
#13634=IFCCARTESIANPOINT((1.1030183727034211,0.57176837270340797,5.9226746921558888));
#13635=IFCCARTESIANPOINT((1.1030183727034213,0.57176837270340797,6.1880126216223745));
#13636=IFCCARTESIANPOINT((1.1095800524934463,0.56520669291338155,6.1925237889173941));
#13637=IFCCARTESIANPOINT((1.1074628795031269,0.57003390753199956,4.6311558134348916));
#13638=IFCCARTESIANPOINT((1.10301837270342,0.57176837270340797,4.5628178243412432));
#13639=IFCCARTESIANPOINT((1.1077182794088558,0.56978561403380301,4.6689305444897533));
#13640=IFCCARTESIANPOINT((1.1030183727034202,0.57176837270340797,4.7286540450442915));
#13641=IFCCARTESIANPOINT((1.1030183727034202,0.57176837270340797,4.6954868009036819));
#13642=IFCCARTESIANPOINT((1.1075697746120934,0.56993325427790065,4.7120704228589609));
#13643=IFCCARTESIANPOINT((1.1076250277155488,0.56987941923385765,4.7601625099523472));
#13644=IFCCARTESIANPOINT((1.1095800524934463,0.56520669291338166,4.6907706028252019));
#13645=IFCCARTESIANPOINT((1.107739169770765,0.56976407337981039,4.5936950964864156));
#13646=IFCCARTESIANPOINT((1.1077196169268644,0.56978424077423162,6.3819369180974332));
#13647=IFCCARTESIANPOINT((1.1030183727034215,0.57176837270340797,6.3206815981848132));
#13648=IFCCARTESIANPOINT((1.1030183727034215,0.57176837270340797,6.3538488423254238));
#13649=IFCCARTESIANPOINT((1.1075565526453837,0.56994595071194043,6.3372652159943161));
#13650=IFCCARTESIANPOINT((1.1076130409068212,0.5698912063104693,6.2894351572298222));
#13651=IFCCARTESIANPOINT((1.1095800524934463,0.56520669291338155,6.3593852540387497));
#13652=IFCCARTESIANPOINT((1.1030183727034211,0.57176837270340797,5.7900057392518418));
#13653=IFCCARTESIANPOINT((1.1075680186539594,0.56993494453439153,5.8231729861163473));
#13654=IFCCARTESIANPOINT((1.1095800524934463,0.56520669291338166,5.3915887511634049));
#13655=IFCCARTESIANPOINT((1.1030183727034215,0.57176837270340797,6.4201833069482506));
#13656=IFCCARTESIANPOINT((1.1077299724409198,0.5697735813048832,5.6919393913242438));
#13657=IFCCARTESIANPOINT((1.1077124692045626,0.56979157019688698,5.625194805098916));
#13658=IFCCARTESIANPOINT((1.1076581811809045,0.56984650098690193,5.4915005797101433));
#13659=IFCCARTESIANPOINT((1.1076398275619406,0.56986478229181747,5.5578350609959077));
#13660=IFCCARTESIANPOINT((1.1077299724596947,0.56977358128551336,5.2247272876738551));
#13661=IFCCARTESIANPOINT((1.1076216316829322,0.56988276481556444,5.2924971358217832));
#13662=IFCCARTESIANPOINT((1.1075159268250534,0.56998452177069947,6.0221764299429985));
#13663=IFCCARTESIANPOINT((1.1074989134735356,0.5700004801504388,6.0885109112170275));
#13664=IFCCARTESIANPOINT((1.1077970854169998,0.56970330791445867,4.9577489424793315));
#13665=IFCCARTESIANPOINT((1.1075504821830238,0.56995175617236216,5.02715921048258));
#13666=IFCCARTESIANPOINT((1.1075857244092679,0.56991784352251407,5.1598281731878455));
#13667=IFCCARTESIANPOINT((1.1077641042105104,0.56973810264209201,5.0912381151288191));
#13668=IFCCARTESIANPOINT((1.1075159269409278,0.56998452166162261,4.8944902476162344));
#13669=IFCCARTESIANPOINT((1.1078289348100507,0.56966921841864093,4.8242597695720804));
#13670=IFCCARTESIANPOINT((1.1077970853685004,0.56970330796600055,5.9589177362102488));
#13671=IFCCARTESIANPOINT((1.107780737406542,0.56972061848889766,5.8921731499904855));
#13672=IFCCARTESIANPOINT((1.1074820797371423,0.57001615870325262,6.1548453924904916));
#13673=IFCCARTESIANPOINT((1.1074654281331813,0.57003155971687713,6.221179873763476));
#13674=IFCCARTESIANPOINT((1.1030183727034202,0.57176837270340797,4.6291523126224625));
#13675=IFCCARTESIANPOINT((1.1095800524934463,0.56520669291338166,4.7575151785307703));
#13676=IFCCARTESIANPOINT((1.1030183727034202,0.57176837270340786,4.7618212891849012));
#13677=IFCCARTESIANPOINT((1.1095800524934463,0.56520669291338155,6.2926406783331812));
#13678=IFCCARTESIANPOINT((1.1030183727034213,0.57176837270340797,6.2875143540442036));
#13679=IFCCARTESIANPOINT((1.1077471833017565,0.56975575787135946,5.7586839775477259));
#13680=IFCCARTESIANPOINT((1.1030183727034211,0.57176837270340797,5.8231729833924524));
#13681=IFCCARTESIANPOINT((1.1095800524934463,0.56520669291338166,5.8254285578931846));
#13682=IFCCARTESIANPOINT((1.1076581812308857,0.56984650093692057,5.4251660984199352));
#13683=IFCCARTESIANPOINT((1.107694671184033,0.5698097217191852,5.3582164601698041));
#13684=IFCCARTESIANPOINT((1.1095800524934463,0.56520669291338155,5.69193939355333));
#13685=IFCCARTESIANPOINT((1.1030183727034208,0.57176837270340797,5.6905040068300128));
#13686=IFCCARTESIANPOINT((1.1095800524934463,0.56520669291338155,5.6251948049190457));
#13687=IFCCARTESIANPOINT((1.1030183727034208,0.57176837270340797,5.624169542207186));
#13688=IFCCARTESIANPOINT((1.107339067573172,0.57014503651314663,5.6585771286889663));
#13689=IFCCARTESIANPOINT((1.1030183727034206,0.57176837270340797,5.4915005656447464));
#13690=IFCCARTESIANPOINT((1.1095800524934463,0.56520669291338166,5.4917056405791911));
#13691=IFCCARTESIANPOINT((1.1030183727034208,0.57176837270340797,5.5578350539259658));
#13692=IFCCARTESIANPOINT((1.1073659537935252,0.57012138317135319,5.591548027216021));
#13693=IFCCARTESIANPOINT((1.1095800524934465,0.56520669291338166,5.5584502162847595));
#13694=IFCCARTESIANPOINT((1.1079768837845356,0.56950422819832069,5.5246773250342276));
#13695=IFCCARTESIANPOINT((1.1095800524934463,0.56520669291338166,5.2247272860420502));
#13696=IFCCARTESIANPOINT((1.1030183727034206,0.57176837270340797,5.2261626598366533));
#13697=IFCCARTESIANPOINT((1.1030183727034206,0.57176837270340786,5.2924971244594801));
#13698=IFCCARTESIANPOINT((1.1095800524934463,0.56520669291338166,5.2914718617476186));
#13699=IFCCARTESIANPOINT((1.1079178038355855,0.56957146280972304,5.2586527584071536));
#13700=IFCCARTESIANPOINT((1.1030183727034211,0.57176837270340797,6.0221764245777187));
#13701=IFCCARTESIANPOINT((1.1095800524934463,0.56520669291338155,6.0256623237960394));
#13702=IFCCARTESIANPOINT((1.1030183727034211,0.57176837270340797,6.0885109128589372));
#13703=IFCCARTESIANPOINT((1.1095800524934463,0.56520669291338155,6.0924068995016087));
#13704=IFCCARTESIANPOINT((1.1079790847698634,0.56950168737911544,6.0553557950319457));
#13705=IFCCARTESIANPOINT((1.1095800524934463,0.56520669291338166,4.9577489315049093));
#13706=IFCCARTESIANPOINT((1.1030183727034204,0.57176837270340797,4.9608247303701685));
#13707=IFCCARTESIANPOINT((1.1030183727034204,0.57176837270340786,5.0271592186513869));
#13708=IFCCARTESIANPOINT((1.1095800524934463,0.56520669291338166,5.0244935201391954));
#13709=IFCCARTESIANPOINT((1.1078455444339612,0.56965124629372321,4.9925169406702157));
#13710=IFCCARTESIANPOINT((1.1030183727034206,0.57176837270340797,5.1598281715554339));
#13711=IFCCARTESIANPOINT((1.1095800524934463,0.56520669291338166,5.1579826844790491));
#13712=IFCCARTESIANPOINT((1.1095800524934463,0.56520669291338166,5.0912381087734797));
#13713=IFCCARTESIANPOINT((1.1030183727034204,0.57176837270340797,5.0934936832742146));
#13714=IFCCARTESIANPOINT((1.1074246884689489,0.57006879359531881,5.1254682128792837));
#13715=IFCCARTESIANPOINT((1.1030183727034204,0.57176837270340797,4.8944902420889473));
#13716=IFCCARTESIANPOINT((1.1095800524934463,0.56520669291338166,4.8910043557993408));
#13717=IFCCARTESIANPOINT((1.1095800524934463,0.56520669291338166,4.8242597671650556));
#13718=IFCCARTESIANPOINT((1.1030183727034202,0.57176837270340797,4.8281557538077289));
#13719=IFCCARTESIANPOINT((1.1075031246085185,0.56999654072062511,4.8592982078152875));
#13720=IFCCARTESIANPOINT((1.1095800524934463,0.56520669291338155,5.9589177222330383));
#13721=IFCCARTESIANPOINT((1.1030183727034211,0.57176837270340797,5.9558419362964985));
#13722=IFCCARTESIANPOINT((1.1095800524934463,0.56520669291338155,5.8921731465274689));
#13723=IFCCARTESIANPOINT((1.1078638387954789,0.56963129459235218,5.8576125743654988));
#13724=IFCCARTESIANPOINT((1.1030183727034211,0.57176837270340797,5.8895074480152791));
#13725=IFCCARTESIANPOINT((1.1073375841590261,0.57014633400040426,5.925556760629302));
#13726=IFCCARTESIANPOINT((1.1030183727034213,0.57176837270340797,6.1548453774817649));
#13727=IFCCARTESIANPOINT((1.1095800524934463,0.56520669291338144,6.1591515010646098));
#13728=IFCCARTESIANPOINT((1.1079809549863384,0.56949952633107981,6.121690565686488));
#13729=IFCCARTESIANPOINT((1.1030183727034213,0.57176837270340797,6.2211798657629842));
#13730=IFCCARTESIANPOINT((1.1074009305100112,0.57009021917405911,6.2553360765810249));
#13731=IFCCARTESIANPOINT((1.1095800524934463,0.56520669291338155,6.2258960767701801));
#13732=IFCCARTESIANPOINT((1.1079831730164771,0.5694969609141376,6.1880253271916343));
#13733=IFCCARTESIANPOINT((1.1095800524934465,0.56520669291338155,5.7586839692588985));
#13734=IFCCARTESIANPOINT((1.10796606692282,0.56951667708715259,5.7253053589537561));
#13735=IFCCARTESIANPOINT((1.1030183727034211,0.57176837270340797,5.7568384951112321));
#13736=IFCCARTESIANPOINT((1.1030183727034206,0.57176837270340786,5.4251661010219188));
#13737=IFCCARTESIANPOINT((1.1073152276629401,0.57016579354995756,5.4583333390297195));
#13738=IFCCARTESIANPOINT((1.1095800524934463,0.56520669291338166,5.4249610390161891));
#13739=IFCCARTESIANPOINT((1.1095800524934463,0.56520669291338166,5.3582164633106206));
#13740=IFCCARTESIANPOINT((1.1030183727034206,0.57176837270340797,5.3588316127406994));
#13741=IFCCARTESIANPOINT((1.1073463978023592,0.57013861347334549,5.3916735221826055));
#13742=IFCCARTESIANPOINT((1.1095800524934465,0.55208333333332904,6.5262467191601043));
#13743=IFCCARTESIANPOINT((0.83411562824716246,0.55536417322834275,6.4606299212598426));
#13744=IFCCARTESIANPOINT((0.87499999810683526,0.57176837270340841,6.477034120734908));
#13745=IFCCARTESIANPOINT((0.91588436938375706,0.55536417322834264,6.4606299212598426));
#13746=IFCCARTESIANPOINT((0.87499999210770696,0.56650196261560759,6.4649905578076563));
#13747=IFCCARTESIANPOINT((0.93228856804899718,0.57176837270340841,6.477034120734908));
#13748=IFCCARTESIANPOINT((0.81771142816467335,0.57176837270340852,6.477034120734908));
#13749=IFCCARTESIANPOINT((0.96226370938333627,0.5651849930075199,6.4638945142231945));
#13750=IFCCARTESIANPOINT((0.78773628022881748,0.5651849928259931,6.4638945140875173));
#13751=IFCCARTESIANPOINT((0.80899002326128533,0.57176837270340841,6.5196850393700796));
#13752=IFCCARTESIANPOINT((0.87500000000000711,0.56520669291338199,6.5262467191601061));
#13753=IFCCARTESIANPOINT((0.94757165395836207,0.56520669291338188,6.5262467191601061));
#13754=IFCCARTESIANPOINT((0.75770997541735896,0.56520669291338221,6.5262467191601061));
#13755=IFCCARTESIANPOINT((0.95600419601184883,0.57176837270340819,6.5196850393700796));
#13756=IFCCARTESIANPOINT((0.88249710963656713,0.5717683727034083,6.5196850393700796));
#13757=IFCCARTESIANPOINT((0.7279858252789394,0.57176837270340863,6.5196850393700787));
#13758=IFCCARTESIANPOINT((1.0285758548899775,0.56520669291338188,6.5262467191601061));
#13759=IFCCARTESIANPOINT((1.0295112823871306,0.57176837270340808,6.5196850393700796));
#13760=IFCCARTESIANPOINT((0.99275773919948973,0.57176837270340808,6.5196850393700796));
#13761=IFCCARTESIANPOINT((0.72142414511003683,0.56520669291338221,6.5262467191601061));
#13762=IFCCARTESIANPOINT((0.68748372431726201,0.57176837270340863,6.5196850393700787));
#13763=IFCCARTESIANPOINT((1.0690779520276403,0.56520669291338177,6.5262467191601061));
#13764=IFCCARTESIANPOINT((0.98807375442416978,0.56520669291338188,6.5262467191601061));
#13765=IFCCARTESIANPOINT((0.68092204797237388,0.56520669291338232,6.5262467191601061));
#13766=IFCCARTESIANPOINT((1.062516271741744,0.57176837270340797,6.5196850393700796));
#13767=IFCCARTESIANPOINT((1.0460137780739922,0.56982494081610258,6.5243463082934365));
#13768=IFCCARTESIANPOINT((0.73956705844610238,0.56971249274104241,6.5244550927848639));
#13769=IFCCARTESIANPOINT((0.81635498770868298,0.5652066929133821,6.5262467191601061));
#13770=IFCCARTESIANPOINT((0.84574356644892623,0.57176837270340841,6.5196850393700796));
#13771=IFCCARTESIANPOINT((0.78432230611656606,0.56977844874675831,6.5243919162823039));
#13772=IFCCARTESIANPOINT((0.97438096672765329,0.5699471502060276,6.5242219663392342));
#13773=IFCCARTESIANPOINT((0.82736679156847437,0.56999080688105686,6.5241759073497843));
#13774=IFCCARTESIANPOINT((0.93285782897512015,0.57005768671125245,6.524103579948128));
#13775=IFCCARTESIANPOINT((0.76848792624061701,0.57176837270340841,6.5196850393700796));
#13776=IFCCARTESIANPOINT((1.0100963064346464,0.56927654127932747,6.5248320750164543));
#13777=IFCCARTESIANPOINT((0.91128582697918459,0.56520669291338199,6.5262467191601061));
#13778=IFCCARTESIANPOINT((0.89314291141644131,0.5696979895979023,6.5244687508745978));
#13779=IFCCARTESIANPOINT((0.91925065282420793,0.57176837270340819,6.5196850393700796));
#13780=IFCCARTESIANPOINT((0.67946161963433438,0.56988846557721884,6.5242825002335341));
#13781=IFCPOLYLOOP((#13223,#13224,#13225,#13226));
#13782=IFCFACEOUTERBOUND(#13781,.T.);
#13783=IFCFACE((#13782));
#13784=IFCPOLYLOOP((#13227,#13228,#13229,#13230,#13243,#13242,#13266,#13240,#13253,#13252,#13261,#13238,#13275,#13248,#13270,#13239,#13246,#13245,#13255));
#13785=IFCFACEOUTERBOUND(#13784,.T.);
#13786=IFCFACE((#13785));
#13787=IFCPOLYLOOP((#13263,#13254,#13241));
#13788=IFCFACEOUTERBOUND(#13787,.T.);
#13789=IFCFACE((#13788));
#13790=IFCPOLYLOOP((#13256,#13272,#13268));
#13791=IFCFACEOUTERBOUND(#13790,.T.);
#13792=IFCFACE((#13791));
#13793=IFCPOLYLOOP((#13255,#13279,#13280));
#13794=IFCFACEOUTERBOUND(#13793,.T.);
#13795=IFCFACE((#13794));
#13796=IFCPOLYLOOP((#13241,#13265,#13263));
#13797=IFCFACEOUTERBOUND(#13796,.T.);
#13798=IFCFACE((#13797));
#13799=IFCPOLYLOOP((#13279,#13255,#13245));
#13800=IFCFACEOUTERBOUND(#13799,.T.);
#13801=IFCFACE((#13800));
#13802=IFCPOLYLOOP((#13257,#13258,#13259));
#13803=IFCFACEOUTERBOUND(#13802,.T.);
#13804=IFCFACE((#13803));
#13805=IFCPOLYLOOP((#13246,#13239,#13268));
#13806=IFCFACEOUTERBOUND(#13805,.T.);
#13807=IFCFACE((#13806));
#13808=IFCPOLYLOOP((#13249,#13250,#13271));
#13809=IFCFACEOUTERBOUND(#13808,.T.);
#13810=IFCFACE((#13809));
#13811=IFCPOLYLOOP((#13260,#13262,#13281));
#13812=IFCFACEOUTERBOUND(#13811,.T.);
#13813=IFCFACE((#13812));
#13814=IFCPOLYLOOP((#13275,#13276,#13273));
#13815=IFCFACEOUTERBOUND(#13814,.T.);
#13816=IFCFACE((#13815));
#13817=IFCPOLYLOOP((#13278,#13265,#13264));
#13818=IFCFACEOUTERBOUND(#13817,.T.);
#13819=IFCFACE((#13818));
#13820=IFCPOLYLOOP((#13267,#13230,#13233));
#13821=IFCFACEOUTERBOUND(#13820,.T.);
#13822=IFCFACE((#13821));
#13823=IFCPOLYLOOP((#13254,#13263,#13267));
#13824=IFCFACEOUTERBOUND(#13823,.T.);
#13825=IFCFACE((#13824));
#13826=IFCPOLYLOOP((#13280,#13279,#13247));
#13827=IFCFACEOUTERBOUND(#13826,.T.);
#13828=IFCFACE((#13827));
#13829=IFCPOLYLOOP((#13249,#13271,#13273));
#13830=IFCFACEOUTERBOUND(#13829,.T.);
#13831=IFCFACE((#13830));
#13832=IFCPOLYLOOP((#13272,#13246,#13268));
#13833=IFCFACEOUTERBOUND(#13832,.T.);
#13834=IFCFACE((#13833));
#13835=IFCPOLYLOOP((#13227,#13255,#13280));
#13836=IFCFACEOUTERBOUND(#13835,.T.);
#13837=IFCFACE((#13836));
#13838=IFCPOLYLOOP((#13231,#13232,#13280));
#13839=IFCFACEOUTERBOUND(#13838,.T.);
#13840=IFCFACE((#13839));
#13841=IFCPOLYLOOP((#13269,#13236,#13268));
#13842=IFCFACEOUTERBOUND(#13841,.T.);
#13843=IFCFACE((#13842));
#13844=IFCPOLYLOOP((#13271,#13269,#13270));
#13845=IFCFACEOUTERBOUND(#13844,.T.);
#13846=IFCFACE((#13845));
#13847=IFCPOLYLOOP((#13237,#13257,#13259));
#13848=IFCFACEOUTERBOUND(#13847,.T.);
#13849=IFCFACE((#13848));
#13850=IFCPOLYLOOP((#13252,#13258,#13260));
#13851=IFCFACEOUTERBOUND(#13850,.T.);
#13852=IFCFACE((#13851));
#13853=IFCPOLYLOOP((#13252,#13253,#13258));
#13854=IFCFACEOUTERBOUND(#13853,.T.);
#13855=IFCFACE((#13854));
#13856=IFCPOLYLOOP((#13234,#13254,#13267));
#13857=IFCFACEOUTERBOUND(#13856,.T.);
#13858=IFCFACE((#13857));
#13859=IFCPOLYLOOP((#13263,#13242,#13243));
#13860=IFCFACEOUTERBOUND(#13859,.T.);
#13861=IFCFACE((#13860));
#13862=IFCPOLYLOOP((#13258,#13251,#13260));
#13863=IFCFACEOUTERBOUND(#13862,.T.);
#13864=IFCFACE((#13863));
#13865=IFCPOLYLOOP((#13272,#13244,#13279));
#13866=IFCFACEOUTERBOUND(#13865,.T.);
#13867=IFCFACE((#13866));
#13868=IFCPOLYLOOP((#13251,#13258,#13257));
#13869=IFCFACEOUTERBOUND(#13868,.T.);
#13870=IFCFACE((#13869));
#13871=IFCPOLYLOOP((#13259,#13258,#13253));
#13872=IFCFACEOUTERBOUND(#13871,.T.);
#13873=IFCFACE((#13872));
#13874=IFCPOLYLOOP((#13253,#13240,#13259));
#13875=IFCFACEOUTERBOUND(#13874,.T.);
#13876=IFCFACE((#13875));
#13877=IFCPOLYLOOP((#13259,#13240,#13278));
#13878=IFCFACEOUTERBOUND(#13877,.T.);
#13879=IFCFACE((#13878));
#13880=IFCPOLYLOOP((#13262,#13235,#13277));
#13881=IFCFACEOUTERBOUND(#13880,.T.);
#13882=IFCFACE((#13881));
#13883=IFCPOLYLOOP((#13260,#13251,#13262));
#13884=IFCFACEOUTERBOUND(#13883,.T.);
#13885=IFCFACE((#13884));
#13886=IFCPOLYLOOP((#13235,#13276,#13277));
#13887=IFCFACEOUTERBOUND(#13886,.T.);
#13888=IFCFACE((#13887));
#13889=IFCPOLYLOOP((#13261,#13252,#13260));
#13890=IFCFACEOUTERBOUND(#13889,.T.);
#13891=IFCFACE((#13890));
#13892=IFCPOLYLOOP((#13263,#13243,#13267));
#13893=IFCFACEOUTERBOUND(#13892,.T.);
#13894=IFCFACE((#13893));
#13895=IFCPOLYLOOP((#13230,#13267,#13243));
#13896=IFCFACEOUTERBOUND(#13895,.T.);
#13897=IFCFACE((#13896));
#13898=IFCPOLYLOOP((#13263,#13265,#13242));
#13899=IFCFACEOUTERBOUND(#13898,.T.);
#13900=IFCFACE((#13899));
#13901=IFCPOLYLOOP((#13241,#13264,#13265));
#13902=IFCFACEOUTERBOUND(#13901,.T.);
#13903=IFCFACE((#13902));
#13904=IFCPOLYLOOP((#13240,#13266,#13278));
#13905=IFCFACEOUTERBOUND(#13904,.T.);
#13906=IFCFACE((#13905));
#13907=IFCPOLYLOOP((#13237,#13278,#13264));
#13908=IFCFACEOUTERBOUND(#13907,.T.);
#13909=IFCFACE((#13908));
#13910=IFCPOLYLOOP((#13266,#13242,#13265));
#13911=IFCFACEOUTERBOUND(#13910,.T.);
#13912=IFCFACE((#13911));
#13913=IFCPOLYLOOP((#13234,#13267,#13233));
#13914=IFCFACEOUTERBOUND(#13913,.T.);
#13915=IFCFACE((#13914));
#13916=IFCPOLYLOOP((#13269,#13268,#13239));
#13917=IFCFACEOUTERBOUND(#13916,.T.);
#13918=IFCFACE((#13917));
#13919=IFCPOLYLOOP((#13256,#13268,#13236));
#13920=IFCFACEOUTERBOUND(#13919,.T.);
#13921=IFCFACE((#13920));
#13922=IFCPOLYLOOP((#13271,#13248,#13273));
#13923=IFCFACEOUTERBOUND(#13922,.T.);
#13924=IFCFACE((#13923));
#13925=IFCPOLYLOOP((#13250,#13236,#13269));
#13926=IFCFACEOUTERBOUND(#13925,.T.);
#13927=IFCFACE((#13926));
#13928=IFCPOLYLOOP((#13269,#13239,#13270));
#13929=IFCFACEOUTERBOUND(#13928,.T.);
#13930=IFCFACE((#13929));
#13931=IFCPOLYLOOP((#13271,#13270,#13248));
#13932=IFCFACEOUTERBOUND(#13931,.T.);
#13933=IFCFACE((#13932));
#13934=IFCPOLYLOOP((#13269,#13271,#13250));
#13935=IFCFACEOUTERBOUND(#13934,.T.);
#13936=IFCFACE((#13935));
#13937=IFCPOLYLOOP((#13244,#13272,#13256));
#13938=IFCFACEOUTERBOUND(#13937,.T.);
#13939=IFCFACE((#13938));
#13940=IFCPOLYLOOP((#13245,#13246,#13272));
#13941=IFCFACEOUTERBOUND(#13940,.T.);
#13942=IFCFACE((#13941));
#13943=IFCPOLYLOOP((#13276,#13275,#13238));
#13944=IFCFACEOUTERBOUND(#13943,.T.);
#13945=IFCFACE((#13944));
#13946=IFCPOLYLOOP((#13273,#13248,#13275));
#13947=IFCFACEOUTERBOUND(#13946,.T.);
#13948=IFCFACE((#13947));
#13949=IFCPOLYLOOP((#13276,#13235,#13274));
#13950=IFCFACEOUTERBOUND(#13949,.T.);
#13951=IFCFACE((#13950));
#13952=IFCPOLYLOOP((#13274,#13249,#13273));
#13953=IFCFACEOUTERBOUND(#13952,.T.);
#13954=IFCFACE((#13953));
#13955=IFCPOLYLOOP((#13276,#13238,#13277));
#13956=IFCFACEOUTERBOUND(#13955,.T.);
#13957=IFCFACE((#13956));
#13958=IFCPOLYLOOP((#13273,#13276,#13274));
#13959=IFCFACEOUTERBOUND(#13958,.T.);
#13960=IFCFACE((#13959));
#13961=IFCPOLYLOOP((#13238,#13261,#13277));
#13962=IFCFACEOUTERBOUND(#13961,.T.);
#13963=IFCFACE((#13962));
#13964=IFCPOLYLOOP((#13277,#13261,#13281));
#13965=IFCFACEOUTERBOUND(#13964,.T.);
#13966=IFCFACE((#13965));
#13967=IFCPOLYLOOP((#13278,#13266,#13265));
#13968=IFCFACEOUTERBOUND(#13967,.T.);
#13969=IFCFACE((#13968));
#13970=IFCPOLYLOOP((#13259,#13278,#13237));
#13971=IFCFACEOUTERBOUND(#13970,.T.);
#13972=IFCFACE((#13971));
#13973=IFCPOLYLOOP((#13272,#13279,#13245));
#13974=IFCFACEOUTERBOUND(#13973,.T.);
#13975=IFCFACE((#13974));
#13976=IFCPOLYLOOP((#13247,#13279,#13244));
#13977=IFCFACEOUTERBOUND(#13976,.T.);
#13978=IFCFACE((#13977));
#13979=IFCPOLYLOOP((#13231,#13280,#13247));
#13980=IFCFACEOUTERBOUND(#13979,.T.);
#13981=IFCFACE((#13980));
#13982=IFCPOLYLOOP((#13227,#13280,#13232));
#13983=IFCFACEOUTERBOUND(#13982,.T.);
#13984=IFCFACE((#13983));
#13985=IFCPOLYLOOP((#13277,#13281,#13262));
#13986=IFCFACEOUTERBOUND(#13985,.T.);
#13987=IFCFACE((#13986));
#13988=IFCPOLYLOOP((#13261,#13260,#13281));
#13989=IFCFACEOUTERBOUND(#13988,.T.);
#13990=IFCFACE((#13989));
#13991=IFCPOLYLOOP((#13316,#13334,#13335));
#13992=IFCFACEOUTERBOUND(#13991,.T.);
#13993=IFCFACE((#13992));
#13994=IFCPOLYLOOP((#13379,#13304,#13413));
#13995=IFCFACEOUTERBOUND(#13994,.T.);
#13996=IFCFACE((#13995));
#13997=IFCPOLYLOOP((#13448,#13423,#13383));
#13998=IFCFACEOUTERBOUND(#13997,.T.);
#13999=IFCFACE((#13998));
#14000=IFCPOLYLOOP((#13399,#13322,#13453));
#14001=IFCFACEOUTERBOUND(#14000,.T.);
#14002=IFCFACE((#14001));
#14003=IFCPOLYLOOP((#13336,#13357,#13365));
#14004=IFCFACEOUTERBOUND(#14003,.T.);
#14005=IFCFACE((#14004));
#14006=IFCPOLYLOOP((#13332,#13301,#13337));
#14007=IFCFACEOUTERBOUND(#14006,.T.);
#14008=IFCFACE((#14007));
#14009=IFCPOLYLOOP((#13385,#13348,#13427,#13309));
#14010=IFCFACEOUTERBOUND(#14009,.T.);
#14011=IFCFACE((#14010));
#14012=IFCPOLYLOOP((#13366,#13369,#13368));
#14013=IFCFACEOUTERBOUND(#14012,.T.);
#14014=IFCFACE((#14013));
#14015=IFCPOLYLOOP((#13329,#13328,#13314,#13330));
#14016=IFCFACEOUTERBOUND(#14015,.T.);
#14017=IFCFACE((#14016));
#14018=IFCPOLYLOOP((#13456,#13461,#13460,#13325));
#14019=IFCFACEOUTERBOUND(#14018,.T.);
#14020=IFCFACE((#14019));
#14021=IFCPOLYLOOP((#13450,#13451,#13393));
#14022=IFCFACEOUTERBOUND(#14021,.T.);
#14023=IFCFACE((#14022));
#14024=IFCPOLYLOOP((#13368,#13369,#13367));
#14025=IFCFACEOUTERBOUND(#14024,.T.);
#14026=IFCFACE((#14025));
#14027=IFCPOLYLOOP((#13452,#13447,#13392));
#14028=IFCFACEOUTERBOUND(#14027,.T.);
#14029=IFCFACE((#14028));
#14030=IFCPOLYLOOP((#13424,#13421,#13382));
#14031=IFCFACEOUTERBOUND(#14030,.T.);
#14032=IFCFACE((#14031));
#14033=IFCPOLYLOOP((#13359,#13299,#13357));
#14034=IFCFACEOUTERBOUND(#14033,.T.);
#14035=IFCFACE((#14034));
#14036=IFCPOLYLOOP((#13389,#13439,#13352));
#14037=IFCFACEOUTERBOUND(#14036,.T.);
#14038=IFCFACE((#14037));
#14039=IFCPOLYLOOP((#13301,#13332,#13330));
#14040=IFCFACEOUTERBOUND(#14039,.T.);
#14041=IFCFACE((#14040));
#14042=IFCPOLYLOOP((#13333,#13285,#13286));
#14043=IFCFACEOUTERBOUND(#14042,.T.);
#14044=IFCFACE((#14043));
#14045=IFCPOLYLOOP((#13283,#13284,#13328));
#14046=IFCFACEOUTERBOUND(#14045,.T.);
#14047=IFCFACE((#14046));
#14048=IFCPOLYLOOP((#13408,#13405,#13376));
#14049=IFCFACEOUTERBOUND(#14048,.T.);
#14050=IFCFACE((#14049));
#14051=IFCPOLYLOOP((#13443,#13444,#13391));
#14052=IFCFACEOUTERBOUND(#14051,.T.);
#14053=IFCFACE((#14052));
#14054=IFCPOLYLOOP((#13412,#13407,#13377));
#14055=IFCFACEOUTERBOUND(#14054,.T.);
#14056=IFCFACE((#14055));
#14057=IFCPOLYLOOP((#13414,#13410,#13378));
#14058=IFCFACEOUTERBOUND(#14057,.T.);
#14059=IFCFACE((#14058));
#14060=IFCPOLYLOOP((#13461,#13456,#13402));
#14061=IFCFACEOUTERBOUND(#14060,.T.);
#14062=IFCFACE((#14061));
#14063=IFCPOLYLOOP((#13387,#13434,#13350));
#14064=IFCFACEOUTERBOUND(#14063,.T.);
#14065=IFCFACE((#14064));
#14066=IFCPOLYLOOP((#13387,#13350,#13432,#13308));
#14067=IFCFACEOUTERBOUND(#14066,.T.);
#14068=IFCFACE((#14067));
#14069=IFCPOLYLOOP((#13385,#13429,#13348));
#14070=IFCFACEOUTERBOUND(#14069,.T.);
#14071=IFCFACE((#14070));
#14072=IFCPOLYLOOP((#13329,#13326,#13283));
#14073=IFCFACEOUTERBOUND(#14072,.T.);
#14074=IFCFACE((#14073));
#14075=IFCPOLYLOOP((#13333,#13334,#13316));
#14076=IFCFACEOUTERBOUND(#14075,.T.);
#14077=IFCFACE((#14076));
#14078=IFCPOLYLOOP((#13335,#13366,#13310));
#14079=IFCFACEOUTERBOUND(#14078,.T.);
#14080=IFCFACE((#14079));
#14081=IFCPOLYLOOP((#13313,#13329,#13332));
#14082=IFCFACEOUTERBOUND(#14081,.T.);
#14083=IFCFACE((#14082));
#14084=IFCPOLYLOOP((#13311,#13366,#13335));
#14085=IFCFACEOUTERBOUND(#14084,.T.);
#14086=IFCFACE((#14085));
#14087=IFCPOLYLOOP((#13286,#13334,#13333));
#14088=IFCFACEOUTERBOUND(#14087,.T.);
#14089=IFCFACE((#14088));
#14090=IFCPOLYLOOP((#13362,#13363,#13319));
#14091=IFCFACEOUTERBOUND(#14090,.T.);
#14092=IFCFACE((#14091));
#14093=IFCPOLYLOOP((#13389,#13352,#13437,#13318));
#14094=IFCFACEOUTERBOUND(#14093,.T.);
#14095=IFCFACE((#14094));
#14096=IFCPOLYLOOP((#13362,#13361,#13360));
#14097=IFCFACEOUTERBOUND(#14096,.T.);
#14098=IFCFACE((#14097));
#14099=IFCPOLYLOOP((#13454,#13455,#13399));
#14100=IFCFACEOUTERBOUND(#14099,.T.);
#14101=IFCFACE((#14100));
#14102=IFCPOLYLOOP((#13445,#13441,#13390));
#14103=IFCFACEOUTERBOUND(#14102,.T.);
#14104=IFCFACE((#14103));
#14105=IFCPOLYLOOP((#13443,#13401,#13373));
#14106=IFCFACEOUTERBOUND(#14105,.T.);
#14107=IFCFACE((#14106));
#14108=IFCPOLYLOOP((#13381,#13419,#13344));
#14109=IFCFACEOUTERBOUND(#14108,.T.);
#14110=IFCFACE((#14109));
#14111=IFCPOLYLOOP((#13381,#13344,#13417,#13324));
#14112=IFCFACEOUTERBOUND(#14111,.T.);
#14113=IFCFACE((#14112));
#14114=IFCPOLYLOOP((#13291,#13409,#13457,#13456));
#14115=IFCFACEOUTERBOUND(#14114,.T.);
#14116=IFCFACE((#14115));
#14117=IFCPOLYLOOP((#13326,#13282,#13283));
#14118=IFCFACEOUTERBOUND(#14117,.T.);
#14119=IFCFACE((#14118));
#14120=IFCPOLYLOOP((#13286,#13287,#13327));
#14121=IFCFACEOUTERBOUND(#14120,.T.);
#14122=IFCFACE((#14121));
#14123=IFCPOLYLOOP((#13328,#13329,#13283));
#14124=IFCFACEOUTERBOUND(#14123,.T.);
#14125=IFCFACE((#14124));
#14126=IFCPOLYLOOP((#13313,#13326,#13329));
#14127=IFCFACEOUTERBOUND(#14126,.T.);
#14128=IFCFACE((#14127));
#14129=IFCPOLYLOOP((#13332,#13300,#13331,#13313));
#14130=IFCFACEOUTERBOUND(#14129,.T.);
#14131=IFCFACE((#14130));
#14132=IFCPOLYLOOP((#13332,#13329,#13330));
#14133=IFCFACEOUTERBOUND(#14132,.T.);
#14134=IFCFACE((#14133));
#14135=IFCPOLYLOOP((#13454,#13404,#13376));
#14136=IFCFACEOUTERBOUND(#14135,.T.);
#14137=IFCFACE((#14136));
#14138=IFCPOLYLOOP((#13334,#13286,#13327));
#14139=IFCFACEOUTERBOUND(#14138,.T.);
#14140=IFCFACE((#14139));
#14141=IFCPOLYLOOP((#13327,#13315,#13334));
#14142=IFCFACEOUTERBOUND(#14141,.T.);
#14143=IFCFACE((#14142));
#14144=IFCPOLYLOOP((#13335,#13334,#13315));
#14145=IFCFACEOUTERBOUND(#14144,.T.);
#14146=IFCFACE((#14145));
#14147=IFCPOLYLOOP((#13311,#13335,#13315));
#14148=IFCFACEOUTERBOUND(#14147,.T.);
#14149=IFCFACE((#14148));
#14150=IFCPOLYLOOP((#13335,#13310,#13375,#13316));
#14151=IFCFACEOUTERBOUND(#14150,.T.);
#14152=IFCFACE((#14151));
#14153=IFCPOLYLOOP((#13332,#13337,#13300));
#14154=IFCFACEOUTERBOUND(#14153,.T.);
#14155=IFCFACE((#14154));
#14156=IFCPOLYLOOP((#13337,#13301,#13358));
#14157=IFCFACEOUTERBOUND(#14156,.T.);
#14158=IFCFACE((#14157));
#14159=IFCPOLYLOOP((#13357,#13298,#13359));
#14160=IFCFACEOUTERBOUND(#14159,.T.);
#14161=IFCFACE((#14160));
#14162=IFCPOLYLOOP((#13357,#13299,#13338));
#14163=IFCFACEOUTERBOUND(#14162,.T.);
#14164=IFCFACE((#14163));
#14165=IFCPOLYLOOP((#13337,#13365,#13300));
#14166=IFCFACEOUTERBOUND(#14165,.T.);
#14167=IFCFACE((#14166));
#14168=IFCPOLYLOOP((#13377,#13339,#13406,#13304));
#14169=IFCFACEOUTERBOUND(#14168,.T.);
#14170=IFCFACE((#14169));
#14171=IFCPOLYLOOP((#13457,#13409,#13378));
#14172=IFCFACEOUTERBOUND(#14171,.T.);
#14173=IFCFACE((#14172));
#14174=IFCPOLYLOOP((#13379,#13341,#13411));
#14175=IFCFACEOUTERBOUND(#14174,.T.);
#14176=IFCFACE((#14175));
#14177=IFCPOLYLOOP((#13415,#13419,#13418,#13343));
#14178=IFCFACEOUTERBOUND(#14177,.T.);
#14179=IFCFACE((#14178));
#14180=IFCPOLYLOOP((#13419,#13415,#13380));
#14181=IFCFACEOUTERBOUND(#14180,.T.);
#14182=IFCFACE((#14181));
#14183=IFCPOLYLOOP((#13382,#13293,#13420,#13345));
#14184=IFCFACEOUTERBOUND(#14183,.T.);
#14185=IFCFACE((#14184));
#14186=IFCPOLYLOOP((#13383,#13345,#13422,#13297));
#14187=IFCFACEOUTERBOUND(#14186,.T.);
#14188=IFCFACE((#14187));
#14189=IFCPOLYLOOP((#13347,#13384,#13429));
#14190=IFCFACEOUTERBOUND(#14189,.T.);
#14191=IFCFACE((#14190));
#14192=IFCPOLYLOOP((#13384,#13347,#13425,#13289));
#14193=IFCFACEOUTERBOUND(#14192,.T.);
#14194=IFCFACE((#14193));
#14195=IFCPOLYLOOP((#13430,#13434,#13433,#13349));
#14196=IFCFACEOUTERBOUND(#14195,.T.);
#14197=IFCFACE((#14196));
#14198=IFCPOLYLOOP((#13434,#13430,#13386));
#14199=IFCFACEOUTERBOUND(#14198,.T.);
#14200=IFCFACE((#14199));
#14201=IFCPOLYLOOP((#13351,#13388,#13439));
#14202=IFCFACEOUTERBOUND(#14201,.T.);
#14203=IFCFACE((#14202));
#14204=IFCPOLYLOOP((#13388,#13351,#13435,#13292));
#14205=IFCFACEOUTERBOUND(#14204,.T.);
#14206=IFCFACE((#14205));
#14207=IFCPOLYLOOP((#13390,#13290,#13440,#13353));
#14208=IFCFACEOUTERBOUND(#14207,.T.);
#14209=IFCFACE((#14208));
#14210=IFCPOLYLOOP((#13391,#13353,#13442,#13321));
#14211=IFCFACEOUTERBOUND(#14210,.T.);
#14212=IFCFACE((#14211));
#14213=IFCPOLYLOOP((#13392,#13297,#13446,#13355));
#14214=IFCFACEOUTERBOUND(#14213,.T.);
#14215=IFCFACE((#14214));
#14216=IFCPOLYLOOP((#13393,#13355,#13449,#13294));
#14217=IFCFACEOUTERBOUND(#14216,.T.);
#14218=IFCFACE((#14217));
#14219=IFCPOLYLOOP((#13365,#13357,#13338));
#14220=IFCFACEOUTERBOUND(#14219,.T.);
#14221=IFCFACE((#14220));
#14222=IFCPOLYLOOP((#13357,#13336,#13394,#13298));
#14223=IFCFACEOUTERBOUND(#14222,.T.);
#14224=IFCFACE((#14223));
#14225=IFCPOLYLOOP((#13363,#13318,#13395,#13319));
#14226=IFCFACEOUTERBOUND(#14225,.T.);
#14227=IFCFACE((#14226));
#14228=IFCPOLYLOOP((#13365,#13358,#13336));
#14229=IFCFACEOUTERBOUND(#14228,.T.);
#14230=IFCFACE((#14229));
#14231=IFCPOLYLOOP((#13362,#13364,#13359));
#14232=IFCFACEOUTERBOUND(#14231,.T.);
#14233=IFCFACE((#14232));
#14234=IFCPOLYLOOP((#13359,#13361,#13362));
#14235=IFCFACEOUTERBOUND(#14234,.T.);
#14236=IFCFACE((#14235));
#14237=IFCPOLYLOOP((#13359,#13298,#13361));
#14238=IFCFACEOUTERBOUND(#14237,.T.);
#14239=IFCFACE((#14238));
#14240=IFCPOLYLOOP((#13362,#13360,#13363));
#14241=IFCFACEOUTERBOUND(#14240,.T.);
#14242=IFCFACE((#14241));
#14243=IFCPOLYLOOP((#13300,#13365,#13338));
#14244=IFCFACEOUTERBOUND(#14243,.T.);
#14245=IFCFACE((#14244));
#14246=IFCPOLYLOOP((#13363,#13360,#13396,#13317));
#14247=IFCFACEOUTERBOUND(#14246,.T.);
#14248=IFCFACE((#14247));
#14249=IFCPOLYLOOP((#13389,#13363,#13317));
#14250=IFCFACEOUTERBOUND(#14249,.T.);
#14251=IFCFACE((#14250));
#14252=IFCPOLYLOOP((#13364,#13362,#13319));
#14253=IFCFACEOUTERBOUND(#14252,.T.);
#14254=IFCFACE((#14253));
#14255=IFCPOLYLOOP((#13364,#13299,#13359));
#14256=IFCFACEOUTERBOUND(#14255,.T.);
#14257=IFCFACE((#14256));
#14258=IFCPOLYLOOP((#13358,#13365,#13337));
#14259=IFCFACEOUTERBOUND(#14258,.T.);
#14260=IFCFACE((#14259));
#14261=IFCPOLYLOOP((#13369,#13371,#13312));
#14262=IFCFACEOUTERBOUND(#14261,.T.);
#14263=IFCFACE((#14262));
#14264=IFCPOLYLOOP((#13312,#13370,#13369));
#14265=IFCFACEOUTERBOUND(#14264,.T.);
#14266=IFCFACE((#14265));
#14267=IFCPOLYLOOP((#13369,#13370,#13367));
#14268=IFCFACEOUTERBOUND(#14267,.T.);
#14269=IFCFACE((#14268));
#14270=IFCPOLYLOOP((#13371,#13369,#13366));
#14271=IFCFACEOUTERBOUND(#14270,.T.);
#14272=IFCFACE((#14271));
#14273=IFCPOLYLOOP((#13368,#13310,#13366));
#14274=IFCFACEOUTERBOUND(#14273,.T.);
#14275=IFCFACE((#14274));
#14276=IFCPOLYLOOP((#13370,#13312,#13397,#13295));
#14277=IFCFACEOUTERBOUND(#14276,.T.);
#14278=IFCFACE((#14277));
#14279=IFCPOLYLOOP((#13447,#13452,#13356));
#14280=IFCFACEOUTERBOUND(#14279,.T.);
#14281=IFCFACE((#14280));
#14282=IFCPOLYLOOP((#13450,#13398,#13370));
#14283=IFCFACEOUTERBOUND(#14282,.T.);
#14284=IFCFACE((#14283));
#14285=IFCPOLYLOOP((#13366,#13311,#13371));
#14286=IFCFACEOUTERBOUND(#14285,.T.);
#14287=IFCFACE((#14286));
#14288=IFCPOLYLOOP((#13441,#13445,#13354));
#14289=IFCFACEOUTERBOUND(#14288,.T.);
#14290=IFCFACE((#14289));
#14291=IFCPOLYLOOP((#13373,#13372,#13400,#13320));
#14292=IFCFACEOUTERBOUND(#14291,.T.);
#14293=IFCFACE((#14292));
#14294=IFCPOLYLOOP((#13399,#13373,#13322));
#14295=IFCFACEOUTERBOUND(#14294,.T.);
#14296=IFCFACE((#14295));
#14297=IFCPOLYLOOP((#13339,#13377,#13408));
#14298=IFCFACEOUTERBOUND(#14297,.T.);
#14299=IFCFACE((#14298));
#14300=IFCPOLYLOOP((#13403,#13374,#13459,#13323));
#14301=IFCFACEOUTERBOUND(#14300,.T.);
#14302=IFCFACE((#14301));
#14303=IFCPOLYLOOP((#13288,#13457,#13378));
#14304=IFCFACEOUTERBOUND(#14303,.T.);
#14305=IFCFACE((#14304));
#14306=IFCPOLYLOOP((#13410,#13414,#13413,#13342));
#14307=IFCFACEOUTERBOUND(#14306,.T.);
#14308=IFCFACE((#14307));
#14309=IFCPOLYLOOP((#13377,#13407,#13408));
#14310=IFCFACEOUTERBOUND(#14309,.T.);
#14311=IFCFACE((#14310));
#14312=IFCPOLYLOOP((#13341,#13379,#13414));
#14313=IFCFACEOUTERBOUND(#14312,.T.);
#14314=IFCFACE((#14313));
#14315=IFCPOLYLOOP((#13457,#13288,#13402));
#14316=IFCFACEOUTERBOUND(#14315,.T.);
#14317=IFCFACE((#14316));
#14318=IFCPOLYLOOP((#13411,#13412,#13379));
#14319=IFCFACEOUTERBOUND(#14318,.T.);
#14320=IFCFACE((#14319));
#14321=IFCPOLYLOOP((#13379,#13413,#13414));
#14322=IFCFACEOUTERBOUND(#14321,.T.);
#14323=IFCFACE((#14322));
#14324=IFCPOLYLOOP((#13386,#13380,#13307));
#14325=IFCFACEOUTERBOUND(#14324,.T.);
#14326=IFCFACE((#14325));
#14327=IFCPOLYLOOP((#13380,#13306,#13416,#13344));
#14328=IFCFACEOUTERBOUND(#14327,.T.);
#14329=IFCFACE((#14328));
#14330=IFCPOLYLOOP((#13403,#13381,#13324));
#14331=IFCFACEOUTERBOUND(#14330,.T.);
#14332=IFCFACE((#14331));
#14333=IFCPOLYLOOP((#13381,#13323,#13418));
#14334=IFCFACEOUTERBOUND(#14333,.T.);
#14335=IFCFACE((#14334));
#14336=IFCPOLYLOOP((#13345,#13383,#13424));
#14337=IFCFACEOUTERBOUND(#14336,.T.);
#14338=IFCFACE((#14337));
#14339=IFCPOLYLOOP((#13390,#13382,#13290));
#14340=IFCFACEOUTERBOUND(#14339,.T.);
#14341=IFCFACE((#14340));
#14342=IFCPOLYLOOP((#13297,#13392,#13448));
#14343=IFCFACEOUTERBOUND(#14342,.T.);
#14344=IFCFACE((#14343));
#14345=IFCPOLYLOOP((#13424,#13383,#13346));
#14346=IFCFACEOUTERBOUND(#14345,.T.);
#14347=IFCFACE((#14346));
#14348=IFCPOLYLOOP((#13388,#13384,#13289));
#14349=IFCFACEOUTERBOUND(#14348,.T.);
#14350=IFCFACE((#14349));
#14351=IFCPOLYLOOP((#13384,#13292,#13426));
#14352=IFCFACEOUTERBOUND(#14351,.T.);
#14353=IFCFACE((#14352));
#14354=IFCPOLYLOOP((#13387,#13385,#13309));
#14355=IFCFACEOUTERBOUND(#14354,.T.);
#14356=IFCFACE((#14355));
#14357=IFCPOLYLOOP((#13385,#13308,#13428));
#14358=IFCFACEOUTERBOUND(#14357,.T.);
#14359=IFCFACE((#14358));
#14360=IFCPOLYLOOP((#13380,#13386,#13306));
#14361=IFCFACEOUTERBOUND(#14360,.T.);
#14362=IFCFACE((#14361));
#14363=IFCPOLYLOOP((#13386,#13307,#13431));
#14364=IFCFACEOUTERBOUND(#14363,.T.);
#14365=IFCFACE((#14364));
#14366=IFCPOLYLOOP((#13385,#13387,#13308));
#14367=IFCFACEOUTERBOUND(#14366,.T.);
#14368=IFCFACE((#14367));
#14369=IFCPOLYLOOP((#13387,#13309,#13433));
#14370=IFCFACEOUTERBOUND(#14369,.T.);
#14371=IFCFACE((#14370));
#14372=IFCPOLYLOOP((#13384,#13388,#13292));
#14373=IFCFACEOUTERBOUND(#14372,.T.);
#14374=IFCFACE((#14373));
#14375=IFCPOLYLOOP((#13388,#13289,#13436));
#14376=IFCFACEOUTERBOUND(#14375,.T.);
#14377=IFCFACE((#14376));
#14378=IFCPOLYLOOP((#13363,#13389,#13318));
#14379=IFCFACEOUTERBOUND(#14378,.T.);
#14380=IFCFACE((#14379));
#14381=IFCPOLYLOOP((#13389,#13317,#13438));
#14382=IFCFACEOUTERBOUND(#14381,.T.);
#14383=IFCFACE((#14382));
#14384=IFCPOLYLOOP((#13353,#13391,#13445));
#14385=IFCFACEOUTERBOUND(#14384,.T.);
#14386=IFCFACE((#14385));
#14387=IFCPOLYLOOP((#13382,#13390,#13293));
#14388=IFCFACEOUTERBOUND(#14387,.T.);
#14389=IFCFACE((#14388));
#14390=IFCPOLYLOOP((#13391,#13321,#13443));
#14391=IFCFACEOUTERBOUND(#14390,.T.);
#14392=IFCFACE((#14391));
#14393=IFCPOLYLOOP((#13445,#13391,#13354));
#14394=IFCFACEOUTERBOUND(#14393,.T.);
#14395=IFCFACE((#14394));
#14396=IFCPOLYLOOP((#13355,#13393,#13452));
#14397=IFCFACEOUTERBOUND(#14396,.T.);
#14398=IFCFACE((#14397));
#14399=IFCPOLYLOOP((#13448,#13392,#13296));
#14400=IFCFACEOUTERBOUND(#14399,.T.);
#14401=IFCFACE((#14400));
#14402=IFCPOLYLOOP((#13393,#13294,#13450));
#14403=IFCFACEOUTERBOUND(#14402,.T.);
#14404=IFCFACE((#14403));
#14405=IFCPOLYLOOP((#13452,#13393,#13356));
#14406=IFCFACEOUTERBOUND(#14405,.T.);
#14407=IFCFACE((#14406));
#14408=IFCPOLYLOOP((#13453,#13454,#13399));
#14409=IFCFACEOUTERBOUND(#14408,.T.);
#14410=IFCFACE((#14409));
#14411=IFCPOLYLOOP((#13398,#13367,#13370));
#14412=IFCFACEOUTERBOUND(#14411,.T.);
#14413=IFCFACE((#14412));
#14414=IFCPOLYLOOP((#13373,#13399,#13372));
#14415=IFCFACEOUTERBOUND(#14414,.T.);
#14416=IFCFACE((#14415));
#14417=IFCPOLYLOOP((#13402,#13288,#13458,#13374));
#14418=IFCFACEOUTERBOUND(#14417,.T.);
#14419=IFCFACE((#14418));
#14420=IFCPOLYLOOP((#13401,#13322,#13373));
#14421=IFCFACEOUTERBOUND(#14420,.T.);
#14422=IFCFACE((#14421));
#14423=IFCPOLYLOOP((#13461,#13374,#13403));
#14424=IFCFACEOUTERBOUND(#14423,.T.);
#14425=IFCFACE((#14424));
#14426=IFCPOLYLOOP((#13381,#13403,#13323));
#14427=IFCFACEOUTERBOUND(#14426,.T.);
#14428=IFCFACE((#14427));
#14429=IFCPOLYLOOP((#13403,#13324,#13460));
#14430=IFCFACEOUTERBOUND(#14429,.T.);
#14431=IFCFACE((#14430));
#14432=IFCPOLYLOOP((#13405,#13408,#13407,#13340));
#14433=IFCFACEOUTERBOUND(#14432,.T.);
#14434=IFCFACE((#14433));
#14435=IFCPOLYLOOP((#13339,#13376,#13404));
#14436=IFCFACEOUTERBOUND(#14435,.T.);
#14437=IFCFACE((#14436));
#14438=IFCPOLYLOOP((#13405,#13302,#13376));
#14439=IFCFACEOUTERBOUND(#14438,.T.);
#14440=IFCFACE((#14439));
#14441=IFCPOLYLOOP((#13339,#13408,#13376));
#14442=IFCFACEOUTERBOUND(#14441,.T.);
#14443=IFCFACE((#14442));
#14444=IFCPOLYLOOP((#13407,#13412,#13411,#13305));
#14445=IFCFACEOUTERBOUND(#14444,.T.);
#14446=IFCFACE((#14445));
#14447=IFCPOLYLOOP((#13409,#13341,#13378));
#14448=IFCFACEOUTERBOUND(#14447,.T.);
#14449=IFCFACE((#14448));
#14450=IFCPOLYLOOP((#13410,#13288,#13378));
#14451=IFCFACEOUTERBOUND(#14450,.T.);
#14452=IFCFACE((#14451));
#14453=IFCPOLYLOOP((#13304,#13412,#13377));
#14454=IFCFACEOUTERBOUND(#14453,.T.);
#14455=IFCFACE((#14454));
#14456=IFCPOLYLOOP((#13304,#13379,#13412));
#14457=IFCFACEOUTERBOUND(#14456,.T.);
#14458=IFCFACE((#14457));
#14459=IFCPOLYLOOP((#13341,#13414,#13378));
#14460=IFCFACEOUTERBOUND(#14459,.T.);
#14461=IFCFACE((#14460));
#14462=IFCPOLYLOOP((#13344,#13419,#13380));
#14463=IFCFACEOUTERBOUND(#14462,.T.);
#14464=IFCFACE((#14463));
#14465=IFCPOLYLOOP((#13415,#13307,#13380));
#14466=IFCFACEOUTERBOUND(#14465,.T.);
#14467=IFCFACE((#14466));
#14468=IFCPOLYLOOP((#13418,#13419,#13381));
#14469=IFCFACEOUTERBOUND(#14468,.T.);
#14470=IFCFACE((#14469));
#14471=IFCPOLYLOOP((#13421,#13424,#13346));
#14472=IFCFACEOUTERBOUND(#14471,.T.);
#14473=IFCFACE((#14472));
#14474=IFCPOLYLOOP((#13421,#13290,#13382));
#14475=IFCFACEOUTERBOUND(#14474,.T.);
#14476=IFCFACE((#14475));
#14477=IFCPOLYLOOP((#13423,#13346,#13383));
#14478=IFCFACEOUTERBOUND(#14477,.T.);
#14479=IFCFACE((#14478));
#14480=IFCPOLYLOOP((#13345,#13424,#13382));
#14481=IFCFACEOUTERBOUND(#14480,.T.);
#14482=IFCFACE((#14481));
#14483=IFCPOLYLOOP((#13429,#13384,#13426));
#14484=IFCFACEOUTERBOUND(#14483,.T.);
#14485=IFCFACE((#14484));
#14486=IFCPOLYLOOP((#13429,#13426,#13348));
#14487=IFCFACEOUTERBOUND(#14486,.T.);
#14488=IFCFACE((#14487));
#14489=IFCPOLYLOOP((#13429,#13428,#13347));
#14490=IFCFACEOUTERBOUND(#14489,.T.);
#14491=IFCFACE((#14490));
#14492=IFCPOLYLOOP((#13428,#13429,#13385));
#14493=IFCFACEOUTERBOUND(#14492,.T.);
#14494=IFCFACE((#14493));
#14495=IFCPOLYLOOP((#13434,#13386,#13431));
#14496=IFCFACEOUTERBOUND(#14495,.T.);
#14497=IFCFACE((#14496));
#14498=IFCPOLYLOOP((#13430,#13306,#13386));
#14499=IFCFACEOUTERBOUND(#14498,.T.);
#14500=IFCFACE((#14499));
#14501=IFCPOLYLOOP((#13434,#13431,#13350));
#14502=IFCFACEOUTERBOUND(#14501,.T.);
#14503=IFCFACE((#14502));
#14504=IFCPOLYLOOP((#13433,#13434,#13387));
#14505=IFCFACEOUTERBOUND(#14504,.T.);
#14506=IFCFACE((#14505));
#14507=IFCPOLYLOOP((#13439,#13388,#13436));
#14508=IFCFACEOUTERBOUND(#14507,.T.);
#14509=IFCFACE((#14508));
#14510=IFCPOLYLOOP((#13439,#13436,#13352));
#14511=IFCFACEOUTERBOUND(#14510,.T.);
#14512=IFCFACE((#14511));
#14513=IFCPOLYLOOP((#13439,#13438,#13351));
#14514=IFCFACEOUTERBOUND(#14513,.T.);
#14515=IFCFACE((#14514));
#14516=IFCPOLYLOOP((#13438,#13439,#13389));
#14517=IFCFACEOUTERBOUND(#14516,.T.);
#14518=IFCFACE((#14517));
#14519=IFCPOLYLOOP((#13401,#13443,#13321));
#14520=IFCFACEOUTERBOUND(#14519,.T.);
#14521=IFCFACE((#14520));
#14522=IFCPOLYLOOP((#13441,#13293,#13390));
#14523=IFCFACEOUTERBOUND(#14522,.T.);
#14524=IFCFACE((#14523));
#14525=IFCPOLYLOOP((#13320,#13443,#13373));
#14526=IFCFACEOUTERBOUND(#14525,.T.);
#14527=IFCFACE((#14526));
#14528=IFCPOLYLOOP((#13444,#13443,#13320));
#14529=IFCFACEOUTERBOUND(#14528,.T.);
#14530=IFCFACE((#14529));
#14531=IFCPOLYLOOP((#13444,#13354,#13391));
#14532=IFCFACEOUTERBOUND(#14531,.T.);
#14533=IFCFACE((#14532));
#14534=IFCPOLYLOOP((#13353,#13445,#13390));
#14535=IFCFACEOUTERBOUND(#14534,.T.);
#14536=IFCFACE((#14535));
#14537=IFCPOLYLOOP((#13423,#13448,#13296));
#14538=IFCFACEOUTERBOUND(#14537,.T.);
#14539=IFCFACE((#14538));
#14540=IFCPOLYLOOP((#13447,#13296,#13392));
#14541=IFCFACEOUTERBOUND(#14540,.T.);
#14542=IFCFACE((#14541));
#14543=IFCPOLYLOOP((#13297,#13448,#13383));
#14544=IFCFACEOUTERBOUND(#14543,.T.);
#14545=IFCFACE((#14544));
#14546=IFCPOLYLOOP((#13398,#13450,#13294));
#14547=IFCFACEOUTERBOUND(#14546,.T.);
#14548=IFCFACE((#14547));
#14549=IFCPOLYLOOP((#13295,#13450,#13370));
#14550=IFCFACEOUTERBOUND(#14549,.T.);
#14551=IFCFACE((#14550));
#14552=IFCPOLYLOOP((#13451,#13450,#13295));
#14553=IFCFACEOUTERBOUND(#14552,.T.);
#14554=IFCFACE((#14553));
#14555=IFCPOLYLOOP((#13451,#13356,#13393));
#14556=IFCFACEOUTERBOUND(#14555,.T.);
#14557=IFCFACE((#14556));
#14558=IFCPOLYLOOP((#13355,#13452,#13392));
#14559=IFCFACEOUTERBOUND(#14558,.T.);
#14560=IFCFACE((#14559));
#14561=IFCPOLYLOOP((#13404,#13454,#13453,#13303));
#14562=IFCFACEOUTERBOUND(#14561,.T.);
#14563=IFCFACE((#14562));
#14564=IFCPOLYLOOP((#13302,#13454,#13376));
#14565=IFCFACEOUTERBOUND(#14564,.T.);
#14566=IFCFACE((#14565));
#14567=IFCPOLYLOOP((#13455,#13454,#13302));
#14568=IFCFACEOUTERBOUND(#14567,.T.);
#14569=IFCFACE((#14568));
#14570=IFCPOLYLOOP((#13455,#13372,#13399));
#14571=IFCFACEOUTERBOUND(#14570,.T.);
#14572=IFCFACE((#14571));
#14573=IFCPOLYLOOP((#13456,#13457,#13402));
#14574=IFCFACEOUTERBOUND(#14573,.T.);
#14575=IFCFACE((#14574));
#14576=IFCPOLYLOOP((#13374,#13461,#13402));
#14577=IFCFACEOUTERBOUND(#14576,.T.);
#14578=IFCFACE((#14577));
#14579=IFCPOLYLOOP((#13460,#13461,#13403));
#14580=IFCFACEOUTERBOUND(#14579,.T.);
#14581=IFCFACE((#14580));
#14582=IFCPOLYLOOP((#13462,#13282,#13326,#13313,#13331,#13300,#13338,#13299,#13364,#13319,#13395,#13318,#13437,#13352,#13436,#13289,#13425,#13347,#13428,#13308,#13432,#13350,#13431,#13307,#13415,#13343,#13418,#13323,#13459,#13374,#13458,#13288,#13410,#13342,#13413,#13304,#13406,#13339,#13404,#13303,#13453,#13322,#13401,#13321,#13442,#13353,#13440,#13290,#13421,#13346,#13423,#13296,#13447,#13356,#13451,#13295,#13397,#13312,#13371,#13311,#13315,#13327,#13287,#13463));
#14583=IFCFACEOUTERBOUND(#14582,.T.);
#14584=IFCFACE((#14583));
#14585=IFCPOLYLOOP((#13226,#13225,#13464,#13465));
#14586=IFCFACEOUTERBOUND(#14585,.T.);
#14587=IFCFACE((#14586));
#14588=IFCPOLYLOOP((#13229,#13466,#13467,#13470,#13472,#13230));
#14589=IFCFACEOUTERBOUND(#14588,.T.);
#14590=IFCFACE((#14589));
#14591=IFCPOLYLOOP((#13473,#13475,#13471,#13474));
#14592=IFCFACEOUTERBOUND(#14591,.T.);
#14593=IFCFACE((#14592));
#14594=IFCPOLYLOOP((#13474,#13233,#13476));
#14595=IFCFACEOUTERBOUND(#14594,.T.);
#14596=IFCFACE((#14595));
#14597=IFCPOLYLOOP((#13467,#13468,#13477));
#14598=IFCFACEOUTERBOUND(#14597,.T.);
#14599=IFCFACE((#14598));
#14600=IFCPOLYLOOP((#13473,#13470,#13477));
#14601=IFCFACEOUTERBOUND(#14600,.T.);
#14602=IFCFACE((#14601));
#14603=IFCPOLYLOOP((#13230,#13472,#13476));
#14604=IFCFACEOUTERBOUND(#14603,.T.);
#14605=IFCFACE((#14604));
#14606=IFCPOLYLOOP((#13473,#13472,#13470));
#14607=IFCFACEOUTERBOUND(#14606,.T.);
#14608=IFCFACE((#14607));
#14609=IFCPOLYLOOP((#13475,#13473,#13477));
#14610=IFCFACEOUTERBOUND(#14609,.T.);
#14611=IFCFACE((#14610));
#14612=IFCPOLYLOOP((#13474,#13476,#13473));
#14613=IFCFACEOUTERBOUND(#14612,.T.);
#14614=IFCFACE((#14613));
#14615=IFCPOLYLOOP((#13476,#13472,#13473));
#14616=IFCFACEOUTERBOUND(#14615,.T.);
#14617=IFCFACE((#14616));
#14618=IFCPOLYLOOP((#13474,#13234,#13233));
#14619=IFCFACEOUTERBOUND(#14618,.T.);
#14620=IFCFACE((#14619));
#14621=IFCPOLYLOOP((#13468,#13469,#13475));
#14622=IFCFACEOUTERBOUND(#14621,.T.);
#14623=IFCFACE((#14622));
#14624=IFCPOLYLOOP((#13230,#13476,#13233));
#14625=IFCFACEOUTERBOUND(#14624,.T.);
#14626=IFCFACE((#14625));
#14627=IFCPOLYLOOP((#13467,#13477,#13470));
#14628=IFCFACEOUTERBOUND(#14627,.T.);
#14629=IFCFACE((#14628));
#14630=IFCPOLYLOOP((#13475,#13477,#13468));
#14631=IFCFACEOUTERBOUND(#14630,.T.);
#14632=IFCFACE((#14631));
#14633=IFCPOLYLOOP((#13488,#13493,#13497));
#14634=IFCFACEOUTERBOUND(#14633,.T.);
#14635=IFCFACE((#14634));
#14636=IFCPOLYLOOP((#13509,#13508,#13504));
#14637=IFCFACEOUTERBOUND(#14636,.T.);
#14638=IFCFACE((#14637));
#14639=IFCPOLYLOOP((#13498,#13510,#13491));
#14640=IFCFACEOUTERBOUND(#14639,.T.);
#14641=IFCFACE((#14640));
#14642=IFCPOLYLOOP((#13504,#13483,#13502));
#14643=IFCFACEOUTERBOUND(#14642,.T.);
#14644=IFCFACE((#14643));
#14645=IFCPOLYLOOP((#13484,#13498,#13491));
#14646=IFCFACEOUTERBOUND(#14645,.T.);
#14647=IFCFACE((#14646));
#14648=IFCPOLYLOOP((#13501,#13505,#13498));
#14649=IFCFACEOUTERBOUND(#14648,.T.);
#14650=IFCFACE((#14649));
#14651=IFCPOLYLOOP((#13479,#13495,#13510));
#14652=IFCFACEOUTERBOUND(#14651,.T.);
#14653=IFCFACE((#14652));
#14654=IFCPOLYLOOP((#13494,#13502,#13483));
#14655=IFCFACEOUTERBOUND(#14654,.T.);
#14656=IFCFACE((#14655));
#14657=IFCPOLYLOOP((#13485,#13502,#13490));
#14658=IFCFACEOUTERBOUND(#14657,.T.);
#14659=IFCFACE((#14658));
#14660=IFCPOLYLOOP((#13482,#13508,#13503));
#14661=IFCFACEOUTERBOUND(#14660,.T.);
#14662=IFCFACE((#14661));
#14663=IFCPOLYLOOP((#13501,#13498,#13484));
#14664=IFCFACEOUTERBOUND(#14663,.T.);
#14665=IFCFACE((#14664));
#14666=IFCPOLYLOOP((#13488,#13497,#13506));
#14667=IFCFACEOUTERBOUND(#14666,.T.);
#14668=IFCFACE((#14667));
#14669=IFCPOLYLOOP((#13489,#13490,#13506));
#14670=IFCFACEOUTERBOUND(#14669,.T.);
#14671=IFCFACE((#14670));
#14672=IFCPOLYLOOP((#13490,#13502,#13506));
#14673=IFCFACEOUTERBOUND(#14672,.T.);
#14674=IFCFACE((#14673));
#14675=IFCPOLYLOOP((#13478,#13479,#13510));
#14676=IFCFACEOUTERBOUND(#14675,.T.);
#14677=IFCFACE((#14676));
#14678=IFCPOLYLOOP((#13286,#13285,#13496));
#14679=IFCFACEOUTERBOUND(#14678,.T.);
#14680=IFCFACE((#14679));
#14681=IFCPOLYLOOP((#13489,#13497,#13496));
#14682=IFCFACEOUTERBOUND(#14681,.T.);
#14683=IFCFACE((#14682));
#14684=IFCPOLYLOOP((#13493,#13287,#13286));
#14685=IFCFACEOUTERBOUND(#14684,.T.);
#14686=IFCFACE((#14685));
#14687=IFCPOLYLOOP((#13479,#13480,#13495));
#14688=IFCFACEOUTERBOUND(#14687,.T.);
#14689=IFCFACE((#14688));
#14690=IFCPOLYLOOP((#13498,#13487,#13510));
#14691=IFCFACEOUTERBOUND(#14690,.T.);
#14692=IFCFACE((#14691));
#14693=IFCPOLYLOOP((#13496,#13497,#13286));
#14694=IFCFACEOUTERBOUND(#14693,.T.);
#14695=IFCFACE((#14694));
#14696=IFCPOLYLOOP((#13286,#13497,#13493));
#14697=IFCFACEOUTERBOUND(#14696,.T.);
#14698=IFCFACE((#14697));
#14699=IFCPOLYLOOP((#13487,#13498,#13505));
#14700=IFCFACEOUTERBOUND(#14699,.T.);
#14701=IFCFACE((#14700));
#14702=IFCPOLYLOOP((#13510,#13487,#13492,#13478));
#14703=IFCFACEOUTERBOUND(#14702,.T.);
#14704=IFCFACE((#14703));
#14705=IFCPOLYLOOP((#13484,#13499,#13501));
#14706=IFCFACEOUTERBOUND(#14705,.T.);
#14707=IFCFACE((#14706));
#14708=IFCPOLYLOOP((#13500,#13503,#13508));
#14709=IFCFACEOUTERBOUND(#14708,.T.);
#14710=IFCFACE((#14709));
#14711=IFCPOLYLOOP((#13481,#13503,#13500));
#14712=IFCFACEOUTERBOUND(#14711,.T.);
#14713=IFCFACE((#14712));
#14714=IFCPOLYLOOP((#13503,#13501,#13499));
#14715=IFCFACEOUTERBOUND(#14714,.T.);
#14716=IFCFACE((#14715));
#14717=IFCPOLYLOOP((#13502,#13485,#13504));
#14718=IFCFACEOUTERBOUND(#14717,.T.);
#14719=IFCFACE((#14718));
#14720=IFCPOLYLOOP((#13494,#13488,#13506));
#14721=IFCFACEOUTERBOUND(#14720,.T.);
#14722=IFCFACE((#14721));
#14723=IFCPOLYLOOP((#13501,#13503,#13481));
#14724=IFCFACEOUTERBOUND(#14723,.T.);
#14725=IFCFACE((#14724));
#14726=IFCPOLYLOOP((#13482,#13503,#13499));
#14727=IFCFACEOUTERBOUND(#14726,.T.);
#14728=IFCFACE((#14727));
#14729=IFCPOLYLOOP((#13508,#13509,#13486,#13500));
#14730=IFCFACEOUTERBOUND(#14729,.T.);
#14731=IFCFACE((#14730));
#14732=IFCPOLYLOOP((#13504,#13508,#13507));
#14733=IFCFACEOUTERBOUND(#14732,.T.);
#14734=IFCFACE((#14733));
#14735=IFCPOLYLOOP((#13501,#13481,#13505));
#14736=IFCFACEOUTERBOUND(#14735,.T.);
#14737=IFCFACE((#14736));
#14738=IFCPOLYLOOP((#13506,#13497,#13489));
#14739=IFCFACEOUTERBOUND(#14738,.T.);
#14740=IFCFACE((#14739));
#14741=IFCPOLYLOOP((#13494,#13506,#13502));
#14742=IFCFACEOUTERBOUND(#14741,.T.);
#14743=IFCFACE((#14742));
#14744=IFCPOLYLOOP((#13507,#13508,#13482));
#14745=IFCFACEOUTERBOUND(#14744,.T.);
#14746=IFCFACE((#14745));
#14747=IFCPOLYLOOP((#13507,#13483,#13504));
#14748=IFCFACEOUTERBOUND(#14747,.T.);
#14749=IFCFACE((#14748));
#14750=IFCPOLYLOOP((#13504,#13485,#13509));
#14751=IFCFACEOUTERBOUND(#14750,.T.);
#14752=IFCFACE((#14751));
#14753=IFCPOLYLOOP((#13510,#13495,#13491));
#14754=IFCFACEOUTERBOUND(#14753,.T.);
#14755=IFCFACE((#14754));
#14756=IFCPOLYLOOP((#13463,#13287,#13493,#13488,#13494,#13483,#13507,#13482,#13499,#13484,#13491,#13495,#13480,#13511));
#14757=IFCFACEOUTERBOUND(#14756,.T.);
#14758=IFCFACE((#14757));
#14759=IFCPOLYLOOP((#13465,#13464,#13512,#13513));
#14760=IFCFACEOUTERBOUND(#14759,.T.);
#14761=IFCFACE((#14760));
#14762=IFCPOLYLOOP((#13466,#13514,#13515,#13526,#13525,#13549,#13523,#13536,#13535,#13544,#13521,#13558,#13531,#13553,#13522,#13529,#13528,#13538,#13467));
#14763=IFCFACEOUTERBOUND(#14762,.T.);
#14764=IFCFACE((#14763));
#14765=IFCPOLYLOOP((#13546,#13537,#13524));
#14766=IFCFACEOUTERBOUND(#14765,.T.);
#14767=IFCFACE((#14766));
#14768=IFCPOLYLOOP((#13539,#13555,#13551));
#14769=IFCFACEOUTERBOUND(#14768,.T.);
#14770=IFCFACE((#14769));
#14771=IFCPOLYLOOP((#13538,#13562,#13563));
#14772=IFCFACEOUTERBOUND(#14771,.T.);
#14773=IFCFACE((#14772));
#14774=IFCPOLYLOOP((#13524,#13548,#13546));
#14775=IFCFACEOUTERBOUND(#14774,.T.);
#14776=IFCFACE((#14775));
#14777=IFCPOLYLOOP((#13562,#13538,#13528));
#14778=IFCFACEOUTERBOUND(#14777,.T.);
#14779=IFCFACE((#14778));
#14780=IFCPOLYLOOP((#13540,#13541,#13542));
#14781=IFCFACEOUTERBOUND(#14780,.T.);
#14782=IFCFACE((#14781));
#14783=IFCPOLYLOOP((#13529,#13522,#13551));
#14784=IFCFACEOUTERBOUND(#14783,.T.);
#14785=IFCFACE((#14784));
#14786=IFCPOLYLOOP((#13532,#13533,#13554));
#14787=IFCFACEOUTERBOUND(#14786,.T.);
#14788=IFCFACE((#14787));
#14789=IFCPOLYLOOP((#13543,#13545,#13564));
#14790=IFCFACEOUTERBOUND(#14789,.T.);
#14791=IFCFACE((#14790));
#14792=IFCPOLYLOOP((#13558,#13559,#13556));
#14793=IFCFACEOUTERBOUND(#14792,.T.);
#14794=IFCFACE((#14793));
#14795=IFCPOLYLOOP((#13561,#13548,#13547));
#14796=IFCFACEOUTERBOUND(#14795,.T.);
#14797=IFCFACE((#14796));
#14798=IFCPOLYLOOP((#13550,#13515,#13516));
#14799=IFCFACEOUTERBOUND(#14798,.T.);
#14800=IFCFACE((#14799));
#14801=IFCPOLYLOOP((#13537,#13546,#13550));
#14802=IFCFACEOUTERBOUND(#14801,.T.);
#14803=IFCFACE((#14802));
#14804=IFCPOLYLOOP((#13563,#13562,#13530));
#14805=IFCFACEOUTERBOUND(#14804,.T.);
#14806=IFCFACE((#14805));
#14807=IFCPOLYLOOP((#13532,#13554,#13556));
#14808=IFCFACEOUTERBOUND(#14807,.T.);
#14809=IFCFACE((#14808));
#14810=IFCPOLYLOOP((#13555,#13529,#13551));
#14811=IFCFACEOUTERBOUND(#14810,.T.);
#14812=IFCFACE((#14811));
#14813=IFCPOLYLOOP((#13467,#13538,#13563));
#14814=IFCFACEOUTERBOUND(#14813,.T.);
#14815=IFCFACE((#14814));
#14816=IFCPOLYLOOP((#13469,#13468,#13563));
#14817=IFCFACEOUTERBOUND(#14816,.T.);
#14818=IFCFACE((#14817));
#14819=IFCPOLYLOOP((#13552,#13519,#13551));
#14820=IFCFACEOUTERBOUND(#14819,.T.);
#14821=IFCFACE((#14820));
#14822=IFCPOLYLOOP((#13554,#13552,#13553));
#14823=IFCFACEOUTERBOUND(#14822,.T.);
#14824=IFCFACE((#14823));
#14825=IFCPOLYLOOP((#13520,#13540,#13542));
#14826=IFCFACEOUTERBOUND(#14825,.T.);
#14827=IFCFACE((#14826));
#14828=IFCPOLYLOOP((#13535,#13541,#13543));
#14829=IFCFACEOUTERBOUND(#14828,.T.);
#14830=IFCFACE((#14829));
#14831=IFCPOLYLOOP((#13535,#13536,#13541));
#14832=IFCFACEOUTERBOUND(#14831,.T.);
#14833=IFCFACE((#14832));
#14834=IFCPOLYLOOP((#13517,#13537,#13550));
#14835=IFCFACEOUTERBOUND(#14834,.T.);
#14836=IFCFACE((#14835));
#14837=IFCPOLYLOOP((#13546,#13525,#13526));
#14838=IFCFACEOUTERBOUND(#14837,.T.);
#14839=IFCFACE((#14838));
#14840=IFCPOLYLOOP((#13541,#13534,#13543));
#14841=IFCFACEOUTERBOUND(#14840,.T.);
#14842=IFCFACE((#14841));
#14843=IFCPOLYLOOP((#13555,#13527,#13562));
#14844=IFCFACEOUTERBOUND(#14843,.T.);
#14845=IFCFACE((#14844));
#14846=IFCPOLYLOOP((#13534,#13541,#13540));
#14847=IFCFACEOUTERBOUND(#14846,.T.);
#14848=IFCFACE((#14847));
#14849=IFCPOLYLOOP((#13542,#13541,#13536));
#14850=IFCFACEOUTERBOUND(#14849,.T.);
#14851=IFCFACE((#14850));
#14852=IFCPOLYLOOP((#13536,#13523,#13542));
#14853=IFCFACEOUTERBOUND(#14852,.T.);
#14854=IFCFACE((#14853));
#14855=IFCPOLYLOOP((#13542,#13523,#13561));
#14856=IFCFACEOUTERBOUND(#14855,.T.);
#14857=IFCFACE((#14856));
#14858=IFCPOLYLOOP((#13545,#13518,#13560));
#14859=IFCFACEOUTERBOUND(#14858,.T.);
#14860=IFCFACE((#14859));
#14861=IFCPOLYLOOP((#13543,#13534,#13545));
#14862=IFCFACEOUTERBOUND(#14861,.T.);
#14863=IFCFACE((#14862));
#14864=IFCPOLYLOOP((#13518,#13559,#13560));
#14865=IFCFACEOUTERBOUND(#14864,.T.);
#14866=IFCFACE((#14865));
#14867=IFCPOLYLOOP((#13544,#13535,#13543));
#14868=IFCFACEOUTERBOUND(#14867,.T.);
#14869=IFCFACE((#14868));
#14870=IFCPOLYLOOP((#13546,#13526,#13550));
#14871=IFCFACEOUTERBOUND(#14870,.T.);
#14872=IFCFACE((#14871));
#14873=IFCPOLYLOOP((#13515,#13550,#13526));
#14874=IFCFACEOUTERBOUND(#14873,.T.);
#14875=IFCFACE((#14874));
#14876=IFCPOLYLOOP((#13546,#13548,#13525));
#14877=IFCFACEOUTERBOUND(#14876,.T.);
#14878=IFCFACE((#14877));
#14879=IFCPOLYLOOP((#13524,#13547,#13548));
#14880=IFCFACEOUTERBOUND(#14879,.T.);
#14881=IFCFACE((#14880));
#14882=IFCPOLYLOOP((#13523,#13549,#13561));
#14883=IFCFACEOUTERBOUND(#14882,.T.);
#14884=IFCFACE((#14883));
#14885=IFCPOLYLOOP((#13520,#13561,#13547));
#14886=IFCFACEOUTERBOUND(#14885,.T.);
#14887=IFCFACE((#14886));
#14888=IFCPOLYLOOP((#13549,#13525,#13548));
#14889=IFCFACEOUTERBOUND(#14888,.T.);
#14890=IFCFACE((#14889));
#14891=IFCPOLYLOOP((#13517,#13550,#13516));
#14892=IFCFACEOUTERBOUND(#14891,.T.);
#14893=IFCFACE((#14892));
#14894=IFCPOLYLOOP((#13552,#13551,#13522));
#14895=IFCFACEOUTERBOUND(#14894,.T.);
#14896=IFCFACE((#14895));
#14897=IFCPOLYLOOP((#13539,#13551,#13519));
#14898=IFCFACEOUTERBOUND(#14897,.T.);
#14899=IFCFACE((#14898));
#14900=IFCPOLYLOOP((#13554,#13531,#13556));
#14901=IFCFACEOUTERBOUND(#14900,.T.);
#14902=IFCFACE((#14901));
#14903=IFCPOLYLOOP((#13533,#13519,#13552));
#14904=IFCFACEOUTERBOUND(#14903,.T.);
#14905=IFCFACE((#14904));
#14906=IFCPOLYLOOP((#13552,#13522,#13553));
#14907=IFCFACEOUTERBOUND(#14906,.T.);
#14908=IFCFACE((#14907));
#14909=IFCPOLYLOOP((#13554,#13553,#13531));
#14910=IFCFACEOUTERBOUND(#14909,.T.);
#14911=IFCFACE((#14910));
#14912=IFCPOLYLOOP((#13552,#13554,#13533));
#14913=IFCFACEOUTERBOUND(#14912,.T.);
#14914=IFCFACE((#14913));
#14915=IFCPOLYLOOP((#13527,#13555,#13539));
#14916=IFCFACEOUTERBOUND(#14915,.T.);
#14917=IFCFACE((#14916));
#14918=IFCPOLYLOOP((#13528,#13529,#13555));
#14919=IFCFACEOUTERBOUND(#14918,.T.);
#14920=IFCFACE((#14919));
#14921=IFCPOLYLOOP((#13559,#13558,#13521));
#14922=IFCFACEOUTERBOUND(#14921,.T.);
#14923=IFCFACE((#14922));
#14924=IFCPOLYLOOP((#13556,#13531,#13558));
#14925=IFCFACEOUTERBOUND(#14924,.T.);
#14926=IFCFACE((#14925));
#14927=IFCPOLYLOOP((#13559,#13518,#13557));
#14928=IFCFACEOUTERBOUND(#14927,.T.);
#14929=IFCFACE((#14928));
#14930=IFCPOLYLOOP((#13557,#13532,#13556));
#14931=IFCFACEOUTERBOUND(#14930,.T.);
#14932=IFCFACE((#14931));
#14933=IFCPOLYLOOP((#13559,#13521,#13560));
#14934=IFCFACEOUTERBOUND(#14933,.T.);
#14935=IFCFACE((#14934));
#14936=IFCPOLYLOOP((#13556,#13559,#13557));
#14937=IFCFACEOUTERBOUND(#14936,.T.);
#14938=IFCFACE((#14937));
#14939=IFCPOLYLOOP((#13521,#13544,#13560));
#14940=IFCFACEOUTERBOUND(#14939,.T.);
#14941=IFCFACE((#14940));
#14942=IFCPOLYLOOP((#13560,#13544,#13564));
#14943=IFCFACEOUTERBOUND(#14942,.T.);
#14944=IFCFACE((#14943));
#14945=IFCPOLYLOOP((#13561,#13549,#13548));
#14946=IFCFACEOUTERBOUND(#14945,.T.);
#14947=IFCFACE((#14946));
#14948=IFCPOLYLOOP((#13542,#13561,#13520));
#14949=IFCFACEOUTERBOUND(#14948,.T.);
#14950=IFCFACE((#14949));
#14951=IFCPOLYLOOP((#13555,#13562,#13528));
#14952=IFCFACEOUTERBOUND(#14951,.T.);
#14953=IFCFACE((#14952));
#14954=IFCPOLYLOOP((#13530,#13562,#13527));
#14955=IFCFACEOUTERBOUND(#14954,.T.);
#14956=IFCFACE((#14955));
#14957=IFCPOLYLOOP((#13469,#13563,#13530));
#14958=IFCFACEOUTERBOUND(#14957,.T.);
#14959=IFCFACE((#14958));
#14960=IFCPOLYLOOP((#13467,#13563,#13468));
#14961=IFCFACEOUTERBOUND(#14960,.T.);
#14962=IFCFACE((#14961));
#14963=IFCPOLYLOOP((#13560,#13564,#13545));
#14964=IFCFACEOUTERBOUND(#14963,.T.);
#14965=IFCFACE((#14964));
#14966=IFCPOLYLOOP((#13544,#13543,#13564));
#14967=IFCFACEOUTERBOUND(#14966,.T.);
#14968=IFCFACE((#14967));
#14969=IFCPOLYLOOP((#13596,#13614,#13615));
#14970=IFCFACEOUTERBOUND(#14969,.T.);
#14971=IFCFACE((#14970));
#14972=IFCPOLYLOOP((#13659,#13584,#13693));
#14973=IFCFACEOUTERBOUND(#14972,.T.);
#14974=IFCFACE((#14973));
#14975=IFCPOLYLOOP((#13728,#13703,#13663));
#14976=IFCFACEOUTERBOUND(#14975,.T.);
#14977=IFCFACE((#14976));
#14978=IFCPOLYLOOP((#13679,#13602,#13733));
#14979=IFCFACEOUTERBOUND(#14978,.T.);
#14980=IFCFACE((#14979));
#14981=IFCPOLYLOOP((#13616,#13637,#13645));
#14982=IFCFACEOUTERBOUND(#14981,.T.);
#14983=IFCFACE((#14982));
#14984=IFCPOLYLOOP((#13612,#13581,#13617));
#14985=IFCFACEOUTERBOUND(#14984,.T.);
#14986=IFCFACE((#14985));
#14987=IFCPOLYLOOP((#13665,#13628,#13707,#13589));
#14988=IFCFACEOUTERBOUND(#14987,.T.);
#14989=IFCFACE((#14988));
#14990=IFCPOLYLOOP((#13646,#13649,#13648));
#14991=IFCFACEOUTERBOUND(#14990,.T.);
#14992=IFCFACE((#14991));
#14993=IFCPOLYLOOP((#13609,#13608,#13594,#13610));
#14994=IFCFACEOUTERBOUND(#14993,.T.);
#14995=IFCFACE((#14994));
#14996=IFCPOLYLOOP((#13736,#13741,#13740,#13605));
#14997=IFCFACEOUTERBOUND(#14996,.T.);
#14998=IFCFACE((#14997));
#14999=IFCPOLYLOOP((#13730,#13731,#13673));
#15000=IFCFACEOUTERBOUND(#14999,.T.);
#15001=IFCFACE((#15000));
#15002=IFCPOLYLOOP((#13648,#13649,#13647));
#15003=IFCFACEOUTERBOUND(#15002,.T.);
#15004=IFCFACE((#15003));
#15005=IFCPOLYLOOP((#13732,#13727,#13672));
#15006=IFCFACEOUTERBOUND(#15005,.T.);
#15007=IFCFACE((#15006));
#15008=IFCPOLYLOOP((#13704,#13701,#13662));
#15009=IFCFACEOUTERBOUND(#15008,.T.);
#15010=IFCFACE((#15009));
#15011=IFCPOLYLOOP((#13639,#13579,#13637));
#15012=IFCFACEOUTERBOUND(#15011,.T.);
#15013=IFCFACE((#15012));
#15014=IFCPOLYLOOP((#13669,#13719,#13632));
#15015=IFCFACEOUTERBOUND(#15014,.T.);
#15016=IFCFACE((#15015));
#15017=IFCPOLYLOOP((#13581,#13612,#13610));
#15018=IFCFACEOUTERBOUND(#15017,.T.);
#15019=IFCFACE((#15018));
#15020=IFCPOLYLOOP((#13613,#13565,#13566));
#15021=IFCFACEOUTERBOUND(#15020,.T.);
#15022=IFCFACE((#15021));
#15023=IFCPOLYLOOP((#13479,#13478,#13608));
#15024=IFCFACEOUTERBOUND(#15023,.T.);
#15025=IFCFACE((#15024));
#15026=IFCPOLYLOOP((#13688,#13685,#13656));
#15027=IFCFACEOUTERBOUND(#15026,.T.);
#15028=IFCFACE((#15027));
#15029=IFCPOLYLOOP((#13723,#13724,#13671));
#15030=IFCFACEOUTERBOUND(#15029,.T.);
#15031=IFCFACE((#15030));
#15032=IFCPOLYLOOP((#13692,#13687,#13657));
#15033=IFCFACEOUTERBOUND(#15032,.T.);
#15034=IFCFACE((#15033));
#15035=IFCPOLYLOOP((#13694,#13690,#13658));
#15036=IFCFACEOUTERBOUND(#15035,.T.);
#15037=IFCFACE((#15036));
#15038=IFCPOLYLOOP((#13741,#13736,#13682));
#15039=IFCFACEOUTERBOUND(#15038,.T.);
#15040=IFCFACE((#15039));
#15041=IFCPOLYLOOP((#13667,#13714,#13630));
#15042=IFCFACEOUTERBOUND(#15041,.T.);
#15043=IFCFACE((#15042));
#15044=IFCPOLYLOOP((#13667,#13630,#13712,#13588));
#15045=IFCFACEOUTERBOUND(#15044,.T.);
#15046=IFCFACE((#15045));
#15047=IFCPOLYLOOP((#13665,#13709,#13628));
#15048=IFCFACEOUTERBOUND(#15047,.T.);
#15049=IFCFACE((#15048));
#15050=IFCPOLYLOOP((#13609,#13606,#13479));
#15051=IFCFACEOUTERBOUND(#15050,.T.);
#15052=IFCFACE((#15051));
#15053=IFCPOLYLOOP((#13613,#13614,#13596));
#15054=IFCFACEOUTERBOUND(#15053,.T.);
#15055=IFCFACE((#15054));
#15056=IFCPOLYLOOP((#13615,#13646,#13590));
#15057=IFCFACEOUTERBOUND(#15056,.T.);
#15058=IFCFACE((#15057));
#15059=IFCPOLYLOOP((#13593,#13609,#13612));
#15060=IFCFACEOUTERBOUND(#15059,.T.);
#15061=IFCFACE((#15060));
#15062=IFCPOLYLOOP((#13591,#13646,#13615));
#15063=IFCFACEOUTERBOUND(#15062,.T.);
#15064=IFCFACE((#15063));
#15065=IFCPOLYLOOP((#13566,#13614,#13613));
#15066=IFCFACEOUTERBOUND(#15065,.T.);
#15067=IFCFACE((#15066));
#15068=IFCPOLYLOOP((#13642,#13643,#13599));
#15069=IFCFACEOUTERBOUND(#15068,.T.);
#15070=IFCFACE((#15069));
#15071=IFCPOLYLOOP((#13669,#13632,#13717,#13598));
#15072=IFCFACEOUTERBOUND(#15071,.T.);
#15073=IFCFACE((#15072));
#15074=IFCPOLYLOOP((#13642,#13641,#13640));
#15075=IFCFACEOUTERBOUND(#15074,.T.);
#15076=IFCFACE((#15075));
#15077=IFCPOLYLOOP((#13734,#13735,#13679));
#15078=IFCFACEOUTERBOUND(#15077,.T.);
#15079=IFCFACE((#15078));
#15080=IFCPOLYLOOP((#13725,#13721,#13670));
#15081=IFCFACEOUTERBOUND(#15080,.T.);
#15082=IFCFACE((#15081));
#15083=IFCPOLYLOOP((#13723,#13681,#13653));
#15084=IFCFACEOUTERBOUND(#15083,.T.);
#15085=IFCFACE((#15084));
#15086=IFCPOLYLOOP((#13661,#13699,#13624));
#15087=IFCFACEOUTERBOUND(#15086,.T.);
#15088=IFCFACE((#15087));
#15089=IFCPOLYLOOP((#13661,#13624,#13697,#13604));
#15090=IFCFACEOUTERBOUND(#15089,.T.);
#15091=IFCFACE((#15090));
#15092=IFCPOLYLOOP((#13571,#13689,#13737,#13736));
#15093=IFCFACEOUTERBOUND(#15092,.T.);
#15094=IFCFACE((#15093));
#15095=IFCPOLYLOOP((#13606,#13480,#13479));
#15096=IFCFACEOUTERBOUND(#15095,.T.);
#15097=IFCFACE((#15096));
#15098=IFCPOLYLOOP((#13566,#13567,#13607));
#15099=IFCFACEOUTERBOUND(#15098,.T.);
#15100=IFCFACE((#15099));
#15101=IFCPOLYLOOP((#13608,#13609,#13479));
#15102=IFCFACEOUTERBOUND(#15101,.T.);
#15103=IFCFACE((#15102));
#15104=IFCPOLYLOOP((#13593,#13606,#13609));
#15105=IFCFACEOUTERBOUND(#15104,.T.);
#15106=IFCFACE((#15105));
#15107=IFCPOLYLOOP((#13612,#13580,#13611,#13593));
#15108=IFCFACEOUTERBOUND(#15107,.T.);
#15109=IFCFACE((#15108));
#15110=IFCPOLYLOOP((#13612,#13609,#13610));
#15111=IFCFACEOUTERBOUND(#15110,.T.);
#15112=IFCFACE((#15111));
#15113=IFCPOLYLOOP((#13734,#13684,#13656));
#15114=IFCFACEOUTERBOUND(#15113,.T.);
#15115=IFCFACE((#15114));
#15116=IFCPOLYLOOP((#13614,#13566,#13607));
#15117=IFCFACEOUTERBOUND(#15116,.T.);
#15118=IFCFACE((#15117));
#15119=IFCPOLYLOOP((#13607,#13595,#13614));
#15120=IFCFACEOUTERBOUND(#15119,.T.);
#15121=IFCFACE((#15120));
#15122=IFCPOLYLOOP((#13615,#13614,#13595));
#15123=IFCFACEOUTERBOUND(#15122,.T.);
#15124=IFCFACE((#15123));
#15125=IFCPOLYLOOP((#13591,#13615,#13595));
#15126=IFCFACEOUTERBOUND(#15125,.T.);
#15127=IFCFACE((#15126));
#15128=IFCPOLYLOOP((#13615,#13590,#13655,#13596));
#15129=IFCFACEOUTERBOUND(#15128,.T.);
#15130=IFCFACE((#15129));
#15131=IFCPOLYLOOP((#13612,#13617,#13580));
#15132=IFCFACEOUTERBOUND(#15131,.T.);
#15133=IFCFACE((#15132));
#15134=IFCPOLYLOOP((#13617,#13581,#13638));
#15135=IFCFACEOUTERBOUND(#15134,.T.);
#15136=IFCFACE((#15135));
#15137=IFCPOLYLOOP((#13637,#13578,#13639));
#15138=IFCFACEOUTERBOUND(#15137,.T.);
#15139=IFCFACE((#15138));
#15140=IFCPOLYLOOP((#13637,#13579,#13618));
#15141=IFCFACEOUTERBOUND(#15140,.T.);
#15142=IFCFACE((#15141));
#15143=IFCPOLYLOOP((#13617,#13645,#13580));
#15144=IFCFACEOUTERBOUND(#15143,.T.);
#15145=IFCFACE((#15144));
#15146=IFCPOLYLOOP((#13657,#13619,#13686,#13584));
#15147=IFCFACEOUTERBOUND(#15146,.T.);
#15148=IFCFACE((#15147));
#15149=IFCPOLYLOOP((#13737,#13689,#13658));
#15150=IFCFACEOUTERBOUND(#15149,.T.);
#15151=IFCFACE((#15150));
#15152=IFCPOLYLOOP((#13659,#13621,#13691));
#15153=IFCFACEOUTERBOUND(#15152,.T.);
#15154=IFCFACE((#15153));
#15155=IFCPOLYLOOP((#13695,#13699,#13698,#13623));
#15156=IFCFACEOUTERBOUND(#15155,.T.);
#15157=IFCFACE((#15156));
#15158=IFCPOLYLOOP((#13699,#13695,#13660));
#15159=IFCFACEOUTERBOUND(#15158,.T.);
#15160=IFCFACE((#15159));
#15161=IFCPOLYLOOP((#13662,#13573,#13700,#13625));
#15162=IFCFACEOUTERBOUND(#15161,.T.);
#15163=IFCFACE((#15162));
#15164=IFCPOLYLOOP((#13663,#13625,#13702,#13577));
#15165=IFCFACEOUTERBOUND(#15164,.T.);
#15166=IFCFACE((#15165));
#15167=IFCPOLYLOOP((#13627,#13664,#13709));
#15168=IFCFACEOUTERBOUND(#15167,.T.);
#15169=IFCFACE((#15168));
#15170=IFCPOLYLOOP((#13664,#13627,#13705,#13569));
#15171=IFCFACEOUTERBOUND(#15170,.T.);
#15172=IFCFACE((#15171));
#15173=IFCPOLYLOOP((#13710,#13714,#13713,#13629));
#15174=IFCFACEOUTERBOUND(#15173,.T.);
#15175=IFCFACE((#15174));
#15176=IFCPOLYLOOP((#13714,#13710,#13666));
#15177=IFCFACEOUTERBOUND(#15176,.T.);
#15178=IFCFACE((#15177));
#15179=IFCPOLYLOOP((#13631,#13668,#13719));
#15180=IFCFACEOUTERBOUND(#15179,.T.);
#15181=IFCFACE((#15180));
#15182=IFCPOLYLOOP((#13668,#13631,#13715,#13572));
#15183=IFCFACEOUTERBOUND(#15182,.T.);
#15184=IFCFACE((#15183));
#15185=IFCPOLYLOOP((#13670,#13570,#13720,#13633));
#15186=IFCFACEOUTERBOUND(#15185,.T.);
#15187=IFCFACE((#15186));
#15188=IFCPOLYLOOP((#13671,#13633,#13722,#13601));
#15189=IFCFACEOUTERBOUND(#15188,.T.);
#15190=IFCFACE((#15189));
#15191=IFCPOLYLOOP((#13672,#13577,#13726,#13635));
#15192=IFCFACEOUTERBOUND(#15191,.T.);
#15193=IFCFACE((#15192));
#15194=IFCPOLYLOOP((#13673,#13635,#13729,#13574));
#15195=IFCFACEOUTERBOUND(#15194,.T.);
#15196=IFCFACE((#15195));
#15197=IFCPOLYLOOP((#13645,#13637,#13618));
#15198=IFCFACEOUTERBOUND(#15197,.T.);
#15199=IFCFACE((#15198));
#15200=IFCPOLYLOOP((#13637,#13616,#13674,#13578));
#15201=IFCFACEOUTERBOUND(#15200,.T.);
#15202=IFCFACE((#15201));
#15203=IFCPOLYLOOP((#13643,#13598,#13675,#13599));
#15204=IFCFACEOUTERBOUND(#15203,.T.);
#15205=IFCFACE((#15204));
#15206=IFCPOLYLOOP((#13645,#13638,#13616));
#15207=IFCFACEOUTERBOUND(#15206,.T.);
#15208=IFCFACE((#15207));
#15209=IFCPOLYLOOP((#13642,#13644,#13639));
#15210=IFCFACEOUTERBOUND(#15209,.T.);
#15211=IFCFACE((#15210));
#15212=IFCPOLYLOOP((#13639,#13641,#13642));
#15213=IFCFACEOUTERBOUND(#15212,.T.);
#15214=IFCFACE((#15213));
#15215=IFCPOLYLOOP((#13639,#13578,#13641));
#15216=IFCFACEOUTERBOUND(#15215,.T.);
#15217=IFCFACE((#15216));
#15218=IFCPOLYLOOP((#13642,#13640,#13643));
#15219=IFCFACEOUTERBOUND(#15218,.T.);
#15220=IFCFACE((#15219));
#15221=IFCPOLYLOOP((#13580,#13645,#13618));
#15222=IFCFACEOUTERBOUND(#15221,.T.);
#15223=IFCFACE((#15222));
#15224=IFCPOLYLOOP((#13643,#13640,#13676,#13597));
#15225=IFCFACEOUTERBOUND(#15224,.T.);
#15226=IFCFACE((#15225));
#15227=IFCPOLYLOOP((#13669,#13643,#13597));
#15228=IFCFACEOUTERBOUND(#15227,.T.);
#15229=IFCFACE((#15228));
#15230=IFCPOLYLOOP((#13644,#13642,#13599));
#15231=IFCFACEOUTERBOUND(#15230,.T.);
#15232=IFCFACE((#15231));
#15233=IFCPOLYLOOP((#13644,#13579,#13639));
#15234=IFCFACEOUTERBOUND(#15233,.T.);
#15235=IFCFACE((#15234));
#15236=IFCPOLYLOOP((#13638,#13645,#13617));
#15237=IFCFACEOUTERBOUND(#15236,.T.);
#15238=IFCFACE((#15237));
#15239=IFCPOLYLOOP((#13649,#13651,#13592));
#15240=IFCFACEOUTERBOUND(#15239,.T.);
#15241=IFCFACE((#15240));
#15242=IFCPOLYLOOP((#13592,#13650,#13649));
#15243=IFCFACEOUTERBOUND(#15242,.T.);
#15244=IFCFACE((#15243));
#15245=IFCPOLYLOOP((#13649,#13650,#13647));
#15246=IFCFACEOUTERBOUND(#15245,.T.);
#15247=IFCFACE((#15246));
#15248=IFCPOLYLOOP((#13651,#13649,#13646));
#15249=IFCFACEOUTERBOUND(#15248,.T.);
#15250=IFCFACE((#15249));
#15251=IFCPOLYLOOP((#13648,#13590,#13646));
#15252=IFCFACEOUTERBOUND(#15251,.T.);
#15253=IFCFACE((#15252));
#15254=IFCPOLYLOOP((#13650,#13592,#13677,#13575));
#15255=IFCFACEOUTERBOUND(#15254,.T.);
#15256=IFCFACE((#15255));
#15257=IFCPOLYLOOP((#13727,#13732,#13636));
#15258=IFCFACEOUTERBOUND(#15257,.T.);
#15259=IFCFACE((#15258));
#15260=IFCPOLYLOOP((#13730,#13678,#13650));
#15261=IFCFACEOUTERBOUND(#15260,.T.);
#15262=IFCFACE((#15261));
#15263=IFCPOLYLOOP((#13646,#13591,#13651));
#15264=IFCFACEOUTERBOUND(#15263,.T.);
#15265=IFCFACE((#15264));
#15266=IFCPOLYLOOP((#13721,#13725,#13634));
#15267=IFCFACEOUTERBOUND(#15266,.T.);
#15268=IFCFACE((#15267));
#15269=IFCPOLYLOOP((#13653,#13652,#13680,#13600));
#15270=IFCFACEOUTERBOUND(#15269,.T.);
#15271=IFCFACE((#15270));
#15272=IFCPOLYLOOP((#13679,#13653,#13602));
#15273=IFCFACEOUTERBOUND(#15272,.T.);
#15274=IFCFACE((#15273));
#15275=IFCPOLYLOOP((#13619,#13657,#13688));
#15276=IFCFACEOUTERBOUND(#15275,.T.);
#15277=IFCFACE((#15276));
#15278=IFCPOLYLOOP((#13683,#13654,#13739,#13603));
#15279=IFCFACEOUTERBOUND(#15278,.T.);
#15280=IFCFACE((#15279));
#15281=IFCPOLYLOOP((#13568,#13737,#13658));
#15282=IFCFACEOUTERBOUND(#15281,.T.);
#15283=IFCFACE((#15282));
#15284=IFCPOLYLOOP((#13690,#13694,#13693,#13622));
#15285=IFCFACEOUTERBOUND(#15284,.T.);
#15286=IFCFACE((#15285));
#15287=IFCPOLYLOOP((#13657,#13687,#13688));
#15288=IFCFACEOUTERBOUND(#15287,.T.);
#15289=IFCFACE((#15288));
#15290=IFCPOLYLOOP((#13621,#13659,#13694));
#15291=IFCFACEOUTERBOUND(#15290,.T.);
#15292=IFCFACE((#15291));
#15293=IFCPOLYLOOP((#13737,#13568,#13682));
#15294=IFCFACEOUTERBOUND(#15293,.T.);
#15295=IFCFACE((#15294));
#15296=IFCPOLYLOOP((#13691,#13692,#13659));
#15297=IFCFACEOUTERBOUND(#15296,.T.);
#15298=IFCFACE((#15297));
#15299=IFCPOLYLOOP((#13659,#13693,#13694));
#15300=IFCFACEOUTERBOUND(#15299,.T.);
#15301=IFCFACE((#15300));
#15302=IFCPOLYLOOP((#13666,#13660,#13587));
#15303=IFCFACEOUTERBOUND(#15302,.T.);
#15304=IFCFACE((#15303));
#15305=IFCPOLYLOOP((#13660,#13586,#13696,#13624));
#15306=IFCFACEOUTERBOUND(#15305,.T.);
#15307=IFCFACE((#15306));
#15308=IFCPOLYLOOP((#13683,#13661,#13604));
#15309=IFCFACEOUTERBOUND(#15308,.T.);
#15310=IFCFACE((#15309));
#15311=IFCPOLYLOOP((#13661,#13603,#13698));
#15312=IFCFACEOUTERBOUND(#15311,.T.);
#15313=IFCFACE((#15312));
#15314=IFCPOLYLOOP((#13625,#13663,#13704));
#15315=IFCFACEOUTERBOUND(#15314,.T.);
#15316=IFCFACE((#15315));
#15317=IFCPOLYLOOP((#13670,#13662,#13570));
#15318=IFCFACEOUTERBOUND(#15317,.T.);
#15319=IFCFACE((#15318));
#15320=IFCPOLYLOOP((#13577,#13672,#13728));
#15321=IFCFACEOUTERBOUND(#15320,.T.);
#15322=IFCFACE((#15321));
#15323=IFCPOLYLOOP((#13704,#13663,#13626));
#15324=IFCFACEOUTERBOUND(#15323,.T.);
#15325=IFCFACE((#15324));
#15326=IFCPOLYLOOP((#13668,#13664,#13569));
#15327=IFCFACEOUTERBOUND(#15326,.T.);
#15328=IFCFACE((#15327));
#15329=IFCPOLYLOOP((#13664,#13572,#13706));
#15330=IFCFACEOUTERBOUND(#15329,.T.);
#15331=IFCFACE((#15330));
#15332=IFCPOLYLOOP((#13667,#13665,#13589));
#15333=IFCFACEOUTERBOUND(#15332,.T.);
#15334=IFCFACE((#15333));
#15335=IFCPOLYLOOP((#13665,#13588,#13708));
#15336=IFCFACEOUTERBOUND(#15335,.T.);
#15337=IFCFACE((#15336));
#15338=IFCPOLYLOOP((#13660,#13666,#13586));
#15339=IFCFACEOUTERBOUND(#15338,.T.);
#15340=IFCFACE((#15339));
#15341=IFCPOLYLOOP((#13666,#13587,#13711));
#15342=IFCFACEOUTERBOUND(#15341,.T.);
#15343=IFCFACE((#15342));
#15344=IFCPOLYLOOP((#13665,#13667,#13588));
#15345=IFCFACEOUTERBOUND(#15344,.T.);
#15346=IFCFACE((#15345));
#15347=IFCPOLYLOOP((#13667,#13589,#13713));
#15348=IFCFACEOUTERBOUND(#15347,.T.);
#15349=IFCFACE((#15348));
#15350=IFCPOLYLOOP((#13664,#13668,#13572));
#15351=IFCFACEOUTERBOUND(#15350,.T.);
#15352=IFCFACE((#15351));
#15353=IFCPOLYLOOP((#13668,#13569,#13716));
#15354=IFCFACEOUTERBOUND(#15353,.T.);
#15355=IFCFACE((#15354));
#15356=IFCPOLYLOOP((#13643,#13669,#13598));
#15357=IFCFACEOUTERBOUND(#15356,.T.);
#15358=IFCFACE((#15357));
#15359=IFCPOLYLOOP((#13669,#13597,#13718));
#15360=IFCFACEOUTERBOUND(#15359,.T.);
#15361=IFCFACE((#15360));
#15362=IFCPOLYLOOP((#13633,#13671,#13725));
#15363=IFCFACEOUTERBOUND(#15362,.T.);
#15364=IFCFACE((#15363));
#15365=IFCPOLYLOOP((#13662,#13670,#13573));
#15366=IFCFACEOUTERBOUND(#15365,.T.);
#15367=IFCFACE((#15366));
#15368=IFCPOLYLOOP((#13671,#13601,#13723));
#15369=IFCFACEOUTERBOUND(#15368,.T.);
#15370=IFCFACE((#15369));
#15371=IFCPOLYLOOP((#13725,#13671,#13634));
#15372=IFCFACEOUTERBOUND(#15371,.T.);
#15373=IFCFACE((#15372));
#15374=IFCPOLYLOOP((#13635,#13673,#13732));
#15375=IFCFACEOUTERBOUND(#15374,.T.);
#15376=IFCFACE((#15375));
#15377=IFCPOLYLOOP((#13728,#13672,#13576));
#15378=IFCFACEOUTERBOUND(#15377,.T.);
#15379=IFCFACE((#15378));
#15380=IFCPOLYLOOP((#13673,#13574,#13730));
#15381=IFCFACEOUTERBOUND(#15380,.T.);
#15382=IFCFACE((#15381));
#15383=IFCPOLYLOOP((#13732,#13673,#13636));
#15384=IFCFACEOUTERBOUND(#15383,.T.);
#15385=IFCFACE((#15384));
#15386=IFCPOLYLOOP((#13733,#13734,#13679));
#15387=IFCFACEOUTERBOUND(#15386,.T.);
#15388=IFCFACE((#15387));
#15389=IFCPOLYLOOP((#13678,#13647,#13650));
#15390=IFCFACEOUTERBOUND(#15389,.T.);
#15391=IFCFACE((#15390));
#15392=IFCPOLYLOOP((#13653,#13679,#13652));
#15393=IFCFACEOUTERBOUND(#15392,.T.);
#15394=IFCFACE((#15393));
#15395=IFCPOLYLOOP((#13682,#13568,#13738,#13654));
#15396=IFCFACEOUTERBOUND(#15395,.T.);
#15397=IFCFACE((#15396));
#15398=IFCPOLYLOOP((#13681,#13602,#13653));
#15399=IFCFACEOUTERBOUND(#15398,.T.);
#15400=IFCFACE((#15399));
#15401=IFCPOLYLOOP((#13741,#13654,#13683));
#15402=IFCFACEOUTERBOUND(#15401,.T.);
#15403=IFCFACE((#15402));
#15404=IFCPOLYLOOP((#13661,#13683,#13603));
#15405=IFCFACEOUTERBOUND(#15404,.T.);
#15406=IFCFACE((#15405));
#15407=IFCPOLYLOOP((#13683,#13604,#13740));
#15408=IFCFACEOUTERBOUND(#15407,.T.);
#15409=IFCFACE((#15408));
#15410=IFCPOLYLOOP((#13685,#13688,#13687,#13620));
#15411=IFCFACEOUTERBOUND(#15410,.T.);
#15412=IFCFACE((#15411));
#15413=IFCPOLYLOOP((#13684,#13619,#13656));
#15414=IFCFACEOUTERBOUND(#15413,.T.);
#15415=IFCFACE((#15414));
#15416=IFCPOLYLOOP((#13685,#13582,#13656));
#15417=IFCFACEOUTERBOUND(#15416,.T.);
#15418=IFCFACE((#15417));
#15419=IFCPOLYLOOP((#13619,#13688,#13656));
#15420=IFCFACEOUTERBOUND(#15419,.T.);
#15421=IFCFACE((#15420));
#15422=IFCPOLYLOOP((#13687,#13692,#13691,#13585));
#15423=IFCFACEOUTERBOUND(#15422,.T.);
#15424=IFCFACE((#15423));
#15425=IFCPOLYLOOP((#13621,#13658,#13689));
#15426=IFCFACEOUTERBOUND(#15425,.T.);
#15427=IFCFACE((#15426));
#15428=IFCPOLYLOOP((#13690,#13568,#13658));
#15429=IFCFACEOUTERBOUND(#15428,.T.);
#15430=IFCFACE((#15429));
#15431=IFCPOLYLOOP((#13584,#13692,#13657));
#15432=IFCFACEOUTERBOUND(#15431,.T.);
#15433=IFCFACE((#15432));
#15434=IFCPOLYLOOP((#13584,#13659,#13692));
#15435=IFCFACEOUTERBOUND(#15434,.T.);
#15436=IFCFACE((#15435));
#15437=IFCPOLYLOOP((#13621,#13694,#13658));
#15438=IFCFACEOUTERBOUND(#15437,.T.);
#15439=IFCFACE((#15438));
#15440=IFCPOLYLOOP((#13624,#13699,#13660));
#15441=IFCFACEOUTERBOUND(#15440,.T.);
#15442=IFCFACE((#15441));
#15443=IFCPOLYLOOP((#13695,#13587,#13660));
#15444=IFCFACEOUTERBOUND(#15443,.T.);
#15445=IFCFACE((#15444));
#15446=IFCPOLYLOOP((#13698,#13699,#13661));
#15447=IFCFACEOUTERBOUND(#15446,.T.);
#15448=IFCFACE((#15447));
#15449=IFCPOLYLOOP((#13701,#13704,#13626));
#15450=IFCFACEOUTERBOUND(#15449,.T.);
#15451=IFCFACE((#15450));
#15452=IFCPOLYLOOP((#13701,#13570,#13662));
#15453=IFCFACEOUTERBOUND(#15452,.T.);
#15454=IFCFACE((#15453));
#15455=IFCPOLYLOOP((#13703,#13626,#13663));
#15456=IFCFACEOUTERBOUND(#15455,.T.);
#15457=IFCFACE((#15456));
#15458=IFCPOLYLOOP((#13625,#13704,#13662));
#15459=IFCFACEOUTERBOUND(#15458,.T.);
#15460=IFCFACE((#15459));
#15461=IFCPOLYLOOP((#13709,#13664,#13706));
#15462=IFCFACEOUTERBOUND(#15461,.T.);
#15463=IFCFACE((#15462));
#15464=IFCPOLYLOOP((#13709,#13706,#13628));
#15465=IFCFACEOUTERBOUND(#15464,.T.);
#15466=IFCFACE((#15465));
#15467=IFCPOLYLOOP((#13709,#13708,#13627));
#15468=IFCFACEOUTERBOUND(#15467,.T.);
#15469=IFCFACE((#15468));
#15470=IFCPOLYLOOP((#13708,#13709,#13665));
#15471=IFCFACEOUTERBOUND(#15470,.T.);
#15472=IFCFACE((#15471));
#15473=IFCPOLYLOOP((#13714,#13666,#13711));
#15474=IFCFACEOUTERBOUND(#15473,.T.);
#15475=IFCFACE((#15474));
#15476=IFCPOLYLOOP((#13586,#13666,#13710));
#15477=IFCFACEOUTERBOUND(#15476,.T.);
#15478=IFCFACE((#15477));
#15479=IFCPOLYLOOP((#13714,#13711,#13630));
#15480=IFCFACEOUTERBOUND(#15479,.T.);
#15481=IFCFACE((#15480));
#15482=IFCPOLYLOOP((#13713,#13714,#13667));
#15483=IFCFACEOUTERBOUND(#15482,.T.);
#15484=IFCFACE((#15483));
#15485=IFCPOLYLOOP((#13719,#13668,#13716));
#15486=IFCFACEOUTERBOUND(#15485,.T.);
#15487=IFCFACE((#15486));
#15488=IFCPOLYLOOP((#13719,#13716,#13632));
#15489=IFCFACEOUTERBOUND(#15488,.T.);
#15490=IFCFACE((#15489));
#15491=IFCPOLYLOOP((#13719,#13718,#13631));
#15492=IFCFACEOUTERBOUND(#15491,.T.);
#15493=IFCFACE((#15492));
#15494=IFCPOLYLOOP((#13718,#13719,#13669));
#15495=IFCFACEOUTERBOUND(#15494,.T.);
#15496=IFCFACE((#15495));
#15497=IFCPOLYLOOP((#13681,#13723,#13601));
#15498=IFCFACEOUTERBOUND(#15497,.T.);
#15499=IFCFACE((#15498));
#15500=IFCPOLYLOOP((#13721,#13573,#13670));
#15501=IFCFACEOUTERBOUND(#15500,.T.);
#15502=IFCFACE((#15501));
#15503=IFCPOLYLOOP((#13600,#13723,#13653));
#15504=IFCFACEOUTERBOUND(#15503,.T.);
#15505=IFCFACE((#15504));
#15506=IFCPOLYLOOP((#13724,#13723,#13600));
#15507=IFCFACEOUTERBOUND(#15506,.T.);
#15508=IFCFACE((#15507));
#15509=IFCPOLYLOOP((#13724,#13634,#13671));
#15510=IFCFACEOUTERBOUND(#15509,.T.);
#15511=IFCFACE((#15510));
#15512=IFCPOLYLOOP((#13633,#13725,#13670));
#15513=IFCFACEOUTERBOUND(#15512,.T.);
#15514=IFCFACE((#15513));
#15515=IFCPOLYLOOP((#13703,#13728,#13576));
#15516=IFCFACEOUTERBOUND(#15515,.T.);
#15517=IFCFACE((#15516));
#15518=IFCPOLYLOOP((#13727,#13576,#13672));
#15519=IFCFACEOUTERBOUND(#15518,.T.);
#15520=IFCFACE((#15519));
#15521=IFCPOLYLOOP((#13577,#13728,#13663));
#15522=IFCFACEOUTERBOUND(#15521,.T.);
#15523=IFCFACE((#15522));
#15524=IFCPOLYLOOP((#13678,#13730,#13574));
#15525=IFCFACEOUTERBOUND(#15524,.T.);
#15526=IFCFACE((#15525));
#15527=IFCPOLYLOOP((#13575,#13730,#13650));
#15528=IFCFACEOUTERBOUND(#15527,.T.);
#15529=IFCFACE((#15528));
#15530=IFCPOLYLOOP((#13731,#13730,#13575));
#15531=IFCFACEOUTERBOUND(#15530,.T.);
#15532=IFCFACE((#15531));
#15533=IFCPOLYLOOP((#13731,#13636,#13673));
#15534=IFCFACEOUTERBOUND(#15533,.T.);
#15535=IFCFACE((#15534));
#15536=IFCPOLYLOOP((#13635,#13732,#13672));
#15537=IFCFACEOUTERBOUND(#15536,.T.);
#15538=IFCFACE((#15537));
#15539=IFCPOLYLOOP((#13684,#13734,#13733,#13583));
#15540=IFCFACEOUTERBOUND(#15539,.T.);
#15541=IFCFACE((#15540));
#15542=IFCPOLYLOOP((#13582,#13734,#13656));
#15543=IFCFACEOUTERBOUND(#15542,.T.);
#15544=IFCFACE((#15543));
#15545=IFCPOLYLOOP((#13735,#13734,#13582));
#15546=IFCFACEOUTERBOUND(#15545,.T.);
#15547=IFCFACE((#15546));
#15548=IFCPOLYLOOP((#13735,#13652,#13679));
#15549=IFCFACEOUTERBOUND(#15548,.T.);
#15550=IFCFACE((#15549));
#15551=IFCPOLYLOOP((#13736,#13737,#13682));
#15552=IFCFACEOUTERBOUND(#15551,.T.);
#15553=IFCFACE((#15552));
#15554=IFCPOLYLOOP((#13654,#13741,#13682));
#15555=IFCFACEOUTERBOUND(#15554,.T.);
#15556=IFCFACE((#15555));
#15557=IFCPOLYLOOP((#13740,#13741,#13683));
#15558=IFCFACEOUTERBOUND(#15557,.T.);
#15559=IFCFACE((#15558));
#15560=IFCPOLYLOOP((#13511,#13480,#13606,#13593,#13611,#13580,#13618,#13579,#13644,#13599,#13675,#13598,#13717,#13632,#13716,#13569,#13705,#13627,#13708,#13588,#13712,#13630,#13711,#13587,#13695,#13623,#13698,#13603,#13739,#13654,#13738,#13568,#13690,#13622,#13693,#13584,#13686,#13619,#13684,#13583,#13733,#13602,#13681,#13601,#13722,#13633,#13720,#13570,#13701,#13626,#13703,#13576,#13727,#13636,#13731,#13575,#13677,#13592,#13651,#13591,#13595,#13607,#13567,#13742));
#15561=IFCFACEOUTERBOUND(#15560,.T.);
#15562=IFCFACE((#15561));
#15563=IFCPOLYLOOP((#13742,#13512,#13511));
#15564=IFCFACEOUTERBOUND(#15563,.T.);
#15565=IFCFACE((#15564));
#15566=IFCPOLYLOOP((#13512,#13742,#13224));
#15567=IFCFACEOUTERBOUND(#15566,.T.);
#15568=IFCFACE((#15567));
#15569=IFCPOLYLOOP((#13462,#13224,#13742));
#15570=IFCFACEOUTERBOUND(#15569,.T.);
#15571=IFCFACE((#15570));
#15572=IFCPOLYLOOP((#13224,#13462,#13463));
#15573=IFCFACEOUTERBOUND(#15572,.T.);
#15574=IFCFACE((#15573));
#15575=IFCPOLYLOOP((#13225,#13463,#13511));
#15576=IFCFACEOUTERBOUND(#15575,.T.);
#15577=IFCFACE((#15576));
#15578=IFCPOLYLOOP((#13463,#13225,#13224));
#15579=IFCFACEOUTERBOUND(#15578,.T.);
#15580=IFCFACE((#15579));
#15581=IFCPOLYLOOP((#13464,#13511,#13512));
#15582=IFCFACEOUTERBOUND(#15581,.T.);
#15583=IFCFACE((#15582));
#15584=IFCPOLYLOOP((#13511,#13464,#13225));
#15585=IFCFACEOUTERBOUND(#15584,.T.);
#15586=IFCFACE((#15585));
#15587=IFCPOLYLOOP((#13513,#13512,#13224,#13223));
#15588=IFCFACEOUTERBOUND(#15587,.T.);
#15589=IFCFACE((#15588));
#15590=IFCPOLYLOOP((#13513,#13514,#13465));
#15591=IFCFACEOUTERBOUND(#15590,.T.);
#15592=IFCFACE((#15591));
#15593=IFCPOLYLOOP((#13514,#13513,#13228));
#15594=IFCFACEOUTERBOUND(#15593,.T.);
#15595=IFCFACE((#15594));
#15596=IFCPOLYLOOP((#13223,#13228,#13513));
#15597=IFCFACEOUTERBOUND(#15596,.T.);
#15598=IFCFACE((#15597));
#15599=IFCPOLYLOOP((#13228,#13223,#13226));
#15600=IFCFACEOUTERBOUND(#15599,.T.);
#15601=IFCFACE((#15600));
#15602=IFCPOLYLOOP((#13229,#13226,#13465));
#15603=IFCFACEOUTERBOUND(#15602,.T.);
#15604=IFCFACE((#15603));
#15605=IFCPOLYLOOP((#13226,#13229,#13228));
#15606=IFCFACEOUTERBOUND(#15605,.T.);
#15607=IFCFACE((#15606));
#15608=IFCPOLYLOOP((#13466,#13465,#13514));
#15609=IFCFACEOUTERBOUND(#15608,.T.);
#15610=IFCFACE((#15609));
#15611=IFCPOLYLOOP((#13465,#13466,#13229));
#15612=IFCFACEOUTERBOUND(#15611,.T.);
#15613=IFCFACE((#15612));
#15614=IFCPOLYLOOP((#13515,#13514,#13228,#13227,#13743,#13745));
#15615=IFCFACEOUTERBOUND(#15614,.T.);
#15616=IFCFACE((#15615));
#15617=IFCPOLYLOOP((#13746,#13748,#13744,#13747));
#15618=IFCFACEOUTERBOUND(#15617,.T.);
#15619=IFCFACE((#15618));
#15620=IFCPOLYLOOP((#13747,#13516,#13749));
#15621=IFCFACEOUTERBOUND(#15620,.T.);
#15622=IFCFACE((#15621));
#15623=IFCPOLYLOOP((#13227,#13232,#13750));
#15624=IFCFACEOUTERBOUND(#15623,.T.);
#15625=IFCFACE((#15624));
#15626=IFCPOLYLOOP((#13746,#13743,#13750));
#15627=IFCFACEOUTERBOUND(#15626,.T.);
#15628=IFCFACE((#15627));
#15629=IFCPOLYLOOP((#13515,#13745,#13749));
#15630=IFCFACEOUTERBOUND(#15629,.T.);
#15631=IFCFACE((#15630));
#15632=IFCPOLYLOOP((#13746,#13745,#13743));
#15633=IFCFACEOUTERBOUND(#15632,.T.);
#15634=IFCFACE((#15633));
#15635=IFCPOLYLOOP((#13748,#13746,#13750));
#15636=IFCFACEOUTERBOUND(#15635,.T.);
#15637=IFCFACE((#15636));
#15638=IFCPOLYLOOP((#13747,#13749,#13746));
#15639=IFCFACEOUTERBOUND(#15638,.T.);
#15640=IFCFACE((#15639));
#15641=IFCPOLYLOOP((#13749,#13745,#13746));
#15642=IFCFACEOUTERBOUND(#15641,.T.);
#15643=IFCFACE((#15642));
#15644=IFCPOLYLOOP((#13747,#13517,#13516));
#15645=IFCFACEOUTERBOUND(#15644,.T.);
#15646=IFCFACE((#15645));
#15647=IFCPOLYLOOP((#13232,#13231,#13748));
#15648=IFCFACEOUTERBOUND(#15647,.T.);
#15649=IFCFACE((#15648));
#15650=IFCPOLYLOOP((#13515,#13749,#13516));
#15651=IFCFACEOUTERBOUND(#15650,.T.);
#15652=IFCFACE((#15651));
#15653=IFCPOLYLOOP((#13227,#13750,#13743));
#15654=IFCFACEOUTERBOUND(#15653,.T.);
#15655=IFCFACE((#15654));
#15656=IFCPOLYLOOP((#13748,#13750,#13232));
#15657=IFCFACEOUTERBOUND(#15656,.T.);
#15658=IFCFACE((#15657));
#15659=IFCPOLYLOOP((#13469,#13565,#13613));
#15660=IFCFACEOUTERBOUND(#15659,.T.);
#15661=IFCFACE((#15660));
#15662=IFCPOLYLOOP((#13478,#13234,#13474));
#15663=IFCFACEOUTERBOUND(#15662,.T.);
#15664=IFCFACE((#15663));
#15665=IFCPOLYLOOP((#13565,#13517,#13747));
#15666=IFCFACEOUTERBOUND(#15665,.T.);
#15667=IFCFACE((#15666));
#15668=IFCPOLYLOOP((#13565,#13469,#13530));
#15669=IFCFACEOUTERBOUND(#15668,.T.);
#15670=IFCFACE((#15669));
#15671=IFCPOLYLOOP((#13234,#13285,#13333));
#15672=IFCFACEOUTERBOUND(#15671,.T.);
#15673=IFCFACE((#15672));
#15674=IFCPOLYLOOP((#13234,#13478,#13492));
#15675=IFCFACEOUTERBOUND(#15674,.T.);
#15676=IFCFACE((#15675));
#15677=IFCPOLYLOOP((#13231,#13284,#13762));
#15678=IFCFACEOUTERBOUND(#15677,.T.);
#15679=IFCFACE((#15678));
#15680=IFCPOLYLOOP((#13284,#13231,#13247));
#15681=IFCFACEOUTERBOUND(#15680,.T.);
#15682=IFCFACE((#15681));
#15683=IFCPOLYLOOP((#13469,#13613,#13596));
#15684=IFCFACEOUTERBOUND(#15683,.T.);
#15685=IFCFACE((#15684));
#15686=IFCPOLYLOOP((#13469,#13596,#13655));
#15687=IFCFACEOUTERBOUND(#15686,.T.);
#15688=IFCFACE((#15687));
#15689=IFCPOLYLOOP((#13469,#13655,#13590));
#15690=IFCFACEOUTERBOUND(#15689,.T.);
#15691=IFCFACE((#15690));
#15692=IFCPOLYLOOP((#13469,#13590,#13648));
#15693=IFCFACEOUTERBOUND(#15692,.T.);
#15694=IFCFACE((#15693));
#15695=IFCPOLYLOOP((#13469,#13648,#13647));
#15696=IFCFACEOUTERBOUND(#15695,.T.);
#15697=IFCFACE((#15696));
#15698=IFCPOLYLOOP((#13469,#13647,#13678));
#15699=IFCFACEOUTERBOUND(#15698,.T.);
#15700=IFCFACE((#15699));
#15701=IFCPOLYLOOP((#13469,#13678,#13574));
#15702=IFCFACEOUTERBOUND(#15701,.T.);
#15703=IFCFACE((#15702));
#15704=IFCPOLYLOOP((#13469,#13574,#13729));
#15705=IFCFACEOUTERBOUND(#15704,.T.);
#15706=IFCFACE((#15705));
#15707=IFCPOLYLOOP((#13469,#13729,#13635));
#15708=IFCFACEOUTERBOUND(#15707,.T.);
#15709=IFCFACE((#15708));
#15710=IFCPOLYLOOP((#13469,#13635,#13726));
#15711=IFCFACEOUTERBOUND(#15710,.T.);
#15712=IFCFACE((#15711));
#15713=IFCPOLYLOOP((#13469,#13726,#13577));
#15714=IFCFACEOUTERBOUND(#15713,.T.);
#15715=IFCFACE((#15714));
#15716=IFCPOLYLOOP((#13469,#13577,#13702));
#15717=IFCFACEOUTERBOUND(#15716,.T.);
#15718=IFCFACE((#15717));
#15719=IFCPOLYLOOP((#13469,#13702,#13625));
#15720=IFCFACEOUTERBOUND(#15719,.T.);
#15721=IFCFACE((#15720));
#15722=IFCPOLYLOOP((#13469,#13625,#13700));
#15723=IFCFACEOUTERBOUND(#15722,.T.);
#15724=IFCFACE((#15723));
#15725=IFCPOLYLOOP((#13469,#13700,#13573));
#15726=IFCFACEOUTERBOUND(#15725,.T.);
#15727=IFCFACE((#15726));
#15728=IFCPOLYLOOP((#13469,#13573,#13721));
#15729=IFCFACEOUTERBOUND(#15728,.T.);
#15730=IFCFACE((#15729));
#15731=IFCPOLYLOOP((#13469,#13721,#13634));
#15732=IFCFACEOUTERBOUND(#15731,.T.);
#15733=IFCFACE((#15732));
#15734=IFCPOLYLOOP((#13469,#13634,#13724));
#15735=IFCFACEOUTERBOUND(#15734,.T.);
#15736=IFCFACE((#15735));
#15737=IFCPOLYLOOP((#13469,#13724,#13600));
#15738=IFCFACEOUTERBOUND(#15737,.T.);
#15739=IFCFACE((#15738));
#15740=IFCPOLYLOOP((#13469,#13600,#13680));
#15741=IFCFACEOUTERBOUND(#15740,.T.);
#15742=IFCFACE((#15741));
#15743=IFCPOLYLOOP((#13469,#13680,#13652));
#15744=IFCFACEOUTERBOUND(#15743,.T.);
#15745=IFCFACE((#15744));
#15746=IFCPOLYLOOP((#13469,#13652,#13735));
#15747=IFCFACEOUTERBOUND(#15746,.T.);
#15748=IFCFACE((#15747));
#15749=IFCPOLYLOOP((#13469,#13735,#13582));
#15750=IFCFACEOUTERBOUND(#15749,.T.);
#15751=IFCFACE((#15750));
#15752=IFCPOLYLOOP((#13469,#13582,#13685));
#15753=IFCFACEOUTERBOUND(#15752,.T.);
#15754=IFCFACE((#15753));
#15755=IFCPOLYLOOP((#13469,#13685,#13620));
#15756=IFCFACEOUTERBOUND(#15755,.T.);
#15757=IFCFACE((#15756));
#15758=IFCPOLYLOOP((#13469,#13620,#13687));
#15759=IFCFACEOUTERBOUND(#15758,.T.);
#15760=IFCFACE((#15759));
#15761=IFCPOLYLOOP((#13469,#13687,#13585));
#15762=IFCFACEOUTERBOUND(#15761,.T.);
#15763=IFCFACE((#15762));
#15764=IFCPOLYLOOP((#13469,#13585,#13691));
#15765=IFCFACEOUTERBOUND(#15764,.T.);
#15766=IFCFACE((#15765));
#15767=IFCPOLYLOOP((#13469,#13691,#13621));
#15768=IFCFACEOUTERBOUND(#15767,.T.);
#15769=IFCFACE((#15768));
#15770=IFCPOLYLOOP((#13469,#13621,#13689));
#15771=IFCFACEOUTERBOUND(#15770,.T.);
#15772=IFCFACE((#15771));
#15773=IFCPOLYLOOP((#13469,#13689,#13571));
#15774=IFCFACEOUTERBOUND(#15773,.T.);
#15775=IFCFACE((#15774));
#15776=IFCPOLYLOOP((#13469,#13571,#13736));
#15777=IFCFACEOUTERBOUND(#15776,.T.);
#15778=IFCFACE((#15777));
#15779=IFCPOLYLOOP((#13469,#13736,#13605));
#15780=IFCFACEOUTERBOUND(#15779,.T.);
#15781=IFCFACE((#15780));
#15782=IFCPOLYLOOP((#13469,#13605,#13740));
#15783=IFCFACEOUTERBOUND(#15782,.T.);
#15784=IFCFACE((#15783));
#15785=IFCPOLYLOOP((#13469,#13740,#13604));
#15786=IFCFACEOUTERBOUND(#15785,.T.);
#15787=IFCFACE((#15786));
#15788=IFCPOLYLOOP((#13469,#13604,#13697));
#15789=IFCFACEOUTERBOUND(#15788,.T.);
#15790=IFCFACE((#15789));
#15791=IFCPOLYLOOP((#13469,#13697,#13624));
#15792=IFCFACEOUTERBOUND(#15791,.T.);
#15793=IFCFACE((#15792));
#15794=IFCPOLYLOOP((#13469,#13624,#13696));
#15795=IFCFACEOUTERBOUND(#15794,.T.);
#15796=IFCFACE((#15795));
#15797=IFCPOLYLOOP((#13469,#13696,#13586));
#15798=IFCFACEOUTERBOUND(#15797,.T.);
#15799=IFCFACE((#15798));
#15800=IFCPOLYLOOP((#13469,#13586,#13710));
#15801=IFCFACEOUTERBOUND(#15800,.T.);
#15802=IFCFACE((#15801));
#15803=IFCPOLYLOOP((#13469,#13710,#13629));
#15804=IFCFACEOUTERBOUND(#15803,.T.);
#15805=IFCFACE((#15804));
#15806=IFCPOLYLOOP((#13469,#13629,#13713));
#15807=IFCFACEOUTERBOUND(#15806,.T.);
#15808=IFCFACE((#15807));
#15809=IFCPOLYLOOP((#13469,#13713,#13589));
#15810=IFCFACEOUTERBOUND(#15809,.T.);
#15811=IFCFACE((#15810));
#15812=IFCPOLYLOOP((#13469,#13589,#13707));
#15813=IFCFACEOUTERBOUND(#15812,.T.);
#15814=IFCFACE((#15813));
#15815=IFCPOLYLOOP((#13469,#13707,#13628));
#15816=IFCFACEOUTERBOUND(#15815,.T.);
#15817=IFCFACE((#15816));
#15818=IFCPOLYLOOP((#13469,#13628,#13706));
#15819=IFCFACEOUTERBOUND(#15818,.T.);
#15820=IFCFACE((#15819));
#15821=IFCPOLYLOOP((#13469,#13706,#13572));
#15822=IFCFACEOUTERBOUND(#15821,.T.);
#15823=IFCFACE((#15822));
#15824=IFCPOLYLOOP((#13469,#13572,#13715));
#15825=IFCFACEOUTERBOUND(#15824,.T.);
#15826=IFCFACE((#15825));
#15827=IFCPOLYLOOP((#13469,#13715,#13631));
#15828=IFCFACEOUTERBOUND(#15827,.T.);
#15829=IFCFACE((#15828));
#15830=IFCPOLYLOOP((#13469,#13631,#13718));
#15831=IFCFACEOUTERBOUND(#15830,.T.);
#15832=IFCFACE((#15831));
#15833=IFCPOLYLOOP((#13469,#13718,#13597));
#15834=IFCFACEOUTERBOUND(#15833,.T.);
#15835=IFCFACE((#15834));
#15836=IFCPOLYLOOP((#13469,#13597,#13676));
#15837=IFCFACEOUTERBOUND(#15836,.T.);
#15838=IFCFACE((#15837));
#15839=IFCPOLYLOOP((#13469,#13676,#13640));
#15840=IFCFACEOUTERBOUND(#15839,.T.);
#15841=IFCFACE((#15840));
#15842=IFCPOLYLOOP((#13469,#13640,#13641));
#15843=IFCFACEOUTERBOUND(#15842,.T.);
#15844=IFCFACE((#15843));
#15845=IFCPOLYLOOP((#13469,#13641,#13578));
#15846=IFCFACEOUTERBOUND(#15845,.T.);
#15847=IFCFACE((#15846));
#15848=IFCPOLYLOOP((#13469,#13578,#13674));
#15849=IFCFACEOUTERBOUND(#15848,.T.);
#15850=IFCFACE((#15849));
#15851=IFCPOLYLOOP((#13469,#13674,#13616));
#15852=IFCFACEOUTERBOUND(#15851,.T.);
#15853=IFCFACE((#15852));
#15854=IFCPOLYLOOP((#13469,#13616,#13638));
#15855=IFCFACEOUTERBOUND(#15854,.T.);
#15856=IFCFACE((#15855));
#15857=IFCPOLYLOOP((#13469,#13638,#13581));
#15858=IFCFACEOUTERBOUND(#15857,.T.);
#15859=IFCFACE((#15858));
#15860=IFCPOLYLOOP((#13469,#13581,#13610));
#15861=IFCFACEOUTERBOUND(#15860,.T.);
#15862=IFCFACE((#15861));
#15863=IFCPOLYLOOP((#13469,#13610,#13594));
#15864=IFCFACEOUTERBOUND(#15863,.T.);
#15865=IFCFACE((#15864));
#15866=IFCPOLYLOOP((#13469,#13594,#13608));
#15867=IFCFACEOUTERBOUND(#15866,.T.);
#15868=IFCFACE((#15867));
#15869=IFCPOLYLOOP((#13469,#13608,#13478));
#15870=IFCFACEOUTERBOUND(#15869,.T.);
#15871=IFCFACE((#15870));
#15872=IFCPOLYLOOP((#13478,#13474,#13471));
#15873=IFCFACEOUTERBOUND(#15872,.T.);
#15874=IFCFACE((#15873));
#15875=IFCPOLYLOOP((#13478,#13471,#13475));
#15876=IFCFACEOUTERBOUND(#15875,.T.);
#15877=IFCFACE((#15876));
#15878=IFCPOLYLOOP((#13478,#13475,#13469));
#15879=IFCFACEOUTERBOUND(#15878,.T.);
#15880=IFCFACE((#15879));
#15881=IFCPOLYLOOP((#13565,#13747,#13744));
#15882=IFCFACEOUTERBOUND(#15881,.T.);
#15883=IFCFACE((#15882));
#15884=IFCPOLYLOOP((#13565,#13744,#13748));
#15885=IFCFACEOUTERBOUND(#15884,.T.);
#15886=IFCFACE((#15885));
#15887=IFCPOLYLOOP((#13565,#13748,#13231));
#15888=IFCFACEOUTERBOUND(#15887,.T.);
#15889=IFCFACE((#15888));
#15890=IFCPOLYLOOP((#13565,#13530,#13527));
#15891=IFCFACEOUTERBOUND(#15890,.T.);
#15892=IFCFACE((#15891));
#15893=IFCPOLYLOOP((#13565,#13527,#13539));
#15894=IFCFACEOUTERBOUND(#15893,.T.);
#15895=IFCFACE((#15894));
#15896=IFCPOLYLOOP((#13565,#13539,#13519));
#15897=IFCFACEOUTERBOUND(#15896,.T.);
#15898=IFCFACE((#15897));
#15899=IFCPOLYLOOP((#13565,#13519,#13533));
#15900=IFCFACEOUTERBOUND(#15899,.T.);
#15901=IFCFACE((#15900));
#15902=IFCPOLYLOOP((#13565,#13533,#13532));
#15903=IFCFACEOUTERBOUND(#15902,.T.);
#15904=IFCFACE((#15903));
#15905=IFCPOLYLOOP((#13565,#13532,#13557));
#15906=IFCFACEOUTERBOUND(#15905,.T.);
#15907=IFCFACE((#15906));
#15908=IFCPOLYLOOP((#13565,#13557,#13518));
#15909=IFCFACEOUTERBOUND(#15908,.T.);
#15910=IFCFACE((#15909));
#15911=IFCPOLYLOOP((#13565,#13518,#13545));
#15912=IFCFACEOUTERBOUND(#15911,.T.);
#15913=IFCFACE((#15912));
#15914=IFCPOLYLOOP((#13565,#13545,#13534));
#15915=IFCFACEOUTERBOUND(#15914,.T.);
#15916=IFCFACE((#15915));
#15917=IFCPOLYLOOP((#13565,#13534,#13540));
#15918=IFCFACEOUTERBOUND(#15917,.T.);
#15919=IFCFACE((#15918));
#15920=IFCPOLYLOOP((#13565,#13540,#13520));
#15921=IFCFACEOUTERBOUND(#15920,.T.);
#15922=IFCFACE((#15921));
#15923=IFCPOLYLOOP((#13565,#13520,#13547));
#15924=IFCFACEOUTERBOUND(#15923,.T.);
#15925=IFCFACE((#15924));
#15926=IFCPOLYLOOP((#13565,#13547,#13524));
#15927=IFCFACEOUTERBOUND(#15926,.T.);
#15928=IFCFACE((#15927));
#15929=IFCPOLYLOOP((#13565,#13524,#13537));
#15930=IFCFACEOUTERBOUND(#15929,.T.);
#15931=IFCFACE((#15930));
#15932=IFCPOLYLOOP((#13565,#13537,#13517));
#15933=IFCFACEOUTERBOUND(#15932,.T.);
#15934=IFCFACE((#15933));
#15935=IFCPOLYLOOP((#13234,#13333,#13316));
#15936=IFCFACEOUTERBOUND(#15935,.T.);
#15937=IFCFACE((#15936));
#15938=IFCPOLYLOOP((#13234,#13316,#13375));
#15939=IFCFACEOUTERBOUND(#15938,.T.);
#15940=IFCFACE((#15939));
#15941=IFCPOLYLOOP((#13234,#13375,#13310));
#15942=IFCFACEOUTERBOUND(#15941,.T.);
#15943=IFCFACE((#15942));
#15944=IFCPOLYLOOP((#13234,#13310,#13368));
#15945=IFCFACEOUTERBOUND(#15944,.T.);
#15946=IFCFACE((#15945));
#15947=IFCPOLYLOOP((#13234,#13368,#13367));
#15948=IFCFACEOUTERBOUND(#15947,.T.);
#15949=IFCFACE((#15948));
#15950=IFCPOLYLOOP((#13234,#13367,#13398));
#15951=IFCFACEOUTERBOUND(#15950,.T.);
#15952=IFCFACE((#15951));
#15953=IFCPOLYLOOP((#13234,#13398,#13294));
#15954=IFCFACEOUTERBOUND(#15953,.T.);
#15955=IFCFACE((#15954));
#15956=IFCPOLYLOOP((#13234,#13294,#13449));
#15957=IFCFACEOUTERBOUND(#15956,.T.);
#15958=IFCFACE((#15957));
#15959=IFCPOLYLOOP((#13234,#13449,#13355));
#15960=IFCFACEOUTERBOUND(#15959,.T.);
#15961=IFCFACE((#15960));
#15962=IFCPOLYLOOP((#13234,#13355,#13446));
#15963=IFCFACEOUTERBOUND(#15962,.T.);
#15964=IFCFACE((#15963));
#15965=IFCPOLYLOOP((#13234,#13446,#13297));
#15966=IFCFACEOUTERBOUND(#15965,.T.);
#15967=IFCFACE((#15966));
#15968=IFCPOLYLOOP((#13234,#13297,#13422));
#15969=IFCFACEOUTERBOUND(#15968,.T.);
#15970=IFCFACE((#15969));
#15971=IFCPOLYLOOP((#13234,#13422,#13345));
#15972=IFCFACEOUTERBOUND(#15971,.T.);
#15973=IFCFACE((#15972));
#15974=IFCPOLYLOOP((#13234,#13345,#13420));
#15975=IFCFACEOUTERBOUND(#15974,.T.);
#15976=IFCFACE((#15975));
#15977=IFCPOLYLOOP((#13234,#13420,#13293));
#15978=IFCFACEOUTERBOUND(#15977,.T.);
#15979=IFCFACE((#15978));
#15980=IFCPOLYLOOP((#13234,#13293,#13441));
#15981=IFCFACEOUTERBOUND(#15980,.T.);
#15982=IFCFACE((#15981));
#15983=IFCPOLYLOOP((#13234,#13441,#13354));
#15984=IFCFACEOUTERBOUND(#15983,.T.);
#15985=IFCFACE((#15984));
#15986=IFCPOLYLOOP((#13234,#13354,#13444));
#15987=IFCFACEOUTERBOUND(#15986,.T.);
#15988=IFCFACE((#15987));
#15989=IFCPOLYLOOP((#13234,#13444,#13320));
#15990=IFCFACEOUTERBOUND(#15989,.T.);
#15991=IFCFACE((#15990));
#15992=IFCPOLYLOOP((#13234,#13320,#13400));
#15993=IFCFACEOUTERBOUND(#15992,.T.);
#15994=IFCFACE((#15993));
#15995=IFCPOLYLOOP((#13234,#13400,#13372));
#15996=IFCFACEOUTERBOUND(#15995,.T.);
#15997=IFCFACE((#15996));
#15998=IFCPOLYLOOP((#13234,#13372,#13455));
#15999=IFCFACEOUTERBOUND(#15998,.T.);
#16000=IFCFACE((#15999));
#16001=IFCPOLYLOOP((#13234,#13455,#13302));
#16002=IFCFACEOUTERBOUND(#16001,.T.);
#16003=IFCFACE((#16002));
#16004=IFCPOLYLOOP((#13234,#13302,#13405));
#16005=IFCFACEOUTERBOUND(#16004,.T.);
#16006=IFCFACE((#16005));
#16007=IFCPOLYLOOP((#13234,#13405,#13340));
#16008=IFCFACEOUTERBOUND(#16007,.T.);
#16009=IFCFACE((#16008));
#16010=IFCPOLYLOOP((#13234,#13340,#13407));
#16011=IFCFACEOUTERBOUND(#16010,.T.);
#16012=IFCFACE((#16011));
#16013=IFCPOLYLOOP((#13234,#13407,#13305));
#16014=IFCFACEOUTERBOUND(#16013,.T.);
#16015=IFCFACE((#16014));
#16016=IFCPOLYLOOP((#13234,#13305,#13411));
#16017=IFCFACEOUTERBOUND(#16016,.T.);
#16018=IFCFACE((#16017));
#16019=IFCPOLYLOOP((#13234,#13411,#13341));
#16020=IFCFACEOUTERBOUND(#16019,.T.);
#16021=IFCFACE((#16020));
#16022=IFCPOLYLOOP((#13234,#13341,#13409));
#16023=IFCFACEOUTERBOUND(#16022,.T.);
#16024=IFCFACE((#16023));
#16025=IFCPOLYLOOP((#13234,#13409,#13291));
#16026=IFCFACEOUTERBOUND(#16025,.T.);
#16027=IFCFACE((#16026));
#16028=IFCPOLYLOOP((#13234,#13291,#13456));
#16029=IFCFACEOUTERBOUND(#16028,.T.);
#16030=IFCFACE((#16029));
#16031=IFCPOLYLOOP((#13234,#13456,#13325));
#16032=IFCFACEOUTERBOUND(#16031,.T.);
#16033=IFCFACE((#16032));
#16034=IFCPOLYLOOP((#13234,#13325,#13460));
#16035=IFCFACEOUTERBOUND(#16034,.T.);
#16036=IFCFACE((#16035));
#16037=IFCPOLYLOOP((#13234,#13460,#13324));
#16038=IFCFACEOUTERBOUND(#16037,.T.);
#16039=IFCFACE((#16038));
#16040=IFCPOLYLOOP((#13234,#13324,#13417));
#16041=IFCFACEOUTERBOUND(#16040,.T.);
#16042=IFCFACE((#16041));
#16043=IFCPOLYLOOP((#13234,#13417,#13344));
#16044=IFCFACEOUTERBOUND(#16043,.T.);
#16045=IFCFACE((#16044));
#16046=IFCPOLYLOOP((#13234,#13344,#13416));
#16047=IFCFACEOUTERBOUND(#16046,.T.);
#16048=IFCFACE((#16047));
#16049=IFCPOLYLOOP((#13234,#13416,#13306));
#16050=IFCFACEOUTERBOUND(#16049,.T.);
#16051=IFCFACE((#16050));
#16052=IFCPOLYLOOP((#13234,#13306,#13430));
#16053=IFCFACEOUTERBOUND(#16052,.T.);
#16054=IFCFACE((#16053));
#16055=IFCPOLYLOOP((#13234,#13430,#13349));
#16056=IFCFACEOUTERBOUND(#16055,.T.);
#16057=IFCFACE((#16056));
#16058=IFCPOLYLOOP((#13234,#13349,#13433));
#16059=IFCFACEOUTERBOUND(#16058,.T.);
#16060=IFCFACE((#16059));
#16061=IFCPOLYLOOP((#13234,#13433,#13309));
#16062=IFCFACEOUTERBOUND(#16061,.T.);
#16063=IFCFACE((#16062));
#16064=IFCPOLYLOOP((#13234,#13309,#13427));
#16065=IFCFACEOUTERBOUND(#16064,.T.);
#16066=IFCFACE((#16065));
#16067=IFCPOLYLOOP((#13234,#13427,#13348));
#16068=IFCFACEOUTERBOUND(#16067,.T.);
#16069=IFCFACE((#16068));
#16070=IFCPOLYLOOP((#13234,#13348,#13426));
#16071=IFCFACEOUTERBOUND(#16070,.T.);
#16072=IFCFACE((#16071));
#16073=IFCPOLYLOOP((#13234,#13426,#13292));
#16074=IFCFACEOUTERBOUND(#16073,.T.);
#16075=IFCFACE((#16074));
#16076=IFCPOLYLOOP((#13234,#13292,#13435));
#16077=IFCFACEOUTERBOUND(#16076,.T.);
#16078=IFCFACE((#16077));
#16079=IFCPOLYLOOP((#13234,#13435,#13351));
#16080=IFCFACEOUTERBOUND(#16079,.T.);
#16081=IFCFACE((#16080));
#16082=IFCPOLYLOOP((#13234,#13351,#13438));
#16083=IFCFACEOUTERBOUND(#16082,.T.);
#16084=IFCFACE((#16083));
#16085=IFCPOLYLOOP((#13234,#13438,#13317));
#16086=IFCFACEOUTERBOUND(#16085,.T.);
#16087=IFCFACE((#16086));
#16088=IFCPOLYLOOP((#13234,#13317,#13396));
#16089=IFCFACEOUTERBOUND(#16088,.T.);
#16090=IFCFACE((#16089));
#16091=IFCPOLYLOOP((#13234,#13396,#13360));
#16092=IFCFACEOUTERBOUND(#16091,.T.);
#16093=IFCFACE((#16092));
#16094=IFCPOLYLOOP((#13234,#13360,#13361));
#16095=IFCFACEOUTERBOUND(#16094,.T.);
#16096=IFCFACE((#16095));
#16097=IFCPOLYLOOP((#13234,#13361,#13298));
#16098=IFCFACEOUTERBOUND(#16097,.T.);
#16099=IFCFACE((#16098));
#16100=IFCPOLYLOOP((#13234,#13298,#13394));
#16101=IFCFACEOUTERBOUND(#16100,.T.);
#16102=IFCFACE((#16101));
#16103=IFCPOLYLOOP((#13234,#13394,#13336));
#16104=IFCFACEOUTERBOUND(#16103,.T.);
#16105=IFCFACE((#16104));
#16106=IFCPOLYLOOP((#13234,#13336,#13358));
#16107=IFCFACEOUTERBOUND(#16106,.T.);
#16108=IFCFACE((#16107));
#16109=IFCPOLYLOOP((#13234,#13358,#13301));
#16110=IFCFACEOUTERBOUND(#16109,.T.);
#16111=IFCFACE((#16110));
#16112=IFCPOLYLOOP((#13234,#13301,#13330));
#16113=IFCFACEOUTERBOUND(#16112,.T.);
#16114=IFCFACE((#16113));
#16115=IFCPOLYLOOP((#13234,#13330,#13314));
#16116=IFCFACEOUTERBOUND(#16115,.T.);
#16117=IFCFACE((#16116));
#16118=IFCPOLYLOOP((#13234,#13314,#13328));
#16119=IFCFACEOUTERBOUND(#16118,.T.);
#16120=IFCFACE((#16119));
#16121=IFCPOLYLOOP((#13234,#13328,#13284));
#16122=IFCFACEOUTERBOUND(#16121,.T.);
#16123=IFCFACE((#16122));
#16124=IFCPOLYLOOP((#13234,#13492,#13487));
#16125=IFCFACEOUTERBOUND(#16124,.T.);
#16126=IFCFACE((#16125));
#16127=IFCPOLYLOOP((#13234,#13487,#13505));
#16128=IFCFACEOUTERBOUND(#16127,.T.);
#16129=IFCFACE((#16128));
#16130=IFCPOLYLOOP((#13234,#13505,#13481));
#16131=IFCFACEOUTERBOUND(#16130,.T.);
#16132=IFCFACE((#16131));
#16133=IFCPOLYLOOP((#13234,#13481,#13500));
#16134=IFCFACEOUTERBOUND(#16133,.T.);
#16135=IFCFACE((#16134));
#16136=IFCPOLYLOOP((#13234,#13500,#13486));
#16137=IFCFACEOUTERBOUND(#16136,.T.);
#16138=IFCFACE((#16137));
#16139=IFCPOLYLOOP((#13234,#13486,#13509));
#16140=IFCFACEOUTERBOUND(#16139,.T.);
#16141=IFCFACE((#16140));
#16142=IFCPOLYLOOP((#13234,#13509,#13485));
#16143=IFCFACEOUTERBOUND(#16142,.T.);
#16144=IFCFACE((#16143));
#16145=IFCPOLYLOOP((#13234,#13485,#13490));
#16146=IFCFACEOUTERBOUND(#16145,.T.);
#16147=IFCFACE((#16146));
#16148=IFCPOLYLOOP((#13234,#13490,#13489));
#16149=IFCFACEOUTERBOUND(#16148,.T.);
#16150=IFCFACE((#16149));
#16151=IFCPOLYLOOP((#13234,#13489,#13496));
#16152=IFCFACEOUTERBOUND(#16151,.T.);
#16153=IFCFACE((#16152));
#16154=IFCPOLYLOOP((#13234,#13496,#13285));
#16155=IFCFACEOUTERBOUND(#16154,.T.);
#16156=IFCFACE((#16155));
#16157=IFCPOLYLOOP((#13231,#13762,#13757));
#16158=IFCFACEOUTERBOUND(#16157,.T.);
#16159=IFCFACE((#16158));
#16160=IFCPOLYLOOP((#13231,#13757,#13775));
#16161=IFCFACEOUTERBOUND(#16160,.T.);
#16162=IFCFACE((#16161));
#16163=IFCPOLYLOOP((#13231,#13775,#13751));
#16164=IFCFACEOUTERBOUND(#16163,.T.);
#16165=IFCFACE((#16164));
#16166=IFCPOLYLOOP((#13231,#13751,#13770));
#16167=IFCFACEOUTERBOUND(#16166,.T.);
#16168=IFCFACE((#16167));
#16169=IFCPOLYLOOP((#13231,#13770,#13756));
#16170=IFCFACEOUTERBOUND(#16169,.T.);
#16171=IFCFACE((#16170));
#16172=IFCPOLYLOOP((#13231,#13756,#13779));
#16173=IFCFACEOUTERBOUND(#16172,.T.);
#16174=IFCFACE((#16173));
#16175=IFCPOLYLOOP((#13231,#13779,#13755));
#16176=IFCFACEOUTERBOUND(#16175,.T.);
#16177=IFCFACE((#16176));
#16178=IFCPOLYLOOP((#13231,#13755,#13760));
#16179=IFCFACEOUTERBOUND(#16178,.T.);
#16180=IFCFACE((#16179));
#16181=IFCPOLYLOOP((#13231,#13760,#13759));
#16182=IFCFACEOUTERBOUND(#16181,.T.);
#16183=IFCFACE((#16182));
#16184=IFCPOLYLOOP((#13231,#13759,#13766));
#16185=IFCFACEOUTERBOUND(#16184,.T.);
#16186=IFCFACE((#16185));
#16187=IFCPOLYLOOP((#13231,#13766,#13565));
#16188=IFCFACEOUTERBOUND(#16187,.T.);
#16189=IFCFACE((#16188));
#16190=IFCPOLYLOOP((#13284,#13247,#13244));
#16191=IFCFACEOUTERBOUND(#16190,.T.);
#16192=IFCFACE((#16191));
#16193=IFCPOLYLOOP((#13284,#13244,#13256));
#16194=IFCFACEOUTERBOUND(#16193,.T.);
#16195=IFCFACE((#16194));
#16196=IFCPOLYLOOP((#13284,#13256,#13236));
#16197=IFCFACEOUTERBOUND(#16196,.T.);
#16198=IFCFACE((#16197));
#16199=IFCPOLYLOOP((#13284,#13236,#13250));
#16200=IFCFACEOUTERBOUND(#16199,.T.);
#16201=IFCFACE((#16200));
#16202=IFCPOLYLOOP((#13284,#13250,#13249));
#16203=IFCFACEOUTERBOUND(#16202,.T.);
#16204=IFCFACE((#16203));
#16205=IFCPOLYLOOP((#13284,#13249,#13274));
#16206=IFCFACEOUTERBOUND(#16205,.T.);
#16207=IFCFACE((#16206));
#16208=IFCPOLYLOOP((#13284,#13274,#13235));
#16209=IFCFACEOUTERBOUND(#16208,.T.);
#16210=IFCFACE((#16209));
#16211=IFCPOLYLOOP((#13284,#13235,#13262));
#16212=IFCFACEOUTERBOUND(#16211,.T.);
#16213=IFCFACE((#16212));
#16214=IFCPOLYLOOP((#13284,#13262,#13251));
#16215=IFCFACEOUTERBOUND(#16214,.T.);
#16216=IFCFACE((#16215));
#16217=IFCPOLYLOOP((#13284,#13251,#13257));
#16218=IFCFACEOUTERBOUND(#16217,.T.);
#16219=IFCFACE((#16218));
#16220=IFCPOLYLOOP((#13284,#13257,#13237));
#16221=IFCFACEOUTERBOUND(#16220,.T.);
#16222=IFCFACE((#16221));
#16223=IFCPOLYLOOP((#13284,#13237,#13264));
#16224=IFCFACEOUTERBOUND(#16223,.T.);
#16225=IFCFACE((#16224));
#16226=IFCPOLYLOOP((#13284,#13264,#13241));
#16227=IFCFACEOUTERBOUND(#16226,.T.);
#16228=IFCFACE((#16227));
#16229=IFCPOLYLOOP((#13284,#13241,#13254));
#16230=IFCFACEOUTERBOUND(#16229,.T.);
#16231=IFCFACE((#16230));
#16232=IFCPOLYLOOP((#13284,#13254,#13234));
#16233=IFCFACEOUTERBOUND(#16232,.T.);
#16234=IFCFACE((#16233));
#16235=IFCPOLYLOOP((#13758,#13763,#13767));
#16236=IFCFACEOUTERBOUND(#16235,.T.);
#16237=IFCFACE((#16236));
#16238=IFCPOLYLOOP((#13779,#13778,#13774));
#16239=IFCFACEOUTERBOUND(#16238,.T.);
#16240=IFCFACE((#16239));
#16241=IFCPOLYLOOP((#13768,#13780,#13761));
#16242=IFCFACEOUTERBOUND(#16241,.T.);
#16243=IFCFACE((#16242));
#16244=IFCPOLYLOOP((#13774,#13753,#13772));
#16245=IFCFACEOUTERBOUND(#16244,.T.);
#16246=IFCFACE((#16245));
#16247=IFCPOLYLOOP((#13754,#13768,#13761));
#16248=IFCFACEOUTERBOUND(#16247,.T.);
#16249=IFCFACE((#16248));
#16250=IFCPOLYLOOP((#13771,#13775,#13768));
#16251=IFCFACEOUTERBOUND(#16250,.T.);
#16252=IFCFACE((#16251));
#16253=IFCPOLYLOOP((#13283,#13765,#13780));
#16254=IFCFACEOUTERBOUND(#16253,.T.);
#16255=IFCFACE((#16254));
#16256=IFCPOLYLOOP((#13764,#13772,#13753));
#16257=IFCFACEOUTERBOUND(#16256,.T.);
#16258=IFCFACE((#16257));
#16259=IFCPOLYLOOP((#13755,#13772,#13760));
#16260=IFCFACEOUTERBOUND(#16259,.T.);
#16261=IFCFACE((#16260));
#16262=IFCPOLYLOOP((#13752,#13778,#13773));
#16263=IFCFACEOUTERBOUND(#16262,.T.);
#16264=IFCFACE((#16263));
#16265=IFCPOLYLOOP((#13771,#13768,#13754));
#16266=IFCFACEOUTERBOUND(#16265,.T.);
#16267=IFCFACE((#16266));
#16268=IFCPOLYLOOP((#13758,#13767,#13776));
#16269=IFCFACEOUTERBOUND(#16268,.T.);
#16270=IFCFACE((#16269));
#16271=IFCPOLYLOOP((#13759,#13760,#13776));
#16272=IFCFACEOUTERBOUND(#16271,.T.);
#16273=IFCFACE((#16272));
#16274=IFCPOLYLOOP((#13760,#13772,#13776));
#16275=IFCFACEOUTERBOUND(#16274,.T.);
#16276=IFCFACE((#16275));
#16277=IFCPOLYLOOP((#13284,#13283,#13780));
#16278=IFCFACEOUTERBOUND(#16277,.T.);
#16279=IFCFACE((#16278));
#16280=IFCPOLYLOOP((#13566,#13565,#13766));
#16281=IFCFACEOUTERBOUND(#16280,.T.);
#16282=IFCFACE((#16281));
#16283=IFCPOLYLOOP((#13759,#13767,#13766));
#16284=IFCFACEOUTERBOUND(#16283,.T.);
#16285=IFCFACE((#16284));
#16286=IFCPOLYLOOP((#13763,#13567,#13566));
#16287=IFCFACEOUTERBOUND(#16286,.T.);
#16288=IFCFACE((#16287));
#16289=IFCPOLYLOOP((#13283,#13282,#13765));
#16290=IFCFACEOUTERBOUND(#16289,.T.);
#16291=IFCFACE((#16290));
#16292=IFCPOLYLOOP((#13768,#13757,#13780));
#16293=IFCFACEOUTERBOUND(#16292,.T.);
#16294=IFCFACE((#16293));
#16295=IFCPOLYLOOP((#13766,#13767,#13566));
#16296=IFCFACEOUTERBOUND(#16295,.T.);
#16297=IFCFACE((#16296));
#16298=IFCPOLYLOOP((#13566,#13767,#13763));
#16299=IFCFACEOUTERBOUND(#16298,.T.);
#16300=IFCFACE((#16299));
#16301=IFCPOLYLOOP((#13757,#13768,#13775));
#16302=IFCFACEOUTERBOUND(#16301,.T.);
#16303=IFCFACE((#16302));
#16304=IFCPOLYLOOP((#13780,#13757,#13762,#13284));
#16305=IFCFACEOUTERBOUND(#16304,.T.);
#16306=IFCFACE((#16305));
#16307=IFCPOLYLOOP((#13754,#13769,#13771));
#16308=IFCFACEOUTERBOUND(#16307,.T.);
#16309=IFCFACE((#16308));
#16310=IFCPOLYLOOP((#13770,#13773,#13778));
#16311=IFCFACEOUTERBOUND(#16310,.T.);
#16312=IFCFACE((#16311));
#16313=IFCPOLYLOOP((#13751,#13773,#13770));
#16314=IFCFACEOUTERBOUND(#16313,.T.);
#16315=IFCFACE((#16314));
#16316=IFCPOLYLOOP((#13773,#13771,#13769));
#16317=IFCFACEOUTERBOUND(#16316,.T.);
#16318=IFCFACE((#16317));
#16319=IFCPOLYLOOP((#13772,#13755,#13774));
#16320=IFCFACEOUTERBOUND(#16319,.T.);
#16321=IFCFACE((#16320));
#16322=IFCPOLYLOOP((#13764,#13758,#13776));
#16323=IFCFACEOUTERBOUND(#16322,.T.);
#16324=IFCFACE((#16323));
#16325=IFCPOLYLOOP((#13771,#13773,#13751));
#16326=IFCFACEOUTERBOUND(#16325,.T.);
#16327=IFCFACE((#16326));
#16328=IFCPOLYLOOP((#13752,#13773,#13769));
#16329=IFCFACEOUTERBOUND(#16328,.T.);
#16330=IFCFACE((#16329));
#16331=IFCPOLYLOOP((#13778,#13779,#13756,#13770));
#16332=IFCFACEOUTERBOUND(#16331,.T.);
#16333=IFCFACE((#16332));
#16334=IFCPOLYLOOP((#13774,#13778,#13777));
#16335=IFCFACEOUTERBOUND(#16334,.T.);
#16336=IFCFACE((#16335));
#16337=IFCPOLYLOOP((#13771,#13751,#13775));
#16338=IFCFACEOUTERBOUND(#16337,.T.);
#16339=IFCFACE((#16338));
#16340=IFCPOLYLOOP((#13776,#13767,#13759));
#16341=IFCFACEOUTERBOUND(#16340,.T.);
#16342=IFCFACE((#16341));
#16343=IFCPOLYLOOP((#13764,#13776,#13772));
#16344=IFCFACEOUTERBOUND(#16343,.T.);
#16345=IFCFACE((#16344));
#16346=IFCPOLYLOOP((#13777,#13778,#13752));
#16347=IFCFACEOUTERBOUND(#16346,.T.);
#16348=IFCFACE((#16347));
#16349=IFCPOLYLOOP((#13777,#13753,#13774));
#16350=IFCFACEOUTERBOUND(#16349,.T.);
#16351=IFCFACE((#16350));
#16352=IFCPOLYLOOP((#13774,#13755,#13779));
#16353=IFCFACEOUTERBOUND(#16352,.T.);
#16354=IFCFACE((#16353));
#16355=IFCPOLYLOOP((#13780,#13765,#13761));
#16356=IFCFACEOUTERBOUND(#16355,.T.);
#16357=IFCFACE((#16356));
#16358=IFCPOLYLOOP((#13742,#13567,#13763,#13758,#13764,#13753,#13777,#13752,#13769,#13754,#13761,#13765,#13282,#13462));
#16359=IFCFACEOUTERBOUND(#16358,.T.);
#16360=IFCFACE((#16359));
#16361=IFCCLOSEDSHELL((#8597,#8600,#8603,#8606,#8609,#8612,#8615,#8618,#8621,#8624,#8627,#8630,#8633,#8636,#8639,#8642,#8645,#8648,#8651,#8654,#8657,#8660,#8663,#8666,#8669,#8672,#8675,#8678,#8681,#8684,#8687,#8690,#8693,#8696,#8699,#8702,#8705,#8708,#8711,#8714,#8717,#8720,#8723,#8726,#8729,#8732,#8735,#8738,#8741,#8744,#8747,#8750,#8753,#8756,#8759,#8762,#8765,#8768,#8771,#8774,#8777,#8780,#8783,#8786,#8789,#8792,#8795,#8798,#8801,#8804,#8807,#8810,#8813,#8816,#8819,#8822,#8825,#8828,#8831,#8834,#8837,#8840,#8843,#8846,#8849,#8852,#8855,#8858,#8861,#8864,#8867,#8870,#8873,#8876,#8879,#8882,#8885,#8888,#8891,#8894,#8897,#8900,#8903,#8906,#8909,#8912,#8915,#8918,#8921,#8924,#8927,#8930,#8933,#8936,#8939,#8942,#8945,#8948,#8951,#8954,#8957,#8960,#8963,#8966,#8969,#8972,#8975,#8978,#8981,#8984,#8987,#8990,#8993,#8996,#8999,#9002,#9005,#9008,#9011,#9014,#9017,#9020,#9023,#9026,#9029,#9032,#9035,#9038,#9041,#9044,#9047,#9050,#9053,#9056,#9059,#9062,#9065,#9068));
#16362=IFCFACETEDBREP(#16361);
#16363=IFCSTYLEDITEM(#16362,(#8389),$);
#16364=IFCCLOSEDSHELL((#9119,#9122,#9125,#9128,#9131,#9134,#9137,#9140,#9143,#9146,#9149,#9152,#9155,#9158,#9161,#9164,#9167,#9170,#9173,#9176,#9179,#9182,#9185,#9188,#9191,#9194));
#16365=IFCFACETEDBREP(#16364);
#16366=IFCSTYLEDITEM(#16365,(#8389),$);
#16367=IFCCLOSEDSHELL((#9325,#9328,#9331,#9334,#9337,#9340,#9343,#9346,#9349,#9352,#9355,#9358,#9361,#9364,#9367,#9370,#9373,#9376,#9379,#9382,#9385,#9388,#9391,#9394,#9397,#9400,#9403,#9406,#9409,#9412,#9415,#9418,#9421,#9424,#9427,#9430,#9433,#9436,#9439,#9442,#9445,#9448,#9451,#9454,#9457,#9460,#9463,#9466,#9469,#9472,#9475,#9478,#9481,#9484,#9487,#9490,#9493,#9496,#9499,#9502,#9505,#9508,#9511,#9514,#9517,#9520,#9523,#9526,#9529,#9532,#9535,#9538,#9541,#9544,#9547,#9550,#9553,#9556,#9559,#9562,#9565,#9568,#9571,#9574,#9577,#9580,#9583,#9586,#9589,#9592,#9595,#9598,#9601,#9604,#9607,#9610,#9613,#9616,#9619,#9622,#9625,#9628,#9631,#9634,#9637,#9640,#9643,#9646,#9649,#9652,#9655,#9658,#9661,#9664,#9667,#9670,#9673,#9676,#9679,#9682,#9685,#9688,#9691,#9694,#9697,#9700,#9703,#9706,#9709,#9712,#9715,#9718,#9721,#9724,#9727,#9730,#9733,#9736,#9739,#9742,#9745,#9748,#9751,#9754,#9757,#9760,#9763,#9766,#9769,#9772,#9775,#9778,#9781,#9784,#9787,#9790,#9793,#9796));
#16368=IFCFACETEDBREP(#16367);
#16369=IFCSTYLEDITEM(#16368,(#8389),$);
#16370=IFCCLOSEDSHELL((#9847,#9850,#9853,#9856,#9859,#9862,#9865,#9868,#9871,#9874,#9877,#9880,#9883,#9886,#9889,#9892,#9895,#9898,#9901,#9904,#9907,#9910,#9913,#9916,#9919,#9922));
#16371=IFCFACETEDBREP(#16370);
#16372=IFCSTYLEDITEM(#16371,(#8389),$);
#16373=IFCCLOSEDSHELL((#9933,#9938,#9946,#9950,#9958,#9962,#9970,#9974,#9981,#9984,#9987,#9990,#9993,#9996,#9999,#10002,#10005,#10008));
#16374=IFCFACETEDBREP(#16373);
#16375=IFCSTYLEDITEM(#16374,(#8405),$);
#16376=IFCCLOSEDSHELL((#10021,#10034,#10037,#10040,#10043,#10046,#10049,#10052,#10055,#10058));
#16377=IFCFACETEDBREP(#16376);
#16378=IFCSTYLEDITEM(#16377,(#8412),$);
#16379=IFCCLOSEDSHELL((#10065,#10072,#10075,#10078,#10081,#10084));
#16380=IFCFACETEDBREP(#16379);
#16381=IFCSTYLEDITEM(#16380,(#8419),$);
#16382=IFCCLOSEDSHELL((#10645,#10648,#10651,#10654,#10657,#10660,#10663,#10666,#10669,#10672,#10675,#10678,#10681,#10684,#10687,#10690,#10693,#10696,#10699,#10702,#10705,#10708,#10711,#10714,#10717,#10720,#10723,#10726,#10729,#10732,#10735,#10738,#10741,#10744,#10747,#10750,#10753,#10756,#10759,#10762,#10765,#10768,#10771,#10774,#10777,#10780,#10783,#10786,#10789,#10792,#10795,#10798,#10801,#10804,#10807,#10810,#10813,#10816,#10819,#10822,#10825,#10828,#10831,#10834,#10837,#10840,#10843,#10846,#10849,#10852,#10855,#10858,#10861,#10864,#10867,#10870,#10873,#10876,#10879,#10882,#10885,#10888,#10891,#10894,#10897,#10900,#10903,#10906,#10909,#10912,#10915,#10918,#10921,#10924,#10927,#10930,#10933,#10936,#10939,#10942,#10945,#10948,#10951,#10954,#10957,#10960,#10963,#10966,#10969,#10972,#10975,#10978,#10981,#10984,#10987,#10990,#10993,#10996,#10999,#11002,#11005,#11008,#11011,#11014,#11017,#11020,#11023,#11026,#11029,#11032,#11035,#11038,#11041,#11044,#11047,#11050,#11053,#11056,#11059,#11062,#11065,#11068,#11071,#11074,#11077,#11080,#11083,#11086,#11089,#11092,#11095,#11098,#11101,#11104,#11107,#11110,#11113,#11116,#11119,#11122,#11125,#11128,#11131,#11134,#11137,#11140,#11143,#11146,#11149,#11152,#11155,#11158,#11161,#11164,#11167,#11170,#11173,#11176,#11179,#11182,#11185,#11188,#11191,#11194,#11197,#11200,#11203,#11206,#11209,#11212,#11215,#11218,#11221,#11224,#11227,#11230,#11233,#11236,#11239,#11242,#11245,#11248,#11251,#11254,#11257,#11260,#11263,#11266,#11269,#11272,#11275,#11278,#11281,#11284,#11287,#11290,#11293,#11296,#11299,#11302,#11305,#11308,#11311,#11314,#11317,#11320,#11323,#11326,#11329,#11332,#11335,#11338,#11341,#11344,#11347,#11350,#11353,#11356,#11359,#11362,#11365,#11368,#11371,#11374,#11377,#11380,#11383,#11386,#11389,#11392,#11395,#11398,#11401,#11404,#11407,#11410,#11413,#11416,#11419,#11422,#11425,#11428,#11431,#11434,#11437,#11440,#11443,#11446,#11449,#11452,#11455,#11458,#11461,#11464,#11467,#11470,#11473,#11476,#11479,#11482,#11485,#11488,#11491,#11494,#11497,#11500,#11503,#11506,#11509,#11512,#11515,#11518,#11521,#11524,#11527,#11530,#11533,#11536,#11539,#11542,#11545,#11548,#11551,#11554,#11557,#11560,#11563,#11566,#11569,#11572,#11575,#11578,#11581,#11584,#11587,#11590,#11593,#11596,#11599,#11602,#11605,#11608,#11611,#11614,#11617,#11620,#11623,#11626,#11629,#11632,#11635,#11638,#11641,#11644,#11647,#11650,#11653,#11656,#11659,#11662,#11665,#11668,#11671,#11674,#11677,#11680,#11683,#11686,#11689,#11692,#11695,#11698,#11701,#11704,#11707,#11710,#11713,#11716,#11719,#11722,#11725,#11728,#11731,#11734,#11737,#11740,#11743,#11746,#11749,#11752,#11755,#11758,#11761,#11764,#11767,#11770,#11773,#11776,#11779,#11782,#11785,#11788,#11791,#11794,#11797,#11800,#11803,#11806,#11809,#11812,#11815,#11818,#11821,#11824,#11827,#11830,#11833,#11836,#11839,#11842,#11845,#11848,#11851,#11854,#11857,#11860,#11863,#11866,#11869,#11872,#11875,#11878,#11881,#11884,#11887,#11890,#11893,#11896,#11899,#11902,#11905,#11908,#11911,#11914,#11917,#11920,#11923,#11926,#11929,#11932,#11935,#11938,#11941,#11944,#11947,#11950,#11953,#11956,#11959,#11962,#11965,#11968,#11971,#11974,#11977,#11980,#11983,#11986,#11989,#11992,#11995,#11998,#12001,#12004,#12007,#12010,#12013,#12016,#12019,#12022,#12025,#12028,#12031,#12034,#12037,#12040,#12043,#12046,#12049,#12052,#12055,#12058,#12061,#12064,#12067,#12070,#12073,#12076,#12079,#12082,#12085,#12088,#12091,#12094,#12097,#12100,#12103,#12106,#12109,#12112,#12115,#12118,#12121,#12124,#12127,#12130,#12133,#12136,#12139,#12142,#12145,#12148,#12151,#12154,#12157,#12160,#12163,#12166,#12169,#12172,#12175,#12178,#12181,#12184,#12187,#12190,#12193,#12196,#12199,#12202,#12205,#12208,#12211,#12214,#12217,#12220,#12223,#12226,#12229,#12232,#12235,#12238,#12241,#12244,#12247,#12250,#12253,#12256,#12259,#12262,#12265,#12268,#12271,#12274,#12277,#12280,#12283,#12286,#12289,#12292,#12295,#12298,#12301,#12304,#12307,#12310,#12313,#12316,#12319,#12322,#12325,#12328,#12331,#12334,#12337,#12340,#12343,#12346,#12349,#12352,#12355,#12358,#12361,#12364,#12367,#12370,#12373,#12376,#12379,#12382,#12385,#12388,#12391,#12394,#12397,#12400,#12403,#12406,#12409,#12412,#12415,#12418,#12421,#12424,#12427,#12430,#12433,#12436,#12439,#12442,#12445,#12448,#12451,#12454,#12457,#12460,#12463,#12466,#12469,#12472,#12475,#12478,#12481,#12484,#12487,#12490,#12493,#12496,#12499,#12502,#12505,#12508,#12511,#12514,#12517,#12520,#12523,#12526,#12529,#12532,#12535,#12538,#12541,#12544,#12547,#12550,#12553,#12556,#12559,#12562,#12565,#12568,#12571,#12574,#12577,#12580,#12583,#12586,#12589,#12592,#12595,#12598,#12601,#12604,#12607,#12610,#12613,#12616,#12619,#12622,#12625,#12628,#12631,#12634,#12637,#12640,#12643,#12646,#12649,#12652,#12655,#12658,#12661,#12664,#12667,#12670,#12673,#12676,#12679,#12682,#12685,#12688,#12691,#12694,#12697,#12700,#12703,#12706,#12709,#12712,#12715,#12718,#12721,#12724,#12727,#12730,#12733,#12736,#12739,#12742,#12745,#12748,#12751,#12754,#12757,#12760,#12763,#12766,#12769,#12772,#12775,#12778,#12781,#12784,#12787,#12790,#12793,#12796,#12799,#12802,#12805,#12808,#12811,#12814,#12817,#12820,#12823,#12826,#12829,#12832,#12835,#12838,#12841,#12844,#12847,#12850,#12853,#12856,#12859,#12862,#12865,#12868,#12871,#12874,#12877,#12880,#12883,#12886,#12889,#12892,#12895,#12898,#12901,#12904,#12907,#12910,#12913,#12916,#12919,#12922,#12925,#12928,#12931,#12934,#12937,#12940,#12943,#12946,#12949,#12952,#12955,#12958,#12961,#12964,#12967,#12970,#12973,#12976,#12979,#12982,#12985,#12988,#12991,#12994,#12997,#13000,#13003,#13006,#13009,#13012,#13015,#13018,#13021,#13024,#13027,#13030,#13033,#13036,#13039,#13042,#13045,#13048,#13051,#13054,#13057,#13060,#13063,#13066,#13069,#13072,#13075,#13078,#13081,#13084,#13087,#13090,#13093,#13096,#13099,#13102,#13105,#13108,#13111,#13114,#13117,#13120,#13123,#13126,#13129,#13132,#13135,#13138,#13141,#13144,#13147,#13150,#13153,#13156,#13159,#13162,#13165,#13168,#13171,#13174,#13177,#13180,#13183,#13186,#13189,#13192,#13195,#13198,#13201,#13204,#13207,#13210,#13213,#13216,#13219,#13222));
#16383=IFCFACETEDBREP(#16382);
#16384=IFCSTYLEDITEM(#16383,(#8405),$);
#16385=IFCCLOSEDSHELL((#13783,#13786,#13789,#13792,#13795,#13798,#13801,#13804,#13807,#13810,#13813,#13816,#13819,#13822,#13825,#13828,#13831,#13834,#13837,#13840,#13843,#13846,#13849,#13852,#13855,#13858,#13861,#13864,#13867,#13870,#13873,#13876,#13879,#13882,#13885,#13888,#13891,#13894,#13897,#13900,#13903,#13906,#13909,#13912,#13915,#13918,#13921,#13924,#13927,#13930,#13933,#13936,#13939,#13942,#13945,#13948,#13951,#13954,#13957,#13960,#13963,#13966,#13969,#13972,#13975,#13978,#13981,#13984,#13987,#13990,#13993,#13996,#13999,#14002,#14005,#14008,#14011,#14014,#14017,#14020,#14023,#14026,#14029,#14032,#14035,#14038,#14041,#14044,#14047,#14050,#14053,#14056,#14059,#14062,#14065,#14068,#14071,#14074,#14077,#14080,#14083,#14086,#14089,#14092,#14095,#14098,#14101,#14104,#14107,#14110,#14113,#14116,#14119,#14122,#14125,#14128,#14131,#14134,#14137,#14140,#14143,#14146,#14149,#14152,#14155,#14158,#14161,#14164,#14167,#14170,#14173,#14176,#14179,#14182,#14185,#14188,#14191,#14194,#14197,#14200,#14203,#14206,#14209,#14212,#14215,#14218,#14221,#14224,#14227,#14230,#14233,#14236,#14239,#14242,#14245,#14248,#14251,#14254,#14257,#14260,#14263,#14266,#14269,#14272,#14275,#14278,#14281,#14284,#14287,#14290,#14293,#14296,#14299,#14302,#14305,#14308,#14311,#14314,#14317,#14320,#14323,#14326,#14329,#14332,#14335,#14338,#14341,#14344,#14347,#14350,#14353,#14356,#14359,#14362,#14365,#14368,#14371,#14374,#14377,#14380,#14383,#14386,#14389,#14392,#14395,#14398,#14401,#14404,#14407,#14410,#14413,#14416,#14419,#14422,#14425,#14428,#14431,#14434,#14437,#14440,#14443,#14446,#14449,#14452,#14455,#14458,#14461,#14464,#14467,#14470,#14473,#14476,#14479,#14482,#14485,#14488,#14491,#14494,#14497,#14500,#14503,#14506,#14509,#14512,#14515,#14518,#14521,#14524,#14527,#14530,#14533,#14536,#14539,#14542,#14545,#14548,#14551,#14554,#14557,#14560,#14563,#14566,#14569,#14572,#14575,#14578,#14581,#14584,#14587,#14590,#14593,#14596,#14599,#14602,#14605,#14608,#14611,#14614,#14617,#14620,#14623,#14626,#14629,#14632,#14635,#14638,#14641,#14644,#14647,#14650,#14653,#14656,#14659,#14662,#14665,#14668,#14671,#14674,#14677,#14680,#14683,#14686,#14689,#14692,#14695,#14698,#14701,#14704,#14707,#14710,#14713,#14716,#14719,#14722,#14725,#14728,#14731,#14734,#14737,#14740,#14743,#14746,#14749,#14752,#14755,#14758,#14761,#14764,#14767,#14770,#14773,#14776,#14779,#14782,#14785,#14788,#14791,#14794,#14797,#14800,#14803,#14806,#14809,#14812,#14815,#14818,#14821,#14824,#14827,#14830,#14833,#14836,#14839,#14842,#14845,#14848,#14851,#14854,#14857,#14860,#14863,#14866,#14869,#14872,#14875,#14878,#14881,#14884,#14887,#14890,#14893,#14896,#14899,#14902,#14905,#14908,#14911,#14914,#14917,#14920,#14923,#14926,#14929,#14932,#14935,#14938,#14941,#14944,#14947,#14950,#14953,#14956,#14959,#14962,#14965,#14968,#14971,#14974,#14977,#14980,#14983,#14986,#14989,#14992,#14995,#14998,#15001,#15004,#15007,#15010,#15013,#15016,#15019,#15022,#15025,#15028,#15031,#15034,#15037,#15040,#15043,#15046,#15049,#15052,#15055,#15058,#15061,#15064,#15067,#15070,#15073,#15076,#15079,#15082,#15085,#15088,#15091,#15094,#15097,#15100,#15103,#15106,#15109,#15112,#15115,#15118,#15121,#15124,#15127,#15130,#15133,#15136,#15139,#15142,#15145,#15148,#15151,#15154,#15157,#15160,#15163,#15166,#15169,#15172,#15175,#15178,#15181,#15184,#15187,#15190,#15193,#15196,#15199,#15202,#15205,#15208,#15211,#15214,#15217,#15220,#15223,#15226,#15229,#15232,#15235,#15238,#15241,#15244,#15247,#15250,#15253,#15256,#15259,#15262,#15265,#15268,#15271,#15274,#15277,#15280,#15283,#15286,#15289,#15292,#15295,#15298,#15301,#15304,#15307,#15310,#15313,#15316,#15319,#15322,#15325,#15328,#15331,#15334,#15337,#15340,#15343,#15346,#15349,#15352,#15355,#15358,#15361,#15364,#15367,#15370,#15373,#15376,#15379,#15382,#15385,#15388,#15391,#15394,#15397,#15400,#15403,#15406,#15409,#15412,#15415,#15418,#15421,#15424,#15427,#15430,#15433,#15436,#15439,#15442,#15445,#15448,#15451,#15454,#15457,#15460,#15463,#15466,#15469,#15472,#15475,#15478,#15481,#15484,#15487,#15490,#15493,#15496,#15499,#15502,#15505,#15508,#15511,#15514,#15517,#15520,#15523,#15526,#15529,#15532,#15535,#15538,#15541,#15544,#15547,#15550,#15553,#15556,#15559,#15562,#15565,#15568,#15571,#15574,#15577,#15580,#15583,#15586,#15589,#15592,#15595,#15598,#15601,#15604,#15607,#15610,#15613,#15616,#15619,#15622,#15625,#15628,#15631,#15634,#15637,#15640,#15643,#15646,#15649,#15652,#15655,#15658,#15661,#15664,#15667,#15670,#15673,#15676,#15679,#15682,#15685,#15688,#15691,#15694,#15697,#15700,#15703,#15706,#15709,#15712,#15715,#15718,#15721,#15724,#15727,#15730,#15733,#15736,#15739,#15742,#15745,#15748,#15751,#15754,#15757,#15760,#15763,#15766,#15769,#15772,#15775,#15778,#15781,#15784,#15787,#15790,#15793,#15796,#15799,#15802,#15805,#15808,#15811,#15814,#15817,#15820,#15823,#15826,#15829,#15832,#15835,#15838,#15841,#15844,#15847,#15850,#15853,#15856,#15859,#15862,#15865,#15868,#15871,#15874,#15877,#15880,#15883,#15886,#15889,#15892,#15895,#15898,#15901,#15904,#15907,#15910,#15913,#15916,#15919,#15922,#15925,#15928,#15931,#15934,#15937,#15940,#15943,#15946,#15949,#15952,#15955,#15958,#15961,#15964,#15967,#15970,#15973,#15976,#15979,#15982,#15985,#15988,#15991,#15994,#15997,#16000,#16003,#16006,#16009,#16012,#16015,#16018,#16021,#16024,#16027,#16030,#16033,#16036,#16039,#16042,#16045,#16048,#16051,#16054,#16057,#16060,#16063,#16066,#16069,#16072,#16075,#16078,#16081,#16084,#16087,#16090,#16093,#16096,#16099,#16102,#16105,#16108,#16111,#16114,#16117,#16120,#16123,#16126,#16129,#16132,#16135,#16138,#16141,#16144,#16147,#16150,#16153,#16156,#16159,#16162,#16165,#16168,#16171,#16174,#16177,#16180,#16183,#16186,#16189,#16192,#16195,#16198,#16201,#16204,#16207,#16210,#16213,#16216,#16219,#16222,#16225,#16228,#16231,#16234,#16237,#16240,#16243,#16246,#16249,#16252,#16255,#16258,#16261,#16264,#16267,#16270,#16273,#16276,#16279,#16282,#16285,#16288,#16291,#16294,#16297,#16300,#16303,#16306,#16309,#16312,#16315,#16318,#16321,#16324,#16327,#16330,#16333,#16336,#16339,#16342,#16345,#16348,#16351,#16354,#16357,#16360));
#16386=IFCFACETEDBREP(#16385);
#16387=IFCSTYLEDITEM(#16386,(#8405),$);
#16388=IFCSHAPEREPRESENTATION(#24,'Body','Brep',(#16362,#16365,#16368,#16371,#16374,#16377,#16380,#16383,#16386));
#16389=IFCAXIS2PLACEMENT3D(#19,$,$);
#16390=IFCREPRESENTATIONMAP(#16389,#16388);
#16391=IFCDOORLININGPROPERTIES('26jjhu0DH0Lxf54dPa$Ko9',#6,'Door-Passage-Single-Vision_Lite:36" x 84":1240525',$,$,$,$,$,$,$,$,$,$,$,$);
#16392=IFCDOORPANELPROPERTIES('26jjhu0DH0Lxf54dLa$Ko9',#6,'Door-Passage-Single-Vision_Lite:36" x 84":1240525:1',$,$,.SWINGING.,$,.NOTDEFINED.,$);
#16393=IFCDOORSTYLE('0fM3ol0t1$ItxZT8_nXFYN',#6,'Door-Passage-Single-Vision_Lite:36" x 84"',$,$,(#16391,#16392),(#16390),'459553',.SINGLE_SWING_RIGHT.,.NOTDEFINED.,.F.,.F.);
#16394=IFCMAPPEDITEM(#16390,#8454);
#16395=IFCSHAPEREPRESENTATION(#24,'Body','MappedRepresentation',(#16394));
#16396=IFCPRODUCTDEFINITIONSHAPE($,$,(#16395));
#16397=IFCCARTESIANPOINT((-87.883436449093452,37.948632394751471,0.));
#16398=IFCAXIS2PLACEMENT3D(#16397,$,$);
#16400=IFCDOOR('26jjhu0DH0Lxf54dTa$Ko9',#6,'Door-Passage-Single-Vision_Lite:36" x 84":1240525',$,$,#17671,#16396,'1240525',7.333333333333333,3.3333333333333286);
#16401=IFCPROPERTYSET('3TzIq4y1eDb6qCOLn9d0wL',#6,'Pset_DoorCommon',$,(#78,#8462));
#16402=IFCPROPERTYSET('3Lmj82RmFaoz9JTc5tDhtm',#6,'Pset_QuantityTakeOff',$,(#8462));
#16403=IFCRELDEFINESBYPROPERTIES('3SwTi1i8HzzhZO8iCuSOTV',#6,$,$,(#16400),#16401);
#16404=IFCRELDEFINESBYPROPERTIES('0sul9E77M$XhlQABAq6ZCu',#6,$,$,(#16400),#16402);
#16405=IFCMAPPEDITEM(#8429,#8454);
#16406=IFCSHAPEREPRESENTATION(#24,'Body','MappedRepresentation',(#16405));
#16407=IFCPRODUCTDEFINITIONSHAPE($,$,(#16406));
#16408=IFCCARTESIANPOINT((-82.914686449093452,33.65696572808482,0.));
#16409=IFCAXIS2PLACEMENT3D(#16408,$,$);
#16411=IFCDOOR('26jjhu0DH0Lxf54dTa$KoA',#6,'Door-Passage-Single-Vision_Lite:36" x 84":1240526',$,$,#17687,#16407,'1240526',7.333333333333333,3.3333333333333286);
#16412=IFCPROPERTYSET('2DH6WJXu9OVYbx1cXtB5zr',#6,'Pset_DoorCommon',$,(#78,#8462));
#16413=IFCPROPERTYSET('38FBm9NXEU1WYmupEuHbP0',#6,'Pset_QuantityTakeOff',$,(#8462));
#16414=IFCRELDEFINESBYPROPERTIES('1fVAIx740ot0ufQw1ehMFM',#6,$,$,(#16411),#16412);
#16415=IFCRELDEFINESBYPROPERTIES('2WF5N2TG41qFtXzGg1dhQe',#6,$,$,(#16411),#16413);
#16416=IFCMAPPEDITEM(#16390,#8454);
#16417=IFCSHAPEREPRESENTATION(#24,'Body','MappedRepresentation',(#16416));
#16418=IFCPRODUCTDEFINITIONSHAPE($,$,(#16417));
#16419=IFCCARTESIANPOINT((-78.383436449093495,32.198632394751499,0.));
#16420=IFCAXIS2PLACEMENT3D(#16419,#43,#97);
#16422=IFCDOOR('26jjhu0DH0Lxf54dTa$KoB',#6,'Door-Passage-Single-Vision_Lite:36" x 84":1240527',$,$,#17702,#16418,'1240527',7.333333333333333,3.3333333333333321);
#16423=IFCPROPERTYSET('3A4QWazjh_d6ULoYOK170q',#6,'Pset_DoorCommon',$,(#78,#8462));
#16424=IFCPROPERTYSET('3ll9u0dmpu9MnkmcrSRHJ2',#6,'Pset_QuantityTakeOff',$,(#8462));
#16425=IFCRELDEFINESBYPROPERTIES('0LBhgPQ8TsEqSu6RPBfaN$',#6,$,$,(#16422),#16423);
#16426=IFCRELDEFINESBYPROPERTIES('1pg9NLXD70xyXMDyd9jKFb',#6,$,$,(#16422),#16424);
#16427=IFCMAPPEDITEM(#16390,#8454);
#16428=IFCSHAPEREPRESENTATION(#24,'Body','MappedRepresentation',(#16427));
#16429=IFCPRODUCTDEFINITIONSHAPE($,$,(#16428));
#16430=IFCCARTESIANPOINT((-93.883436449093438,28.584049061418067,0.));
#16431=IFCAXIS2PLACEMENT3D(#16430,#43,#44);
#16433=IFCDOOR('26jjhu0DH0Lxf54dTa$KoK',#6,'Door-Passage-Single-Vision_Lite:36" x 84":1240528',$,$,#17640,#16429,'1240528',7.333333333333333,3.3333333333333321);
#16434=IFCPROPERTYSET('0StPEvZCo7NwuwpQTaf1U6',#6,'Pset_DoorCommon',$,(#78,#8462));
#16435=IFCPROPERTYSET('0Vhw6UlMqH4lxlDG5jmum4',#6,'Pset_QuantityTakeOff',$,(#8462));
#16436=IFCRELDEFINESBYPROPERTIES('1rMz3I_AKoF7jtO00UcVuA',#6,$,$,(#16433),#16434);
#16437=IFCRELDEFINESBYPROPERTIES('15fC_jpqBihK8MTUjZieAS',#6,$,$,(#16433),#16435);
#16438=IFCMAPPEDITEM(#16390,#8454);
#16439=IFCSHAPEREPRESENTATION(#24,'Body','MappedRepresentation',(#16438));
#16440=IFCPRODUCTDEFINITIONSHAPE($,$,(#16439));
#16441=IFCCARTESIANPOINT((-44.383436449093452,25.948632394751055,0.));
#16442=IFCAXIS2PLACEMENT3D(#16441,$,$);
#16444=IFCDOOR('26jjhu0DH0Lxf54dTa$KoL',#6,'Door-Passage-Single-Vision_Lite:36" x 84":1240529',$,$,#17717,#16440,'1240529',7.333333333333333,3.3333333333333357);
#16445=IFCPROPERTYSET('1yxMoOjVC_cAMh5XVrRR8_',#6,'Pset_DoorCommon',$,(#78,#8462));
#16446=IFCPROPERTYSET('0ue_M2lVtGfWRcDw$VXpgj',#6,'Pset_QuantityTakeOff',$,(#8462));
#16447=IFCRELDEFINESBYPROPERTIES('1GMbvgL_XZDbPj$HdIeTrE',#6,$,$,(#16444),#16445);
#16448=IFCRELDEFINESBYPROPERTIES('09B8z3U8jUGub$J6hfNn$l',#6,$,$,(#16444),#16446);
#16449=IFCMAPPEDITEM(#16390,#8454);
#16450=IFCSHAPEREPRESENTATION(#24,'Body','MappedRepresentation',(#16449));
#16451=IFCPRODUCTDEFINITIONSHAPE($,$,(#16450));
#16452=IFCCARTESIANPOINT((-41.102186449093367,19.113105322415997,0.));
#16453=IFCAXIS2PLACEMENT3D(#16452,#43,#121);
#16455=IFCDOOR('26jjhu0DH0Lxf54dTa$KoM',#6,'Door-Passage-Single-Vision_Lite:36" x 84":1240530',$,$,#17625,#16451,'1240530',7.333333333333333,3.3333333333333357);
#16456=IFCPROPERTYSET('03wxKAA_cyiiLJzK7csczN',#6,'Pset_DoorCommon',$,(#78,#8462));
#16457=IFCPROPERTYSET('2J$jBemiZxGi9y8YZuLGfR',#6,'Pset_QuantityTakeOff',$,(#8462));
#16458=IFCRELDEFINESBYPROPERTIES('3BMzXVWvLQ7jAn9DBKpBtt',#6,$,$,(#16455),#16456);
#16459=IFCRELDEFINESBYPROPERTIES('1MiW8UGojbf6TDVMzYnj_C',#6,$,$,(#16455),#16457);
#16460=IFCMAPPEDITEM(#16390,#8454);
#16461=IFCSHAPEREPRESENTATION(#24,'Body','MappedRepresentation',(#16460));
#16462=IFCPRODUCTDEFINITIONSHAPE($,$,(#16461));
#16463=IFCCARTESIANPOINT((-4.550103115760141,25.948632394750984,0.));
#16464=IFCAXIS2PLACEMENT3D(#16463,$,$);
#16466=IFCDOOR('26jjhu0DH0Lxf54dTa$KoN',#6,'Door-Passage-Single-Vision_Lite:36" x 84":1240531',$,$,#17579,#16462,'1240531',7.333333333333333,3.333333333333333);
#16467=IFCPROPERTYSET('15Sj2jiE1qP_M5FfJRORpN',#6,'Pset_DoorCommon',$,(#78,#8462));
#16468=IFCPROPERTYSET('3CU5014pj6LO4Ih_cDS6SC',#6,'Pset_QuantityTakeOff',$,(#8462));
#16469=IFCRELDEFINESBYPROPERTIES('0X_e3XSiTjoR7iMnvnfwZI',#6,$,$,(#16466),#16467);
#16470=IFCRELDEFINESBYPROPERTIES('0AN_LhcQmhAL1pSQn28GvA',#6,$,$,(#16466),#16468);
#16471=IFCMAPPEDITEM(#16390,#8454);
#16472=IFCSHAPEREPRESENTATION(#24,'Body','MappedRepresentation',(#16471));
#16473=IFCPRODUCTDEFINITIONSHAPE($,$,(#16472));
#16474=IFCCARTESIANPOINT((36.699896884239948,25.948632394750984,0.));
#16475=IFCAXIS2PLACEMENT3D(#16474,$,$);
#16477=IFCDOOR('26jjhu0DH0Lxf54dTa$KoG',#6,'Door-Passage-Single-Vision_Lite:36" x 84":1240532',$,$,#17564,#16473,'1240532',7.333333333333333,3.3333333333333357);
#16478=IFCPROPERTYSET('3KqGbCD7K4c4b4_8n7gtDk',#6,'Pset_DoorCommon',$,(#78,#8462));
#16479=IFCPROPERTYSET('2q3L0Gk_Ts$rWfFMJlA$Xn',#6,'Pset_QuantityTakeOff',$,(#8462));
#16480=IFCRELDEFINESBYPROPERTIES('0JCvm24fMPbhGZOmicbiUd',#6,$,$,(#16477),#16478);
#16481=IFCRELDEFINESBYPROPERTIES('32_bU$3Zsw0nKMIU72mtj9',#6,$,$,(#16477),#16479);
#16482=IFCMAPPEDITEM(#16390,#8454);
#16483=IFCSHAPEREPRESENTATION(#24,'Body','MappedRepresentation',(#16482));
#16484=IFCPRODUCTDEFINITIONSHAPE($,$,(#16483));
#16485=IFCCARTESIANPOINT((-17.63343644909342,-18.720228010917435,0.));
#16486=IFCAXIS2PLACEMENT3D(#16485,#43,#121);
#16488=IFCDOOR('26jjhu0DH0Lxf54dTa$KoH',#6,'Door-Passage-Single-Vision_Lite:36" x 84":1240533',$,$,#17610,#16484,'1240533',7.333333333333333,3.3333333333333321);
#16489=IFCPROPERTYSET('1ZRUbcjULOlElFE3gXfPtg',#6,'Pset_DoorCommon',$,(#78,#8462));
#16490=IFCPROPERTYSET('0QU$fXN7EgK8sMwiUGGxTC',#6,'Pset_QuantityTakeOff',$,(#8462));
#16491=IFCRELDEFINESBYPROPERTIES('0gEFtmKcSaM2AkuwmPbe1i',#6,$,$,(#16488),#16489);
#16492=IFCRELDEFINESBYPROPERTIES('1BSIpNkzA5BNDLXXqE$27F',#6,$,$,(#16488),#16490);
#16493=IFCMAPPEDITEM(#8429,#8454);
#16494=IFCSHAPEREPRESENTATION(#24,'Body','MappedRepresentation',(#16493));
#16495=IFCPRODUCTDEFINITIONSHAPE($,$,(#16494));
#16496=IFCCARTESIANPOINT((48.533230217573205,-18.678561344250788,0.));
#16497=IFCAXIS2PLACEMENT3D(#16496,#43,#121);
#16499=IFCDOOR('26jjhu0DH0Lxf54dTa$KoI',#6,'Door-Passage-Single-Vision_Lite:36" x 84":1240534',$,$,#17595,#16495,'1240534',7.333333333333333,3.3333333333333357);
#16500=IFCPROPERTYSET('1PnA9bI$HMDbQay_3LEUg_',#6,'Pset_DoorCommon',$,(#78,#8462));
#16501=IFCPROPERTYSET('3X_$d215gk5fuLOfe30oRc',#6,'Pset_QuantityTakeOff',$,(#8462));
#16502=IFCRELDEFINESBYPROPERTIES('1kAt9mZLMC7ndJ5Oq3d3Uo',#6,$,$,(#16499),#16500);
#16503=IFCRELDEFINESBYPROPERTIES('3_ser7kCf7DZwESQbL8ifs',#6,$,$,(#16499),#16501);
#16504=IFCCARTESIANPOINT((-104.13343644909344,26.584049061418078,0.));
#16505=IFCAXIS2PLACEMENT3D(#16504,#43,#44);
#16506=IFCLOCALPLACEMENT(#33,#16505);
#16507=IFCCARTESIANPOINT((10.015625000000007,0.));
#16508=IFCPOLYLINE((#47,#16507));
#16509=IFCSHAPEREPRESENTATION(#23,'Axis','Curve2D',(#16508));
#16510=IFCPRODUCTDEFINITIONSHAPE($,$,(#16509,#16521));
#16511=IFCCARTESIANPOINT((5.0078125000000036,8.3266726846886741E-17));
#16512=IFCAXIS2PLACEMENT2D(#16511,#53);
#16513=IFCRECTANGLEPROFILEDEF(.AREA.,$,#16512,10.015625000000007,0.66666666666665719);
#16514=IFCAXIS2PLACEMENT3D(#19,$,$);
#16515=IFCEXTRUDEDAREASOLID(#16513,#16514,#43,12.);
#16516=IFCCOLOURRGB($,0.75294117647058822,0.75294117647058822,0.75294117647058822);
#16517=IFCSURFACESTYLERENDERING(#16516,0.,$,$,$,$,IFCNORMALISEDRATIOMEASURE(0.5),IFCSPECULAREXPONENT(10.),.NOTDEFINED.);
#16518=IFCSURFACESTYLE('Default Wall',.BOTH.,(#16517));
#16519=IFCPRESENTATIONSTYLEASSIGNMENT((#16518));
#16520=IFCSTYLEDITEM(#16515,(#16519),$);
#16521=IFCSHAPEREPRESENTATION(#24,'Body','SweptSolid',(#16515));
#16522=IFCWALLSTANDARDCASE('05o6FGHbvAcep$f8mox0ZS',#6,'Basic Wall:Generic - 8":1242155',$,$,#16506,#16510,'1242155');
#16523=IFCMATERIAL('Default Wall');
#16524=IFCPRESENTATIONSTYLEASSIGNMENT((#16518));
#16525=IFCSTYLEDITEM($,(#16524),$);
#16526=IFCSTYLEDREPRESENTATION(#22,'Style','Material',(#16525));
#16527=IFCMATERIALDEFINITIONREPRESENTATION($,$,(#16526),#16523);
#16528=IFCMATERIALLAYER(#16523,0.66666666666666663,$);
#16529=IFCMATERIALLAYERSET((#16528),'Basic Wall:Generic - 8"');
#16530=IFCMATERIALLAYERSETUSAGE(#16529,.AXIS2.,.NEGATIVE.,0.33333333333333331);
#16531=IFCWALLTYPE('1xZrMVYp52mhf4uMzw11Hk',#6,'Basic Wall:Generic - 8"',$,$,(#16541),$,'441451',$,.STANDARD.);
#16532=IFCPROPERTYSINGLEVALUE('Reference',$,IFCIDENTIFIER('Generic - 8"'),$);
#16533=IFCPROPERTYSET('2uGCn2aDHcNpZpdcLRYW5z',#6,'Pset_QuantityTakeOff',$,(#16532));
#16534=IFCPROPERTYSINGLEVALUE('Reference',$,IFCLABEL('Generic - 8"'),$);
#16535=IFCPROPERTYSET('2vPnLXY1YyaEzT17sfwhBg',#6,'Pset_ReinforcementBarPitchOfWall',$,(#16534));
#16536=IFCPROPERTYSET('251Nw2MrlOlGNKJHRe$Bhj',#6,'Pset_WallCommon',$,(#78,#79,#80,#16532));
#16537=IFCRELDEFINESBYPROPERTIES('2a5xoDIi2_X8KcqbdJMxgn',#6,$,$,(#16522),#16533);
#16538=IFCRELDEFINESBYPROPERTIES('1H8J$BinTI9OkTpIBqjnjh',#6,$,$,(#16522),#16535);
#16539=IFCRELDEFINESBYPROPERTIES('3UG3pQSKsZCWFIilPRsBfq',#6,$,$,(#16522),#16536);
#16540=IFCPROPERTYSINGLEVALUE('Description',$,IFCTEXT('Generic Wall (Material By Category), 8" thick'),$);
#16541=IFCPROPERTYSET('2L7lvTstnIeeydfwzfZZLR',#6,'Pset_ReinforcementBarPitchOfWall',$,(#16540));
#16542=IFCCARTESIANPOINT((-103.80010311576008,36.266340728084749,0.));
#16543=IFCAXIS2PLACEMENT3D(#16542,$,$);
#16544=IFCLOCALPLACEMENT(#33,#16543);
#16545=IFCCARTESIANPOINT((9.2812499999999716,0.));
#16546=IFCPOLYLINE((#47,#16545));
#16547=IFCSHAPEREPRESENTATION(#23,'Axis','Curve2D',(#16546));
#16548=IFCPRODUCTDEFINITIONSHAPE($,$,(#16547,#16555));
#16549=IFCCARTESIANPOINT((4.6406249999999858,0.));
#16550=IFCAXIS2PLACEMENT2D(#16549,#53);
#16551=IFCRECTANGLEPROFILEDEF(.AREA.,$,#16550,9.2812499999999716,0.6666666666666714);
#16552=IFCAXIS2PLACEMENT3D(#19,$,$);
#16553=IFCEXTRUDEDAREASOLID(#16551,#16552,#43,12.);
#16554=IFCSTYLEDITEM(#16553,(#16519),$);
#16555=IFCSHAPEREPRESENTATION(#24,'Body','SweptSolid',(#16553));
#16556=IFCWALLSTANDARDCASE('05o6FGHbvAcep$f8mox0X0',#6,'Basic Wall:Generic - 8":1242295',$,$,#16544,#16548,'1242295');
#16557=IFCMATERIALLAYERSETUSAGE(#16529,.AXIS2.,.POSITIVE.,-0.33333333333333331);
#16558=IFCPROPERTYSET('0GgJWY8Fhrp1zsKCwDCcow',#6,'Pset_QuantityTakeOff',$,(#16532));
#16559=IFCPROPERTYSINGLEVALUE('Reference',$,IFCLABEL('Generic - 8"'),$);
#16560=IFCPROPERTYSET('2rW6oIS7WpDw$b9JiEQ1V6',#6,'Pset_ReinforcementBarPitchOfWall',$,(#16559));
#16561=IFCPROPERTYSET('0BVYtnSFbIDJfFWqkQpYNB',#6,'Pset_WallCommon',$,(#78,#79,#80,#16532));
#16562=IFCRELDEFINESBYPROPERTIES('3dxRt$BnWj324ZDnIBCV$W',#6,$,$,(#16556),#16558);
#16563=IFCRELDEFINESBYPROPERTIES('0PCuEkoY8GAJUTJ97Jf_kX',#6,$,$,(#16556),#16560);
#16564=IFCRELDEFINESBYPROPERTIES('21o5bAM08pMcNcDXG1Wqo7',#6,$,$,(#16556),#16561);
#16565=IFCCARTESIANPOINT((-94.18551978242678,38.584049061418135,0.));
#16566=IFCAXIS2PLACEMENT3D(#16565,#43,#44);
#16567=IFCLOCALPLACEMENT(#33,#16566);
#16568=IFCCARTESIANPOINT((6.3333333333330444,-0.));
#16569=IFCPOLYLINE((#47,#16568));
#16570=IFCSHAPEREPRESENTATION(#23,'Axis','Curve2D',(#16569));
#16571=IFCPRODUCTDEFINITIONSHAPE($,$,(#16570,#16578));
#16572=IFCCARTESIANPOINT((3.1666666666665222,-2.55351295663786E-15));
#16573=IFCAXIS2PLACEMENT2D(#16572,#53);
#16574=IFCRECTANGLEPROFILEDEF(.AREA.,$,#16573,6.3333333333330444,0.66666666666665719);
#16575=IFCAXIS2PLACEMENT3D(#19,$,$);
#16576=IFCEXTRUDEDAREASOLID(#16574,#16575,#43,12.);
#16577=IFCSTYLEDITEM(#16576,(#16519),$);
#16578=IFCSHAPEREPRESENTATION(#24,'Body','SweptSolid',(#16576));
#16579=IFCWALLSTANDARDCASE('05o6FGHbvAcep$f8mox0bU',#6,'Basic Wall:Generic - 8":1242537',$,$,#16567,#16571,'1242537');
#16580=IFCMATERIALLAYERSETUSAGE(#16529,.AXIS2.,.NEGATIVE.,0.33333333333333331);
#16581=IFCPROPERTYSET('2lkd2bhBgkgxJhdYorH2Lv',#6,'Pset_QuantityTakeOff',$,(#16532));
#16582=IFCPROPERTYSINGLEVALUE('Reference',$,IFCLABEL('Generic - 8"'),$);
#16583=IFCPROPERTYSET('1wEMvjt42JwVPUsGHazbF3',#6,'Pset_ReinforcementBarPitchOfWall',$,(#16582));
#16584=IFCPROPERTYSET('28Od1ZcNx8l320QZG514b1',#6,'Pset_WallCommon',$,(#78,#79,#80,#16532));
#16585=IFCRELDEFINESBYPROPERTIES('3mTQbbZKsqLGFmAoa9hlzt',#6,$,$,(#16579),#16581);
#16586=IFCRELDEFINESBYPROPERTIES('1XOzQ6T2wCuj39ZLB5Xlhr',#6,$,$,(#16579),#16583);
#16587=IFCRELDEFINESBYPROPERTIES('3SJq9kSogGkMQSo3MSpf6F',#6,$,$,(#16579),#16584);
#16588=IFCCARTESIANPOINT((-93.852186449093438,44.584049061417844,0.));
#16589=IFCAXIS2PLACEMENT3D(#16588,$,$);
#16590=IFCLOCALPLACEMENT(#33,#16589);
#16591=IFCCARTESIANPOINT((26.7708333333333,0.));
#16592=IFCPOLYLINE((#47,#16591));
#16593=IFCSHAPEREPRESENTATION(#23,'Axis','Curve2D',(#16592));
#16594=IFCPRODUCTDEFINITIONSHAPE($,$,(#16593,#16601));
#16595=IFCCARTESIANPOINT((13.38541666666665,-1.4988010832439613E-15));
#16596=IFCAXIS2PLACEMENT2D(#16595,#53);
#16597=IFCRECTANGLEPROFILEDEF(.AREA.,$,#16596,26.7708333333333,0.6666666666666714);
#16598=IFCAXIS2PLACEMENT3D(#19,$,$);
#16599=IFCEXTRUDEDAREASOLID(#16597,#16598,#43,12.);
#16600=IFCSTYLEDITEM(#16599,(#16519),$);
#16601=IFCSHAPEREPRESENTATION(#24,'Body','SweptSolid',(#16599));
#16602=IFCWALLSTANDARDCASE('05o6FGHbvAcep$f8mox0gn',#6,'Basic Wall:Generic - 8":1242694',$,$,#16590,#16594,'1242694');
#16603=IFCMATERIALLAYERSETUSAGE(#16529,.AXIS2.,.POSITIVE.,-0.33333333333333331);
#16604=IFCPROPERTYSET('0TgQIvdeHQk$Hl6a5hALhg',#6,'Pset_QuantityTakeOff',$,(#16532));
#16605=IFCPROPERTYSINGLEVALUE('Reference',$,IFCLABEL('Generic - 8"'),$);
#16606=IFCPROPERTYSET('2YLtk3Ai9TinHN8lTfesNj',#6,'Pset_ReinforcementBarPitchOfWall',$,(#16605));
#16607=IFCPROPERTYSET('3QalWlsP1duDmbLMGbkw6c',#6,'Pset_WallCommon',$,(#78,#79,#80,#16532));
#16608=IFCRELDEFINESBYPROPERTIES('2OGio_xOxQYE$uNGP4aoeo',#6,$,$,(#16602),#16604);
#16609=IFCRELDEFINESBYPROPERTIES('21LEZ8n_RdGL8SV_k6fq0k',#6,$,$,(#16602),#16606);
#16610=IFCRELDEFINESBYPROPERTIES('1jbIySeIkHwQM4G3F$EoCJ',#6,$,$,(#16602),#16607);
#16611=IFCCARTESIANPOINT((-84.065728115760109,44.250715728084486,0.));
#16612=IFCAXIS2PLACEMENT3D(#16611,#43,#97);
#16613=IFCLOCALPLACEMENT(#33,#16612);
#16614=IFCCARTESIANPOINT((5.6666666666663517,-0.));
#16615=IFCPOLYLINE((#47,#16614));
#16616=IFCSHAPEREPRESENTATION(#23,'Axis','Curve2D',(#16615));
#16617=IFCPRODUCTDEFINITIONSHAPE($,$,(#16616,#16624));
#16618=IFCCARTESIANPOINT((2.8333333333331758,-3.0808688933348094E-15));
#16619=IFCAXIS2PLACEMENT2D(#16618,#53);
#16620=IFCRECTANGLEPROFILEDEF(.AREA.,$,#16619,5.6666666666663517,0.66666666666665719);
#16621=IFCAXIS2PLACEMENT3D(#19,$,$);
#16622=IFCEXTRUDEDAREASOLID(#16620,#16621,#43,12.);
#16623=IFCSTYLEDITEM(#16622,(#16519),$);
#16624=IFCSHAPEREPRESENTATION(#24,'Body','SweptSolid',(#16622));
#16625=IFCWALLSTANDARDCASE('05o6FGHbvAcep$f8mox0et',#6,'Basic Wall:Generic - 8":1242816',$,$,#16613,#16617,'1242816');
#16626=IFCMATERIALLAYERSETUSAGE(#16529,.AXIS2.,.NEGATIVE.,0.33333333333333331);
#16627=IFCPROPERTYSET('0oOSPoY1MN35UFkebmwyd5',#6,'Pset_QuantityTakeOff',$,(#16532));
#16628=IFCPROPERTYSINGLEVALUE('Reference',$,IFCLABEL('Generic - 8"'),$);
#16629=IFCPROPERTYSET('35Pv9MevPJauBLMF$DYR18',#6,'Pset_ReinforcementBarPitchOfWall',$,(#16628));
#16630=IFCPROPERTYSET('2PfXVjN6d$PEyOilwWkgJj',#6,'Pset_WallCommon',$,(#78,#79,#80,#16532));
#16631=IFCRELDEFINESBYPROPERTIES('1sHgvkFAuqWeIFSfBnyy_1',#6,$,$,(#16625),#16627);
#16632=IFCRELDEFINESBYPROPERTIES('3iFqJi2ADrN8036ZT8tFJq',#6,$,$,(#16625),#16629);
#16633=IFCRELDEFINESBYPROPERTIES('2p8xlfDPfCEZGmMNRbkByW',#6,$,$,(#16625),#16630);
#16634=IFCCARTESIANPOINT((-67.414686449093466,44.25071572808443,0.));
#16635=IFCAXIS2PLACEMENT3D(#16634,#43,#97);
#16636=IFCLOCALPLACEMENT(#33,#16635);
#16637=IFCCARTESIANPOINT((17.666666666666636,-0.));
#16638=IFCPOLYLINE((#47,#16637));
#16639=IFCSHAPEREPRESENTATION(#23,'Axis','Curve2D',(#16638));
#16640=IFCPRODUCTDEFINITIONSHAPE($,$,(#16639,#16647));
#16641=IFCCARTESIANPOINT((8.8333333333333179,-3.1363800445660672E-15));
#16642=IFCAXIS2PLACEMENT2D(#16641,#53);
#16643=IFCRECTANGLEPROFILEDEF(.AREA.,$,#16642,17.666666666666636,0.66666666666665719);
#16644=IFCAXIS2PLACEMENT3D(#19,$,$);
#16645=IFCEXTRUDEDAREASOLID(#16643,#16644,#43,12.);
#16646=IFCSTYLEDITEM(#16645,(#16519),$);
#16647=IFCSHAPEREPRESENTATION(#24,'Body','SweptSolid',(#16645));
#16648=IFCWALLSTANDARDCASE('05o6FGHbvAcep$f8mox0HC',#6,'Basic Wall:Generic - 8":1243323',$,$,#16636,#16640,'1243323');
#16649=IFCMATERIALLAYERSETUSAGE(#16529,.AXIS2.,.NEGATIVE.,0.33333333333333331);
#16650=IFCPROPERTYSET('0zxMrKReedwHS6VerKUskR',#6,'Pset_QuantityTakeOff',$,(#16532));
#16651=IFCPROPERTYSINGLEVALUE('Reference',$,IFCLABEL('Generic - 8"'),$);
#16652=IFCPROPERTYSET('1Nv8s0CCZnk6z71b4OVOos',#6,'Pset_ReinforcementBarPitchOfWall',$,(#16651));
#16653=IFCPROPERTYSET('3REnkQfmQs3kQuD2qSLC0e',#6,'Pset_WallCommon',$,(#78,#79,#80,#16532));
#16654=IFCRELDEFINESBYPROPERTIES('1LiLEbd$WTItTZvDzE3v2b',#6,$,$,(#16648),#16650);
#16655=IFCRELDEFINESBYPROPERTIES('1HQBH_dxMYY1GckJttvFgf',#6,$,$,(#16648),#16652);
#16656=IFCRELDEFINESBYPROPERTIES('0pRd93dEoomjujE9FAgYf7',#6,$,$,(#16648),#16653);
#16657=IFCCARTESIANPOINT((40.564480217573269,26.584049061417652,0.));
#16658=IFCAXIS2PLACEMENT3D(#16657,#43,#44);
#16659=IFCLOCALPLACEMENT(#33,#16658);
#16660=IFCCARTESIANPOINT((10.666666666666615,0.));
#16661=IFCPOLYLINE((#47,#16660));
#16662=IFCSHAPEREPRESENTATION(#23,'Axis','Curve2D',(#16661));
#16663=IFCPRODUCTDEFINITIONSHAPE($,$,(#16662,#16670));
#16664=IFCCARTESIANPOINT((5.3333333333333073,1.2490009027033011E-15));
#16665=IFCAXIS2PLACEMENT2D(#16664,#53);
#16666=IFCRECTANGLEPROFILEDEF(.AREA.,$,#16665,10.666666666666615,0.6666666666666714);
#16667=IFCAXIS2PLACEMENT3D(#19,$,$);
#16668=IFCEXTRUDEDAREASOLID(#16666,#16667,#43,12.);
#16669=IFCSTYLEDITEM(#16668,(#16519),$);
#16670=IFCSHAPEREPRESENTATION(#24,'Body','SweptSolid',(#16668));
#16671=IFCWALLSTANDARDCASE('05o6FGHbvAcep$f8mox0T8',#6,'Basic Wall:Generic - 8":1244095',$,$,#16659,#16663,'1244095');
#16672=IFCMATERIALLAYERSETUSAGE(#16529,.AXIS2.,.POSITIVE.,-0.33333333333333331);
#16673=IFCPROPERTYSET('17d0PLY26Fe45xo65e9RjY',#6,'Pset_QuantityTakeOff',$,(#16532));
#16674=IFCPROPERTYSINGLEVALUE('Reference',$,IFCLABEL('Generic - 8"'),$);
#16675=IFCPROPERTYSET('2eb2s$7bKSkhYI8rBfs_eO',#6,'Pset_ReinforcementBarPitchOfWall',$,(#16674));
#16676=IFCPROPERTYSET('1NDPDeVd2hduQC89NV55Pd',#6,'Pset_WallCommon',$,(#78,#79,#80,#16532));
#16677=IFCRELDEFINESBYPROPERTIES('3$KbnbUgJgOW9XGwoSmIDE',#6,$,$,(#16671),#16673);
#16678=IFCRELDEFINESBYPROPERTIES('2zZbY_VkLz$BOuRtHS8MBx',#6,$,$,(#16671),#16675);
#16679=IFCRELDEFINESBYPROPERTIES('1yVKwtBYOpsYNQsCnWn$3v',#6,$,$,(#16671),#16676);
#16680=IFCCARTESIANPOINT((-40.268853115760045,26.584049061417705,0.));
#16681=IFCAXIS2PLACEMENT3D(#16680,#43,#44);
#16682=IFCLOCALPLACEMENT(#33,#16681);
#16683=IFCCARTESIANPOINT((10.666666666666668,0.));
#16684=IFCPOLYLINE((#47,#16683));
#16685=IFCSHAPEREPRESENTATION(#23,'Axis','Curve2D',(#16684));
#16686=IFCPRODUCTDEFINITIONSHAPE($,$,(#16685,#16693));
#16687=IFCCARTESIANPOINT((5.3333333333333339,1.3877787807814457E-15));
#16688=IFCAXIS2PLACEMENT2D(#16687,#53);
#16689=IFCRECTANGLEPROFILEDEF(.AREA.,$,#16688,10.666666666666668,0.6666666666666714);
#16690=IFCAXIS2PLACEMENT3D(#19,$,$);
#16691=IFCEXTRUDEDAREASOLID(#16689,#16690,#43,12.);
#16692=IFCSTYLEDITEM(#16691,(#16519),$);
#16693=IFCSHAPEREPRESENTATION(#24,'Body','SweptSolid',(#16691));
#16694=IFCWALLSTANDARDCASE('05o6FGHbvAcep$f8mox01d',#6,'Basic Wall:Generic - 8":1244304',$,$,#16682,#16686,'1244304');
#16695=IFCMATERIALLAYERSETUSAGE(#16529,.AXIS2.,.NEGATIVE.,0.33333333333333331);
#16696=IFCPROPERTYSET('1p1w9adKDABfNY3YZC0Kkl',#6,'Pset_QuantityTakeOff',$,(#16532));
#16697=IFCPROPERTYSINGLEVALUE('Reference',$,IFCLABEL('Generic - 8"'),$);
#16698=IFCPROPERTYSET('0op$sKvSmCpJ0_XTZ1Wd61',#6,'Pset_ReinforcementBarPitchOfWall',$,(#16697));
#16699=IFCPROPERTYSET('2CBojwqzbyQjemOohH97ln',#6,'Pset_WallCommon',$,(#78,#79,#80,#16532));
#16700=IFCRELDEFINESBYPROPERTIES('1kRJZsLJ0yvh50Vi4anoye',#6,$,$,(#16694),#16696);
#16701=IFCRELDEFINESBYPROPERTIES('118hnabHdpqYBkQlUPWnw4',#6,$,$,(#16694),#16698);
#16702=IFCRELDEFINESBYPROPERTIES('0gIKvesZhT4$wyRi35Yi8v',#6,$,$,(#16694),#16699);
#16703=IFCCARTESIANPOINT((29.897813550906601,26.584049061417652,0.));
#16704=IFCAXIS2PLACEMENT3D(#16703,#43,#44);
#16705=IFCLOCALPLACEMENT(#33,#16704);
#16706=IFCCARTESIANPOINT((10.66666666666665,-0.));
#16707=IFCPOLYLINE((#47,#16706));
#16708=IFCSHAPEREPRESENTATION(#23,'Axis','Curve2D',(#16707));
#16709=IFCPRODUCTDEFINITIONSHAPE($,$,(#16708,#16716));
#16710=IFCCARTESIANPOINT((5.333333333333325,-3.8857805861880479E-16));
#16711=IFCAXIS2PLACEMENT2D(#16710,#53);
#16712=IFCRECTANGLEPROFILEDEF(.AREA.,$,#16711,10.66666666666665,0.6666666666666643);
#16713=IFCAXIS2PLACEMENT3D(#19,$,$);
#16714=IFCEXTRUDEDAREASOLID(#16712,#16713,#43,12.);
#16715=IFCSTYLEDITEM(#16714,(#16519),$);
#16716=IFCSHAPEREPRESENTATION(#24,'Body','SweptSolid',(#16714));
#16717=IFCWALLSTANDARDCASE('05o6FGHbvAcep$f8mox005',#6,'Basic Wall:Generic - 8":1244402',$,$,#16705,#16709,'1244402');
#16718=IFCMATERIALLAYERSETUSAGE(#16529,.AXIS2.,.NEGATIVE.,0.33333333333333331);
#16719=IFCPROPERTYSET('0hed5Z2tC2ZNXSJm_io3fW',#6,'Pset_QuantityTakeOff',$,(#16532));
#16720=IFCPROPERTYSINGLEVALUE('Reference',$,IFCLABEL('Generic - 8"'),$);
#16721=IFCPROPERTYSET('0TWicd8sXTHJsPZnZAd8hT',#6,'Pset_ReinforcementBarPitchOfWall',$,(#16720));
#16722=IFCPROPERTYSET('0P_Vsvms2CtmvfeAezUhM3',#6,'Pset_WallCommon',$,(#78,#79,#80,#16532));
#16723=IFCRELDEFINESBYPROPERTIES('1VraEW0QD0$BzP3MkKqjpO',#6,$,$,(#16717),#16719);
#16724=IFCRELDEFINESBYPROPERTIES('2AomTpHiVj3RhXrx$VwJKa',#6,$,$,(#16717),#16721);
#16725=IFCRELDEFINESBYPROPERTIES('3utSCnnSarMS_Gemnb03Ev',#6,$,$,(#16717),#16722);
#16726=IFCCARTESIANPOINT((-60.935519782426709,18.4776886557494,0.));
#16727=IFCAXIS2PLACEMENT3D(#16726,#43,#97);
#16728=IFCLOCALPLACEMENT(#33,#16727);
#16729=IFCCARTESIANPOINT((20.666666666666671,-0.));
#16730=IFCPOLYLINE((#47,#16729));
#16731=IFCSHAPEREPRESENTATION(#23,'Axis','Curve2D',(#16730));
#16732=IFCPRODUCTDEFINITIONSHAPE($,$,(#16731,#16739));
#16733=IFCCARTESIANPOINT((10.333333333333336,-1.3322676295501878E-15));
#16734=IFCAXIS2PLACEMENT2D(#16733,#53);
#16735=IFCRECTANGLEPROFILEDEF(.AREA.,$,#16734,20.666666666666671,0.6666666666666714);
#16736=IFCAXIS2PLACEMENT3D(#19,$,$);
#16737=IFCEXTRUDEDAREASOLID(#16735,#16736,#43,12.);
#16738=IFCSTYLEDITEM(#16737,(#16519),$);
#16739=IFCSHAPEREPRESENTATION(#24,'Body','SweptSolid',(#16737));
#16740=IFCWALLSTANDARDCASE('05o6FGHbvAcep$f8mox0BM',#6,'Basic Wall:Generic - 8":1244705',$,$,#16728,#16732,'1244705');
#16741=IFCMATERIALLAYERSETUSAGE(#16529,.AXIS2.,.NEGATIVE.,0.33333333333333331);
#16742=IFCPROPERTYSET('01nr5Dd24$pcn6nHA8adpR',#6,'Pset_QuantityTakeOff',$,(#16532));
#16743=IFCPROPERTYSINGLEVALUE('Reference',$,IFCLABEL('Generic - 8"'),$);
#16744=IFCPROPERTYSET('2cwZLr7LyLuigH_J244X0Z',#6,'Pset_ReinforcementBarPitchOfWall',$,(#16743));
#16745=IFCPROPERTYSET('2pTOCpMp0Asp88HY7vkx6l',#6,'Pset_WallCommon',$,(#78,#79,#80,#16532));
#16746=IFCRELDEFINESBYPROPERTIES('3EkaSI3PZgmv3RI8Tf9FwI',#6,$,$,(#16740),#16742);
#16747=IFCRELDEFINESBYPROPERTIES('0cqxFxSDYcvCU$Gh$rI8KI',#6,$,$,(#16740),#16744);
#16748=IFCRELDEFINESBYPROPERTIES('1hYJEH6gkEZWFig81iDMKL',#6,$,$,(#16740),#16745);
#16749=IFCCARTESIANPOINT((-60.602186449093409,-1.8556446775839375,0.));
#16750=IFCAXIS2PLACEMENT3D(#16749,$,$);
#16751=IFCLOCALPLACEMENT(#33,#16750);
#16752=IFCCARTESIANPOINT((20.8541666666666,0.));
#16753=IFCPOLYLINE((#47,#16752));
#16754=IFCSHAPEREPRESENTATION(#23,'Axis','Curve2D',(#16753));
#16755=IFCPRODUCTDEFINITIONSHAPE($,$,(#16754,#16762));
#16756=IFCCARTESIANPOINT((10.4270833333333,-1.9428902930940239E-16));
#16757=IFCAXIS2PLACEMENT2D(#16756,#53);
#16758=IFCRECTANGLEPROFILEDEF(.AREA.,$,#16757,20.8541666666666,0.66666666666666696);
#16759=IFCAXIS2PLACEMENT3D(#19,$,$);
#16760=IFCEXTRUDEDAREASOLID(#16758,#16759,#43,12.);
#16761=IFCSTYLEDITEM(#16760,(#16519),$);
#16762=IFCSHAPEREPRESENTATION(#24,'Body','SweptSolid',(#16760));
#16763=IFCWALLSTANDARDCASE('05o6FGHbvAcep$f8mox09n',#6,'Basic Wall:Generic - 8":1244806',$,$,#16751,#16755,'1244806');
#16764=IFCMATERIALLAYERSETUSAGE(#16529,.AXIS2.,.NEGATIVE.,0.33333333333333331);
#16765=IFCPROPERTYSET('1Xdw6dTiOuS8ma8EPNahxW',#6,'Pset_QuantityTakeOff',$,(#16532));
#16766=IFCPROPERTYSINGLEVALUE('Reference',$,IFCLABEL('Generic - 8"'),$);
#16767=IFCPROPERTYSET('3ma9NTpvG5FS4cuPg2WERe',#6,'Pset_ReinforcementBarPitchOfWall',$,(#16766));
#16768=IFCPROPERTYSET('2o3J_gVsT4SUI7V29$E_NJ',#6,'Pset_WallCommon',$,(#78,#79,#80,#16532));
#16769=IFCRELDEFINESBYPROPERTIES('16YdJ0Ns4Yd4BtXq5$Ftvu',#6,$,$,(#16763),#16765);
#16770=IFCRELDEFINESBYPROPERTIES('1jonbucTju3obE1cRyfGMT',#6,$,$,(#16763),#16767);
#16771=IFCRELDEFINESBYPROPERTIES('1KpFgZUH1dnUskhlk623AF',#6,$,$,(#16763),#16768);
#16772=IFCCARTESIANPOINT((-40.268853115760045,18.477688655749333,0.));
#16773=IFCAXIS2PLACEMENT3D(#16772,#43,#97);
#16774=IFCLOCALPLACEMENT(#33,#16773);
#16775=IFCCARTESIANPOINT((20.,0.));
#16776=IFCPOLYLINE((#47,#16775));
#16777=IFCSHAPEREPRESENTATION(#23,'Axis','Curve2D',(#16776));
#16778=IFCPRODUCTDEFINITIONSHAPE($,$,(#16777,#16785));
#16779=IFCCARTESIANPOINT((10.000000000000002,1.6653345369377348E-15));
#16780=IFCAXIS2PLACEMENT2D(#16779,#53);
#16781=IFCRECTANGLEPROFILEDEF(.AREA.,$,#16780,20.000000000000004,0.6666666666666714);
#16782=IFCAXIS2PLACEMENT3D(#19,$,$);
#16783=IFCEXTRUDEDAREASOLID(#16781,#16782,#43,12.);
#16784=IFCSTYLEDITEM(#16783,(#16519),$);
#16785=IFCSHAPEREPRESENTATION(#24,'Body','SweptSolid',(#16783));
#16786=IFCWALLSTANDARDCASE('05o6FGHbvAcep$f8mox08R',#6,'Basic Wall:Generic - 8":1244908',$,$,#16774,#16778,'1244908');
#16787=IFCMATERIALLAYERSETUSAGE(#16529,.AXIS2.,.POSITIVE.,-0.33333333333333331);
#16788=IFCPROPERTYSET('39ueC3XKeKMHJZ3HB_e6Y7',#6,'Pset_QuantityTakeOff',$,(#16532));
#16789=IFCPROPERTYSINGLEVALUE('Reference',$,IFCLABEL('Generic - 8"'),$);
#16790=IFCPROPERTYSET('0bh6QYShWMpCjSqvxvRZqG',#6,'Pset_ReinforcementBarPitchOfWall',$,(#16789));
#16791=IFCPROPERTYSET('16Mkz6yFBHhCgSLqyV$$pf',#6,'Pset_WallCommon',$,(#78,#79,#80,#16532));
#16792=IFCRELDEFINESBYPROPERTIES('3Hmi982vmDsztTQq5kgmG4',#6,$,$,(#16786),#16788);
#16793=IFCRELDEFINESBYPROPERTIES('3mYqZllcCqde4nC17wUvGG',#6,$,$,(#16786),#16790);
#16794=IFCRELDEFINESBYPROPERTIES('18xHpt0FSTiZeWZCoftm14',#6,$,$,(#16786),#16791);
#16795=IFCCARTESIANPOINT((-22.268853115760134,-19.355644677584099,0.));
#16796=IFCAXIS2PLACEMENT3D(#16795,#43,#97);
#16797=IFCLOCALPLACEMENT(#33,#16796);
#16798=IFCCARTESIANPOINT((10.666666666666568,-0.));
#16799=IFCPOLYLINE((#47,#16798));
#16800=IFCSHAPEREPRESENTATION(#23,'Axis','Curve2D',(#16799));
#16801=IFCPRODUCTDEFINITIONSHAPE($,$,(#16800,#16808));
#16802=IFCCARTESIANPOINT((5.3333333333332842,-5.5511151231257827E-17));
#16803=IFCAXIS2PLACEMENT2D(#16802,#53);
#16804=IFCRECTANGLEPROFILEDEF(.AREA.,$,#16803,10.666666666666568,0.6666666666666643);
#16805=IFCAXIS2PLACEMENT3D(#19,$,$);
#16806=IFCEXTRUDEDAREASOLID(#16804,#16805,#43,12.);
#16807=IFCSTYLEDITEM(#16806,(#16519),$);
#16808=IFCSHAPEREPRESENTATION(#24,'Body','SweptSolid',(#16806));
#16809=IFCWALLSTANDARDCASE('05o6FGHbvAcep$f8moxVqR',#6,'Basic Wall:Generic - 8":1245676',$,$,#16797,#16801,'1245676');
#16810=IFCMATERIALLAYERSETUSAGE(#16529,.AXIS2.,.POSITIVE.,-0.33333333333333331);
#16811=IFCPROPERTYSET('3PIr_19JbjDpS_OE8lT9O$',#6,'Pset_QuantityTakeOff',$,(#16532));
#16812=IFCPROPERTYSINGLEVALUE('Reference',$,IFCLABEL('Generic - 8"'),$);
#16813=IFCPROPERTYSET('1G$wi9orTNvfS1GDA9DHaO',#6,'Pset_ReinforcementBarPitchOfWall',$,(#16812));
#16814=IFCPROPERTYSET('26T9vjCd29HjLNuvFMsVzo',#6,'Pset_WallCommon',$,(#78,#79,#80,#16532));
#16815=IFCRELDEFINESBYPROPERTIES('1oIj607KHANl8kj64dC3I6',#6,$,$,(#16809),#16811);
#16816=IFCRELDEFINESBYPROPERTIES('2fsKeJAYwUH2JpjPK_Rh0a',#6,$,$,(#16809),#16813);
#16817=IFCRELDEFINESBYPROPERTIES('0Ail$5xX0tBPtTNyP2BTQc',#6,$,$,(#16809),#16814);
#16818=IFCCARTESIANPOINT((-21.93551978242682,-29.688978010917332,0.));
#16819=IFCAXIS2PLACEMENT3D(#16818,$,$);
#16820=IFCLOCALPLACEMENT(#33,#16819);
#16821=IFCCARTESIANPOINT((10.,0.));
#16822=IFCPOLYLINE((#47,#16821));
#16823=IFCSHAPEREPRESENTATION(#23,'Axis','Curve2D',(#16822));
#16824=IFCPRODUCTDEFINITIONSHAPE($,$,(#16823,#16831));
#16825=IFCCARTESIANPOINT((5.0000000000000009,1.1102230246251565E-16));
#16826=IFCAXIS2PLACEMENT2D(#16825,#53);
#16827=IFCRECTANGLEPROFILEDEF(.AREA.,$,#16826,10.000000000000002,0.6666666666666643);
#16828=IFCAXIS2PLACEMENT3D(#19,$,$);
#16829=IFCEXTRUDEDAREASOLID(#16827,#16828,#43,12.);
#16830=IFCSTYLEDITEM(#16829,(#16519),$);
#16831=IFCSHAPEREPRESENTATION(#24,'Body','SweptSolid',(#16829));
#16832=IFCWALLSTANDARDCASE('05o6FGHbvAcep$f8moxVvl',#6,'Basic Wall:Generic - 8":1245848',$,$,#16820,#16824,'1245848');
#16833=IFCMATERIALLAYERSETUSAGE(#16529,.AXIS2.,.POSITIVE.,-0.33333333333333331);
#16834=IFCPROPERTYSET('0jT46vZccPpUC_X4W3d1as',#6,'Pset_QuantityTakeOff',$,(#16532));
#16835=IFCPROPERTYSINGLEVALUE('Reference',$,IFCLABEL('Generic - 8"'),$);
#16836=IFCPROPERTYSET('2SjVRl3eCFwDQ_lcieYXNf',#6,'Pset_ReinforcementBarPitchOfWall',$,(#16835));
#16837=IFCPROPERTYSET('2Hffw1GmikealL9YJnUSj8',#6,'Pset_WallCommon',$,(#78,#79,#80,#16532));
#16838=IFCRELDEFINESBYPROPERTIES('3Wwu$ULVnDi70jfpjgLvl7',#6,$,$,(#16832),#16834);
#16839=IFCRELDEFINESBYPROPERTIES('0YWFxX76qP3CMofUkVxjt_',#6,$,$,(#16832),#16836);
#16840=IFCRELDEFINESBYPROPERTIES('0zTMHrCgn_ZTs2VR6UTw3_',#6,$,$,(#16832),#16837);
#16841=IFCCARTESIANPOINT((39.533230217573205,-19.355644677584099,0.));
#16842=IFCAXIS2PLACEMENT3D(#16841,#43,#97);
#16843=IFCLOCALPLACEMENT(#33,#16842);
#16844=IFCCARTESIANPOINT((10.833333333333538,-0.));
#16845=IFCPOLYLINE((#47,#16844));
#16846=IFCSHAPEREPRESENTATION(#23,'Axis','Curve2D',(#16845));
#16847=IFCPRODUCTDEFINITIONSHAPE($,$,(#16846,#16854));
#16848=IFCCARTESIANPOINT((5.4166666666667691,-1.1934897514720433E-15));
#16849=IFCAXIS2PLACEMENT2D(#16848,#53);
#16850=IFCRECTANGLEPROFILEDEF(.AREA.,$,#16849,10.833333333333538,0.6666666666666714);
#16851=IFCAXIS2PLACEMENT3D(#19,$,$);
#16852=IFCEXTRUDEDAREASOLID(#16850,#16851,#43,12.);
#16853=IFCSTYLEDITEM(#16852,(#16519),$);
#16854=IFCSHAPEREPRESENTATION(#24,'Body','SweptSolid',(#16852));
#16855=IFCWALLSTANDARDCASE('05o6FGHbvAcep$f8moxVu5',#6,'Basic Wall:Generic - 8":1245938',$,$,#16843,#16847,'1245938');
#16856=IFCMATERIALLAYERSETUSAGE(#16529,.AXIS2.,.POSITIVE.,-0.33333333333333331);
#16857=IFCPROPERTYSET('3Xd2sivT7P0CEVh9zpDH5b',#6,'Pset_QuantityTakeOff',$,(#16532));
#16858=IFCPROPERTYSINGLEVALUE('Reference',$,IFCLABEL('Generic - 8"'),$);
#16859=IFCPROPERTYSET('0mCCZZg953lyIS$P6_1nyA',#6,'Pset_ReinforcementBarPitchOfWall',$,(#16858));
#16860=IFCPROPERTYSET('2BCizmRu84p$8cliw1umJm',#6,'Pset_WallCommon',$,(#78,#79,#80,#16532));
#16861=IFCRELDEFINESBYPROPERTIES('1SQAoohoW3CXDMJY89YQVZ',#6,$,$,(#16855),#16857);
#16862=IFCRELDEFINESBYPROPERTIES('2uZepgnUFqtNf8keqGrqv6',#6,$,$,(#16855),#16859);
#16863=IFCRELDEFINESBYPROPERTIES('2O0kiivOOdVFVwecwOSyau',#6,$,$,(#16855),#16860);
#16864=IFCCARTESIANPOINT((-11.602186449093471,-19.355644677584099,0.));
#16865=IFCAXIS2PLACEMENT3D(#16864,#43,#97);
#16866=IFCLOCALPLACEMENT(#33,#16865);
#16867=IFCCARTESIANPOINT((10.666666666666604,0.));
#16868=IFCPOLYLINE((#47,#16867));
#16869=IFCSHAPEREPRESENTATION(#23,'Axis','Curve2D',(#16868));
#16870=IFCPRODUCTDEFINITIONSHAPE($,$,(#16869,#16877));
#16871=IFCCARTESIANPOINT((5.333333333333302,3.8857805861880479E-16));
#16872=IFCAXIS2PLACEMENT2D(#16871,#53);
#16873=IFCRECTANGLEPROFILEDEF(.AREA.,$,#16872,10.666666666666604,0.66666666666666785);
#16874=IFCAXIS2PLACEMENT3D(#19,$,$);
#16875=IFCEXTRUDEDAREASOLID(#16873,#16874,#43,12.);
#16876=IFCSTYLEDITEM(#16875,(#16519),$);
#16877=IFCSHAPEREPRESENTATION(#24,'Body','SweptSolid',(#16875));
#16878=IFCWALLSTANDARDCASE('05o6FGHbvAcep$f8moxVk8',#6,'Basic Wall:Generic - 8":1247103',$,$,#16866,#16870,'1247103');
#16879=IFCMATERIALLAYERSETUSAGE(#16529,.AXIS2.,.NEGATIVE.,0.33333333333333331);
#16880=IFCPROPERTYSET('3BdN7b66YOv_xh72VUUDjq',#6,'Pset_QuantityTakeOff',$,(#16532));
#16881=IFCPROPERTYSINGLEVALUE('Reference',$,IFCLABEL('Generic - 8"'),$);
#16882=IFCPROPERTYSET('3who2agNw21jc2pDB7y__d',#6,'Pset_ReinforcementBarPitchOfWall',$,(#16881));
#16883=IFCPROPERTYSET('2eVBV6vaL8Ea0lG2cZHyEq',#6,'Pset_WallCommon',$,(#78,#79,#80,#16532));
#16884=IFCRELDEFINESBYPROPERTIES('0YReTvAtkYrLvC$FN8GPKq',#6,$,$,(#16878),#16880);
#16885=IFCRELDEFINESBYPROPERTIES('2UxFQ2U4zTZJck3Bi$WNFf',#6,$,$,(#16878),#16882);
#16886=IFCRELDEFINESBYPROPERTIES('3IaG0OH5ZiFj$eJ8WPFTgN',#6,$,$,(#16878),#16883);
#16887=IFCCARTESIANPOINT((39.86656355090652,-29.855644677584301,0.));
#16888=IFCAXIS2PLACEMENT3D(#16887,$,$);
#16889=IFCLOCALPLACEMENT(#33,#16888);
#16890=IFCCARTESIANPOINT((10.302083333333329,0.));
#16891=IFCPOLYLINE((#47,#16890));
#16892=IFCSHAPEREPRESENTATION(#23,'Axis','Curve2D',(#16891));
#16893=IFCPRODUCTDEFINITIONSHAPE($,$,(#16892,#16900));
#16894=IFCCARTESIANPOINT((5.1510416666666643,-1.1102230246251565E-15));
#16895=IFCAXIS2PLACEMENT2D(#16894,#53);
#16896=IFCRECTANGLEPROFILEDEF(.AREA.,$,#16895,10.302083333333329,0.6666666666666643);
#16897=IFCAXIS2PLACEMENT3D(#19,$,$);
#16898=IFCEXTRUDEDAREASOLID(#16896,#16897,#43,12.);
#16899=IFCSTYLEDITEM(#16898,(#16519),$);
#16900=IFCSHAPEREPRESENTATION(#24,'Body','SweptSolid',(#16898));
#16901=IFCWALLSTANDARDCASE('05o6FGHbvAcep$f8moxVIq',#6,'Basic Wall:Generic - 8":1247299',$,$,#16889,#16893,'1247299');
#16902=IFCMATERIALLAYERSETUSAGE(#16529,.AXIS2.,.NEGATIVE.,0.33333333333333331);
#16903=IFCPROPERTYSET('12Jii84P1RzpsEbEEqfGfm',#6,'Pset_QuantityTakeOff',$,(#16532));
#16904=IFCPROPERTYSINGLEVALUE('Reference',$,IFCLABEL('Generic - 8"'),$);
#16905=IFCPROPERTYSET('2Aeq1f0RV_rytarHFA9q5s',#6,'Pset_ReinforcementBarPitchOfWall',$,(#16904));
#16906=IFCPROPERTYSET('0WC6HnZDau_skBCgDohtNU',#6,'Pset_WallCommon',$,(#78,#79,#80,#16532));
#16907=IFCRELDEFINESBYPROPERTIES('25uzpP3xoawLmpqtQgmJtn',#6,$,$,(#16901),#16903);
#16908=IFCRELDEFINESBYPROPERTIES('3Q7ZPU0VJR2tDeAB2YMIjJ',#6,$,$,(#16901),#16905);
#16909=IFCRELDEFINESBYPROPERTIES('3bxfGtYFRNciToeNq1CA7m',#6,$,$,(#16901),#16906);
#16910=IFCCARTESIANPOINT((-7.6021864490933675,37.250715728084288,0.));
#16911=IFCAXIS2PLACEMENT3D(#16910,#43,#97);
#16912=IFCLOCALPLACEMENT(#33,#16911);
#16913=IFCCARTESIANPOINT((10.666666666666636,0.));
#16914=IFCPOLYLINE((#47,#16913));
#16915=IFCSHAPEREPRESENTATION(#23,'Axis','Curve2D',(#16914));
#16916=IFCPRODUCTDEFINITIONSHAPE($,$,(#16915,#16923));
#16917=IFCCARTESIANPOINT((5.3333333333333179,5.5511151231257827E-17));
#16918=IFCAXIS2PLACEMENT2D(#16917,#53);
#16919=IFCRECTANGLEPROFILEDEF(.AREA.,$,#16918,10.666666666666636,0.66666666666666607);
#16920=IFCAXIS2PLACEMENT3D(#19,$,$);
#16921=IFCEXTRUDEDAREASOLID(#16919,#16920,#43,12.);
#16922=IFCSTYLEDITEM(#16921,(#16519),$);
#16923=IFCSHAPEREPRESENTATION(#24,'Body','SweptSolid',(#16921));
#16924=IFCWALLSTANDARDCASE('05o6FGHbvAcep$f8moxVNa',#6,'Basic Wall:Generic - 8":1247507',$,$,#16912,#16916,'1247507');
#16925=IFCMATERIALLAYERSETUSAGE(#16529,.AXIS2.,.POSITIVE.,-0.33333333333333331);
#16926=IFCPROPERTYSET('1OLPojDDw58XIWPX5OB0ox',#6,'Pset_QuantityTakeOff',$,(#16532));
#16927=IFCPROPERTYSINGLEVALUE('Reference',$,IFCLABEL('Generic - 8"'),$);
#16928=IFCPROPERTYSET('0vE0dyMFCfo6vvD$$04FaH',#6,'Pset_ReinforcementBarPitchOfWall',$,(#16927));
#16929=IFCPROPERTYSET('1p0ftDq9R_lrH2HP$QWjGs',#6,'Pset_WallCommon',$,(#78,#79,#80,#16532));
#16930=IFCRELDEFINESBYPROPERTIES('0_w9TMoi04Xrs3TrACMXbl',#6,$,$,(#16924),#16926);
#16931=IFCRELDEFINESBYPROPERTIES('0fW5rX3BgK6D_P01CnsxDA',#6,$,$,(#16924),#16928);
#16932=IFCRELDEFINESBYPROPERTIES('3QgKb6jB7pjGfY7gKDxVd7',#6,$,$,(#16924),#16929);
#16933=IFCCARTESIANPOINT((3.0644802175733052,37.250715728084252,0.));
#16934=IFCAXIS2PLACEMENT3D(#16933,#43,#97);
#16935=IFCLOCALPLACEMENT(#33,#16934);
#16936=IFCCARTESIANPOINT((10.6666666666666,-0.));
#16937=IFCPOLYLINE((#47,#16936));
#16938=IFCSHAPEREPRESENTATION(#23,'Axis','Curve2D',(#16937));
#16939=IFCPRODUCTDEFINITIONSHAPE($,$,(#16938,#16946));
#16940=IFCCARTESIANPOINT((5.3333333333333002,-1.1102230246251565E-16));
#16941=IFCAXIS2PLACEMENT2D(#16940,#53);
#16942=IFCRECTANGLEPROFILEDEF(.AREA.,$,#16941,10.6666666666666,0.66666666666666696);
#16943=IFCAXIS2PLACEMENT3D(#19,$,$);
#16944=IFCEXTRUDEDAREASOLID(#16942,#16943,#43,12.);
#16945=IFCSTYLEDITEM(#16944,(#16519),$);
#16946=IFCSHAPEREPRESENTATION(#24,'Body','SweptSolid',(#16944));
#16947=IFCWALLSTANDARDCASE('05o6FGHbvAcep$f8moxVLd',#6,'Basic Wall:Generic - 8":1247632',$,$,#16935,#16939,'1247632');
#16948=IFCMATERIALLAYERSETUSAGE(#16529,.AXIS2.,.NEGATIVE.,0.33333333333333331);
#16949=IFCPROPERTYSET('0bOcXH_vfZpnUH7BMmjqrr',#6,'Pset_QuantityTakeOff',$,(#16532));
#16950=IFCPROPERTYSINGLEVALUE('Reference',$,IFCLABEL('Generic - 8"'),$);
#16951=IFCPROPERTYSET('2BWxF0P_NP7SAkil8GQ7HT',#6,'Pset_ReinforcementBarPitchOfWall',$,(#16950));
#16952=IFCPROPERTYSET('2en7$hJw52wwALerQ2UKis',#6,'Pset_WallCommon',$,(#78,#79,#80,#16532));
#16953=IFCRELDEFINESBYPROPERTIES('3Hjr5hV2WCksxPkHB778t$',#6,$,$,(#16947),#16949);
#16954=IFCRELDEFINESBYPROPERTIES('2ZIvWwMAFEaaK6TuJxYd$X',#6,$,$,(#16947),#16951);
#16955=IFCRELDEFINESBYPROPERTIES('2ONe87ITUCnzGqc2Zvj1fV',#6,$,$,(#16947),#16952);
#16956=IFCCARTESIANPOINT((-7.2688531157600345,36.917382394750952,0.));
#16957=IFCAXIS2PLACEMENT3D(#16956,$,$);
#16958=IFCLOCALPLACEMENT(#33,#16957);
#16959=IFCCARTESIANPOINT((10.,-0.));
#16960=IFCPOLYLINE((#47,#16959));
#16961=IFCSHAPEREPRESENTATION(#23,'Axis','Curve2D',(#16960));
#16962=IFCPRODUCTDEFINITIONSHAPE($,$,(#16961,#16969));
#16963=IFCCARTESIANPOINT((5.0000000000000018,-1.3045120539345589E-15));
#16964=IFCAXIS2PLACEMENT2D(#16963,#53);
#16965=IFCRECTANGLEPROFILEDEF(.AREA.,$,#16964,10.000000000000004,0.6666666666666714);
#16966=IFCAXIS2PLACEMENT3D(#19,$,$);
#16967=IFCEXTRUDEDAREASOLID(#16965,#16966,#43,12.);
#16968=IFCSTYLEDITEM(#16967,(#16519),$);
#16969=IFCSHAPEREPRESENTATION(#24,'Body','SweptSolid',(#16967));
#16970=IFCWALLSTANDARDCASE('05o6FGHbvAcep$f8moxVPj',#6,'Basic Wall:Generic - 8":1247898',$,$,#16958,#16962,'1247898');
#16971=IFCMATERIALLAYERSETUSAGE(#16529,.AXIS2.,.NEGATIVE.,0.33333333333333331);
#16972=IFCPROPERTYSET('3JmG4hIFbft6ExYsDk1p8r',#6,'Pset_QuantityTakeOff',$,(#16532));
#16973=IFCPROPERTYSINGLEVALUE('Reference',$,IFCLABEL('Generic - 8"'),$);
#16974=IFCPROPERTYSET('1s8og_cvlHyRmV02cAgbGn',#6,'Pset_ReinforcementBarPitchOfWall',$,(#16973));
#16975=IFCPROPERTYSET('2$baiDkfIZ0eEDfMPASHjh',#6,'Pset_WallCommon',$,(#78,#79,#80,#16532));
#16976=IFCRELDEFINESBYPROPERTIES('0$y_pomrPZ1I46ZcFruHku',#6,$,$,(#16970),#16972);
#16977=IFCRELDEFINESBYPROPERTIES('1qKBF0IG8LlyDYgVK3K4Fl',#6,$,$,(#16970),#16974);
#16978=IFCRELDEFINESBYPROPERTIES('1DW$WLVMlpHnQTqWbbomxD',#6,$,$,(#16970),#16975);
#16979=IFCCARTESIANPOINT((30.231146884239955,36.917382394750966,0.));
#16980=IFCAXIS2PLACEMENT3D(#16979,$,$);
#16981=IFCLOCALPLACEMENT(#33,#16980);
#16982=IFCCARTESIANPOINT((10.,-0.));
#16983=IFCPOLYLINE((#47,#16982));
#16984=IFCSHAPEREPRESENTATION(#23,'Axis','Curve2D',(#16983));
#16985=IFCPRODUCTDEFINITIONSHAPE($,$,(#16984,#16992));
#16986=IFCCARTESIANPOINT((4.9999999999999964,-1.7486012637846216E-15));
#16987=IFCAXIS2PLACEMENT2D(#16986,#53);
#16988=IFCRECTANGLEPROFILEDEF(.AREA.,$,#16987,9.9999999999999929,0.6666666666666714);
#16989=IFCAXIS2PLACEMENT3D(#19,$,$);
#16990=IFCEXTRUDEDAREASOLID(#16988,#16989,#43,12.);
#16991=IFCSTYLEDITEM(#16990,(#16519),$);
#16992=IFCSHAPEREPRESENTATION(#24,'Body','SweptSolid',(#16990));
#16993=IFCWALLSTANDARDCASE('05o6FGHbvAcep$f8moxVVT',#6,'Basic Wall:Generic - 8":1248042',$,$,#16981,#16985,'1248042');
#16994=IFCMATERIALLAYERSETUSAGE(#16529,.AXIS2.,.NEGATIVE.,0.33333333333333331);
#16995=IFCPROPERTYSET('0hg44ViJUCwpmRR19kI6co',#6,'Pset_QuantityTakeOff',$,(#16532));
#16996=IFCPROPERTYSINGLEVALUE('Reference',$,IFCLABEL('Generic - 8"'),$);
#16997=IFCPROPERTYSET('2NE0NO8cLSjw7FgXofYRDi',#6,'Pset_ReinforcementBarPitchOfWall',$,(#16996));
#16998=IFCPROPERTYSET('2aDX9E7X2VHk6EqgwQU80x',#6,'Pset_WallCommon',$,(#78,#79,#80,#16532));
#16999=IFCRELDEFINESBYPROPERTIES('3Fbtjf0$5WYTTjBBbdK6ui',#6,$,$,(#16993),#16995);
#17000=IFCRELDEFINESBYPROPERTIES('2zRURX91vbDs6nJIbEPxRV',#6,$,$,(#16993),#16997);
#17001=IFCRELDEFINESBYPROPERTIES('3Cped6oi$rbAq98JdWSRvX',#6,$,$,(#16993),#16998);
#17002=IFCCARTESIANPOINT((-50.935519782426709,26.584049061417737,0.));
#17003=IFCAXIS2PLACEMENT3D(#17002,#43,#44);
#17004=IFCLOCALPLACEMENT(#33,#17003);
#17005=IFCCARTESIANPOINT((10.666666666666671,0.));
#17006=IFCPOLYLINE((#47,#17005));
#17007=IFCSHAPEREPRESENTATION(#23,'Axis','Curve2D',(#17006));
#17008=IFCPRODUCTDEFINITIONSHAPE($,$,(#17007,#17015));
#17009=IFCCARTESIANPOINT((5.3333333333333357,4.7184478546569153E-16));
#17010=IFCAXIS2PLACEMENT2D(#17009,#53);
#17011=IFCRECTANGLEPROFILEDEF(.AREA.,$,#17010,10.666666666666671,0.6666666666666714);
#17012=IFCAXIS2PLACEMENT3D(#19,$,$);
#17013=IFCEXTRUDEDAREASOLID(#17011,#17012,#43,12.);
#17014=IFCSTYLEDITEM(#17013,(#16519),$);
#17015=IFCSHAPEREPRESENTATION(#24,'Body','SweptSolid',(#17013));
#17016=IFCWALLSTANDARDCASE('05o6FGHbvAcep$f8moxV7w',#6,'Basic Wall:Generic - 8":1248525',$,$,#17004,#17008,'1248525');
#17017=IFCMATERIALLAYERSETUSAGE(#16529,.AXIS2.,.NEGATIVE.,0.33333333333333331);
#17018=IFCPROPERTYSET('2dxK4qCuvnDLYdz5qfm4rm',#6,'Pset_QuantityTakeOff',$,(#16532));
#17019=IFCPROPERTYSINGLEVALUE('Reference',$,IFCLABEL('Generic - 8"'),$);
#17020=IFCPROPERTYSET('0yvH5litY3JMtq$TdRJ5sl',#6,'Pset_ReinforcementBarPitchOfWall',$,(#17019));
#17021=IFCPROPERTYSET('3Nj6Qk7gjapxOD_zgiI$R9',#6,'Pset_WallCommon',$,(#78,#79,#80,#16532));
#17022=IFCRELDEFINESBYPROPERTIES('0t2hpOAKilUglht5lPtyJp',#6,$,$,(#17016),#17018);
#17023=IFCRELDEFINESBYPROPERTIES('0NQyErPLp2aPws_AZ_SVh_',#6,$,$,(#17016),#17020);
#17024=IFCRELDEFINESBYPROPERTIES('0l70vXw5ANQKN0LrsyZOxY',#6,$,$,(#17016),#17021);
#17025=IFCCARTESIANPOINT((-50.602186449093367,36.917382394751073,0.));
#17026=IFCAXIS2PLACEMENT3D(#17025,$,$);
#17027=IFCLOCALPLACEMENT(#33,#17026);
#17028=IFCCARTESIANPOINT((10.,-0.));
#17029=IFCPOLYLINE((#47,#17028));
#17030=IFCSHAPEREPRESENTATION(#23,'Axis','Curve2D',(#17029));
#17031=IFCPRODUCTDEFINITIONSHAPE($,$,(#17030,#17038));
#17032=IFCCARTESIANPOINT((5.,-1.3600232051658168E-15));
#17033=IFCAXIS2PLACEMENT2D(#17032,#53);
#17034=IFCRECTANGLEPROFILEDEF(.AREA.,$,#17033,10.,0.6666666666666714);
#17035=IFCAXIS2PLACEMENT3D(#19,$,$);
#17036=IFCEXTRUDEDAREASOLID(#17034,#17035,#43,12.);
#17037=IFCSTYLEDITEM(#17036,(#16519),$);
#17038=IFCSHAPEREPRESENTATION(#24,'Body','SweptSolid',(#17036));
#17039=IFCWALLSTANDARDCASE('05o6FGHbvAcep$f8moxV5i',#6,'Basic Wall:Generic - 8":1248667',$,$,#17027,#17031,'1248667');
#17040=IFCMATERIALLAYERSETUSAGE(#16529,.AXIS2.,.POSITIVE.,-0.33333333333333331);
#17041=IFCPROPERTYSET('2L6kGn8nY00h$rtQjDiv81',#6,'Pset_QuantityTakeOff',$,(#16532));
#17042=IFCPROPERTYSINGLEVALUE('Reference',$,IFCLABEL('Generic - 8"'),$);
#17043=IFCPROPERTYSET('3xtpzfZT1xCOpYHzg77o2A',#6,'Pset_ReinforcementBarPitchOfWall',$,(#17042));
#17044=IFCPROPERTYSET('3Ds8p__NJKHQQ9IurR5wYM',#6,'Pset_WallCommon',$,(#78,#79,#80,#16532));
#17045=IFCRELDEFINESBYPROPERTIES('30CtvA1dcieZceo3iZYviq',#6,$,$,(#17039),#17041);
#17046=IFCRELDEFINESBYPROPERTIES('1An1coA$SYGKj5KycGptHi',#6,$,$,(#17039),#17043);
#17047=IFCRELDEFINESBYPROPERTIES('01q_z2zA2nXO4VwJVMfjCM',#6,$,$,(#17039),#17044);
#17048=IFCCARTESIANPOINT((50.16864688423999,-3.5223113442508707,0.));
#17049=IFCAXIS2PLACEMENT3D(#17048,$,$);
#17050=IFCLOCALPLACEMENT(#33,#17049);
#17051=IFCCARTESIANPOINT((35.817708333333513,0.));
#17052=IFCPOLYLINE((#47,#17051));
#17053=IFCSHAPEREPRESENTATION(#23,'Axis','Curve2D',(#17052));
#17054=IFCPRODUCTDEFINITIONSHAPE($,$,(#17053,#17061));
#17055=IFCCARTESIANPOINT((17.908854166666757,-1.3877787807814457E-16));
#17056=IFCAXIS2PLACEMENT2D(#17055,#53);
#17057=IFCRECTANGLEPROFILEDEF(.AREA.,$,#17056,35.817708333333513,0.63541666666666696);
#17058=IFCAXIS2PLACEMENT3D(#19,$,$);
#17059=IFCEXTRUDEDAREASOLID(#17057,#17058,#43,12.);
#17060=IFCSTYLEDITEM(#17059,(#61),$);
#17061=IFCSHAPEREPRESENTATION(#24,'Body','SweptSolid',(#17059));
#17062=IFCWALLSTANDARDCASE('1$OMQ8oJ13yg_ewC4wyShX',#6,'Basic Wall:Generic - 8" Masonry:1249127',$,$,#17050,#17054,'1249127');
#17063=IFCMATERIALLAYERSETUSAGE(#71,.AXIS2.,.NEGATIVE.,0.31770833333333331);
#17064=IFCPROPERTYSET('2UO9xS3XfkqmD6I$ojF0Kw',#6,'Pset_QuantityTakeOff',$,(#74));
#17065=IFCPROPERTYSINGLEVALUE('Reference',$,IFCLABEL('Generic - 8" Masonry'),$);
#17066=IFCPROPERTYSET('0bamYEhSsuLYdV7ThCrplM',#6,'Pset_ReinforcementBarPitchOfWall',$,(#17065));
#17067=IFCPROPERTYSET('2izjnDYZAegrDfg9Fncuy$',#6,'Pset_WallCommon',$,(#74,#78,#79,#80));
#17068=IFCRELDEFINESBYPROPERTIES('0e0NtT_NAzViAWDFifvaet',#6,$,$,(#17062),#17064);
#17069=IFCRELDEFINESBYPROPERTIES('31xDJehCXVazcKEYER1aYF',#6,$,$,(#17062),#17066);
#17070=IFCRELDEFINESBYPROPERTIES('10JsI0tQKjG0yx8A41DIky',#6,$,$,(#17062),#17067);
#17071=IFCCARTESIANPOINT((50.168646884239877,3.7797719890824708,0.));
#17072=IFCAXIS2PLACEMENT3D(#17071,$,$);
#17073=IFCLOCALPLACEMENT(#33,#17072);
#17074=IFCCARTESIANPOINT((35.817708333333641,0.));
#17075=IFCPOLYLINE((#47,#17074));
#17076=IFCSHAPEREPRESENTATION(#23,'Axis','Curve2D',(#17075));
#17077=IFCPRODUCTDEFINITIONSHAPE($,$,(#17076,#17084));
#17078=IFCCARTESIANPOINT((17.908854166666821,3.0531133177191805E-16));
#17079=IFCAXIS2PLACEMENT2D(#17078,#129);
#17080=IFCRECTANGLEPROFILEDEF(.AREA.,$,#17079,35.817708333333641,0.63541666666666652);
#17081=IFCAXIS2PLACEMENT3D(#19,$,$);
#17082=IFCEXTRUDEDAREASOLID(#17080,#17081,#43,12.);
#17083=IFCSTYLEDITEM(#17082,(#61),$);
#17084=IFCSHAPEREPRESENTATION(#24,'Body','SweptSolid',(#17082));
#17085=IFCWALLSTANDARDCASE('1$OMQ8oJ13yg_ewC4wyShj',#6,'Basic Wall:Generic - 8" Masonry:1249131',$,$,#17073,#17077,'1249131');
#17086=IFCMATERIALLAYERSETUSAGE(#71,.AXIS2.,.NEGATIVE.,0.31770833333333331);
#17087=IFCPROPERTYSET('3WWy9LZTb_U_2oJWLScIZD',#6,'Pset_QuantityTakeOff',$,(#74));
#17088=IFCPROPERTYSINGLEVALUE('Reference',$,IFCLABEL('Generic - 8" Masonry'),$);
#17089=IFCPROPERTYSET('2dm1WFTK1ci5M55KpBrZeF',#6,'Pset_ReinforcementBarPitchOfWall',$,(#17088));
#17090=IFCPROPERTYSET('1pImonIhmkyEXPOkxaAA$S',#6,'Pset_WallCommon',$,(#74,#78,#79,#80));
#17091=IFCRELDEFINESBYPROPERTIES('1oPtpHVKnOVD_015HJZV7Q',#6,$,$,(#17085),#17087);
#17092=IFCRELDEFINESBYPROPERTIES('3vOurUW5KVdSD8hA_Cz8ft',#6,$,$,(#17085),#17089);
#17093=IFCRELDEFINESBYPROPERTIES('3WsXd4eq1x9Dvqe12xDtv5',#6,$,$,(#17085),#17090);
#17094=IFCCARTESIANPOINT((85.668646884240161,-3.2046030109176589,0.));
#17095=IFCAXIS2PLACEMENT3D(#17094,#43,#44);
#17096=IFCLOCALPLACEMENT(#33,#17095);
#17097=IFCCARTESIANPOINT((6.6666666666666767,-0.));
#17098=IFCPOLYLINE((#47,#17097));
#17099=IFCSHAPEREPRESENTATION(#23,'Axis','Curve2D',(#17098));
#17100=IFCPRODUCTDEFINITIONSHAPE($,$,(#17099,#17107));
#17101=IFCCARTESIANPOINT((3.3333333333333379,-7.716050021144838E-15));
#17102=IFCAXIS2PLACEMENT2D(#17101,#129);
#17103=IFCRECTANGLEPROFILEDEF(.AREA.,$,#17102,6.6666666666666758,0.6354166666666714);
#17104=IFCAXIS2PLACEMENT3D(#19,$,$);
#17105=IFCEXTRUDEDAREASOLID(#17103,#17104,#43,12.);
#17106=IFCSTYLEDITEM(#17105,(#61),$);
#17107=IFCSHAPEREPRESENTATION(#24,'Body','SweptSolid',(#17105));
#17108=IFCWALLSTANDARDCASE('1$OMQ8oJ13yg_ewC4wyShh',#6,'Basic Wall:Generic - 8" Masonry:1249133',$,$,#17096,#17100,'1249133');
#17109=IFCMATERIALLAYERSETUSAGE(#71,.AXIS2.,.NEGATIVE.,0.31770833333333331);
#17110=IFCPROPERTYSET('1RjukiqMafbhBjPpgMGBPy',#6,'Pset_QuantityTakeOff',$,(#74));
#17111=IFCPROPERTYSINGLEVALUE('Reference',$,IFCLABEL('Generic - 8" Masonry'),$);
#17112=IFCPROPERTYSET('2cKgf6ss6VjBAQnIjcPFcG',#6,'Pset_ReinforcementBarPitchOfWall',$,(#17111));
#17113=IFCPROPERTYSET('2VaguaVaKzn5vg4I28U0_0',#6,'Pset_WallCommon',$,(#74,#78,#79,#80));
#17114=IFCRELDEFINESBYPROPERTIES('0yRRTWNUSZiRoz1NsFgHN9',#6,$,$,(#17108),#17110);
#17115=IFCRELDEFINESBYPROPERTIES('3w_uHgrnva1O82tRgg8UBp',#6,$,$,(#17108),#17112);
#17116=IFCRELDEFINESBYPROPERTIES('2h_O1jKE2pIoi1T9IIElj4',#6,$,$,(#17108),#17113);
#17117=IFCMAPPEDITEM(#16390,#8454);
#17118=IFCSHAPEREPRESENTATION(#24,'Body','MappedRepresentation',(#17117));
#17119=IFCPRODUCTDEFINITIONSHAPE($,$,(#17118));
#17120=IFCCARTESIANPOINT((70.850938550906832,-3.2046030109176078,0.));
#17121=IFCAXIS2PLACEMENT3D(#17120,#43,#121);
#17123=IFCDOOR('1$OMQ8oJ13yg_ewC4wyShf',#6,'Door-Passage-Single-Vision_Lite:36" x 84":1249135',$,$,#17732,#17119,'1249135',7.333333333333333,3.3333333333333286);
#17124=IFCPROPERTYSET('3raMAWEEotT$Do2x_lbVmf',#6,'Pset_DoorCommon',$,(#78,#8462));
#17125=IFCPROPERTYSET('1L$0rb$wKQsDaA8ElqWDlN',#6,'Pset_QuantityTakeOff',$,(#8462));
#17126=IFCRELDEFINESBYPROPERTIES('1K$jxLvFQSW2fuNIcGvmGp',#6,$,$,(#17123),#17124);
#17127=IFCRELDEFINESBYPROPERTIES('3aMG_yMzGlgWLvxAQ_Q6Im',#6,$,$,(#17123),#17125);
#17128=IFCMAPPEDITEM(#16390,#8454);
#17129=IFCSHAPEREPRESENTATION(#24,'Body','MappedRepresentation',(#17128));
#17130=IFCPRODUCTDEFINITIONSHAPE($,$,(#17129));
#17131=IFCCARTESIANPOINT((64.986355217573347,3.4620636557490871,0.));
#17132=IFCAXIS2PLACEMENT3D(#17131,$,$);
#17134=IFCDOOR('1$OMQ8oJ13yg_ewC4wyShs',#6,'Door-Passage-Single-Vision_Lite:36" x 84":1249136',$,$,#17762,#17130,'1249136',7.333333333333333,3.3333333333333286);
#17135=IFCPROPERTYSET('2KGLZLNvHXNMZnytube7Zj',#6,'Pset_DoorCommon',$,(#78,#8462));
#17136=IFCPROPERTYSET('27Gs6v7Jlv3N0jilGKkec6',#6,'Pset_QuantityTakeOff',$,(#8462));
#17137=IFCRELDEFINESBYPROPERTIES('21PjDQiDIXBvrfEYfIMxzk',#6,$,$,(#17134),#17135);
#17138=IFCRELDEFINESBYPROPERTIES('0DTDfbShvxhV2MFAWBAVtJ',#6,$,$,(#17134),#17136);
#17139=IFCMAPPEDITEM(#16390,#8454);
#17140=IFCSHAPEREPRESENTATION(#24,'Body','MappedRepresentation',(#17139));
#17141=IFCPRODUCTDEFINITIONSHAPE($,$,(#17140));
#17142=IFCCARTESIANPOINT((68.819688550906662,3.4620636557490738,0.));
#17143=IFCAXIS2PLACEMENT3D(#17142,$,$);
#17145=IFCDOOR('1$OMQ8oJ13yg_ewC4wySht',#6,'Door-Passage-Single-Vision_Lite:36" x 84":1249137',$,$,#17747,#17141,'1249137',7.333333333333333,3.3333333333333286);
#17146=IFCPROPERTYSET('2FOYyCJ0L$E7PonHi1kVvq',#6,'Pset_DoorCommon',$,(#78,#8462));
#17147=IFCPROPERTYSET('0kjb8vGLJ4QvF2p9N3RjBh',#6,'Pset_QuantityTakeOff',$,(#8462));
#17148=IFCRELDEFINESBYPROPERTIES('1s4$MJHpJzkIPI7cQrUzFx',#6,$,$,(#17145),#17146);
#17149=IFCRELDEFINESBYPROPERTIES('0VeFE5de3BOTQF2nDhANNs',#6,$,$,(#17145),#17147);
#17150=IFCMAPPEDITEM(#16390,#8454);
#17151=IFCSHAPEREPRESENTATION(#24,'Body','MappedRepresentation',(#17150));
#17152=IFCPRODUCTDEFINITIONSHAPE($,$,(#17151));
#17153=IFCCARTESIANPOINT((85.350938550906832,1.7953969890823778,0.));
#17154=IFCAXIS2PLACEMENT3D(#17153,#43,#97);
#17156=IFCDOOR('1$OMQ8oJ13yg_ewC4wyShq',#6,'Door-Passage-Single-Vision_Lite:36" x 84":1249138',$,$,#17777,#17152,'1249138',7.333333333333333,3.333333333333333);
#17157=IFCPROPERTYSET('1sV2I8KbKJccAci3Bp9bHG',#6,'Pset_DoorCommon',$,(#78,#8462));
#17158=IFCPROPERTYSET('3LABfTrdNt1KMnew1FAyze',#6,'Pset_QuantityTakeOff',$,(#8462));
#17159=IFCRELDEFINESBYPROPERTIES('1jOrU452LsY7jyF21Y3_x9',#6,$,$,(#17156),#17157);
#17160=IFCRELDEFINESBYPROPERTIES('2raS$_NnE2J8aeV4sItWAG',#6,$,$,(#17156),#17158);
#17161=IFCCARTESIANPOINT((64.001980217573262,-3.8400196775842503,0.));
#17162=IFCAXIS2PLACEMENT3D(#17161,#43,#97);
#17163=IFCLOCALPLACEMENT(#33,#17162);
#17164=IFCCARTESIANPOINT((10.984374999999934,0.));
#17165=IFCPOLYLINE((#47,#17164));
#17166=IFCSHAPEREPRESENTATION(#23,'Axis','Curve2D',(#17165));
#17167=IFCPRODUCTDEFINITIONSHAPE($,$,(#17166,#17174));
#17168=IFCCARTESIANPOINT((5.4921874999999671,-1.5543122344752192E-15));
#17169=IFCAXIS2PLACEMENT2D(#17168,#53);
#17170=IFCRECTANGLEPROFILEDEF(.AREA.,$,#17169,10.984374999999934,0.6666666666666643);
#17171=IFCAXIS2PLACEMENT3D(#19,$,$);
#17172=IFCEXTRUDEDAREASOLID(#17170,#17171,#43,12.);
#17173=IFCSTYLEDITEM(#17172,(#16519),$);
#17174=IFCSHAPEREPRESENTATION(#24,'Body','SweptSolid',(#17172));
#17175=IFCWALLSTANDARDCASE('1$OMQ8oJ13yg_ewC4wyTKV',#6,'Basic Wall:Generic - 8":1249433',$,$,#17163,#17167,'1249433');
#17176=IFCMATERIALLAYERSETUSAGE(#16529,.AXIS2.,.POSITIVE.,-0.33333333333333331);
#17177=IFCPROPERTYSET('0fIRRfTWsZAzID7imQlAWg',#6,'Pset_QuantityTakeOff',$,(#16532));
#17178=IFCPROPERTYSINGLEVALUE('Reference',$,IFCLABEL('Generic - 8"'),$);
#17179=IFCPROPERTYSET('2myoc8nOGM3xrvtFgPlXSS',#6,'Pset_ReinforcementBarPitchOfWall',$,(#17178));
#17180=IFCPROPERTYSET('0bHJXTXeCkdLX_5bvY4tGM',#6,'Pset_WallCommon',$,(#78,#79,#80,#16532));
#17181=IFCRELDEFINESBYPROPERTIES('1wyqqNKTWDlH311$E5PwBF',#6,$,$,(#17175),#17177);
#17182=IFCRELDEFINESBYPROPERTIES('0F7JNIWkdfIz_aHznNl42S',#6,$,$,(#17175),#17179);
#17183=IFCRELDEFINESBYPROPERTIES('2xUG8$$eUBrHjNNdiz6$C3',#6,$,$,(#17175),#17180);
#17184=IFCCARTESIANPOINT((64.335313550906577,-14.491061344250852,0.));
#17185=IFCAXIS2PLACEMENT3D(#17184,$,$);
#17186=IFCLOCALPLACEMENT(#33,#17185);
#17187=IFCCARTESIANPOINT((10.,0.));
#17188=IFCPOLYLINE((#47,#17187));
#17189=IFCSHAPEREPRESENTATION(#23,'Axis','Curve2D',(#17188));
#17190=IFCPRODUCTDEFINITIONSHAPE($,$,(#17189,#17197));
#17191=IFCCARTESIANPOINT((4.9999999999999929,1.1102230246251565E-16));
#17192=IFCAXIS2PLACEMENT2D(#17191,#53);
#17193=IFCRECTANGLEPROFILEDEF(.AREA.,$,#17192,9.9999999999999858,0.66666666666666785);
#17194=IFCAXIS2PLACEMENT3D(#19,$,$);
#17195=IFCEXTRUDEDAREASOLID(#17193,#17194,#43,12.);
#17196=IFCSTYLEDITEM(#17195,(#16519),$);
#17197=IFCSHAPEREPRESENTATION(#24,'Body','SweptSolid',(#17195));
#17198=IFCWALLSTANDARDCASE('1$OMQ8oJ13yg_ewC4wyTKS',#6,'Basic Wall:Generic - 8":1249434',$,$,#17186,#17190,'1249434');
#17199=IFCMATERIALLAYERSETUSAGE(#16529,.AXIS2.,.POSITIVE.,-0.33333333333333331);
#17200=IFCPROPERTYSET('3hTEt20XIjzqkR_EpagoHy',#6,'Pset_QuantityTakeOff',$,(#16532));
#17201=IFCPROPERTYSINGLEVALUE('Reference',$,IFCLABEL('Generic - 8"'),$);
#17202=IFCPROPERTYSET('1d4PcChhwe1sj8H0w00Gjp',#6,'Pset_ReinforcementBarPitchOfWall',$,(#17201));
#17203=IFCPROPERTYSET('2SmgJuxKSi5RwDR4p3ED3A',#6,'Pset_WallCommon',$,(#78,#79,#80,#16532));
#17204=IFCRELDEFINESBYPROPERTIES('2CXKIOGSrFWkFWJP7BaZJT',#6,$,$,(#17198),#17200);
#17205=IFCRELDEFINESBYPROPERTIES('1gl1Fg1DQJJ_uikV$Sdg_N',#6,$,$,(#17198),#17202);
#17206=IFCRELDEFINESBYPROPERTIES('1d8HEkj0UEw44FbvwvMqjS',#6,$,$,(#17198),#17203);
#17207=IFCCARTESIANPOINT((74.668646884239919,-3.8400196775842859,0.));
#17208=IFCAXIS2PLACEMENT3D(#17207,#43,#97);
#17209=IFCLOCALPLACEMENT(#33,#17208);
#17210=IFCCARTESIANPOINT((10.984374999999934,0.));
#17211=IFCPOLYLINE((#47,#17210));
#17212=IFCSHAPEREPRESENTATION(#23,'Axis','Curve2D',(#17211));
#17213=IFCPRODUCTDEFINITIONSHAPE($,$,(#17212,#17220));
#17214=IFCCARTESIANPOINT((5.4921874999999671,1.5265566588595902E-15));
#17215=IFCAXIS2PLACEMENT2D(#17214,#53);
#17216=IFCRECTANGLEPROFILEDEF(.AREA.,$,#17215,10.984374999999934,0.66666666666665719);
#17217=IFCAXIS2PLACEMENT3D(#19,$,$);
#17218=IFCEXTRUDEDAREASOLID(#17216,#17217,#43,12.);
#17219=IFCSTYLEDITEM(#17218,(#16519),$);
#17220=IFCSHAPEREPRESENTATION(#24,'Body','SweptSolid',(#17218));
#17221=IFCWALLSTANDARDCASE('1$OMQ8oJ13yg_ewC4wyTKR',#6,'Basic Wall:Generic - 8":1249437',$,$,#17209,#17213,'1249437');
#17222=IFCMATERIALLAYERSETUSAGE(#16529,.AXIS2.,.NEGATIVE.,0.33333333333333331);
#17223=IFCPROPERTYSET('0byn$nUpr9DMp2_SyzPViJ',#6,'Pset_QuantityTakeOff',$,(#16532));
#17224=IFCPROPERTYSINGLEVALUE('Reference',$,IFCLABEL('Generic - 8"'),$);
#17225=IFCPROPERTYSET('1R8NT2bLrHKaxqHT9s9jVE',#6,'Pset_ReinforcementBarPitchOfWall',$,(#17224));
#17226=IFCPROPERTYSET('0vvGQadoOAkEh_nm_MuIab',#6,'Pset_WallCommon',$,(#78,#79,#80,#16532));
#17227=IFCRELDEFINESBYPROPERTIES('1NK2Js$cklKPqQxQbmZ8yd',#6,$,$,(#17221),#17223);
#17228=IFCRELDEFINESBYPROPERTIES('3xJlx0c6Ai$sQ0nk0XCr5M',#6,$,$,(#17221),#17225);
#17229=IFCRELDEFINESBYPROPERTIES('1drjrASkcWLPlngRUKI6St',#6,$,$,(#17221),#17226);
#17230=IFCCARTESIANPOINT((61.001980217573283,4.0974803224157652,0.));
#17231=IFCAXIS2PLACEMENT3D(#17230,#43,#44);
#17232=IFCLOCALPLACEMENT(#33,#17231);
#17233=IFCCARTESIANPOINT((10.5,0.));
#17234=IFCPOLYLINE((#47,#17233));
#17235=IFCSHAPEREPRESENTATION(#23,'Axis','Curve2D',(#17234));
#17236=IFCPRODUCTDEFINITIONSHAPE($,$,(#17235,#17243));
#17237=IFCCARTESIANPOINT((5.25,1.6653345369377348E-16));
#17238=IFCAXIS2PLACEMENT2D(#17237,#53);
#17239=IFCRECTANGLEPROFILEDEF(.AREA.,$,#17238,10.5,0.6666666666666714);
#17240=IFCAXIS2PLACEMENT3D(#19,$,$);
#17241=IFCEXTRUDEDAREASOLID(#17239,#17240,#43,12.);
#17242=IFCSTYLEDITEM(#17241,(#16519),$);
#17243=IFCSHAPEREPRESENTATION(#24,'Body','SweptSolid',(#17241));
#17244=IFCWALLSTANDARDCASE('1$OMQ8oJ13yg_ewC4wyTG6',#6,'Basic Wall:Generic - 8":1249664',$,$,#17232,#17236,'1249664');
#17245=IFCMATERIALLAYERSETUSAGE(#16529,.AXIS2.,.NEGATIVE.,0.33333333333333331);
#17246=IFCPROPERTYSET('1vwXJeZuf8$uzP_lFAzeYX',#6,'Pset_QuantityTakeOff',$,(#16532));
#17247=IFCPROPERTYSINGLEVALUE('Reference',$,IFCLABEL('Generic - 8"'),$);
#17248=IFCPROPERTYSET('1Ptbqfm684q888O13OZJXX',#6,'Pset_ReinforcementBarPitchOfWall',$,(#17247));
#17249=IFCPROPERTYSET('09ZkNb9YmgJMdc5QRoW368',#6,'Pset_WallCommon',$,(#78,#79,#80,#16532));
#17250=IFCRELDEFINESBYPROPERTIES('3RWz4liskeqd0lkS6oVsNu',#6,$,$,(#17244),#17246);
#17251=IFCRELDEFINESBYPROPERTIES('3EkAVruTqg0WVRHgbPRMR8',#6,$,$,(#17244),#17248);
#17252=IFCRELDEFINESBYPROPERTIES('2GIPpUpUnz5ZyUqfv4kVqY',#6,$,$,(#17244),#17249);
#17253=IFCCARTESIANPOINT((61.335313550906626,14.264146989082432,0.));
#17254=IFCAXIS2PLACEMENT3D(#17253,$,$);
#17255=IFCLOCALPLACEMENT(#33,#17254);
#17256=IFCCARTESIANPOINT((15.499999999999993,0.));
#17257=IFCPOLYLINE((#47,#17256));
#17258=IFCSHAPEREPRESENTATION(#23,'Axis','Curve2D',(#17257));
#17259=IFCPRODUCTDEFINITIONSHAPE($,$,(#17258,#17266));
#17260=IFCCARTESIANPOINT((7.7499999999999964,0.));
#17261=IFCAXIS2PLACEMENT2D(#17260,#53);
#17262=IFCRECTANGLEPROFILEDEF(.AREA.,$,#17261,15.499999999999993,0.66666666666666785);
#17263=IFCAXIS2PLACEMENT3D(#19,$,$);
#17264=IFCEXTRUDEDAREASOLID(#17262,#17263,#43,12.);
#17265=IFCSTYLEDITEM(#17264,(#16519),$);
#17266=IFCSHAPEREPRESENTATION(#24,'Body','SweptSolid',(#17264));
#17267=IFCWALLSTANDARDCASE('1$OMQ8oJ13yg_ewC4wyTHc',#6,'Basic Wall:Generic - 8":1249760',$,$,#17255,#17259,'1249760');
#17268=IFCMATERIALLAYERSETUSAGE(#16529,.AXIS2.,.NEGATIVE.,0.33333333333333331);
#17269=IFCPROPERTYSET('1KEva45FWZH_rjJ3zZPZxh',#6,'Pset_QuantityTakeOff',$,(#16532));
#17270=IFCPROPERTYSINGLEVALUE('Reference',$,IFCLABEL('Generic - 8"'),$);
#17271=IFCPROPERTYSET('2h43GoCehtnSTR9pWsYseo',#6,'Pset_ReinforcementBarPitchOfWall',$,(#17270));
#17272=IFCPROPERTYSET('3qBhcFOrDoQjroO40KujML',#6,'Pset_WallCommon',$,(#78,#79,#80,#16532));
#17273=IFCRELDEFINESBYPROPERTIES('23nU3Vb_fa9GohDbMwsIRU',#6,$,$,(#17267),#17269);
#17274=IFCRELDEFINESBYPROPERTIES('0Aa57d0vzJFIfz8BMG_TXl',#6,$,$,(#17267),#17271);
#17275=IFCRELDEFINESBYPROPERTIES('1LQXkhmd5FsfFjatNj2qac',#6,$,$,(#17267),#17272);
#17276=IFCCARTESIANPOINT((76.501980217573291,13.9308136557491,0.));
#17277=IFCAXIS2PLACEMENT3D(#17276,#43,#97);
#17278=IFCLOCALPLACEMENT(#33,#17277);
#17279=IFCCARTESIANPOINT((9.8333333333333872,-0.));
#17280=IFCPOLYLINE((#47,#17279));
#17281=IFCSHAPEREPRESENTATION(#23,'Axis','Curve2D',(#17280));
#17282=IFCPRODUCTDEFINITIONSHAPE($,$,(#17281,#17289));
#17283=IFCCARTESIANPOINT((4.9166666666666936,0.));
#17284=IFCAXIS2PLACEMENT2D(#17283,#53);
#17285=IFCRECTANGLEPROFILEDEF(.AREA.,$,#17284,9.8333333333333872,0.66666666666665719);
#17286=IFCAXIS2PLACEMENT3D(#19,$,$);
#17287=IFCEXTRUDEDAREASOLID(#17285,#17286,#43,12.);
#17288=IFCSTYLEDITEM(#17287,(#16519),$);
#17289=IFCSHAPEREPRESENTATION(#24,'Body','SweptSolid',(#17287));
#17290=IFCWALLSTANDARDCASE('1$OMQ8oJ13yg_ewC4wyTUO',#6,'Basic Wall:Generic - 8":1249822',$,$,#17278,#17282,'1249822');
#17291=IFCMATERIALLAYERSETUSAGE(#16529,.AXIS2.,.NEGATIVE.,0.33333333333333331);
#17292=IFCPROPERTYSET('2m3f_0frIva_Nun$4uPbvH',#6,'Pset_QuantityTakeOff',$,(#16532));
#17293=IFCPROPERTYSINGLEVALUE('Reference',$,IFCLABEL('Generic - 8"'),$);
#17294=IFCPROPERTYSET('0w3FnXNI47qFUXL20OqQ_W',#6,'Pset_ReinforcementBarPitchOfWall',$,(#17293));
#17295=IFCPROPERTYSET('325u0XoqkQ8qm$54LE0lQj',#6,'Pset_WallCommon',$,(#78,#79,#80,#16532));
#17296=IFCRELDEFINESBYPROPERTIES('3W7O4Rf2S0dzZFauqjnIPO',#6,$,$,(#17290),#17292);
#17297=IFCRELDEFINESBYPROPERTIES('1f4XO3U$KkvXo_COE2cC92',#6,$,$,(#17290),#17294);
#17298=IFCRELDEFINESBYPROPERTIES('1chyrz1EFC$GwlG2yqJExN',#6,$,$,(#17290),#17295);
#17299=IFCCARTESIANPOINT((85.986355217573518,3.7641469890823482,0.));
#17300=IFCAXIS2PLACEMENT3D(#17299,$,$);
#17301=IFCLOCALPLACEMENT(#33,#17300);
#17302=IFCCARTESIANPOINT((9.5,0.));
#17303=IFCPOLYLINE((#47,#17302));
#17304=IFCSHAPEREPRESENTATION(#23,'Axis','Curve2D',(#17303));
#17305=IFCPRODUCTDEFINITIONSHAPE($,$,(#17304,#17312));
#17306=IFCCARTESIANPOINT((4.75,5.5511151231257827E-17));
#17307=IFCAXIS2PLACEMENT2D(#17306,#53);
#17308=IFCRECTANGLEPROFILEDEF(.AREA.,$,#17307,9.5,0.66666666666666696);
#17309=IFCAXIS2PLACEMENT3D(#19,$,$);
#17310=IFCEXTRUDEDAREASOLID(#17308,#17309,#43,12.);
#17311=IFCSTYLEDITEM(#17310,(#16519),$);
#17312=IFCSHAPEREPRESENTATION(#24,'Body','SweptSolid',(#17310));
#17313=IFCWALLSTANDARDCASE('1$OMQ8oJ13yg_ewC4wyTV8',#6,'Basic Wall:Generic - 8":1249870',$,$,#17301,#17305,'1249870');
#17314=IFCMATERIALLAYERSETUSAGE(#16529,.AXIS2.,.NEGATIVE.,0.33333333333333331);
#17315=IFCPROPERTYSET('2t_7kHv6xcAW8V_4AJNOtG',#6,'Pset_QuantityTakeOff',$,(#16532));
#17316=IFCPROPERTYSINGLEVALUE('Reference',$,IFCLABEL('Generic - 8"'),$);
#17317=IFCPROPERTYSET('25Nk96xNHdgD14GFZX0zmr',#6,'Pset_ReinforcementBarPitchOfWall',$,(#17316));
#17318=IFCPROPERTYSET('3AmgpMsY2z3hDfJbWoHp0F',#6,'Pset_WallCommon',$,(#78,#79,#80,#16532));
#17319=IFCRELDEFINESBYPROPERTIES('2WSJyp2a5n$khhN$oK9H9K',#6,$,$,(#17313),#17315);
#17320=IFCRELDEFINESBYPROPERTIES('2of4VElOQKNASm2llg7AJR',#6,$,$,(#17313),#17317);
#17321=IFCRELDEFINESBYPROPERTIES('00PIBnFV1ZWuW5fsnBjyD7',#6,$,$,(#17313),#17318);
#17322=IFCCARTESIANPOINT((95.153021884240189,3.4308136557489868,0.));
#17323=IFCAXIS2PLACEMENT3D(#17322,#43,#97);
#17324=IFCLOCALPLACEMENT(#33,#17323);
#17325=IFCCARTESIANPOINT((9.2500000000000639,-0.));
#17326=IFCPOLYLINE((#47,#17325));
#17327=IFCSHAPEREPRESENTATION(#23,'Axis','Curve2D',(#17326));
#17328=IFCPRODUCTDEFINITIONSHAPE($,$,(#17327,#17335));
#17329=IFCCARTESIANPOINT((4.6250000000000329,-2.4980018054066022E-16));
#17330=IFCAXIS2PLACEMENT2D(#17329,#53);
#17331=IFCRECTANGLEPROFILEDEF(.AREA.,$,#17330,9.2500000000000657,0.66666666666665719);
#17332=IFCAXIS2PLACEMENT3D(#19,$,$);
#17333=IFCEXTRUDEDAREASOLID(#17331,#17332,#43,12.);
#17334=IFCSTYLEDITEM(#17333,(#16519),$);
#17335=IFCSHAPEREPRESENTATION(#24,'Body','SweptSolid',(#17333));
#17336=IFCWALLSTANDARDCASE('1$OMQ8oJ13yg_ewC4wyTSl',#6,'Basic Wall:Generic - 8":1249961',$,$,#17324,#17328,'1249961');
#17337=IFCMATERIALLAYERSETUSAGE(#16529,.AXIS2.,.NEGATIVE.,0.33333333333333331);
#17338=IFCPROPERTYSET('08xQgmv8H7fzQqeiuYipCZ',#6,'Pset_QuantityTakeOff',$,(#16532));
#17339=IFCPROPERTYSINGLEVALUE('Reference',$,IFCLABEL('Generic - 8"'),$);
#17340=IFCPROPERTYSET('0U8R3tvuXZ9X8navoXJS0V',#6,'Pset_ReinforcementBarPitchOfWall',$,(#17339));
#17341=IFCPROPERTYSET('3vSB2s22aTs925O5QS$OnB',#6,'Pset_WallCommon',$,(#78,#79,#80,#16532));
#17342=IFCRELDEFINESBYPROPERTIES('22GzZdaCbPMetxp7yNHni1',#6,$,$,(#17336),#17338);
#17343=IFCRELDEFINESBYPROPERTIES('1DTIU$B5K4iWcFpS2cZdi6',#6,$,$,(#17336),#17340);
#17344=IFCRELDEFINESBYPROPERTIES('0HQgqMLlA_eFqLqX0U9WtM',#6,$,$,(#17336),#17341);
#17345=IFCCARTESIANPOINT((94.819688550906832,-5.4858530109177437,0.));
#17346=IFCAXIS2PLACEMENT3D(#17345,#43,#121);
#17347=IFCLOCALPLACEMENT(#33,#17346);
#17348=IFCCARTESIANPOINT((9.5,0.));
#17349=IFCPOLYLINE((#47,#17348));
#17350=IFCSHAPEREPRESENTATION(#23,'Axis','Curve2D',(#17349));
#17351=IFCPRODUCTDEFINITIONSHAPE($,$,(#17350,#17358));
#17352=IFCCARTESIANPOINT((4.75,1.1102230246251565E-16));
#17353=IFCAXIS2PLACEMENT2D(#17352,#53);
#17354=IFCRECTANGLEPROFILEDEF(.AREA.,$,#17353,9.5,0.66666666666666607);
#17355=IFCAXIS2PLACEMENT3D(#19,$,$);
#17356=IFCEXTRUDEDAREASOLID(#17354,#17355,#43,12.);
#17357=IFCSTYLEDITEM(#17356,(#16519),$);
#17358=IFCSHAPEREPRESENTATION(#24,'Body','SweptSolid',(#17356));
#17359=IFCWALLSTANDARDCASE('1$OMQ8oJ13yg_ewC4wyTTT',#6,'Basic Wall:Generic - 8":1250011',$,$,#17347,#17351,'1250011');
#17360=IFCMATERIALLAYERSETUSAGE(#16529,.AXIS2.,.NEGATIVE.,0.33333333333333331);
#17361=IFCPROPERTYSET('1PXar73xKYCNTPKVJjVmqA',#6,'Pset_QuantityTakeOff',$,(#16532));
#17362=IFCPROPERTYSINGLEVALUE('Reference',$,IFCLABEL('Generic - 8"'),$);
#17363=IFCPROPERTYSET('18vM8sG1dhaG6PBgp$yZTZ',#6,'Pset_ReinforcementBarPitchOfWall',$,(#17362));
#17364=IFCPROPERTYSET('3PRy8T_GHkPIIZbiz30HSk',#6,'Pset_WallCommon',$,(#78,#79,#80,#16532));
#17365=IFCRELDEFINESBYPROPERTIES('2PmWpVMDGPRUodoJWrCMts',#6,$,$,(#17359),#17361);
#17366=IFCRELDEFINESBYPROPERTIES('2gTwtDOAtAzWxusHQlEQ42',#6,$,$,(#17359),#17363);
#17367=IFCRELDEFINESBYPROPERTIES('0tim8BxB81bhjt0rFqCBc5',#6,$,$,(#17359),#17364);
#17368=IFCCARTESIANPOINT((85.653021884240175,-3.8400196775843236,0.));
#17369=IFCAXIS2PLACEMENT3D(#17368,#43,#97);
#17370=IFCLOCALPLACEMENT(#33,#17369);
#17371=IFCCARTESIANPOINT((1.3125000000000577,0.));
#17372=IFCPOLYLINE((#47,#17371));
#17373=IFCSHAPEREPRESENTATION(#23,'Axis','Curve2D',(#17372));
#17374=IFCPRODUCTDEFINITIONSHAPE($,$,(#17373,#17381));
#17375=IFCCARTESIANPOINT((0.65625000000002887,0.));
#17376=IFCAXIS2PLACEMENT2D(#17375,#53);
#17377=IFCRECTANGLEPROFILEDEF(.AREA.,$,#17376,1.3125000000000577,0.66666666666665719);
#17378=IFCAXIS2PLACEMENT3D(#19,$,$);
#17379=IFCEXTRUDEDAREASOLID(#17377,#17378,#43,12.);
#17380=IFCSTYLEDITEM(#17379,(#16519),$);
#17381=IFCSHAPEREPRESENTATION(#24,'Body','SweptSolid',(#17379));
#17382=IFCWALLSTANDARDCASE('1$OMQ8oJ13yg_ewC4wyTR6',#6,'Basic Wall:Generic - 8":1250112',$,$,#17370,#17374,'1250112');
#17383=IFCMATERIALLAYERSETUSAGE(#16529,.AXIS2.,.NEGATIVE.,0.33333333333333331);
#17384=IFCPROPERTYSET('1dxHFOvLH7HKjnBUZaaSVb',#6,'Pset_QuantityTakeOff',$,(#16532));
#17385=IFCPROPERTYSINGLEVALUE('Reference',$,IFCLABEL('Generic - 8"'),$);
#17386=IFCPROPERTYSET('2mYyeemLEXEsSGZA_YDJVu',#6,'Pset_ReinforcementBarPitchOfWall',$,(#17385));
#17387=IFCPROPERTYSET('3bzW1C$sAeCNOeJt_qsqhl',#6,'Pset_WallCommon',$,(#78,#79,#80,#16532));
#17388=IFCRELDEFINESBYPROPERTIES('3gm$6JifVf2Tr2WHWBQC1U',#6,$,$,(#17382),#17384);
#17389=IFCRELDEFINESBYPROPERTIES('0VzJgeNeeJzBXtes7YA5d4',#6,$,$,(#17382),#17386);
#17390=IFCRELDEFINESBYPROPERTIES('0a7pNwa1p3qK7nNb5Efqz6',#6,$,$,(#17382),#17387);
#17391=IFCPROPERTYSINGLEVALUE('Name',$,IFCLABEL('L1'),$);
#17392=IFCPROPERTYSET('2l4vqu11LCaZAypUbzwyea',#6,'Pset_AirSideSystemInformation',$,(#17391));
#17393=IFCPROPERTYSINGLEVALUE('AboveGround',$,IFCLOGICAL(.U.),$);
#17394=IFCPROPERTYSET('16L50AfyZF4hYq5TGET4H4',#6,'Pset_BuildingStoreyCommon',$,(#17393));
#17395=IFCPROPERTYSINGLEVALUE('Name',$,IFCLABEL('L1'),$);
#17396=IFCPROPERTYSET('0Fxv$pCHYe$d1NPq668uup',#6,'Pset_ProductRequirements',$,(#17395));
#17397=IFCRELDEFINESBYPROPERTIES('3NFes7CBV81H0RHVpWu5ZF',#6,$,$,(#34),#17392);
#17398=IFCRELDEFINESBYPROPERTIES('2VdfSfkgzGoZi_3SgzE8$0',#6,$,$,(#34),#17394);
#17399=IFCRELDEFINESBYPROPERTIES('0Vxl9G1EBUZpUdM$cyum7J',#6,$,$,(#34),#17396);
#17400=IFCRELCONTAINEDINSPATIALSTRUCTURE('2JF4e6axWHqu3u0C5FZlmi',#6,$,$,(#64,#111,#136,#159,#182,#205,#228,#251,#274,#297,#320,#343,#366,#389,#412,#435,#458,#481,#8461,#16400,#16411,#16422,#16433,#16444,#16455,#16466,#16477,#16488,#16499,#16522,#16556,#16579,#16602,#16625,#16648,#16671,#16694,#16717,#16740,#16763,#16786,#16809,#16832,#16855,#16878,#16901,#16924,#16947,#16970,#16993,#17016,#17039,#17062,#17085,#17108,#17123,#17134,#17145,#17156,#17175,#17198,#17221,#17244,#17267,#17290,#17313,#17336,#17359,#17382),#34);
#17401=IFCPROPERTYSINGLEVALUE('Name',$,IFCLABEL('L2'),$);
#17402=IFCPROPERTYSET('2rmMSkA7gc4STb1LnLF8UH',#6,'Pset_AirSideSystemInformation',$,(#17401));
#17403=IFCPROPERTYSET('1n34enW33Z_3Qq2Pm1kjQZ',#6,'Pset_BuildingStoreyCommon',$,(#17393));
#17404=IFCPROPERTYSINGLEVALUE('Name',$,IFCLABEL('L2'),$);
#17405=IFCPROPERTYSET('3b2aIDv9vaOvbWU0hVWzaG',#6,'Pset_ProductRequirements',$,(#17404));
#17406=IFCRELDEFINESBYPROPERTIES('1kaSOYlg8iono8iflzrHRz',#6,$,$,(#38),#17402);
#17407=IFCRELDEFINESBYPROPERTIES('36oM8gyLQ5_Z6XoGK5uP1E',#6,$,$,(#38),#17403);
#17408=IFCRELDEFINESBYPROPERTIES('2r$5AllCk4VpjESRla$JzH',#6,$,$,(#38),#17405);
#17409=IFCRELAGGREGATES('2f3Ca9sMjCrr95Hw09Jfx9',#6,$,$,#27,(#41));
#17410=IFCRELAGGREGATES('0OS35rVwsPwwQiqkCjVA2L',#6,$,$,#41,(#31));
#17411=IFCRELAGGREGATES('1yhDISh1T5aQqAoygxGIhP',#6,$,$,#31,(#34,#38));
#17412=IFCPROPERTYSINGLEVALUE('NumberOfStoreys',$,IFCINTEGER(2),$);
#17413=IFCPROPERTYSINGLEVALUE('IsLandmarked',$,IFCLOGICAL(.U.),$);
#17414=IFCPROPERTYSET('3m0IhHn2XyBnWXfYhuBUdv',#6,'Pset_BuildingCommon',$,(#17412,#17413));
#17415=IFCRELDEFINESBYPROPERTIES('2AHT4RymM0anUxfHiZbxav',#6,$,$,(#31),#17414);
#17416=IFCRELASSOCIATESMATERIAL('0ekeQGD6K0K9alRVkejfgG',#6,$,$,(#64),#72);
#17417=IFCRELASSOCIATESMATERIAL('2v8oE7rTKnJTCf9Xus73Xj',#6,$,$,(#111),#112);
#17418=IFCRELASSOCIATESMATERIAL('2Uh3H$R$XZqsRN6VZclwU$',#6,$,$,(#136),#137);
#17419=IFCRELASSOCIATESMATERIAL('07LnVaSqi9HzAEEzy9ZMkr',#6,$,$,(#159),#160);
#17420=IFCRELASSOCIATESMATERIAL('2mHR6y4$6nc2HR5KqMFG7e',#6,$,$,(#182),#183);
#17421=IFCRELASSOCIATESMATERIAL('3eOjYgVehtf_HqDfSJiZfR',#6,$,$,(#205),#206);
#17422=IFCRELASSOCIATESMATERIAL('3J1GBZtZT31Wwofsux9Vvq',#6,$,$,(#228),#229);
#17423=IFCRELASSOCIATESMATERIAL('2YMRrYFfzu0NsRkDtfVpDk',#6,$,$,(#251),#252);
#17424=IFCRELASSOCIATESMATERIAL('2LDNxUJr6d9BCSmZgkokjO',#6,$,$,(#274),#275);
#17425=IFCRELASSOCIATESMATERIAL('3UYLL4jTruhapqA$VJ_0Vu',#6,$,$,(#297),#298);
#17426=IFCRELASSOCIATESMATERIAL('0gvcYBE$CSzHDc3zXuYfU_',#6,$,$,(#320),#321);
#17427=IFCRELASSOCIATESMATERIAL('3uYPZr4XWsx8VdvVbF32xt',#6,$,$,(#343),#344);
#17428=IFCRELASSOCIATESMATERIAL('2c6pPwD_PGXVH6fUKiZh3y',#6,$,$,(#366),#367);
#17429=IFCRELASSOCIATESMATERIAL('0MEN$Xeqizj091FdCx$n4X',#6,$,$,(#389),#390);
#17430=IFCRELASSOCIATESMATERIAL('1nPuXym4cyfn6sy2mcDhql',#6,$,$,(#412),#413);
#17431=IFCRELASSOCIATESMATERIAL('0WfUYr9XTKBHt2w2KggSgb',#6,$,$,(#435),#436);
#17432=IFCRELASSOCIATESMATERIAL('1f1734hitZc10naUP_Ze44',#6,$,$,(#458),#459);
#17433=IFCRELASSOCIATESMATERIAL('2pLmjnSvK7bjzFUoEtKwaO',#6,$,$,(#481),#482);
#17434=IFCRELASSOCIATESMATERIAL('1NyiZI9bErtZ4oy7bez0y5',#6,$,$,(#8432,#8461,#16393,#16400,#16411,#16422,#16433,#16444,#16455,#16466,#16477,#16488,#16499,#17123,#17134,#17145,#17156),#8453);
#17435=IFCRELASSOCIATESMATERIAL('2C_dAQiPv$_tEGj6jM$$KB',#6,$,$,(#16522),#16530);
#17436=IFCRELASSOCIATESMATERIAL('3FHtDkYtpVucJtgHcoj3LR',#6,$,$,(#16556),#16557);
#17437=IFCRELASSOCIATESMATERIAL('12YKbZZu3LwSKUD$pyqxUZ',#6,$,$,(#16579),#16580);
#17438=IFCRELASSOCIATESMATERIAL('37xl2$E2s7Be0COiNZk2Hy',#6,$,$,(#16602),#16603);
#17439=IFCRELASSOCIATESMATERIAL('262$8ARb9HvxC4z0O$v70X',#6,$,$,(#16625),#16626);
#17440=IFCRELASSOCIATESMATERIAL('3qyhyklova5a1$e28jBPGu',#6,$,$,(#16648),#16649);
#17441=IFCRELASSOCIATESMATERIAL('0QnYjAGoSsT0AMoaUKnx4W',#6,$,$,(#16671),#16672);
#17442=IFCRELASSOCIATESMATERIAL('31JnGLFjiLwcoOGPnQWI4m',#6,$,$,(#16694),#16695);
#17443=IFCRELASSOCIATESMATERIAL('1DkWBW5bWCelU2HABOW8LP',#6,$,$,(#16717),#16718);
#17444=IFCRELASSOCIATESMATERIAL('3lG7o7YLED3aRCTy5lZCAo',#6,$,$,(#16740),#16741);
#17445=IFCRELASSOCIATESMATERIAL('3ZiBQTAJ932zxcQckw0FM5',#6,$,$,(#16763),#16764);
#17446=IFCRELASSOCIATESMATERIAL('1dI7i2KzgxHBHnd$iKFl0Z',#6,$,$,(#16786),#16787);
#17447=IFCRELASSOCIATESMATERIAL('1YTR_K1gWlF4JvgvFePhmc',#6,$,$,(#16809),#16810);
#17448=IFCRELASSOCIATESMATERIAL('0x6cJYiLLBP4NnjZbvr5CF',#6,$,$,(#16832),#16833);
#17449=IFCRELASSOCIATESMATERIAL('3ZBt8hlQlHLzHqvTYCY5gS',#6,$,$,(#16855),#16856);
#17450=IFCRELASSOCIATESMATERIAL('2x9mw7XN7ok4a16HawWQZp',#6,$,$,(#16878),#16879);
#17451=IFCRELASSOCIATESMATERIAL('3xVflAmrX0_GbRyeJzwe$f',#6,$,$,(#16901),#16902);
#17452=IFCRELASSOCIATESMATERIAL('1mon9gTI09STXZ9tp_RRjD',#6,$,$,(#16924),#16925);
#17453=IFCRELASSOCIATESMATERIAL('1iRQG_I5bErd2_3c4J06YW',#6,$,$,(#16947),#16948);
#17454=IFCRELASSOCIATESMATERIAL('3ftu1Y2iRv3x6H5szjnd72',#6,$,$,(#16970),#16971);
#17455=IFCRELASSOCIATESMATERIAL('0ObBmTM7YHyK_TQlbvOu4n',#6,$,$,(#16993),#16994);
#17456=IFCRELASSOCIATESMATERIAL('3U0t36nFUXsFMEqpCI_stG',#6,$,$,(#17016),#17017);
#17457=IFCRELASSOCIATESMATERIAL('0Jethnkxw8dcjx51dORquL',#6,$,$,(#17039),#17040);
#17458=IFCRELASSOCIATESMATERIAL('3kYl9aw2ZJQUEgchkLXlXJ',#6,$,$,(#17062),#17063);
#17459=IFCRELASSOCIATESMATERIAL('2iygzSJ2MEoDZTL1r5Ir7g',#6,$,$,(#17085),#17086);
#17460=IFCRELASSOCIATESMATERIAL('3AOqDA4PSC6Z3omLatkRnp',#6,$,$,(#17108),#17109);
#17461=IFCRELASSOCIATESMATERIAL('1EQyXP8btSLS0kkNXXvgje',#6,$,$,(#17175),#17176);
#17462=IFCRELASSOCIATESMATERIAL('3XwNVWpsdPnfKCYELtPtMV',#6,$,$,(#17198),#17199);
#17463=IFCRELASSOCIATESMATERIAL('0IJeSBPZQd8WGYwUBElmhC',#6,$,$,(#17221),#17222);
#17464=IFCRELASSOCIATESMATERIAL('0uLyHQUReHhfmJ9aSKrcVx',#6,$,$,(#17244),#17245);
#17465=IFCRELASSOCIATESMATERIAL('1f5kLps9PSkmVzCvwC9aSs',#6,$,$,(#17267),#17268);
#17466=IFCRELASSOCIATESMATERIAL('3z9DHuZw$lF6ro$VuJ8$vf',#6,$,$,(#17290),#17291);
#17467=IFCRELASSOCIATESMATERIAL('2BrwZDzVsAuXf3TUr6tZWj',#6,$,$,(#17313),#17314);
#17468=IFCRELASSOCIATESMATERIAL('1QYK9RFgQPTuGCrD4lmV0F',#6,$,$,(#17336),#17337);
#17469=IFCRELASSOCIATESMATERIAL('0V4iONoSKqJzjt0IgNbZ1$',#6,$,$,(#17359),#17360);
#17470=IFCRELASSOCIATESMATERIAL('3qPluinRFsvHzDOgrEH_Bo',#6,$,$,(#17382),#17383);
#17471=IFCRELASSOCIATESMATERIAL('0JQVC24iTfUA4cK1NUl0Fa',#6,$,$,(#73),#71);
#17472=IFCRELASSOCIATESMATERIAL('2z0drh32UI$EWTHIJtGpYP',#6,$,$,(#16531),#16529);
#17473=IFCRELDEFINESBYTYPE('0PT2qVbORcsoZnrRlIpwj4',#6,$,$,(#64,#111,#136,#159,#182,#205,#228,#251,#274,#297,#320,#343,#366,#389,#412,#435,#458,#481,#17062,#17085,#17108),#73);
#17474=IFCRELDEFINESBYTYPE('33axAKgK5c5DC2UMeJvoIr',#6,$,$,(#8461,#16411,#16499),#8432);
#17475=IFCRELDEFINESBYTYPE('1crsVA8RijwipU6x617kUr',#6,$,$,(#16400,#16422,#16433,#16444,#16455,#16466,#16477,#16488,#17123,#17134,#17145,#17156),#16393);
#17476=IFCRELDEFINESBYTYPE('0MSq_ijuC5q4PUKv4QkOsA',#6,$,$,(#16522,#16556,#16579,#16602,#16625,#16648,#16671,#16694,#16717,#16740,#16763,#16786,#16809,#16832,#16855,#16878,#16901,#16924,#16947,#16970,#16993,#17016,#17039,#17175,#17198,#17221,#17244,#17267,#17290,#17313,#17336,#17359,#17382),#16531);
#17477=IFCRELCONNECTSPATHELEMENTS('04985Vl9PB112wHGj7P3Nr',#6,'26jjhu0DH0Lxf54dTa$KpX|05o6FGHbvAcep$f8moxVIq','Structural',$,#64,#16901,(),(),.ATEND.,.ATSTART.);
#17478=IFCRELCONNECTSPATHELEMENTS('1ZrwBpS1od$jc9BhgLaPYP',#6,'26jjhu0DH0Lxf54dTa$KpX|1$OMQ8oJ13yg_ewC4wyShX','Structural',$,#64,#17062,(),(),.ATSTART.,.ATEND.);
#17479=IFCRELCONNECTSPATHELEMENTS('3GeM6CvjqrYvdqtpD0d_2b',#6,'26jjhu0DH0Lxf54dTa$KpY|26jjhu0DH0Lxf54dTa$KpZ','Structural',$,#111,#136,(),(),.ATSTART.,.ATSTART.);
#17480=IFCRELCONNECTSPATHELEMENTS('37k2FHQmUXaeDZazQi5pFv',#6,'26jjhu0DH0Lxf54dTa$KpY|1$OMQ8oJ13yg_ewC4wyShj','Structural',$,#111,#17085,(),(),.ATSTART.,.ATEND.);
#17481=IFCRELCONNECTSPATHELEMENTS('1ETNCEAuNlekU0gTEXBYmT',#6,'26jjhu0DH0Lxf54dTa$KpZ|26jjhu0DH0Lxf54dTa$Kps','Structural',$,#136,#389,(),(),.ATSTART.,.ATEND.);
#17482=IFCRELCONNECTSPATHELEMENTS('3v2SYo22WMyHEqO1o$JsqG',#6,'26jjhu0DH0Lxf54dTa$KpX|26jjhu0DH0Lxf54dTa$Kpi','Structural',$,#64,#159,(),(),.ATSTART.,.ATPATH.);
#17483=IFCRELCONNECTSPATHELEMENTS('22nMoIgtBBFc6VT$cSZlYK',#6,'26jjhu0DH0Lxf54dTa$Kpi|26jjhu0DH0Lxf54dTa$Kpj','Structural',$,#159,#182,(),(),.ATEND.,.ATEND.);
#17484=IFCRELCONNECTSPATHELEMENTS('0YumCuNvZOSfFDlFbi$xIY',#6,'26jjhu0DH0Lxf54dTa$Kpi|05o6FGHbvAcep$f8moxVqR','Structural',$,#159,#16809,(),(),.ATSTART.,.ATEND.);
#17485=IFCRELCONNECTSPATHELEMENTS('0FsX168wMrreCMgow7t_xb',#6,'26jjhu0DH0Lxf54dTa$Kpj|26jjhu0DH0Lxf54dTa$Kpk','Structural',$,#182,#205,(),(),.ATSTART.,.ATSTART.);
#17486=IFCRELCONNECTSPATHELEMENTS('0_F$gD8otA9b3lj4Mf1dL5',#6,'26jjhu0DH0Lxf54dTa$Kpj|05o6FGHbvAcep$f8moxVqR','Structural',$,#182,#16809,(),(),.ATSTART.,.ATEND.);
#17487=IFCRELCONNECTSPATHELEMENTS('14nd$3SUybzraoypndccL9',#6,'26jjhu0DH0Lxf54dTa$Kpk|26jjhu0DH0Lxf54dTa$Kpl','Structural',$,#205,#228,(),(),.ATSTART.,.ATEND.);
#17488=IFCRELCONNECTSPATHELEMENTS('0F_CzudqCe1Rou6f9EiFFk',#6,'26jjhu0DH0Lxf54dTa$Kpl|26jjhu0DH0Lxf54dTa$Kpe','Structural',$,#228,#251,(),(),.ATSTART.,.ATEND.);
#17489=IFCRELCONNECTSPATHELEMENTS('21dq2BAYFOYDRp8agQrfPM',#6,'26jjhu0DH0Lxf54dTa$Kpe|26jjhu0DH0Lxf54dTa$Kpf','Structural',$,#251,#274,(),(),.ATSTART.,.ATPATH.);
#17490=IFCRELCONNECTSPATHELEMENTS('3X12BblJq2sH$H2XLZgtMq',#6,'26jjhu0DH0Lxf54dTa$Kpf|26jjhu0DH0Lxf54dTa$Kpg','Structural',$,#274,#297,(),(),.ATSTART.,.ATEND.);
#17491=IFCRELCONNECTSPATHELEMENTS('20uyptOEzaF2SXw5_I_u6s',#6,'26jjhu0DH0Lxf54dTa$Kpf|05o6FGHbvAcep$f8mox0bU','Structural',$,#274,#16579,(),(),.ATSTART.,.ATEND.);
#17492=IFCRELCONNECTSPATHELEMENTS('2mdPParcwBVDWPnnHfCfHh',#6,'26jjhu0DH0Lxf54dTa$Kpg|05o6FGHbvAcep$f8mox0bU','Structural',$,#297,#16579,(),(),.ATSTART.,.ATSTART.);
#17493=IFCRELCONNECTSPATHELEMENTS('0XOQKQa3TazsOSbssS89Ao',#6,'26jjhu0DH0Lxf54dTa$Kpg|26jjhu0DH0Lxf54dTa$Kph','Structural',$,#297,#320,(),(),.ATSTART.,.ATEND.);
#17494=IFCRELCONNECTSPATHELEMENTS('0yHxSJhWGqXrxOWCH_yzBd',#6,'26jjhu0DH0Lxf54dTa$Kpg|05o6FGHbvAcep$f8mox0et','Structural',$,#297,#16625,(),(),.ATEND.,.ATEND.);
#17495=IFCRELCONNECTSPATHELEMENTS('0kgUVAFQ8zeFD0GgfAghVa',#6,'26jjhu0DH0Lxf54dTa$Kph|05o6FGHbvAcep$f8mox0et','Structural',$,#320,#16625,(),(),.ATEND.,.ATSTART.);
#17496=IFCRELCONNECTSPATHELEMENTS('0jkajM8sFm5ycXLjYEbGwA',#6,'26jjhu0DH0Lxf54dTa$Kph|26jjhu0DH0Lxf54dTa$Kpq','Structural',$,#320,#343,(),(),.ATSTART.,.ATEND.);
#17497=IFCRELCONNECTSPATHELEMENTS('3Ta4q6R4HTV9ypHUuBi4uR',#6,'26jjhu0DH0Lxf54dTa$Kpq|26jjhu0DH0Lxf54dTa$Kpr','Structural',$,#343,#366,(),(),.ATSTART.,.ATEND.);
#17498=IFCRELCONNECTSPATHELEMENTS('1QiYHe3vGe3w7JSrkcJg6j',#6,'26jjhu0DH0Lxf54dTa$Kpr|26jjhu0DH0Lxf54dTa$Kps','Structural',$,#366,#389,(),(),.ATPATH.,.ATEND.);
#17499=IFCRELCONNECTSPATHELEMENTS('0wKa8c3uPke7ffNpbUuQH4',#6,'26jjhu0DH0Lxf54dTa$Kpt|26jjhu0DH0Lxf54dTa$Kpo','Structural',$,#412,#481,(),(),.ATEND.,.ATSTART.);
#17500=IFCRELCONNECTSPATHELEMENTS('3Ygq5g0eD9ixVxXXHkM1Lb',#6,'26jjhu0DH0Lxf54dTa$Kpt|26jjhu0DH0Lxf54dTa$Kpm','Structural',$,#412,#435,(),(),.ATSTART.,.ATEND.);
#17501=IFCRELCONNECTSPATHELEMENTS('0U9kuQI7AaIOVF8Z_i2WIM',#6,'26jjhu0DH0Lxf54dTa$Kpm|26jjhu0DH0Lxf54dTa$Kpn','Structural',$,#435,#458,(),(),.ATSTART.,.ATEND.);
#17502=IFCRELCONNECTSPATHELEMENTS('1w2kSXFtLHEqsncAYQo9xO',#6,'26jjhu0DH0Lxf54dTa$Kpn|26jjhu0DH0Lxf54dTa$Kpo','Structural',$,#458,#481,(),(),.ATSTART.,.ATEND.);
#17503=IFCRELCONNECTSPATHELEMENTS('0FFrx_gmsCrunB2l6dSSX4',#6,'26jjhu0DH0Lxf54dTa$Kpe|05o6FGHbvAcep$f8mox0ZS','Structural',$,#251,#16522,(),(),.ATSTART.,.ATPATH.);
#17504=IFCRELCONNECTSPATHELEMENTS('2WyIM8PNuVvjY0E8775nHA',#6,'05o6FGHbvAcep$f8mox0ZS|05o6FGHbvAcep$f8mox0X0','Structural',$,#16522,#16556,(),(),.ATSTART.,.ATEND.);
#17505=IFCRELCONNECTSPATHELEMENTS('3BvciRm82HO22RlqUHr8Hm',#6,'26jjhu0DH0Lxf54dTa$Kpf|05o6FGHbvAcep$f8mox0X0','Structural',$,#274,#16556,(),(),.ATEND.,.ATPATH.);
#17506=IFCRELCONNECTSPATHELEMENTS('28g8T94JykDHXlMRmlQRe7',#6,'05o6FGHbvAcep$f8mox0bU|05o6FGHbvAcep$f8mox0gn','Structural',$,#16579,#16602,(),(),.ATSTART.,.ATEND.);
#17507=IFCRELCONNECTSPATHELEMENTS('2btDYxcdfNDPxxIMavVewU',#6,'05o6FGHbvAcep$f8mox0gn|05o6FGHbvAcep$f8mox0HC','Structural',$,#16602,#16648,(),(),.ATSTART.,.ATEND.);
#17508=IFCRELCONNECTSPATHELEMENTS('0RRvRJHtroolgXyqH2el6w',#6,'05o6FGHbvAcep$f8mox0gn|05o6FGHbvAcep$f8mox0et','Structural',$,#16602,#16625,(),(),.ATSTART.,.ATPATH.);
#17509=IFCRELCONNECTSPATHELEMENTS('0A6vD2xZb1PsF_IUwvIqc2',#6,'26jjhu0DH0Lxf54dTa$Kps|05o6FGHbvAcep$f8mox0HC','Structural',$,#389,#16648,(),(),.ATEND.,.ATPATH.);
#17510=IFCRELCONNECTSPATHELEMENTS('0z5hB3RrgwEYvtBpRfD8ez',#6,'26jjhu0DH0Lxf54dTa$KpZ|05o6FGHbvAcep$f8mox0T8','Structural',$,#136,#16671,(),(),.ATSTART.,.ATPATH.);
#17511=IFCRELCONNECTSPATHELEMENTS('3PmAWpEVCvj09TP8I0L0SZ',#6,'05o6FGHbvAcep$f8mox0T8|05o6FGHbvAcep$f8moxVVT','Structural',$,#16671,#16993,(),(),.ATEND.,.ATEND.);
#17512=IFCRELCONNECTSPATHELEMENTS('2pZkhQRVcRI7IsB2Py1Aon',#6,'26jjhu0DH0Lxf54dTa$Kps|05o6FGHbvAcep$f8mox01d','Structural',$,#389,#16694,(),(),.ATSTART.,.ATPATH.);
#17513=IFCRELCONNECTSPATHELEMENTS('3rPoOExubpzPVJY5iCnvgJ',#6,'05o6FGHbvAcep$f8mox01d|05o6FGHbvAcep$f8moxV5i','Structural',$,#16694,#17039,(),(),.ATEND.,.ATEND.);
#17514=IFCRELCONNECTSPATHELEMENTS('2ykPs69aVgLC6Ze30tzQ1M',#6,'26jjhu0DH0Lxf54dTa$KpZ|05o6FGHbvAcep$f8mox005','Structural',$,#136,#16717,(),(),.ATSTART.,.ATPATH.);
#17515=IFCRELCONNECTSPATHELEMENTS('3Ss6h1BKtx8E3sF8hnqNqA',#6,'05o6FGHbvAcep$f8mox005|05o6FGHbvAcep$f8moxVVT','Structural',$,#16717,#16993,(),(),.ATSTART.,.ATEND.);
#17516=IFCRELCONNECTSPATHELEMENTS('0lLuUzYi44f4YZAfbNnhxq',#6,'26jjhu0DH0Lxf54dTa$Kpk|05o6FGHbvAcep$f8mox0BM','Structural',$,#205,#16740,(),(),.ATSTART.,.ATPATH.);
#17517=IFCRELCONNECTSPATHELEMENTS('215HjakkFu0eH_ga4ms3kj',#6,'05o6FGHbvAcep$f8mox0BM|05o6FGHbvAcep$f8mox09n','Structural',$,#16740,#16763,(),(),.ATSTART.,.ATEND.);
#17518=IFCRELCONNECTSPATHELEMENTS('0wrQKH7bl6uspjoaLAUErP',#6,'26jjhu0DH0Lxf54dTa$Kpk|05o6FGHbvAcep$f8mox08R','Structural',$,#205,#16786,(),(),.ATSTART.,.ATPATH.);
#17519=IFCRELCONNECTSPATHELEMENTS('0CEhDR4zb_mLok3ItU1C5V',#6,'05o6FGHbvAcep$f8mox09n|05o6FGHbvAcep$f8mox08R','Structural',$,#16763,#16786,(),(),.ATEND.,.ATPATH.);
#17520=IFCRELCONNECTSPATHELEMENTS('2E6DVLYDx7gjDUmm47f_lk',#6,'05o6FGHbvAcep$f8moxVqR|05o6FGHbvAcep$f8moxVvl','Structural',$,#16809,#16832,(),(),.ATSTART.,.ATEND.);
#17521=IFCRELCONNECTSPATHELEMENTS('2PQvGc1QHSG7OmbSKvyKT5',#6,'05o6FGHbvAcep$f8moxVvl|05o6FGHbvAcep$f8moxVk8','Structural',$,#16832,#16878,(),(),.ATEND.,.ATEND.);
#17522=IFCRELCONNECTSPATHELEMENTS('3ssdIJQiGr1HV8HY6no$x5',#6,'26jjhu0DH0Lxf54dTa$Kpi|05o6FGHbvAcep$f8moxVu5','Structural',$,#159,#16855,(),(),.ATSTART.,.ATPATH.);
#17523=IFCRELCONNECTSPATHELEMENTS('3IJ$g93VzhbOrdEyWS$aeM',#6,'05o6FGHbvAcep$f8moxVu5|05o6FGHbvAcep$f8moxVIq','Structural',$,#16855,#16901,(),(),.ATSTART.,.ATEND.);
#17524=IFCRELCONNECTSPATHELEMENTS('0EDZjpy7amMd79CXzU8CZl',#6,'26jjhu0DH0Lxf54dTa$Kpi|05o6FGHbvAcep$f8moxVk8','Structural',$,#159,#16878,(),(),.ATSTART.,.ATPATH.);
#17525=IFCRELCONNECTSPATHELEMENTS('1W1fGj45tOzl0spVSxMbKF',#6,'05o6FGHbvAcep$f8moxVNa|05o6FGHbvAcep$f8moxVPj','Structural',$,#16924,#16970,(),(),.ATSTART.,.ATSTART.);
#17526=IFCRELCONNECTSPATHELEMENTS('0NYpcOuT$wj6id612_ZTEQ',#6,'26jjhu0DH0Lxf54dTa$KpZ|05o6FGHbvAcep$f8moxVNa','Structural',$,#136,#16924,(),(),.ATEND.,.ATPATH.);
#17527=IFCRELCONNECTSPATHELEMENTS('0GICkOcTL0sxepgz46mCIX',#6,'05o6FGHbvAcep$f8moxVLd|05o6FGHbvAcep$f8moxVPj','Structural',$,#16947,#16970,(),(),.ATEND.,.ATSTART.);
#17528=IFCRELCONNECTSPATHELEMENTS('0__RvfYHJJgR4fjhyKidKT',#6,'26jjhu0DH0Lxf54dTa$KpZ|05o6FGHbvAcep$f8moxVLd','Structural',$,#136,#16947,(),(),.ATEND.,.ATPATH.);
#17529=IFCRELCONNECTSPATHELEMENTS('27kjWocRGibpJzQQ7ia1gw',#6,'26jjhu0DH0Lxf54dTa$Kps|05o6FGHbvAcep$f8moxV7w','Structural',$,#389,#17016,(),(),.ATSTART.,.ATPATH.);
#17530=IFCRELCONNECTSPATHELEMENTS('2vZzfdvUJPwG1$jleX_UJb',#6,'05o6FGHbvAcep$f8moxV7w|05o6FGHbvAcep$f8moxV5i','Structural',$,#17016,#17039,(),(),.ATSTART.,.ATEND.);
#17531=IFCRELCONNECTSPATHELEMENTS('0p_jxHHE7l84pRSi92vU98',#6,'1$OMQ8oJ13yg_ewC4wyShX|1$OMQ8oJ13yg_ewC4wyShh','Structural',$,#17062,#17108,(),(),.ATSTART.,.ATEND.);
#17532=IFCRELCONNECTSPATHELEMENTS('1LvFGQNVrJYjc_rv5OFs$2',#6,'1$OMQ8oJ13yg_ewC4wyShX|1$OMQ8oJ13yg_ewC4wyTR6','Structural',$,#17062,#17382,(),(),.ATSTART.,.ATEND.);
#17533=IFCRELCONNECTSPATHELEMENTS('2sts01UZ6I2xAj39bmVZH_',#6,'1$OMQ8oJ13yg_ewC4wyShj|1$OMQ8oJ13yg_ewC4wyShh','Structural',$,#17085,#17108,(),(),.ATEND.,.ATEND.);
#17534=IFCRELCONNECTSPATHELEMENTS('1tG5lVHpdpwnDAHYyKh0l0',#6,'1$OMQ8oJ13yg_ewC4wyShj|1$OMQ8oJ13yg_ewC4wyTV8','Structural',$,#17085,#17313,(),(),.ATSTART.,.ATEND.);
#17535=IFCRELCONNECTSPATHELEMENTS('1yyqW2FUZJpEGAwWuI1Zgd',#6,'1$OMQ8oJ13yg_ewC4wyShh|1$OMQ8oJ13yg_ewC4wyTR6','Structural',$,#17108,#17382,(),(),.ATSTART.,.ATSTART.);
#17536=IFCRELCONNECTSPATHELEMENTS('3rnqCLgs8GXngKazhKS8hb',#6,'1$OMQ8oJ13yg_ewC4wyShh|1$OMQ8oJ13yg_ewC4wyTV8','Structural',$,#17108,#17313,(),(),.ATSTART.,.ATEND.);
#17537=IFCRELCONNECTSPATHELEMENTS('0Zis8GhEd5uPXcc7ttbRxi',#6,'1$OMQ8oJ13yg_ewC4wyShX|1$OMQ8oJ13yg_ewC4wyTKV','Structural',$,#17062,#17175,(),(),.ATSTART.,.ATPATH.);
#17538=IFCRELCONNECTSPATHELEMENTS('1BYJ4eoCqMZagsCkM2Eqvz',#6,'1$OMQ8oJ13yg_ewC4wyTKV|1$OMQ8oJ13yg_ewC4wyTKS','Structural',$,#17175,#17198,(),(),.ATSTART.,.ATEND.);
#17539=IFCRELCONNECTSPATHELEMENTS('0WUUhcTOKWf_lG2ereWoMd',#6,'1$OMQ8oJ13yg_ewC4wyTKS|1$OMQ8oJ13yg_ewC4wyTKR','Structural',$,#17198,#17221,(),(),.ATEND.,.ATEND.);
#17540=IFCRELCONNECTSPATHELEMENTS('05r_eI8xlPqh$IXg8EPhvP',#6,'1$OMQ8oJ13yg_ewC4wyShX|1$OMQ8oJ13yg_ewC4wyTKR','Structural',$,#17062,#17221,(),(),.ATSTART.,.ATPATH.);
#17541=IFCRELCONNECTSPATHELEMENTS('3LZOTL$Pwt1vaDSeWyuSZa',#6,'1$OMQ8oJ13yg_ewC4wyShj|1$OMQ8oJ13yg_ewC4wyTG6','Structural',$,#17085,#17244,(),(),.ATSTART.,.ATPATH.);
#17542=IFCRELCONNECTSPATHELEMENTS('2O_N6780SJH6r5T_LeZQpI',#6,'1$OMQ8oJ13yg_ewC4wyTG6|1$OMQ8oJ13yg_ewC4wyTHc','Structural',$,#17244,#17267,(),(),.ATSTART.,.ATEND.);
#17543=IFCRELCONNECTSPATHELEMENTS('09_7VCIL1_C14_BYNFyGpQ',#6,'1$OMQ8oJ13yg_ewC4wyTHc|1$OMQ8oJ13yg_ewC4wyTUO','Structural',$,#17267,#17290,(),(),.ATSTART.,.ATEND.);
#17544=IFCRELCONNECTSPATHELEMENTS('0G_kSUh67rkY8bcLvoIWkR',#6,'1$OMQ8oJ13yg_ewC4wyShj|1$OMQ8oJ13yg_ewC4wyTUO','Structural',$,#17085,#17290,(),(),.ATEND.,.ATPATH.);
#17545=IFCRELCONNECTSPATHELEMENTS('1aDavCRxtsxMJB0YRBB_CD',#6,'1$OMQ8oJ13yg_ewC4wyTV8|1$OMQ8oJ13yg_ewC4wyTSl','Structural',$,#17313,#17336,(),(),.ATSTART.,.ATEND.);
#17546=IFCRELCONNECTSPATHELEMENTS('3kEchg48O54mDV8kosPhJ$',#6,'1$OMQ8oJ13yg_ewC4wyTSl|1$OMQ8oJ13yg_ewC4wyTTT','Structural',$,#17336,#17359,(),(),.ATSTART.,.ATEND.);
#17547=IFCRELCONNECTSPATHELEMENTS('2_sD2AlNK2rJ93L2QfihU4',#6,'1$OMQ8oJ13yg_ewC4wyTTT|1$OMQ8oJ13yg_ewC4wyTR6','Structural',$,#17359,#17382,(),(),.ATEND.,.ATEND.);
#17548=IFCPRESENTATIONLAYERASSIGNMENT('A-WALL',$,(#50,#63,#102,#110,#126,#135,#150,#158,#173,#181,#196,#204,#219,#227,#242,#250,#265,#273,#288,#296,#311,#319,#334,#342,#357,#365,#380,#388,#403,#411,#426,#434,#449,#457,#472,#480,#16509,#16521,#16547,#16555,#16570,#16578,#16593,#16601,#16616,#16624,#16639,#16647,#16662,#16670,#16685,#16693,#16708,#16716,#16731,#16739,#16754,#16762,#16777,#16785,#16800,#16808,#16823,#16831,#16846,#16854,#16869,#16877,#16892,#16900,#16915,#16923,#16938,#16946,#16961,#16969,#16984,#16992,#17007,#17015,#17030,#17038,#17053,#17061,#17076,#17084,#17099,#17107,#17166,#17174,#17189,#17197,#17212,#17220,#17235,#17243,#17258,#17266,#17281,#17289,#17304,#17312,#17327,#17335,#17350,#17358,#17373,#17381),$);
#17549=IFCPRESENTATIONLAYERASSIGNMENT('A-DOOR',$,(#8427,#8456,#16388,#16395,#16406,#16417,#16428,#16439,#16450,#16461,#16472,#16483,#16494,#17118,#17129,#17140,#17151),$);
#17550=IFCCARTESIANPOINT((3.6666666666666665,1.6666666666666665));
#17551=IFCAXIS2PLACEMENT2D(#17550,#129);
#17552=IFCRECTANGLEPROFILEDEF(.AREA.,$,#17551,7.333333333333333,3.333333333333333);
#17553=IFCAXIS2PLACEMENT3D(#19,#97,#43);
#17554=IFCEXTRUDEDAREASOLID(#17552,#17553,#43,0.63541666666666663);
#17555=IFCSHAPEREPRESENTATION(#24,'Body','SweptSolid',(#17554));
#17556=IFCPRODUCTDEFINITIONSHAPE($,$,(#17555));
#17557=IFCCARTESIANPOINT((13.468749999999972,0.31770833333333215,0.));
#17558=IFCAXIS2PLACEMENT3D(#17557,$,$);
#17559=IFCLOCALPLACEMENT(#123,#17558);
#17560=IFCOPENINGELEMENT('0xhHgbMC2mCyLmjkwyiIMV',#6,'Door-Passage-Single-Vision_Lite:36" x 84":1240532:1',$,'Opening',#17559,#17556,'1240532');
#17561=IFCRELVOIDSELEMENT('26jjhu0DH0Lxf54cDa$KoG',#6,$,$,#136,#17560);
#17562=IFCRELFILLSELEMENT('1OZ4Rqhu_mQ3IZXeRC0Hv5',#6,$,$,#17560,#16477);
#17563=IFCAXIS2PLACEMENT3D(#19,#43,#121);
#17564=IFCLOCALPLACEMENT(#17559,#17563);
#17565=IFCCARTESIANPOINT((3.6666666666666665,1.6666666666666665));
#17566=IFCAXIS2PLACEMENT2D(#17565,#129);
#17567=IFCRECTANGLEPROFILEDEF(.AREA.,$,#17566,7.333333333333333,3.333333333333333);
#17568=IFCAXIS2PLACEMENT3D(#19,#97,#43);
#17569=IFCEXTRUDEDAREASOLID(#17567,#17568,#43,0.63541666666666663);
#17570=IFCSHAPEREPRESENTATION(#24,'Body','SweptSolid',(#17569));
#17571=IFCPRODUCTDEFINITIONSHAPE($,$,(#17570));
#17572=IFCCARTESIANPOINT((54.718750000000057,0.31770833333333215,0.));
#17573=IFCAXIS2PLACEMENT3D(#17572,$,$);
#17574=IFCLOCALPLACEMENT(#123,#17573);
#17575=IFCOPENINGELEMENT('3EZ8fEZ5QsIWaFK1br57oY',#6,'Door-Passage-Single-Vision_Lite:36" x 84":1240531:1',$,'Opening',#17574,#17571,'1240531');
#17576=IFCRELVOIDSELEMENT('26jjhu0DH0Lxf54cDa$KoN',#6,$,$,#136,#17575);
#17577=IFCRELFILLSELEMENT('37uFouvIIlhj2vip3r1mKr',#6,$,$,#17575,#16466);
#17578=IFCAXIS2PLACEMENT3D(#19,#43,#121);
#17579=IFCLOCALPLACEMENT(#17574,#17578);
#17580=IFCCARTESIANPOINT((3.6666666666666665,1.6666666666666665));
#17581=IFCAXIS2PLACEMENT2D(#17580,#129);
#17582=IFCRECTANGLEPROFILEDEF(.AREA.,$,#17581,7.333333333333333,3.333333333333333);
#17583=IFCAXIS2PLACEMENT3D(#19,#44,#43);
#17584=IFCEXTRUDEDAREASOLID(#17582,#17583,#43,0.63541666666666663);
#17585=IFCSHAPEREPRESENTATION(#24,'Body','SweptSolid',(#17584));
#17586=IFCPRODUCTDEFINITIONSHAPE($,$,(#17585));
#17587=IFCCARTESIANPOINT((1.,-0.31770833333333215,0.));
#17588=IFCAXIS2PLACEMENT3D(#17587,$,$);
#17589=IFCLOCALPLACEMENT(#147,#17588);
#17590=IFCOPENINGELEMENT('1mn0YRXfkipOvDt_WcqsxN',#6,'Door-Passage-Single-Vision_Lite:36" x 84":1240534:1',$,'Opening',#17589,#17586,'1240534');
#17591=IFCRELVOIDSELEMENT('26jjhu0DH0Lxf54cDa$KoI',#6,$,$,#159,#17590);
#17592=IFCRELFILLSELEMENT('3sI0xduZaMqIo3vCQsNySA',#6,$,$,#17590,#16499);
#17593=IFCCARTESIANPOINT((0.,-0.041666666666646535,0.));
#17594=IFCAXIS2PLACEMENT3D(#17593,$,$);
#17595=IFCLOCALPLACEMENT(#17589,#17594);
#17596=IFCCARTESIANPOINT((3.6666666666666665,1.6666666666666665));
#17597=IFCAXIS2PLACEMENT2D(#17596,#129);
#17598=IFCRECTANGLEPROFILEDEF(.AREA.,$,#17597,7.333333333333333,3.333333333333333);
#17599=IFCAXIS2PLACEMENT3D(#19,#44,#43);
#17600=IFCEXTRUDEDAREASOLID(#17598,#17599,#43,0.63541666666666663);
#17601=IFCSHAPEREPRESENTATION(#24,'Body','SweptSolid',(#17600));
#17602=IFCPRODUCTDEFINITIONSHAPE($,$,(#17601));
#17603=IFCCARTESIANPOINT((67.166666666666671,-0.31770833333333215,0.));
#17604=IFCAXIS2PLACEMENT3D(#17603,$,$);
#17605=IFCLOCALPLACEMENT(#147,#17604);
#17606=IFCOPENINGELEMENT('0byPNBPAzPn0jsEhNyYwjI',#6,'Door-Passage-Single-Vision_Lite:36" x 84":1240533:1',$,'Opening',#17605,#17602,'1240533');
#17607=IFCRELVOIDSELEMENT('26jjhu0DH0Lxf54cDa$KoH',#6,$,$,#159,#17606);
#17608=IFCRELFILLSELEMENT('1SOIdxJm5DRUW2ZGdezJOr',#6,$,$,#17606,#16488);
#17609=IFCAXIS2PLACEMENT3D(#19,$,$);
#17610=IFCLOCALPLACEMENT(#17605,#17609);
#17611=IFCCARTESIANPOINT((3.6666666666666665,1.6666666666666665));
#17612=IFCAXIS2PLACEMENT2D(#17611,#129);
#17613=IFCRECTANGLEPROFILEDEF(.AREA.,$,#17612,7.333333333333333,3.333333333333333);
#17614=IFCAXIS2PLACEMENT3D(#19,#44,#43);
#17615=IFCEXTRUDEDAREASOLID(#17613,#17614,#43,0.63541666666666663);
#17616=IFCSHAPEREPRESENTATION(#24,'Body','SweptSolid',(#17615));
#17617=IFCPRODUCTDEFINITIONSHAPE($,$,(#17616));
#17618=IFCCARTESIANPOINT((18.499999999999972,-0.31770833333339249,0.));
#17619=IFCAXIS2PLACEMENT3D(#17618,$,$);
#17620=IFCLOCALPLACEMENT(#193,#17619);
#17621=IFCOPENINGELEMENT('2LjUEocG4nikjVlX9Mf5h6',#6,'Door-Passage-Single-Vision_Lite:36" x 84":1240530:1',$,'Opening',#17620,#17617,'1240530');
#17622=IFCRELVOIDSELEMENT('26jjhu0DH0Lxf54cDa$KoM',#6,$,$,#205,#17621);
#17623=IFCRELFILLSELEMENT('01mpphkD2TaL$JGVVrgIrH',#6,$,$,#17621,#16455);
#17624=IFCAXIS2PLACEMENT3D(#19,$,$);
#17625=IFCLOCALPLACEMENT(#17620,#17624);
#17626=IFCCARTESIANPOINT((3.6666666666666665,1.6666666666666665));
#17627=IFCAXIS2PLACEMENT2D(#17626,#129);
#17628=IFCRECTANGLEPROFILEDEF(.AREA.,$,#17627,7.333333333333333,3.333333333333333);
#17629=IFCAXIS2PLACEMENT3D(#19,#44,#43);
#17630=IFCEXTRUDEDAREASOLID(#17628,#17629,#43,0.63541666666666663);
#17631=IFCSHAPEREPRESENTATION(#24,'Body','SweptSolid',(#17630));
#17632=IFCPRODUCTDEFINITIONSHAPE($,$,(#17631));
#17633=IFCCARTESIANPOINT((2.,-0.31770833333334281,0.));
#17634=IFCAXIS2PLACEMENT3D(#17633,$,$);
#17635=IFCLOCALPLACEMENT(#262,#17634);
#17636=IFCOPENINGELEMENT('1Lo1jvBZ1oN7GxH53VV6t6',#6,'Door-Passage-Single-Vision_Lite:36" x 84":1240528:1',$,'Opening',#17635,#17632,'1240528');
#17637=IFCRELVOIDSELEMENT('26jjhu0DH0Lxf54cDa$KoK',#6,$,$,#274,#17636);
#17638=IFCRELFILLSELEMENT('1xMc2PtwU7ikKF8zPAZmtc',#6,$,$,#17636,#16433);
#17639=IFCAXIS2PLACEMENT3D(#19,$,$);
#17640=IFCLOCALPLACEMENT(#17635,#17639);
#17641=IFCCARTESIANPOINT((3.6666666666666665,1.6666666666666665));
#17642=IFCAXIS2PLACEMENT2D(#17641,#129);
#17643=IFCRECTANGLEPROFILEDEF(.AREA.,$,#17642,7.333333333333333,3.333333333333333);
#17644=IFCAXIS2PLACEMENT3D(#19,#44,#43);
#17645=IFCEXTRUDEDAREASOLID(#17643,#17644,#43,0.63541666666666663);
#17646=IFCSHAPEREPRESENTATION(#24,'Body','SweptSolid',(#17645));
#17647=IFCPRODUCTDEFINITIONSHAPE($,$,(#17646));
#17648=IFCCARTESIANPOINT((0.50000000000010925,-0.3177083333333286,0.));
#17649=IFCAXIS2PLACEMENT3D(#17648,$,$);
#17650=IFCLOCALPLACEMENT(#285,#17649);
#17651=IFCOPENINGELEMENT('1eKcaODcwpA4j8J9fy4bHC',#6,'Door-Passage-Single-Vision_Lite:36" x 84":1240524:1',$,'Opening',#17650,#17647,'1240524');
#17652=IFCRELVOIDSELEMENT('26jjhu0DH0Lxf54cDa$Ko8',#6,$,$,#297,#17651);
#17653=IFCRELFILLSELEMENT('3TWJgDd8e6rsw9LNyKcIe3',#6,$,$,#17651,#8461);
#17654=IFCCARTESIANPOINT((-0.,-0.041666666666650087,0.));
#17655=IFCAXIS2PLACEMENT3D(#17654,$,$);
#17656=IFCLOCALPLACEMENT(#17650,#17655);
#17657=IFCCARTESIANPOINT((3.6666666666666665,1.6666666666666665));
#17658=IFCAXIS2PLACEMENT2D(#17657,#129);
#17659=IFCRECTANGLEPROFILEDEF(.AREA.,$,#17658,7.333333333333333,3.333333333333333);
#17660=IFCAXIS2PLACEMENT3D(#19,#44,#43);
#17661=IFCEXTRUDEDAREASOLID(#17659,#17660,#43,0.63541666666666663);
#17662=IFCSHAPEREPRESENTATION(#24,'Body','SweptSolid',(#17661));
#17663=IFCPRODUCTDEFINITIONSHAPE($,$,(#17662));
#17664=IFCCARTESIANPOINT((6.,-0.3177083333333286,0.));
#17665=IFCAXIS2PLACEMENT3D(#17664,$,$);
#17666=IFCLOCALPLACEMENT(#285,#17665);
#17667=IFCOPENINGELEMENT('1b1MQpolStjzuZ8$vug8Nq',#6,'Door-Passage-Single-Vision_Lite:36" x 84":1240525:1',$,'Opening',#17666,#17663,'1240525');
#17668=IFCRELVOIDSELEMENT('26jjhu0DH0Lxf54cDa$Ko9',#6,$,$,#297,#17667);
#17669=IFCRELFILLSELEMENT('3KnwwqDEhW5m5A1wJB9amd',#6,$,$,#17667,#16400);
#17670=IFCAXIS2PLACEMENT3D(#19,$,$);
#17671=IFCLOCALPLACEMENT(#17666,#17670);
#17672=IFCCARTESIANPOINT((3.6666666666666665,1.6666666666666665));
#17673=IFCAXIS2PLACEMENT2D(#17672,#129);
#17674=IFCRECTANGLEPROFILEDEF(.AREA.,$,#17673,7.333333333333333,3.333333333333333);
#17675=IFCAXIS2PLACEMENT3D(#19,#44,#43);
#17676=IFCEXTRUDEDAREASOLID(#17674,#17675,#43,0.63541666666666663);
#17677=IFCSHAPEREPRESENTATION(#24,'Body','SweptSolid',(#17676));
#17678=IFCPRODUCTDEFINITIONSHAPE($,$,(#17677));
#17679=IFCCARTESIANPOINT((0.50000000000000977,-0.3177083333333286,0.));
#17680=IFCAXIS2PLACEMENT3D(#17679,$,$);
#17681=IFCLOCALPLACEMENT(#331,#17680);
#17682=IFCOPENINGELEMENT('003fQCsjsDA50oKRmx60Wj',#6,'Door-Passage-Single-Vision_Lite:36" x 84":1240526:1',$,'Opening',#17681,#17678,'1240526');
#17683=IFCRELVOIDSELEMENT('26jjhu0DH0Lxf54cDa$KoA',#6,$,$,#343,#17682);
#17684=IFCRELFILLSELEMENT('147MEUm4OQuH8JXlqCCz0z',#6,$,$,#17682,#16411);
#17685=IFCCARTESIANPOINT((-0.,-0.041666666666650087,0.));
#17686=IFCAXIS2PLACEMENT3D(#17685,$,$);
#17687=IFCLOCALPLACEMENT(#17681,#17686);
#17688=IFCCARTESIANPOINT((3.6666666666666665,1.6666666666666665));
#17689=IFCAXIS2PLACEMENT2D(#17688,#129);
#17690=IFCRECTANGLEPROFILEDEF(.AREA.,$,#17689,7.333333333333333,3.333333333333333);
#17691=IFCAXIS2PLACEMENT3D(#19,#44,#43);
#17692=IFCEXTRUDEDAREASOLID(#17690,#17691,#43,0.63541666666666663);
#17693=IFCSHAPEREPRESENTATION(#24,'Body','SweptSolid',(#17692));
#17694=IFCPRODUCTDEFINITIONSHAPE($,$,(#17693));
#17695=IFCCARTESIANPOINT((1.4999999999999716,-0.31770833333334281,0.));
#17696=IFCAXIS2PLACEMENT3D(#17695,$,$);
#17697=IFCLOCALPLACEMENT(#354,#17696);
#17698=IFCOPENINGELEMENT('1vAurKDZQTrKTf4RSIez1N',#6,'Door-Passage-Single-Vision_Lite:36" x 84":1240527:1',$,'Opening',#17697,#17694,'1240527');
#17699=IFCRELVOIDSELEMENT('26jjhu0DH0Lxf54cDa$KoB',#6,$,$,#366,#17698);
#17700=IFCRELFILLSELEMENT('0Bly8RaihRshQJZa_8CKe2',#6,$,$,#17698,#16422);
#17701=IFCAXIS2PLACEMENT3D(#19,$,$);
#17702=IFCLOCALPLACEMENT(#17697,#17701);
#17703=IFCCARTESIANPOINT((3.6666666666666665,1.6666666666666665));
#17704=IFCAXIS2PLACEMENT2D(#17703,#129);
#17705=IFCRECTANGLEPROFILEDEF(.AREA.,$,#17704,7.333333333333333,3.333333333333333);
#17706=IFCAXIS2PLACEMENT3D(#19,#97,#43);
#17707=IFCEXTRUDEDAREASOLID(#17705,#17706,#43,0.63541666666666663);
#17708=IFCSHAPEREPRESENTATION(#24,'Body','SweptSolid',(#17707));
#17709=IFCPRODUCTDEFINITIONSHAPE($,$,(#17708));
#17710=IFCCARTESIANPOINT((20.833333333333346,0.31770833333326448,0.));
#17711=IFCAXIS2PLACEMENT3D(#17710,$,$);
#17712=IFCLOCALPLACEMENT(#377,#17711);
#17713=IFCOPENINGELEMENT('0ZNmrLI6Pefn2hMRtQLeJD',#6,'Door-Passage-Single-Vision_Lite:36" x 84":1240529:1',$,'Opening',#17712,#17709,'1240529');
#17714=IFCRELVOIDSELEMENT('26jjhu0DH0Lxf54cDa$KoL',#6,$,$,#389,#17713);
#17715=IFCRELFILLSELEMENT('29gprUX9UjfFnIIxjRwPtC',#6,$,$,#17713,#16444);
#17716=IFCAXIS2PLACEMENT3D(#19,#43,#121);
#17717=IFCLOCALPLACEMENT(#17712,#17716);
#17718=IFCCARTESIANPOINT((3.6666666666666665,1.6666666666666665));
#17719=IFCAXIS2PLACEMENT2D(#17718,#129);
#17720=IFCRECTANGLEPROFILEDEF(.AREA.,$,#17719,7.333333333333333,3.333333333333333);
#17721=IFCAXIS2PLACEMENT3D(#19,#97,#43);
#17722=IFCEXTRUDEDAREASOLID(#17720,#17721,#43,0.63541666666666663);
#17723=IFCSHAPEREPRESENTATION(#24,'Body','SweptSolid',(#17722));
#17724=IFCPRODUCTDEFINITIONSHAPE($,$,(#17723));
#17725=IFCCARTESIANPOINT((20.682291666666842,0.31770833333326304,0.));
#17726=IFCAXIS2PLACEMENT3D(#17725,$,$);
#17727=IFCLOCALPLACEMENT(#17050,#17726);
#17728=IFCOPENINGELEMENT('3vWbecbz$nXgnbFH7e3Zzx',#6,'Door-Passage-Single-Vision_Lite:36" x 84":1249135:1',$,'Opening',#17727,#17724,'1249135');
#17729=IFCRELVOIDSELEMENT('1$OMQ8oJ13yg_ewDKwyShf',#6,$,$,#17062,#17728);
#17730=IFCRELFILLSELEMENT('33NC9J_GtzJHjjzOIrmBZ1',#6,$,$,#17728,#17123);
#17731=IFCAXIS2PLACEMENT3D(#19,#43,#121);
#17732=IFCLOCALPLACEMENT(#17727,#17731);
#17733=IFCCARTESIANPOINT((3.6666666666666665,1.6666666666666665));
#17734=IFCAXIS2PLACEMENT2D(#17733,#129);
#17735=IFCRECTANGLEPROFILEDEF(.AREA.,$,#17734,7.333333333333333,3.333333333333333);
#17736=IFCAXIS2PLACEMENT3D(#19,#44,#43);
#17737=IFCEXTRUDEDAREASOLID(#17735,#17736,#43,0.63541666666666663);
#17738=IFCSHAPEREPRESENTATION(#24,'Body','SweptSolid',(#17737));
#17739=IFCPRODUCTDEFINITIONSHAPE($,$,(#17738));
#17740=IFCCARTESIANPOINT((18.651041666666785,-0.31770833333339715,0.));
#17741=IFCAXIS2PLACEMENT3D(#17740,$,$);
#17742=IFCLOCALPLACEMENT(#17073,#17741);
#17743=IFCOPENINGELEMENT('07LwL9v_Kv$10IF1NxfZYS',#6,'Door-Passage-Single-Vision_Lite:36" x 84":1249137:1',$,'Opening',#17742,#17739,'1249137');
#17744=IFCRELVOIDSELEMENT('1$OMQ8oJ13yg_ewDKwySht',#6,$,$,#17085,#17743);
#17745=IFCRELFILLSELEMENT('0GtUp3fI$Gwl3Iw3eujvCa',#6,$,$,#17743,#17145);
#17746=IFCAXIS2PLACEMENT3D(#19,$,$);
#17747=IFCLOCALPLACEMENT(#17742,#17746);
#17748=IFCCARTESIANPOINT((3.6666666666666665,1.6666666666666665));
#17749=IFCAXIS2PLACEMENT2D(#17748,#129);
#17750=IFCRECTANGLEPROFILEDEF(.AREA.,$,#17749,7.333333333333333,3.333333333333333);
#17751=IFCAXIS2PLACEMENT3D(#19,#44,#43);
#17752=IFCEXTRUDEDAREASOLID(#17750,#17751,#43,0.63541666666666663);
#17753=IFCSHAPEREPRESENTATION(#24,'Body','SweptSolid',(#17752));
#17754=IFCPRODUCTDEFINITIONSHAPE($,$,(#17753));
#17755=IFCCARTESIANPOINT((14.817708333333471,-0.31770833333338383,0.));
#17756=IFCAXIS2PLACEMENT3D(#17755,$,$);
#17757=IFCLOCALPLACEMENT(#17073,#17756);
#17758=IFCOPENINGELEMENT('3pZ2T3MMfDxX9KLG0J1_Xu',#6,'Door-Passage-Single-Vision_Lite:36" x 84":1249136:1',$,'Opening',#17757,#17754,'1249136');
#17759=IFCRELVOIDSELEMENT('1$OMQ8oJ13yg_ewDKwyShs',#6,$,$,#17085,#17758);
#17760=IFCRELFILLSELEMENT('2zO$5XNQvJqrEpgseaVVxj',#6,$,$,#17758,#17134);
#17761=IFCAXIS2PLACEMENT3D(#19,$,$);
#17762=IFCLOCALPLACEMENT(#17757,#17761);
#17763=IFCCARTESIANPOINT((3.6666666666666665,1.6666666666666665));
#17764=IFCAXIS2PLACEMENT2D(#17763,#129);
#17765=IFCRECTANGLEPROFILEDEF(.AREA.,$,#17764,7.333333333333333,3.333333333333333);
#17766=IFCAXIS2PLACEMENT3D(#19,#97,#43);
#17767=IFCEXTRUDEDAREASOLID(#17765,#17766,#43,0.63541666666666663);
#17768=IFCSHAPEREPRESENTATION(#24,'Body','SweptSolid',(#17767));
#17769=IFCPRODUCTDEFINITIONSHAPE($,$,(#17768));
#17770=IFCCARTESIANPOINT((5.,0.3177083333333286,0.));
#17771=IFCAXIS2PLACEMENT3D(#17770,$,$);
#17772=IFCLOCALPLACEMENT(#17096,#17771);
#17773=IFCOPENINGELEMENT('2yht8Z6iy9sJcuv7lhtubp',#6,'Door-Passage-Single-Vision_Lite:36" x 84":1249138:1',$,'Opening',#17772,#17769,'1249138');
#17774=IFCRELVOIDSELEMENT('1$OMQ8oJ13yg_ewDKwyShq',#6,$,$,#17108,#17773);
#17775=IFCRELFILLSELEMENT('23jtk0bW7zZePEMqBZ5vJW',#6,$,$,#17773,#17156);
#17776=IFCAXIS2PLACEMENT3D(#19,#43,#121);
#17777=IFCLOCALPLACEMENT(#17772,#17776);
#17778=IFCUNITASSIGNMENT((#10,#14,#18,#93));
#17779=IFCCARTESIANPOINT((49.513230217573245,25.928632394750981));
#17780=IFCCARTESIANPOINT((-86.050103115760109,25.928632394750981));
#17781=IFCCARTESIANPOINT((-86.050103115760109,26.604049061417651));
#17782=IFCCARTESIANPOINT((-78.403436449093491,26.604049061417651));
#17783=IFCCARTESIANPOINT((-78.403436449093491,33.67863239475146));
#17784=IFCCARTESIANPOINT((-84.070103115760105,33.698632394751471));
#17785=IFCCARTESIANPOINT((-84.070103115760105,37.92863239475146));
#17786=IFCCARTESIANPOINT((-93.863436449093442,37.92863239475146));
#17787=IFCCARTESIANPOINT((-93.863436449093442,26.604049061418099));
#17788=IFCCARTESIANPOINT((-91.466769782426752,26.604049061418099));
#17789=IFCCARTESIANPOINT((-91.466769782426752,25.928632394751435));
#17790=IFCCARTESIANPOINT((-105.11343644909346,25.928632394751435));
#17791=IFCCARTESIANPOINT((-105.11343644909346,19.133105322415943));
#17792=IFCCARTESIANPOINT((-21.946769782426735,19.113105322415944));
#17793=IFCCARTESIANPOINT((-21.946769782426735,-18.700228010917431));
#17794=IFCCARTESIANPOINT((49.513230217573181,-18.700228010917431));
#17795=IFCCARTESIANPOINT((49.513230217573181,-3.2046030109175341));
#17796=IFCCARTESIANPOINT((85.330938550906822,-3.1846030109175372));
#17797=IFCCARTESIANPOINT((85.330938550906822,3.4420636557491378));
#17798=IFCCARTESIANPOINT((49.513230217573245,3.4620636557491373));
#17799=IFCCARTESIANPOINT((49.513230217573245,25.928632394750981));
#17800=IFCPOLYLINE((#17779,#17780,#17781,#17782,#17783,#17784,#17785,#17786,#17787,#17788,#17789,#17790,#17791,#17792,#17793,#17794,#17795,#17796,#17797,#17798,#17799));
#17801=IFCARBITRARYCLOSEDPROFILEDEF(.AREA.,$,#17800);
#17802=IFCCARTESIANPOINT((0.,0.,0.));
#17803=IFCAXIS2PLACEMENT3D(#17802,$,$);
#17804=IFCDIRECTION((0.,0.,1.));
#17805=IFCEXTRUDEDAREASOLID(#17801,#17803,#17804,12.);
#17806=IFCSHAPEREPRESENTATION(#24,'Body','SweptSolid',(#17805));
#17807=IFCCARTESIANPOINT((49.513230217573245,25.928632394750981));
#17808=IFCCARTESIANPOINT((-86.050103115760109,25.928632394750981));
#17809=IFCCARTESIANPOINT((-86.050103115760109,26.604049061417651));
#17810=IFCCARTESIANPOINT((-78.403436449093491,26.604049061417651));
#17811=IFCCARTESIANPOINT((-78.403436449093491,33.67863239475146));
#17812=IFCCARTESIANPOINT((-84.070103115760105,33.698632394751471));
#17813=IFCCARTESIANPOINT((-84.070103115760105,37.92863239475146));
#17814=IFCCARTESIANPOINT((-93.863436449093442,37.92863239475146));
#17815=IFCCARTESIANPOINT((-93.863436449093442,26.604049061418099));
#17816=IFCCARTESIANPOINT((-91.466769782426752,26.604049061418099));
#17817=IFCCARTESIANPOINT((-91.466769782426752,25.928632394751435));
#17818=IFCCARTESIANPOINT((-105.11343644909346,25.928632394751435));
#17819=IFCCARTESIANPOINT((-105.11343644909346,19.133105322415943));
#17820=IFCCARTESIANPOINT((-21.946769782426735,19.113105322415944));
#17821=IFCCARTESIANPOINT((-21.946769782426735,-18.700228010917431));
#17822=IFCCARTESIANPOINT((49.513230217573181,-18.700228010917431));
#17823=IFCCARTESIANPOINT((49.513230217573181,-3.2046030109175341));
#17824=IFCCARTESIANPOINT((85.330938550906822,-3.1846030109175372));
#17825=IFCCARTESIANPOINT((85.330938550906822,3.4420636557491378));
#17826=IFCCARTESIANPOINT((49.513230217573245,3.4620636557491373));
#17827=IFCCARTESIANPOINT((49.513230217573245,25.928632394750981));
#17828=IFCPOLYLINE((#17807,#17808,#17809,#17810,#17811,#17812,#17813,#17814,#17815,#17816,#17817,#17818,#17819,#17820,#17821,#17822,#17823,#17824,#17825,#17826,#17827));
#17829=IFCSHAPEREPRESENTATION(#26,'FootPrint','Curve2D',(#17828));
#17830=IFCPRODUCTDEFINITIONSHAPE($,$,(#17829,#17806));
#17831=IFCCARTESIANPOINT((0.,0.,0.));
#17832=IFCAXIS2PLACEMENT3D(#17831,$,$);
#17833=IFCLOCALPLACEMENT(#33,#17832);
#17834=IFCSPACE('1oR51g91X15vVBFBcFNG0Z',#6,'3-01',$,$,#17833,#17830,'Corridor',.ELEMENT.,.INTERNAL.,0.);
#17835=IFCQUANTITYLENGTH('Height',$,$,12.);
#17836=IFCQUANTITYLENGTH('GrossPerimeter',$,$,514.1531863444817);
#17837=IFCQUANTITYAREA('GrossFloorArea',$,$,4147.9496327716079);
#17838=IFCQUANTITYAREA('NetFloorArea',$,$,4147.9496327716079);
#17839=IFCQUANTITYVOLUME('GrossVolume',$,$,49775.395593259294);
#17840=IFCQUANTITYVOLUME('NetVolume',$,$,49775.395593259294);
#17841=IFCELEMENTQUANTITY('20AtHpo9rB1xtj7vuqQVqN',#6,'Qto_SpaceBaseQuantities',$,$,(#17835,#17836,#17837,#17838,#17839,#17840));
#17842=IFCRELDEFINESBYPROPERTIES('2NdFZUyg97huK5HbxNxaTP',#6,$,$,(#17834),#17841);
#17843=IFCPROPERTYSINGLEVALUE('IsExternal',$,IFCBOOLEAN(.F.),$);
#17844=IFCPROPERTYSINGLEVALUE('GrossPlannedArea',$,IFCAREAMEASURE(4147.9496327716079),$);
#17845=IFCPROPERTYSET('0FcU36pKv4UfIw3EU$LIEL',#6,'Pset_SpaceCommon',$,(#17843,#17844));
#17846=IFCRELDEFINESBYPROPERTIES('2rrtjYGMz02eXQMNEYKOs4',#6,$,$,(#17834),#17845);
#17847=IFCCARTESIANPOINT((-12.811353115760133,-5.4814780109175736));
#17848=IFCCARTESIANPOINT((41.877813550906595,-5.4814780109175736));
#17849=IFCCARTESIANPOINT((41.877813550906595,16.291021989082616));
#17850=IFCCARTESIANPOINT((-12.811353115760133,16.291021989082616));
#17851=IFCCARTESIANPOINT((-12.811353115760133,-5.4814780109175736));
#17852=IFCPOLYLINE((#17847,#17848,#17849,#17850,#17851));
#17853=IFCARBITRARYCLOSEDPROFILEDEF(.AREA.,$,#17852);
#17854=IFCCARTESIANPOINT((0.,0.,0.));
#17855=IFCAXIS2PLACEMENT3D(#17854,$,$);
#17856=IFCDIRECTION((0.,0.,1.));
#17857=IFCEXTRUDEDAREASOLID(#17853,#17855,#17856,12.);
#17858=IFCSHAPEREPRESENTATION(#24,'Body','SweptSolid',(#17857));
#17859=IFCCARTESIANPOINT((-12.811353115760133,-5.4814780109175736));
#17860=IFCCARTESIANPOINT((41.877813550906595,-5.4814780109175736));
#17861=IFCCARTESIANPOINT((41.877813550906595,16.291021989082616));
#17862=IFCCARTESIANPOINT((-12.811353115760133,16.291021989082616));
#17863=IFCCARTESIANPOINT((-12.811353115760133,-5.4814780109175736));
#17864=IFCPOLYLINE((#17859,#17860,#17861,#17862,#17863));
#17865=IFCSHAPEREPRESENTATION(#26,'FootPrint','Curve2D',(#17864));
#17866=IFCPRODUCTDEFINITIONSHAPE($,$,(#17865,#17858));
#17867=IFCCARTESIANPOINT((0.,0.,0.));
#17868=IFCAXIS2PLACEMENT3D(#17867,$,$);
#17869=IFCLOCALPLACEMENT(#33,#17868);
#17870=IFCSPACE('1cCNt9hxj0nuyAW9Qvamhi',#6,'3-02',$,$,#17869,#17866,'Room',.ELEMENT.,.INTERNAL.,0.);
#17871=IFCQUANTITYLENGTH('Height',$,$,12.);
#17872=IFCQUANTITYLENGTH('GrossPerimeter',$,$,152.92333333333383);
#17873=IFCQUANTITYAREA('GrossFloorArea',$,$,1190.7198812500117);
#17874=IFCQUANTITYAREA('NetFloorArea',$,$,1190.7198812500117);
#17875=IFCQUANTITYVOLUME('GrossVolume',$,$,14288.638575000139);
#17876=IFCQUANTITYVOLUME('NetVolume',$,$,14288.638575000139);
#17877=IFCELEMENTQUANTITY('2lXhMB_B907OKN1tfSYl1$',#6,'Qto_SpaceBaseQuantities',$,$,(#17871,#17872,#17873,#17874,#17875,#17876));
#17878=IFCRELDEFINESBYPROPERTIES('04xzPx3dX6QAvxrDOOAeCi',#6,$,$,(#17870),#17877);
#17879=IFCPROPERTYSINGLEVALUE('IsExternal',$,IFCBOOLEAN(.F.),$);
#17880=IFCPROPERTYSINGLEVALUE('GrossPlannedArea',$,IFCAREAMEASURE(1190.7198812500117),$);
#17881=IFCPROPERTYSET('2t2OrFf2f22hRG5U57OA2P',#6,'Pset_SpaceCommon',$,(#17879,#17880));
#17882=IFCRELDEFINESBYPROPERTIES('2WCJanyOn4GPfRyZLMfGlq',#6,$,$,(#17870),#17881);
#17883=IFCCARTESIANPOINT((-60.582186449093371,-1.502311344250604));
#17884=IFCCARTESIANPOINT((-40.622186449093384,-1.502311344250604));
#17885=IFCCARTESIANPOINT((-40.622186449093384,18.457688655749273));
#17886=IFCCARTESIANPOINT((-60.582186449093371,18.457688655749273));
#17887=IFCCARTESIANPOINT((-60.582186449093371,-1.502311344250604));
#17888=IFCPOLYLINE((#17883,#17884,#17885,#17886,#17887));
#17889=IFCARBITRARYCLOSEDPROFILEDEF(.AREA.,$,#17888);
#17890=IFCCARTESIANPOINT((0.,0.,0.));
#17891=IFCAXIS2PLACEMENT3D(#17890,$,$);
#17892=IFCDIRECTION((0.,0.,1.));
#17893=IFCEXTRUDEDAREASOLID(#17889,#17891,#17892,12.);
#17894=IFCSHAPEREPRESENTATION(#24,'Body','SweptSolid',(#17893));
#17895=IFCCARTESIANPOINT((-60.582186449093371,-1.502311344250604));
#17896=IFCCARTESIANPOINT((-40.622186449093384,-1.502311344250604));
#17897=IFCCARTESIANPOINT((-40.622186449093384,18.457688655749273));
#17898=IFCCARTESIANPOINT((-60.582186449093371,18.457688655749273));
#17899=IFCCARTESIANPOINT((-60.582186449093371,-1.502311344250604));
#17900=IFCPOLYLINE((#17895,#17896,#17897,#17898,#17899));
#17901=IFCSHAPEREPRESENTATION(#26,'FootPrint','Curve2D',(#17900));
#17902=IFCPRODUCTDEFINITIONSHAPE($,$,(#17901,#17894));
#17903=IFCCARTESIANPOINT((0.,0.,0.));
#17904=IFCAXIS2PLACEMENT3D(#17903,$,$);
#17905=IFCLOCALPLACEMENT(#33,#17904);
#17906=IFCSPACE('1KUruSCRzAFhGGOwQJSW1G',#6,'3-03',$,$,#17905,#17902,'Room',.ELEMENT.,.INTERNAL.,0.);
#17907=IFCQUANTITYLENGTH('Height',$,$,12.);
#17908=IFCQUANTITYLENGTH('GrossPerimeter',$,$,79.839999999999719);
#17909=IFCQUANTITYAREA('GrossFloorArea',$,$,398.40159999999725);
#17910=IFCQUANTITYAREA('NetFloorArea',$,$,398.40159999999725);
#17911=IFCQUANTITYVOLUME('GrossVolume',$,$,4780.8191999999672);
#17912=IFCQUANTITYVOLUME('NetVolume',$,$,4780.8191999999672);
#17913=IFCELEMENTQUANTITY('2SVnpJXAbEp9wpRJpXVVT4',#6,'Qto_SpaceBaseQuantities',$,$,(#17907,#17908,#17909,#17910,#17911,#17912));
#17914=IFCRELDEFINESBYPROPERTIES('0ohx4o7nrA2QTP5B2HKGUA',#6,$,$,(#17906),#17913);
#17915=IFCPROPERTYSINGLEVALUE('IsExternal',$,IFCBOOLEAN(.F.),$);
#17916=IFCPROPERTYSINGLEVALUE('GrossPlannedArea',$,IFCAREAMEASURE(398.40159999999725),$);
#17917=IFCPROPERTYSET('0jNYnDjnX7v86HelWIY4jn',#6,'Pset_SpaceCommon',$,(#17915,#17916));
#17918=IFCRELDEFINESBYPROPERTIES('0nZiHc_Lv7oR_ysyeei6EM',#6,$,$,(#17906),#17917);
#17919=IFCCARTESIANPOINT((-83.394686449093456,34.354049061418138));
#17920=IFCCARTESIANPOINT((-77.748019782426823,34.354049061418138));
#17921=IFCCARTESIANPOINT((-77.728019782426813,26.604049061417651));
#17922=IFCCARTESIANPOINT((-67.768019782426791,26.604049061417651));
#17923=IFCCARTESIANPOINT((-67.768019782426791,44.230715728084505));
#17924=IFCCARTESIANPOINT((-83.712394782426784,44.230715728084505));
#17925=IFCCARTESIANPOINT((-83.712394782426784,38.604049061418138));
#17926=IFCCARTESIANPOINT((-83.414686449093452,38.604049061418138));
#17927=IFCCARTESIANPOINT((-83.394686449093456,34.354049061418138));
#17928=IFCPOLYLINE((#17919,#17920,#17921,#17922,#17923,#17924,#17925,#17926,#17927));
#17929=IFCARBITRARYCLOSEDPROFILEDEF(.AREA.,$,#17928);
#17930=IFCCARTESIANPOINT((0.,0.,0.));
#17931=IFCAXIS2PLACEMENT3D(#17930,$,$);
#17932=IFCDIRECTION((0.,0.,1.));
#17933=IFCEXTRUDEDAREASOLID(#17929,#17931,#17932,12.);
#17934=IFCSHAPEREPRESENTATION(#24,'Body','SweptSolid',(#17933));
#17935=IFCCARTESIANPOINT((-83.394686449093456,34.354049061418138));
#17936=IFCCARTESIANPOINT((-77.748019782426823,34.354049061418138));
#17937=IFCCARTESIANPOINT((-77.728019782426813,26.604049061417651));
#17938=IFCCARTESIANPOINT((-67.768019782426791,26.604049061417651));
#17939=IFCCARTESIANPOINT((-67.768019782426791,44.230715728084505));
#17940=IFCCARTESIANPOINT((-83.712394782426784,44.230715728084505));
#17941=IFCCARTESIANPOINT((-83.712394782426784,38.604049061418138));
#17942=IFCCARTESIANPOINT((-83.414686449093452,38.604049061418138));
#17943=IFCCARTESIANPOINT((-83.394686449093456,34.354049061418138));
#17944=IFCPOLYLINE((#17935,#17936,#17937,#17938,#17939,#17940,#17941,#17942,#17943));
#17945=IFCSHAPEREPRESENTATION(#26,'FootPrint','Curve2D',(#17944));
#17946=IFCPRODUCTDEFINITIONSHAPE($,$,(#17945,#17934));
#17947=IFCCARTESIANPOINT((0.,0.,0.));
#17948=IFCAXIS2PLACEMENT3D(#17947,$,$);
#17949=IFCLOCALPLACEMENT(#33,#17948);
#17950=IFCSPACE('1sYKO0WufBMB9sm$f5HP5R',#6,'3-04',$,$,#17949,#17946,'Room',.ELEMENT.,.INTERNAL.,0.);
#17951=IFCQUANTITYLENGTH('Height',$,$,12.);
#17952=IFCQUANTITYLENGTH('GrossPerimeter',$,$,67.102156198305337);
#17953=IFCQUANTITYAREA('GrossFloorArea',$,$,233.43701666666689);
#17954=IFCQUANTITYAREA('NetFloorArea',$,$,233.43701666666689);
#17955=IFCQUANTITYVOLUME('GrossVolume',$,$,2801.2442000000028);
#17956=IFCQUANTITYVOLUME('NetVolume',$,$,2801.2442000000028);
#17957=IFCELEMENTQUANTITY('3bge6uKC59eORWk3bFMROt',#6,'Qto_SpaceBaseQuantities',$,$,(#17951,#17952,#17953,#17954,#17955,#17956));
#17958=IFCRELDEFINESBYPROPERTIES('0asecxkcXFoBtJ4P8yeAqL',#6,$,$,(#17950),#17957);
#17959=IFCPROPERTYSINGLEVALUE('IsExternal',$,IFCBOOLEAN(.F.),$);
#17960=IFCPROPERTYSINGLEVALUE('GrossPlannedArea',$,IFCAREAMEASURE(233.43701666666689),$);
#17961=IFCPROPERTYSET('2iZC1yxWPCqRNrG4gfC4nj',#6,'Pset_SpaceCommon',$,(#17959,#17960));
#17962=IFCRELDEFINESBYPROPERTIES('22kZSVMzD5hhlt7Szl5HXw',#6,$,$,(#17950),#17961);
#17963=IFCCARTESIANPOINT((61.355313550906622,4.1174803224158039));
#17964=IFCCARTESIANPOINT((76.148646884239966,4.1174803224158039));
#17965=IFCCARTESIANPOINT((76.148646884239966,13.910813655749099));
#17966=IFCCARTESIANPOINT((61.355313550906622,13.910813655749099));
#17967=IFCCARTESIANPOINT((61.355313550906622,4.1174803224158039));
#17968=IFCPOLYLINE((#17963,#17964,#17965,#17966,#17967));
#17969=IFCARBITRARYCLOSEDPROFILEDEF(.AREA.,$,#17968);
#17970=IFCCARTESIANPOINT((0.,0.,0.));
#17971=IFCAXIS2PLACEMENT3D(#17970,$,$);
#17972=IFCDIRECTION((0.,0.,1.));
#17973=IFCEXTRUDEDAREASOLID(#17969,#17971,#17972,12.);
#17974=IFCSHAPEREPRESENTATION(#24,'Body','SweptSolid',(#17973));
#17975=IFCCARTESIANPOINT((61.355313550906622,4.1174803224158039));
#17976=IFCCARTESIANPOINT((76.148646884239966,4.1174803224158039));
#17977=IFCCARTESIANPOINT((76.148646884239966,13.910813655749099));
#17978=IFCCARTESIANPOINT((61.355313550906622,13.910813655749099));
#17979=IFCCARTESIANPOINT((61.355313550906622,4.1174803224158039));
#17980=IFCPOLYLINE((#17975,#17976,#17977,#17978,#17979));
#17981=IFCSHAPEREPRESENTATION(#26,'FootPrint','Curve2D',(#17980));
#17982=IFCPRODUCTDEFINITIONSHAPE($,$,(#17981,#17974));
#17983=IFCCARTESIANPOINT((0.,0.,0.));
#17984=IFCAXIS2PLACEMENT3D(#17983,$,$);
#17985=IFCLOCALPLACEMENT(#33,#17984);
#17986=IFCSPACE('2DQOFuSfHB18Q7YCerQtG2',#6,'3-05',$,$,#17985,#17982,'Room',.ELEMENT.,.INTERNAL.,0.);
#17987=IFCQUANTITYLENGTH('Height',$,$,12.);
#17988=IFCQUANTITYLENGTH('GrossPerimeter',$,$,49.173333333333275);
#17989=IFCQUANTITYAREA('GrossFloorArea',$,$,144.87604444444395);
#17990=IFCQUANTITYAREA('NetFloorArea',$,$,144.87604444444395);
#17991=IFCQUANTITYVOLUME('GrossVolume',$,$,1738.5125333333274);
#17992=IFCQUANTITYVOLUME('NetVolume',$,$,1738.5125333333274);
#17993=IFCELEMENTQUANTITY('1jSVSA9aj84gjZZBZzlh8I',#6,'Qto_SpaceBaseQuantities',$,$,(#17987,#17988,#17989,#17990,#17991,#17992));
#17994=IFCRELDEFINESBYPROPERTIES('1$oVWls3X56RK7PyUvYsIR',#6,$,$,(#17986),#17993);
#17995=IFCPROPERTYSINGLEVALUE('IsExternal',$,IFCBOOLEAN(.F.),$);
#17996=IFCPROPERTYSINGLEVALUE('GrossPlannedArea',$,IFCAREAMEASURE(144.87604444444395),$);
#17997=IFCPROPERTYSET('3DcuaHjFX8ZeXQ4hfNDGgN',#6,'Pset_SpaceCommon',$,(#17995,#17996));
#17998=IFCRELDEFINESBYPROPERTIES('1HEJEPpvPDLxQjPLqs47bs',#6,$,$,(#17986),#17997);
#17999=IFCCARTESIANPOINT((64.355313550906601,-3.8600196775842042));
#18000=IFCCARTESIANPOINT((64.355313550906601,-14.137728010917519));
#18001=IFCCARTESIANPOINT((74.315313550906595,-14.137728010917519));
#18002=IFCCARTESIANPOINT((74.315313550906595,-3.8600196775842042));
#18003=IFCCARTESIANPOINT((64.355313550906601,-3.8600196775842042));
#18004=IFCPOLYLINE((#17999,#18000,#18001,#18002,#18003));
#18005=IFCARBITRARYCLOSEDPROFILEDEF(.AREA.,$,#18004);
#18006=IFCCARTESIANPOINT((0.,0.,0.));
#18007=IFCAXIS2PLACEMENT3D(#18006,$,$);
#18008=IFCDIRECTION((0.,0.,1.));
#18009=IFCEXTRUDEDAREASOLID(#18005,#18007,#18008,12.);
#18010=IFCSHAPEREPRESENTATION(#24,'Body','SweptSolid',(#18009));
#18011=IFCCARTESIANPOINT((64.355313550906601,-3.8600196775842042));
#18012=IFCCARTESIANPOINT((64.355313550906601,-14.137728010917519));
#18013=IFCCARTESIANPOINT((74.315313550906595,-14.137728010917519));
#18014=IFCCARTESIANPOINT((74.315313550906595,-3.8600196775842042));
#18015=IFCCARTESIANPOINT((64.355313550906601,-3.8600196775842042));
#18016=IFCPOLYLINE((#18011,#18012,#18013,#18014,#18015));
#18017=IFCSHAPEREPRESENTATION(#26,'FootPrint','Curve2D',(#18016));
#18018=IFCPRODUCTDEFINITIONSHAPE($,$,(#18017,#18010));
#18019=IFCCARTESIANPOINT((0.,0.,0.));
#18020=IFCAXIS2PLACEMENT3D(#18019,$,$);
#18021=IFCLOCALPLACEMENT(#33,#18020);
#18022=IFCSPACE('0PmKa8yD95G9hwtvgdKbV$',#6,'3-06',$,$,#18021,#18018,'Room',.ELEMENT.,.INTERNAL.,0.);
#18023=IFCQUANTITYLENGTH('Height',$,$,12.);
#18024=IFCQUANTITYLENGTH('GrossPerimeter',$,$,40.475416666666618);
#18025=IFCQUANTITYAREA('GrossFloorArea',$,$,102.36597499999975);
#18026=IFCQUANTITYAREA('NetFloorArea',$,$,102.36597499999975);
#18027=IFCQUANTITYVOLUME('GrossVolume',$,$,1228.3916999999969);
#18028=IFCQUANTITYVOLUME('NetVolume',$,$,1228.3916999999969);
#18029=IFCELEMENTQUANTITY('1RbbEuD2fDLPzxRbCI3rVD',#6,'Qto_SpaceBaseQuantities',$,$,(#18023,#18024,#18025,#18026,#18027,#18028));
#18030=IFCRELDEFINESBYPROPERTIES('0Xu0zH8DLA88f2CszW$9BQ',#6,$,$,(#18022),#18029);
#18031=IFCPROPERTYSINGLEVALUE('IsExternal',$,IFCBOOLEAN(.F.),$);
#18032=IFCPROPERTYSINGLEVALUE('GrossPlannedArea',$,IFCAREAMEASURE(102.36597499999975),$);
#18033=IFCPROPERTYSET('0lIV3wmEzBcQvFms7ks5P0',#6,'Pset_SpaceCommon',$,(#18031,#18032));
#18034=IFCRELDEFINESBYPROPERTIES('13rE88q6z4fB56lh9wzNzn',#6,$,$,(#18022),#18033);
#18035=IFCCARTESIANPOINT((-50.582186449093371,26.604049061417651));
#18036=IFCCARTESIANPOINT((-40.622186449093384,26.604049061417651));
#18037=IFCCARTESIANPOINT((-40.622186449093384,36.564049061417734));
#18038=IFCCARTESIANPOINT((-50.582186449093371,36.564049061417734));
#18039=IFCCARTESIANPOINT((-50.582186449093371,26.604049061417651));
#18040=IFCPOLYLINE((#18035,#18036,#18037,#18038,#18039));
#18041=IFCARBITRARYCLOSEDPROFILEDEF(.AREA.,$,#18040);
#18042=IFCCARTESIANPOINT((0.,0.,0.));
#18043=IFCAXIS2PLACEMENT3D(#18042,$,$);
#18044=IFCDIRECTION((0.,0.,1.));
#18045=IFCEXTRUDEDAREASOLID(#18041,#18043,#18044,12.);
#18046=IFCSHAPEREPRESENTATION(#24,'Body','SweptSolid',(#18045));
#18047=IFCCARTESIANPOINT((-50.582186449093371,26.604049061417651));
#18048=IFCCARTESIANPOINT((-40.622186449093384,26.604049061417651));
#18049=IFCCARTESIANPOINT((-40.622186449093384,36.564049061417734));
#18050=IFCCARTESIANPOINT((-50.582186449093371,36.564049061417734));
#18051=IFCCARTESIANPOINT((-50.582186449093371,26.604049061417651));
#18052=IFCPOLYLINE((#18047,#18048,#18049,#18050,#18051));
#18053=IFCSHAPEREPRESENTATION(#26,'FootPrint','Curve2D',(#18052));
#18054=IFCPRODUCTDEFINITIONSHAPE($,$,(#18053,#18046));
#18055=IFCCARTESIANPOINT((0.,0.,0.));
#18056=IFCAXIS2PLACEMENT3D(#18055,$,$);
#18057=IFCLOCALPLACEMENT(#33,#18056);
#18058=IFCSPACE('3Xr9NFJRD0Sf8LpvS0C$ZM',#6,'3-07',$,$,#18057,#18054,'Room',.ELEMENT.,.INTERNAL.,0.);
#18059=IFCQUANTITYLENGTH('Height',$,$,12.);
#18060=IFCQUANTITYLENGTH('GrossPerimeter',$,$,39.840000000000138);
#18061=IFCQUANTITYAREA('GrossFloorArea',$,$,99.201600000000695);
#18062=IFCQUANTITYAREA('NetFloorArea',$,$,99.201600000000695);
#18063=IFCQUANTITYVOLUME('GrossVolume',$,$,1190.4192000000085);
#18064=IFCQUANTITYVOLUME('NetVolume',$,$,1190.4192000000085);
#18065=IFCELEMENTQUANTITY('2OdoTmDcn3LQ1ea1ingfdQ',#6,'Qto_SpaceBaseQuantities',$,$,(#18059,#18060,#18061,#18062,#18063,#18064));
#18066=IFCRELDEFINESBYPROPERTIES('1VNNW0jX1FagHEmjzDr8IX',#6,$,$,(#18058),#18065);
#18067=IFCPROPERTYSINGLEVALUE('IsExternal',$,IFCBOOLEAN(.F.),$);
#18068=IFCPROPERTYSINGLEVALUE('GrossPlannedArea',$,IFCAREAMEASURE(99.201600000000695),$);
#18069=IFCPROPERTYSET('0PmmEE_658xgLlCQPMMgs4',#6,'Pset_SpaceCommon',$,(#18067,#18068));
#18070=IFCRELDEFINESBYPROPERTIES('3j$mzH$aT6MgPYFiqYsVnq',#6,$,$,(#18058),#18069);
#18071=IFCCARTESIANPOINT((30.251146884239933,26.604049061417651));
#18072=IFCCARTESIANPOINT((40.21114688423993,26.604049061417651));
#18073=IFCCARTESIANPOINT((40.21114688423993,36.564049061417627));
#18074=IFCCARTESIANPOINT((30.251146884239933,36.564049061417627));
#18075=IFCCARTESIANPOINT((30.251146884239933,26.604049061417651));
#18076=IFCPOLYLINE((#18071,#18072,#18073,#18074,#18075));
#18077=IFCARBITRARYCLOSEDPROFILEDEF(.AREA.,$,#18076);
#18078=IFCCARTESIANPOINT((0.,0.,0.));
#18079=IFCAXIS2PLACEMENT3D(#18078,$,$);
#18080=IFCDIRECTION((0.,0.,1.));
#18081=IFCEXTRUDEDAREASOLID(#18077,#18079,#18080,12.);
#18082=IFCSHAPEREPRESENTATION(#24,'Body','SweptSolid',(#18081));
#18083=IFCCARTESIANPOINT((30.251146884239933,26.604049061417651));
#18084=IFCCARTESIANPOINT((40.21114688423993,26.604049061417651));
#18085=IFCCARTESIANPOINT((40.21114688423993,36.564049061417627));
#18086=IFCCARTESIANPOINT((30.251146884239933,36.564049061417627));
#18087=IFCCARTESIANPOINT((30.251146884239933,26.604049061417651));
#18088=IFCPOLYLINE((#18083,#18084,#18085,#18086,#18087));
#18089=IFCSHAPEREPRESENTATION(#26,'FootPrint','Curve2D',(#18088));
#18090=IFCPRODUCTDEFINITIONSHAPE($,$,(#18089,#18082));
#18091=IFCCARTESIANPOINT((0.,0.,0.));
#18092=IFCAXIS2PLACEMENT3D(#18091,$,$);
#18093=IFCLOCALPLACEMENT(#33,#18092);
#18094=IFCSPACE('1v0N9aLuvA_uf6pfgkM3lF',#6,'3-08',$,$,#18093,#18090,'Room',.ELEMENT.,.INTERNAL.,0.);
#18095=IFCQUANTITYLENGTH('Height',$,$,12.);
#18096=IFCQUANTITYLENGTH('GrossPerimeter',$,$,39.839999999999947);
#18097=IFCQUANTITYAREA('GrossFloorArea',$,$,99.201599999999729);
#18098=IFCQUANTITYAREA('NetFloorArea',$,$,99.201599999999729);
#18099=IFCQUANTITYVOLUME('GrossVolume',$,$,1190.4191999999966);
#18100=IFCQUANTITYVOLUME('NetVolume',$,$,1190.4191999999966);
#18101=IFCELEMENTQUANTITY('0xtMU5pI53XBvf2VdAgPTG',#6,'Qto_SpaceBaseQuantities',$,$,(#18095,#18096,#18097,#18098,#18099,#18100));
#18102=IFCRELDEFINESBYPROPERTIES('1ZuUmOqNz3gAw6H15CJf$u',#6,$,$,(#18094),#18101);
#18103=IFCPROPERTYSINGLEVALUE('IsExternal',$,IFCBOOLEAN(.F.),$);
#18104=IFCPROPERTYSINGLEVALUE('GrossPlannedArea',$,IFCAREAMEASURE(99.201599999999729),$);
#18105=IFCPROPERTYSET('0qq1377_b06hAa26S59JGz',#6,'Pset_SpaceCommon',$,(#18103,#18104));
#18106=IFCRELDEFINESBYPROPERTIES('0SuKT9XSr94wMvRbLVb8j8',#6,$,$,(#18094),#18105);
#18107=IFCCARTESIANPOINT((2.7111468842399717,36.564049061417613));
#18108=IFCCARTESIANPOINT((-7.2488531157600349,36.564049061417613));
#18109=IFCCARTESIANPOINT((-7.2488531157600349,26.604049061417651));
#18110=IFCCARTESIANPOINT((2.7111468842399717,26.604049061417651));
#18111=IFCCARTESIANPOINT((2.7111468842399717,36.564049061417613));
#18112=IFCPOLYLINE((#18107,#18108,#18109,#18110,#18111));
#18113=IFCARBITRARYCLOSEDPROFILEDEF(.AREA.,$,#18112);
#18114=IFCCARTESIANPOINT((0.,0.,0.));
#18115=IFCAXIS2PLACEMENT3D(#18114,$,$);
#18116=IFCDIRECTION((0.,0.,1.));
#18117=IFCEXTRUDEDAREASOLID(#18113,#18115,#18116,12.);
#18118=IFCSHAPEREPRESENTATION(#24,'Body','SweptSolid',(#18117));
#18119=IFCCARTESIANPOINT((2.7111468842399717,36.564049061417613));
#18120=IFCCARTESIANPOINT((-7.2488531157600349,36.564049061417613));
#18121=IFCCARTESIANPOINT((-7.2488531157600349,26.604049061417651));
#18122=IFCCARTESIANPOINT((2.7111468842399717,26.604049061417651));
#18123=IFCCARTESIANPOINT((2.7111468842399717,36.564049061417613));
#18124=IFCPOLYLINE((#18119,#18120,#18121,#18122,#18123));
#18125=IFCSHAPEREPRESENTATION(#26,'FootPrint','Curve2D',(#18124));
#18126=IFCPRODUCTDEFINITIONSHAPE($,$,(#18125,#18118));
#18127=IFCCARTESIANPOINT((0.,0.,0.));
#18128=IFCAXIS2PLACEMENT3D(#18127,$,$);
#18129=IFCLOCALPLACEMENT(#33,#18128);
#18130=IFCSPACE('1LjzbZFvr5Jw_e09uV5ONn',#6,'3-09',$,$,#18129,#18126,'Room',.ELEMENT.,.INTERNAL.,0.);
#18131=IFCQUANTITYLENGTH('Height',$,$,12.);
#18132=IFCQUANTITYLENGTH('GrossPerimeter',$,$,39.839999999999932);
#18133=IFCQUANTITYAREA('GrossFloorArea',$,$,99.201599999999686);
#18134=IFCQUANTITYAREA('NetFloorArea',$,$,99.201599999999686);
#18135=IFCQUANTITYVOLUME('GrossVolume',$,$,1190.4191999999962);
#18136=IFCQUANTITYVOLUME('NetVolume',$,$,1190.4191999999962);
#18137=IFCELEMENTQUANTITY('0P72GIdfX2aRliujyWSMMb',#6,'Qto_SpaceBaseQuantities',$,$,(#18131,#18132,#18133,#18134,#18135,#18136));
#18138=IFCRELDEFINESBYPROPERTIES('38RR8Ylnf7vhALetDjHBA7',#6,$,$,(#18130),#18137);
#18139=IFCPROPERTYSINGLEVALUE('IsExternal',$,IFCBOOLEAN(.F.),$);
#18140=IFCPROPERTYSINGLEVALUE('GrossPlannedArea',$,IFCAREAMEASURE(99.201599999999686),$);
#18141=IFCPROPERTYSET('3N6rIEhLTDLhUhn3XJzesh',#6,'Pset_SpaceCommon',$,(#18139,#18140));
#18142=IFCRELDEFINESBYPROPERTIES('0Ov_6heDf8wuORW12m1E0c',#6,$,$,(#18130),#18141);
#18143=IFCCARTESIANPOINT((-21.915519782426802,-19.375644677584102));
#18144=IFCCARTESIANPOINT((-21.915519782426802,-29.335644677584));
#18145=IFCCARTESIANPOINT((-11.955519782426805,-29.335644677584));
#18146=IFCCARTESIANPOINT((-11.955519782426805,-19.375644677584102));
#18147=IFCCARTESIANPOINT((-21.915519782426802,-19.375644677584102));
#18148=IFCPOLYLINE((#18143,#18144,#18145,#18146,#18147));
#18149=IFCARBITRARYCLOSEDPROFILEDEF(.AREA.,$,#18148);
#18150=IFCCARTESIANPOINT((0.,0.,0.));
#18151=IFCAXIS2PLACEMENT3D(#18150,$,$);
#18152=IFCDIRECTION((0.,0.,1.));
#18153=IFCEXTRUDEDAREASOLID(#18149,#18151,#18152,12.);
#18154=IFCSHAPEREPRESENTATION(#24,'Body','SweptSolid',(#18153));
#18155=IFCCARTESIANPOINT((-21.915519782426802,-19.375644677584102));
#18156=IFCCARTESIANPOINT((-21.915519782426802,-29.335644677584));
#18157=IFCCARTESIANPOINT((-11.955519782426805,-29.335644677584));
#18158=IFCCARTESIANPOINT((-11.955519782426805,-19.375644677584102));
#18159=IFCCARTESIANPOINT((-21.915519782426802,-19.375644677584102));
#18160=IFCPOLYLINE((#18155,#18156,#18157,#18158,#18159));
#18161=IFCSHAPEREPRESENTATION(#26,'FootPrint','Curve2D',(#18160));
#18162=IFCPRODUCTDEFINITIONSHAPE($,$,(#18161,#18154));
#18163=IFCCARTESIANPOINT((0.,0.,0.));
#18164=IFCAXIS2PLACEMENT3D(#18163,$,$);
#18165=IFCLOCALPLACEMENT(#33,#18164);
#18166=IFCSPACE('0Zwk9kmsH2cv0B3smeo7R4',#6,'3-10',$,$,#18165,#18162,'Room',.ELEMENT.,.INTERNAL.,0.);
#18167=IFCQUANTITYLENGTH('Height',$,$,12.);
#18168=IFCQUANTITYLENGTH('GrossPerimeter',$,$,39.83999999999979);
#18169=IFCQUANTITYAREA('GrossFloorArea',$,$,99.201599999998962);
#18170=IFCQUANTITYAREA('NetFloorArea',$,$,99.201599999998962);
#18171=IFCQUANTITYVOLUME('GrossVolume',$,$,1190.4191999999875);
#18172=IFCQUANTITYVOLUME('NetVolume',$,$,1190.4191999999875);
#18173=IFCELEMENTQUANTITY('3LyZCnNSH2d9MxY2QprFrw',#6,'Qto_SpaceBaseQuantities',$,$,(#18167,#18168,#18169,#18170,#18171,#18172));
#18174=IFCRELDEFINESBYPROPERTIES('0sU6i7LGjErR$c1YhkDk5t',#6,$,$,(#18166),#18173);
#18175=IFCPROPERTYSINGLEVALUE('IsExternal',$,IFCBOOLEAN(.F.),$);
#18176=IFCPROPERTYSINGLEVALUE('GrossPlannedArea',$,IFCAREAMEASURE(99.201599999998962),$);
#18177=IFCPROPERTYSET('1pX1kNlhjF0hK3MJEeL2gk',#6,'Pset_SpaceCommon',$,(#18175,#18176));
#18178=IFCRELDEFINESBYPROPERTIES('0ovBytief8ru4GkwlQ9AeE',#6,$,$,(#18166),#18177);
#18179=IFCCARTESIANPOINT((39.886563550906544,-19.375644677584102));
#18180=IFCCARTESIANPOINT((39.886563550906544,-29.50231134425097));
#18181=IFCCARTESIANPOINT((49.513230217573181,-29.50231134425097));
#18182=IFCCARTESIANPOINT((49.513230217573181,-19.375644677584102));
#18183=IFCCARTESIANPOINT((39.886563550906544,-19.375644677584102));
#18184=IFCPOLYLINE((#18179,#18180,#18181,#18182,#18183));
#18185=IFCARBITRARYCLOSEDPROFILEDEF(.AREA.,$,#18184);
#18186=IFCCARTESIANPOINT((0.,0.,0.));
#18187=IFCAXIS2PLACEMENT3D(#18186,$,$);
#18188=IFCDIRECTION((0.,0.,1.));
#18189=IFCEXTRUDEDAREASOLID(#18185,#18187,#18188,12.);
#18190=IFCSHAPEREPRESENTATION(#24,'Body','SweptSolid',(#18189));
#18191=IFCCARTESIANPOINT((39.886563550906544,-19.375644677584102));
#18192=IFCCARTESIANPOINT((39.886563550906544,-29.50231134425097));
#18193=IFCCARTESIANPOINT((49.513230217573181,-29.50231134425097));
#18194=IFCCARTESIANPOINT((49.513230217573181,-19.375644677584102));
#18195=IFCCARTESIANPOINT((39.886563550906544,-19.375644677584102));
#18196=IFCPOLYLINE((#18191,#18192,#18193,#18194,#18195));
#18197=IFCSHAPEREPRESENTATION(#26,'FootPrint','Curve2D',(#18196));
#18198=IFCPRODUCTDEFINITIONSHAPE($,$,(#18197,#18190));
#18199=IFCCARTESIANPOINT((0.,0.,0.));
#18200=IFCAXIS2PLACEMENT3D(#18199,$,$);
#18201=IFCLOCALPLACEMENT(#33,#18200);
#18202=IFCSPACE('3ZgQ2os6X3nu2TO_w1FyP_',#6,'3-11',$,$,#18201,#18198,'Room',.ELEMENT.,.INTERNAL.,0.);
#18203=IFCQUANTITYLENGTH('Height',$,$,12.);
#18204=IFCQUANTITYLENGTH('GrossPerimeter',$,$,39.506666666667009);
#18205=IFCQUANTITYAREA('GrossFloorArea',$,$,97.48604444444608);
#18206=IFCQUANTITYAREA('NetFloorArea',$,$,97.48604444444608);
#18207=IFCQUANTITYVOLUME('GrossVolume',$,$,1169.832533333353);
#18208=IFCQUANTITYVOLUME('NetVolume',$,$,1169.832533333353);
#18209=IFCELEMENTQUANTITY('2wwJ8EzdbEDhi9f_H9$m6c',#6,'Qto_SpaceBaseQuantities',$,$,(#18203,#18204,#18205,#18206,#18207,#18208));
#18210=IFCRELDEFINESBYPROPERTIES('17iiDgYBDCiPoKoY60LSKA',#6,$,$,(#18202),#18209);
#18211=IFCPROPERTYSINGLEVALUE('IsExternal',$,IFCBOOLEAN(.F.),$);
#18212=IFCPROPERTYSINGLEVALUE('GrossPlannedArea',$,IFCAREAMEASURE(97.48604444444608),$);
#18213=IFCPROPERTYSET('3CblACUpz3ngiIldQwdxd2',#6,'Pset_SpaceCommon',$,(#18211,#18212));
#18214=IFCRELDEFINESBYPROPERTIES('3F4zKFMLD0LPokm60nftXD',#6,$,$,(#18202),#18213);
#18215=IFCCARTESIANPOINT((-94.538853115760119,26.604049061418099));
#18216=IFCCARTESIANPOINT((-94.538853115760119,35.913007394751411));
#18217=IFCCARTESIANPOINT((-103.78010311576011,35.913007394751411));
#18218=IFCCARTESIANPOINT((-103.78010311576011,26.604049061418099));
#18219=IFCCARTESIANPOINT((-94.538853115760119,26.604049061418099));
#18220=IFCPOLYLINE((#18215,#18216,#18217,#18218,#18219));
#18221=IFCARBITRARYCLOSEDPROFILEDEF(.AREA.,$,#18220);
#18222=IFCCARTESIANPOINT((0.,0.,0.));
#18223=IFCAXIS2PLACEMENT3D(#18222,$,$);
#18224=IFCDIRECTION((0.,0.,1.));
#18225=IFCEXTRUDEDAREASOLID(#18221,#18223,#18224,12.);
#18226=IFCSHAPEREPRESENTATION(#24,'Body','SweptSolid',(#18225));
#18227=IFCCARTESIANPOINT((-94.538853115760119,26.604049061418099));
#18228=IFCCARTESIANPOINT((-94.538853115760119,35.913007394751411));
#18229=IFCCARTESIANPOINT((-103.78010311576011,35.913007394751411));
#18230=IFCCARTESIANPOINT((-103.78010311576011,26.604049061418099));
#18231=IFCCARTESIANPOINT((-94.538853115760119,26.604049061418099));
#18232=IFCPOLYLINE((#18227,#18228,#18229,#18230,#18231));
#18233=IFCSHAPEREPRESENTATION(#26,'FootPrint','Curve2D',(#18232));
#18234=IFCPRODUCTDEFINITIONSHAPE($,$,(#18233,#18226));
#18235=IFCCARTESIANPOINT((0.,0.,0.));
#18236=IFCAXIS2PLACEMENT3D(#18235,$,$);
#18237=IFCLOCALPLACEMENT(#33,#18236);
#18238=IFCSPACE('2km63x$gvARxlJJhmiNJ4C',#6,'3-12',$,$,#18237,#18234,'Room',.ELEMENT.,.INTERNAL.,0.);
#18239=IFCQUANTITYLENGTH('Height',$,$,12.);
#18240=IFCQUANTITYLENGTH('GrossPerimeter',$,$,37.100416666666611);
#18241=IFCQUANTITYAREA('GrossFloorArea',$,$,86.026411197916403);
#18242=IFCQUANTITYAREA('NetFloorArea',$,$,86.026411197916403);
#18243=IFCQUANTITYVOLUME('GrossVolume',$,$,1032.3169343749969);
#18244=IFCQUANTITYVOLUME('NetVolume',$,$,1032.3169343749969);
#18245=IFCELEMENTQUANTITY('1NA3ftpED7VOClTs3n35dQ',#6,'Qto_SpaceBaseQuantities',$,$,(#18239,#18240,#18241,#18242,#18243,#18244));
#18246=IFCRELDEFINESBYPROPERTIES('355B$HeeL2_eKo0VPmXm0n',#6,$,$,(#18238),#18245);
#18247=IFCPROPERTYSINGLEVALUE('IsExternal',$,IFCBOOLEAN(.F.),$);
#18248=IFCPROPERTYSINGLEVALUE('GrossPlannedArea',$,IFCAREAMEASURE(86.026411197916403),$);
#18249=IFCPROPERTYSET('0onIeWgez6kggQeZMmYnrH',#6,'Pset_SpaceCommon',$,(#18247,#18248));
#18250=IFCRELDEFINESBYPROPERTIES('0xaLfXGDTE7RzVszfBH8Rg',#6,$,$,(#18238),#18249);
#18251=IFCCARTESIANPOINT((94.799688550906865,3.4108136557490147));
#18252=IFCCARTESIANPOINT((86.0063552175735,3.4108136557490147));
#18253=IFCCARTESIANPOINT((86.0063552175735,-5.1325196775844102));
#18254=IFCCARTESIANPOINT((94.799688550906865,-5.1325196775844102));
#18255=IFCCARTESIANPOINT((94.799688550906865,3.4108136557490147));
#18256=IFCPOLYLINE((#18251,#18252,#18253,#18254,#18255));
#18257=IFCARBITRARYCLOSEDPROFILEDEF(.AREA.,$,#18256);
#18258=IFCCARTESIANPOINT((0.,0.,0.));
#18259=IFCAXIS2PLACEMENT3D(#18258,$,$);
#18260=IFCDIRECTION((0.,0.,1.));
#18261=IFCEXTRUDEDAREASOLID(#18257,#18259,#18260,12.);
#18262=IFCSHAPEREPRESENTATION(#24,'Body','SweptSolid',(#18261));
#18263=IFCCARTESIANPOINT((94.799688550906865,3.4108136557490147));
#18264=IFCCARTESIANPOINT((86.0063552175735,3.4108136557490147));
#18265=IFCCARTESIANPOINT((86.0063552175735,-5.1325196775844102));
#18266=IFCCARTESIANPOINT((94.799688550906865,-5.1325196775844102));
#18267=IFCCARTESIANPOINT((94.799688550906865,3.4108136557490147));
#18268=IFCPOLYLINE((#18263,#18264,#18265,#18266,#18267));
#18269=IFCSHAPEREPRESENTATION(#26,'FootPrint','Curve2D',(#18268));
#18270=IFCPRODUCTDEFINITIONSHAPE($,$,(#18269,#18262));
#18271=IFCCARTESIANPOINT((0.,0.,0.));
#18272=IFCAXIS2PLACEMENT3D(#18271,$,$);
#18273=IFCLOCALPLACEMENT(#33,#18272);
#18274=IFCSPACE('1S4j8ROVTDtfnBwa3R1d3u',#6,'3-13',$,$,#18273,#18270,'Room',.ELEMENT.,.INTERNAL.,0.);
#18275=IFCQUANTITYLENGTH('Height',$,$,12.);
#18276=IFCQUANTITYLENGTH('GrossPerimeter',$,$,34.673333333333581);
#18277=IFCQUANTITYAREA('GrossFloorArea',$,$,75.124377777778861);
#18278=IFCQUANTITYAREA('NetFloorArea',$,$,75.124377777778861);
#18279=IFCQUANTITYVOLUME('GrossVolume',$,$,901.49253333334627);
#18280=IFCQUANTITYVOLUME('NetVolume',$,$,901.49253333334627);
#18281=IFCELEMENTQUANTITY('0$k_v91MvCSAj5DD0rfoBJ',#6,'Qto_SpaceBaseQuantities',$,$,(#18275,#18276,#18277,#18278,#18279,#18280));
#18282=IFCRELDEFINESBYPROPERTIES('1fwe5mLlz5qgY7sFBxSto2',#6,$,$,(#18274),#18281);
#18283=IFCPROPERTYSINGLEVALUE('IsExternal',$,IFCBOOLEAN(.F.),$);
#18284=IFCPROPERTYSINGLEVALUE('GrossPlannedArea',$,IFCAREAMEASURE(75.124377777778861),$);
#18285=IFCPROPERTYSET('0Y0bx3qQnEceFVeUPFhL7u',#6,'Pset_SpaceCommon',$,(#18283,#18284));
#18286=IFCRELDEFINESBYPROPERTIES('21St2Badj7euvzs3K7t7cg',#6,$,$,(#18274),#18285);
#18287=IFCCARTESIANPOINT((-93.832186449093456,38.604049061418138));
#18288=IFCCARTESIANPOINT((-84.419061449093434,38.604049061418138));
#18289=IFCCARTESIANPOINT((-84.419061449093434,44.230715728084505));
#18290=IFCCARTESIANPOINT((-93.832186449093456,44.230715728084505));
#18291=IFCCARTESIANPOINT((-93.832186449093456,38.604049061418138));
#18292=IFCPOLYLINE((#18287,#18288,#18289,#18290,#18291));
#18293=IFCARBITRARYCLOSEDPROFILEDEF(.AREA.,$,#18292);
#18294=IFCCARTESIANPOINT((0.,0.,0.));
#18295=IFCAXIS2PLACEMENT3D(#18294,$,$);
#18296=IFCDIRECTION((0.,0.,1.));
#18297=IFCEXTRUDEDAREASOLID(#18293,#18295,#18296,12.);
#18298=IFCSHAPEREPRESENTATION(#24,'Body','SweptSolid',(#18297));
#18299=IFCCARTESIANPOINT((-93.832186449093456,38.604049061418138));
#18300=IFCCARTESIANPOINT((-84.419061449093434,38.604049061418138));
#18301=IFCCARTESIANPOINT((-84.419061449093434,44.230715728084505));
#18302=IFCCARTESIANPOINT((-93.832186449093456,44.230715728084505));
#18303=IFCCARTESIANPOINT((-93.832186449093456,38.604049061418138));
#18304=IFCPOLYLINE((#18299,#18300,#18301,#18302,#18303));
#18305=IFCSHAPEREPRESENTATION(#26,'FootPrint','Curve2D',(#18304));
#18306=IFCPRODUCTDEFINITIONSHAPE($,$,(#18305,#18298));
#18307=IFCCARTESIANPOINT((0.,0.,0.));
#18308=IFCAXIS2PLACEMENT3D(#18307,$,$);
#18309=IFCLOCALPLACEMENT(#33,#18308);
#18310=IFCSPACE('082GxDT25CL90UwWZQmUtg',#6,'3-14',$,$,#18309,#18306,'Room',.ELEMENT.,.INTERNAL.,0.);
#18311=IFCQUANTITYLENGTH('Height',$,$,12.);
#18312=IFCQUANTITYLENGTH('GrossPerimeter',$,$,30.079583333332778);
#18313=IFCQUANTITYAREA('GrossFloorArea',$,$,52.964516666663968);
#18314=IFCQUANTITYAREA('NetFloorArea',$,$,52.964516666663968);
#18315=IFCQUANTITYVOLUME('GrossVolume',$,$,635.57419999996762);
#18316=IFCQUANTITYVOLUME('NetVolume',$,$,635.57419999996762);
#18317=IFCELEMENTQUANTITY('329KSW_O574udolCNaZ3Av',#6,'Qto_SpaceBaseQuantities',$,$,(#18311,#18312,#18313,#18314,#18315,#18316));
#18318=IFCRELDEFINESBYPROPERTIES('3HHfN6s6r2UxFchlLmJG4b',#6,$,$,(#18310),#18317);
#18319=IFCPROPERTYSINGLEVALUE('IsExternal',$,IFCBOOLEAN(.F.),$);
#18320=IFCPROPERTYSINGLEVALUE('GrossPlannedArea',$,IFCAREAMEASURE(52.964516666663968),$);
#18321=IFCPROPERTYSET('2N18cyi4j7KQYIv6BMIH6m',#6,'Pset_SpaceCommon',$,(#18319,#18320));
#18322=IFCRELDEFINESBYPROPERTIES('0tj5qAon9EahUhiBAGLUlO',#6,$,$,(#18310),#18321);
#18323=IFCRELAGGREGATES('2ZcJ1WgCD1wPRdS$Sitcff',#6,'Storey->Spaces',$,#34,(#17834,#17870,#17906,#17950,#17986,#18022,#18058,#18094,#18130,#18166,#18202,#18238,#18274,#18310));
#18324=IFCRELSPACEBOUNDARY('10oQUI$6vAWwAasbQp4Exf',#6,$,$,#17834,#64,$,.PHYSICAL.,.INTERNAL.);
#18325=IFCRELSPACEBOUNDARY('3dsJ5Z2vf9Of_TxBCjTE78',#6,$,$,#17834,#111,$,.PHYSICAL.,.INTERNAL.);
#18326=IFCRELSPACEBOUNDARY('1cvEqBIHD1MxEInXDklb2E',#6,$,$,#17834,#136,$,.PHYSICAL.,.INTERNAL.);
#18327=IFCRELSPACEBOUNDARY('2ulh9zNmf5O9hSXrDegZYE',#6,$,$,#17834,#159,$,.PHYSICAL.,.INTERNAL.);
#18328=IFCRELSPACEBOUNDARY('3u$kGDrj9BqAj9jyf8o0ZL',#6,$,$,#17834,#182,$,.PHYSICAL.,.INTERNAL.);
#18329=IFCRELSPACEBOUNDARY('0Jh4xcLET8lvNEi9f7cq0Y',#6,$,$,#17834,#205,$,.PHYSICAL.,.INTERNAL.);
#18330=IFCRELSPACEBOUNDARY('0Rbb3aGXTFZxU8RdiNyu0L',#6,$,$,#17834,#228,$,.PHYSICAL.,.INTERNAL.);
#18331=IFCRELSPACEBOUNDARY('0x7CcAsgTAYeTaJ17gGENH',#6,$,$,#17834,#251,$,.PHYSICAL.,.INTERNAL.);
#18332=IFCRELSPACEBOUNDARY('1ASFhUXyr19hRab5sRkH6b',#6,$,$,#17834,#274,$,.PHYSICAL.,.INTERNAL.);
#18333=IFCRELSPACEBOUNDARY('1br7CijLr0OwHH42Zxuc3r',#6,$,$,#17834,#297,$,.PHYSICAL.,.INTERNAL.);
#18334=IFCRELSPACEBOUNDARY('3ZAqThdd98GQq4EnOeV500',#6,$,$,#17834,#320,$,.PHYSICAL.,.INTERNAL.);
#18335=IFCRELSPACEBOUNDARY('1VioEbX4977w7g4sQXnRVx',#6,$,$,#17834,#343,$,.PHYSICAL.,.INTERNAL.);
#18336=IFCRELSPACEBOUNDARY('3A9p9dkGH6pAwoEPte4$B0',#6,$,$,#17834,#366,$,.PHYSICAL.,.INTERNAL.);
#18337=IFCRELSPACEBOUNDARY('1FZQ66pPv8gP6ZC9TOCh3X',#6,$,$,#17834,#389,$,.PHYSICAL.,.INTERNAL.);
#18338=IFCRELSPACEBOUNDARY('3aLqMjasj05gcYnNmGLtwE',#6,$,$,#17834,#17062,$,.PHYSICAL.,.INTERNAL.);
#18339=IFCRELSPACEBOUNDARY('3RmfUr1MPDivFYDsMdAVYy',#6,$,$,#17834,#17085,$,.PHYSICAL.,.INTERNAL.);
#18340=IFCRELSPACEBOUNDARY('0VHbdqIOz3zP_CU0Y3kjjr',#6,$,$,#17834,#17108,$,.PHYSICAL.,.INTERNAL.);
#18341=IFCRELSPACEBOUNDARY('2mfZnHV716NOU615vjZSUK',#6,$,$,#17834,#8461,$,.PHYSICAL.,.INTERNAL.);
#18342=IFCRELSPACEBOUNDARY('2Xvlp1Gnv3YORkIk1GWhNn',#6,$,$,#17834,#16400,$,.PHYSICAL.,.INTERNAL.);
#18343=IFCRELSPACEBOUNDARY('3mm2OWCVbCAvJotsXjhSnX',#6,$,$,#17834,#16411,$,.PHYSICAL.,.INTERNAL.);
#18344=IFCRELSPACEBOUNDARY('04sD83ocvCmelMc4_vCTVu',#6,$,$,#17834,#16422,$,.PHYSICAL.,.INTERNAL.);
#18345=IFCRELSPACEBOUNDARY('00bddEUazFlA5SiUmGHR4a',#6,$,$,#17834,#16433,$,.PHYSICAL.,.INTERNAL.);
#18346=IFCRELSPACEBOUNDARY('3NsBKBu2zD7uLVKrG2pNpj',#6,$,$,#17834,#16444,$,.PHYSICAL.,.INTERNAL.);
#18347=IFCRELSPACEBOUNDARY('11KengXqTArgCpB9y3YbEA',#6,$,$,#17834,#16455,$,.PHYSICAL.,.INTERNAL.);
#18348=IFCRELSPACEBOUNDARY('1zfJdcT3v53QNPleKTv15u',#6,$,$,#17834,#16466,$,.PHYSICAL.,.INTERNAL.);
#18349=IFCRELSPACEBOUNDARY('32OmY$2MbBJPqThjGOmJO9',#6,$,$,#17834,#16477,$,.PHYSICAL.,.INTERNAL.);
#18350=IFCRELSPACEBOUNDARY('1HUR6D7pz8BBv_prM5oHpV',#6,$,$,#17834,#16488,$,.PHYSICAL.,.INTERNAL.);
#18351=IFCRELSPACEBOUNDARY('07lE1jPTH4mvQBTlcrb$6r',#6,$,$,#17834,#16499,$,.PHYSICAL.,.INTERNAL.);
#18352=IFCRELSPACEBOUNDARY('02jBBHIH92LghFiWW5A_wU',#6,$,$,#17834,#17123,$,.PHYSICAL.,.INTERNAL.);
#18353=IFCRELSPACEBOUNDARY('3WxLsbcMv3sQMQYo1tpt1d',#6,$,$,#17834,#17134,$,.PHYSICAL.,.INTERNAL.);
#18354=IFCRELSPACEBOUNDARY('3e_NUDI0zCVPiT6NrqG26_',#6,$,$,#17834,#17145,$,.PHYSICAL.,.INTERNAL.);
#18355=IFCRELSPACEBOUNDARY('3mL$pZbWb60OeidW56jaAZ',#6,$,$,#17834,#17156,$,.PHYSICAL.,.INTERNAL.);
#18356=IFCRELSPACEBOUNDARY('2b1qEAk$L928JTUHUCfpvK',#6,$,$,#17870,#412,$,.PHYSICAL.,.INTERNAL.);
#18357=IFCRELSPACEBOUNDARY('0IklUwAeb9A8$5bz8t8Vef',#6,$,$,#17870,#435,$,.PHYSICAL.,.INTERNAL.);
#18358=IFCRELSPACEBOUNDARY('0V89b2XdTDkQKciEW2kfm1',#6,$,$,#17870,#458,$,.PHYSICAL.,.INTERNAL.);
#18359=IFCRELSPACEBOUNDARY('38$L66SVX6jxKQ87_uzXi5',#6,$,$,#17870,#481,$,.PHYSICAL.,.INTERNAL.);
#18360=IFCRELSPACEBOUNDARY('0b5eq_b61EePXc6dyarmra',#6,$,$,#17906,#205,$,.PHYSICAL.,.INTERNAL.);
#18361=IFCRELSPACEBOUNDARY('3NzcdLiJn7I9UmcThTEeNM',#6,$,$,#17906,#16740,$,.PHYSICAL.,.INTERNAL.);
#18362=IFCRELSPACEBOUNDARY('2puuzCqO1269OpkM1niuIp',#6,$,$,#17906,#16763,$,.PHYSICAL.,.INTERNAL.);
#18363=IFCRELSPACEBOUNDARY('0pCfB8moT7r8Oy7f6CmKil',#6,$,$,#17906,#16786,$,.PHYSICAL.,.INTERNAL.);
#18364=IFCRELSPACEBOUNDARY('05nLNdzQPBY8ugNRE7yC35',#6,$,$,#17906,#16455,$,.PHYSICAL.,.INTERNAL.);
#18365=IFCRELSPACEBOUNDARY('14cboOu5f0bvNRUZuC0AIc',#6,$,$,#17950,#297,$,.PHYSICAL.,.INTERNAL.);
#18366=IFCRELSPACEBOUNDARY('0KjxSHWpH5V8qnl80ioroM',#6,$,$,#17950,#320,$,.PHYSICAL.,.INTERNAL.);
#18367=IFCRELSPACEBOUNDARY('19Vw1N9_jBUAHcB1M25ffF',#6,$,$,#17950,#343,$,.PHYSICAL.,.INTERNAL.);
#18368=IFCRELSPACEBOUNDARY('13ICXUXwT4UhYUb41UucZl',#6,$,$,#17950,#366,$,.PHYSICAL.,.INTERNAL.);
#18369=IFCRELSPACEBOUNDARY('2GpUeVkkT8MwBhRuU8aX8N',#6,$,$,#17950,#389,$,.PHYSICAL.,.INTERNAL.);
#18370=IFCRELSPACEBOUNDARY('1esFw1emjFdPrWlgn0bCMO',#6,$,$,#17950,#16602,$,.PHYSICAL.,.INTERNAL.);
#18371=IFCRELSPACEBOUNDARY('0SwgPxMRf9zPWI5C_$q2AY',#6,$,$,#17950,#16625,$,.PHYSICAL.,.INTERNAL.);
#18372=IFCRELSPACEBOUNDARY('2$I4kQPdX3FBAJ_7VZF9SP',#6,$,$,#17950,#16648,$,.PHYSICAL.,.INTERNAL.);
#18373=IFCRELSPACEBOUNDARY('0W5QCCI0bDoO1MXk6C4yc2',#6,$,$,#17950,#16411,$,.PHYSICAL.,.INTERNAL.);
#18374=IFCRELSPACEBOUNDARY('3i162$LtX94fTv_4AWxUR5',#6,$,$,#17950,#16422,$,.PHYSICAL.,.INTERNAL.);
#18375=IFCRELSPACEBOUNDARY('2XP3$2fZXDSgqH0f8C80Lu',#6,$,$,#17986,#17085,$,.PHYSICAL.,.INTERNAL.);
#18376=IFCRELSPACEBOUNDARY('3NuJxW0RrExu2R58yt6YTX',#6,$,$,#17986,#17244,$,.PHYSICAL.,.INTERNAL.);
#18377=IFCRELSPACEBOUNDARY('0SLKGDT7b2Wv6HYNvZHdaL',#6,$,$,#17986,#17267,$,.PHYSICAL.,.INTERNAL.);
#18378=IFCRELSPACEBOUNDARY('3INbk6knn6P8_XM8hkYDYB',#6,$,$,#17986,#17290,$,.PHYSICAL.,.INTERNAL.);
#18379=IFCRELSPACEBOUNDARY('29k0QShw99Ru4Sl55G0YJg',#6,$,$,#17986,#17134,$,.PHYSICAL.,.INTERNAL.);
#18380=IFCRELSPACEBOUNDARY('1kFWQSbI5BWQjsFUuUeOOp',#6,$,$,#17986,#17145,$,.PHYSICAL.,.INTERNAL.);
#18381=IFCRELSPACEBOUNDARY('1z3I70Pn5AzOPF1L1vvzxe',#6,$,$,#18022,#17062,$,.PHYSICAL.,.INTERNAL.);
#18382=IFCRELSPACEBOUNDARY('1dSeK_ImP1qeaouXGLdLZy',#6,$,$,#18022,#17175,$,.PHYSICAL.,.INTERNAL.);
#18383=IFCRELSPACEBOUNDARY('02Yrv3uwn1hPUdkIG37hFD',#6,$,$,#18022,#17198,$,.PHYSICAL.,.INTERNAL.);
#18384=IFCRELSPACEBOUNDARY('2yWmubRXL91BeFpTWHj7cK',#6,$,$,#18022,#17221,$,.PHYSICAL.,.INTERNAL.);
#18385=IFCRELSPACEBOUNDARY('1WzWU8_Uz9ORxQTRkn_zVN',#6,$,$,#18022,#17123,$,.PHYSICAL.,.INTERNAL.);
#18386=IFCRELSPACEBOUNDARY('1ax2c9x356F94pZHAnhRm6',#6,$,$,#18058,#389,$,.PHYSICAL.,.INTERNAL.);
#18387=IFCRELSPACEBOUNDARY('1wTgPmwCjD_gMgPmjjxp9v',#6,$,$,#18058,#16694,$,.PHYSICAL.,.INTERNAL.);
#18388=IFCRELSPACEBOUNDARY('0ZyyRKCQz5J8hAUawfuSaE',#6,$,$,#18058,#17016,$,.PHYSICAL.,.INTERNAL.);
#18389=IFCRELSPACEBOUNDARY('0KieoodbDAiueDDmXl77AK',#6,$,$,#18058,#17039,$,.PHYSICAL.,.INTERNAL.);
#18390=IFCRELSPACEBOUNDARY('0uSzPBX_52HRycIYHjfNJu',#6,$,$,#18058,#16444,$,.PHYSICAL.,.INTERNAL.);
#18391=IFCRELSPACEBOUNDARY('3Tz0Qm_191vBYRtdxYNUfz',#6,$,$,#18094,#136,$,.PHYSICAL.,.INTERNAL.);
#18392=IFCRELSPACEBOUNDARY('2mjnzDXGnDMuWG8UVR28U5',#6,$,$,#18094,#16671,$,.PHYSICAL.,.INTERNAL.);
#18393=IFCRELSPACEBOUNDARY('0C3Ke9u8X8K8kJ1G2W4i32',#6,$,$,#18094,#16717,$,.PHYSICAL.,.INTERNAL.);
#18394=IFCRELSPACEBOUNDARY('3ZbyFqTL10zewwj35MCeNp',#6,$,$,#18094,#16993,$,.PHYSICAL.,.INTERNAL.);
#18395=IFCRELSPACEBOUNDARY('0zXvr2Hcn8eQdQs86SAhBY',#6,$,$,#18094,#16477,$,.PHYSICAL.,.INTERNAL.);
#18396=IFCRELSPACEBOUNDARY('1K6Ys98Lb1nuwri5zdowcq',#6,$,$,#18130,#136,$,.PHYSICAL.,.INTERNAL.);
#18397=IFCRELSPACEBOUNDARY('1iCUal7aD9Ief4gbnbnq84',#6,$,$,#18130,#16924,$,.PHYSICAL.,.INTERNAL.);
#18398=IFCRELSPACEBOUNDARY('04UFqNFKP4og1Q5uhbxGPD',#6,$,$,#18130,#16947,$,.PHYSICAL.,.INTERNAL.);
#18399=IFCRELSPACEBOUNDARY('0HgGrovzzEs958z2x3JvHz',#6,$,$,#18130,#16970,$,.PHYSICAL.,.INTERNAL.);
#18400=IFCRELSPACEBOUNDARY('2vKATBww9EVxy4ploiSAP5',#6,$,$,#18130,#16466,$,.PHYSICAL.,.INTERNAL.);
#18401=IFCRELSPACEBOUNDARY('2QBwWopFrEOB$ws5jtehB5',#6,$,$,#18166,#159,$,.PHYSICAL.,.INTERNAL.);
#18402=IFCRELSPACEBOUNDARY('3evZqZAgr3M966RDR1g9II',#6,$,$,#18166,#16809,$,.PHYSICAL.,.INTERNAL.);
#18403=IFCRELSPACEBOUNDARY('1eiPQUO$HDGApPh33bdpKl',#6,$,$,#18166,#16832,$,.PHYSICAL.,.INTERNAL.);
#18404=IFCRELSPACEBOUNDARY('2IZGn620L5RBcvoqFw_08b',#6,$,$,#18166,#16878,$,.PHYSICAL.,.INTERNAL.);
#18405=IFCRELSPACEBOUNDARY('031_Kxxuj1GQUW_jEObvy5',#6,$,$,#18166,#16488,$,.PHYSICAL.,.INTERNAL.);
#18406=IFCRELSPACEBOUNDARY('1xdesAP_51WQQcJkheifx5',#6,$,$,#18202,#64,$,.PHYSICAL.,.INTERNAL.);
#18407=IFCRELSPACEBOUNDARY('2fIQVbFsDCy8GtJJKivGGw',#6,$,$,#18202,#159,$,.PHYSICAL.,.INTERNAL.);
#18408=IFCRELSPACEBOUNDARY('2JsrQ9Vub9XuTpSDjhYqtX',#6,$,$,#18202,#16855,$,.PHYSICAL.,.INTERNAL.);
#18409=IFCRELSPACEBOUNDARY('0M3y0KcczFaPC4NG_kZEqh',#6,$,$,#18202,#16901,$,.PHYSICAL.,.INTERNAL.);
#18410=IFCRELSPACEBOUNDARY('0kpyzlN6PEJ8vGITlkxFgD',#6,$,$,#18202,#16499,$,.PHYSICAL.,.INTERNAL.);
#18411=IFCRELSPACEBOUNDARY('3xsw4kzIz1lvelN34yZBpL',#6,$,$,#18238,#251,$,.PHYSICAL.,.INTERNAL.);
#18412=IFCRELSPACEBOUNDARY('0EKwBAyvrFFQph91poVsky',#6,$,$,#18238,#274,$,.PHYSICAL.,.INTERNAL.);
#18413=IFCRELSPACEBOUNDARY('0zNU9kQxn0mBvv20v0dQaM',#6,$,$,#18238,#16522,$,.PHYSICAL.,.INTERNAL.);
#18414=IFCRELSPACEBOUNDARY('3PzbgQn5n1ze$MupiWt5s7',#6,$,$,#18238,#16556,$,.PHYSICAL.,.INTERNAL.);
#18415=IFCRELSPACEBOUNDARY('033auc1uLEuhQ6vfF_MLIN',#6,$,$,#18238,#16433,$,.PHYSICAL.,.INTERNAL.);
#18416=IFCRELSPACEBOUNDARY('13YDbDVGD0cxXEtHPiFjOm',#6,$,$,#18274,#17108,$,.PHYSICAL.,.INTERNAL.);
#18417=IFCRELSPACEBOUNDARY('3ttntnNfT1lRwbp8XWGujk',#6,$,$,#18274,#17313,$,.PHYSICAL.,.INTERNAL.);
#18418=IFCRELSPACEBOUNDARY('2xCHS8D3TB8g_UdOLQzdbH',#6,$,$,#18274,#17336,$,.PHYSICAL.,.INTERNAL.);
#18419=IFCRELSPACEBOUNDARY('2DtxbvMo9BYQnl6b$3OBRD',#6,$,$,#18274,#17359,$,.PHYSICAL.,.INTERNAL.);
#18420=IFCRELSPACEBOUNDARY('0k5CR58VLDcfpYpv1DmOK9',#6,$,$,#18274,#17382,$,.PHYSICAL.,.INTERNAL.);
#18421=IFCRELSPACEBOUNDARY('3xlEN0wHP7_hwncfcjfw5l',#6,$,$,#18274,#17156,$,.PHYSICAL.,.INTERNAL.);
#18422=IFCRELSPACEBOUNDARY('1ZD_80cpTAfPm7NneGovCf',#6,$,$,#18310,#297,$,.PHYSICAL.,.INTERNAL.);
#18423=IFCRELSPACEBOUNDARY('0vHK8MmW9CzwWzPB5a8KrE',#6,$,$,#18310,#16579,$,.PHYSICAL.,.INTERNAL.);
#18424=IFCRELSPACEBOUNDARY('2UEBHj$k96S8fYz1Yvun_r',#6,$,$,#18310,#16602,$,.PHYSICAL.,.INTERNAL.);
#18425=IFCRELSPACEBOUNDARY('0URyVTrZf62PeQ1r$9s23g',#6,$,$,#18310,#16625,$,.PHYSICAL.,.INTERNAL.);
#18426=IFCRELSPACEBOUNDARY('0lOcwSECb6jOvXQvEkWnI_',#6,$,$,#18310,#8461,$,.PHYSICAL.,.INTERNAL.);
#18427=IFCRELSPACEBOUNDARY('3ngGbzQKD1BBiW0P6UOj7M',#6,$,$,#18310,#16400,$,.PHYSICAL.,.INTERNAL.);
ENDSEC;
END-ISO-10303-21;
