ISO-10303-21;
HEADER;
FILE_DESCRIPTION(('ViewDefinition [CoordinationView_V2.0]','RevitIdentifiers [ContentGUID: 8411928e-2dfa-43c8-95c6-f0f17360b8df, VersionGUID: 29017bd4-7514-429b-a337-71d8ecd3a193, NumberOfSaves: 2]','CoordinateReference [CoordinateBase: Shared Coordinates]'),'2;1');
FILE_NAME('FLOOR 4.ifc','2026-06-24T14:57:16+05:30',(''),(''),'ODA SDAI 25.12','Autodesk - Revit 26.4.10.51 (ENU) - 26.4.10.51','');
FILE_SCHEMA(('IFC2X3'));
ENDSEC;

DATA;
#1=IFCORGANIZATION($,'Autodesk Revit 2026 (ENU)',$,$,$);
#2=IFCAPPLICATION(#1,'2026','Autodesk Revit 2026 (ENU)','Revit');
#3=IFCPERSON($,'','manameththp.21',$,$,$,$,$);
#4=IFCORGANIZATION($,'Organization Name','Organization Description',$,$);
#5=IFCPERSONANDORGANIZATION(#3,#4,$);
#6=IFCOWNERHISTORY(#5,#2,$,.NOCHANGE.,$,$,$,1782293031);
#7=IFCSIUNIT(*,.LENGTHUNIT.,$,.METRE.);
#8=IFCDIMENSIONALEXPONENTS(1,0,0,0,0,0,0);
#9=IFCMEASUREWITHUNIT(IFCLENGTHMEASURE(0.30480000000000002),#7);
#10=IFCCONVERSIONBASEDUNIT(#8,.LENGTHUNIT.,'FOOT',#9);
#11=IFCSIUNIT(*,.AREAUNIT.,$,.SQUARE_METRE.);
#12=IFCDIMENSIONALEXPONENTS(2,0,0,0,0,0,0);
#13=IFCMEASUREWITHUNIT(IFCAREAMEASURE(0.092903040000000006),#11);
#14=IFCCONVERSIONBASEDUNIT(#12,.AREAUNIT.,'SQUARE FOOT',#13);
#15=IFCSIUNIT(*,.VOLUMEUNIT.,$,.CUBIC_METRE.);
#16=IFCDIMENSIONALEXPONENTS(3,0,0,0,0,0,0);
#17=IFCMEASUREWITHUNIT(IFCVOLUMEMEASURE(0.028316846592000004),#15);
#18=IFCCONVERSIONBASEDUNIT(#16,.VOLUMEUNIT.,'CUBIC FOOT',#17);
#19=IFCCARTESIANPOINT((0.,0.,0.));
#20=IFCAXIS2PLACEMENT3D(#19,$,$);
#21=IFCDIRECTION((0.,1.));
#22=IFCGEOMETRICREPRESENTATIONCONTEXT($,'Model',3,0.0001,#20,#21);
#23=IFCGEOMETRICREPRESENTATIONSUBCONTEXT('Axis','Model',*,*,*,*,#22,$,.GRAPH_VIEW.,$);
#24=IFCGEOMETRICREPRESENTATIONSUBCONTEXT('Body','Model',*,*,*,*,#22,$,.MODEL_VIEW.,$);
#25=IFCGEOMETRICREPRESENTATIONSUBCONTEXT('Box','Model',*,*,*,*,#22,$,.MODEL_VIEW.,$);
#26=IFCGEOMETRICREPRESENTATIONSUBCONTEXT('FootPrint','Model',*,*,*,*,#22,$,.MODEL_VIEW.,$);
#27=IFCPROJECT('244PAEBVf3o9N6yF6CdqSl',#6,'Project Number',$,$,'Project Name','Project Status',(#22),#16993);
#28=IFCPOSTALADDRESS($,$,$,$,('Enter address here\X\0D\X\0AAddress Line 2'),$,'','Boston','','MA');
#29=IFCAXIS2PLACEMENT3D(#19,$,$);
#30=IFCLOCALPLACEMENT(#40,#29);
#31=IFCBUILDING('244PAEBVf3o9N6yF6CdqSk',#6,'Building Name',$,$,#30,$,'Building Name',.ELEMENT.,$,$,#28);
#32=IFCAXIS2PLACEMENT3D(#19,$,$);
#33=IFCLOCALPLACEMENT(#30,#32);
#34=IFCBUILDINGSTOREY('2JF4e6axWHqu3u0C1FZlmi',#6,'L1',$,$,#33,$,'L1',.ELEMENT.,0.);
#35=IFCCARTESIANPOINT((0.,0.,12.));
#36=IFCAXIS2PLACEMENT3D(#35,$,$);
#37=IFCLOCALPLACEMENT(#30,#36);
#38=IFCBUILDINGSTOREY('1ZGO8hrFCHqw0v0026FpFv',#6,'L2',$,$,#37,$,'L2',.ELEMENT.,12.);
#39=IFCAXIS2PLACEMENT3D(#19,$,$);
#40=IFCLOCALPLACEMENT($,#39);
#41=IFCSITE('244PAEBVf3o9N6yF6CdqSj',#6,'Default',$,$,#40,$,$,.ELEMENT.,(42,21,31,401672),(-71,-3,-24,-345703),0.,$,$);
#42=IFCCARTESIANPOINT((49.533230217573262,31.863105322415961,-12.));
#43=IFCAXIS2PLACEMENT3D(#42,$,$);
#44=IFCLOCALPLACEMENT(#33,#43);
#45=IFCCARTESIANPOINT((0.,0.));
#46=IFCCARTESIANPOINT((16.937500000000085,0.));
#47=IFCPOLYLINE((#45,#46));
#48=IFCSHAPEREPRESENTATION(#23,'Axis','Curve2D',(#47));
#49=IFCPRODUCTDEFINITIONSHAPE($,$,(#48,#62));
#50=IFCCARTESIANPOINT((8.4687500000000426,8.3266726846886741E-017));
#51=IFCDIRECTION((-1.,0.));
#52=IFCAXIS2PLACEMENT2D(#50,#51);
#53=IFCRECTANGLEPROFILEDEF(.AREA.,$,#52,16.937500000000085,0.6354166666666643);
#54=IFCAXIS2PLACEMENT3D(#19,$,$);
#55=IFCDIRECTION((0.,0.,1.));
#56=IFCEXTRUDEDAREASOLID(#53,#54,#55,20.);
#57=IFCCOLOURRGB($,0.59999999999999998,0.58823529411764708,0.55686274509803924);
#58=IFCSURFACESTYLERENDERING(#57,0.,$,$,$,$,IFCNORMALISEDRATIOMEASURE(0.5),IFCSPECULAREXPONENT(128.),.NOTDEFINED.);
#59=IFCSURFACESTYLE('Concrete Masonry Units',.BOTH.,(#58));
#60=IFCPRESENTATIONSTYLEASSIGNMENT((#59));
#61=IFCSTYLEDITEM(#56,(#60),$);
#62=IFCSHAPEREPRESENTATION(#24,'Body','SweptSolid',(#56));
#63=IFCWALLSTANDARDCASE('26jjhu0DH0Lxf54dTa$KpQ',#6,'Basic Wall:Generic - 8" Masonry:1240478',$,$,#44,#49,'1240478');
#64=IFCMATERIAL('Concrete Masonry Units');
#65=IFCPRESENTATIONSTYLEASSIGNMENT((#59));
#66=IFCSTYLEDITEM($,(#65),$);
#67=IFCSTYLEDREPRESENTATION(#22,'Style','Material',(#66));
#68=IFCMATERIALDEFINITIONREPRESENTATION($,$,(#67),#64);
#69=IFCMATERIALLAYER(#64,0.63541666666666663,$);
#70=IFCMATERIALLAYERSET((#69),'Basic Wall:Generic - 8" Masonry');
#71=IFCMATERIALLAYERSETUSAGE(#70,.AXIS2.,.NEGATIVE.,0.31770833333333331);
#72=IFCWALLTYPE('1xZrMVYp52mhf4uMzw11Hr',#6,'Basic Wall:Generic - 8" Masonry',$,$,(#85,#94),$,'441456',$,.STANDARD.);
#73=IFCPROPERTYSINGLEVALUE('Reference',$,IFCIDENTIFIER('Generic - 8" Masonry'),$);
#74=IFCPROPERTYSET('09HPgX$Br6vsONdQ7H461N',#6,'Pset_QuantityTakeOff',$,(#73));
#75=IFCPROPERTYSINGLEVALUE('Reference',$,IFCLABEL('Generic - 8" Masonry'),$);
#76=IFCPROPERTYSET('0ZQgzndfi9jLdr5GgXp4pq',#6,'Pset_ReinforcementBarPitchOfWall',$,(#75));
#77=IFCPROPERTYSINGLEVALUE('IsExternal',$,IFCBOOLEAN(.T.),$);
#78=IFCPROPERTYSINGLEVALUE('ExtendToStructure',$,IFCBOOLEAN(.F.),$);
#79=IFCPROPERTYSINGLEVALUE('LoadBearing',$,IFCBOOLEAN(.F.),$);
#80=IFCPROPERTYSET('37Xrg94$RtxmV7PJlZLsiX',#6,'Pset_WallCommon',$,(#73,#77,#78,#79));
#81=IFCRELDEFINESBYPROPERTIES('2qETGIBhuTXzIEqVvPq86i',#6,$,$,(#63),#74);
#82=IFCRELDEFINESBYPROPERTIES('1J6157x2mhCJzxUukHKTUd',#6,$,$,(#63),#76);
#83=IFCRELDEFINESBYPROPERTIES('1J5ZV3IaftIwrHfmRjrJCu',#6,$,$,(#63),#80);
#84=IFCPROPERTYSINGLEVALUE('Description',$,IFCTEXT('Generic Wall (Material By Category), 8" thick, Masonry pattern'),$);
#85=IFCPROPERTYSET('2s6eAtIJTD0aGZTWL56Grg',#6,'Pset_ReinforcementBarPitchOfWall',$,(#84));
#86=IFCSIUNIT(*,.MASSUNIT.,.KILO.,.GRAM.);
#87=IFCDERIVEDUNITELEMENT(#86,1);
#88=IFCSIUNIT(*,.THERMODYNAMICTEMPERATUREUNIT.,$,.KELVIN.);
#89=IFCDERIVEDUNITELEMENT(#88,-1);
#90=IFCSIUNIT(*,.TIMEUNIT.,$,.SECOND.);
#91=IFCDERIVEDUNITELEMENT(#90,-3);
#92=IFCDERIVEDUNIT((#87,#89,#91),.THERMALTRANSMITTANCEUNIT.,$);
#93=IFCPROPERTYSINGLEVALUE('ThermalTransmittance',$,IFCTHERMALTRANSMITTANCEMEASURE(6.7122757196334071),$);
#94=IFCPROPERTYSET('21WhhWuEpTriHH3rgRfvZ2',#6,'Pset_WallCommon',$,(#93));
#95=IFCCARTESIANPOINT((66.153021884240019,31.545396989082576,-12.));
#96=IFCDIRECTION((0.,-1.,0.));
#97=IFCAXIS2PLACEMENT3D(#95,#55,#96);
#98=IFCLOCALPLACEMENT(#33,#97);
#99=IFCCARTESIANPOINT((28.083333333333307,0.));
#100=IFCPOLYLINE((#45,#99));
#101=IFCSHAPEREPRESENTATION(#23,'Axis','Curve2D',(#100));
#102=IFCPRODUCTDEFINITIONSHAPE($,$,(#101,#109));
#103=IFCCARTESIANPOINT((14.041666666666652,-5.6621374255882984E-015));
#104=IFCAXIS2PLACEMENT2D(#103,#51);
#105=IFCRECTANGLEPROFILEDEF(.AREA.,$,#104,28.083333333333304,0.6354166666666714);
#106=IFCAXIS2PLACEMENT3D(#19,$,$);
#107=IFCEXTRUDEDAREASOLID(#105,#106,#55,20.);
#108=IFCSTYLEDITEM(#107,(#60),$);
#109=IFCSHAPEREPRESENTATION(#24,'Body','SweptSolid',(#107));
#110=IFCWALLSTANDARDCASE('26jjhu0DH0Lxf54dTa$KpR',#6,'Basic Wall:Generic - 8" Masonry:1240479',$,$,#98,#102,'1240479');
#111=IFCMATERIALLAYERSETUSAGE(#70,.AXIS2.,.NEGATIVE.,0.31770833333333331);
#112=IFCPROPERTYSET('0EsNYvmMLQTirchHbVkfW2',#6,'Pset_QuantityTakeOff',$,(#73));
#113=IFCPROPERTYSINGLEVALUE('Reference',$,IFCLABEL('Generic - 8" Masonry'),$);
#114=IFCPROPERTYSET('2$beBeBef36cKHZ14yRKXK',#6,'Pset_ReinforcementBarPitchOfWall',$,(#113));
#115=IFCPROPERTYSET('32QrZPkZrtptXl4MERYuPr',#6,'Pset_WallCommon',$,(#73,#77,#78,#79));
#116=IFCRELDEFINESBYPROPERTIES('3WvBIMojsZgFyKjLOyr075',#6,$,$,(#110),#112);
#117=IFCRELDEFINESBYPROPERTIES('0epHF2$zISl1zDEk8PBHTa',#6,$,$,(#110),#114);
#118=IFCRELDEFINESBYPROPERTIES('2Dwj3n2bZ3cnf2Wu2UK14v',#6,$,$,(#110),#115);
#119=IFCCARTESIANPOINT((66.470730217573305,3.7797719890826014,-12.));
#120=IFCAXIS2PLACEMENT3D(#119,$,$);
#121=IFCLOCALPLACEMENT(#33,#120);
#122=IFCCARTESIANPOINT((35.499999999999986,0.));
#123=IFCPOLYLINE((#45,#122));
#124=IFCSHAPEREPRESENTATION(#23,'Axis','Curve2D',(#123));
#125=IFCPRODUCTDEFINITIONSHAPE($,$,(#124,#132));
#126=IFCCARTESIANPOINT((17.749999999999993,-4.4408920985006262E-016));
#127=IFCAXIS2PLACEMENT2D(#126,#51);
#128=IFCRECTANGLEPROFILEDEF(.AREA.,$,#127,35.499999999999986,0.63541666666666607);
#129=IFCAXIS2PLACEMENT3D(#19,$,$);
#130=IFCEXTRUDEDAREASOLID(#128,#129,#55,20.);
#131=IFCSTYLEDITEM(#130,(#60),$);
#132=IFCSHAPEREPRESENTATION(#24,'Body','SweptSolid',(#130));
#133=IFCWALLSTANDARDCASE('26jjhu0DH0Lxf54dTa$Kpa',#6,'Basic Wall:Generic - 8" Masonry:1240480',$,$,#121,#125,'1240480');
#134=IFCMATERIALLAYERSETUSAGE(#70,.AXIS2.,.NEGATIVE.,0.31770833333333331);
#135=IFCPROPERTYSET('0WISAF64kOBtuQq_1B4fjh',#6,'Pset_QuantityTakeOff',$,(#73));
#136=IFCPROPERTYSINGLEVALUE('Reference',$,IFCLABEL('Generic - 8" Masonry'),$);
#137=IFCPROPERTYSET('0O1wTQu5UV72arCUMciPPY',#6,'Pset_ReinforcementBarPitchOfWall',$,(#136));
#138=IFCPROPERTYSET('3GuTg$1JMbRm6QCQR4wjAr',#6,'Pset_WallCommon',$,(#73,#77,#78,#79));
#139=IFCRELDEFINESBYPROPERTIES('0cUBXrjFVPanE1PbmnsDyV',#6,$,$,(#133),#135);
#140=IFCRELDEFINESBYPROPERTIES('3ZWeYaaqQU26NGCBxFuic0',#6,$,$,(#133),#137);
#141=IFCRELDEFINESBYPROPERTIES('1kufmRNoFmmSzTu74cRnmc',#6,$,$,(#133),#138);
#142=IFCCARTESIANPOINT((101.65302188423996,3.4620636557491493,-12.));
#143=IFCAXIS2PLACEMENT3D(#142,#55,#96);
#144=IFCLOCALPLACEMENT(#33,#143);
#145=IFCCARTESIANPOINT((12.135416666666764,0.));
#146=IFCPOLYLINE((#45,#145));
#147=IFCSHAPEREPRESENTATION(#23,'Axis','Curve2D',(#146));
#148=IFCPRODUCTDEFINITIONSHAPE($,$,(#147,#155));
#149=IFCCARTESIANPOINT((6.0677083333333837,-7.1054273576010019E-015));
#150=IFCAXIS2PLACEMENT2D(#149,#51);
#151=IFCRECTANGLEPROFILEDEF(.AREA.,$,#150,12.135416666666764,0.6354166666666714);
#152=IFCAXIS2PLACEMENT3D(#19,$,$);
#153=IFCEXTRUDEDAREASOLID(#151,#152,#55,20.);
#154=IFCSTYLEDITEM(#153,(#60),$);
#155=IFCSHAPEREPRESENTATION(#24,'Body','SweptSolid',(#153));
#156=IFCWALLSTANDARDCASE('26jjhu0DH0Lxf54dTa$Kpb',#6,'Basic Wall:Generic - 8" Masonry:1240481',$,$,#144,#148,'1240481');
#157=IFCMATERIALLAYERSETUSAGE(#70,.AXIS2.,.NEGATIVE.,0.31770833333333331);
#158=IFCPROPERTYSET('2cJdGmBOGaciVwP9SV$v3V',#6,'Pset_QuantityTakeOff',$,(#73));
#159=IFCPROPERTYSINGLEVALUE('Reference',$,IFCLABEL('Generic - 8" Masonry'),$);
#160=IFCPROPERTYSET('2Quo4gOF8vY8WGfhGwbWTt',#6,'Pset_ReinforcementBarPitchOfWall',$,(#159));
#161=IFCPROPERTYSET('1ikUhs82u6pYwp1V3FdTRR',#6,'Pset_WallCommon',$,(#73,#77,#78,#79));
#162=IFCRELDEFINESBYPROPERTIES('0OrfC4E7bSKQ7jl9E8Zbm4',#6,$,$,(#156),#158);
#163=IFCRELDEFINESBYPROPERTIES('2kKnf2bhZeDLJUCW0bNsNg',#6,$,$,(#156),#160);
#164=IFCRELDEFINESBYPROPERTIES('06MoY_vg1ofM4D6B$AxsaS',#6,$,$,(#156),#161);
#165=IFCCARTESIANPOINT((101.33531355090662,-8.3556446775842801,-12.));
#166=IFCDIRECTION((-1.,0.,0.));
#167=IFCAXIS2PLACEMENT3D(#165,#55,#166);
#168=IFCLOCALPLACEMENT(#33,#167);
#169=IFCCARTESIANPOINT((35.500000000000028,0.));
#170=IFCPOLYLINE((#45,#169));
#171=IFCSHAPEREPRESENTATION(#23,'Axis','Curve2D',(#170));
#172=IFCPRODUCTDEFINITIONSHAPE($,$,(#171,#179));
#173=IFCCARTESIANPOINT((17.750000000000014,0.));
#174=IFCAXIS2PLACEMENT2D(#173,#51);
#175=IFCRECTANGLEPROFILEDEF(.AREA.,$,#174,35.500000000000028,0.63541666666666785);
#176=IFCAXIS2PLACEMENT3D(#19,$,$);
#177=IFCEXTRUDEDAREASOLID(#175,#176,#55,20.);
#178=IFCSTYLEDITEM(#177,(#60),$);
#179=IFCSHAPEREPRESENTATION(#24,'Body','SweptSolid',(#177));
#180=IFCWALLSTANDARDCASE('26jjhu0DH0Lxf54dTa$Kpc',#6,'Basic Wall:Generic - 8" Masonry:1240482',$,$,#168,#172,'1240482');
#181=IFCMATERIALLAYERSETUSAGE(#70,.AXIS2.,.NEGATIVE.,0.31770833333333331);
#182=IFCPROPERTYSET('2d2uRLcdMjPaISRy$E026t',#6,'Pset_QuantityTakeOff',$,(#73));
#183=IFCPROPERTYSINGLEVALUE('Reference',$,IFCLABEL('Generic - 8" Masonry'),$);
#184=IFCPROPERTYSET('2Gy1v3uOvUv2CQARKjNzhM',#6,'Pset_ReinforcementBarPitchOfWall',$,(#183));
#185=IFCPROPERTYSET('10zhgCI8W3xJW5cObJzKlz',#6,'Pset_WallCommon',$,(#73,#77,#78,#79));
#186=IFCRELDEFINESBYPROPERTIES('1tk02mTIu1fEIwC_tuTWLJ',#6,$,$,(#180),#182);
#187=IFCRELDEFINESBYPROPERTIES('00S9AX6Wasqg8$HNqb2Vsv',#6,$,$,(#180),#184);
#188=IFCRELDEFINESBYPROPERTIES('3rFMM0e$rU$lZbg36_vxhd',#6,$,$,(#180),#185);
#189=IFCCARTESIANPOINT((66.153021884239934,-8.673353010917614,-12.));
#190=IFCAXIS2PLACEMENT3D(#189,#55,#96);
#191=IFCLOCALPLACEMENT(#33,#190);
#192=IFCCARTESIANPOINT((23.416666666666679,-0.));
#193=IFCPOLYLINE((#45,#192));
#194=IFCSHAPEREPRESENTATION(#23,'Axis','Curve2D',(#193));
#195=IFCPRODUCTDEFINITIONSHAPE($,$,(#194,#202));
#196=IFCCARTESIANPOINT((11.708333333333339,-2.4424906541753444E-015));
#197=IFCAXIS2PLACEMENT2D(#196,#51);
#198=IFCRECTANGLEPROFILEDEF(.AREA.,$,#197,23.416666666666679,0.63541666666665719);
#199=IFCAXIS2PLACEMENT3D(#19,$,$);
#200=IFCEXTRUDEDAREASOLID(#198,#199,#55,20.);
#201=IFCSTYLEDITEM(#200,(#60),$);
#202=IFCSHAPEREPRESENTATION(#24,'Body','SweptSolid',(#200));
#203=IFCWALLSTANDARDCASE('26jjhu0DH0Lxf54dTa$Kpd',#6,'Basic Wall:Generic - 8" Masonry:1240483',$,$,#191,#195,'1240483');
#204=IFCMATERIALLAYERSETUSAGE(#70,.AXIS2.,.NEGATIVE.,0.31770833333333331);
#205=IFCPROPERTYSET('3SDeixzLgnsZdxLWc0bYIn',#6,'Pset_QuantityTakeOff',$,(#73));
#206=IFCPROPERTYSINGLEVALUE('Reference',$,IFCLABEL('Generic - 8" Masonry'),$);
#207=IFCPROPERTYSET('2C_hYbXAUIFBtX43zdWZpy',#6,'Pset_ReinforcementBarPitchOfWall',$,(#206));
#208=IFCPROPERTYSET('288e5_g4s4odMuqlAQ61vm',#6,'Pset_WallCommon',$,(#73,#77,#78,#79));
#209=IFCRELDEFINESBYPROPERTIES('3XP5SCqaBZDZrU5Xbm5CJn',#6,$,$,(#203),#205);
#210=IFCRELDEFINESBYPROPERTIES('3YaXba0qh03lHQ0mLcp4g4',#6,$,$,(#203),#207);
#211=IFCRELDEFINESBYPROPERTIES('0FMnZCVLnNBHkVTV$Erwr2',#6,$,$,(#203),#208);
#212=IFCCARTESIANPOINT((65.835313550906548,-31.772311344250951,-12.));
#213=IFCAXIS2PLACEMENT3D(#212,#55,#166);
#214=IFCLOCALPLACEMENT(#33,#213);
#215=IFCCARTESIANPOINT((16.302083333333385,0.));
#216=IFCPOLYLINE((#45,#215));
#217=IFCSHAPEREPRESENTATION(#23,'Axis','Curve2D',(#216));
#218=IFCPRODUCTDEFINITIONSHAPE($,$,(#217,#225));
#219=IFCCARTESIANPOINT((8.1510416666666927,3.1363800445660672E-015));
#220=IFCAXIS2PLACEMENT2D(#219,#51);
#221=IFCRECTANGLEPROFILEDEF(.AREA.,$,#220,16.302083333333385,0.63541666666666785);
#222=IFCAXIS2PLACEMENT3D(#19,$,$);
#223=IFCEXTRUDEDAREASOLID(#221,#222,#55,20.);
#224=IFCSTYLEDITEM(#223,(#60),$);
#225=IFCSHAPEREPRESENTATION(#24,'Body','SweptSolid',(#223));
#226=IFCWALLSTANDARDCASE('26jjhu0DH0Lxf54dTa$KpW',#6,'Basic Wall:Generic - 8" Masonry:1240484',$,$,#214,#218,'1240484');
#227=IFCMATERIALLAYERSETUSAGE(#70,.AXIS2.,.NEGATIVE.,0.31770833333333331);
#228=IFCPROPERTYSET('27AUno22_D4NQIgYOek0Lj',#6,'Pset_QuantityTakeOff',$,(#73));
#229=IFCPROPERTYSINGLEVALUE('Reference',$,IFCLABEL('Generic - 8" Masonry'),$);
#230=IFCPROPERTYSET('2GK0Voos1kWH8M$ugaG6MQ',#6,'Pset_ReinforcementBarPitchOfWall',$,(#229));
#231=IFCPROPERTYSET('3Z$0PygKRuo6hDfkGtEJzN',#6,'Pset_WallCommon',$,(#73,#77,#78,#79));
#232=IFCRELDEFINESBYPROPERTIES('0a8Q4U7Y1IOAm5Itlsxt14',#6,$,$,(#226),#228);
#233=IFCRELDEFINESBYPROPERTIES('179v_311XUn6rO3K6GM1tG',#6,$,$,(#226),#230);
#234=IFCRELDEFINESBYPROPERTIES('3__K$0GyzOz37yb6nR5Ybf',#6,$,$,(#226),#231);
#235=IFCCARTESIANPOINT((49.850938550906505,-31.45460301091757,-12.));
#236=IFCDIRECTION((0.,1.,0.));
#237=IFCAXIS2PLACEMENT3D(#235,#55,#236);
#238=IFCLOCALPLACEMENT(#33,#237);
#239=IFCCARTESIANPOINT((28.250000000000039,0.));
#240=IFCPOLYLINE((#45,#239));
#241=IFCSHAPEREPRESENTATION(#23,'Axis','Curve2D',(#240));
#242=IFCPRODUCTDEFINITIONSHAPE($,$,(#241,#249));
#243=IFCCARTESIANPOINT((14.12500000000002,0.));
#244=IFCAXIS2PLACEMENT2D(#243,#51);
#245=IFCRECTANGLEPROFILEDEF(.AREA.,$,#244,28.250000000000039,0.6354166666666714);
#246=IFCAXIS2PLACEMENT3D(#19,$,$);
#247=IFCEXTRUDEDAREASOLID(#245,#246,#55,20.);
#248=IFCSTYLEDITEM(#247,(#60),$);
#249=IFCSHAPEREPRESENTATION(#24,'Body','SweptSolid',(#247));
#250=IFCWALLSTANDARDCASE('26jjhu0DH0Lxf54dTa$KpX',#6,'Basic Wall:Generic - 8" Masonry:1240485',$,$,#238,#242,'1240485');
#251=IFCMATERIALLAYERSETUSAGE(#70,.AXIS2.,.NEGATIVE.,0.31770833333333331);
#252=IFCPROPERTYSET('0MW0baRxtSkWBNYzSwZn0$',#6,'Pset_QuantityTakeOff',$,(#73));
#253=IFCPROPERTYSINGLEVALUE('Reference',$,IFCLABEL('Generic - 8" Masonry'),$);
#254=IFCPROPERTYSET('2grC$NqOMEn3f6xP5JOtZW',#6,'Pset_ReinforcementBarPitchOfWall',$,(#253));
#255=IFCPROPERTYSET('3zyxbtGJwNV1iVls$aHFUn',#6,'Pset_WallCommon',$,(#73,#77,#78,#79));
#256=IFCRELDEFINESBYPROPERTIES('32MYKGvbdZ7Du27uwZ4VFH',#6,$,$,(#250),#252);
#257=IFCRELDEFINESBYPROPERTIES('1iemVK_AnAJEV9nyb3ojjF',#6,$,$,(#250),#254);
#258=IFCRELDEFINESBYPROPERTIES('3ZnSxRCd6FIccL497FsWgo',#6,$,$,(#250),#255);
#259=IFCCARTESIANPOINT((49.850938550906591,31.545396989082629,-12.));
#260=IFCAXIS2PLACEMENT3D(#259,#55,#96);
#261=IFCLOCALPLACEMENT(#33,#260);
#262=IFCCARTESIANPOINT((28.083333333333368,0.));
#263=IFCPOLYLINE((#45,#262));
#264=IFCSHAPEREPRESENTATION(#23,'Axis','Curve2D',(#263));
#265=IFCPRODUCTDEFINITIONSHAPE($,$,(#264,#272));
#266=IFCCARTESIANPOINT((14.041666666666684,1.7763568394002505E-015));
#267=IFCAXIS2PLACEMENT2D(#266,#51);
#268=IFCRECTANGLEPROFILEDEF(.AREA.,$,#267,28.083333333333368,0.6354166666666714);
#269=IFCAXIS2PLACEMENT3D(#19,$,$);
#270=IFCEXTRUDEDAREASOLID(#268,#269,#55,20.);
#271=IFCSTYLEDITEM(#270,(#60),$);
#272=IFCSHAPEREPRESENTATION(#24,'Body','SweptSolid',(#270));
#273=IFCWALLSTANDARDCASE('26jjhu0DH0Lxf54dTa$KpY',#6,'Basic Wall:Generic - 8" Masonry:1240486',$,$,#261,#265,'1240486');
#274=IFCMATERIALLAYERSETUSAGE(#70,.AXIS2.,.NEGATIVE.,0.31770833333333331);
#275=IFCPROPERTYSET('10WOZFHw9WfyI2dMFJuqye',#6,'Pset_QuantityTakeOff',$,(#73));
#276=IFCPROPERTYSINGLEVALUE('Reference',$,IFCLABEL('Generic - 8" Masonry'),$);
#277=IFCPROPERTYSET('3jqR0SV$eMeRjy4ikhU0pf',#6,'Pset_ReinforcementBarPitchOfWall',$,(#276));
#278=IFCPROPERTYSET('3NjoaDCxpPTkEBG9CDYpEJ',#6,'Pset_WallCommon',$,(#73,#77,#78,#79));
#279=IFCRELDEFINESBYPROPERTIES('3u6J2kg1HlLAF0$PbIA6dH',#6,$,$,(#273),#275);
#280=IFCRELDEFINESBYPROPERTIES('1D1mfomkT7J_9PUptQmSBC',#6,$,$,(#273),#277);
#281=IFCRELDEFINESBYPROPERTIES('0ZJV0z_tMEtyaS$zqUxmHD',#6,$,$,(#273),#278);
#282=IFCCARTESIANPOINT((49.533230217573255,26.266340728084316,-12.));
#283=IFCAXIS2PLACEMENT3D(#282,#55,#166);
#284=IFCLOCALPLACEMENT(#33,#283);
#285=IFCCARTESIANPOINT((73.083333333333371,0.));
#286=IFCPOLYLINE((#45,#285));
#287=IFCSHAPEREPRESENTATION(#23,'Axis','Curve2D',(#286));
#288=IFCPRODUCTDEFINITIONSHAPE($,$,(#287,#295));
#289=IFCCARTESIANPOINT((36.541666666666686,-1.7763568394002505E-015));
#290=IFCAXIS2PLACEMENT2D(#289,#51);
#291=IFCRECTANGLEPROFILEDEF(.AREA.,$,#290,73.083333333333371,0.63541666666666785);
#292=IFCAXIS2PLACEMENT3D(#19,$,$);
#293=IFCEXTRUDEDAREASOLID(#291,#292,#55,20.);
#294=IFCSTYLEDITEM(#293,(#60),$);
#295=IFCSHAPEREPRESENTATION(#24,'Body','SweptSolid',(#293));
#296=IFCWALLSTANDARDCASE('26jjhu0DH0Lxf54dTa$KpZ',#6,'Basic Wall:Generic - 8" Masonry:1240487',$,$,#284,#288,'1240487');
#297=IFCMATERIALLAYERSETUSAGE(#70,.AXIS2.,.NEGATIVE.,0.31770833333333331);
#298=IFCPROPERTYSET('0b3DBtxezqRckGCsZUHmch',#6,'Pset_QuantityTakeOff',$,(#73));
#299=IFCPROPERTYSINGLEVALUE('Reference',$,IFCLABEL('Generic - 8" Masonry'),$);
#300=IFCPROPERTYSET('3o0RwMnGmHybJNmnS3Bndh',#6,'Pset_ReinforcementBarPitchOfWall',$,(#299));
#301=IFCPROPERTYSET('3kdeN_r3_hDtZaKqfJg9_g',#6,'Pset_WallCommon',$,(#73,#77,#78,#79));
#302=IFCRELDEFINESBYPROPERTIES('2BZ0VPzIquqLE1wXARbljf',#6,$,$,(#296),#298);
#303=IFCRELDEFINESBYPROPERTIES('21mlVgUsylfFjpKnqappOu',#6,$,$,(#296),#300);
#304=IFCRELDEFINESBYPROPERTIES('1Jatldz6uiIMWp$v5WHs3i',#6,$,$,(#296),#301);
#305=IFCCARTESIANPOINT((49.533230217573248,-19.037936344250767,-12.));
#306=IFCAXIS2PLACEMENT3D(#305,#55,#166);
#307=IFCLOCALPLACEMENT(#33,#306);
#308=IFCCARTESIANPOINT((72.135416666666714,0.));
#309=IFCPOLYLINE((#45,#308));
#310=IFCSHAPEREPRESENTATION(#23,'Axis','Curve2D',(#309));
#311=IFCPRODUCTDEFINITIONSHAPE($,$,(#310,#318));
#312=IFCCARTESIANPOINT((36.067708333333364,-1.7763568394002505E-015));
#313=IFCAXIS2PLACEMENT2D(#312,#51);
#314=IFCRECTANGLEPROFILEDEF(.AREA.,$,#313,72.135416666666714,0.63541666666666785);
#315=IFCAXIS2PLACEMENT3D(#19,$,$);
#316=IFCEXTRUDEDAREASOLID(#314,#315,#55,20.);
#317=IFCSTYLEDITEM(#316,(#60),$);
#318=IFCSHAPEREPRESENTATION(#24,'Body','SweptSolid',(#316));
#319=IFCWALLSTANDARDCASE('26jjhu0DH0Lxf54dTa$Kpi',#6,'Basic Wall:Generic - 8" Masonry:1240488',$,$,#307,#311,'1240488');
#320=IFCMATERIALLAYERSETUSAGE(#70,.AXIS2.,.NEGATIVE.,0.31770833333333331);
#321=IFCPROPERTYSET('2_ZkG8Ckfjtdlo1J5TyePw',#6,'Pset_QuantityTakeOff',$,(#73));
#322=IFCPROPERTYSINGLEVALUE('Reference',$,IFCLABEL('Generic - 8" Masonry'),$);
#323=IFCPROPERTYSET('2brsHS7GO8lPOHkYyEjlrI',#6,'Pset_ReinforcementBarPitchOfWall',$,(#322));
#324=IFCPROPERTYSET('1YAU9PMFk9DxJeHE8gEnSS',#6,'Pset_WallCommon',$,(#73,#77,#78,#79));
#325=IFCRELDEFINESBYPROPERTIES('2NBte93YUhAgdOUnx_GZHg',#6,$,$,(#319),#321);
#326=IFCRELDEFINESBYPROPERTIES('0EHarfF3XbMr0Fx1q2fEQV',#6,$,$,(#319),#323);
#327=IFCRELDEFINESBYPROPERTIES('0lfV7k1DJYi52DMNUKvXWr',#6,$,$,(#319),#324);
#328=IFCCARTESIANPOINT((-22.284478115760066,19.113105322415944,-12.));
#329=IFCAXIS2PLACEMENT3D(#328,#55,#96);
#330=IFCLOCALPLACEMENT(#33,#329);
#331=IFCCARTESIANPOINT((37.833333333333371,0.));
#332=IFCPOLYLINE((#45,#331));
#333=IFCSHAPEREPRESENTATION(#23,'Axis','Curve2D',(#332));
#334=IFCPRODUCTDEFINITIONSHAPE($,$,(#333,#341));
#335=IFCCARTESIANPOINT((18.916666666666686,8.8817841970012523E-016));
#336=IFCAXIS2PLACEMENT2D(#335,#51);
#337=IFCRECTANGLEPROFILEDEF(.AREA.,$,#336,37.833333333333371,0.6354166666666643);
#338=IFCAXIS2PLACEMENT3D(#19,$,$);
#339=IFCEXTRUDEDAREASOLID(#337,#338,#55,20.);
#340=IFCSTYLEDITEM(#339,(#60),$);
#341=IFCSHAPEREPRESENTATION(#24,'Body','SweptSolid',(#339));
#342=IFCWALLSTANDARDCASE('26jjhu0DH0Lxf54dTa$Kpj',#6,'Basic Wall:Generic - 8" Masonry:1240489',$,$,#330,#334,'1240489');
#343=IFCMATERIALLAYERSETUSAGE(#70,.AXIS2.,.NEGATIVE.,0.31770833333333331);
#344=IFCPROPERTYSET('0SaGVZ_CeIt57YL9ilJKGS',#6,'Pset_QuantityTakeOff',$,(#73));
#345=IFCPROPERTYSINGLEVALUE('Reference',$,IFCLABEL('Generic - 8" Masonry'),$);
#346=IFCPROPERTYSET('31ExIhJB10UbByqUpb8tkx',#6,'Pset_ReinforcementBarPitchOfWall',$,(#345));
#347=IFCPROPERTYSET('12lqJHDSVkCKkohIs7i9sN',#6,'Pset_WallCommon',$,(#73,#77,#78,#79));
#348=IFCRELDEFINESBYPROPERTIES('2tmDk53HdsaHbpkMeqx27H',#6,$,$,(#342),#344);
#349=IFCRELDEFINESBYPROPERTIES('3AbVae37LvwtLfYtOeSNqb',#6,$,$,(#342),#346);
#350=IFCRELDEFINESBYPROPERTIES('3o4osy0A$L$S1jBxTDplUn',#6,$,$,(#342),#347);
#351=IFCCARTESIANPOINT((-22.602186449093395,18.795396989082608,-12.));
#352=IFCAXIS2PLACEMENT3D(#351,#55,#166);
#353=IFCLOCALPLACEMENT(#33,#352);
#354=IFCCARTESIANPOINT((83.166666666666714,0.));
#355=IFCPOLYLINE((#45,#354));
#356=IFCSHAPEREPRESENTATION(#23,'Axis','Curve2D',(#355));
#357=IFCPRODUCTDEFINITIONSHAPE($,$,(#356,#364));
#358=IFCCARTESIANPOINT((41.583333333333357,-9.9920072216264089E-016));
#359=IFCAXIS2PLACEMENT2D(#358,#51);
#360=IFCRECTANGLEPROFILEDEF(.AREA.,$,#359,83.1666666666667,0.63541666666666785);
#361=IFCAXIS2PLACEMENT3D(#19,$,$);
#362=IFCEXTRUDEDAREASOLID(#360,#361,#55,20.);
#363=IFCSTYLEDITEM(#362,(#60),$);
#364=IFCSHAPEREPRESENTATION(#24,'Body','SweptSolid',(#362));
#365=IFCWALLSTANDARDCASE('26jjhu0DH0Lxf54dTa$Kpk',#6,'Basic Wall:Generic - 8" Masonry:1240490',$,$,#353,#357,'1240490');
#366=IFCMATERIALLAYERSETUSAGE(#70,.AXIS2.,.NEGATIVE.,0.31770833333333331);
#367=IFCPROPERTYSET('1gCdfsE_Iw2h$C6TqnST4Z',#6,'Pset_QuantityTakeOff',$,(#73));
#368=IFCPROPERTYSINGLEVALUE('Reference',$,IFCLABEL('Generic - 8" Masonry'),$);
#369=IFCPROPERTYSET('0jqREnZiRcsXtgwVynbPJ2',#6,'Pset_ReinforcementBarPitchOfWall',$,(#368));
#370=IFCPROPERTYSET('2rLj35NFwKx628wrr9fe4U',#6,'Pset_WallCommon',$,(#73,#77,#78,#79));
#371=IFCRELDEFINESBYPROPERTIES('26FTUwe0gdmfTbP7nWsLwq',#6,$,$,(#365),#367);
#372=IFCRELDEFINESBYPROPERTIES('1Ewa4KgIpTuHr7YewJJg1P',#6,$,$,(#365),#369);
#373=IFCRELDEFINESBYPROPERTIES('1jJjzPdJm7_NWpVDTI9Hut',#6,$,$,(#365),#370);
#374=IFCCARTESIANPOINT((-105.45114478242678,19.11310532241621,0.));
#375=IFCAXIS2PLACEMENT3D(#374,#55,#236);
#376=IFCLOCALPLACEMENT(#33,#375);
#377=IFCCARTESIANPOINT((7.4709437390018998,0.));
#378=IFCPOLYLINE((#45,#377));
#379=IFCSHAPEREPRESENTATION(#23,'Axis','Curve2D',(#378));
#380=IFCPRODUCTDEFINITIONSHAPE($,$,(#379,#387));
#381=IFCCARTESIANPOINT((3.7354718695009499,0.));
#382=IFCAXIS2PLACEMENT2D(#381,#51);
#383=IFCRECTANGLEPROFILEDEF(.AREA.,$,#382,7.4709437390018998,0.63541666666665719);
#384=IFCAXIS2PLACEMENT3D(#19,$,$);
#385=IFCEXTRUDEDAREASOLID(#383,#384,#55,20.);
#386=IFCSTYLEDITEM(#385,(#60),$);
#387=IFCSHAPEREPRESENTATION(#24,'Body','SweptSolid',(#385));
#388=IFCWALLSTANDARDCASE('26jjhu0DH0Lxf54dTa$Kpl',#6,'Basic Wall:Generic - 8" Masonry:1240491',$,$,#376,#380,'1240491');
#389=IFCMATERIALLAYERSETUSAGE(#70,.AXIS2.,.NEGATIVE.,0.31770833333333331);
#390=IFCPROPERTYSET('3E52Q_YbabOSO3wQ_OffwY',#6,'Pset_QuantityTakeOff',$,(#73));
#391=IFCPROPERTYSINGLEVALUE('Reference',$,IFCLABEL('Generic - 8" Masonry'),$);
#392=IFCPROPERTYSET('0gQ26ky2$Z8wvsuYJmbqoF',#6,'Pset_ReinforcementBarPitchOfWall',$,(#391));
#393=IFCPROPERTYSET('0igpQuDd8qmVbHG9wTkyYt',#6,'Pset_WallCommon',$,(#73,#77,#78,#79));
#394=IFCRELDEFINESBYPROPERTIES('2Koge9yRm$DLO0Zr3WB3WV',#6,$,$,(#388),#390);
#395=IFCRELDEFINESBYPROPERTIES('1a3d6l1wJQCS1n9kHZxYVW',#6,$,$,(#388),#392);
#396=IFCRELDEFINESBYPROPERTIES('23y3Rrw8VrkymxwSr4doYV',#6,$,$,(#388),#393);
#397=IFCCARTESIANPOINT((-105.13343644909344,26.266340728084767,0.));
#398=IFCAXIS2PLACEMENT3D(#397,$,$);
#399=IFCLOCALPLACEMENT(#33,#398);
#400=IFCCARTESIANPOINT((13.666666666666686,0.));
#401=IFCPOLYLINE((#45,#400));
#402=IFCSHAPEREPRESENTATION(#23,'Axis','Curve2D',(#401));
#403=IFCPRODUCTDEFINITIONSHAPE($,$,(#402,#410));
#404=IFCCARTESIANPOINT((6.8333333333333428,8.0491169285323849E-016));
#405=IFCAXIS2PLACEMENT2D(#404,#51);
#406=IFCRECTANGLEPROFILEDEF(.AREA.,$,#405,13.666666666666686,0.6354166666666643);
#407=IFCAXIS2PLACEMENT3D(#19,$,$);
#408=IFCEXTRUDEDAREASOLID(#406,#407,#55,20.);
#409=IFCSTYLEDITEM(#408,(#60),$);
#410=IFCSHAPEREPRESENTATION(#24,'Body','SweptSolid',(#408));
#411=IFCWALLSTANDARDCASE('26jjhu0DH0Lxf54dTa$Kpe',#6,'Basic Wall:Generic - 8" Masonry:1240492',$,$,#399,#403,'1240492');
#412=IFCMATERIALLAYERSETUSAGE(#70,.AXIS2.,.NEGATIVE.,0.31770833333333331);
#413=IFCPROPERTYSET('12hcAjy8tggC2W1fHpuRE$',#6,'Pset_QuantityTakeOff',$,(#73));
#414=IFCPROPERTYSINGLEVALUE('Reference',$,IFCLABEL('Generic - 8" Masonry'),$);
#415=IFCPROPERTYSET('0oCmLosd7lQBQdv4mx0wfg',#6,'Pset_ReinforcementBarPitchOfWall',$,(#414));
#416=IFCPROPERTYSET('3$dOHdeLWb_FQymuvccBQT',#6,'Pset_WallCommon',$,(#73,#77,#78,#79));
#417=IFCRELDEFINESBYPROPERTIES('0NzXsA_XRoT4GLe3C1aFIh',#6,$,$,(#411),#413);
#418=IFCRELDEFINESBYPROPERTIES('3PcomrtCeihH3FK6LzLXNc',#6,$,$,(#411),#415);
#419=IFCRELDEFINESBYPROPERTIES('3MwMjW0zKxCRsMHq8AdiIf',#6,$,$,(#411),#416);
#420=IFCCARTESIANPOINT((-94.20114478242678,26.584049061417907,0.));
#421=IFCAXIS2PLACEMENT3D(#420,#55,#236);
#422=IFCLOCALPLACEMENT(#33,#421);
#423=IFCCARTESIANPOINT((12.,0.));
#424=IFCPOLYLINE((#45,#423));
#425=IFCSHAPEREPRESENTATION(#23,'Axis','Curve2D',(#424));
#426=IFCPRODUCTDEFINITIONSHAPE($,$,(#425,#434));
#427=IFCCARTESIANPOINT((6.0000000000001137,-7.1054273576010019E-015));
#428=IFCDIRECTION((1.,0.));
#429=IFCAXIS2PLACEMENT2D(#427,#428);
#430=IFCRECTANGLEPROFILEDEF(.AREA.,$,#429,12.000000000000227,0.6354166666666714);
#431=IFCAXIS2PLACEMENT3D(#19,$,$);
#432=IFCEXTRUDEDAREASOLID(#430,#431,#55,20.);
#433=IFCSTYLEDITEM(#432,(#60),$);
#434=IFCSHAPEREPRESENTATION(#24,'Body','SweptSolid',(#432));
#435=IFCWALLSTANDARDCASE('26jjhu0DH0Lxf54dTa$Kpf',#6,'Basic Wall:Generic - 8" Masonry:1240493',$,$,#422,#426,'1240493');
#436=IFCMATERIALLAYERSETUSAGE(#70,.AXIS2.,.NEGATIVE.,0.31770833333333331);
#437=IFCPROPERTYSET('06MPLQd5Dm$P7JLbF7XyB0',#6,'Pset_QuantityTakeOff',$,(#73));
#438=IFCPROPERTYSINGLEVALUE('Reference',$,IFCLABEL('Generic - 8" Masonry'),$);
#439=IFCPROPERTYSET('23LxnFr4VFernCGJmQBPPK',#6,'Pset_ReinforcementBarPitchOfWall',$,(#438));
#440=IFCPROPERTYSET('1XqWTtLPnrOkm6z9loeqQY',#6,'Pset_WallCommon',$,(#73,#77,#78,#79));
#441=IFCRELDEFINESBYPROPERTIES('1GffB$vOMROT89VTxYLtPE',#6,$,$,(#435),#437);
#442=IFCRELDEFINESBYPROPERTIES('2_lh2JeeCgxZCtFk9toUXf',#6,$,$,(#435),#439);
#443=IFCRELDEFINESBYPROPERTIES('0Tz2f1iR5Rhr4r3sKy8Fo_',#6,$,$,(#435),#440);
#444=IFCCARTESIANPOINT((-93.883436449093438,38.266340728084799,0.));
#445=IFCAXIS2PLACEMENT3D(#444,$,$);
#446=IFCLOCALPLACEMENT(#33,#445);
#447=IFCCARTESIANPOINT((10.468749999999986,0.));
#448=IFCPOLYLINE((#45,#447));
#449=IFCSHAPEREPRESENTATION(#23,'Axis','Curve2D',(#448));
#450=IFCPRODUCTDEFINITIONSHAPE($,$,(#449,#457));
#451=IFCCARTESIANPOINT((5.2343749999999929,0.));
#452=IFCAXIS2PLACEMENT2D(#451,#51);
#453=IFCRECTANGLEPROFILEDEF(.AREA.,$,#452,10.468749999999986,0.6354166666666714);
#454=IFCAXIS2PLACEMENT3D(#19,$,$);
#455=IFCEXTRUDEDAREASOLID(#453,#454,#55,20.);
#456=IFCSTYLEDITEM(#455,(#60),$);
#457=IFCSHAPEREPRESENTATION(#24,'Body','SweptSolid',(#455));
#458=IFCWALLSTANDARDCASE('26jjhu0DH0Lxf54dTa$Kpg',#6,'Basic Wall:Generic - 8" Masonry:1240494',$,$,#446,#450,'1240494');
#459=IFCMATERIALLAYERSETUSAGE(#70,.AXIS2.,.NEGATIVE.,0.31770833333333331);
#460=IFCPROPERTYSET('3$0jgVZCEgmxxle1tVgqRt',#6,'Pset_QuantityTakeOff',$,(#73));
#461=IFCPROPERTYSINGLEVALUE('Reference',$,IFCLABEL('Generic - 8" Masonry'),$);
#462=IFCPROPERTYSET('1_NWp9d$wLW1eqWgR85udi',#6,'Pset_ReinforcementBarPitchOfWall',$,(#461));
#463=IFCPROPERTYSET('1Ktx4MV$pxfUbyqW6S7bG5',#6,'Pset_WallCommon',$,(#73,#77,#78,#79));
#464=IFCRELDEFINESBYPROPERTIES('2bJkfdj9lvyUcRuR_cvlIM',#6,$,$,(#458),#460);
#465=IFCRELDEFINESBYPROPERTIES('0Q1Wz9sFKEFCeXfF3ZuCnt',#6,$,$,(#458),#462);
#466=IFCRELDEFINESBYPROPERTIES('1tEKFSMFfo1P_sWiRB8lAm',#6,$,$,(#458),#463);
#467=IFCCARTESIANPOINT((-83.73239478242678,37.948632394751471,0.));
#468=IFCAXIS2PLACEMENT3D(#467,#55,#96);
#469=IFCLOCALPLACEMENT(#33,#468);
#470=IFCCARTESIANPOINT((4.25,0.));
#471=IFCPOLYLINE((#45,#470));
#472=IFCSHAPEREPRESENTATION(#23,'Axis','Curve2D',(#471));
#473=IFCPRODUCTDEFINITIONSHAPE($,$,(#472,#480));
#474=IFCCARTESIANPOINT((2.125,0.));
#475=IFCAXIS2PLACEMENT2D(#474,#51);
#476=IFCRECTANGLEPROFILEDEF(.AREA.,$,#475,4.25,0.63541666666665719);
#477=IFCAXIS2PLACEMENT3D(#19,$,$);
#478=IFCEXTRUDEDAREASOLID(#476,#477,#55,20.);
#479=IFCSTYLEDITEM(#478,(#60),$);
#480=IFCSHAPEREPRESENTATION(#24,'Body','SweptSolid',(#478));
#481=IFCWALLSTANDARDCASE('26jjhu0DH0Lxf54dTa$Kph',#6,'Basic Wall:Generic - 8" Masonry:1240495',$,$,#469,#473,'1240495');
#482=IFCMATERIALLAYERSETUSAGE(#70,.AXIS2.,.NEGATIVE.,0.31770833333333331);
#483=IFCPROPERTYSET('0ESCR0mH2X4_cii701wsfn',#6,'Pset_QuantityTakeOff',$,(#73));
#484=IFCPROPERTYSINGLEVALUE('Reference',$,IFCLABEL('Generic - 8" Masonry'),$);
#485=IFCPROPERTYSET('1b3S5B4hnJn1ahxRgnBhj0',#6,'Pset_ReinforcementBarPitchOfWall',$,(#484));
#486=IFCPROPERTYSET('1n6sUSzZuFLrkGNjwTxICX',#6,'Pset_WallCommon',$,(#73,#77,#78,#79));
#487=IFCRELDEFINESBYPROPERTIES('00mPw3SBvHp0tYRc706OOf',#6,$,$,(#481),#483);
#488=IFCRELDEFINESBYPROPERTIES('3EwlevbAnJQUPQwL0gfN0e',#6,$,$,(#481),#485);
#489=IFCRELDEFINESBYPROPERTIES('2rMAOrH63_$6VbMDhvTyh8',#6,$,$,(#481),#486);
#490=IFCCARTESIANPOINT((-83.414686449093452,34.016340728084799,0.));
#491=IFCAXIS2PLACEMENT3D(#490,$,$);
#492=IFCLOCALPLACEMENT(#33,#491);
#493=IFCCARTESIANPOINT((5.6666666666666288,0.));
#494=IFCPOLYLINE((#45,#493));
#495=IFCSHAPEREPRESENTATION(#23,'Axis','Curve2D',(#494));
#496=IFCPRODUCTDEFINITIONSHAPE($,$,(#495,#503));
#497=IFCCARTESIANPOINT((2.8333333333333144,0.));
#498=IFCAXIS2PLACEMENT2D(#497,#51);
#499=IFCRECTANGLEPROFILEDEF(.AREA.,$,#498,5.6666666666666288,0.6354166666666714);
#500=IFCAXIS2PLACEMENT3D(#19,$,$);
#501=IFCEXTRUDEDAREASOLID(#499,#500,#55,20.);
#502=IFCSTYLEDITEM(#501,(#60),$);
#503=IFCSHAPEREPRESENTATION(#24,'Body','SweptSolid',(#501));
#504=IFCWALLSTANDARDCASE('26jjhu0DH0Lxf54dTa$Kpq',#6,'Basic Wall:Generic - 8" Masonry:1240496',$,$,#492,#496,'1240496');
#505=IFCMATERIALLAYERSETUSAGE(#70,.AXIS2.,.NEGATIVE.,0.31770833333333331);
#506=IFCPROPERTYSET('1Am0YBlqH9FhtyV1dEfQy7',#6,'Pset_QuantityTakeOff',$,(#73));
#507=IFCPROPERTYSINGLEVALUE('Reference',$,IFCLABEL('Generic - 8" Masonry'),$);
#508=IFCPROPERTYSET('0sy$xid5QRa7wJZ7UpbzKm',#6,'Pset_ReinforcementBarPitchOfWall',$,(#507));
#509=IFCPROPERTYSET('1GcNzMnmouTiOGrLp3AZVZ',#6,'Pset_WallCommon',$,(#73,#77,#78,#79));
#510=IFCRELDEFINESBYPROPERTIES('3YWvsK_KBKub97l0c80dxu',#6,$,$,(#504),#506);
#511=IFCRELDEFINESBYPROPERTIES('2tc47DAQ8avBIm6FkWC8QM',#6,$,$,(#504),#508);
#512=IFCRELDEFINESBYPROPERTIES('1lu2a3aqsIJI45JteLKbxH',#6,$,$,(#504),#509);
#513=IFCCARTESIANPOINT((-78.065728115760152,33.698632394751471,0.));
#514=IFCAXIS2PLACEMENT3D(#513,#55,#96);
#515=IFCLOCALPLACEMENT(#33,#514);
#516=IFCCARTESIANPOINT((7.1145833333336448,0.));
#517=IFCPOLYLINE((#45,#516));
#518=IFCSHAPEREPRESENTATION(#23,'Axis','Curve2D',(#517));
#519=IFCPRODUCTDEFINITIONSHAPE($,$,(#518,#526));
#520=IFCCARTESIANPOINT((3.5572916666668206,-7.1054273576010019E-015));
#521=IFCAXIS2PLACEMENT2D(#520,#428);
#522=IFCRECTANGLEPROFILEDEF(.AREA.,$,#521,7.1145833333336412,0.6354166666666714);
#523=IFCAXIS2PLACEMENT3D(#19,$,$);
#524=IFCEXTRUDEDAREASOLID(#522,#523,#55,20.);
#525=IFCSTYLEDITEM(#524,(#60),$);
#526=IFCSHAPEREPRESENTATION(#24,'Body','SweptSolid',(#524));
#527=IFCWALLSTANDARDCASE('26jjhu0DH0Lxf54dTa$Kpr',#6,'Basic Wall:Generic - 8" Masonry:1240497',$,$,#515,#519,'1240497');
#528=IFCMATERIALLAYERSETUSAGE(#70,.AXIS2.,.NEGATIVE.,0.31770833333333331);
#529=IFCPROPERTYSET('2PF6puWJM28TI7jRZQQbrY',#6,'Pset_QuantityTakeOff',$,(#73));
#530=IFCPROPERTYSINGLEVALUE('Reference',$,IFCLABEL('Generic - 8" Masonry'),$);
#531=IFCPROPERTYSET('1kr5oEUEaLQdPXjI0R1_dT',#6,'Pset_ReinforcementBarPitchOfWall',$,(#530));
#532=IFCPROPERTYSET('0KahUnalF7BquSovcx9r$b',#6,'Pset_WallCommon',$,(#73,#77,#78,#79));
#533=IFCRELDEFINESBYPROPERTIES('0NfIRMQofuEiU43AUEckBA',#6,$,$,(#527),#529);
#534=IFCRELDEFINESBYPROPERTIES('2RsBWTlxt2LM3nh5YQrunU',#6,$,$,(#527),#531);
#535=IFCRELDEFINESBYPROPERTIES('1qgkbAV$Tdmku3xLBiCVmp',#6,$,$,(#527),#532);
#536=IFCCARTESIANPOINT((-23.550103115760106,26.266340728084316,0.));
#537=IFCAXIS2PLACEMENT3D(#536,#55,#166);
#538=IFCLOCALPLACEMENT(#33,#537);
#539=IFCCARTESIANPOINT((62.5,0.));
#540=IFCPOLYLINE((#45,#539));
#541=IFCSHAPEREPRESENTATION(#23,'Axis','Curve2D',(#540));
#542=IFCPRODUCTDEFINITIONSHAPE($,$,(#541,#549));
#543=IFCCARTESIANPOINT((31.25,-1.6375789613221059E-015));
#544=IFCAXIS2PLACEMENT2D(#543,#428);
#545=IFCRECTANGLEPROFILEDEF(.AREA.,$,#544,62.5,0.63541666666666785);
#546=IFCAXIS2PLACEMENT3D(#19,$,$);
#547=IFCEXTRUDEDAREASOLID(#545,#546,#55,20.);
#548=IFCSTYLEDITEM(#547,(#60),$);
#549=IFCSHAPEREPRESENTATION(#24,'Body','SweptSolid',(#547));
#550=IFCWALLSTANDARDCASE('26jjhu0DH0Lxf54dTa$Kps',#6,'Basic Wall:Generic - 8" Masonry:1240498',$,$,#538,#542,'1240498');
#551=IFCMATERIALLAYERSETUSAGE(#70,.AXIS2.,.NEGATIVE.,0.31770833333333331);
#552=IFCPROPERTYSET('1VCwgCpLTycrXOL2wLDjuR',#6,'Pset_QuantityTakeOff',$,(#73));
#553=IFCPROPERTYSINGLEVALUE('Reference',$,IFCLABEL('Generic - 8" Masonry'),$);
#554=IFCPROPERTYSET('2RDxryFLMRrYwPth3KlUc6',#6,'Pset_ReinforcementBarPitchOfWall',$,(#553));
#555=IFCPROPERTYSET('22OBGV7nnPrKXM671Wc_nM',#6,'Pset_WallCommon',$,(#73,#77,#78,#79));
#556=IFCRELDEFINESBYPROPERTIES('2u6wKkC52JxBPLWIRWrdQ8',#6,$,$,(#550),#552);
#557=IFCRELDEFINESBYPROPERTIES('2I4P3AjA22SeAg2XpD_moD',#6,$,$,(#550),#554);
#558=IFCRELDEFINESBYPROPERTIES('2Iql_yBMKig2sv69V1fKG1',#6,$,$,(#550),#555);
#559=IFCCARTESIANPOINT((-13.149061449093466,-5.5014780109173937,0.));
#560=IFCAXIS2PLACEMENT3D(#559,#55,#236);
#561=IFCLOCALPLACEMENT(#33,#560);
#562=IFCCARTESIANPOINT((21.812500000000007,-0.));
#563=IFCPOLYLINE((#45,#562));
#564=IFCSHAPEREPRESENTATION(#23,'Axis','Curve2D',(#563));
#565=IFCPRODUCTDEFINITIONSHAPE($,$,(#564,#572));
#566=IFCCARTESIANPOINT((10.906250000000004,-2.2204460492503131E-016));
#567=IFCAXIS2PLACEMENT2D(#566,#51);
#568=IFCRECTANGLEPROFILEDEF(.AREA.,$,#567,21.812500000000007,0.63541666666666785);
#569=IFCAXIS2PLACEMENT3D(#19,$,$);
#570=IFCEXTRUDEDAREASOLID(#568,#569,#55,20.);
#571=IFCSTYLEDITEM(#570,(#60),$);
#572=IFCSHAPEREPRESENTATION(#24,'Body','SweptSolid',(#570));
#573=IFCWALLSTANDARDCASE('26jjhu0DH0Lxf54dTa$Kpt',#6,'Basic Wall:Generic - 8" Masonry:1240499',$,$,#561,#565,'1240499');
#574=IFCMATERIALLAYERSETUSAGE(#70,.AXIS2.,.NEGATIVE.,0.31770833333333331);
#575=IFCPROPERTYSET('2LdNpbwaoZbBcRHUXab2jD',#6,'Pset_QuantityTakeOff',$,(#73));
#576=IFCPROPERTYSINGLEVALUE('Reference',$,IFCLABEL('Generic - 8" Masonry'),$);
#577=IFCPROPERTYSET('0NoVJlKxYO2Twcvww5mPKx',#6,'Pset_ReinforcementBarPitchOfWall',$,(#576));
#578=IFCPROPERTYSET('36FEukL3TEujBZA2RPieC5',#6,'Pset_WallCommon',$,(#73,#77,#78,#79));
#579=IFCRELDEFINESBYPROPERTIES('3RHB$fJ8YEFnCmVQ$jdMuO',#6,$,$,(#573),#575);
#580=IFCRELDEFINESBYPROPERTIES('2$fwqYK7Y1DA_PfIRdWBjs',#6,$,$,(#573),#577);
#581=IFCRELDEFINESBYPROPERTIES('3UQLMhBoLxmARQJzZ1ILUS',#6,$,$,(#573),#578);
#582=IFCCARTESIANPOINT((-13.466769782426764,16.628730322415947,0.));
#583=IFCAXIS2PLACEMENT3D(#582,$,$);
#584=IFCLOCALPLACEMENT(#33,#583);
#585=IFCCARTESIANPOINT((56.,0.));
#586=IFCPOLYLINE((#45,#585));
#587=IFCSHAPEREPRESENTATION(#23,'Axis','Curve2D',(#586));
#588=IFCPRODUCTDEFINITIONSHAPE($,$,(#587,#595));
#589=IFCCARTESIANPOINT((28.000000000000018,0.));
#590=IFCAXIS2PLACEMENT2D(#589,#51);
#591=IFCRECTANGLEPROFILEDEF(.AREA.,$,#590,56.000000000000036,0.6354166666666643);
#592=IFCAXIS2PLACEMENT3D(#19,$,$);
#593=IFCEXTRUDEDAREASOLID(#591,#592,#55,20.);
#594=IFCSTYLEDITEM(#593,(#60),$);
#595=IFCSHAPEREPRESENTATION(#24,'Body','SweptSolid',(#593));
#596=IFCWALLSTANDARDCASE('26jjhu0DH0Lxf54dTa$Kpm',#6,'Basic Wall:Generic - 8" Masonry:1240500',$,$,#584,#588,'1240500');
#597=IFCMATERIALLAYERSETUSAGE(#70,.AXIS2.,.NEGATIVE.,0.31770833333333331);
#598=IFCPROPERTYSET('2xgOixzofCd_Cg7ECsY7sn',#6,'Pset_QuantityTakeOff',$,(#73));
#599=IFCPROPERTYSINGLEVALUE('Reference',$,IFCLABEL('Generic - 8" Masonry'),$);
#600=IFCPROPERTYSET('3HH0u8Cv6WVq8yiNIfDk$g',#6,'Pset_ReinforcementBarPitchOfWall',$,(#599));
#601=IFCPROPERTYSET('0CFqfA68TjyAO3Tv7nHaGX',#6,'Pset_WallCommon',$,(#73,#77,#78,#79));
#602=IFCRELDEFINESBYPROPERTIES('3aACX7fD3xWpwhfANt4jPM',#6,$,$,(#596),#598);
#603=IFCRELDEFINESBYPROPERTIES('38nLXYllay_CdBi8EQ$5oa',#6,$,$,(#596),#600);
#604=IFCRELDEFINESBYPROPERTIES('1_joWib3jdJmarwGbR5q7U',#6,$,$,(#596),#601);
#605=IFCCARTESIANPOINT((42.215521884239934,16.311021989082437,0.));
#606=IFCAXIS2PLACEMENT3D(#605,#55,#96);
#607=IFCLOCALPLACEMENT(#33,#606);
#608=IFCCARTESIANPOINT((22.447916666666679,0.));
#609=IFCPOLYLINE((#45,#608));
#610=IFCSHAPEREPRESENTATION(#23,'Axis','Curve2D',(#609));
#611=IFCPRODUCTDEFINITIONSHAPE($,$,(#610,#618));
#612=IFCCARTESIANPOINT((11.223958333333339,0.));
#613=IFCAXIS2PLACEMENT2D(#612,#51);
#614=IFCRECTANGLEPROFILEDEF(.AREA.,$,#613,22.447916666666679,0.6354166666666714);
#615=IFCAXIS2PLACEMENT3D(#19,$,$);
#616=IFCEXTRUDEDAREASOLID(#614,#615,#55,20.);
#617=IFCSTYLEDITEM(#616,(#60),$);
#618=IFCSHAPEREPRESENTATION(#24,'Body','SweptSolid',(#616));
#619=IFCWALLSTANDARDCASE('26jjhu0DH0Lxf54dTa$Kpn',#6,'Basic Wall:Generic - 8" Masonry:1240501',$,$,#607,#611,'1240501');
#620=IFCMATERIALLAYERSETUSAGE(#70,.AXIS2.,.NEGATIVE.,0.31770833333333331);
#621=IFCPROPERTYSET('00KdGp6HI_MeTli2zP802p',#6,'Pset_QuantityTakeOff',$,(#73));
#622=IFCPROPERTYSINGLEVALUE('Reference',$,IFCLABEL('Generic - 8" Masonry'),$);
#623=IFCPROPERTYSET('1BcoXXwvkjhdik_ULlTnQ7',#6,'Pset_ReinforcementBarPitchOfWall',$,(#622));
#624=IFCPROPERTYSET('1FXHhP1PmIUqFBAKo16RpR',#6,'Pset_WallCommon',$,(#73,#77,#78,#79));
#625=IFCRELDEFINESBYPROPERTIES('3$ZyTtb9aKbygRzuFs0X$9',#6,$,$,(#619),#621);
#626=IFCRELDEFINESBYPROPERTIES('0LS877$1sQGP21TJSlhsHg',#6,$,$,(#619),#623);
#627=IFCRELDEFINESBYPROPERTIES('3Caj$Er7KYQeqWvLYlqg9C',#6,$,$,(#619),#624);
#628=IFCCARTESIANPOINT((41.897813550906605,-5.8191863442509062,0.));
#629=IFCAXIS2PLACEMENT3D(#628,#55,#166);
#630=IFCLOCALPLACEMENT(#33,#629);
#631=IFCCARTESIANPOINT((55.364583333333407,0.));
#632=IFCPOLYLINE((#45,#631));
#633=IFCSHAPEREPRESENTATION(#23,'Axis','Curve2D',(#632));
#634=IFCPRODUCTDEFINITIONSHAPE($,$,(#633,#641));
#635=IFCCARTESIANPOINT((27.682291666666703,-1.3877787807814457E-016));
#636=IFCAXIS2PLACEMENT2D(#635,#51);
#637=IFCRECTANGLEPROFILEDEF(.AREA.,$,#636,55.364583333333407,0.63541666666666607);
#638=IFCAXIS2PLACEMENT3D(#19,$,$);
#639=IFCEXTRUDEDAREASOLID(#637,#638,#55,20.);
#640=IFCSTYLEDITEM(#639,(#60),$);
#641=IFCSHAPEREPRESENTATION(#24,'Body','SweptSolid',(#639));
#642=IFCWALLSTANDARDCASE('26jjhu0DH0Lxf54dTa$Kpo',#6,'Basic Wall:Generic - 8" Masonry:1240502',$,$,#630,#634,'1240502');
#643=IFCMATERIALLAYERSETUSAGE(#70,.AXIS2.,.NEGATIVE.,0.31770833333333331);
#644=IFCPROPERTYSET('3T4Hx1uDildi1ZA2PdMNXk',#6,'Pset_QuantityTakeOff',$,(#73));
#645=IFCPROPERTYSINGLEVALUE('Reference',$,IFCLABEL('Generic - 8" Masonry'),$);
#646=IFCPROPERTYSET('0ZaV0Ep3N8s2ENvxC9GWpu',#6,'Pset_ReinforcementBarPitchOfWall',$,(#645));
#647=IFCPROPERTYSET('1e3k$BnJ72I5AY3ykdCCl3',#6,'Pset_WallCommon',$,(#73,#77,#78,#79));
#648=IFCRELDEFINESBYPROPERTIES('0JPyyZLjRLXQ6v6Y$Mj5Ki',#6,$,$,(#642),#644);
#649=IFCRELDEFINESBYPROPERTIES('2tAKcSAj1ZQAr0k2Rp$dby',#6,$,$,(#642),#646);
#650=IFCRELDEFINESBYPROPERTIES('1d7z62iI_JXtb6glRzrSJf',#6,$,$,(#642),#647);
#651=IFCCARTESIANPOINT((2.9533813156168627,0.42166994750654091,3.3333333333333415));
#652=IFCCARTESIANPOINT((2.9522633965318583,0.42166994750654091,3.3248418948457261));
#653=IFCCARTESIANPOINT((2.9489858236150397,0.42166994750654091,3.316929133858276));
#654=IFCCARTESIANPOINT((2.943771958044243,0.42166994750654091,3.3101342919558303));
#655=IFCCARTESIANPOINT((2.9369771161417972,0.42166994750654091,3.3049204263850331));
#656=IFCCARTESIANPOINT((2.9290643551543472,0.42166994750654091,3.3016428534682145));
#657=IFCCARTESIANPOINT((2.9205729166667314,0.42166994750654091,3.3005249343832097));
#658=IFCCARTESIANPOINT((2.912081478179116,0.42166994750654091,3.3016428534682141));
#659=IFCCARTESIANPOINT((2.9041687171916655,0.42166994750654091,3.3049204263850327));
#660=IFCCARTESIANPOINT((2.8973738752892197,0.42166994750654091,3.3101342919558294));
#661=IFCCARTESIANPOINT((2.8921600097184226,0.42166994750654091,3.3169291338582751));
#662=IFCCARTESIANPOINT((2.8888824368016039,0.42166994750654091,3.3248418948457252));
#663=IFCCARTESIANPOINT((2.8877645177165996,0.42166994750654091,3.333333333333341));
#664=IFCCARTESIANPOINT((2.8888824368016035,0.42166994750654091,3.3418247718209568));
#665=IFCCARTESIANPOINT((2.8921600097184221,0.42166994750654091,3.3497375328084069));
#666=IFCCARTESIANPOINT((2.8973738752892193,0.42166994750654091,3.3565323747108531));
#667=IFCCARTESIANPOINT((2.904168717191665,0.42166994750654091,3.3617462402816498));
#668=IFCCARTESIANPOINT((2.9120814781791151,0.42166994750654091,3.3650238131984684));
#669=IFCCARTESIANPOINT((2.9205729166667309,0.42166994750654091,3.3661417322834732));
#670=IFCCARTESIANPOINT((2.9290643551543463,0.42166994750654091,3.3650238131984689));
#671=IFCCARTESIANPOINT((2.9369771161417964,0.42166994750654091,3.3617462402816503));
#672=IFCCARTESIANPOINT((2.9437719580442425,0.42166994750654091,3.3565323747108535));
#673=IFCCARTESIANPOINT((2.9489858236150397,0.42166994750654091,3.3497375328084078));
#674=IFCCARTESIANPOINT((2.9522633965318583,0.42166994750654091,3.3418247718209573));
#675=IFCCARTESIANPOINT((2.9533813156168627,0.32324475065614838,3.3333333333333419));
#676=IFCCARTESIANPOINT((2.9522633965318583,0.32324475065614838,3.3248418948457261));
#677=IFCCARTESIANPOINT((2.9489858236150397,0.32324475065614838,3.316929133858276));
#678=IFCCARTESIANPOINT((2.943771958044243,0.32324475065614838,3.3101342919558303));
#679=IFCCARTESIANPOINT((2.9369771161417972,0.32324475065614838,3.3049204263850331));
#680=IFCCARTESIANPOINT((2.9290643551543472,0.32324475065614838,3.3016428534682145));
#681=IFCCARTESIANPOINT((2.9205729166667314,0.32324475065614838,3.3005249343832097));
#682=IFCCARTESIANPOINT((2.9120814781791156,0.32324475065614838,3.3016428534682141));
#683=IFCCARTESIANPOINT((2.9041687171916655,0.32324475065614838,3.3049204263850327));
#684=IFCCARTESIANPOINT((2.8973738752892197,0.32324475065614838,3.3101342919558294));
#685=IFCCARTESIANPOINT((2.8921600097184226,0.32324475065614838,3.3169291338582751));
#686=IFCCARTESIANPOINT((2.8888824368016035,0.32324475065614838,3.3248418948457252));
#687=IFCCARTESIANPOINT((2.8877645177165991,0.32324475065614838,3.333333333333341));
#688=IFCCARTESIANPOINT((2.8888824368016035,0.32324475065614838,3.3418247718209568));
#689=IFCCARTESIANPOINT((2.8921600097184221,0.32324475065614838,3.3497375328084069));
#690=IFCCARTESIANPOINT((2.8973738752892189,0.32324475065614838,3.3565323747108531));
#691=IFCCARTESIANPOINT((2.904168717191665,0.32324475065614838,3.3617462402816498));
#692=IFCCARTESIANPOINT((2.9120814781791151,0.32324475065614838,3.3650238131984684));
#693=IFCCARTESIANPOINT((2.9205729166667309,0.32324475065614838,3.3661417322834732));
#694=IFCCARTESIANPOINT((2.9290643551543463,0.32324475065614838,3.3650238131984689));
#695=IFCCARTESIANPOINT((2.9369771161417964,0.32324475065614838,3.3617462402816503));
#696=IFCCARTESIANPOINT((2.9437719580442421,0.32324475065614838,3.3565323747108535));
#697=IFCCARTESIANPOINT((2.9489858236150397,0.32324475065614838,3.3497375328084074));
#698=IFCCARTESIANPOINT((2.9522633965318583,0.32324475065614838,3.3418247718209573));
#699=IFCCARTESIANPOINT((2.8713603182415111,0.3068405511810598,3.333333333333341));
#700=IFCCARTESIANPOINT((2.8829598389302831,0.31164522996737648,3.333333333333341));
#701=IFCCARTESIANPOINT((2.9423925856123025,0.28223425196847257,3.3333333333333415));
#702=IFCCARTESIANPOINT((2.9123708169291866,0.25221248328535706,3.3333333333333415));
#703=IFCCARTESIANPOINT((2.8713603182415111,0.24122375328079668,3.333333333333341));
#704=IFCCARTESIANPOINT((2.8713603182415111,0.2423416723658009,3.3248418948457261));
#705=IFCCARTESIANPOINT((2.8713603182415111,0.24561924528261936,3.3169291338582756));
#706=IFCCARTESIANPOINT((2.8713603182415111,0.25083311085341631,3.3101342919558299));
#707=IFCCARTESIANPOINT((2.8713603182415111,0.25762795275586214,3.3049204263850327));
#708=IFCCARTESIANPOINT((2.8713603182415111,0.26554071374331223,3.3016428534682141));
#709=IFCCARTESIANPOINT((2.8713603182415111,0.27403215223092786,3.3005249343832093));
#710=IFCCARTESIANPOINT((2.8713603182415111,0.28252359071854349,3.3016428534682136));
#711=IFCCARTESIANPOINT((2.8713603182415111,0.29043635170599369,3.3049204263850323));
#712=IFCCARTESIANPOINT((2.8713603182415111,0.29723119360843958,3.310134291955829));
#713=IFCCARTESIANPOINT((2.8713603182415111,0.30244505917923664,3.3169291338582747));
#714=IFCCARTESIANPOINT((2.8713603182415111,0.30572263209605532,3.3248418948457248));
#715=IFCCARTESIANPOINT((2.9477848013665859,0.30235827512883146,3.3333333333333415));
#716=IFCCARTESIANPOINT((2.8922467939020935,0.24682026756678205,3.333333333333341));
#717=IFCCARTESIANPOINT((2.9505830584917243,0.31280151289248992,3.3333333333333419));
#718=IFCCARTESIANPOINT((2.8818035560718025,0.24402201042378935,3.333333333333341));
#719=IFCCARTESIANPOINT((2.9519821870542935,0.31802313177431918,3.3333333333333415));
#720=IFCCARTESIANPOINT((2.8765819371566566,0.24262288185229303,3.333333333333341));
#721=IFCCARTESIANPOINT((2.9273817012707446,0.26722336762691479,3.3333333333333415));
#722=IFCCARTESIANPOINT((2.9026518927006362,0.27812363829821052,3.3010233682916836));
#723=IFCCARTESIANPOINT((2.9164814285166836,0.29195317857671177,3.3010233677507834));
#724=IFCCARTESIANPOINT((2.9450886934894438,0.29229626354865201,3.3333333333333415));
#725=IFCCARTESIANPOINT((2.8943610328387335,0.26199023517617226,3.3048136707432807));
#726=IFCCARTESIANPOINT((2.9239688704517688,0.30164410896614269,3.3014311636391001));
#727=IFCCARTESIANPOINT((2.9370700877310227,0.30369050026036826,3.3068349839339723));
#728=IFCCARTESIANPOINT((2.8845442340481866,0.29904406376151726,3.3086857132680367));
#729=IFCCARTESIANPOINT((2.8955610060960524,0.31006083459603351,3.3086857124209672));
#730=IFCCARTESIANPOINT((2.8992516664464754,0.29535340356094919,3.3020128636738959));
#731=IFCCARTESIANPOINT((2.9203121215180139,0.27510904898443989,3.3069053892866558));
#732=IFCCARTESIANPOINT((2.9023088054156401,0.24951637542606953,3.3333333333333415));
#733=IFCCARTESIANPOINT((2.9198762590999658,0.25971792545613592,3.3333333333333415));
#734=IFCCARTESIANPOINT((2.9348871434415233,0.27472880979769365,3.3333333333333415));
#735=IFCCARTESIANPOINT((2.8713603182415111,0.30572263209605549,3.3418247718209564));
#736=IFCCARTESIANPOINT((2.8713603182415111,0.30244505917923697,3.3497375328084069));
#737=IFCCARTESIANPOINT((2.8713603182415106,0.29723119360844003,3.3565323747108526));
#738=IFCCARTESIANPOINT((2.8713603182415106,0.29043635170599419,3.3617462402816494));
#739=IFCCARTESIANPOINT((2.8713603182415106,0.28252359071854405,3.3650238131984684));
#740=IFCCARTESIANPOINT((2.8713603182415106,0.27403215223092847,3.3661417322834728));
#741=IFCCARTESIANPOINT((2.8713603182415106,0.2655407137433129,3.3650238131984684));
#742=IFCCARTESIANPOINT((2.8713603182415106,0.25762795275586264,3.3617462402816498));
#743=IFCCARTESIANPOINT((2.8713603182415106,0.25083311085341675,3.3565323747108526));
#744=IFCCARTESIANPOINT((2.8713603182415111,0.24561924528261969,3.3497375328084069));
#745=IFCCARTESIANPOINT((2.8713603182415111,0.24234167236580106,3.3418247718209568));
#746=IFCCARTESIANPOINT((2.9164814285170513,0.29195317857631992,3.3656432989158063));
#747=IFCCARTESIANPOINT((2.9026518927021439,0.27812363829784953,3.3656432983747946));
#748=IFCCARTESIANPOINT((2.8943610328390093,0.26199023517605502,3.3618529959232841));
#749=IFCCARTESIANPOINT((2.9239688704518354,0.30164410896604721,3.3652355030275589));
#750=IFCCARTESIANPOINT((2.9370700877310432,0.30369050026030031,3.3598316827326817));
#751=IFCCARTESIANPOINT((2.895561006096278,0.31006083459589839,3.3579809542459458));
#752=IFCCARTESIANPOINT((2.8845442340481551,0.29904406376153642,3.3579809533986174));
#753=IFCCARTESIANPOINT((2.8992516664477588,0.29535340355983208,3.3646538029933155));
#754=IFCCARTESIANPOINT((2.9194960212038543,0.27429294847192304,3.3597612772872703));
#755=IFCCARTESIANPOINT((2.526872129265108,0.24122375328079693,3.3333333333333401));
#756=IFCCARTESIANPOINT((2.526872129265108,0.24234167236580129,3.3418247718209559));
#757=IFCCARTESIANPOINT((2.526872129265108,0.24561924528261991,3.349737532808406));
#758=IFCCARTESIANPOINT((2.526872129265108,0.25083311085341692,3.3565323747108518));
#759=IFCCARTESIANPOINT((2.526872129265108,0.25762795275586275,3.3617462402816489));
#760=IFCCARTESIANPOINT((2.526872129265108,0.26554071374331295,3.3650238131984676));
#761=IFCCARTESIANPOINT((2.526872129265108,0.27403215223092858,3.3661417322834719));
#762=IFCCARTESIANPOINT((2.526872129265108,0.28252359071854416,3.3650238131984676));
#763=IFCCARTESIANPOINT((2.526872129265108,0.2904363517059943,3.3617462402816489));
#764=IFCCARTESIANPOINT((2.526872129265108,0.29723119360844019,3.3565323747108518));
#765=IFCCARTESIANPOINT((2.526872129265108,0.3024450591792372,3.349737532808406));
#766=IFCCARTESIANPOINT((2.526872129265108,0.30572263209605577,3.3418247718209559));
#767=IFCCARTESIANPOINT((2.526872129265108,0.30684055118106007,3.3333333333333397));
#768=IFCCARTESIANPOINT((2.526872129265108,0.30572263209605566,3.3248418948457243));
#769=IFCCARTESIANPOINT((2.526872129265108,0.30244505917923697,3.3169291338582738));
#770=IFCCARTESIANPOINT((2.526872129265108,0.29723119360843991,3.3101342919558281));
#771=IFCCARTESIANPOINT((2.526872129265108,0.29043635170599397,3.3049204263850314));
#772=IFCCARTESIANPOINT((2.526872129265108,0.28252359071854377,3.3016428534682127));
#773=IFCCARTESIANPOINT((2.526872129265108,0.27403215223092814,3.3005249343832084));
#774=IFCCARTESIANPOINT((2.526872129265108,0.26554071374331256,3.3016428534682132));
#775=IFCCARTESIANPOINT((2.526872129265108,0.25762795275586242,3.3049204263850318));
#776=IFCCARTESIANPOINT((2.526872129265108,0.25083311085341664,3.3101342919558285));
#777=IFCCARTESIANPOINT((2.526872129265108,0.24561924528261969,3.3169291338582747));
#778=IFCCARTESIANPOINT((2.526872129265108,0.24234167236580118,3.3248418948457248));
#779=IFCPOLYLOOP((#656,#657,#658,#659,#660,#661,#662,#663,#664,#665,#666,#667,#668,#669,#670,#671,#672,#673,#674,#651,#652,#653,#654,#655));
#780=IFCFACEOUTERBOUND(#779,.T.);
#781=IFCFACE((#780));
#782=IFCPOLYLOOP((#676,#652,#651,#675));
#783=IFCFACEOUTERBOUND(#782,.T.);
#784=IFCFACE((#783));
#785=IFCPOLYLOOP((#677,#653,#652,#676));
#786=IFCFACEOUTERBOUND(#785,.T.);
#787=IFCFACE((#786));
#788=IFCPOLYLOOP((#654,#678,#679,#655));
#789=IFCFACEOUTERBOUND(#788,.T.);
#790=IFCFACE((#789));
#791=IFCPOLYLOOP((#677,#678,#654,#653));
#792=IFCFACEOUTERBOUND(#791,.T.);
#793=IFCFACE((#792));
#794=IFCPOLYLOOP((#655,#679,#680,#656));
#795=IFCFACEOUTERBOUND(#794,.T.);
#796=IFCFACE((#795));
#797=IFCPOLYLOOP((#656,#680,#681,#657));
#798=IFCFACEOUTERBOUND(#797,.T.);
#799=IFCFACE((#798));
#800=IFCPOLYLOOP((#683,#659,#658,#682));
#801=IFCFACEOUTERBOUND(#800,.T.);
#802=IFCFACE((#801));
#803=IFCPOLYLOOP((#684,#660,#659,#683));
#804=IFCFACEOUTERBOUND(#803,.T.);
#805=IFCFACE((#804));
#806=IFCPOLYLOOP((#661,#685,#686,#662));
#807=IFCFACEOUTERBOUND(#806,.T.);
#808=IFCFACE((#807));
#809=IFCPOLYLOOP((#684,#685,#661,#660));
#810=IFCFACEOUTERBOUND(#809,.T.);
#811=IFCFACE((#810));
#812=IFCPOLYLOOP((#662,#686,#687,#663));
#813=IFCFACEOUTERBOUND(#812,.T.);
#814=IFCFACE((#813));
#815=IFCPOLYLOOP((#658,#657,#681,#682));
#816=IFCFACEOUTERBOUND(#815,.T.);
#817=IFCFACE((#816));
#818=IFCPOLYLOOP((#688,#664,#663,#687));
#819=IFCFACEOUTERBOUND(#818,.T.);
#820=IFCFACE((#819));
#821=IFCPOLYLOOP((#689,#665,#664,#688));
#822=IFCFACEOUTERBOUND(#821,.T.);
#823=IFCFACE((#822));
#824=IFCPOLYLOOP((#666,#690,#691,#667));
#825=IFCFACEOUTERBOUND(#824,.T.);
#826=IFCFACE((#825));
#827=IFCPOLYLOOP((#689,#690,#666,#665));
#828=IFCFACEOUTERBOUND(#827,.T.);
#829=IFCFACE((#828));
#830=IFCPOLYLOOP((#667,#691,#692,#668));
#831=IFCFACEOUTERBOUND(#830,.T.);
#832=IFCFACE((#831));
#833=IFCPOLYLOOP((#668,#692,#693,#669));
#834=IFCFACEOUTERBOUND(#833,.T.);
#835=IFCFACE((#834));
#836=IFCPOLYLOOP((#695,#671,#670,#694));
#837=IFCFACEOUTERBOUND(#836,.T.);
#838=IFCFACE((#837));
#839=IFCPOLYLOOP((#696,#672,#671,#695));
#840=IFCFACEOUTERBOUND(#839,.T.);
#841=IFCFACE((#840));
#842=IFCPOLYLOOP((#673,#697,#698,#674));
#843=IFCFACEOUTERBOUND(#842,.T.);
#844=IFCFACE((#843));
#845=IFCPOLYLOOP((#696,#697,#673,#672));
#846=IFCFACEOUTERBOUND(#845,.T.);
#847=IFCFACE((#846));
#848=IFCPOLYLOOP((#674,#698,#675,#651));
#849=IFCFACEOUTERBOUND(#848,.T.);
#850=IFCFACE((#849));
#851=IFCPOLYLOOP((#670,#669,#693,#694));
#852=IFCFACEOUTERBOUND(#851,.T.);
#853=IFCFACE((#852));
#854=IFCPOLYLOOP((#676,#719,#677));
#855=IFCFACEOUTERBOUND(#854,.T.);
#856=IFCFACE((#855));
#857=IFCPOLYLOOP((#727,#680,#715));
#858=IFCFACEOUTERBOUND(#857,.T.);
#859=IFCFACE((#858));
#860=IFCPOLYLOOP((#726,#723,#729));
#861=IFCFACEOUTERBOUND(#860,.T.);
#862=IFCFACE((#861));
#863=IFCPOLYLOOP((#715,#724,#701,#727));
#864=IFCFACEOUTERBOUND(#863,.T.);
#865=IFCFACE((#864));
#866=IFCPOLYLOOP((#715,#679,#678));
#867=IFCFACEOUTERBOUND(#866,.T.);
#868=IFCFACE((#867));
#869=IFCPOLYLOOP((#677,#717,#678));
#870=IFCFACEOUTERBOUND(#869,.T.);
#871=IFCFACE((#870));
#872=IFCPOLYLOOP((#679,#715,#680));
#873=IFCFACEOUTERBOUND(#872,.T.);
#874=IFCFACE((#873));
#875=IFCPOLYLOOP((#701,#726,#727));
#876=IFCFACEOUTERBOUND(#875,.T.);
#877=IFCFACE((#876));
#878=IFCPOLYLOOP((#727,#683,#682));
#879=IFCFACEOUTERBOUND(#878,.T.);
#880=IFCFACE((#879));
#881=IFCPOLYLOOP((#731,#722,#730));
#882=IFCFACEOUTERBOUND(#881,.T.);
#883=IFCFACE((#882));
#884=IFCPOLYLOOP((#702,#725,#722));
#885=IFCFACEOUTERBOUND(#884,.T.);
#886=IFCFACE((#885));
#887=IFCPOLYLOOP((#727,#681,#680));
#888=IFCFACEOUTERBOUND(#887,.T.);
#889=IFCFACE((#888));
#890=IFCPOLYLOOP((#727,#682,#681));
#891=IFCFACEOUTERBOUND(#890,.T.);
#892=IFCFACE((#891));
#893=IFCPOLYLOOP((#699,#700,#728));
#894=IFCFACEOUTERBOUND(#893,.T.);
#895=IFCFACE((#894));
#896=IFCPOLYLOOP((#683,#727,#726));
#897=IFCFACEOUTERBOUND(#896,.T.);
#898=IFCFACE((#897));
#899=IFCPOLYLOOP((#714,#728,#713));
#900=IFCFACEOUTERBOUND(#899,.T.);
#901=IFCFACE((#900));
#902=IFCPOLYLOOP((#732,#716,#708));
#903=IFCFACEOUTERBOUND(#902,.T.);
#904=IFCFACE((#903));
#905=IFCPOLYLOOP((#676,#675,#719));
#906=IFCFACEOUTERBOUND(#905,.T.);
#907=IFCFACE((#906));
#908=IFCPOLYLOOP((#726,#729,#685));
#909=IFCFACEOUTERBOUND(#908,.T.);
#910=IFCFACE((#909));
#911=IFCPOLYLOOP((#726,#684,#683));
#912=IFCFACEOUTERBOUND(#911,.T.);
#913=IFCFACE((#912));
#914=IFCPOLYLOOP((#723,#731,#730));
#915=IFCFACEOUTERBOUND(#914,.T.);
#916=IFCFACE((#915));
#917=IFCPOLYLOOP((#712,#725,#711));
#918=IFCFACEOUTERBOUND(#917,.T.);
#919=IFCFACE((#918));
#920=IFCPOLYLOOP((#700,#729,#730));
#921=IFCFACEOUTERBOUND(#920,.T.);
#922=IFCFACE((#921));
#923=IFCPOLYLOOP((#723,#734,#731));
#924=IFCFACEOUTERBOUND(#923,.T.);
#925=IFCFACE((#924));
#926=IFCPOLYLOOP((#731,#733,#722));
#927=IFCFACEOUTERBOUND(#926,.T.);
#928=IFCFACE((#927));
#929=IFCPOLYLOOP((#716,#707,#708));
#930=IFCFACEOUTERBOUND(#929,.T.);
#931=IFCFACE((#930));
#932=IFCPOLYLOOP((#729,#723,#730));
#933=IFCFACEOUTERBOUND(#932,.T.);
#934=IFCFACE((#933));
#935=IFCPOLYLOOP((#732,#709,#725));
#936=IFCFACEOUTERBOUND(#935,.T.);
#937=IFCFACE((#936));
#938=IFCPOLYLOOP((#708,#709,#732));
#939=IFCFACEOUTERBOUND(#938,.T.);
#940=IFCFACE((#939));
#941=IFCPOLYLOOP((#718,#706,#716));
#942=IFCFACEOUTERBOUND(#941,.T.);
#943=IFCFACE((#942));
#944=IFCPOLYLOOP((#702,#722,#733));
#945=IFCFACEOUTERBOUND(#944,.T.);
#946=IFCFACE((#945));
#947=IFCPOLYLOOP((#716,#706,#707));
#948=IFCFACEOUTERBOUND(#947,.T.);
#949=IFCFACE((#948));
#950=IFCPOLYLOOP((#725,#702,#732));
#951=IFCFACEOUTERBOUND(#950,.T.);
#952=IFCFACE((#951));
#953=IFCPOLYLOOP((#704,#720,#703));
#954=IFCFACEOUTERBOUND(#953,.T.);
#955=IFCFACE((#954));
#956=IFCPOLYLOOP((#722,#728,#730));
#957=IFCFACEOUTERBOUND(#956,.T.);
#958=IFCFACE((#957));
#959=IFCPOLYLOOP((#726,#734,#723));
#960=IFCFACEOUTERBOUND(#959,.T.);
#961=IFCFACE((#960));
#962=IFCPOLYLOOP((#715,#678,#717));
#963=IFCFACEOUTERBOUND(#962,.T.);
#964=IFCFACE((#963));
#965=IFCPOLYLOOP((#729,#687,#686));
#966=IFCFACEOUTERBOUND(#965,.T.);
#967=IFCFACE((#966));
#968=IFCPOLYLOOP((#721,#733,#731,#734));
#969=IFCFACEOUTERBOUND(#968,.T.);
#970=IFCFACE((#969));
#971=IFCPOLYLOOP((#713,#728,#722));
#972=IFCFACEOUTERBOUND(#971,.T.);
#973=IFCFACE((#972));
#974=IFCPOLYLOOP((#718,#705,#706));
#975=IFCFACEOUTERBOUND(#974,.T.);
#976=IFCFACE((#975));
#977=IFCPOLYLOOP((#714,#699,#728));
#978=IFCFACEOUTERBOUND(#977,.T.);
#979=IFCFACE((#978));
#980=IFCPOLYLOOP((#705,#720,#704));
#981=IFCFACEOUTERBOUND(#980,.T.);
#982=IFCFACE((#981));
#983=IFCPOLYLOOP((#725,#712,#722));
#984=IFCFACEOUTERBOUND(#983,.T.);
#985=IFCFACE((#984));
#986=IFCPOLYLOOP((#719,#717,#677));
#987=IFCFACEOUTERBOUND(#986,.T.);
#988=IFCFACE((#987));
#989=IFCPOLYLOOP((#712,#713,#722));
#990=IFCFACEOUTERBOUND(#989,.T.);
#991=IFCFACE((#990));
#992=IFCPOLYLOOP((#718,#720,#705));
#993=IFCFACEOUTERBOUND(#992,.T.);
#994=IFCFACE((#993));
#995=IFCPOLYLOOP((#711,#725,#710));
#996=IFCFACEOUTERBOUND(#995,.T.);
#997=IFCFACE((#996));
#998=IFCPOLYLOOP((#709,#710,#725));
#999=IFCFACEOUTERBOUND(#998,.T.);
#1000=IFCFACE((#999));
#1001=IFCPOLYLOOP((#685,#684,#726));
#1002=IFCFACEOUTERBOUND(#1001,.T.);
#1003=IFCFACE((#1002));
#1004=IFCPOLYLOOP((#700,#730,#728));
#1005=IFCFACEOUTERBOUND(#1004,.T.);
#1006=IFCFACE((#1005));
#1007=IFCPOLYLOOP((#686,#685,#729));
#1008=IFCFACEOUTERBOUND(#1007,.T.);
#1009=IFCFACE((#1008));
#1010=IFCPOLYLOOP((#734,#726,#701));
#1011=IFCFACEOUTERBOUND(#1010,.T.);
#1012=IFCFACE((#1011));
#1013=IFCPOLYLOOP((#700,#687,#729));
#1014=IFCFACEOUTERBOUND(#1013,.T.);
#1015=IFCFACE((#1014));
#1016=IFCPOLYLOOP((#750,#701,#724,#715));
#1017=IFCFACEOUTERBOUND(#1016,.T.);
#1018=IFCFACE((#1017));
#1019=IFCPOLYLOOP((#746,#751,#753));
#1020=IFCFACEOUTERBOUND(#1019,.T.);
#1021=IFCFACE((#1020));
#1022=IFCPOLYLOOP((#700,#699,#752));
#1023=IFCFACEOUTERBOUND(#1022,.T.);
#1024=IFCFACE((#1023));
#1025=IFCPOLYLOOP((#749,#690,#689));
#1026=IFCFACEOUTERBOUND(#1025,.T.);
#1027=IFCFACE((#1026));
#1028=IFCPOLYLOOP((#746,#749,#751));
#1029=IFCFACEOUTERBOUND(#1028,.T.);
#1030=IFCFACE((#1029));
#1031=IFCPOLYLOOP((#736,#747,#752));
#1032=IFCFACEOUTERBOUND(#1031,.T.);
#1033=IFCFACE((#1032));
#1034=IFCPOLYLOOP((#689,#751,#749));
#1035=IFCFACEOUTERBOUND(#1034,.T.);
#1036=IFCFACE((#1035));
#1037=IFCPOLYLOOP((#754,#746,#753));
#1038=IFCFACEOUTERBOUND(#1037,.T.);
#1039=IFCFACE((#1038));
#1040=IFCPOLYLOOP((#688,#751,#689));
#1041=IFCFACEOUTERBOUND(#1040,.T.);
#1042=IFCFACE((#1041));
#1043=IFCPOLYLOOP((#700,#752,#753));
#1044=IFCFACEOUTERBOUND(#1043,.T.);
#1045=IFCFACE((#1044));
#1046=IFCPOLYLOOP((#754,#753,#747));
#1047=IFCFACEOUTERBOUND(#1046,.T.);
#1048=IFCFACE((#1047));
#1049=IFCPOLYLOOP((#752,#699,#735));
#1050=IFCFACEOUTERBOUND(#1049,.T.);
#1051=IFCFACE((#1050));
#1052=IFCPOLYLOOP((#719,#675,#698));
#1053=IFCFACEOUTERBOUND(#1052,.T.);
#1054=IFCFACE((#1053));
#1055=IFCPOLYLOOP((#702,#747,#748));
#1056=IFCFACEOUTERBOUND(#1055,.T.);
#1057=IFCFACE((#1056));
#1058=IFCPOLYLOOP((#732,#702,#748));
#1059=IFCFACEOUTERBOUND(#1058,.T.);
#1060=IFCFACE((#1059));
#1061=IFCPOLYLOOP((#696,#715,#717));
#1062=IFCFACEOUTERBOUND(#1061,.T.);
#1063=IFCFACE((#1062));
#1064=IFCPOLYLOOP((#693,#750,#694));
#1065=IFCFACEOUTERBOUND(#1064,.T.);
#1066=IFCFACE((#1065));
#1067=IFCPOLYLOOP((#747,#702,#733));
#1068=IFCFACEOUTERBOUND(#1067,.T.);
#1069=IFCFACE((#1068));
#1070=IFCPOLYLOOP((#715,#696,#695));
#1071=IFCFACEOUTERBOUND(#1070,.T.);
#1072=IFCFACE((#1071));
#1073=IFCPOLYLOOP((#695,#694,#715));
#1074=IFCFACEOUTERBOUND(#1073,.T.);
#1075=IFCFACE((#1074));
#1076=IFCPOLYLOOP((#749,#734,#701));
#1077=IFCFACEOUTERBOUND(#1076,.T.);
#1078=IFCFACE((#1077));
#1079=IFCPOLYLOOP((#740,#741,#732));
#1080=IFCFACEOUTERBOUND(#1079,.T.);
#1081=IFCFACE((#1080));
#1082=IFCPOLYLOOP((#694,#750,#715));
#1083=IFCFACEOUTERBOUND(#1082,.T.);
#1084=IFCFACE((#1083));
#1085=IFCPOLYLOOP((#753,#752,#747));
#1086=IFCFACEOUTERBOUND(#1085,.T.);
#1087=IFCFACE((#1086));
#1088=IFCPOLYLOOP((#700,#753,#751));
#1089=IFCFACEOUTERBOUND(#1088,.T.);
#1090=IFCFACE((#1089));
#1091=IFCPOLYLOOP((#736,#752,#735));
#1092=IFCFACEOUTERBOUND(#1091,.T.);
#1093=IFCFACE((#1092));
#1094=IFCPOLYLOOP((#747,#736,#737));
#1095=IFCFACEOUTERBOUND(#1094,.T.);
#1096=IFCFACE((#1095));
#1097=IFCPOLYLOOP((#716,#743,#718));
#1098=IFCFACEOUTERBOUND(#1097,.T.);
#1099=IFCFACE((#1098));
#1100=IFCPOLYLOOP((#733,#754,#747));
#1101=IFCFACEOUTERBOUND(#1100,.T.);
#1102=IFCFACE((#1101));
#1103=IFCPOLYLOOP((#688,#687,#751));
#1104=IFCFACEOUTERBOUND(#1103,.T.);
#1105=IFCFACE((#1104));
#1106=IFCPOLYLOOP((#717,#697,#696));
#1107=IFCFACEOUTERBOUND(#1106,.T.);
#1108=IFCFACE((#1107));
#1109=IFCPOLYLOOP((#739,#748,#738));
#1110=IFCFACEOUTERBOUND(#1109,.T.);
#1111=IFCFACE((#1110));
#1112=IFCPOLYLOOP((#717,#719,#697));
#1113=IFCFACEOUTERBOUND(#1112,.T.);
#1114=IFCFACE((#1113));
#1115=IFCPOLYLOOP((#720,#718,#744));
#1116=IFCFACEOUTERBOUND(#1115,.T.);
#1117=IFCFACE((#1116));
#1118=IFCPOLYLOOP((#748,#737,#738));
#1119=IFCFACEOUTERBOUND(#1118,.T.);
#1120=IFCFACE((#1119));
#1121=IFCPOLYLOOP((#697,#719,#698));
#1122=IFCFACEOUTERBOUND(#1121,.T.);
#1123=IFCFACE((#1122));
#1124=IFCPOLYLOOP((#739,#740,#748));
#1125=IFCFACEOUTERBOUND(#1124,.T.);
#1126=IFCFACE((#1125));
#1127=IFCPOLYLOOP((#754,#734,#746));
#1128=IFCFACEOUTERBOUND(#1127,.T.);
#1129=IFCFACE((#1128));
#1130=IFCPOLYLOOP((#721,#734,#754,#733));
#1131=IFCFACEOUTERBOUND(#1130,.T.);
#1132=IFCFACE((#1131));
#1133=IFCPOLYLOOP((#742,#743,#716));
#1134=IFCFACEOUTERBOUND(#1133,.T.);
#1135=IFCFACE((#1134));
#1136=IFCPOLYLOOP((#716,#741,#742));
#1137=IFCFACEOUTERBOUND(#1136,.T.);
#1138=IFCFACE((#1137));
#1139=IFCPOLYLOOP((#691,#750,#692));
#1140=IFCFACEOUTERBOUND(#1139,.T.);
#1141=IFCFACE((#1140));
#1142=IFCPOLYLOOP((#732,#741,#716));
#1143=IFCFACEOUTERBOUND(#1142,.T.);
#1144=IFCFACE((#1143));
#1145=IFCPOLYLOOP((#744,#745,#720));
#1146=IFCFACEOUTERBOUND(#1145,.T.);
#1147=IFCFACE((#1146));
#1148=IFCPOLYLOOP((#749,#746,#734));
#1149=IFCFACEOUTERBOUND(#1148,.T.);
#1150=IFCFACE((#1149));
#1151=IFCPOLYLOOP((#740,#732,#748));
#1152=IFCFACEOUTERBOUND(#1151,.T.);
#1153=IFCFACE((#1152));
#1154=IFCPOLYLOOP((#750,#693,#692));
#1155=IFCFACEOUTERBOUND(#1154,.T.);
#1156=IFCFACE((#1155));
#1157=IFCPOLYLOOP((#737,#748,#747));
#1158=IFCFACEOUTERBOUND(#1157,.T.);
#1159=IFCFACE((#1158));
#1160=IFCPOLYLOOP((#744,#718,#743));
#1161=IFCFACEOUTERBOUND(#1160,.T.);
#1162=IFCFACE((#1161));
#1163=IFCPOLYLOOP((#745,#703,#720));
#1164=IFCFACEOUTERBOUND(#1163,.T.);
#1165=IFCFACE((#1164));
#1166=IFCPOLYLOOP((#701,#750,#749));
#1167=IFCFACEOUTERBOUND(#1166,.T.);
#1168=IFCFACE((#1167));
#1169=IFCPOLYLOOP((#691,#690,#749));
#1170=IFCFACEOUTERBOUND(#1169,.T.);
#1171=IFCFACE((#1170));
#1172=IFCPOLYLOOP((#687,#700,#751));
#1173=IFCFACEOUTERBOUND(#1172,.T.);
#1174=IFCFACE((#1173));
#1175=IFCPOLYLOOP((#691,#749,#750));
#1176=IFCFACEOUTERBOUND(#1175,.T.);
#1177=IFCFACE((#1176));
#1178=IFCPOLYLOOP((#776,#777,#778,#755,#756,#757,#758,#759,#760,#761,#762,#763,#764,#765,#766,#767,#768,#769,#770,#771,#772,#773,#774,#775));
#1179=IFCFACEOUTERBOUND(#1178,.T.);
#1180=IFCFACE((#1179));
#1181=IFCPOLYLOOP((#778,#704,#703,#755));
#1182=IFCFACEOUTERBOUND(#1181,.T.);
#1183=IFCFACE((#1182));
#1184=IFCPOLYLOOP((#777,#705,#704,#778));
#1185=IFCFACEOUTERBOUND(#1184,.T.);
#1186=IFCFACE((#1185));
#1187=IFCPOLYLOOP((#775,#707,#706,#776));
#1188=IFCFACEOUTERBOUND(#1187,.T.);
#1189=IFCFACE((#1188));
#1190=IFCPOLYLOOP((#776,#706,#705,#777));
#1191=IFCFACEOUTERBOUND(#1190,.T.);
#1192=IFCFACE((#1191));
#1193=IFCPOLYLOOP((#774,#708,#707,#775));
#1194=IFCFACEOUTERBOUND(#1193,.T.);
#1195=IFCFACE((#1194));
#1196=IFCPOLYLOOP((#708,#774,#773,#709));
#1197=IFCFACEOUTERBOUND(#1196,.T.);
#1198=IFCFACE((#1197));
#1199=IFCPOLYLOOP((#771,#770,#712,#711));
#1200=IFCFACEOUTERBOUND(#1199,.T.);
#1201=IFCFACE((#1200));
#1202=IFCPOLYLOOP((#772,#771,#711,#710));
#1203=IFCFACEOUTERBOUND(#1202,.T.);
#1204=IFCFACE((#1203));
#1205=IFCPOLYLOOP((#768,#767,#699,#714));
#1206=IFCFACEOUTERBOUND(#1205,.T.);
#1207=IFCFACE((#1206));
#1208=IFCPOLYLOOP((#769,#768,#714,#713));
#1209=IFCFACEOUTERBOUND(#1208,.T.);
#1210=IFCFACE((#1209));
#1211=IFCPOLYLOOP((#770,#769,#713,#712));
#1212=IFCFACEOUTERBOUND(#1211,.T.);
#1213=IFCFACE((#1212));
#1214=IFCPOLYLOOP((#710,#709,#773,#772));
#1215=IFCFACEOUTERBOUND(#1214,.T.);
#1216=IFCFACE((#1215));
#1217=IFCPOLYLOOP((#699,#767,#766,#735));
#1218=IFCFACEOUTERBOUND(#1217,.T.);
#1219=IFCFACE((#1218));
#1220=IFCPOLYLOOP((#765,#736,#735,#766));
#1221=IFCFACEOUTERBOUND(#1220,.T.);
#1222=IFCFACE((#1221));
#1223=IFCPOLYLOOP((#763,#762,#739,#738));
#1224=IFCFACEOUTERBOUND(#1223,.T.);
#1225=IFCFACE((#1224));
#1226=IFCPOLYLOOP((#764,#763,#738,#737));
#1227=IFCFACEOUTERBOUND(#1226,.T.);
#1228=IFCFACE((#1227));
#1229=IFCPOLYLOOP((#736,#765,#764,#737));
#1230=IFCFACEOUTERBOUND(#1229,.T.);
#1231=IFCFACE((#1230));
#1232=IFCPOLYLOOP((#739,#762,#761,#740));
#1233=IFCFACEOUTERBOUND(#1232,.T.);
#1234=IFCFACE((#1233));
#1235=IFCPOLYLOOP((#759,#758,#743,#742));
#1236=IFCFACEOUTERBOUND(#1235,.T.);
#1237=IFCFACE((#1236));
#1238=IFCPOLYLOOP((#760,#759,#742,#741));
#1239=IFCFACEOUTERBOUND(#1238,.T.);
#1240=IFCFACE((#1239));
#1241=IFCPOLYLOOP((#756,#755,#703,#745));
#1242=IFCFACEOUTERBOUND(#1241,.T.);
#1243=IFCFACE((#1242));
#1244=IFCPOLYLOOP((#757,#756,#745,#744));
#1245=IFCFACEOUTERBOUND(#1244,.T.);
#1246=IFCFACE((#1245));
#1247=IFCPOLYLOOP((#758,#757,#744,#743));
#1248=IFCFACEOUTERBOUND(#1247,.T.);
#1249=IFCFACE((#1248));
#1250=IFCPOLYLOOP((#760,#741,#740,#761));
#1251=IFCFACEOUTERBOUND(#1250,.T.);
#1252=IFCFACE((#1251));
#1253=IFCCARTESIANPOINT((3.0272002132546572,0.42166994750654091,3.3333333333333424));
#1254=IFCCARTESIANPOINT((3.0238464559996441,0.42166994750654091,3.3588076487961889));
#1255=IFCCARTESIANPOINT((3.0140137372491886,0.42166994750654091,3.3825459317585391));
#1256=IFCCARTESIANPOINT((2.998372140536798,0.42166994750654091,3.4029304574658767));
#1257=IFCCARTESIANPOINT((2.9779876148294608,0.42166994750654091,3.4185720541782678));
#1258=IFCCARTESIANPOINT((2.9542493318671106,0.42166994750654091,3.4284047729287233));
#1259=IFCCARTESIANPOINT((2.9287750164042641,0.42166994750654091,3.4317585301837363));
#1260=IFCCARTESIANPOINT((2.9033007009414176,0.42166994750654091,3.4284047729287237));
#1261=IFCCARTESIANPOINT((2.8795624179790673,0.42166994750654091,3.4185720541782683));
#1262=IFCCARTESIANPOINT((2.8591778922717297,0.42166994750654091,3.4029304574658772));
#1263=IFCCARTESIANPOINT((2.8435362955593386,0.42166994750654091,3.38254593175854));
#1264=IFCCARTESIANPOINT((2.8337035768088832,0.42166994750654091,3.3588076487961898));
#1265=IFCCARTESIANPOINT((2.8303498195538701,0.42166994750654091,3.3333333333333428));
#1266=IFCCARTESIANPOINT((2.8337035768088827,0.42166994750654091,3.3078590178704963));
#1267=IFCCARTESIANPOINT((2.8435362955593382,0.42166994750654091,3.284120734908146));
#1268=IFCCARTESIANPOINT((2.8591778922717292,0.42166994750654091,3.2637362092008089));
#1269=IFCCARTESIANPOINT((2.8795624179790664,0.42166994750654091,3.2480946124884178));
#1270=IFCCARTESIANPOINT((2.9033007009414167,0.42166994750654091,3.2382618937379619));
#1271=IFCCARTESIANPOINT((2.9287750164042636,0.42166994750654091,3.2349081364829493));
#1272=IFCCARTESIANPOINT((2.9542493318671097,0.42166994750654091,3.2382618937379619));
#1273=IFCCARTESIANPOINT((2.97798761482946,0.42166994750654091,3.2480946124884178));
#1274=IFCCARTESIANPOINT((2.9983721405367976,0.42166994750654091,3.2637362092008084));
#1275=IFCCARTESIANPOINT((3.0140137372491882,0.42166994750654091,3.2841207349081456));
#1276=IFCCARTESIANPOINT((3.0238464559996441,0.42166994750654091,3.3078590178704959));
#1277=IFCCARTESIANPOINT((3.0272002132546572,0.44791666666664592,3.3333333333333424));
#1278=IFCCARTESIANPOINT((3.0238464559996441,0.44791666666664592,3.3078590178704959));
#1279=IFCCARTESIANPOINT((3.0140137372491882,0.44791666666664592,3.2841207349081456));
#1280=IFCCARTESIANPOINT((2.9983721405367976,0.44791666666664592,3.2637362092008084));
#1281=IFCCARTESIANPOINT((2.97798761482946,0.44791666666664592,3.2480946124884178));
#1282=IFCCARTESIANPOINT((2.9542493318671097,0.44791666666664592,3.2382618937379619));
#1283=IFCCARTESIANPOINT((2.9287750164042636,0.44791666666664592,3.2349081364829493));
#1284=IFCCARTESIANPOINT((2.9033007009414167,0.44791666666664592,3.2382618937379619));
#1285=IFCCARTESIANPOINT((2.8795624179790664,0.44791666666664592,3.2480946124884178));
#1286=IFCCARTESIANPOINT((2.8591778922717292,0.44791666666664592,3.2637362092008089));
#1287=IFCCARTESIANPOINT((2.8435362955593382,0.44791666666664592,3.284120734908146));
#1288=IFCCARTESIANPOINT((2.8337035768088827,0.44791666666664592,3.3078590178704963));
#1289=IFCCARTESIANPOINT((2.8303498195538701,0.44791666666664592,3.3333333333333433));
#1290=IFCCARTESIANPOINT((2.8337035768088832,0.44791666666664592,3.3588076487961898));
#1291=IFCCARTESIANPOINT((2.8435362955593386,0.44791666666664592,3.38254593175854));
#1292=IFCCARTESIANPOINT((2.8591778922717297,0.44791666666664592,3.4029304574658772));
#1293=IFCCARTESIANPOINT((2.8795624179790673,0.44791666666664592,3.4185720541782683));
#1294=IFCCARTESIANPOINT((2.9033007009414176,0.44791666666664592,3.4284047729287237));
#1295=IFCCARTESIANPOINT((2.9287750164042641,0.44791666666664592,3.4317585301837363));
#1296=IFCCARTESIANPOINT((2.9542493318671106,0.44791666666664592,3.4284047729287233));
#1297=IFCCARTESIANPOINT((2.9779876148294608,0.44791666666664592,3.4185720541782678));
#1298=IFCCARTESIANPOINT((2.998372140536798,0.44791666666664592,3.4029304574658767));
#1299=IFCCARTESIANPOINT((3.0140137372491886,0.44791666666664592,3.3825459317585391));
#1300=IFCCARTESIANPOINT((3.0238464559996441,0.44791666666664592,3.3588076487961889));
#1301=IFCPOLYLOOP((#1260,#1261,#1262,#1263,#1264,#1265,#1266,#1267,#1268,#1269,#1270,#1271,#1272,#1273,#1274,#1275,#1276,#1253,#1254,#1255,#1256,#1257,#1258,#1259));
#1302=IFCFACEOUTERBOUND(#1301,.T.);
#1303=IFCFACE((#1302));
#1304=IFCPOLYLOOP((#1284,#1285,#1286,#1287,#1288,#1289,#1290,#1291,#1292,#1293,#1294,#1295,#1296,#1297,#1298,#1299,#1300,#1277,#1278,#1279,#1280,#1281,#1282,#1283));
#1305=IFCFACEOUTERBOUND(#1304,.T.);
#1306=IFCFACE((#1305));
#1307=IFCPOLYLOOP((#1300,#1254,#1253,#1277));
#1308=IFCFACEOUTERBOUND(#1307,.T.);
#1309=IFCFACE((#1308));
#1310=IFCPOLYLOOP((#1299,#1255,#1254,#1300));
#1311=IFCFACEOUTERBOUND(#1310,.T.);
#1312=IFCFACE((#1311));
#1313=IFCPOLYLOOP((#1257,#1256,#1298,#1297));
#1314=IFCFACEOUTERBOUND(#1313,.T.);
#1315=IFCFACE((#1314));
#1316=IFCPOLYLOOP((#1299,#1298,#1256,#1255));
#1317=IFCFACEOUTERBOUND(#1316,.T.);
#1318=IFCFACE((#1317));
#1319=IFCPOLYLOOP((#1258,#1257,#1297,#1296));
#1320=IFCFACEOUTERBOUND(#1319,.T.);
#1321=IFCFACE((#1320));
#1322=IFCPOLYLOOP((#1259,#1258,#1296,#1295));
#1323=IFCFACEOUTERBOUND(#1322,.T.);
#1324=IFCFACE((#1323));
#1325=IFCPOLYLOOP((#1294,#1260,#1259,#1295));
#1326=IFCFACEOUTERBOUND(#1325,.T.);
#1327=IFCFACE((#1326));
#1328=IFCPOLYLOOP((#1293,#1261,#1260,#1294));
#1329=IFCFACEOUTERBOUND(#1328,.T.);
#1330=IFCFACE((#1329));
#1331=IFCPOLYLOOP((#1263,#1262,#1292,#1291));
#1332=IFCFACEOUTERBOUND(#1331,.T.);
#1333=IFCFACE((#1332));
#1334=IFCPOLYLOOP((#1293,#1292,#1262,#1261));
#1335=IFCFACEOUTERBOUND(#1334,.T.);
#1336=IFCFACE((#1335));
#1337=IFCPOLYLOOP((#1264,#1263,#1291,#1290));
#1338=IFCFACEOUTERBOUND(#1337,.T.);
#1339=IFCFACE((#1338));
#1340=IFCPOLYLOOP((#1265,#1264,#1290,#1289));
#1341=IFCFACEOUTERBOUND(#1340,.T.);
#1342=IFCFACE((#1341));
#1343=IFCPOLYLOOP((#1288,#1266,#1265,#1289));
#1344=IFCFACEOUTERBOUND(#1343,.T.);
#1345=IFCFACE((#1344));
#1346=IFCPOLYLOOP((#1287,#1267,#1266,#1288));
#1347=IFCFACEOUTERBOUND(#1346,.T.);
#1348=IFCFACE((#1347));
#1349=IFCPOLYLOOP((#1269,#1268,#1286,#1285));
#1350=IFCFACEOUTERBOUND(#1349,.T.);
#1351=IFCFACE((#1350));
#1352=IFCPOLYLOOP((#1287,#1286,#1268,#1267));
#1353=IFCFACEOUTERBOUND(#1352,.T.);
#1354=IFCFACE((#1353));
#1355=IFCPOLYLOOP((#1270,#1269,#1285,#1284));
#1356=IFCFACEOUTERBOUND(#1355,.T.);
#1357=IFCFACE((#1356));
#1358=IFCPOLYLOOP((#1271,#1270,#1284,#1283));
#1359=IFCFACEOUTERBOUND(#1358,.T.);
#1360=IFCFACE((#1359));
#1361=IFCPOLYLOOP((#1282,#1272,#1271,#1283));
#1362=IFCFACEOUTERBOUND(#1361,.T.);
#1363=IFCFACE((#1362));
#1364=IFCPOLYLOOP((#1281,#1273,#1272,#1282));
#1365=IFCFACEOUTERBOUND(#1364,.T.);
#1366=IFCFACE((#1365));
#1367=IFCPOLYLOOP((#1275,#1274,#1280,#1279));
#1368=IFCFACEOUTERBOUND(#1367,.T.);
#1369=IFCFACE((#1368));
#1370=IFCPOLYLOOP((#1281,#1280,#1274,#1273));
#1371=IFCFACEOUTERBOUND(#1370,.T.);
#1372=IFCFACE((#1371));
#1373=IFCPOLYLOOP((#1276,#1275,#1279,#1278));
#1374=IFCFACEOUTERBOUND(#1373,.T.);
#1375=IFCFACE((#1374));
#1376=IFCPOLYLOOP((#1253,#1276,#1278,#1277));
#1377=IFCFACEOUTERBOUND(#1376,.T.);
#1378=IFCFACE((#1377));
#1379=IFCCARTESIANPOINT((2.9533813156168622,0.61999671916008103,3.3333333333333419));
#1380=IFCCARTESIANPOINT((2.9522633965318579,0.61999671916008103,3.3418247718209573));
#1381=IFCCARTESIANPOINT((2.9489858236150392,0.61999671916008103,3.3497375328084078));
#1382=IFCCARTESIANPOINT((2.9437719580442421,0.61999671916008103,3.3565323747108535));
#1383=IFCCARTESIANPOINT((2.9369771161417964,0.61999671916008103,3.3617462402816503));
#1384=IFCCARTESIANPOINT((2.9290643551543463,0.61999671916008103,3.3650238131984689));
#1385=IFCCARTESIANPOINT((2.9205729166667305,0.61999671916008103,3.3661417322834732));
#1386=IFCCARTESIANPOINT((2.9120814781791147,0.61999671916008103,3.3650238131984684));
#1387=IFCCARTESIANPOINT((2.9041687171916646,0.61999671916008103,3.3617462402816498));
#1388=IFCCARTESIANPOINT((2.8973738752892189,0.61999671916008103,3.3565323747108531));
#1389=IFCCARTESIANPOINT((2.8921600097184221,0.61999671916008103,3.3497375328084069));
#1390=IFCCARTESIANPOINT((2.8888824368016035,0.61999671916008103,3.3418247718209568));
#1391=IFCCARTESIANPOINT((2.8877645177165991,0.61999671916008103,3.333333333333341));
#1392=IFCCARTESIANPOINT((2.8888824368016035,0.61999671916008103,3.3248418948457252));
#1393=IFCCARTESIANPOINT((2.8921600097184226,0.61999671916008103,3.3169291338582751));
#1394=IFCCARTESIANPOINT((2.8973738752892197,0.61999671916008103,3.3101342919558294));
#1395=IFCCARTESIANPOINT((2.9041687171916655,0.61999671916008103,3.3049204263850327));
#1396=IFCCARTESIANPOINT((2.9120814781791156,0.61999671916008103,3.3016428534682141));
#1397=IFCCARTESIANPOINT((2.9205729166667314,0.61999671916008103,3.3005249343832097));
#1398=IFCCARTESIANPOINT((2.9290643551543467,0.61999671916008103,3.3016428534682145));
#1399=IFCCARTESIANPOINT((2.9369771161417972,0.61999671916008103,3.3049204263850331));
#1400=IFCCARTESIANPOINT((2.943771958044243,0.61999671916008103,3.3101342919558303));
#1401=IFCCARTESIANPOINT((2.9489858236150397,0.61999671916008103,3.316929133858276));
#1402=IFCCARTESIANPOINT((2.9522633965318583,0.61999671916008103,3.3248418948457261));
#1403=IFCCARTESIANPOINT((2.8877645177165991,0.71842191601047356,3.333333333333341));
#1404=IFCCARTESIANPOINT((2.8888824368016035,0.71842191601047356,3.3248418948457252));
#1405=IFCCARTESIANPOINT((2.8921600097184226,0.71842191601047356,3.3169291338582751));
#1406=IFCCARTESIANPOINT((2.8973738752892197,0.71842191601047356,3.3101342919558294));
#1407=IFCCARTESIANPOINT((2.9041687171916655,0.71842191601047356,3.3049204263850327));
#1408=IFCCARTESIANPOINT((2.9120814781791156,0.71842191601047356,3.3016428534682141));
#1409=IFCCARTESIANPOINT((2.9205729166667314,0.71842191601047356,3.3005249343832097));
#1410=IFCCARTESIANPOINT((2.9290643551543472,0.71842191601047356,3.3016428534682145));
#1411=IFCCARTESIANPOINT((2.9369771161417972,0.71842191601047356,3.3049204263850331));
#1412=IFCCARTESIANPOINT((2.943771958044243,0.71842191601047356,3.3101342919558303));
#1413=IFCCARTESIANPOINT((2.9489858236150397,0.71842191601047356,3.316929133858276));
#1414=IFCCARTESIANPOINT((2.9522633965318583,0.71842191601047356,3.3248418948457261));
#1415=IFCCARTESIANPOINT((2.9533813156168627,0.71842191601047356,3.3333333333333415));
#1416=IFCCARTESIANPOINT((2.9522633965318583,0.71842191601047356,3.3418247718209573));
#1417=IFCCARTESIANPOINT((2.9489858236150397,0.71842191601047356,3.3497375328084074));
#1418=IFCCARTESIANPOINT((2.9437719580442421,0.71842191601047356,3.3565323747108535));
#1419=IFCCARTESIANPOINT((2.9369771161417964,0.71842191601047356,3.3617462402816503));
#1420=IFCCARTESIANPOINT((2.9290643551543463,0.71842191601047356,3.3650238131984689));
#1421=IFCCARTESIANPOINT((2.9205729166667309,0.71842191601047356,3.3661417322834732));
#1422=IFCCARTESIANPOINT((2.9120814781791151,0.71842191601047356,3.3650238131984684));
#1423=IFCCARTESIANPOINT((2.904168717191665,0.71842191601047356,3.3617462402816498));
#1424=IFCCARTESIANPOINT((2.8973738752892189,0.71842191601047356,3.3565323747108531));
#1425=IFCCARTESIANPOINT((2.8921600097184221,0.71842191601047356,3.3497375328084069));
#1426=IFCCARTESIANPOINT((2.8888824368016035,0.71842191601047356,3.3418247718209568));
#1427=IFCCARTESIANPOINT((2.8713603182415106,0.73482611548556209,3.3333333333333406));
#1428=IFCCARTESIANPOINT((2.8713603182415106,0.73594403457056656,3.3248418948457248));
#1429=IFCCARTESIANPOINT((2.8713603182415106,0.7392216074873853,3.3169291338582747));
#1430=IFCCARTESIANPOINT((2.8713603182415106,0.74443547305818236,3.310134291955829));
#1431=IFCCARTESIANPOINT((2.8713603182415106,0.75123031496062831,3.3049204263850323));
#1432=IFCCARTESIANPOINT((2.8713603182415106,0.75914307594807839,3.3016428534682136));
#1433=IFCCARTESIANPOINT((2.8713603182415106,0.76763451443569408,3.3005249343832093));
#1434=IFCCARTESIANPOINT((2.8713603182415106,0.77612595292330966,3.3016428534682141));
#1435=IFCCARTESIANPOINT((2.8713603182415106,0.78403871391075985,3.3049204263850327));
#1436=IFCCARTESIANPOINT((2.8713603182415111,0.79083355581320558,3.3101342919558299));
#1437=IFCCARTESIANPOINT((2.8713603182415106,0.79604742138400253,3.3169291338582756));
#1438=IFCCARTESIANPOINT((2.8713603182415106,0.79932499430082105,3.3248418948457261));
#1439=IFCCARTESIANPOINT((2.8713603182415106,0.80044291338582529,3.333333333333341));
#1440=IFCCARTESIANPOINT((2.9123708169291866,0.78945418338126494,3.3333333333333415));
#1441=IFCCARTESIANPOINT((2.9423925856123021,0.75943241469814937,3.3333333333333415));
#1442=IFCCARTESIANPOINT((2.8829598389302831,0.73002143669924546,3.333333333333341));
#1443=IFCCARTESIANPOINT((2.8922467939020935,0.7948463990998399,3.333333333333341));
#1444=IFCCARTESIANPOINT((2.9477848013665855,0.73930839153779049,3.3333333333333415));
#1445=IFCCARTESIANPOINT((2.8818035560718021,0.79764465624283265,3.333333333333341));
#1446=IFCCARTESIANPOINT((2.9505830584917239,0.72886515377413197,3.333333333333341));
#1447=IFCCARTESIANPOINT((2.8765819371566561,0.79904378481432903,3.333333333333341));
#1448=IFCCARTESIANPOINT((2.951982187054293,0.72364353489230271,3.3333333333333415));
#1449=IFCCARTESIANPOINT((2.9273817012707442,0.7744432990397071,3.3333333333333415));
#1450=IFCCARTESIANPOINT((2.9026518927006357,0.76354302836841148,3.3010233682916836));
#1451=IFCCARTESIANPOINT((2.9164814285166836,0.74971348808991012,3.3010233677507834));
#1452=IFCCARTESIANPOINT((2.9450886934894438,0.74937040311796999,3.3333333333333415));
#1453=IFCCARTESIANPOINT((2.8943610328387335,0.77967643149044974,3.3048136707432807));
#1454=IFCCARTESIANPOINT((2.9239688704517688,0.74002255770047931,3.3014311636391001));
#1455=IFCCARTESIANPOINT((2.9370700877310227,0.73797616640625363,3.3068349839339719));
#1456=IFCCARTESIANPOINT((2.8845442340481862,0.74262260290510484,3.3086857132680367));
#1457=IFCCARTESIANPOINT((2.8955610060960524,0.73160583207058849,3.3086857124209672));
#1458=IFCCARTESIANPOINT((2.8992516664464749,0.74631326310567259,3.3020128636738963));
#1459=IFCCARTESIANPOINT((2.9203121215180134,0.766557617682182,3.3069053892866558));
#1460=IFCCARTESIANPOINT((2.9023088054156401,0.79215029124055236,3.3333333333333415));
#1461=IFCCARTESIANPOINT((2.9198762590999654,0.78194874121048596,3.3333333333333415));
#1462=IFCCARTESIANPOINT((2.9348871434415233,0.76693785686892824,3.3333333333333415));
#1463=IFCCARTESIANPOINT((2.8713603182415106,0.79932499430082093,3.3418247718209568));
#1464=IFCCARTESIANPOINT((2.8713603182415106,0.79604742138400231,3.3497375328084069));
#1465=IFCCARTESIANPOINT((2.8713603182415106,0.79083355581320514,3.3565323747108526));
#1466=IFCCARTESIANPOINT((2.8713603182415106,0.7840387139107593,3.3617462402816498));
#1467=IFCCARTESIANPOINT((2.8713603182415106,0.7761259529233091,3.3650238131984684));
#1468=IFCCARTESIANPOINT((2.8713603182415106,0.76763451443569342,3.3661417322834728));
#1469=IFCCARTESIANPOINT((2.8713603182415106,0.75914307594807795,3.3650238131984684));
#1470=IFCCARTESIANPOINT((2.8713603182415106,0.75123031496062775,3.3617462402816494));
#1471=IFCCARTESIANPOINT((2.8713603182415106,0.74443547305818192,3.3565323747108526));
#1472=IFCCARTESIANPOINT((2.8713603182415106,0.73922160748738497,3.3497375328084069));
#1473=IFCCARTESIANPOINT((2.8713603182415106,0.73594403457056645,3.3418247718209564));
#1474=IFCCARTESIANPOINT((2.9164814285170513,0.74971348809030203,3.3656432989158063));
#1475=IFCCARTESIANPOINT((2.902651892702143,0.76354302836877241,3.3656432983747946));
#1476=IFCCARTESIANPOINT((2.8943610328390088,0.77967643149056687,3.3618529959232841));
#1477=IFCCARTESIANPOINT((2.9239688704518354,0.74002255770057479,3.3652355030275589));
#1478=IFCCARTESIANPOINT((2.9370700877310432,0.73797616640632158,3.3598316827326817));
#1479=IFCCARTESIANPOINT((2.895561006096278,0.73160583207072361,3.3579809542459458));
#1480=IFCCARTESIANPOINT((2.8845442340481546,0.74262260290508553,3.3579809533986174));
#1481=IFCCARTESIANPOINT((2.8992516664477583,0.74631326310678991,3.3646538029933155));
#1482=IFCCARTESIANPOINT((2.9194960212038539,0.76737371819469891,3.3597612772872703));
#1483=IFCCARTESIANPOINT((2.526872129265108,0.80044291338582496,3.3333333333333401));
#1484=IFCCARTESIANPOINT((2.526872129265108,0.79932499430082071,3.3248418948457248));
#1485=IFCCARTESIANPOINT((2.526872129265108,0.79604742138400231,3.3169291338582747));
#1486=IFCCARTESIANPOINT((2.526872129265108,0.79083355581320525,3.3101342919558285));
#1487=IFCCARTESIANPOINT((2.526872129265108,0.78403871391075952,3.3049204263850318));
#1488=IFCCARTESIANPOINT((2.526872129265108,0.77612595292330933,3.3016428534682132));
#1489=IFCCARTESIANPOINT((2.526872129265108,0.76763451443569375,3.3005249343832084));
#1490=IFCCARTESIANPOINT((2.526872129265108,0.75914307594807817,3.3016428534682127));
#1491=IFCCARTESIANPOINT((2.526872129265108,0.75123031496062798,3.3049204263850314));
#1492=IFCCARTESIANPOINT((2.526872129265108,0.74443547305818203,3.3101342919558281));
#1493=IFCCARTESIANPOINT((2.526872129265108,0.73922160748738497,3.3169291338582738));
#1494=IFCCARTESIANPOINT((2.526872129265108,0.73594403457056634,3.3248418948457243));
#1495=IFCCARTESIANPOINT((2.526872129265108,0.73482611548556187,3.3333333333333401));
#1496=IFCCARTESIANPOINT((2.526872129265108,0.73594403457056612,3.3418247718209559));
#1497=IFCCARTESIANPOINT((2.526872129265108,0.73922160748738475,3.349737532808406));
#1498=IFCCARTESIANPOINT((2.5268721292651075,0.7444354730581817,3.3565323747108518));
#1499=IFCCARTESIANPOINT((2.5268721292651075,0.75123031496062764,3.3617462402816489));
#1500=IFCCARTESIANPOINT((2.5268721292651075,0.75914307594807773,3.3650238131984676));
#1501=IFCCARTESIANPOINT((2.5268721292651075,0.7676345144356933,3.3661417322834719));
#1502=IFCCARTESIANPOINT((2.5268721292651075,0.77612595292330899,3.3650238131984676));
#1503=IFCCARTESIANPOINT((2.5268721292651075,0.78403871391075919,3.3617462402816489));
#1504=IFCCARTESIANPOINT((2.5268721292651075,0.79083355581320502,3.3565323747108518));
#1505=IFCCARTESIANPOINT((2.526872129265108,0.79604742138400209,3.349737532808406));
#1506=IFCCARTESIANPOINT((2.526872129265108,0.7993249943008206,3.3418247718209559));
#1507=IFCPOLYLOOP((#1400,#1401,#1402,#1379,#1380,#1381,#1382,#1383,#1384,#1385,#1386,#1387,#1388,#1389,#1390,#1391,#1392,#1393,#1394,#1395,#1396,#1397,#1398,#1399));
#1508=IFCFACEOUTERBOUND(#1507,.T.);
#1509=IFCFACE((#1508));
#1510=IFCPOLYLOOP((#1415,#1379,#1402,#1414));
#1511=IFCFACEOUTERBOUND(#1510,.T.);
#1512=IFCFACE((#1511));
#1513=IFCPOLYLOOP((#1414,#1402,#1401,#1413));
#1514=IFCFACEOUTERBOUND(#1513,.T.);
#1515=IFCFACE((#1514));
#1516=IFCPOLYLOOP((#1411,#1412,#1400,#1399));
#1517=IFCFACEOUTERBOUND(#1516,.T.);
#1518=IFCFACE((#1517));
#1519=IFCPOLYLOOP((#1401,#1400,#1412,#1413));
#1520=IFCFACEOUTERBOUND(#1519,.T.);
#1521=IFCFACE((#1520));
#1522=IFCPOLYLOOP((#1410,#1411,#1399,#1398));
#1523=IFCFACEOUTERBOUND(#1522,.T.);
#1524=IFCFACE((#1523));
#1525=IFCPOLYLOOP((#1397,#1409,#1410,#1398));
#1526=IFCFACEOUTERBOUND(#1525,.T.);
#1527=IFCFACE((#1526));
#1528=IFCPOLYLOOP((#1408,#1396,#1395,#1407));
#1529=IFCFACEOUTERBOUND(#1528,.T.);
#1530=IFCFACE((#1529));
#1531=IFCPOLYLOOP((#1407,#1395,#1394,#1406));
#1532=IFCFACEOUTERBOUND(#1531,.T.);
#1533=IFCFACE((#1532));
#1534=IFCPOLYLOOP((#1404,#1405,#1393,#1392));
#1535=IFCFACEOUTERBOUND(#1534,.T.);
#1536=IFCFACE((#1535));
#1537=IFCPOLYLOOP((#1394,#1393,#1405,#1406));
#1538=IFCFACEOUTERBOUND(#1537,.T.);
#1539=IFCFACE((#1538));
#1540=IFCPOLYLOOP((#1403,#1404,#1392,#1391));
#1541=IFCFACEOUTERBOUND(#1540,.T.);
#1542=IFCFACE((#1541));
#1543=IFCPOLYLOOP((#1408,#1409,#1397,#1396));
#1544=IFCFACEOUTERBOUND(#1543,.T.);
#1545=IFCFACE((#1544));
#1546=IFCPOLYLOOP((#1403,#1391,#1390,#1426));
#1547=IFCFACEOUTERBOUND(#1546,.T.);
#1548=IFCFACE((#1547));
#1549=IFCPOLYLOOP((#1426,#1390,#1389,#1425));
#1550=IFCFACEOUTERBOUND(#1549,.T.);
#1551=IFCFACE((#1550));
#1552=IFCPOLYLOOP((#1423,#1424,#1388,#1387));
#1553=IFCFACEOUTERBOUND(#1552,.T.);
#1554=IFCFACE((#1553));
#1555=IFCPOLYLOOP((#1389,#1388,#1424,#1425));
#1556=IFCFACEOUTERBOUND(#1555,.T.);
#1557=IFCFACE((#1556));
#1558=IFCPOLYLOOP((#1422,#1423,#1387,#1386));
#1559=IFCFACEOUTERBOUND(#1558,.T.);
#1560=IFCFACE((#1559));
#1561=IFCPOLYLOOP((#1385,#1421,#1422,#1386));
#1562=IFCFACEOUTERBOUND(#1561,.T.);
#1563=IFCFACE((#1562));
#1564=IFCPOLYLOOP((#1420,#1384,#1383,#1419));
#1565=IFCFACEOUTERBOUND(#1564,.T.);
#1566=IFCFACE((#1565));
#1567=IFCPOLYLOOP((#1419,#1383,#1382,#1418));
#1568=IFCFACEOUTERBOUND(#1567,.T.);
#1569=IFCFACE((#1568));
#1570=IFCPOLYLOOP((#1416,#1417,#1381,#1380));
#1571=IFCFACEOUTERBOUND(#1570,.T.);
#1572=IFCFACE((#1571));
#1573=IFCPOLYLOOP((#1382,#1381,#1417,#1418));
#1574=IFCFACEOUTERBOUND(#1573,.T.);
#1575=IFCFACE((#1574));
#1576=IFCPOLYLOOP((#1415,#1416,#1380,#1379));
#1577=IFCFACEOUTERBOUND(#1576,.T.);
#1578=IFCFACE((#1577));
#1579=IFCPOLYLOOP((#1420,#1421,#1385,#1384));
#1580=IFCFACEOUTERBOUND(#1579,.T.);
#1581=IFCFACE((#1580));
#1582=IFCPOLYLOOP((#1413,#1448,#1414));
#1583=IFCFACEOUTERBOUND(#1582,.T.);
#1584=IFCFACE((#1583));
#1585=IFCPOLYLOOP((#1444,#1410,#1455));
#1586=IFCFACEOUTERBOUND(#1585,.T.);
#1587=IFCFACE((#1586));
#1588=IFCPOLYLOOP((#1457,#1451,#1454));
#1589=IFCFACEOUTERBOUND(#1588,.T.);
#1590=IFCFACE((#1589));
#1591=IFCPOLYLOOP((#1455,#1441,#1452,#1444));
#1592=IFCFACEOUTERBOUND(#1591,.T.);
#1593=IFCFACE((#1592));
#1594=IFCPOLYLOOP((#1412,#1411,#1444));
#1595=IFCFACEOUTERBOUND(#1594,.T.);
#1596=IFCFACE((#1595));
#1597=IFCPOLYLOOP((#1412,#1446,#1413));
#1598=IFCFACEOUTERBOUND(#1597,.T.);
#1599=IFCFACE((#1598));
#1600=IFCPOLYLOOP((#1410,#1444,#1411));
#1601=IFCFACEOUTERBOUND(#1600,.T.);
#1602=IFCFACE((#1601));
#1603=IFCPOLYLOOP((#1455,#1454,#1441));
#1604=IFCFACEOUTERBOUND(#1603,.T.);
#1605=IFCFACE((#1604));
#1606=IFCPOLYLOOP((#1408,#1407,#1455));
#1607=IFCFACEOUTERBOUND(#1606,.T.);
#1608=IFCFACE((#1607));
#1609=IFCPOLYLOOP((#1458,#1450,#1459));
#1610=IFCFACEOUTERBOUND(#1609,.T.);
#1611=IFCFACE((#1610));
#1612=IFCPOLYLOOP((#1450,#1453,#1440));
#1613=IFCFACEOUTERBOUND(#1612,.T.);
#1614=IFCFACE((#1613));
#1615=IFCPOLYLOOP((#1410,#1409,#1455));
#1616=IFCFACEOUTERBOUND(#1615,.T.);
#1617=IFCFACE((#1616));
#1618=IFCPOLYLOOP((#1409,#1408,#1455));
#1619=IFCFACEOUTERBOUND(#1618,.T.);
#1620=IFCFACE((#1619));
#1621=IFCPOLYLOOP((#1456,#1442,#1427));
#1622=IFCFACEOUTERBOUND(#1621,.T.);
#1623=IFCFACE((#1622));
#1624=IFCPOLYLOOP((#1454,#1455,#1407));
#1625=IFCFACEOUTERBOUND(#1624,.T.);
#1626=IFCFACE((#1625));
#1627=IFCPOLYLOOP((#1429,#1456,#1428));
#1628=IFCFACEOUTERBOUND(#1627,.T.);
#1629=IFCFACE((#1628));
#1630=IFCPOLYLOOP((#1434,#1443,#1460));
#1631=IFCFACEOUTERBOUND(#1630,.T.);
#1632=IFCFACE((#1631));
#1633=IFCPOLYLOOP((#1438,#1447,#1437));
#1634=IFCFACEOUTERBOUND(#1633,.T.);
#1635=IFCFACE((#1634));
#1636=IFCPOLYLOOP((#1405,#1457,#1454));
#1637=IFCFACEOUTERBOUND(#1636,.T.);
#1638=IFCFACE((#1637));
#1639=IFCPOLYLOOP((#1407,#1406,#1454));
#1640=IFCFACEOUTERBOUND(#1639,.T.);
#1641=IFCFACE((#1640));
#1642=IFCPOLYLOOP((#1458,#1459,#1451));
#1643=IFCFACEOUTERBOUND(#1642,.T.);
#1644=IFCFACE((#1643));
#1645=IFCPOLYLOOP((#1431,#1453,#1430));
#1646=IFCFACEOUTERBOUND(#1645,.T.);
#1647=IFCFACE((#1646));
#1648=IFCPOLYLOOP((#1458,#1457,#1442));
#1649=IFCFACEOUTERBOUND(#1648,.T.);
#1650=IFCFACE((#1649));
#1651=IFCPOLYLOOP((#1459,#1462,#1451));
#1652=IFCFACEOUTERBOUND(#1651,.T.);
#1653=IFCFACE((#1652));
#1654=IFCPOLYLOOP((#1450,#1461,#1459));
#1655=IFCFACEOUTERBOUND(#1654,.T.);
#1656=IFCFACE((#1655));
#1657=IFCPOLYLOOP((#1434,#1435,#1443));
#1658=IFCFACEOUTERBOUND(#1657,.T.);
#1659=IFCFACE((#1658));
#1660=IFCPOLYLOOP((#1458,#1451,#1457));
#1661=IFCFACEOUTERBOUND(#1660,.T.);
#1662=IFCFACE((#1661));
#1663=IFCPOLYLOOP((#1453,#1433,#1460));
#1664=IFCFACEOUTERBOUND(#1663,.T.);
#1665=IFCFACE((#1664));
#1666=IFCPOLYLOOP((#1460,#1433,#1434));
#1667=IFCFACEOUTERBOUND(#1666,.T.);
#1668=IFCFACE((#1667));
#1669=IFCPOLYLOOP((#1443,#1436,#1445));
#1670=IFCFACEOUTERBOUND(#1669,.T.);
#1671=IFCFACE((#1670));
#1672=IFCPOLYLOOP((#1461,#1450,#1440));
#1673=IFCFACEOUTERBOUND(#1672,.T.);
#1674=IFCFACE((#1673));
#1675=IFCPOLYLOOP((#1435,#1436,#1443));
#1676=IFCFACEOUTERBOUND(#1675,.T.);
#1677=IFCFACE((#1676));
#1678=IFCPOLYLOOP((#1460,#1440,#1453));
#1679=IFCFACEOUTERBOUND(#1678,.T.);
#1680=IFCFACE((#1679));
#1681=IFCPOLYLOOP((#1439,#1447,#1438));
#1682=IFCFACEOUTERBOUND(#1681,.T.);
#1683=IFCFACE((#1682));
#1684=IFCPOLYLOOP((#1458,#1456,#1450));
#1685=IFCFACEOUTERBOUND(#1684,.T.);
#1686=IFCFACE((#1685));
#1687=IFCPOLYLOOP((#1451,#1462,#1454));
#1688=IFCFACEOUTERBOUND(#1687,.T.);
#1689=IFCFACE((#1688));
#1690=IFCPOLYLOOP((#1436,#1437,#1445));
#1691=IFCFACEOUTERBOUND(#1690,.T.);
#1692=IFCFACE((#1691));
#1693=IFCPOLYLOOP((#1404,#1403,#1457));
#1694=IFCFACEOUTERBOUND(#1693,.T.);
#1695=IFCFACE((#1694));
#1696=IFCPOLYLOOP((#1459,#1461,#1449,#1462));
#1697=IFCFACEOUTERBOUND(#1696,.T.);
#1698=IFCFACE((#1697));
#1699=IFCPOLYLOOP((#1450,#1456,#1429));
#1700=IFCFACEOUTERBOUND(#1699,.T.);
#1701=IFCFACE((#1700));
#1702=IFCPOLYLOOP((#1446,#1412,#1444));
#1703=IFCFACEOUTERBOUND(#1702,.T.);
#1704=IFCFACE((#1703));
#1705=IFCPOLYLOOP((#1456,#1427,#1428));
#1706=IFCFACEOUTERBOUND(#1705,.T.);
#1707=IFCFACE((#1706));
#1708=IFCPOLYLOOP((#1448,#1415,#1414));
#1709=IFCFACEOUTERBOUND(#1708,.T.);
#1710=IFCFACE((#1709));
#1711=IFCPOLYLOOP((#1450,#1430,#1453));
#1712=IFCFACEOUTERBOUND(#1711,.T.);
#1713=IFCFACE((#1712));
#1714=IFCPOLYLOOP((#1437,#1447,#1445));
#1715=IFCFACEOUTERBOUND(#1714,.T.);
#1716=IFCFACE((#1715));
#1717=IFCPOLYLOOP((#1450,#1429,#1430));
#1718=IFCFACEOUTERBOUND(#1717,.T.);
#1719=IFCFACE((#1718));
#1720=IFCPOLYLOOP((#1413,#1446,#1448));
#1721=IFCFACEOUTERBOUND(#1720,.T.);
#1722=IFCFACE((#1721));
#1723=IFCPOLYLOOP((#1432,#1453,#1431));
#1724=IFCFACEOUTERBOUND(#1723,.T.);
#1725=IFCFACE((#1724));
#1726=IFCPOLYLOOP((#1453,#1432,#1433));
#1727=IFCFACEOUTERBOUND(#1726,.T.);
#1728=IFCFACE((#1727));
#1729=IFCPOLYLOOP((#1454,#1406,#1405));
#1730=IFCFACEOUTERBOUND(#1729,.T.);
#1731=IFCFACE((#1730));
#1732=IFCPOLYLOOP((#1456,#1458,#1442));
#1733=IFCFACEOUTERBOUND(#1732,.T.);
#1734=IFCFACE((#1733));
#1735=IFCPOLYLOOP((#1457,#1405,#1404));
#1736=IFCFACEOUTERBOUND(#1735,.T.);
#1737=IFCFACE((#1736));
#1738=IFCPOLYLOOP((#1441,#1454,#1462));
#1739=IFCFACEOUTERBOUND(#1738,.T.);
#1740=IFCFACE((#1739));
#1741=IFCPOLYLOOP((#1457,#1403,#1442));
#1742=IFCFACEOUTERBOUND(#1741,.T.);
#1743=IFCFACE((#1742));
#1744=IFCPOLYLOOP((#1444,#1452,#1441,#1478));
#1745=IFCFACEOUTERBOUND(#1744,.T.);
#1746=IFCFACE((#1745));
#1747=IFCPOLYLOOP((#1481,#1479,#1474));
#1748=IFCFACEOUTERBOUND(#1747,.T.);
#1749=IFCFACE((#1748));
#1750=IFCPOLYLOOP((#1480,#1427,#1442));
#1751=IFCFACEOUTERBOUND(#1750,.T.);
#1752=IFCFACE((#1751));
#1753=IFCPOLYLOOP((#1425,#1424,#1477));
#1754=IFCFACEOUTERBOUND(#1753,.T.);
#1755=IFCFACE((#1754));
#1756=IFCPOLYLOOP((#1479,#1477,#1474));
#1757=IFCFACEOUTERBOUND(#1756,.T.);
#1758=IFCFACE((#1757));
#1759=IFCPOLYLOOP((#1480,#1475,#1472));
#1760=IFCFACEOUTERBOUND(#1759,.T.);
#1761=IFCFACE((#1760));
#1762=IFCPOLYLOOP((#1477,#1479,#1425));
#1763=IFCFACEOUTERBOUND(#1762,.T.);
#1764=IFCFACE((#1763));
#1765=IFCPOLYLOOP((#1481,#1474,#1482));
#1766=IFCFACEOUTERBOUND(#1765,.T.);
#1767=IFCFACE((#1766));
#1768=IFCPOLYLOOP((#1425,#1479,#1426));
#1769=IFCFACEOUTERBOUND(#1768,.T.);
#1770=IFCFACE((#1769));
#1771=IFCPOLYLOOP((#1481,#1480,#1442));
#1772=IFCFACEOUTERBOUND(#1771,.T.);
#1773=IFCFACE((#1772));
#1774=IFCPOLYLOOP((#1475,#1481,#1482));
#1775=IFCFACEOUTERBOUND(#1774,.T.);
#1776=IFCFACE((#1775));
#1777=IFCPOLYLOOP((#1473,#1427,#1480));
#1778=IFCFACEOUTERBOUND(#1777,.T.);
#1779=IFCFACE((#1778));
#1780=IFCPOLYLOOP((#1416,#1415,#1448));
#1781=IFCFACEOUTERBOUND(#1780,.T.);
#1782=IFCFACE((#1781));
#1783=IFCPOLYLOOP((#1476,#1475,#1440));
#1784=IFCFACEOUTERBOUND(#1783,.T.);
#1785=IFCFACE((#1784));
#1786=IFCPOLYLOOP((#1476,#1440,#1460));
#1787=IFCFACEOUTERBOUND(#1786,.T.);
#1788=IFCFACE((#1787));
#1789=IFCPOLYLOOP((#1446,#1444,#1418));
#1790=IFCFACEOUTERBOUND(#1789,.T.);
#1791=IFCFACE((#1790));
#1792=IFCPOLYLOOP((#1420,#1478,#1421));
#1793=IFCFACEOUTERBOUND(#1792,.T.);
#1794=IFCFACE((#1793));
#1795=IFCPOLYLOOP((#1461,#1440,#1475));
#1796=IFCFACEOUTERBOUND(#1795,.T.);
#1797=IFCFACE((#1796));
#1798=IFCPOLYLOOP((#1419,#1418,#1444));
#1799=IFCFACEOUTERBOUND(#1798,.T.);
#1800=IFCFACE((#1799));
#1801=IFCPOLYLOOP((#1444,#1420,#1419));
#1802=IFCFACEOUTERBOUND(#1801,.T.);
#1803=IFCFACE((#1802));
#1804=IFCPOLYLOOP((#1441,#1462,#1477));
#1805=IFCFACEOUTERBOUND(#1804,.T.);
#1806=IFCFACE((#1805));
#1807=IFCPOLYLOOP((#1460,#1467,#1468));
#1808=IFCFACEOUTERBOUND(#1807,.T.);
#1809=IFCFACE((#1808));
#1810=IFCPOLYLOOP((#1444,#1478,#1420));
#1811=IFCFACEOUTERBOUND(#1810,.T.);
#1812=IFCFACE((#1811));
#1813=IFCPOLYLOOP((#1475,#1480,#1481));
#1814=IFCFACEOUTERBOUND(#1813,.T.);
#1815=IFCFACE((#1814));
#1816=IFCPOLYLOOP((#1479,#1481,#1442));
#1817=IFCFACEOUTERBOUND(#1816,.T.);
#1818=IFCFACE((#1817));
#1819=IFCPOLYLOOP((#1473,#1480,#1472));
#1820=IFCFACEOUTERBOUND(#1819,.T.);
#1821=IFCFACE((#1820));
#1822=IFCPOLYLOOP((#1471,#1472,#1475));
#1823=IFCFACEOUTERBOUND(#1822,.T.);
#1824=IFCFACE((#1823));
#1825=IFCPOLYLOOP((#1418,#1417,#1446));
#1826=IFCFACEOUTERBOUND(#1825,.T.);
#1827=IFCFACE((#1826));
#1828=IFCPOLYLOOP((#1475,#1482,#1461));
#1829=IFCFACEOUTERBOUND(#1828,.T.);
#1830=IFCFACE((#1829));
#1831=IFCPOLYLOOP((#1479,#1403,#1426));
#1832=IFCFACEOUTERBOUND(#1831,.T.);
#1833=IFCFACE((#1832));
#1834=IFCPOLYLOOP((#1445,#1465,#1443));
#1835=IFCFACEOUTERBOUND(#1834,.T.);
#1836=IFCFACE((#1835));
#1837=IFCPOLYLOOP((#1470,#1476,#1469));
#1838=IFCFACEOUTERBOUND(#1837,.T.);
#1839=IFCFACE((#1838));
#1840=IFCPOLYLOOP((#1464,#1445,#1447));
#1841=IFCFACEOUTERBOUND(#1840,.T.);
#1842=IFCFACE((#1841));
#1843=IFCPOLYLOOP((#1417,#1448,#1446));
#1844=IFCFACEOUTERBOUND(#1843,.T.);
#1845=IFCFACE((#1844));
#1846=IFCPOLYLOOP((#1470,#1471,#1476));
#1847=IFCFACEOUTERBOUND(#1846,.T.);
#1848=IFCFACE((#1847));
#1849=IFCPOLYLOOP((#1447,#1439,#1463));
#1850=IFCFACEOUTERBOUND(#1849,.T.);
#1851=IFCFACE((#1850));
#1852=IFCPOLYLOOP((#1476,#1468,#1469));
#1853=IFCFACEOUTERBOUND(#1852,.T.);
#1854=IFCFACE((#1853));
#1855=IFCPOLYLOOP((#1474,#1462,#1482));
#1856=IFCFACEOUTERBOUND(#1855,.T.);
#1857=IFCFACE((#1856));
#1858=IFCPOLYLOOP((#1482,#1462,#1449,#1461));
#1859=IFCFACEOUTERBOUND(#1858,.T.);
#1860=IFCFACE((#1859));
#1861=IFCPOLYLOOP((#1443,#1465,#1466));
#1862=IFCFACEOUTERBOUND(#1861,.T.);
#1863=IFCFACE((#1862));
#1864=IFCPOLYLOOP((#1466,#1467,#1443));
#1865=IFCFACEOUTERBOUND(#1864,.T.);
#1866=IFCFACE((#1865));
#1867=IFCPOLYLOOP((#1422,#1478,#1423));
#1868=IFCFACEOUTERBOUND(#1867,.T.);
#1869=IFCFACE((#1868));
#1870=IFCPOLYLOOP((#1443,#1467,#1460));
#1871=IFCFACEOUTERBOUND(#1870,.T.);
#1872=IFCFACE((#1871));
#1873=IFCPOLYLOOP((#1447,#1463,#1464));
#1874=IFCFACEOUTERBOUND(#1873,.T.);
#1875=IFCFACE((#1874));
#1876=IFCPOLYLOOP((#1462,#1474,#1477));
#1877=IFCFACEOUTERBOUND(#1876,.T.);
#1878=IFCFACE((#1877));
#1879=IFCPOLYLOOP((#1476,#1460,#1468));
#1880=IFCFACEOUTERBOUND(#1879,.T.);
#1881=IFCFACE((#1880));
#1882=IFCPOLYLOOP((#1422,#1421,#1478));
#1883=IFCFACEOUTERBOUND(#1882,.T.);
#1884=IFCFACE((#1883));
#1885=IFCPOLYLOOP((#1475,#1476,#1471));
#1886=IFCFACEOUTERBOUND(#1885,.T.);
#1887=IFCFACE((#1886));
#1888=IFCPOLYLOOP((#1465,#1445,#1464));
#1889=IFCFACEOUTERBOUND(#1888,.T.);
#1890=IFCFACE((#1889));
#1891=IFCPOLYLOOP((#1416,#1448,#1417));
#1892=IFCFACEOUTERBOUND(#1891,.T.);
#1893=IFCFACE((#1892));
#1894=IFCPOLYLOOP((#1477,#1478,#1441));
#1895=IFCFACEOUTERBOUND(#1894,.T.);
#1896=IFCFACE((#1895));
#1897=IFCPOLYLOOP((#1477,#1424,#1423));
#1898=IFCFACEOUTERBOUND(#1897,.T.);
#1899=IFCFACE((#1898));
#1900=IFCPOLYLOOP((#1479,#1442,#1403));
#1901=IFCFACEOUTERBOUND(#1900,.T.);
#1902=IFCFACE((#1901));
#1903=IFCPOLYLOOP((#1478,#1477,#1423));
#1904=IFCFACEOUTERBOUND(#1903,.T.);
#1905=IFCFACE((#1904));
#1906=IFCPOLYLOOP((#1488,#1489,#1490,#1491,#1492,#1493,#1494,#1495,#1496,#1497,#1498,#1499,#1500,#1501,#1502,#1503,#1504,#1505,#1506,#1483,#1484,#1485,#1486,#1487));
#1907=IFCFACEOUTERBOUND(#1906,.T.);
#1908=IFCFACE((#1907));
#1909=IFCPOLYLOOP((#1483,#1439,#1438,#1484));
#1910=IFCFACEOUTERBOUND(#1909,.T.);
#1911=IFCFACE((#1910));
#1912=IFCPOLYLOOP((#1484,#1438,#1437,#1485));
#1913=IFCFACEOUTERBOUND(#1912,.T.);
#1914=IFCFACE((#1913));
#1915=IFCPOLYLOOP((#1486,#1436,#1435,#1487));
#1916=IFCFACEOUTERBOUND(#1915,.T.);
#1917=IFCFACE((#1916));
#1918=IFCPOLYLOOP((#1485,#1437,#1436,#1486));
#1919=IFCFACEOUTERBOUND(#1918,.T.);
#1920=IFCFACE((#1919));
#1921=IFCPOLYLOOP((#1487,#1435,#1434,#1488));
#1922=IFCFACEOUTERBOUND(#1921,.T.);
#1923=IFCFACE((#1922));
#1924=IFCPOLYLOOP((#1433,#1489,#1488,#1434));
#1925=IFCFACEOUTERBOUND(#1924,.T.);
#1926=IFCFACE((#1925));
#1927=IFCPOLYLOOP((#1431,#1430,#1492,#1491));
#1928=IFCFACEOUTERBOUND(#1927,.T.);
#1929=IFCFACE((#1928));
#1930=IFCPOLYLOOP((#1432,#1431,#1491,#1490));
#1931=IFCFACEOUTERBOUND(#1930,.T.);
#1932=IFCFACE((#1931));
#1933=IFCPOLYLOOP((#1428,#1427,#1495,#1494));
#1934=IFCFACEOUTERBOUND(#1933,.T.);
#1935=IFCFACE((#1934));
#1936=IFCPOLYLOOP((#1429,#1428,#1494,#1493));
#1937=IFCFACEOUTERBOUND(#1936,.T.);
#1938=IFCFACE((#1937));
#1939=IFCPOLYLOOP((#1430,#1429,#1493,#1492));
#1940=IFCFACEOUTERBOUND(#1939,.T.);
#1941=IFCFACE((#1940));
#1942=IFCPOLYLOOP((#1490,#1489,#1433,#1432));
#1943=IFCFACEOUTERBOUND(#1942,.T.);
#1944=IFCFACE((#1943));
#1945=IFCPOLYLOOP((#1496,#1495,#1427,#1473));
#1946=IFCFACEOUTERBOUND(#1945,.T.);
#1947=IFCFACE((#1946));
#1948=IFCPOLYLOOP((#1496,#1473,#1472,#1497));
#1949=IFCFACEOUTERBOUND(#1948,.T.);
#1950=IFCFACE((#1949));
#1951=IFCPOLYLOOP((#1470,#1469,#1500,#1499));
#1952=IFCFACEOUTERBOUND(#1951,.T.);
#1953=IFCFACE((#1952));
#1954=IFCPOLYLOOP((#1471,#1470,#1499,#1498));
#1955=IFCFACEOUTERBOUND(#1954,.T.);
#1956=IFCFACE((#1955));
#1957=IFCPOLYLOOP((#1498,#1497,#1472,#1471));
#1958=IFCFACEOUTERBOUND(#1957,.T.);
#1959=IFCFACE((#1958));
#1960=IFCPOLYLOOP((#1468,#1501,#1500,#1469));
#1961=IFCFACEOUTERBOUND(#1960,.T.);
#1962=IFCFACE((#1961));
#1963=IFCPOLYLOOP((#1465,#1504,#1503,#1466));
#1964=IFCFACEOUTERBOUND(#1963,.T.);
#1965=IFCFACE((#1964));
#1966=IFCPOLYLOOP((#1466,#1503,#1502,#1467));
#1967=IFCFACEOUTERBOUND(#1966,.T.);
#1968=IFCFACE((#1967));
#1969=IFCPOLYLOOP((#1439,#1483,#1506,#1463));
#1970=IFCFACEOUTERBOUND(#1969,.T.);
#1971=IFCFACE((#1970));
#1972=IFCPOLYLOOP((#1464,#1463,#1506,#1505));
#1973=IFCFACEOUTERBOUND(#1972,.T.);
#1974=IFCFACE((#1973));
#1975=IFCPOLYLOOP((#1465,#1464,#1505,#1504));
#1976=IFCFACEOUTERBOUND(#1975,.T.);
#1977=IFCFACE((#1976));
#1978=IFCPOLYLOOP((#1468,#1467,#1502,#1501));
#1979=IFCFACEOUTERBOUND(#1978,.T.);
#1980=IFCFACE((#1979));
#1981=IFCCARTESIANPOINT((3.0272002132546572,0.61999671916008103,3.3333333333333424));
#1982=IFCCARTESIANPOINT((3.0238464559996441,0.61999671916008103,3.3078590178704959));
#1983=IFCCARTESIANPOINT((3.0140137372491882,0.61999671916008103,3.2841207349081456));
#1984=IFCCARTESIANPOINT((2.9983721405367971,0.61999671916008103,3.2637362092008084));
#1985=IFCCARTESIANPOINT((2.97798761482946,0.61999671916008103,3.2480946124884178));
#1986=IFCCARTESIANPOINT((2.9542493318671097,0.61999671916008103,3.2382618937379619));
#1987=IFCCARTESIANPOINT((2.9287750164042632,0.61999671916008103,3.2349081364829493));
#1988=IFCCARTESIANPOINT((2.9033007009414167,0.61999671916008103,3.2382618937379619));
#1989=IFCCARTESIANPOINT((2.8795624179790664,0.61999671916008103,3.2480946124884178));
#1990=IFCCARTESIANPOINT((2.8591778922717292,0.61999671916008103,3.2637362092008089));
#1991=IFCCARTESIANPOINT((2.8435362955593382,0.61999671916008103,3.284120734908146));
#1992=IFCCARTESIANPOINT((2.8337035768088823,0.61999671916008103,3.3078590178704963));
#1993=IFCCARTESIANPOINT((2.8303498195538697,0.61999671916008103,3.3333333333333433));
#1994=IFCCARTESIANPOINT((2.8337035768088827,0.61999671916008103,3.3588076487961898));
#1995=IFCCARTESIANPOINT((2.8435362955593386,0.61999671916008103,3.38254593175854));
#1996=IFCCARTESIANPOINT((2.8591778922717292,0.61999671916008103,3.4029304574658772));
#1997=IFCCARTESIANPOINT((2.8795624179790669,0.61999671916008103,3.4185720541782683));
#1998=IFCCARTESIANPOINT((2.9033007009414171,0.61999671916008103,3.4284047729287237));
#1999=IFCCARTESIANPOINT((2.9287750164042636,0.61999671916008103,3.4317585301837363));
#2000=IFCCARTESIANPOINT((2.9542493318671101,0.61999671916008103,3.4284047729287233));
#2001=IFCCARTESIANPOINT((2.9779876148294604,0.61999671916008103,3.4185720541782678));
#2002=IFCCARTESIANPOINT((2.998372140536798,0.61999671916008103,3.4029304574658767));
#2003=IFCCARTESIANPOINT((3.0140137372491886,0.61999671916008103,3.3825459317585391));
#2004=IFCCARTESIANPOINT((3.0238464559996441,0.61999671916008103,3.3588076487961889));
#2005=IFCCARTESIANPOINT((3.0272002132546572,0.59374999999997602,3.3333333333333424));
#2006=IFCCARTESIANPOINT((3.0238464559996441,0.59374999999997602,3.3588076487961889));
#2007=IFCCARTESIANPOINT((3.0140137372491886,0.59374999999997602,3.3825459317585391));
#2008=IFCCARTESIANPOINT((2.998372140536798,0.59374999999997602,3.4029304574658767));
#2009=IFCCARTESIANPOINT((2.9779876148294604,0.59374999999997602,3.4185720541782678));
#2010=IFCCARTESIANPOINT((2.9542493318671101,0.59374999999997602,3.4284047729287233));
#2011=IFCCARTESIANPOINT((2.9287750164042636,0.59374999999997602,3.4317585301837363));
#2012=IFCCARTESIANPOINT((2.9033007009414171,0.59374999999997602,3.4284047729287237));
#2013=IFCCARTESIANPOINT((2.8795624179790669,0.59374999999997602,3.4185720541782683));
#2014=IFCCARTESIANPOINT((2.8591778922717292,0.59374999999997602,3.4029304574658772));
#2015=IFCCARTESIANPOINT((2.8435362955593386,0.59374999999997602,3.38254593175854));
#2016=IFCCARTESIANPOINT((2.8337035768088827,0.59374999999997602,3.3588076487961898));
#2017=IFCCARTESIANPOINT((2.8303498195538697,0.59374999999997602,3.3333333333333428));
#2018=IFCCARTESIANPOINT((2.8337035768088823,0.59374999999997602,3.3078590178704963));
#2019=IFCCARTESIANPOINT((2.8435362955593382,0.59374999999997602,3.284120734908146));
#2020=IFCCARTESIANPOINT((2.8591778922717292,0.59374999999997602,3.2637362092008089));
#2021=IFCCARTESIANPOINT((2.8795624179790664,0.59374999999997602,3.2480946124884178));
#2022=IFCCARTESIANPOINT((2.9033007009414167,0.59374999999997602,3.2382618937379619));
#2023=IFCCARTESIANPOINT((2.9287750164042632,0.59374999999997602,3.2349081364829493));
#2024=IFCCARTESIANPOINT((2.9542493318671097,0.59374999999997602,3.2382618937379619));
#2025=IFCCARTESIANPOINT((2.97798761482946,0.59374999999997602,3.2480946124884178));
#2026=IFCCARTESIANPOINT((2.9983721405367971,0.59374999999997602,3.2637362092008084));
#2027=IFCCARTESIANPOINT((3.0140137372491882,0.59374999999997602,3.2841207349081456));
#2028=IFCCARTESIANPOINT((3.0238464559996441,0.59374999999997602,3.3078590178704959));
#2029=IFCPOLYLOOP((#1996,#1997,#1998,#1999,#2000,#2001,#2002,#2003,#2004,#1981,#1982,#1983,#1984,#1985,#1986,#1987,#1988,#1989,#1990,#1991,#1992,#1993,#1994,#1995));
#2030=IFCFACEOUTERBOUND(#2029,.T.);
#2031=IFCFACE((#2030));
#2032=IFCPOLYLOOP((#2023,#2024,#2025,#2026,#2027,#2028,#2005,#2006,#2007,#2008,#2009,#2010,#2011,#2012,#2013,#2014,#2015,#2016,#2017,#2018,#2019,#2020,#2021,#2022));
#2033=IFCFACEOUTERBOUND(#2032,.T.);
#2034=IFCFACE((#2033));
#2035=IFCPOLYLOOP((#2005,#1981,#2004,#2006));
#2036=IFCFACEOUTERBOUND(#2035,.T.);
#2037=IFCFACE((#2036));
#2038=IFCPOLYLOOP((#2006,#2004,#2003,#2007));
#2039=IFCFACEOUTERBOUND(#2038,.T.);
#2040=IFCFACE((#2039));
#2041=IFCPOLYLOOP((#2009,#2008,#2002,#2001));
#2042=IFCFACEOUTERBOUND(#2041,.T.);
#2043=IFCFACE((#2042));
#2044=IFCPOLYLOOP((#2002,#2008,#2007,#2003));
#2045=IFCFACEOUTERBOUND(#2044,.T.);
#2046=IFCFACE((#2045));
#2047=IFCPOLYLOOP((#2010,#2009,#2001,#2000));
#2048=IFCFACEOUTERBOUND(#2047,.T.);
#2049=IFCFACE((#2048));
#2050=IFCPOLYLOOP((#2010,#2000,#1999,#2011));
#2051=IFCFACEOUTERBOUND(#2050,.T.);
#2052=IFCFACE((#2051));
#2053=IFCPOLYLOOP((#2011,#1999,#1998,#2012));
#2054=IFCFACEOUTERBOUND(#2053,.T.);
#2055=IFCFACE((#2054));
#2056=IFCPOLYLOOP((#2012,#1998,#1997,#2013));
#2057=IFCFACEOUTERBOUND(#2056,.T.);
#2058=IFCFACE((#2057));
#2059=IFCPOLYLOOP((#2015,#2014,#1996,#1995));
#2060=IFCFACEOUTERBOUND(#2059,.T.);
#2061=IFCFACE((#2060));
#2062=IFCPOLYLOOP((#1996,#2014,#2013,#1997));
#2063=IFCFACEOUTERBOUND(#2062,.T.);
#2064=IFCFACE((#2063));
#2065=IFCPOLYLOOP((#2016,#2015,#1995,#1994));
#2066=IFCFACEOUTERBOUND(#2065,.T.);
#2067=IFCFACE((#2066));
#2068=IFCPOLYLOOP((#2016,#1994,#1993,#2017));
#2069=IFCFACEOUTERBOUND(#2068,.T.);
#2070=IFCFACE((#2069));
#2071=IFCPOLYLOOP((#2017,#1993,#1992,#2018));
#2072=IFCFACEOUTERBOUND(#2071,.T.);
#2073=IFCFACE((#2072));
#2074=IFCPOLYLOOP((#2018,#1992,#1991,#2019));
#2075=IFCFACEOUTERBOUND(#2074,.T.);
#2076=IFCFACE((#2075));
#2077=IFCPOLYLOOP((#2021,#2020,#1990,#1989));
#2078=IFCFACEOUTERBOUND(#2077,.T.);
#2079=IFCFACE((#2078));
#2080=IFCPOLYLOOP((#1990,#2020,#2019,#1991));
#2081=IFCFACEOUTERBOUND(#2080,.T.);
#2082=IFCFACE((#2081));
#2083=IFCPOLYLOOP((#2022,#2021,#1989,#1988));
#2084=IFCFACEOUTERBOUND(#2083,.T.);
#2085=IFCFACE((#2084));
#2086=IFCPOLYLOOP((#2022,#1988,#1987,#2023));
#2087=IFCFACEOUTERBOUND(#2086,.T.);
#2088=IFCFACE((#2087));
#2089=IFCPOLYLOOP((#2023,#1987,#1986,#2024));
#2090=IFCFACEOUTERBOUND(#2089,.T.);
#2091=IFCFACE((#2090));
#2092=IFCPOLYLOOP((#2024,#1986,#1985,#2025));
#2093=IFCFACEOUTERBOUND(#2092,.T.);
#2094=IFCFACE((#2093));
#2095=IFCPOLYLOOP((#2027,#2026,#1984,#1983));
#2096=IFCFACEOUTERBOUND(#2095,.T.);
#2097=IFCFACE((#2096));
#2098=IFCPOLYLOOP((#1984,#2026,#2025,#1985));
#2099=IFCFACEOUTERBOUND(#2098,.T.);
#2100=IFCFACE((#2099));
#2101=IFCPOLYLOOP((#2028,#2027,#1983,#1982));
#2102=IFCFACEOUTERBOUND(#2101,.T.);
#2103=IFCFACE((#2102));
#2104=IFCPOLYLOOP((#2028,#1982,#1981,#2005));
#2105=IFCFACEOUTERBOUND(#2104,.T.);
#2106=IFCFACE((#2105));
#2107=IFCCARTESIANPOINT((0.16666666666668872,0.43229166666664959,0.));
#2108=IFCCARTESIANPOINT((0.21875000000002198,0.43229166666664959,0.));
#2109=IFCCARTESIANPOINT((0.21875000000002198,0.2760416666666487,0.));
#2110=IFCCARTESIANPOINT((0.16666666666668806,0.2760416666666487,0.));
#2111=IFCCARTESIANPOINT((0.16666666666668806,0.11458333333331577,0.));
#2112=IFCCARTESIANPOINT((0.,0.11458333333331577,0.));
#2113=IFCCARTESIANPOINT((0.,0.59374999999998335,0.));
#2114=IFCCARTESIANPOINT((0.16666666666668872,0.59374999999998335,0.));
#2115=IFCPOLYLOOP((#2107,#2108,#2109,#2110,#2111,#2112,#2113,#2114));
#2116=IFCFACEOUTERBOUND(#2115,.T.);
#2117=IFCFACE((#2116));
#2118=IFCCARTESIANPOINT((0.16666666666668895,0.59374999999998324,7.));
#2119=IFCCARTESIANPOINT((0.16666666666668895,0.43229166666664953,7.));
#2120=IFCPOLYLOOP((#2114,#2118,#2119,#2107));
#2121=IFCFACEOUTERBOUND(#2120,.T.);
#2122=IFCFACE((#2121));
#2123=IFCCARTESIANPOINT((0.,0.59374999999998324,7.3333333333333339));
#2124=IFCCARTESIANPOINT((3.3333333333333464,0.59374999999998324,7.3333333333333339));
#2125=IFCCARTESIANPOINT((3.3333333333333464,0.59374999999998335,0.));
#2126=IFCCARTESIANPOINT((3.1666666666666785,0.59374999999998335,0.));
#2127=IFCCARTESIANPOINT((3.1666666666666785,0.59374999999998324,7.));
#2128=IFCPOLYLOOP((#2113,#2123,#2124,#2125,#2126,#2127,#2118,#2114));
#2129=IFCFACEOUTERBOUND(#2128,.T.);
#2130=IFCFACE((#2129));
#2131=IFCCARTESIANPOINT((0.,0.11458333333331139,7.3333333333333339));
#2132=IFCPOLYLOOP((#2112,#2131,#2123,#2113));
#2133=IFCFACEOUTERBOUND(#2132,.T.);
#2134=IFCFACE((#2133));
#2135=IFCCARTESIANPOINT((0.16666666666668828,0.11458333333331583,7.));
#2136=IFCCARTESIANPOINT((3.1666666666666785,0.11458333333331583,7.));
#2137=IFCCARTESIANPOINT((3.1666666666666785,0.11458333333331577,0.));
#2138=IFCCARTESIANPOINT((3.3333333333333464,0.11458333333331577,0.));
#2139=IFCCARTESIANPOINT((3.3333333333333495,0.11458333333331583,7.3333333333333339));
#2140=IFCPOLYLOOP((#2111,#2135,#2136,#2137,#2138,#2139,#2131,#2112));
#2141=IFCFACEOUTERBOUND(#2140,.T.);
#2142=IFCFACE((#2141));
#2143=IFCCARTESIANPOINT((0.16666666666668761,0.27604166666664864,7.));
#2144=IFCPOLYLOOP((#2110,#2143,#2135,#2111));
#2145=IFCFACEOUTERBOUND(#2144,.T.);
#2146=IFCFACE((#2145));
#2147=IFCCARTESIANPOINT((0.21875000000002198,0.27604166666664864,6.9479166666666856));
#2148=IFCCARTESIANPOINT((3.1145833333333446,0.27604166666664864,6.9479166666666856));
#2149=IFCCARTESIANPOINT((3.1145833333333446,0.2760416666666487,0.));
#2150=IFCCARTESIANPOINT((3.1666666666666785,0.2760416666666487,0.));
#2151=IFCCARTESIANPOINT((3.1666666666666785,0.27604166666664864,7.));
#2152=IFCPOLYLOOP((#2109,#2147,#2148,#2149,#2150,#2151,#2143,#2110));
#2153=IFCFACEOUTERBOUND(#2152,.T.);
#2154=IFCFACE((#2153));
#2155=IFCCARTESIANPOINT((0.21875000000002198,0.43229166666664953,6.9479166666666856));
#2156=IFCPOLYLOOP((#2108,#2155,#2147,#2109));
#2157=IFCFACEOUTERBOUND(#2156,.T.);
#2158=IFCFACE((#2157));
#2159=IFCCARTESIANPOINT((3.1666666666666785,0.43229166666664953,7.));
#2160=IFCCARTESIANPOINT((3.1666666666666785,0.43229166666664959,0.));
#2161=IFCCARTESIANPOINT((3.1145833333333455,0.43229166666664959,0.));
#2162=IFCCARTESIANPOINT((3.1145833333333455,0.43229166666664953,6.9479166666666865));
#2163=IFCPOLYLOOP((#2107,#2119,#2159,#2160,#2161,#2162,#2155,#2108));
#2164=IFCFACEOUTERBOUND(#2163,.T.);
#2165=IFCFACE((#2164));
#2166=IFCPOLYLOOP((#2118,#2127,#2159,#2119));
#2167=IFCFACEOUTERBOUND(#2166,.T.);
#2168=IFCFACE((#2167));
#2169=IFCPOLYLOOP((#2135,#2143,#2151,#2136));
#2170=IFCFACEOUTERBOUND(#2169,.T.);
#2171=IFCFACE((#2170));
#2172=IFCPOLYLOOP((#2147,#2155,#2162,#2148));
#2173=IFCFACEOUTERBOUND(#2172,.T.);
#2174=IFCFACE((#2173));
#2175=IFCPOLYLOOP((#2125,#2138,#2137,#2150,#2149,#2161,#2160,#2126));
#2176=IFCFACEOUTERBOUND(#2175,.T.);
#2177=IFCFACE((#2176));
#2178=IFCPOLYLOOP((#2126,#2160,#2159,#2127));
#2179=IFCFACEOUTERBOUND(#2178,.T.);
#2180=IFCFACE((#2179));
#2181=IFCPOLYLOOP((#2124,#2139,#2138,#2125));
#2182=IFCFACEOUTERBOUND(#2181,.T.);
#2183=IFCFACE((#2182));
#2184=IFCPOLYLOOP((#2136,#2151,#2150,#2137));
#2185=IFCFACEOUTERBOUND(#2184,.T.);
#2186=IFCFACE((#2185));
#2187=IFCPOLYLOOP((#2148,#2162,#2161,#2149));
#2188=IFCFACEOUTERBOUND(#2187,.T.);
#2189=IFCFACE((#2188));
#2190=IFCPOLYLOOP((#2131,#2139,#2124,#2123));
#2191=IFCFACEOUTERBOUND(#2190,.T.);
#2192=IFCFACE((#2191));
#2193=IFCCARTESIANPOINT((3.1666666666666843,0.44791666666664109,7.));
#2194=IFCCARTESIANPOINT((0.16666666666668473,0.44791666666664109,7.));
#2195=IFCCARTESIANPOINT((0.16666666666668473,0.44791666666664109,-0.));
#2196=IFCCARTESIANPOINT((3.1666666666666843,0.44791666666664109,-0.));
#2197=IFCCARTESIANPOINT((2.6666666666666781,0.44791666666664109,6.5));
#2198=IFCCARTESIANPOINT((2.6666666666666781,0.44791666666664109,4.4166666666666643));
#2199=IFCCARTESIANPOINT((2.250000000000008,0.44791666666664109,4.4166666666666643));
#2200=IFCCARTESIANPOINT((2.250000000000008,0.44791666666664109,6.5));
#2201=IFCPOLYLOOP((#2193,#2194,#2195,#2196));
#2202=IFCFACEOUTERBOUND(#2201,.T.);
#2203=IFCPOLYLOOP((#2197,#2198,#2199,#2200));
#2204=IFCFACEBOUND(#2203,.T.);
#2205=IFCFACE((#2202,#2204));
#2206=IFCCARTESIANPOINT((3.1666666666666843,0.59374999999997358,7.));
#2207=IFCCARTESIANPOINT((3.1666666666666843,0.59374999999997358,-0.));
#2208=IFCCARTESIANPOINT((0.16666666666668473,0.59374999999997358,-0.));
#2209=IFCCARTESIANPOINT((0.16666666666668473,0.59374999999997358,7.));
#2210=IFCCARTESIANPOINT((2.6666666666666781,0.59374999999997358,6.5));
#2211=IFCCARTESIANPOINT((2.250000000000008,0.59374999999997358,6.5));
#2212=IFCCARTESIANPOINT((2.250000000000008,0.59374999999997358,4.4166666666666643));
#2213=IFCCARTESIANPOINT((2.6666666666666781,0.59374999999997358,4.4166666666666643));
#2214=IFCPOLYLOOP((#2206,#2207,#2208,#2209));
#2215=IFCFACEOUTERBOUND(#2214,.T.);
#2216=IFCPOLYLOOP((#2210,#2211,#2212,#2213));
#2217=IFCFACEBOUND(#2216,.T.);
#2218=IFCFACE((#2215,#2217));
#2219=IFCPOLYLOOP((#2196,#2207,#2206,#2193));
#2220=IFCFACEOUTERBOUND(#2219,.T.);
#2221=IFCFACE((#2220));
#2222=IFCPOLYLOOP((#2195,#2208,#2207,#2196));
#2223=IFCFACEOUTERBOUND(#2222,.T.);
#2224=IFCFACE((#2223));
#2225=IFCPOLYLOOP((#2194,#2209,#2208,#2195));
#2226=IFCFACEOUTERBOUND(#2225,.T.);
#2227=IFCFACE((#2226));
#2228=IFCPOLYLOOP((#2193,#2206,#2209,#2194));
#2229=IFCFACEOUTERBOUND(#2228,.T.);
#2230=IFCFACE((#2229));
#2231=IFCPOLYLOOP((#2200,#2211,#2210,#2197));
#2232=IFCFACEOUTERBOUND(#2231,.T.);
#2233=IFCFACE((#2232));
#2234=IFCPOLYLOOP((#2199,#2212,#2211,#2200));
#2235=IFCFACEOUTERBOUND(#2234,.T.);
#2236=IFCFACE((#2235));
#2237=IFCPOLYLOOP((#2198,#2213,#2212,#2199));
#2238=IFCFACEOUTERBOUND(#2237,.T.);
#2239=IFCFACE((#2238));
#2240=IFCPOLYLOOP((#2197,#2210,#2213,#2198));
#2241=IFCFACEOUTERBOUND(#2240,.T.);
#2242=IFCFACE((#2241));
#2243=IFCCARTESIANPOINT((2.6666666666666785,0.51041666666669117,6.5));
#2244=IFCCARTESIANPOINT((2.2500000000000089,0.51041666666668983,6.5));
#2245=IFCCARTESIANPOINT((2.2500000000000089,0.51041666666668983,4.4166666666666643));
#2246=IFCCARTESIANPOINT((2.6666666666666785,0.51041666666669117,4.4166666666666643));
#2247=IFCPOLYLOOP((#2243,#2244,#2245,#2246));
#2248=IFCFACEOUTERBOUND(#2247,.T.);
#2249=IFCFACE((#2248));
#2250=IFCCARTESIANPOINT((2.6666666666666785,0.53125000000002442,6.5));
#2251=IFCCARTESIANPOINT((2.6666666666666785,0.53125000000002442,4.4166666666666643));
#2252=IFCCARTESIANPOINT((2.2500000000000089,0.53125000000002309,4.4166666666666643));
#2253=IFCCARTESIANPOINT((2.2500000000000089,0.53125000000002309,6.5));
#2254=IFCPOLYLOOP((#2250,#2251,#2252,#2253));
#2255=IFCFACEOUTERBOUND(#2254,.T.);
#2256=IFCFACE((#2255));
#2257=IFCPOLYLOOP((#2246,#2251,#2250,#2243));
#2258=IFCFACEOUTERBOUND(#2257,.T.);
#2259=IFCFACE((#2258));
#2260=IFCPOLYLOOP((#2245,#2252,#2251,#2246));
#2261=IFCFACEOUTERBOUND(#2260,.T.);
#2262=IFCFACE((#2261));
#2263=IFCPOLYLOOP((#2244,#2253,#2252,#2245));
#2264=IFCFACEOUTERBOUND(#2263,.T.);
#2265=IFCFACE((#2264));
#2266=IFCPOLYLOOP((#2243,#2250,#2253,#2244));
#2267=IFCFACEOUTERBOUND(#2266,.T.);
#2268=IFCFACE((#2267));
#2269=IFCCARTESIANPOINT((2.6666666666666745,0.51041666666664431,4.416666666666667));
#2270=IFCCARTESIANPOINT((2.666666666666675,0.51041666666664431,6.4999999999999973));
#2271=IFCCARTESIANPOINT((2.6666666666666758,0.44791666666664431,6.4999999999999982));
#2272=IFCCARTESIANPOINT((2.666666666666675,0.44791666666664431,4.4166666666666661));
#2273=IFCCARTESIANPOINT((2.6272965879265175,0.44463582677163088,4.4560367454068235));
#2274=IFCCARTESIANPOINT((2.6272965879265175,0.44463582677163077,6.460629921259839));
#2275=IFCCARTESIANPOINT((2.6272965879265167,0.51041666666664387,6.460629921259839));
#2276=IFCCARTESIANPOINT((2.6272965879265167,0.51041666666664387,4.4560367454068244));
#2277=IFCCARTESIANPOINT((2.643700787401583,0.42823162729656533,4.439632545931758));
#2278=IFCCARTESIANPOINT((2.643700787401583,0.42823162729656539,6.4770341207349054));
#2279=IFCCARTESIANPOINT((2.6321012667128274,0.4330363060828753,6.4654346000461498));
#2280=IFCCARTESIANPOINT((2.6321012667128274,0.43303630608287524,4.4512320666205136));
#2281=IFCCARTESIANPOINT((2.643700787401583,0.42823162729656539,5.464263618986033));
#2282=IFCCARTESIANPOINT((2.643700787401583,0.42823162729656539,4.9519481070680342));
#2283=IFCCARTESIANPOINT((2.643700787401583,0.42823162729656539,5.9647186088169066));
#2284=IFCCARTESIANPOINT((2.6272965879265175,0.44463582677163094,5.458333339253743));
#2285=IFCCARTESIANPOINT((2.6272965879265175,0.44463582677163094,4.9571850423302832));
#2286=IFCCARTESIANPOINT((2.6272965879265175,0.44463582677163099,5.9594816243363802));
#2287=IFCCARTESIANPOINT((2.643700787401583,0.42823162729656539,6.220876364775906));
#2288=IFCCARTESIANPOINT((2.6272965879265175,0.44463582677163099,6.2100557668776979));
#2289=IFCCARTESIANPOINT((2.6272965879265175,0.44463582677163099,6.3325510444676834));
#2290=IFCCARTESIANPOINT((2.643700787401583,0.42823162729656533,4.6957903018907574));
#2291=IFCCARTESIANPOINT((2.6272965879265175,0.44463582677163094,4.7066108879481421));
#2292=IFCCARTESIANPOINT((2.6272965879265175,0.44463582677163094,4.8318979710596235));
#2293=IFCCARTESIANPOINT((2.643700787401583,0.42823162729656533,4.567711448520396));
#2294=IFCCARTESIANPOINT((2.6272965879265175,0.44463582677163094,5.2077591967124253));
#2295=IFCCARTESIANPOINT((2.643700787401583,0.42823162729656539,5.2081058630270336));
#2296=IFCCARTESIANPOINT((2.643700787401583,0.42823162729656533,5.0800269604383947));
#2297=IFCCARTESIANPOINT((2.643700787401583,0.42823162729656539,5.7144911139014694));
#2298=IFCCARTESIANPOINT((2.6272965879265175,0.44463582677163094,5.7089074817950616));
#2299=IFCCARTESIANPOINT((2.6272965879265175,0.44463582677163099,5.8341945530657213));
#2300=IFCCARTESIANPOINT((2.643700787401583,0.42823162729656539,6.3489552673645449));
#2301=IFCCARTESIANPOINT((2.6272965879265175,0.44463582677163094,4.5813238166774832));
#2302=IFCCARTESIANPOINT((2.643700787401583,0.42823162729656533,4.8238692044793954));
#2303=IFCCARTESIANPOINT((2.643700787401583,0.42823162729656539,5.839604861359188));
#2304=IFCCARTESIANPOINT((2.6322781022765085,0.43286212620846276,5.7770479795547658));
#2305=IFCCARTESIANPOINT((2.6319837474946564,0.43315502818280327,5.8771804653646127));
#2306=IFCCARTESIANPOINT((2.6321975653324023,0.43294080037384736,5.6800107582576533));
#2307=IFCCARTESIANPOINT((2.6272965879265175,0.44463582677163094,5.5836204105244027));
#2308=IFCCARTESIANPOINT((2.643700787401583,0.42823162729656539,5.5893773664437507));
#2309=IFCCARTESIANPOINT((2.6317784484250106,0.43336836948325169,6.2713034095269569));
#2310=IFCCARTESIANPOINT((2.643700787401583,0.42823162729656539,6.0927974621872671));
#2311=IFCCARTESIANPOINT((2.6323821831381613,0.43276203386684281,6.1681306588365423));
#2312=IFCCARTESIANPOINT((2.6272965879265175,0.44463582677163099,6.0847686956070399));
#2313=IFCCARTESIANPOINT((2.6318698223404238,0.43327246344296044,6.3670500901071243));
#2314=IFCCARTESIANPOINT((2.6319321408032934,0.43320793467980978,4.8945415186403238));
#2315=IFCCARTESIANPOINT((2.6322153374723629,0.43292334623413936,4.9945579365639388));
#2316=IFCCARTESIANPOINT((2.6272965879265175,0.44463582677163094,5.082472113600943));
#2317=IFCCARTESIANPOINT((2.6321130755704845,0.43302450923497027,5.1451156632028807));
#2318=IFCCARTESIANPOINT((2.6319721332510642,0.43316689341951592,4.7980420375547883));
#2319=IFCCARTESIANPOINT((2.6320946015370081,0.43304297509075945,5.2434167610616296));
#2320=IFCCARTESIANPOINT((2.643700787401583,0.42823162729656539,5.3361847656156716));
#2321=IFCCARTESIANPOINT((2.6272965879265175,0.44463582677163094,5.3330462679830841));
#2322=IFCCARTESIANPOINT((2.631997839555666,0.43314066378307409,5.3956898076894841));
#2323=IFCCARTESIANPOINT((2.6320010428776648,0.43313740346698637,5.4926151803553527));
#2324=IFCCARTESIANPOINT((2.631932140676712,0.43320793481016567,6.0221251688865109));
#2325=IFCCARTESIANPOINT((2.6317704985885144,0.43337678732527896,4.6439673728684854));
#2326=IFCCARTESIANPOINT((2.6319101221422874,0.43323065368390534,4.54839278112249));
#2327=IFCCARTESIANPOINT((2.6320957080758589,0.4330418673848902,5.588280739515203));
#2328=IFCCARTESIANPOINT((2.6929133858267802,0.43479330708659203,4.3904199475065608));
#2329=IFCCARTESIANPOINT((2.6929133858267802,0.43479330708659192,6.5262467191601026));
#2330=IFCCARTESIANPOINT((2.6909915143122562,0.43015349881108994,6.5243248476455786));
#2331=IFCCARTESIANPOINT((2.6863517060367537,0.42823162729656583,6.519685039370076));
#2332=IFCCARTESIANPOINT((2.6863517060367537,0.42823162729656572,4.3969816272965874));
#2333=IFCCARTESIANPOINT((2.6909915143122562,0.43015349881108988,4.3923418190210848));
#2334=IFCCARTESIANPOINT((2.6929133858267802,0.43479330708659197,5.4583333333333321));
#2335=IFCCARTESIANPOINT((2.6929133858267802,0.43479330708659197,4.924376640419946));
#2336=IFCCARTESIANPOINT((2.6929133858267802,0.43479330708659192,5.9922900262467174));
#2337=IFCCARTESIANPOINT((2.6863517060367537,0.42823162729656578,5.4583333333333321));
#2338=IFCCARTESIANPOINT((2.6863517060367537,0.42823162729656578,4.9276574862295472));
#2339=IFCCARTESIANPOINT((2.6863517060367537,0.42823162729656583,5.9890091804371162));
#2340=IFCCARTESIANPOINT((2.6863517060367537,0.42823162729656583,6.2543471039890077));
#2341=IFCCARTESIANPOINT((2.6929133858267802,0.43479330708659192,6.25926837270341));
#2342=IFCCARTESIANPOINT((2.6929133858267802,0.43479330708659192,6.1257791994750637));
#2343=IFCCARTESIANPOINT((2.6863517060367537,0.42823162729656583,6.1216781422130619));
#2344=IFCCARTESIANPOINT((2.6863517060367537,0.42823162729656578,4.6623195626776557));
#2345=IFCCARTESIANPOINT((2.6929133858267802,0.43479330708659197,4.6573982939632534));
#2346=IFCCARTESIANPOINT((2.6929133858267802,0.43479330708659203,4.5524283314926306));
#2347=IFCCARTESIANPOINT((2.6863517060367537,0.42823162729656572,4.5296506009017099));
#2348=IFCCARTESIANPOINT((2.6863517060367537,0.42823162729656583,5.7236712568852237));
#2349=IFCCARTESIANPOINT((2.6929133858267802,0.43479330708659192,5.7253116797900239));
#2350=IFCCARTESIANPOINT((2.6929133858267802,0.43479330708659197,5.5918225065616776));
#2351=IFCCARTESIANPOINT((2.6863517060367537,0.42823162729656578,5.5910022951092779));
#2352=IFCCARTESIANPOINT((2.6863517060367537,0.42823162729656578,5.1929954097814388));
#2353=IFCCARTESIANPOINT((2.6929133858267802,0.43479330708659197,5.1913549868766395));
#2354=IFCCARTESIANPOINT((2.6929133858267802,0.43479330708659197,5.0578658136482924));
#2355=IFCCARTESIANPOINT((2.6863517060367537,0.42823162729656578,5.0603264480054939));
#2356=IFCCARTESIANPOINT((2.6863517060367537,0.42823162729656583,6.3870160657649535));
#2357=IFCCARTESIANPOINT((2.6929133858267802,0.43479330708659192,6.3927575459317563));
#2358=IFCCARTESIANPOINT((2.6929133858267802,0.43479330708659192,6.3260129593175831));
#2359=IFCCARTESIANPOINT((2.6929133858267802,0.43479330708659203,4.4714241394995966));
#2360=IFCCARTESIANPOINT((2.6863517060367537,0.42823162729656572,4.4633161081845607));
#2361=IFCCARTESIANPOINT((2.6929133858267802,0.43479330708659192,6.4452425271670668));
#2362=IFCCARTESIANPOINT((2.6863517060367537,0.42823162729656583,6.4533505584821036));
#2363=IFCCARTESIANPOINT((2.6863517060367537,0.42823162729656578,4.7949885244536015));
#2364=IFCCARTESIANPOINT((2.6929133858267802,0.43479330708659197,4.7908874671915997));
#2365=IFCCARTESIANPOINT((2.6929133858267802,0.43479330708659197,4.7241428805774266));
#2366=IFCCARTESIANPOINT((2.6863517060367537,0.42823162729656578,5.8563402186611695));
#2367=IFCCARTESIANPOINT((2.6929133858267802,0.43479330708659192,5.8588008530183711));
#2368=IFCCARTESIANPOINT((2.6929133858267802,0.43479330708659197,5.7920562664041979));
#2369=IFCCARTESIANPOINT((2.6929133858267802,0.43479330708659197,5.3248441601049858));
#2370=IFCCARTESIANPOINT((2.6863517060367537,0.42823162729656578,5.3256643715573855));
#2371=IFCCARTESIANPOINT((2.6863517060367537,0.42823162729656578,5.3919988524453588));
#2372=IFCCARTESIANPOINT((2.6929133858267797,0.43479330708659197,4.4309220435030783));
#2373=IFCCARTESIANPOINT((2.6929133858267802,0.43479330708659192,6.4857446231635851));
#2374=IFCCARTESIANPOINT((2.6863517060367537,0.42823162729656572,4.4374837197101353));
#2375=IFCCARTESIANPOINT((2.6911332705195301,0.43029972468900668,4.4503999183596417));
#2376=IFCCARTESIANPOINT((2.6863517060367537,0.42823162729656572,4.4964833545431349));
#2377=IFCCARTESIANPOINT((2.6929133858267802,0.43479330708659197,4.5119262354961132));
#2378=IFCCARTESIANPOINT((2.6908024090933598,0.42997180483431063,4.5130669735304965));
#2379=IFCCARTESIANPOINT((2.6863517060367537,0.42823162729656583,6.4791829469565281));
#2380=IFCCARTESIANPOINT((2.6911332706556421,0.4302997248338416,6.4662667498331912));
#2381=IFCCARTESIANPOINT((2.6907236942140482,0.42990031607449808,6.4194327148761872));
#2382=IFCCARTESIANPOINT((2.6863517060367537,0.42823162729656578,4.5959850817896823));
#2383=IFCCARTESIANPOINT((2.6905879390513805,0.42978232200253663,4.5536047588777988));
#2384=IFCCARTESIANPOINT((2.6929133858267802,0.43479330708659197,4.604913312727942));
#2385=IFCCARTESIANPOINT((2.6929133858267802,0.43479330708659197,5.6585670931758516));
#2386=IFCCARTESIANPOINT((2.6863517060367537,0.42823162729656578,5.6573367759972504));
#2387=IFCCARTESIANPOINT((2.6863517060367537,0.42823162729656578,5.5246678142213046));
#2388=IFCCARTESIANPOINT((2.6929133858267802,0.43479330708659197,5.5250779199475044));
#2389=IFCCARTESIANPOINT((2.6929133858267802,0.43479330708659197,5.2580995734908118));
#2390=IFCCARTESIANPOINT((2.6863517060367537,0.42823162729656578,5.259329890669413));
#2391=IFCCARTESIANPOINT((2.6863517060367537,0.42823162729656583,6.0553436613250895));
#2392=IFCCARTESIANPOINT((2.6929133858267802,0.43479330708659192,6.0590346128608905));
#2393=IFCCARTESIANPOINT((2.6929133858267802,0.43479330708659197,4.9911212270341192));
#2394=IFCCARTESIANPOINT((2.6863517060367537,0.42823162729656578,4.9939919671175206));
#2395=IFCCARTESIANPOINT((2.6863517060367537,0.42823162729656578,5.1266609288934664));
#2396=IFCCARTESIANPOINT((2.6929133858267802,0.43479330708659197,5.1246104002624655));
#2397=IFCCARTESIANPOINT((2.6863517060367537,0.42823162729656578,4.8613230053415748));
#2398=IFCCARTESIANPOINT((2.6929133858267802,0.43479330708659197,4.8576320538057729));
#2399=IFCCARTESIANPOINT((2.6929133858267802,0.43479330708659192,5.9255454396325442));
#2400=IFCCARTESIANPOINT((2.6863517060367537,0.42823162729656578,5.9226746995491428));
#2401=IFCCARTESIANPOINT((2.6863517060367537,0.42823162729656583,6.1880126231010353));
#2402=IFCCARTESIANPOINT((2.6929133858267802,0.43479330708659192,6.1925237860892359));
#2403=IFCCARTESIANPOINT((2.6907962128364602,0.42996609246797407,4.6311558134348925));
#2404=IFCCARTESIANPOINT((2.6863517060367537,0.42823162729656572,4.5628178354311082));
#2405=IFCCARTESIANPOINT((2.6910516127421893,0.43021438596617068,4.6689305444897542));
#2406=IFCCARTESIANPOINT((2.6863517060367537,0.42823162729656578,4.7286540435656281));
#2407=IFCCARTESIANPOINT((2.6863517060367537,0.42823162729656572,4.695486797207054));
#2408=IFCCARTESIANPOINT((2.6909031079454273,0.43006674572207304,4.7120704228589609));
#2409=IFCCARTESIANPOINT((2.6909583610488825,0.43012058076611603,4.7601625099523481));
#2410=IFCCARTESIANPOINT((2.6929133858267802,0.43479330708659197,4.6907705808059852));
#2411=IFCCARTESIANPOINT((2.691072503104099,0.43023592662016336,4.5936950964864165));
#2412=IFCCARTESIANPOINT((2.6910529502601976,0.43021575922574162,6.3819369180974217));
#2413=IFCCARTESIANPOINT((2.6863517060367537,0.42823162729656583,6.3206815848769811));
#2414=IFCCARTESIANPOINT((2.6863517060367537,0.42823162729656583,6.3538488312355552));
#2415=IFCCARTESIANPOINT((2.6908898859787165,0.43005404928803287,6.3372652159943135));
#2416=IFCCARTESIANPOINT((2.6909463742401538,0.43010879368950367,6.2894351572298168));
#2417=IFCCARTESIANPOINT((2.6929133858267802,0.43479330708659192,6.3593852590890245));
#2418=IFCCARTESIANPOINT((2.6863517060367537,0.42823162729656583,5.7900057377731962));
#2419=IFCCARTESIANPOINT((2.6909013519872924,0.43006505546558182,5.8231729861163455));
#2420=IFCCARTESIANPOINT((2.6929133858267802,0.43479330708659197,5.3915887467191581));
#2421=IFCCARTESIANPOINT((2.6863517060367537,0.42823162729656583,6.4201833121235286));
#2422=IFCCARTESIANPOINT((2.6910633057742528,0.43022641869509021,5.6919393913242429));
#2423=IFCCARTESIANPOINT((2.6910458025378956,0.43020842980308649,5.625194805098916));
#2424=IFCCARTESIANPOINT((2.6909915145142378,0.43015349901307154,5.4915005797101424));
#2425=IFCCARTESIANPOINT((2.6909731608952736,0.43013521770815599,5.557835060995906));
#2426=IFCCARTESIANPOINT((2.691063305793028,0.4302264187144601,5.2247272876738551));
#2427=IFCCARTESIANPOINT((2.6909549650162656,0.43011723518440914,5.2924971358217823));
#2428=IFCCARTESIANPOINT((2.6908492601583864,0.43001547822927377,6.0221764299429958));
#2429=IFCCARTESIANPOINT((2.6908322468068686,0.42999951984953444,6.0885109112170248));
#2430=IFCCARTESIANPOINT((2.6911304187503333,0.43029669208551491,4.9577489424793315));
#2431=IFCCARTESIANPOINT((2.690883815516357,0.43004824382761148,5.02715921048258));
#2432=IFCCARTESIANPOINT((2.690919057742601,0.43008215647745951,5.1598281731878446));
#2433=IFCCARTESIANPOINT((2.6910974375438439,0.43026189735788151,5.0912381151288191));
#2434=IFCCARTESIANPOINT((2.6908492602742609,0.43001547833835108,4.8944902476162344));
#2435=IFCCARTESIANPOINT((2.6911622681433842,0.43033078158133264,4.8242597695720804));
#2436=IFCCARTESIANPOINT((2.6911304187018334,0.43029669203397269,5.9589177362102479));
#2437=IFCCARTESIANPOINT((2.6911140707398751,0.43027938151107575,5.8921731499904846));
#2438=IFCCARTESIANPOINT((2.6908154130704753,0.42998384129672068,6.1548453924904889));
#2439=IFCCARTESIANPOINT((2.6907987614665139,0.42996844028309611,6.2211798737634725));
#2440=IFCCARTESIANPOINT((2.6863517060367537,0.42823162729656578,4.6291523281482565));
#2441=IFCCARTESIANPOINT((2.6929133858267802,0.43479330708659197,4.757515180348868));
#2442=IFCCARTESIANPOINT((2.6863517060367537,0.42823162729656578,4.7618212899242032));
#2443=IFCCARTESIANPOINT((2.6929133858267802,0.43479330708659192,6.2926406595461408));
#2444=IFCCARTESIANPOINT((2.6863517060367537,0.42823162729656583,6.2875143385184069));
#2445=IFCCARTESIANPOINT((2.6910805166350897,0.4302442421286139,5.758683977547725));
#2446=IFCCARTESIANPOINT((2.6863517060367537,0.42823162729656578,5.8231729841317712));
#2447=IFCCARTESIANPOINT((2.6929133858267802,0.43479330708659197,5.8254285661756393));
#2448=IFCCARTESIANPOINT((2.6909915145642191,0.43015349906305289,5.4251660984199344));
#2449=IFCCARTESIANPOINT((2.6910280045173662,0.43019027828078826,5.3582164601698041));
#2450=IFCCARTESIANPOINT((2.6929133858267802,0.43479330708659197,5.6919393929472939));
#2451=IFCCARTESIANPOINT((2.6863517060367537,0.42823162729656578,5.6905040223558245));
#2452=IFCCARTESIANPOINT((2.6929133858267802,0.43479330708659197,5.6251947934044093));
#2453=IFCCARTESIANPOINT((2.6863517060367537,0.42823162729656578,5.6241695296386762));
#2454=IFCCARTESIANPOINT((2.6906724009065051,0.42985496348682667,5.6585771286889655));
#2455=IFCCARTESIANPOINT((2.6863517060367537,0.42823162729656578,5.4915005678627304));
#2456=IFCCARTESIANPOINT((2.6929133858267802,0.43479330708659197,5.491705620176063));
#2457=IFCCARTESIANPOINT((2.6863517060367537,0.42823162729656583,5.5578350605798796));
#2458=IFCCARTESIANPOINT((2.6906992871268582,0.42987861682862016,5.5915480272160201));
#2459=IFCCARTESIANPOINT((2.6929133858267802,0.43479330708659197,5.5584502197189467));
#2460=IFCCARTESIANPOINT((2.6913102171178691,0.43049577180165288,5.5246773250342258));
#2461=IFCCARTESIANPOINT((2.6929133858267802,0.43479330708659197,5.2247272737193704));
#2462=IFCCARTESIANPOINT((2.6863517060367537,0.42823162729656578,5.226162644310838));
#2463=IFCCARTESIANPOINT((2.6863517060367537,0.42823162729656578,5.2924971370279863));
#2464=IFCCARTESIANPOINT((2.6929133858267802,0.43479330708659197,5.2914718732622541));
#2465=IFCCARTESIANPOINT((2.6912511371689192,0.43042853719025054,5.2586527584071527));
#2466=IFCCARTESIANPOINT((2.6863517060367537,0.42823162729656583,6.0221764149665145));
#2467=IFCCARTESIANPOINT((2.6929133858267802,0.43479330708659192,6.0256623130894482));
#2468=IFCCARTESIANPOINT((2.6863517060367537,0.42823162729656578,6.0885109076836628));
#2469=IFCCARTESIANPOINT((2.6929133858267802,0.43479330708659192,6.0924069126323328));
#2470=IFCCARTESIANPOINT((2.6913124181031964,0.43049831262085814,6.055355795031943));
#2471=IFCCARTESIANPOINT((2.6929133858267802,0.43479330708659203,4.9577489272626778));
#2472=IFCCARTESIANPOINT((2.6863517060367537,0.42823162729656578,4.9608247207589464));
#2473=IFCCARTESIANPOINT((2.6863517060367537,0.42823162729656578,5.0271592134760947));
#2474=IFCCARTESIANPOINT((2.6929133858267797,0.43479330708659197,5.0244935268055615));
#2475=IFCCARTESIANPOINT((2.6911788777672943,0.43034875370625048,4.9925169406702157));
#2476=IFCCARTESIANPOINT((2.6863517060367537,0.42823162729656578,5.1598281752520414));
#2477=IFCCARTESIANPOINT((2.6929133858267802,0.43479330708659197,5.1579827000339069));
#2478=IFCCARTESIANPOINT((2.6929133858267802,0.43479330708659197,5.0912381004910241));
#2479=IFCCARTESIANPOINT((2.6863517060367537,0.42823162729656578,5.0934936825348913));
#2480=IFCCARTESIANPOINT((2.690758021802282,0.42993120640465471,5.1254682128792837));
#2481=IFCCARTESIANPOINT((2.6863517060367537,0.42823162729656578,4.894490251700149));
#2482=IFCCARTESIANPOINT((2.6929133858267802,0.43479330708659197,4.8910043535772152));
#2483=IFCCARTESIANPOINT((2.6929133858267802,0.43479330708659197,4.8242597540343315));
#2484=IFCCARTESIANPOINT((2.6863517060367537,0.42823162729656578,4.8281557589829998));
#2485=IFCCARTESIANPOINT((2.690836457941852,0.43000345927934847,4.8592982078152875));
#2486=IFCCARTESIANPOINT((2.6929133858267802,0.43479330708659192,5.9589177394039856));
#2487=IFCCARTESIANPOINT((2.6863517060367537,0.42823162729656583,5.9558419459077179));
#2488=IFCCARTESIANPOINT((2.6929133858267802,0.43479330708659197,5.8921731398611019));
#2489=IFCCARTESIANPOINT((2.6911971721288124,0.43036870540762134,5.857612574365497));
#2490=IFCCARTESIANPOINT((2.6863517060367537,0.42823162729656583,5.8895074531905696));
#2491=IFCCARTESIANPOINT((2.6906709174923589,0.42985366599956881,5.9255567606293011));
#2492=IFCCARTESIANPOINT((2.6863517060367537,0.42823162729656583,6.1548453767424602));
#2493=IFCCARTESIANPOINT((2.6929133858267802,0.43479330708659192,6.1591514863177945));
#2494=IFCCARTESIANPOINT((2.6913142883196715,0.43050047366889366,6.1216905656864853));
#2495=IFCCARTESIANPOINT((2.6863517060367537,0.42823162729656583,6.2211798694596094));
#2496=IFCCARTESIANPOINT((2.6907342638433436,0.42990978082591369,6.2553360765810204));
#2497=IFCCARTESIANPOINT((2.6929133858267802,0.43479330708659192,6.2258960858606791));
#2498=IFCCARTESIANPOINT((2.6913165063498106,0.43050303908583593,6.1880253271916308));
#2499=IFCCARTESIANPOINT((2.6929133858267802,0.43479330708659192,5.7586839666327556));
#2500=IFCCARTESIANPOINT((2.6912994002561534,0.43048332291282099,5.7253053589537561));
#2501=IFCCARTESIANPOINT((2.6863517060367537,0.42823162729656578,5.756838491414622));
#2502=IFCCARTESIANPOINT((2.6863517060367537,0.42823162729656578,5.425166098803933));
#2503=IFCCARTESIANPOINT((2.6906485609962729,0.42983420645001574,5.4583333390297186));
#2504=IFCCARTESIANPOINT((2.6929133858267802,0.43479330708659197,5.4249610464905995));
#2505=IFCCARTESIANPOINT((2.6929133858267802,0.43479330708659197,5.3582164469477167));
#2506=IFCCARTESIANPOINT((2.6863517060367537,0.42823162729656578,5.3588316060867847));
#2507=IFCCARTESIANPOINT((2.6906797311356923,0.42986138652662792,5.3916735221826046));
#2508=IFCCARTESIANPOINT((2.6929133858267802,0.44791666666664454,4.3904199475065608));
#2509=IFCCARTESIANPOINT((2.6929133858267802,0.44791666666664454,6.5262467191601026));
#2510=IFCCARTESIANPOINT((2.2500000000000115,0.51041666666664298,6.4999999999999973));
#2511=IFCCARTESIANPOINT((2.2500000000000115,0.44791666666664298,6.4999999999999973));
#2512=IFCCARTESIANPOINT((2.289370078740169,0.44463582677162972,6.460629921259839));
#2513=IFCCARTESIANPOINT((2.2893700787401698,0.51041666666664287,6.460629921259839));
#2514=IFCCARTESIANPOINT((2.2729658792651035,0.42823162729656417,6.4770341207349054));
#2515=IFCCARTESIANPOINT((2.2845653999538591,0.43303630608287413,6.4654346000461498));
#2516=IFCCARTESIANPOINT((2.417448961656576,0.44463582677163022,6.460629921259839));
#2517=IFCCARTESIANPOINT((2.458333331440171,0.42823162729656472,6.4770341207349054));
#2518=IFCCARTESIANPOINT((2.4992177050101105,0.44463582677163049,6.460629921259839));
#2519=IFCCARTESIANPOINT((2.4583333254410431,0.4334980373843656,6.4649905578076536));
#2520=IFCCARTESIANPOINT((2.5156219038567631,0.42823162729656494,6.4770341207349054));
#2521=IFCCARTESIANPOINT((2.4010447628099234,0.42823162729656455,6.4770341207349054));
#2522=IFCCARTESIANPOINT((2.545597042716671,0.43481500699245362,6.4638945142231918));
#2523=IFCCARTESIANPOINT((2.3710696135621552,0.43481500717398014,6.4638945140875146));
#2524=IFCCARTESIANPOINT((2.2237532808399068,0.43479330708659047,6.5262467191601026));
#2525=IFCCARTESIANPOINT((2.2256751523544307,0.43015349881108839,6.5243248476455786));
#2526=IFCCARTESIANPOINT((2.2303149606299328,0.42823162729656428,6.519685039370076));
#2527=IFCCARTESIANPOINT((2.3923233561207975,0.42823162729656483,6.519685039370076));
#2528=IFCCARTESIANPOINT((2.4583333333333437,0.43479330708659125,6.5262467191601026));
#2529=IFCCARTESIANPOINT((2.5309049892059075,0.43479330708659147,6.5262467191601026));
#2530=IFCCARTESIANPOINT((2.341043305422553,0.43479330708659081,6.5262467191601026));
#2531=IFCCARTESIANPOINT((2.5393375330492831,0.42823162729656528,6.519685039370076));
#2532=IFCCARTESIANPOINT((2.4658304445850403,0.42823162729656505,6.519685039370076));
#2533=IFCCARTESIANPOINT((2.3113191564048576,0.42823162729656455,6.519685039370076));
#2534=IFCCARTESIANPOINT((2.6119091858522721,0.43479330708659175,6.5262467191601026));
#2535=IFCCARTESIANPOINT((2.6128446215135259,0.4282316272965655,6.519685039370076));
#2536=IFCCARTESIANPOINT((2.5760910772814043,0.42823162729656539,6.519685039370076));
#2537=IFCCARTESIANPOINT((2.3047574808144149,0.4347933070865907,6.5262467191601026));
#2538=IFCCARTESIANPOINT((2.2708170604879028,0.42823162729656444,6.519685039370076));
#2539=IFCCARTESIANPOINT((2.6524112858395261,0.43479330708659186,6.5262467191601026));
#2540=IFCCARTESIANPOINT((2.5714070891931615,0.43479330708659158,6.5262467191601026));
#2541=IFCCARTESIANPOINT((2.2642553808271608,0.43479330708659059,6.5262467191601026));
#2542=IFCCARTESIANPOINT((2.6458496061787837,0.42823162729656561,6.519685039370076));
#2543=IFCCARTESIANPOINT((2.6293471114073261,0.43017505918387111,6.524346308293433));
#2544=IFCCARTESIANPOINT((2.322900391779442,0.43028750725893089,6.5244550927848604));
#2545=IFCCARTESIANPOINT((2.3996883177138764,0.43479330708659103,6.5262467191601026));
#2546=IFCCARTESIANPOINT((2.4290769003529187,0.42823162729656494,6.519685039370076));
#2547=IFCCARTESIANPOINT((2.3676556394499038,0.43022155125321504,6.5243919162823003));
#2548=IFCCARTESIANPOINT((2.5577143000609892,0.43005284979394592,6.5242219663392307));
#2549=IFCCARTESIANPOINT((2.4107001249018136,0.4300091931189165,6.5241759073497807));
#2550=IFCCARTESIANPOINT((2.5161911623084592,0.42994231328872101,6.5241035799481244));
#2551=IFCCARTESIANPOINT((2.3518212562628276,0.42823162729656472,6.519685039370076));
#2552=IFCCARTESIANPOINT((2.5934296397679812,0.43072345872064599,6.5248320750164508));
#2553=IFCCARTESIANPOINT((2.4946191612696254,0.43479330708659136,6.5262467191601026));
#2554=IFCCARTESIANPOINT((2.4764762447497768,0.43030201040207117,6.5244687508745942));
#2555=IFCCARTESIANPOINT((2.5025839888171619,0.42823162729656516,6.519685039370076));
#2556=IFCCARTESIANPOINT((2.2627949529676705,0.43011153442275435,6.5242825002335305));
#2557=IFCCARTESIANPOINT((2.2237532808399063,0.44791666666664304,6.5262467191601026));
#2558=IFCCARTESIANPOINT((2.2500000000000115,0.51041666666664298,4.4166666666666661));
#2559=IFCCARTESIANPOINT((2.2500000000000115,0.44791666666664298,4.4166666666666661));
#2560=IFCCARTESIANPOINT((2.289370078740169,0.44463582677162972,4.4560367454068244));
#2561=IFCCARTESIANPOINT((2.289370078740169,0.51041666666664276,4.4560367454068235));
#2562=IFCCARTESIANPOINT((2.2729658792651035,0.42823162729656422,4.439632545931758));
#2563=IFCCARTESIANPOINT((2.2845653999538591,0.43303630608287413,4.4512320666205136));
#2564=IFCCARTESIANPOINT((2.2729658792651035,0.42823162729656417,5.4524030485401909));
#2565=IFCCARTESIANPOINT((2.2729658792651035,0.42823162729656417,5.9647185846375486));
#2566=IFCCARTESIANPOINT((2.2729658792651035,0.42823162729656422,4.9519480820291149));
#2567=IFCCARTESIANPOINT((2.289370078740169,0.44463582677162983,5.4583333274129195));
#2568=IFCCARTESIANPOINT((2.289370078740169,0.44463582677162983,5.9594816243363802));
#2569=IFCCARTESIANPOINT((2.289370078740169,0.44463582677162983,4.9571850304894607));
#2570=IFCCARTESIANPOINT((2.2729658792651035,0.42823162729656422,4.6957903139804369));
#2571=IFCCARTESIANPOINT((2.289370078740169,0.44463582677162983,4.7066108938685538));
#2572=IFCCARTESIANPOINT((2.289370078740169,0.44463582677162983,4.5841156312774878));
#2573=IFCCARTESIANPOINT((2.2729658792651035,0.42823162729656417,6.2208763526862265));
#2574=IFCCARTESIANPOINT((2.289370078740169,0.44463582677162983,6.2100557727981105));
#2575=IFCCARTESIANPOINT((2.289370078740169,0.44463582677162983,6.0847686926468327));
#2576=IFCCARTESIANPOINT((2.2729658792651035,0.42823162729656417,6.3489552367105659));
#2577=IFCCARTESIANPOINT((2.289370078740169,0.44463582677162983,5.7089074758746499));
#2578=IFCCARTESIANPOINT((2.2729658792651035,0.42823162729656417,5.7085608165888697));
#2579=IFCCARTESIANPOINT((2.2729658792651035,0.42823162729656417,5.8366397006132091));
#2580=IFCCARTESIANPOINT((2.2729658792651035,0.42823162729656417,5.2021755406755181));
#2581=IFCCARTESIANPOINT((2.289370078740169,0.44463582677162983,5.2077591789511901));
#2582=IFCCARTESIANPOINT((2.289370078740169,0.44463582677162983,5.0824720987999132));
#2583=IFCCARTESIANPOINT((2.2729658792651035,0.42823162729656422,4.5677114299560975));
#2584=IFCCARTESIANPOINT((2.289370078740169,0.44463582677162983,6.3353428529493865));
#2585=IFCCARTESIANPOINT((2.2729658792651035,0.42823162729656417,6.092797468661888));
#2586=IFCCARTESIANPOINT((2.2729658792651035,0.42823162729656422,5.0770618113523165));
#2587=IFCCARTESIANPOINT((2.284388564390178,0.43286212620846165,5.1396186871118976));
#2588=IFCCARTESIANPOINT((2.2846829191720301,0.43315502818280216,5.0394862013020507));
#2589=IFCCARTESIANPOINT((2.2844691013342842,0.43294080037384619,5.2366559084090101));
#2590=IFCCARTESIANPOINT((2.289370078740169,0.44463582677162983,5.333046259102467));
#2591=IFCCARTESIANPOINT((2.2729658792651035,0.42823162729656417,5.3272892699987198));
#2592=IFCCARTESIANPOINT((2.2848882182416759,0.43336836948325053,4.6453632571397065));
#2593=IFCCARTESIANPOINT((2.2729658792651035,0.42823162729656422,4.8238691980047754));
#2594=IFCCARTESIANPOINT((2.2842844835285252,0.43276203386684164,4.7485360078301211));
#2595=IFCCARTESIANPOINT((2.289370078740169,0.44463582677162983,4.8318979621790064));
#2596=IFCCARTESIANPOINT((2.2847968443262627,0.43327246344295922,4.54961657655954));
#2597=IFCCARTESIANPOINT((2.2847345258633931,0.43320793467980867,6.0221251480263396));
#2598=IFCCARTESIANPOINT((2.2844513291943236,0.43292334623413825,5.9221087301027246));
#2599=IFCCARTESIANPOINT((2.289370078740169,0.44463582677162983,5.8341945560259267));
#2600=IFCCARTESIANPOINT((2.284553591096202,0.43302450923496916,5.7715510034637827));
#2601=IFCCARTESIANPOINT((2.2846945334156228,0.43316689341951475,6.1186246291118742));
#2602=IFCCARTESIANPOINT((2.2845720651296784,0.43304297509075829,5.6732499056050338));
#2603=IFCCARTESIANPOINT((2.2729658792651035,0.42823162729656417,5.5804819325645303));
#2604=IFCCARTESIANPOINT((2.289370078740169,0.44463582677162983,5.583620395723373));
#2605=IFCCARTESIANPOINT((2.2846688271110205,0.43314066378307292,5.5209768589771793));
#2606=IFCCARTESIANPOINT((2.2846656237890217,0.43313740346698526,5.4240514863113116));
#2607=IFCCARTESIANPOINT((2.2847345259899745,0.43320793481016451,4.8945414977801516));
#2608=IFCCARTESIANPOINT((2.2848961680781725,0.43337678732527785,6.272699293798178));
#2609=IFCCARTESIANPOINT((2.2847565445243991,0.43323065368390423,6.3682738855441734));
#2610=IFCCARTESIANPOINT((2.2845709585908276,0.43304186738488903,5.3283859271514595));
#2611=IFCCARTESIANPOINT((2.2237532808399068,0.43479330708659042,4.39041994750656));
#2612=IFCCARTESIANPOINT((2.2256751523544303,0.43015349881108889,4.3923418190210839));
#2613=IFCCARTESIANPOINT((2.2303149606299324,0.42823162729656439,4.3969816272965865));
#2614=IFCCARTESIANPOINT((2.2237532808399068,0.43479330708659047,5.4583333333333313));
#2615=IFCCARTESIANPOINT((2.2237532808399068,0.43479330708659047,5.9922900197823612));
#2616=IFCCARTESIANPOINT((2.2237532808399068,0.43479330708659047,4.9243766468843013));
#2617=IFCCARTESIANPOINT((2.2303149606299328,0.42823162729656433,5.4583333392479219));
#2618=IFCCARTESIANPOINT((2.2303149606299328,0.42823162729656433,5.9890091833944084));
#2619=IFCCARTESIANPOINT((2.2303149606299328,0.42823162729656439,4.9276574832722542));
#2620=IFCCARTESIANPOINT((2.2303149606299324,0.42823162729656433,4.6623195611990109));
#2621=IFCCARTESIANPOINT((2.2237532808399068,0.43479330708659042,4.6573982971954306));
#2622=IFCCARTESIANPOINT((2.2237532808399068,0.43479330708659047,4.7908874720398664));
#2623=IFCCARTESIANPOINT((2.2303149606299324,0.42823162729656439,4.7949885163210419));
#2624=IFCCARTESIANPOINT((2.2303149606299328,0.42823162729656428,6.2543471172968328));
#2625=IFCCARTESIANPOINT((2.2237532808399068,0.43479330708659047,6.2592683694712319));
#2626=IFCCARTESIANPOINT((2.2237532808399068,0.43479330708659047,6.3642383202839641));
#2627=IFCCARTESIANPOINT((2.2303149606299328,0.42823162729656428,6.3870160724188629));
#2628=IFCCARTESIANPOINT((2.2303149606299324,0.42823162729656433,5.1929954053454974));
#2629=IFCCARTESIANPOINT((2.2237532808399068,0.43479330708659047,5.191354996573172));
#2630=IFCCARTESIANPOINT((2.2237532808399068,0.43479330708659047,5.3248441714176069));
#2631=IFCCARTESIANPOINT((2.2303149606299324,0.42823162729656433,5.3256643722967096));
#2632=IFCCARTESIANPOINT((2.2303149606299328,0.42823162729656433,5.7236712613211651));
#2633=IFCCARTESIANPOINT((2.2237532808399068,0.43479330708659047,5.7253116700934905));
#2634=IFCCARTESIANPOINT((2.2237532808399068,0.43479330708659047,5.8588008449379263));
#2635=IFCCARTESIANPOINT((2.2303149606299328,0.42823162729656433,5.8563402282723782));
#2636=IFCCARTESIANPOINT((2.2303149606299324,0.42823162729656439,4.5296505942477987));
#2637=IFCCARTESIANPOINT((2.2237532808399068,0.43479330708659042,4.5239091223509957));
#2638=IFCCARTESIANPOINT((2.2237532808399068,0.43479330708659042,4.5906537097732132));
#2639=IFCCARTESIANPOINT((2.2237532808399068,0.43479330708659047,6.445242526186389));
#2640=IFCCARTESIANPOINT((2.2303149606299328,0.42823162729656428,6.4533505499798789));
#2641=IFCCARTESIANPOINT((2.2237532808399068,0.43479330708659042,4.4714241404802735));
#2642=IFCCARTESIANPOINT((2.2303149606299324,0.42823162729656433,4.4633161048576016));
#2643=IFCCARTESIANPOINT((2.2303149606299328,0.42823162729656428,6.1216781503456206));
#2644=IFCCARTESIANPOINT((2.2237532808399068,0.43479330708659047,6.125779194626797));
#2645=IFCCARTESIANPOINT((2.2237532808399068,0.43479330708659047,6.1925237820490144));
#2646=IFCCARTESIANPOINT((2.2303149606299328,0.42823162729656433,5.0603264502234673));
#2647=IFCCARTESIANPOINT((2.2237532808399068,0.43479330708659047,5.0578658217287362));
#2648=IFCCARTESIANPOINT((2.2237532808399068,0.43479330708659047,5.1246104091509537));
#2649=IFCCARTESIANPOINT((2.2237532808399068,0.43479330708659047,5.5918224952490556));
#2650=IFCCARTESIANPOINT((2.2303149606299328,0.42823162729656433,5.5910022943699529));
#2651=IFCCARTESIANPOINT((2.2303149606299328,0.42823162729656433,5.5246678168089378));
#2652=IFCCARTESIANPOINT((2.2237532808399068,0.43479330708659047,6.4857446226732458));
#2653=IFCCARTESIANPOINT((2.2237532808399068,0.43479330708659047,4.4309220439934167));
#2654=IFCCARTESIANPOINT((2.2303149606299328,0.42823162729656428,6.4791829391492994));
#2655=IFCCARTESIANPOINT((2.2255333961471564,0.43029972468900518,6.4662667483070218));
#2656=IFCCARTESIANPOINT((2.2303149606299328,0.42823162729656428,6.4201833111993718));
#2657=IFCCARTESIANPOINT((2.2237532808399068,0.43479330708659047,6.4047404167708208));
#2658=IFCCARTESIANPOINT((2.2258642575733267,0.42997180483430919,6.4035996931361669));
#2659=IFCCARTESIANPOINT((2.2303149606299324,0.42823162729656439,4.4374837275173631));
#2660=IFCCARTESIANPOINT((2.2255333960110444,0.43029972483384032,4.4503999168334722));
#2661=IFCCARTESIANPOINT((2.2259429724526378,0.42990031607449664,4.4972339517904754));
#2662=IFCCARTESIANPOINT((2.2303149606299328,0.42823162729656428,6.3206815948578488));
#2663=IFCCARTESIANPOINT((2.226078727615306,0.42978232200253519,6.3630619077888655));
#2664=IFCCARTESIANPOINT((2.2237532808399068,0.43479330708659047,6.3117533513419541));
#2665=IFCCARTESIANPOINT((2.2237532808399068,0.43479330708659047,5.2580995839953895));
#2666=IFCCARTESIANPOINT((2.2303149606299324,0.42823162729656433,5.2593298829065125));
#2667=IFCCARTESIANPOINT((2.2303149606299328,0.42823162729656433,5.3919988616869059));
#2668=IFCCARTESIANPOINT((2.2237532808399068,0.43479330708659047,5.3915887459111138));
#2669=IFCCARTESIANPOINT((2.2237532808399068,0.43479330708659047,5.6585670826712731));
#2670=IFCCARTESIANPOINT((2.2303149606299328,0.42823162729656433,5.657336771930968));
#2671=IFCCARTESIANPOINT((2.2303149606299324,0.42823162729656439,4.861322993882057));
#2672=IFCCARTESIANPOINT((2.2237532808399068,0.43479330708659047,4.8576320594620839));
#2673=IFCCARTESIANPOINT((2.2237532808399068,0.43479330708659047,5.9255454323601437));
#2674=IFCCARTESIANPOINT((2.2303149606299328,0.42823162729656433,5.9226747058333924));
#2675=IFCCARTESIANPOINT((2.2303149606299328,0.42823162729656433,5.7900057507113623));
#2676=IFCCARTESIANPOINT((2.2237532808399068,0.43479330708659047,5.7920562575157089));
#2677=IFCCARTESIANPOINT((2.2303149606299328,0.42823162729656433,6.0553436609554243));
#2678=IFCCARTESIANPOINT((2.2237532808399068,0.43479330708659047,6.0590346072045795));
#2679=IFCCARTESIANPOINT((2.2237532808399068,0.43479330708659047,4.9911212343065188));
#2680=IFCCARTESIANPOINT((2.2303149606299328,0.42823162729656433,4.9939919726624513));
#2681=IFCCARTESIANPOINT((2.2303149606299324,0.42823162729656433,4.7286540387600269));
#2682=IFCCARTESIANPOINT((2.2237532808399068,0.43479330708659042,4.7241428846176481));
#2683=IFCCARTESIANPOINT((2.2258704538302263,0.42996609246797263,6.2855108532317709));
#2684=IFCCARTESIANPOINT((2.2303149606299328,0.42823162729656433,6.3538488336383558));
#2685=IFCCARTESIANPOINT((2.2256150539244972,0.43021438596616923,6.2477361221769101));
#2686=IFCCARTESIANPOINT((2.2303149606299328,0.42823162729656433,6.1880126397358177));
#2687=IFCCARTESIANPOINT((2.2303149606299328,0.42823162729656428,6.2211798785163257));
#2688=IFCCARTESIANPOINT((2.2257635587212596,0.4300667457220716,6.2045962438077025));
#2689=IFCCARTESIANPOINT((2.225708305617804,0.43012058076611465,6.1565041567143162));
#2690=IFCCARTESIANPOINT((2.2237532808399068,0.43479330708659047,6.2258960822244784));
#2691=IFCCARTESIANPOINT((2.2255941635625875,0.43023592662016191,6.322971570180246));
#2692=IFCCARTESIANPOINT((2.2256137164064889,0.43021575922574029,4.5347297485692373));
#2693=IFCCARTESIANPOINT((2.2303149606299324,0.42823162729656439,4.5959850836379958));
#2694=IFCCARTESIANPOINT((2.2303149606299324,0.42823162729656433,4.5628178330283067));
#2695=IFCCARTESIANPOINT((2.22577678068797,0.43005404928803154,4.5794014506723499));
#2696=IFCCARTESIANPOINT((2.2257202924265322,0.43010879368950239,4.6272315094368448));
#2697=IFCCARTESIANPOINT((2.2237532808399068,0.43479330708659042,4.5572814095977492));
#2698=IFCCARTESIANPOINT((2.2303149606299324,0.42823162729656433,5.1266609277844815));
#2699=IFCCARTESIANPOINT((2.2257653146793941,0.43006505546558044,5.093493680550317));
#2700=IFCCARTESIANPOINT((2.2237532808399068,0.43479330708659047,5.5250779207555496));
#2701=IFCCARTESIANPOINT((2.2303149606299324,0.42823162729656439,4.4964833554672907));
#2702=IFCCARTESIANPOINT((2.2256033608924333,0.43022641869508882,5.2247272753424205));
#2703=IFCCARTESIANPOINT((2.2256208641287909,0.4302084298030851,5.2914718615677474));
#2704=IFCCARTESIANPOINT((2.2256751521524487,0.4301534990130701,5.425166086956521));
#2705=IFCCARTESIANPOINT((2.2256935057714125,0.43013521770815455,5.3588316056707566));
#2706=IFCCARTESIANPOINT((2.2256033608736585,0.43022641871445866,5.6919393789928083));
#2707=IFCCARTESIANPOINT((2.2257117016504213,0.4301172351844077,5.6241695308448811));
#2708=IFCCARTESIANPOINT((2.2258174065083001,0.43001547822927244,4.8944902367236676));
#2709=IFCCARTESIANPOINT((2.2258344198598179,0.42999951984953311,4.8281557554496377));
#2710=IFCCARTESIANPOINT((2.2255362479163532,0.43029669208551347,5.9589177241873319));
#2711=IFCCARTESIANPOINT((2.2257828511503295,0.43004824382761003,5.8895074561840834));
#2712=IFCCARTESIANPOINT((2.2257476089240851,0.43008215647745807,5.7568384934788188));
#2713=IFCCARTESIANPOINT((2.2255692291228426,0.43026189735788006,5.8254285515378443));
#2714=IFCCARTESIANPOINT((2.2258174063924252,0.43001547833834963,6.022176419050429));
#2715=IFCCARTESIANPOINT((2.2255043985233023,0.4303307815813312,6.0924068970945822));
#2716=IFCCARTESIANPOINT((2.2255362479648526,0.43029669203397136,4.9577489304564155));
#2717=IFCCARTESIANPOINT((2.225552595926811,0.43027938151107437,5.0244935166761788));
#2718=IFCCARTESIANPOINT((2.2258512535962112,0.42998384129671929,4.7618212741761745));
#2719=IFCCARTESIANPOINT((2.2258679052001722,0.42996844028309478,4.69548679290319));
#2720=IFCCARTESIANPOINT((2.2303149606299328,0.42823162729656433,6.2875143560773399));
#2721=IFCCARTESIANPOINT((2.2237532808399068,0.43479330708659047,6.1591514818735495));
#2722=IFCCARTESIANPOINT((2.2303149606299328,0.42823162729656433,6.1548453891261286));
#2723=IFCCARTESIANPOINT((2.2237532808399068,0.43479330708659047,4.6240260099486772));
#2724=IFCCARTESIANPOINT((2.2303149606299324,0.42823162729656439,4.6291523224185038));
#2725=IFCCARTESIANPOINT((2.2255861500315968,0.43024424212861256,5.1579826891189384));
#2726=IFCCARTESIANPOINT((2.2303149606299324,0.42823162729656433,5.0934936890039744));
#2727=IFCCARTESIANPOINT((2.2237532808399068,0.43479330708659047,5.0912381089754897));
#2728=IFCCARTESIANPOINT((2.2256751521024674,0.4301534990630515,5.4915005682467291));
#2729=IFCCARTESIANPOINT((2.2256386621493203,0.43019027828078688,5.5584502064968593));
#2730=IFCCARTESIANPOINT((2.2237532808399068,0.43479330708659047,5.2247272838199255));
#2731=IFCCARTESIANPOINT((2.2303149606299324,0.42823162729656433,5.2261626441260045));
#2732=IFCCARTESIANPOINT((2.2237532808399068,0.43479330708659047,5.2914718841708535));
#2733=IFCCARTESIANPOINT((2.2303149606299324,0.42823162729656433,5.2924971335162017));
#2734=IFCCARTESIANPOINT((2.2259942657601814,0.42985496348682539,5.258089537977698));
#2735=IFCCARTESIANPOINT((2.2303149606299328,0.42823162729656433,5.4251661004674148));
#2736=IFCCARTESIANPOINT((2.2237532808399068,0.43479330708659047,5.4249610331578673));
#2737=IFCCARTESIANPOINT((2.2303149606299328,0.42823162729656433,5.3588316110772176));
#2738=IFCCARTESIANPOINT((2.2259673795398278,0.42987861682861883,5.3251186394506433));
#2739=IFCCARTESIANPOINT((2.2237532808399068,0.43479330708659047,5.3582164586643604));
#2740=IFCCARTESIANPOINT((2.2253564495488178,0.43049577180165144,5.3919893416324367));
#2741=IFCCARTESIANPOINT((2.2237532808399068,0.43479330708659047,5.6919393828467379));
#2742=IFCCARTESIANPOINT((2.2303149606299328,0.42823162729656433,5.690504022540658));
#2743=IFCCARTESIANPOINT((2.2303149606299328,0.42823162729656433,5.6241695331504609));
#2744=IFCCARTESIANPOINT((2.2237532808399068,0.43479330708659047,5.6251947824958082));
#2745=IFCCARTESIANPOINT((2.2254155294977673,0.43042853719024909,5.6580139082595098));
#2746=IFCCARTESIANPOINT((2.2303149606299324,0.42823162729656433,4.8944902444917471));
#2747=IFCCARTESIANPOINT((2.2237532808399068,0.43479330708659047,4.8910043596375479));
#2748=IFCCARTESIANPOINT((2.2303149606299324,0.42823162729656433,4.8281557551015499));
#2749=IFCCARTESIANPOINT((2.2237532808399068,0.43479330708659047,4.824259759286619));
#2750=IFCCARTESIANPOINT((2.2253542485634896,0.43049831262085669,4.8613108716347195));
#2751=IFCCARTESIANPOINT((2.2237532808399068,0.43479330708659047,5.9589177325356086));
#2752=IFCCARTESIANPOINT((2.2303149606299328,0.42823162729656433,5.9558419446139013));
#2753=IFCCARTESIANPOINT((2.2303149606299328,0.42823162729656433,5.8895074670528853));
#2754=IFCCARTESIANPOINT((2.2237532808399068,0.43479330708659047,5.8921731321846789));
#2755=IFCCARTESIANPOINT((2.2254877888993918,0.43034875370624898,5.9241497259964477));
#2756=IFCCARTESIANPOINT((2.2303149606299328,0.42823162729656433,5.7568385001016722));
#2757=IFCCARTESIANPOINT((2.2237532808399068,0.43479330708659047,5.7586839573402449));
#2758=IFCCARTESIANPOINT((2.2237532808399068,0.43479330708659047,5.825428557691172));
#2759=IFCCARTESIANPOINT((2.2303149606299328,0.42823162729656433,5.8231729894918693));
#2760=IFCCARTESIANPOINT((2.2259086448644045,0.42993120640465332,5.7911984537873797));
#2761=IFCCARTESIANPOINT((2.2303149606299328,0.42823162729656428,6.0221764221749154));
#2762=IFCCARTESIANPOINT((2.2237532808399068,0.43479330708659047,6.0256623070291138));
#2763=IFCCARTESIANPOINT((2.2237532808399068,0.43479330708659047,6.0924069073800435));
#2764=IFCCARTESIANPOINT((2.2303149606299328,0.42823162729656433,6.0885109115651126));
#2765=IFCCARTESIANPOINT((2.2258302087248345,0.43000345927934708,6.0573684588513759));
#2766=IFCCARTESIANPOINT((2.2237532808399068,0.43479330708659047,4.9577489341310548));
#2767=IFCCARTESIANPOINT((2.2303149606299328,0.42823162729656439,4.9608247220527621));
#2768=IFCCARTESIANPOINT((2.2237532808399068,0.43479330708659047,5.0244935344819828));
#2769=IFCCARTESIANPOINT((2.2254694945378741,0.43036870540761984,5.0590540923011655));
#2770=IFCCARTESIANPOINT((2.2303149606299328,0.42823162729656439,5.0271592114429593));
#2771=IFCCARTESIANPOINT((2.2259957491743272,0.42985366599956754,4.9911099060373614));
#2772=IFCCARTESIANPOINT((2.2303149606299324,0.42823162729656433,4.761821277540534));
#2773=IFCCARTESIANPOINT((2.2237532808399068,0.43479330708659047,4.757515184793113));
#2774=IFCCARTESIANPOINT((2.225352378347015,0.43050047366889221,4.7949761009801772));
#2775=IFCCARTESIANPOINT((2.2303149606299324,0.42823162729656439,4.6954867999795189));
#2776=IFCCARTESIANPOINT((2.2259324028233425,0.42990978082591258,4.6613305900856421));
#2777=IFCCARTESIANPOINT((2.2237532808399068,0.43479330708659042,4.6907705844421841));
#2778=IFCCARTESIANPOINT((2.2253501603168764,0.43050303908583443,4.7286413394750317));
#2779=IFCCARTESIANPOINT((2.2237532808399068,0.43479330708659047,5.1579827093264186));
#2780=IFCCARTESIANPOINT((2.2253672664105331,0.43048332291281954,5.1913613077129073));
#2781=IFCCARTESIANPOINT((2.2303149606299328,0.42823162729656433,5.1598281665649894));
#2782=IFCCARTESIANPOINT((2.2303149606299328,0.42823162729656433,5.4915005780284298));
#2783=IFCCARTESIANPOINT((2.2260181056704131,0.42983420645001441,5.4583333276369448));
#2784=IFCCARTESIANPOINT((2.2237532808399063,0.43479330708659047,5.4917056335087953));
#2785=IFCCARTESIANPOINT((2.2237532808399068,0.43479330708659047,5.5584502080023022));
#2786=IFCCARTESIANPOINT((2.2303149606299328,0.42823162729656433,5.5578350555894449));
#2787=IFCCARTESIANPOINT((2.2259869355309942,0.42986138652662659,5.5249931444840588));
#2788=IFCCARTESIANPOINT((2.2237532808399063,0.44791666666664304,4.39041994750656));
#2789=IFCCARTESIANPOINT((2.4992177050101105,0.44463582677163049,4.4560367454068235));
#2790=IFCCARTESIANPOINT((2.4583333333333428,0.42823162729656472,4.439632545931758));
#2791=IFCCARTESIANPOINT((2.417448961656576,0.44463582677163022,4.4560367454068235));
#2792=IFCCARTESIANPOINT((2.4583333412256434,0.43349803738436543,4.4516761088590098));
#2793=IFCCARTESIANPOINT((2.4010447628137559,0.42823162729656455,4.4396325459317572));
#2794=IFCCARTESIANPOINT((2.5156219038529293,0.42823162729656494,4.439632545931758));
#2795=IFCCARTESIANPOINT((2.3710696239500155,0.43481500699245301,4.4527721524434716));
#2796=IFCCARTESIANPOINT((2.5455970531045313,0.43481500717398064,4.4527721525791488));
#2797=IFCCARTESIANPOINT((2.5243433105458895,0.42823162729656522,4.3969816272965865));
#2798=IFCCARTESIANPOINT((2.4583333333333428,0.43479330708659125,4.39041994750656));
#2799=IFCCARTESIANPOINT((2.3857616774607786,0.43479330708659103,4.39041994750656));
#2800=IFCCARTESIANPOINT((2.5756233579159895,0.43479330708659158,4.39041994750656));
#2801=IFCCARTESIANPOINT((2.3773291336174029,0.42823162729656478,4.3969816272965865));
#2802=IFCCARTESIANPOINT((2.4508362220816462,0.428231627296565,4.3969816272965865));
#2803=IFCCARTESIANPOINT((2.6053475102618293,0.4282316272965655,4.3969816272965865));
#2804=IFCCARTESIANPOINT((2.30475747748627,0.43479330708659075,4.39041994750656));
#2805=IFCCARTESIANPOINT((2.3038220451531601,0.4282316272965645,4.3969816272965865));
#2806=IFCCARTESIANPOINT((2.3405755893852818,0.42823162729656461,4.3969816272965865));
#2807=IFCCARTESIANPOINT((2.6119091858522716,0.4347933070865917,4.39041994750656));
#2808=IFCCARTESIANPOINT((2.6458496061787846,0.42823162729656561,4.3969816272965865));
#2809=IFCCARTESIANPOINT((2.2642553808271595,0.43479330708659064,4.39041994750656));
#2810=IFCCARTESIANPOINT((2.3452595774735245,0.43479330708659086,4.39041994750656));
#2811=IFCCARTESIANPOINT((2.6524112858395257,0.43479330708659181,4.39041994750656));
#2812=IFCCARTESIANPOINT((2.2708170604879019,0.42823162729656439,4.3969816272965865));
#2813=IFCCARTESIANPOINT((2.2873195552593599,0.43017505918387,4.3923203583732295));
#2814=IFCCARTESIANPOINT((2.5937662748872445,0.43028750725893172,4.3922115738818022));
#2815=IFCCARTESIANPOINT((2.5169783456246662,0.43479330708659142,4.39041994750656));
#2816=IFCCARTESIANPOINT((2.4875897663137678,0.42823162729656511,4.3969816272965865));
#2817=IFCCARTESIANPOINT((2.5490110272167832,0.43022155125321559,4.3922747503843622));
#2818=IFCCARTESIANPOINT((2.3589523666056973,0.43005284979394531,4.3924447003274318));
#2819=IFCCARTESIANPOINT((2.5059665417648738,0.43000919311891678,4.3924907593168818));
#2820=IFCCARTESIANPOINT((2.4004755043582278,0.42994231328872068,4.3925630867185381));
#2821=IFCCARTESIANPOINT((2.5648454104038594,0.42823162729656539,4.3969816272965865));
#2822=IFCCARTESIANPOINT((2.3232370268987053,0.43072345872064516,4.3918345916502117));
#2823=IFCCARTESIANPOINT((2.4220475053970607,0.43479330708659114,4.39041994750656));
#2824=IFCCARTESIANPOINT((2.4401904219169093,0.43030201040207106,4.3921979157920683));
#2825=IFCCARTESIANPOINT((2.4140826778495246,0.42823162729656489,4.3969816272965865));
#2826=IFCCARTESIANPOINT((2.653871713699016,0.43011153442275563,4.392384166433132));
#2827=IFCPOLYLOOP((#2270,#2271,#2272,#2269));
#2828=IFCFACEOUTERBOUND(#2827,.T.);
#2829=IFCFACE((#2828));
#2830=IFCPOLYLOOP((#2276,#2273,#2301,#2291,#2292,#2285,#2316,#2294,#2321,#2284,#2307,#2298,#2299,#2286,#2312,#2288,#2289,#2274,#2275));
#2831=IFCFACEOUTERBOUND(#2830,.T.);
#2832=IFCFACE((#2831));
#2833=IFCPOLYLOOP((#2287,#2300,#2309));
#2834=IFCFACEOUTERBOUND(#2833,.T.);
#2835=IFCFACE((#2834));
#2836=IFCPOLYLOOP((#2314,#2318,#2302));
#2837=IFCFACEOUTERBOUND(#2836,.T.);
#2838=IFCFACE((#2837));
#2839=IFCPOLYLOOP((#2326,#2325,#2301));
#2840=IFCFACEOUTERBOUND(#2839,.T.);
#2841=IFCFACE((#2840));
#2842=IFCPOLYLOOP((#2309,#2311,#2287));
#2843=IFCFACEOUTERBOUND(#2842,.T.);
#2844=IFCFACE((#2843));
#2845=IFCPOLYLOOP((#2291,#2301,#2325));
#2846=IFCFACEOUTERBOUND(#2845,.T.);
#2847=IFCFACE((#2846));
#2848=IFCPOLYLOOP((#2305,#2304,#2303));
#2849=IFCFACEOUTERBOUND(#2848,.T.);
#2850=IFCFACE((#2849));
#2851=IFCPOLYLOOP((#2314,#2285,#2292));
#2852=IFCFACEOUTERBOUND(#2851,.T.);
#2853=IFCFACE((#2852));
#2854=IFCPOLYLOOP((#2317,#2296,#2295));
#2855=IFCFACEOUTERBOUND(#2854,.T.);
#2856=IFCFACE((#2855));
#2857=IFCPOLYLOOP((#2327,#2308,#2306));
#2858=IFCFACEOUTERBOUND(#2857,.T.);
#2859=IFCFACE((#2858));
#2860=IFCPOLYLOOP((#2319,#2322,#2321));
#2861=IFCFACEOUTERBOUND(#2860,.T.);
#2862=IFCFACE((#2861));
#2863=IFCPOLYLOOP((#2310,#2311,#2324));
#2864=IFCFACEOUTERBOUND(#2863,.T.);
#2865=IFCFACE((#2864));
#2866=IFCPOLYLOOP((#2279,#2274,#2313));
#2867=IFCFACEOUTERBOUND(#2866,.T.);
#2868=IFCFACE((#2867));
#2869=IFCPOLYLOOP((#2313,#2309,#2300));
#2870=IFCFACEOUTERBOUND(#2869,.T.);
#2871=IFCFACE((#2870));
#2872=IFCPOLYLOOP((#2293,#2325,#2326));
#2873=IFCFACEOUTERBOUND(#2872,.T.);
#2874=IFCFACE((#2873));
#2875=IFCPOLYLOOP((#2319,#2317,#2295));
#2876=IFCFACEOUTERBOUND(#2875,.T.);
#2877=IFCFACE((#2876));
#2878=IFCPOLYLOOP((#2314,#2292,#2318));
#2879=IFCFACEOUTERBOUND(#2878,.T.);
#2880=IFCFACE((#2879));
#2881=IFCPOLYLOOP((#2326,#2301,#2273));
#2882=IFCFACEOUTERBOUND(#2881,.T.);
#2883=IFCFACE((#2882));
#2884=IFCPOLYLOOP((#2326,#2280,#2277));
#2885=IFCFACEOUTERBOUND(#2884,.T.);
#2886=IFCFACE((#2885));
#2887=IFCPOLYLOOP((#2314,#2282,#2315));
#2888=IFCFACEOUTERBOUND(#2887,.T.);
#2889=IFCFACE((#2888));
#2890=IFCPOLYLOOP((#2316,#2315,#2317));
#2891=IFCFACEOUTERBOUND(#2890,.T.);
#2892=IFCFACE((#2891));
#2893=IFCPOLYLOOP((#2305,#2303,#2283));
#2894=IFCFACEOUTERBOUND(#2893,.T.);
#2895=IFCFACE((#2894));
#2896=IFCPOLYLOOP((#2306,#2304,#2298));
#2897=IFCFACEOUTERBOUND(#2896,.T.);
#2898=IFCFACE((#2897));
#2899=IFCPOLYLOOP((#2304,#2299,#2298));
#2900=IFCFACEOUTERBOUND(#2899,.T.);
#2901=IFCFACE((#2900));
#2902=IFCPOLYLOOP((#2313,#2300,#2278));
#2903=IFCFACEOUTERBOUND(#2902,.T.);
#2904=IFCFACE((#2903));
#2905=IFCPOLYLOOP((#2289,#2288,#2309));
#2906=IFCFACEOUTERBOUND(#2905,.T.);
#2907=IFCFACE((#2906));
#2908=IFCPOLYLOOP((#2306,#2297,#2304));
#2909=IFCFACEOUTERBOUND(#2908,.T.);
#2910=IFCFACE((#2909));
#2911=IFCPOLYLOOP((#2325,#2290,#2318));
#2912=IFCFACEOUTERBOUND(#2911,.T.);
#2913=IFCFACE((#2912));
#2914=IFCPOLYLOOP((#2303,#2304,#2297));
#2915=IFCFACEOUTERBOUND(#2914,.T.);
#2916=IFCFACE((#2915));
#2917=IFCPOLYLOOP((#2299,#2304,#2305));
#2918=IFCFACEOUTERBOUND(#2917,.T.);
#2919=IFCFACE((#2918));
#2920=IFCPOLYLOOP((#2305,#2286,#2299));
#2921=IFCFACEOUTERBOUND(#2920,.T.);
#2922=IFCFACE((#2921));
#2923=IFCPOLYLOOP((#2324,#2286,#2305));
#2924=IFCFACEOUTERBOUND(#2923,.T.);
#2925=IFCFACE((#2924));
#2926=IFCPOLYLOOP((#2323,#2281,#2308));
#2927=IFCFACEOUTERBOUND(#2926,.T.);
#2928=IFCFACE((#2927));
#2929=IFCPOLYLOOP((#2308,#2297,#2306));
#2930=IFCFACEOUTERBOUND(#2929,.T.);
#2931=IFCFACE((#2930));
#2932=IFCPOLYLOOP((#2323,#2322,#2281));
#2933=IFCFACEOUTERBOUND(#2932,.T.);
#2934=IFCFACE((#2933));
#2935=IFCPOLYLOOP((#2306,#2298,#2307));
#2936=IFCFACEOUTERBOUND(#2935,.T.);
#2937=IFCFACE((#2936));
#2938=IFCPOLYLOOP((#2313,#2289,#2309));
#2939=IFCFACEOUTERBOUND(#2938,.T.);
#2940=IFCFACE((#2939));
#2941=IFCPOLYLOOP((#2289,#2313,#2274));
#2942=IFCFACEOUTERBOUND(#2941,.T.);
#2943=IFCFACE((#2942));
#2944=IFCPOLYLOOP((#2288,#2311,#2309));
#2945=IFCFACEOUTERBOUND(#2944,.T.);
#2946=IFCFACE((#2945));
#2947=IFCPOLYLOOP((#2311,#2310,#2287));
#2948=IFCFACEOUTERBOUND(#2947,.T.);
#2949=IFCFACE((#2948));
#2950=IFCPOLYLOOP((#2324,#2312,#2286));
#2951=IFCFACEOUTERBOUND(#2950,.T.);
#2952=IFCFACE((#2951));
#2953=IFCPOLYLOOP((#2310,#2324,#2283));
#2954=IFCFACEOUTERBOUND(#2953,.T.);
#2955=IFCFACE((#2954));
#2956=IFCPOLYLOOP((#2311,#2288,#2312));
#2957=IFCFACEOUTERBOUND(#2956,.T.);
#2958=IFCFACE((#2957));
#2959=IFCPOLYLOOP((#2279,#2313,#2278));
#2960=IFCFACEOUTERBOUND(#2959,.T.);
#2961=IFCFACE((#2960));
#2962=IFCPOLYLOOP((#2285,#2314,#2315));
#2963=IFCFACEOUTERBOUND(#2962,.T.);
#2964=IFCFACE((#2963));
#2965=IFCPOLYLOOP((#2282,#2314,#2302));
#2966=IFCFACEOUTERBOUND(#2965,.T.);
#2967=IFCFACE((#2966));
#2968=IFCPOLYLOOP((#2319,#2294,#2317));
#2969=IFCFACEOUTERBOUND(#2968,.T.);
#2970=IFCFACE((#2969));
#2971=IFCPOLYLOOP((#2315,#2282,#2296));
#2972=IFCFACEOUTERBOUND(#2971,.T.);
#2973=IFCFACE((#2972));
#2974=IFCPOLYLOOP((#2316,#2285,#2315));
#2975=IFCFACEOUTERBOUND(#2974,.T.);
#2976=IFCFACE((#2975));
#2977=IFCPOLYLOOP((#2294,#2316,#2317));
#2978=IFCFACEOUTERBOUND(#2977,.T.);
#2979=IFCFACE((#2978));
#2980=IFCPOLYLOOP((#2296,#2317,#2315));
#2981=IFCFACEOUTERBOUND(#2980,.T.);
#2982=IFCFACE((#2981));
#2983=IFCPOLYLOOP((#2302,#2318,#2290));
#2984=IFCFACEOUTERBOUND(#2983,.T.);
#2985=IFCFACE((#2984));
#2986=IFCPOLYLOOP((#2318,#2292,#2291));
#2987=IFCFACEOUTERBOUND(#2986,.T.);
#2988=IFCFACE((#2987));
#2989=IFCPOLYLOOP((#2284,#2321,#2322));
#2990=IFCFACEOUTERBOUND(#2989,.T.);
#2991=IFCFACE((#2990));
#2992=IFCPOLYLOOP((#2321,#2294,#2319));
#2993=IFCFACEOUTERBOUND(#2992,.T.);
#2994=IFCFACE((#2993));
#2995=IFCPOLYLOOP((#2320,#2281,#2322));
#2996=IFCFACEOUTERBOUND(#2995,.T.);
#2997=IFCFACE((#2996));
#2998=IFCPOLYLOOP((#2319,#2295,#2320));
#2999=IFCFACEOUTERBOUND(#2998,.T.);
#3000=IFCFACE((#2999));
#3001=IFCPOLYLOOP((#2323,#2284,#2322));
#3002=IFCFACEOUTERBOUND(#3001,.T.);
#3003=IFCFACE((#3002));
#3004=IFCPOLYLOOP((#2320,#2322,#2319));
#3005=IFCFACEOUTERBOUND(#3004,.T.);
#3006=IFCFACE((#3005));
#3007=IFCPOLYLOOP((#2323,#2307,#2284));
#3008=IFCFACEOUTERBOUND(#3007,.T.);
#3009=IFCFACE((#3008));
#3010=IFCPOLYLOOP((#2327,#2307,#2323));
#3011=IFCFACEOUTERBOUND(#3010,.T.);
#3012=IFCFACE((#3011));
#3013=IFCPOLYLOOP((#2311,#2312,#2324));
#3014=IFCFACEOUTERBOUND(#3013,.T.);
#3015=IFCFACE((#3014));
#3016=IFCPOLYLOOP((#2283,#2324,#2305));
#3017=IFCFACEOUTERBOUND(#3016,.T.);
#3018=IFCFACE((#3017));
#3019=IFCPOLYLOOP((#2291,#2325,#2318));
#3020=IFCFACEOUTERBOUND(#3019,.T.);
#3021=IFCFACE((#3020));
#3022=IFCPOLYLOOP((#2290,#2325,#2293));
#3023=IFCFACEOUTERBOUND(#3022,.T.);
#3024=IFCFACE((#3023));
#3025=IFCPOLYLOOP((#2293,#2326,#2277));
#3026=IFCFACEOUTERBOUND(#3025,.T.);
#3027=IFCFACE((#3026));
#3028=IFCPOLYLOOP((#2280,#2326,#2273));
#3029=IFCFACEOUTERBOUND(#3028,.T.);
#3030=IFCFACE((#3029));
#3031=IFCPOLYLOOP((#2308,#2327,#2323));
#3032=IFCFACEOUTERBOUND(#3031,.T.);
#3033=IFCFACE((#3032));
#3034=IFCPOLYLOOP((#2327,#2306,#2307));
#3035=IFCFACEOUTERBOUND(#3034,.T.);
#3036=IFCFACE((#3035));
#3037=IFCPOLYLOOP((#2381,#2380,#2362));
#3038=IFCFACEOUTERBOUND(#3037,.T.);
#3039=IFCFACE((#3038));
#3040=IFCPOLYLOOP((#2459,#2350,#2425));
#3041=IFCFACEOUTERBOUND(#3040,.T.);
#3042=IFCFACE((#3041));
#3043=IFCPOLYLOOP((#2429,#2469,#2494));
#3044=IFCFACEOUTERBOUND(#3043,.T.);
#3045=IFCFACE((#3044));
#3046=IFCPOLYLOOP((#2499,#2368,#2445));
#3047=IFCFACEOUTERBOUND(#3046,.T.);
#3048=IFCFACE((#3047));
#3049=IFCPOLYLOOP((#2411,#2403,#2382));
#3050=IFCFACEOUTERBOUND(#3049,.T.);
#3051=IFCFACE((#3050));
#3052=IFCPOLYLOOP((#2383,#2347,#2378));
#3053=IFCFACEOUTERBOUND(#3052,.T.);
#3054=IFCFACE((#3053));
#3055=IFCPOLYLOOP((#2473,#2394,#2431,#2355));
#3056=IFCFACEOUTERBOUND(#3055,.T.);
#3057=IFCFACE((#3056));
#3058=IFCPOLYLOOP((#2414,#2415,#2412));
#3059=IFCFACEOUTERBOUND(#3058,.T.);
#3060=IFCFACE((#3059));
#3061=IFCPOLYLOOP((#2376,#2360,#2374,#2375));
#3062=IFCFACEOUTERBOUND(#3061,.T.);
#3063=IFCFACE((#3062));
#3064=IFCPOLYLOOP((#2371,#2506,#2507,#2502));
#3065=IFCFACEOUTERBOUND(#3064,.T.);
#3066=IFCFACE((#3065));
#3067=IFCPOLYLOOP((#2439,#2497,#2496));
#3068=IFCFACEOUTERBOUND(#3067,.T.);
#3069=IFCFACE((#3068));
#3070=IFCPOLYLOOP((#2413,#2415,#2414));
#3071=IFCFACEOUTERBOUND(#3070,.T.);
#3072=IFCFACE((#3071));
#3073=IFCPOLYLOOP((#2438,#2493,#2498));
#3074=IFCFACEOUTERBOUND(#3073,.T.);
#3075=IFCFACE((#3074));
#3076=IFCPOLYLOOP((#2428,#2467,#2470));
#3077=IFCFACEOUTERBOUND(#3076,.T.);
#3078=IFCFACE((#3077));
#3079=IFCPOLYLOOP((#2403,#2345,#2405));
#3080=IFCFACEOUTERBOUND(#3079,.T.);
#3081=IFCFACE((#3080));
#3082=IFCPOLYLOOP((#2398,#2485,#2435));
#3083=IFCFACEOUTERBOUND(#3082,.T.);
#3084=IFCFACE((#3083));
#3085=IFCPOLYLOOP((#2376,#2378,#2347));
#3086=IFCFACEOUTERBOUND(#3085,.T.);
#3087=IFCFACE((#3086));
#3088=IFCPOLYLOOP((#2330,#2331,#2379));
#3089=IFCFACEOUTERBOUND(#3088,.T.);
#3090=IFCFACE((#3089));
#3091=IFCPOLYLOOP((#2374,#2332,#2333));
#3092=IFCFACEOUTERBOUND(#3091,.T.);
#3093=IFCFACE((#3092));
#3094=IFCPOLYLOOP((#2422,#2451,#2454));
#3095=IFCFACEOUTERBOUND(#3094,.T.);
#3096=IFCFACE((#3095));
#3097=IFCPOLYLOOP((#2437,#2490,#2489));
#3098=IFCFACEOUTERBOUND(#3097,.T.);
#3099=IFCFACE((#3098));
#3100=IFCPOLYLOOP((#2423,#2453,#2458));
#3101=IFCFACEOUTERBOUND(#3100,.T.);
#3102=IFCFACE((#3101));
#3103=IFCPOLYLOOP((#2424,#2456,#2460));
#3104=IFCFACEOUTERBOUND(#3103,.T.);
#3105=IFCFACE((#3104));
#3106=IFCPOLYLOOP((#2448,#2502,#2507));
#3107=IFCFACEOUTERBOUND(#3106,.T.);
#3108=IFCFACE((#3107));
#3109=IFCPOLYLOOP((#2396,#2480,#2433));
#3110=IFCFACEOUTERBOUND(#3109,.T.);
#3111=IFCFACE((#3110));
#3112=IFCPOLYLOOP((#2478,#2396,#2433,#2354));
#3113=IFCFACEOUTERBOUND(#3112,.T.);
#3114=IFCFACE((#3113));
#3115=IFCPOLYLOOP((#2394,#2475,#2431));
#3116=IFCFACEOUTERBOUND(#3115,.T.);
#3117=IFCFACE((#3116));
#3118=IFCPOLYLOOP((#2333,#2372,#2375));
#3119=IFCFACEOUTERBOUND(#3118,.T.);
#3120=IFCFACE((#3119));
#3121=IFCPOLYLOOP((#2362,#2380,#2379));
#3122=IFCFACEOUTERBOUND(#3121,.T.);
#3123=IFCFACE((#3122));
#3124=IFCPOLYLOOP((#2356,#2412,#2381));
#3125=IFCFACEOUTERBOUND(#3124,.T.);
#3126=IFCFACE((#3125));
#3127=IFCPOLYLOOP((#2378,#2375,#2359));
#3128=IFCFACEOUTERBOUND(#3127,.T.);
#3129=IFCFACE((#3128));
#3130=IFCPOLYLOOP((#2381,#2412,#2357));
#3131=IFCFACEOUTERBOUND(#3130,.T.);
#3132=IFCFACE((#3131));
#3133=IFCPOLYLOOP((#2379,#2380,#2330));
#3134=IFCFACEOUTERBOUND(#3133,.T.);
#3135=IFCFACE((#3134));
#3136=IFCPOLYLOOP((#2365,#2409,#2408));
#3137=IFCFACEOUTERBOUND(#3136,.T.);
#3138=IFCFACE((#3137));
#3139=IFCPOLYLOOP((#2483,#2398,#2435,#2364));
#3140=IFCFACEOUTERBOUND(#3139,.T.);
#3141=IFCFACE((#3140));
#3142=IFCPOLYLOOP((#2406,#2407,#2408));
#3143=IFCFACEOUTERBOUND(#3142,.T.);
#3144=IFCFACE((#3143));
#3145=IFCPOLYLOOP((#2445,#2501,#2500));
#3146=IFCFACEOUTERBOUND(#3145,.T.);
#3147=IFCFACE((#3146));
#3148=IFCPOLYLOOP((#2436,#2487,#2491));
#3149=IFCFACEOUTERBOUND(#3148,.T.);
#3150=IFCFACE((#3149));
#3151=IFCPOLYLOOP((#2419,#2447,#2489));
#3152=IFCFACEOUTERBOUND(#3151,.T.);
#3153=IFCFACE((#3152));
#3154=IFCPOLYLOOP((#2390,#2465,#2427));
#3155=IFCFACEOUTERBOUND(#3154,.T.);
#3156=IFCFACE((#3155));
#3157=IFCPOLYLOOP((#2463,#2390,#2427,#2370));
#3158=IFCFACEOUTERBOUND(#3157,.T.);
#3159=IFCFACE((#3158));
#3160=IFCPOLYLOOP((#2503,#2455,#2337,#2502));
#3161=IFCFACEOUTERBOUND(#3160,.T.);
#3162=IFCFACE((#3161));
#3163=IFCPOLYLOOP((#2333,#2328,#2372));
#3164=IFCFACEOUTERBOUND(#3163,.T.);
#3165=IFCFACE((#3164));
#3166=IFCPOLYLOOP((#2373,#2329,#2330));
#3167=IFCFACEOUTERBOUND(#3166,.T.);
#3168=IFCFACE((#3167));
#3169=IFCPOLYLOOP((#2333,#2375,#2374));
#3170=IFCFACEOUTERBOUND(#3169,.T.);
#3171=IFCFACE((#3170));
#3172=IFCPOLYLOOP((#2375,#2372,#2359));
#3173=IFCFACEOUTERBOUND(#3172,.T.);
#3174=IFCFACE((#3173));
#3175=IFCPOLYLOOP((#2377,#2346,#2378,#2359));
#3176=IFCFACEOUTERBOUND(#3175,.T.);
#3177=IFCFACE((#3176));
#3178=IFCPOLYLOOP((#2376,#2375,#2378));
#3179=IFCFACEOUTERBOUND(#3178,.T.);
#3180=IFCFACE((#3179));
#3181=IFCPOLYLOOP((#2422,#2450,#2500));
#3182=IFCFACEOUTERBOUND(#3181,.T.);
#3183=IFCFACE((#3182));
#3184=IFCPOLYLOOP((#2373,#2330,#2380));
#3185=IFCFACEOUTERBOUND(#3184,.T.);
#3186=IFCFACE((#3185));
#3187=IFCPOLYLOOP((#2380,#2361,#2373));
#3188=IFCFACEOUTERBOUND(#3187,.T.);
#3189=IFCFACE((#3188));
#3190=IFCPOLYLOOP((#2361,#2380,#2381));
#3191=IFCFACEOUTERBOUND(#3190,.T.);
#3192=IFCFACE((#3191));
#3193=IFCPOLYLOOP((#2361,#2381,#2357));
#3194=IFCFACEOUTERBOUND(#3193,.T.);
#3195=IFCFACE((#3194));
#3196=IFCPOLYLOOP((#2421,#2356,#2381,#2362));
#3197=IFCFACEOUTERBOUND(#3196,.T.);
#3198=IFCFACE((#3197));
#3199=IFCPOLYLOOP((#2346,#2383,#2378));
#3200=IFCFACEOUTERBOUND(#3199,.T.);
#3201=IFCFACE((#3200));
#3202=IFCPOLYLOOP((#2404,#2347,#2383));
#3203=IFCFACEOUTERBOUND(#3202,.T.);
#3204=IFCFACE((#3203));
#3205=IFCPOLYLOOP((#2405,#2344,#2403));
#3206=IFCFACEOUTERBOUND(#3205,.T.);
#3207=IFCFACE((#3206));
#3208=IFCPOLYLOOP((#2384,#2345,#2403));
#3209=IFCFACEOUTERBOUND(#3208,.T.);
#3210=IFCFACE((#3209));
#3211=IFCPOLYLOOP((#2346,#2411,#2383));
#3212=IFCFACEOUTERBOUND(#3211,.T.);
#3213=IFCFACE((#3212));
#3214=IFCPOLYLOOP((#2452,#2385,#2423,#2350));
#3215=IFCFACEOUTERBOUND(#3214,.T.);
#3216=IFCFACE((#3215));
#3217=IFCPOLYLOOP((#2424,#2455,#2503));
#3218=IFCFACEOUTERBOUND(#3217,.T.);
#3219=IFCFACE((#3218));
#3220=IFCPOLYLOOP((#2457,#2387,#2425));
#3221=IFCFACEOUTERBOUND(#3220,.T.);
#3222=IFCFACE((#3221));
#3223=IFCPOLYLOOP((#2389,#2464,#2465,#2461));
#3224=IFCFACEOUTERBOUND(#3223,.T.);
#3225=IFCFACE((#3224));
#3226=IFCPOLYLOOP((#2426,#2461,#2465));
#3227=IFCFACEOUTERBOUND(#3226,.T.);
#3228=IFCFACE((#3227));
#3229=IFCPOLYLOOP((#2466,#2339,#2428,#2391));
#3230=IFCFACEOUTERBOUND(#3229,.T.);
#3231=IFCFACE((#3230));
#3232=IFCPOLYLOOP((#2468,#2391,#2429,#2343));
#3233=IFCFACEOUTERBOUND(#3232,.T.);
#3234=IFCFACE((#3233));
#3235=IFCPOLYLOOP((#2475,#2430,#2393));
#3236=IFCFACEOUTERBOUND(#3235,.T.);
#3237=IFCFACE((#3236));
#3238=IFCPOLYLOOP((#2471,#2393,#2430,#2335));
#3239=IFCFACEOUTERBOUND(#3238,.T.);
#3240=IFCFACE((#3239));
#3241=IFCPOLYLOOP((#2395,#2479,#2480,#2476));
#3242=IFCFACEOUTERBOUND(#3241,.T.);
#3243=IFCFACE((#3242));
#3244=IFCPOLYLOOP((#2432,#2476,#2480));
#3245=IFCFACEOUTERBOUND(#3244,.T.);
#3246=IFCFACE((#3245));
#3247=IFCPOLYLOOP((#2485,#2434,#2397));
#3248=IFCFACEOUTERBOUND(#3247,.T.);
#3249=IFCFACE((#3248));
#3250=IFCPOLYLOOP((#2481,#2397,#2434,#2338));
#3251=IFCFACEOUTERBOUND(#3250,.T.);
#3252=IFCFACE((#3251));
#3253=IFCPOLYLOOP((#2486,#2336,#2436,#2399));
#3254=IFCFACEOUTERBOUND(#3253,.T.);
#3255=IFCFACE((#3254));
#3256=IFCPOLYLOOP((#2488,#2399,#2437,#2367));
#3257=IFCFACEOUTERBOUND(#3256,.T.);
#3258=IFCFACE((#3257));
#3259=IFCPOLYLOOP((#2492,#2343,#2438,#2401));
#3260=IFCFACEOUTERBOUND(#3259,.T.);
#3261=IFCFACE((#3260));
#3262=IFCPOLYLOOP((#2495,#2401,#2439,#2340));
#3263=IFCFACEOUTERBOUND(#3262,.T.);
#3264=IFCFACE((#3263));
#3265=IFCPOLYLOOP((#2384,#2403,#2411));
#3266=IFCFACEOUTERBOUND(#3265,.T.);
#3267=IFCFACE((#3266));
#3268=IFCPOLYLOOP((#2440,#2382,#2403,#2344));
#3269=IFCFACEOUTERBOUND(#3268,.T.);
#3270=IFCFACE((#3269));
#3271=IFCPOLYLOOP((#2441,#2364,#2409,#2365));
#3272=IFCFACEOUTERBOUND(#3271,.T.);
#3273=IFCFACE((#3272));
#3274=IFCPOLYLOOP((#2382,#2404,#2411));
#3275=IFCFACEOUTERBOUND(#3274,.T.);
#3276=IFCFACE((#3275));
#3277=IFCPOLYLOOP((#2405,#2410,#2408));
#3278=IFCFACEOUTERBOUND(#3277,.T.);
#3279=IFCFACE((#3278));
#3280=IFCPOLYLOOP((#2408,#2407,#2405));
#3281=IFCFACEOUTERBOUND(#3280,.T.);
#3282=IFCFACE((#3281));
#3283=IFCPOLYLOOP((#2407,#2344,#2405));
#3284=IFCFACEOUTERBOUND(#3283,.T.);
#3285=IFCFACE((#3284));
#3286=IFCPOLYLOOP((#2409,#2406,#2408));
#3287=IFCFACEOUTERBOUND(#3286,.T.);
#3288=IFCFACE((#3287));
#3289=IFCPOLYLOOP((#2384,#2411,#2346));
#3290=IFCFACEOUTERBOUND(#3289,.T.);
#3291=IFCFACE((#3290));
#3292=IFCPOLYLOOP((#2442,#2406,#2409,#2363));
#3293=IFCFACEOUTERBOUND(#3292,.T.);
#3294=IFCFACE((#3293));
#3295=IFCPOLYLOOP((#2363,#2409,#2435));
#3296=IFCFACEOUTERBOUND(#3295,.T.);
#3297=IFCFACE((#3296));
#3298=IFCPOLYLOOP((#2365,#2408,#2410));
#3299=IFCFACEOUTERBOUND(#3298,.T.);
#3300=IFCFACE((#3299));
#3301=IFCPOLYLOOP((#2405,#2345,#2410));
#3302=IFCFACEOUTERBOUND(#3301,.T.);
#3303=IFCFACE((#3302));
#3304=IFCPOLYLOOP((#2383,#2411,#2404));
#3305=IFCFACEOUTERBOUND(#3304,.T.);
#3306=IFCFACE((#3305));
#3307=IFCPOLYLOOP((#2358,#2417,#2415));
#3308=IFCFACEOUTERBOUND(#3307,.T.);
#3309=IFCFACE((#3308));
#3310=IFCPOLYLOOP((#2415,#2416,#2358));
#3311=IFCFACEOUTERBOUND(#3310,.T.);
#3312=IFCFACE((#3311));
#3313=IFCPOLYLOOP((#2413,#2416,#2415));
#3314=IFCFACEOUTERBOUND(#3313,.T.);
#3315=IFCFACE((#3314));
#3316=IFCPOLYLOOP((#2412,#2415,#2417));
#3317=IFCFACEOUTERBOUND(#3316,.T.);
#3318=IFCFACE((#3317));
#3319=IFCPOLYLOOP((#2412,#2356,#2414));
#3320=IFCFACEOUTERBOUND(#3319,.T.);
#3321=IFCFACE((#3320));
#3322=IFCPOLYLOOP((#2443,#2358,#2416,#2341));
#3323=IFCFACEOUTERBOUND(#3322,.T.);
#3324=IFCFACE((#3323));
#3325=IFCPOLYLOOP((#2402,#2498,#2493));
#3326=IFCFACEOUTERBOUND(#3325,.T.);
#3327=IFCFACE((#3326));
#3328=IFCPOLYLOOP((#2416,#2444,#2496));
#3329=IFCFACEOUTERBOUND(#3328,.T.);
#3330=IFCFACE((#3329));
#3331=IFCPOLYLOOP((#2417,#2357,#2412));
#3332=IFCFACEOUTERBOUND(#3331,.T.);
#3333=IFCFACE((#3332));
#3334=IFCPOLYLOOP((#2400,#2491,#2487));
#3335=IFCFACEOUTERBOUND(#3334,.T.);
#3336=IFCFACE((#3335));
#3337=IFCPOLYLOOP((#2446,#2418,#2419,#2366));
#3338=IFCFACEOUTERBOUND(#3337,.T.);
#3339=IFCFACE((#3338));
#3340=IFCPOLYLOOP((#2368,#2419,#2445));
#3341=IFCFACEOUTERBOUND(#3340,.T.);
#3342=IFCFACE((#3341));
#3343=IFCPOLYLOOP((#2454,#2423,#2385));
#3344=IFCFACEOUTERBOUND(#3343,.T.);
#3345=IFCFACE((#3344));
#3346=IFCPOLYLOOP((#2505,#2420,#2449,#2369));
#3347=IFCFACEOUTERBOUND(#3346,.T.);
#3348=IFCFACE((#3347));
#3349=IFCPOLYLOOP((#2424,#2503,#2334));
#3350=IFCFACEOUTERBOUND(#3349,.T.);
#3351=IFCFACE((#3350));
#3352=IFCPOLYLOOP((#2388,#2459,#2460,#2456));
#3353=IFCFACEOUTERBOUND(#3352,.T.);
#3354=IFCFACE((#3353));
#3355=IFCPOLYLOOP((#2454,#2453,#2423));
#3356=IFCFACEOUTERBOUND(#3355,.T.);
#3357=IFCFACE((#3356));
#3358=IFCPOLYLOOP((#2460,#2425,#2387));
#3359=IFCFACEOUTERBOUND(#3358,.T.);
#3360=IFCFACE((#3359));
#3361=IFCPOLYLOOP((#2448,#2334,#2503));
#3362=IFCFACEOUTERBOUND(#3361,.T.);
#3363=IFCFACE((#3362));
#3364=IFCPOLYLOOP((#2425,#2458,#2457));
#3365=IFCFACEOUTERBOUND(#3364,.T.);
#3366=IFCFACE((#3365));
#3367=IFCPOLYLOOP((#2460,#2459,#2425));
#3368=IFCFACEOUTERBOUND(#3367,.T.);
#3369=IFCFACE((#3368));
#3370=IFCPOLYLOOP((#2353,#2426,#2432));
#3371=IFCFACEOUTERBOUND(#3370,.T.);
#3372=IFCFACE((#3371));
#3373=IFCPOLYLOOP((#2462,#2352,#2426,#2390));
#3374=IFCFACEOUTERBOUND(#3373,.T.);
#3375=IFCFACE((#3374));
#3376=IFCPOLYLOOP((#2370,#2427,#2449));
#3377=IFCFACEOUTERBOUND(#3376,.T.);
#3378=IFCFACE((#3377));
#3379=IFCPOLYLOOP((#2464,#2369,#2427));
#3380=IFCFACEOUTERBOUND(#3379,.T.);
#3381=IFCFACE((#3380));
#3382=IFCPOLYLOOP((#2470,#2429,#2391));
#3383=IFCFACEOUTERBOUND(#3382,.T.);
#3384=IFCFACE((#3383));
#3385=IFCPOLYLOOP((#2336,#2428,#2436));
#3386=IFCFACEOUTERBOUND(#3385,.T.);
#3387=IFCFACE((#3386));
#3388=IFCPOLYLOOP((#2494,#2438,#2343));
#3389=IFCFACEOUTERBOUND(#3388,.T.);
#3390=IFCFACE((#3389));
#3391=IFCPOLYLOOP((#2392,#2429,#2470));
#3392=IFCFACEOUTERBOUND(#3391,.T.);
#3393=IFCFACE((#3392));
#3394=IFCPOLYLOOP((#2335,#2430,#2434));
#3395=IFCFACEOUTERBOUND(#3394,.T.);
#3396=IFCFACE((#3395));
#3397=IFCPOLYLOOP((#2472,#2338,#2430));
#3398=IFCFACEOUTERBOUND(#3397,.T.);
#3399=IFCFACE((#3398));
#3400=IFCPOLYLOOP((#2355,#2431,#2433));
#3401=IFCFACEOUTERBOUND(#3400,.T.);
#3402=IFCFACE((#3401));
#3403=IFCPOLYLOOP((#2474,#2354,#2431));
#3404=IFCFACEOUTERBOUND(#3403,.T.);
#3405=IFCFACE((#3404));
#3406=IFCPOLYLOOP((#2352,#2432,#2426));
#3407=IFCFACEOUTERBOUND(#3406,.T.);
#3408=IFCFACE((#3407));
#3409=IFCPOLYLOOP((#2477,#2353,#2432));
#3410=IFCFACEOUTERBOUND(#3409,.T.);
#3411=IFCFACE((#3410));
#3412=IFCPOLYLOOP((#2354,#2433,#2431));
#3413=IFCFACEOUTERBOUND(#3412,.T.);
#3414=IFCFACE((#3413));
#3415=IFCPOLYLOOP((#2479,#2355,#2433));
#3416=IFCFACEOUTERBOUND(#3415,.T.);
#3417=IFCFACE((#3416));
#3418=IFCPOLYLOOP((#2338,#2434,#2430));
#3419=IFCFACEOUTERBOUND(#3418,.T.);
#3420=IFCFACE((#3419));
#3421=IFCPOLYLOOP((#2482,#2335,#2434));
#3422=IFCFACEOUTERBOUND(#3421,.T.);
#3423=IFCFACE((#3422));
#3424=IFCPOLYLOOP((#2364,#2435,#2409));
#3425=IFCFACEOUTERBOUND(#3424,.T.);
#3426=IFCFACE((#3425));
#3427=IFCPOLYLOOP((#2484,#2363,#2435));
#3428=IFCFACEOUTERBOUND(#3427,.T.);
#3429=IFCFACE((#3428));
#3430=IFCPOLYLOOP((#2491,#2437,#2399));
#3431=IFCFACEOUTERBOUND(#3430,.T.);
#3432=IFCFACE((#3431));
#3433=IFCPOLYLOOP((#2339,#2436,#2428));
#3434=IFCFACEOUTERBOUND(#3433,.T.);
#3435=IFCFACE((#3434));
#3436=IFCPOLYLOOP((#2489,#2367,#2437));
#3437=IFCFACEOUTERBOUND(#3436,.T.);
#3438=IFCFACE((#3437));
#3439=IFCPOLYLOOP((#2400,#2437,#2491));
#3440=IFCFACEOUTERBOUND(#3439,.T.);
#3441=IFCFACE((#3440));
#3442=IFCPOLYLOOP((#2498,#2439,#2401));
#3443=IFCFACEOUTERBOUND(#3442,.T.);
#3444=IFCFACE((#3443));
#3445=IFCPOLYLOOP((#2342,#2438,#2494));
#3446=IFCFACEOUTERBOUND(#3445,.T.);
#3447=IFCFACE((#3446));
#3448=IFCPOLYLOOP((#2496,#2340,#2439));
#3449=IFCFACEOUTERBOUND(#3448,.T.);
#3450=IFCFACE((#3449));
#3451=IFCPOLYLOOP((#2402,#2439,#2498));
#3452=IFCFACEOUTERBOUND(#3451,.T.);
#3453=IFCFACE((#3452));
#3454=IFCPOLYLOOP((#2445,#2500,#2499));
#3455=IFCFACEOUTERBOUND(#3454,.T.);
#3456=IFCFACE((#3455));
#3457=IFCPOLYLOOP((#2416,#2413,#2444));
#3458=IFCFACEOUTERBOUND(#3457,.T.);
#3459=IFCFACE((#3458));
#3460=IFCPOLYLOOP((#2418,#2445,#2419));
#3461=IFCFACEOUTERBOUND(#3460,.T.);
#3462=IFCFACE((#3461));
#3463=IFCPOLYLOOP((#2504,#2334,#2448,#2420));
#3464=IFCFACEOUTERBOUND(#3463,.T.);
#3465=IFCFACE((#3464));
#3466=IFCPOLYLOOP((#2419,#2368,#2447));
#3467=IFCFACEOUTERBOUND(#3466,.T.);
#3468=IFCFACE((#3467));
#3469=IFCPOLYLOOP((#2449,#2420,#2507));
#3470=IFCFACEOUTERBOUND(#3469,.T.);
#3471=IFCFACE((#3470));
#3472=IFCPOLYLOOP((#2369,#2449,#2427));
#3473=IFCFACEOUTERBOUND(#3472,.T.);
#3474=IFCFACE((#3473));
#3475=IFCPOLYLOOP((#2506,#2370,#2449));
#3476=IFCFACEOUTERBOUND(#3475,.T.);
#3477=IFCFACE((#3476));
#3478=IFCPOLYLOOP((#2386,#2453,#2454,#2451));
#3479=IFCFACEOUTERBOUND(#3478,.T.);
#3480=IFCFACE((#3479));
#3481=IFCPOLYLOOP((#2450,#2422,#2385));
#3482=IFCFACEOUTERBOUND(#3481,.T.);
#3483=IFCFACE((#3482));
#3484=IFCPOLYLOOP((#2422,#2348,#2451));
#3485=IFCFACEOUTERBOUND(#3484,.T.);
#3486=IFCFACE((#3485));
#3487=IFCPOLYLOOP((#2422,#2454,#2385));
#3488=IFCFACEOUTERBOUND(#3487,.T.);
#3489=IFCFACE((#3488));
#3490=IFCPOLYLOOP((#2351,#2457,#2458,#2453));
#3491=IFCFACEOUTERBOUND(#3490,.T.);
#3492=IFCFACE((#3491));
#3493=IFCPOLYLOOP((#2455,#2424,#2387));
#3494=IFCFACEOUTERBOUND(#3493,.T.);
#3495=IFCFACE((#3494));
#3496=IFCPOLYLOOP((#2424,#2334,#2456));
#3497=IFCFACEOUTERBOUND(#3496,.T.);
#3498=IFCFACE((#3497));
#3499=IFCPOLYLOOP((#2423,#2458,#2350));
#3500=IFCFACEOUTERBOUND(#3499,.T.);
#3501=IFCFACE((#3500));
#3502=IFCPOLYLOOP((#2458,#2425,#2350));
#3503=IFCFACEOUTERBOUND(#3502,.T.);
#3504=IFCFACE((#3503));
#3505=IFCPOLYLOOP((#2424,#2460,#2387));
#3506=IFCFACEOUTERBOUND(#3505,.T.);
#3507=IFCFACE((#3506));
#3508=IFCPOLYLOOP((#2426,#2465,#2390));
#3509=IFCFACEOUTERBOUND(#3508,.T.);
#3510=IFCFACE((#3509));
#3511=IFCPOLYLOOP((#2426,#2353,#2461));
#3512=IFCFACEOUTERBOUND(#3511,.T.);
#3513=IFCFACE((#3512));
#3514=IFCPOLYLOOP((#2427,#2465,#2464));
#3515=IFCFACEOUTERBOUND(#3514,.T.);
#3516=IFCFACE((#3515));
#3517=IFCPOLYLOOP((#2392,#2470,#2467));
#3518=IFCFACEOUTERBOUND(#3517,.T.);
#3519=IFCFACE((#3518));
#3520=IFCPOLYLOOP((#2428,#2336,#2467));
#3521=IFCFACEOUTERBOUND(#3520,.T.);
#3522=IFCFACE((#3521));
#3523=IFCPOLYLOOP((#2429,#2392,#2469));
#3524=IFCFACEOUTERBOUND(#3523,.T.);
#3525=IFCFACE((#3524));
#3526=IFCPOLYLOOP((#2428,#2470,#2391));
#3527=IFCFACEOUTERBOUND(#3526,.T.);
#3528=IFCFACE((#3527));
#3529=IFCPOLYLOOP((#2472,#2430,#2475));
#3530=IFCFACEOUTERBOUND(#3529,.T.);
#3531=IFCFACE((#3530));
#3532=IFCPOLYLOOP((#2394,#2472,#2475));
#3533=IFCFACEOUTERBOUND(#3532,.T.);
#3534=IFCFACE((#3533));
#3535=IFCPOLYLOOP((#2393,#2474,#2475));
#3536=IFCFACEOUTERBOUND(#3535,.T.);
#3537=IFCFACE((#3536));
#3538=IFCPOLYLOOP((#2431,#2475,#2474));
#3539=IFCFACEOUTERBOUND(#3538,.T.);
#3540=IFCFACE((#3539));
#3541=IFCPOLYLOOP((#2477,#2432,#2480));
#3542=IFCFACEOUTERBOUND(#3541,.T.);
#3543=IFCFACE((#3542));
#3544=IFCPOLYLOOP((#2476,#2432,#2352));
#3545=IFCFACEOUTERBOUND(#3544,.T.);
#3546=IFCFACE((#3545));
#3547=IFCPOLYLOOP((#2396,#2477,#2480));
#3548=IFCFACEOUTERBOUND(#3547,.T.);
#3549=IFCFACE((#3548));
#3550=IFCPOLYLOOP((#2433,#2480,#2479));
#3551=IFCFACEOUTERBOUND(#3550,.T.);
#3552=IFCFACE((#3551));
#3553=IFCPOLYLOOP((#2482,#2434,#2485));
#3554=IFCFACEOUTERBOUND(#3553,.T.);
#3555=IFCFACE((#3554));
#3556=IFCPOLYLOOP((#2398,#2482,#2485));
#3557=IFCFACEOUTERBOUND(#3556,.T.);
#3558=IFCFACE((#3557));
#3559=IFCPOLYLOOP((#2397,#2484,#2485));
#3560=IFCFACEOUTERBOUND(#3559,.T.);
#3561=IFCFACE((#3560));
#3562=IFCPOLYLOOP((#2435,#2485,#2484));
#3563=IFCFACEOUTERBOUND(#3562,.T.);
#3564=IFCFACE((#3563));
#3565=IFCPOLYLOOP((#2367,#2489,#2447));
#3566=IFCFACEOUTERBOUND(#3565,.T.);
#3567=IFCFACE((#3566));
#3568=IFCPOLYLOOP((#2436,#2339,#2487));
#3569=IFCFACEOUTERBOUND(#3568,.T.);
#3570=IFCFACE((#3569));
#3571=IFCPOLYLOOP((#2419,#2489,#2366));
#3572=IFCFACEOUTERBOUND(#3571,.T.);
#3573=IFCFACE((#3572));
#3574=IFCPOLYLOOP((#2366,#2489,#2490));
#3575=IFCFACEOUTERBOUND(#3574,.T.);
#3576=IFCFACE((#3575));
#3577=IFCPOLYLOOP((#2437,#2400,#2490));
#3578=IFCFACEOUTERBOUND(#3577,.T.);
#3579=IFCFACE((#3578));
#3580=IFCPOLYLOOP((#2436,#2491,#2399));
#3581=IFCFACEOUTERBOUND(#3580,.T.);
#3582=IFCFACE((#3581));
#3583=IFCPOLYLOOP((#2342,#2494,#2469));
#3584=IFCFACEOUTERBOUND(#3583,.T.);
#3585=IFCFACE((#3584));
#3586=IFCPOLYLOOP((#2438,#2342,#2493));
#3587=IFCFACEOUTERBOUND(#3586,.T.);
#3588=IFCFACE((#3587));
#3589=IFCPOLYLOOP((#2429,#2494,#2343));
#3590=IFCFACEOUTERBOUND(#3589,.T.);
#3591=IFCFACE((#3590));
#3592=IFCPOLYLOOP((#2340,#2496,#2444));
#3593=IFCFACEOUTERBOUND(#3592,.T.);
#3594=IFCFACE((#3593));
#3595=IFCPOLYLOOP((#2416,#2496,#2341));
#3596=IFCFACEOUTERBOUND(#3595,.T.);
#3597=IFCFACE((#3596));
#3598=IFCPOLYLOOP((#2341,#2496,#2497));
#3599=IFCFACEOUTERBOUND(#3598,.T.);
#3600=IFCFACE((#3599));
#3601=IFCPOLYLOOP((#2439,#2402,#2497));
#3602=IFCFACEOUTERBOUND(#3601,.T.);
#3603=IFCFACE((#3602));
#3604=IFCPOLYLOOP((#2438,#2498,#2401));
#3605=IFCFACEOUTERBOUND(#3604,.T.);
#3606=IFCFACE((#3605));
#3607=IFCPOLYLOOP((#2349,#2499,#2500,#2450));
#3608=IFCFACEOUTERBOUND(#3607,.T.);
#3609=IFCFACE((#3608));
#3610=IFCPOLYLOOP((#2422,#2500,#2348));
#3611=IFCFACEOUTERBOUND(#3610,.T.);
#3612=IFCFACE((#3611));
#3613=IFCPOLYLOOP((#2348,#2500,#2501));
#3614=IFCFACEOUTERBOUND(#3613,.T.);
#3615=IFCFACE((#3614));
#3616=IFCPOLYLOOP((#2445,#2418,#2501));
#3617=IFCFACEOUTERBOUND(#3616,.T.);
#3618=IFCFACE((#3617));
#3619=IFCPOLYLOOP((#2448,#2503,#2502));
#3620=IFCFACEOUTERBOUND(#3619,.T.);
#3621=IFCFACE((#3620));
#3622=IFCPOLYLOOP((#2448,#2507,#2420));
#3623=IFCFACEOUTERBOUND(#3622,.T.);
#3624=IFCFACE((#3623));
#3625=IFCPOLYLOOP((#2449,#2507,#2506));
#3626=IFCFACEOUTERBOUND(#3625,.T.);
#3627=IFCFACE((#3626));
#3628=IFCPOLYLOOP((#2508,#2509,#2329,#2373,#2361,#2357,#2417,#2358,#2443,#2341,#2497,#2402,#2493,#2342,#2469,#2392,#2467,#2336,#2486,#2399,#2488,#2367,#2447,#2368,#2499,#2349,#2450,#2385,#2452,#2350,#2459,#2388,#2456,#2334,#2504,#2420,#2505,#2369,#2464,#2389,#2461,#2353,#2477,#2396,#2478,#2354,#2474,#2393,#2471,#2335,#2482,#2398,#2483,#2364,#2441,#2365,#2410,#2345,#2384,#2346,#2377,#2359,#2372,#2328));
#3629=IFCFACEOUTERBOUND(#3628,.T.);
#3630=IFCFACE((#3629));
#3631=IFCPOLYLOOP((#2510,#2511,#2271,#2270));
#3632=IFCFACEOUTERBOUND(#3631,.T.);
#3633=IFCFACE((#3632));
#3634=IFCPOLYLOOP((#2513,#2275,#2274,#2518,#2516,#2512));
#3635=IFCFACEOUTERBOUND(#3634,.T.);
#3636=IFCFACE((#3635));
#3637=IFCPOLYLOOP((#2517,#2521,#2519,#2520));
#3638=IFCFACEOUTERBOUND(#3637,.T.);
#3639=IFCFACE((#3638));
#3640=IFCPOLYLOOP((#2522,#2279,#2520));
#3641=IFCFACEOUTERBOUND(#3640,.T.);
#3642=IFCFACE((#3641));
#3643=IFCPOLYLOOP((#2523,#2515,#2512));
#3644=IFCFACEOUTERBOUND(#3643,.T.);
#3645=IFCFACE((#3644));
#3646=IFCPOLYLOOP((#2523,#2516,#2519));
#3647=IFCFACEOUTERBOUND(#3646,.T.);
#3648=IFCFACE((#3647));
#3649=IFCPOLYLOOP((#2522,#2518,#2274));
#3650=IFCFACEOUTERBOUND(#3649,.T.);
#3651=IFCFACE((#3650));
#3652=IFCPOLYLOOP((#2516,#2518,#2519));
#3653=IFCFACEOUTERBOUND(#3652,.T.);
#3654=IFCFACE((#3653));
#3655=IFCPOLYLOOP((#2523,#2519,#2521));
#3656=IFCFACEOUTERBOUND(#3655,.T.);
#3657=IFCFACE((#3656));
#3658=IFCPOLYLOOP((#2519,#2522,#2520));
#3659=IFCFACEOUTERBOUND(#3658,.T.);
#3660=IFCFACE((#3659));
#3661=IFCPOLYLOOP((#2519,#2518,#2522));
#3662=IFCFACEOUTERBOUND(#3661,.T.);
#3663=IFCFACE((#3662));
#3664=IFCPOLYLOOP((#2279,#2278,#2520));
#3665=IFCFACEOUTERBOUND(#3664,.T.);
#3666=IFCFACE((#3665));
#3667=IFCPOLYLOOP((#2521,#2514,#2515));
#3668=IFCFACEOUTERBOUND(#3667,.T.);
#3669=IFCFACE((#3668));
#3670=IFCPOLYLOOP((#2279,#2522,#2274));
#3671=IFCFACEOUTERBOUND(#3670,.T.);
#3672=IFCFACE((#3671));
#3673=IFCPOLYLOOP((#2516,#2523,#2512));
#3674=IFCFACEOUTERBOUND(#3673,.T.);
#3675=IFCFACE((#3674));
#3676=IFCPOLYLOOP((#2515,#2523,#2521));
#3677=IFCFACEOUTERBOUND(#3676,.T.);
#3678=IFCFACE((#3677));
#3679=IFCPOLYLOOP((#2543,#2539,#2534));
#3680=IFCFACEOUTERBOUND(#3679,.T.);
#3681=IFCFACE((#3680));
#3682=IFCPOLYLOOP((#2550,#2554,#2555));
#3683=IFCFACEOUTERBOUND(#3682,.T.);
#3684=IFCFACE((#3683));
#3685=IFCPOLYLOOP((#2537,#2556,#2544));
#3686=IFCFACEOUTERBOUND(#3685,.T.);
#3687=IFCFACE((#3686));
#3688=IFCPOLYLOOP((#2548,#2529,#2550));
#3689=IFCFACEOUTERBOUND(#3688,.T.);
#3690=IFCFACE((#3689));
#3691=IFCPOLYLOOP((#2537,#2544,#2530));
#3692=IFCFACEOUTERBOUND(#3691,.T.);
#3693=IFCFACE((#3692));
#3694=IFCPOLYLOOP((#2544,#2551,#2547));
#3695=IFCFACEOUTERBOUND(#3694,.T.);
#3696=IFCFACE((#3695));
#3697=IFCPOLYLOOP((#2556,#2541,#2525));
#3698=IFCFACEOUTERBOUND(#3697,.T.);
#3699=IFCFACE((#3698));
#3700=IFCPOLYLOOP((#2529,#2548,#2540));
#3701=IFCFACEOUTERBOUND(#3700,.T.);
#3702=IFCFACE((#3701));
#3703=IFCPOLYLOOP((#2536,#2548,#2531));
#3704=IFCFACEOUTERBOUND(#3703,.T.);
#3705=IFCFACE((#3704));
#3706=IFCPOLYLOOP((#2549,#2554,#2528));
#3707=IFCFACEOUTERBOUND(#3706,.T.);
#3708=IFCFACE((#3707));
#3709=IFCPOLYLOOP((#2530,#2544,#2547));
#3710=IFCFACEOUTERBOUND(#3709,.T.);
#3711=IFCFACE((#3710));
#3712=IFCPOLYLOOP((#2552,#2543,#2534));
#3713=IFCFACEOUTERBOUND(#3712,.T.);
#3714=IFCFACE((#3713));
#3715=IFCPOLYLOOP((#2552,#2536,#2535));
#3716=IFCFACEOUTERBOUND(#3715,.T.);
#3717=IFCFACE((#3716));
#3718=IFCPOLYLOOP((#2552,#2548,#2536));
#3719=IFCFACEOUTERBOUND(#3718,.T.);
#3720=IFCFACE((#3719));
#3721=IFCPOLYLOOP((#2556,#2525,#2526));
#3722=IFCFACEOUTERBOUND(#3721,.T.);
#3723=IFCFACE((#3722));
#3724=IFCPOLYLOOP((#2542,#2331,#2330));
#3725=IFCFACEOUTERBOUND(#3724,.T.);
#3726=IFCFACE((#3725));
#3727=IFCPOLYLOOP((#2542,#2543,#2535));
#3728=IFCFACEOUTERBOUND(#3727,.T.);
#3729=IFCFACE((#3728));
#3730=IFCPOLYLOOP((#2330,#2329,#2539));
#3731=IFCFACEOUTERBOUND(#3730,.T.);
#3732=IFCFACE((#3731));
#3733=IFCPOLYLOOP((#2541,#2524,#2525));
#3734=IFCFACEOUTERBOUND(#3733,.T.);
#3735=IFCFACE((#3734));
#3736=IFCPOLYLOOP((#2556,#2533,#2544));
#3737=IFCFACEOUTERBOUND(#3736,.T.);
#3738=IFCFACE((#3737));
#3739=IFCPOLYLOOP((#2330,#2543,#2542));
#3740=IFCFACEOUTERBOUND(#3739,.T.);
#3741=IFCFACE((#3740));
#3742=IFCPOLYLOOP((#2539,#2543,#2330));
#3743=IFCFACEOUTERBOUND(#3742,.T.);
#3744=IFCFACE((#3743));
#3745=IFCPOLYLOOP((#2551,#2544,#2533));
#3746=IFCFACEOUTERBOUND(#3745,.T.);
#3747=IFCFACE((#3746));
#3748=IFCPOLYLOOP((#2538,#2533,#2556,#2526));
#3749=IFCFACEOUTERBOUND(#3748,.T.);
#3750=IFCFACE((#3749));
#3751=IFCPOLYLOOP((#2547,#2545,#2530));
#3752=IFCFACEOUTERBOUND(#3751,.T.);
#3753=IFCFACE((#3752));
#3754=IFCPOLYLOOP((#2554,#2549,#2546));
#3755=IFCFACEOUTERBOUND(#3754,.T.);
#3756=IFCFACE((#3755));
#3757=IFCPOLYLOOP((#2546,#2549,#2527));
#3758=IFCFACEOUTERBOUND(#3757,.T.);
#3759=IFCFACE((#3758));
#3760=IFCPOLYLOOP((#2545,#2547,#2549));
#3761=IFCFACEOUTERBOUND(#3760,.T.);
#3762=IFCFACE((#3761));
#3763=IFCPOLYLOOP((#2550,#2531,#2548));
#3764=IFCFACEOUTERBOUND(#3763,.T.);
#3765=IFCFACE((#3764));
#3766=IFCPOLYLOOP((#2552,#2534,#2540));
#3767=IFCFACEOUTERBOUND(#3766,.T.);
#3768=IFCFACE((#3767));
#3769=IFCPOLYLOOP((#2527,#2549,#2547));
#3770=IFCFACEOUTERBOUND(#3769,.T.);
#3771=IFCFACE((#3770));
#3772=IFCPOLYLOOP((#2545,#2549,#2528));
#3773=IFCFACEOUTERBOUND(#3772,.T.);
#3774=IFCFACE((#3773));
#3775=IFCPOLYLOOP((#2532,#2555,#2554,#2546));
#3776=IFCFACEOUTERBOUND(#3775,.T.);
#3777=IFCFACE((#3776));
#3778=IFCPOLYLOOP((#2553,#2554,#2550));
#3779=IFCFACEOUTERBOUND(#3778,.T.);
#3780=IFCFACE((#3779));
#3781=IFCPOLYLOOP((#2551,#2527,#2547));
#3782=IFCFACEOUTERBOUND(#3781,.T.);
#3783=IFCFACE((#3782));
#3784=IFCPOLYLOOP((#2535,#2543,#2552));
#3785=IFCFACEOUTERBOUND(#3784,.T.);
#3786=IFCFACE((#3785));
#3787=IFCPOLYLOOP((#2548,#2552,#2540));
#3788=IFCFACEOUTERBOUND(#3787,.T.);
#3789=IFCFACE((#3788));
#3790=IFCPOLYLOOP((#2528,#2554,#2553));
#3791=IFCFACEOUTERBOUND(#3790,.T.);
#3792=IFCFACE((#3791));
#3793=IFCPOLYLOOP((#2550,#2529,#2553));
#3794=IFCFACEOUTERBOUND(#3793,.T.);
#3795=IFCFACE((#3794));
#3796=IFCPOLYLOOP((#2555,#2531,#2550));
#3797=IFCFACEOUTERBOUND(#3796,.T.);
#3798=IFCFACE((#3797));
#3799=IFCPOLYLOOP((#2537,#2541,#2556));
#3800=IFCFACEOUTERBOUND(#3799,.T.);
#3801=IFCFACE((#3800));
#3802=IFCPOLYLOOP((#2557,#2524,#2541,#2537,#2530,#2545,#2528,#2553,#2529,#2540,#2534,#2539,#2329,#2509));
#3803=IFCFACEOUTERBOUND(#3802,.T.);
#3804=IFCFACE((#3803));
#3805=IFCPOLYLOOP((#2558,#2559,#2511,#2510));
#3806=IFCFACEOUTERBOUND(#3805,.T.);
#3807=IFCFACE((#3806));
#3808=IFCPOLYLOOP((#2513,#2512,#2584,#2574,#2575,#2568,#2599,#2577,#2604,#2567,#2590,#2581,#2582,#2569,#2595,#2571,#2572,#2560,#2561));
#3809=IFCFACEOUTERBOUND(#3808,.T.);
#3810=IFCFACE((#3809));
#3811=IFCPOLYLOOP((#2570,#2583,#2592));
#3812=IFCFACEOUTERBOUND(#3811,.T.);
#3813=IFCFACE((#3812));
#3814=IFCPOLYLOOP((#2597,#2601,#2585));
#3815=IFCFACEOUTERBOUND(#3814,.T.);
#3816=IFCFACE((#3815));
#3817=IFCPOLYLOOP((#2609,#2608,#2584));
#3818=IFCFACEOUTERBOUND(#3817,.T.);
#3819=IFCFACE((#3818));
#3820=IFCPOLYLOOP((#2592,#2594,#2570));
#3821=IFCFACEOUTERBOUND(#3820,.T.);
#3822=IFCFACE((#3821));
#3823=IFCPOLYLOOP((#2574,#2584,#2608));
#3824=IFCFACEOUTERBOUND(#3823,.T.);
#3825=IFCFACE((#3824));
#3826=IFCPOLYLOOP((#2588,#2587,#2586));
#3827=IFCFACEOUTERBOUND(#3826,.T.);
#3828=IFCFACE((#3827));
#3829=IFCPOLYLOOP((#2597,#2568,#2575));
#3830=IFCFACEOUTERBOUND(#3829,.T.);
#3831=IFCFACE((#3830));
#3832=IFCPOLYLOOP((#2600,#2579,#2578));
#3833=IFCFACEOUTERBOUND(#3832,.T.);
#3834=IFCFACE((#3833));
#3835=IFCPOLYLOOP((#2610,#2591,#2589));
#3836=IFCFACEOUTERBOUND(#3835,.T.);
#3837=IFCFACE((#3836));
#3838=IFCPOLYLOOP((#2602,#2605,#2604));
#3839=IFCFACEOUTERBOUND(#3838,.T.);
#3840=IFCFACE((#3839));
#3841=IFCPOLYLOOP((#2593,#2594,#2607));
#3842=IFCFACEOUTERBOUND(#3841,.T.);
#3843=IFCFACE((#3842));
#3844=IFCPOLYLOOP((#2563,#2560,#2596));
#3845=IFCFACEOUTERBOUND(#3844,.T.);
#3846=IFCFACE((#3845));
#3847=IFCPOLYLOOP((#2596,#2592,#2583));
#3848=IFCFACEOUTERBOUND(#3847,.T.);
#3849=IFCFACE((#3848));
#3850=IFCPOLYLOOP((#2576,#2608,#2609));
#3851=IFCFACEOUTERBOUND(#3850,.T.);
#3852=IFCFACE((#3851));
#3853=IFCPOLYLOOP((#2602,#2600,#2578));
#3854=IFCFACEOUTERBOUND(#3853,.T.);
#3855=IFCFACE((#3854));
#3856=IFCPOLYLOOP((#2597,#2575,#2601));
#3857=IFCFACEOUTERBOUND(#3856,.T.);
#3858=IFCFACE((#3857));
#3859=IFCPOLYLOOP((#2609,#2584,#2512));
#3860=IFCFACEOUTERBOUND(#3859,.T.);
#3861=IFCFACE((#3860));
#3862=IFCPOLYLOOP((#2609,#2515,#2514));
#3863=IFCFACEOUTERBOUND(#3862,.T.);
#3864=IFCFACE((#3863));
#3865=IFCPOLYLOOP((#2597,#2565,#2598));
#3866=IFCFACEOUTERBOUND(#3865,.T.);
#3867=IFCFACE((#3866));
#3868=IFCPOLYLOOP((#2599,#2598,#2600));
#3869=IFCFACEOUTERBOUND(#3868,.T.);
#3870=IFCFACE((#3869));
#3871=IFCPOLYLOOP((#2588,#2586,#2566));
#3872=IFCFACEOUTERBOUND(#3871,.T.);
#3873=IFCFACE((#3872));
#3874=IFCPOLYLOOP((#2589,#2587,#2581));
#3875=IFCFACEOUTERBOUND(#3874,.T.);
#3876=IFCFACE((#3875));
#3877=IFCPOLYLOOP((#2587,#2582,#2581));
#3878=IFCFACEOUTERBOUND(#3877,.T.);
#3879=IFCFACE((#3878));
#3880=IFCPOLYLOOP((#2596,#2583,#2562));
#3881=IFCFACEOUTERBOUND(#3880,.T.);
#3882=IFCFACE((#3881));
#3883=IFCPOLYLOOP((#2572,#2571,#2592));
#3884=IFCFACEOUTERBOUND(#3883,.T.);
#3885=IFCFACE((#3884));
#3886=IFCPOLYLOOP((#2589,#2580,#2587));
#3887=IFCFACEOUTERBOUND(#3886,.T.);
#3888=IFCFACE((#3887));
#3889=IFCPOLYLOOP((#2608,#2573,#2601));
#3890=IFCFACEOUTERBOUND(#3889,.T.);
#3891=IFCFACE((#3890));
#3892=IFCPOLYLOOP((#2586,#2587,#2580));
#3893=IFCFACEOUTERBOUND(#3892,.T.);
#3894=IFCFACE((#3893));
#3895=IFCPOLYLOOP((#2582,#2587,#2588));
#3896=IFCFACEOUTERBOUND(#3895,.T.);
#3897=IFCFACE((#3896));
#3898=IFCPOLYLOOP((#2588,#2569,#2582));
#3899=IFCFACEOUTERBOUND(#3898,.T.);
#3900=IFCFACE((#3899));
#3901=IFCPOLYLOOP((#2607,#2569,#2588));
#3902=IFCFACEOUTERBOUND(#3901,.T.);
#3903=IFCFACE((#3902));
#3904=IFCPOLYLOOP((#2606,#2564,#2591));
#3905=IFCFACEOUTERBOUND(#3904,.T.);
#3906=IFCFACE((#3905));
#3907=IFCPOLYLOOP((#2591,#2580,#2589));
#3908=IFCFACEOUTERBOUND(#3907,.T.);
#3909=IFCFACE((#3908));
#3910=IFCPOLYLOOP((#2606,#2605,#2564));
#3911=IFCFACEOUTERBOUND(#3910,.T.);
#3912=IFCFACE((#3911));
#3913=IFCPOLYLOOP((#2589,#2581,#2590));
#3914=IFCFACEOUTERBOUND(#3913,.T.);
#3915=IFCFACE((#3914));
#3916=IFCPOLYLOOP((#2596,#2572,#2592));
#3917=IFCFACEOUTERBOUND(#3916,.T.);
#3918=IFCFACE((#3917));
#3919=IFCPOLYLOOP((#2572,#2596,#2560));
#3920=IFCFACEOUTERBOUND(#3919,.T.);
#3921=IFCFACE((#3920));
#3922=IFCPOLYLOOP((#2571,#2594,#2592));
#3923=IFCFACEOUTERBOUND(#3922,.T.);
#3924=IFCFACE((#3923));
#3925=IFCPOLYLOOP((#2594,#2593,#2570));
#3926=IFCFACEOUTERBOUND(#3925,.T.);
#3927=IFCFACE((#3926));
#3928=IFCPOLYLOOP((#2607,#2595,#2569));
#3929=IFCFACEOUTERBOUND(#3928,.T.);
#3930=IFCFACE((#3929));
#3931=IFCPOLYLOOP((#2593,#2607,#2566));
#3932=IFCFACEOUTERBOUND(#3931,.T.);
#3933=IFCFACE((#3932));
#3934=IFCPOLYLOOP((#2594,#2571,#2595));
#3935=IFCFACEOUTERBOUND(#3934,.T.);
#3936=IFCFACE((#3935));
#3937=IFCPOLYLOOP((#2563,#2596,#2562));
#3938=IFCFACEOUTERBOUND(#3937,.T.);
#3939=IFCFACE((#3938));
#3940=IFCPOLYLOOP((#2568,#2597,#2598));
#3941=IFCFACEOUTERBOUND(#3940,.T.);
#3942=IFCFACE((#3941));
#3943=IFCPOLYLOOP((#2565,#2597,#2585));
#3944=IFCFACEOUTERBOUND(#3943,.T.);
#3945=IFCFACE((#3944));
#3946=IFCPOLYLOOP((#2602,#2577,#2600));
#3947=IFCFACEOUTERBOUND(#3946,.T.);
#3948=IFCFACE((#3947));
#3949=IFCPOLYLOOP((#2598,#2565,#2579));
#3950=IFCFACEOUTERBOUND(#3949,.T.);
#3951=IFCFACE((#3950));
#3952=IFCPOLYLOOP((#2599,#2568,#2598));
#3953=IFCFACEOUTERBOUND(#3952,.T.);
#3954=IFCFACE((#3953));
#3955=IFCPOLYLOOP((#2577,#2599,#2600));
#3956=IFCFACEOUTERBOUND(#3955,.T.);
#3957=IFCFACE((#3956));
#3958=IFCPOLYLOOP((#2579,#2600,#2598));
#3959=IFCFACEOUTERBOUND(#3958,.T.);
#3960=IFCFACE((#3959));
#3961=IFCPOLYLOOP((#2585,#2601,#2573));
#3962=IFCFACEOUTERBOUND(#3961,.T.);
#3963=IFCFACE((#3962));
#3964=IFCPOLYLOOP((#2601,#2575,#2574));
#3965=IFCFACEOUTERBOUND(#3964,.T.);
#3966=IFCFACE((#3965));
#3967=IFCPOLYLOOP((#2567,#2604,#2605));
#3968=IFCFACEOUTERBOUND(#3967,.T.);
#3969=IFCFACE((#3968));
#3970=IFCPOLYLOOP((#2604,#2577,#2602));
#3971=IFCFACEOUTERBOUND(#3970,.T.);
#3972=IFCFACE((#3971));
#3973=IFCPOLYLOOP((#2603,#2564,#2605));
#3974=IFCFACEOUTERBOUND(#3973,.T.);
#3975=IFCFACE((#3974));
#3976=IFCPOLYLOOP((#2602,#2578,#2603));
#3977=IFCFACEOUTERBOUND(#3976,.T.);
#3978=IFCFACE((#3977));
#3979=IFCPOLYLOOP((#2606,#2567,#2605));
#3980=IFCFACEOUTERBOUND(#3979,.T.);
#3981=IFCFACE((#3980));
#3982=IFCPOLYLOOP((#2603,#2605,#2602));
#3983=IFCFACEOUTERBOUND(#3982,.T.);
#3984=IFCFACE((#3983));
#3985=IFCPOLYLOOP((#2606,#2590,#2567));
#3986=IFCFACEOUTERBOUND(#3985,.T.);
#3987=IFCFACE((#3986));
#3988=IFCPOLYLOOP((#2610,#2590,#2606));
#3989=IFCFACEOUTERBOUND(#3988,.T.);
#3990=IFCFACE((#3989));
#3991=IFCPOLYLOOP((#2594,#2595,#2607));
#3992=IFCFACEOUTERBOUND(#3991,.T.);
#3993=IFCFACE((#3992));
#3994=IFCPOLYLOOP((#2566,#2607,#2588));
#3995=IFCFACEOUTERBOUND(#3994,.T.);
#3996=IFCFACE((#3995));
#3997=IFCPOLYLOOP((#2574,#2608,#2601));
#3998=IFCFACEOUTERBOUND(#3997,.T.);
#3999=IFCFACE((#3998));
#4000=IFCPOLYLOOP((#2573,#2608,#2576));
#4001=IFCFACEOUTERBOUND(#4000,.T.);
#4002=IFCFACE((#4001));
#4003=IFCPOLYLOOP((#2576,#2609,#2514));
#4004=IFCFACEOUTERBOUND(#4003,.T.);
#4005=IFCFACE((#4004));
#4006=IFCPOLYLOOP((#2515,#2609,#2512));
#4007=IFCFACEOUTERBOUND(#4006,.T.);
#4008=IFCFACE((#4007));
#4009=IFCPOLYLOOP((#2591,#2610,#2606));
#4010=IFCFACEOUTERBOUND(#4009,.T.);
#4011=IFCFACE((#4010));
#4012=IFCPOLYLOOP((#2610,#2589,#2590));
#4013=IFCFACEOUTERBOUND(#4012,.T.);
#4014=IFCFACE((#4013));
#4015=IFCPOLYLOOP((#2661,#2660,#2642));
#4016=IFCFACEOUTERBOUND(#4015,.T.);
#4017=IFCFACE((#4016));
#4018=IFCPOLYLOOP((#2739,#2630,#2705));
#4019=IFCFACEOUTERBOUND(#4018,.T.);
#4020=IFCFACE((#4019));
#4021=IFCPOLYLOOP((#2709,#2749,#2774));
#4022=IFCFACEOUTERBOUND(#4021,.T.);
#4023=IFCFACE((#4022));
#4024=IFCPOLYLOOP((#2779,#2648,#2725));
#4025=IFCFACEOUTERBOUND(#4024,.T.);
#4026=IFCFACE((#4025));
#4027=IFCPOLYLOOP((#2691,#2683,#2662));
#4028=IFCFACEOUTERBOUND(#4027,.T.);
#4029=IFCFACE((#4028));
#4030=IFCPOLYLOOP((#2663,#2627,#2658));
#4031=IFCFACEOUTERBOUND(#4030,.T.);
#4032=IFCFACE((#4031));
#4033=IFCPOLYLOOP((#2753,#2674,#2711,#2635));
#4034=IFCFACEOUTERBOUND(#4033,.T.);
#4035=IFCFACE((#4034));
#4036=IFCPOLYLOOP((#2694,#2695,#2692));
#4037=IFCFACEOUTERBOUND(#4036,.T.);
#4038=IFCFACE((#4037));
#4039=IFCPOLYLOOP((#2656,#2640,#2654,#2655));
#4040=IFCFACEOUTERBOUND(#4039,.T.);
#4041=IFCFACE((#4040));
#4042=IFCPOLYLOOP((#2651,#2786,#2787,#2782));
#4043=IFCFACEOUTERBOUND(#4042,.T.);
#4044=IFCFACE((#4043));
#4045=IFCPOLYLOOP((#2719,#2777,#2776));
#4046=IFCFACEOUTERBOUND(#4045,.T.);
#4047=IFCFACE((#4046));
#4048=IFCPOLYLOOP((#2693,#2695,#2694));
#4049=IFCFACEOUTERBOUND(#4048,.T.);
#4050=IFCFACE((#4049));
#4051=IFCPOLYLOOP((#2718,#2773,#2778));
#4052=IFCFACEOUTERBOUND(#4051,.T.);
#4053=IFCFACE((#4052));
#4054=IFCPOLYLOOP((#2708,#2747,#2750));
#4055=IFCFACEOUTERBOUND(#4054,.T.);
#4056=IFCFACE((#4055));
#4057=IFCPOLYLOOP((#2683,#2625,#2685));
#4058=IFCFACEOUTERBOUND(#4057,.T.);
#4059=IFCFACE((#4058));
#4060=IFCPOLYLOOP((#2678,#2765,#2715));
#4061=IFCFACEOUTERBOUND(#4060,.T.);
#4062=IFCFACE((#4061));
#4063=IFCPOLYLOOP((#2656,#2658,#2627));
#4064=IFCFACEOUTERBOUND(#4063,.T.);
#4065=IFCFACE((#4064));
#4066=IFCPOLYLOOP((#2612,#2613,#2659));
#4067=IFCFACEOUTERBOUND(#4066,.T.);
#4068=IFCFACE((#4067));
#4069=IFCPOLYLOOP((#2654,#2526,#2525));
#4070=IFCFACEOUTERBOUND(#4069,.T.);
#4071=IFCFACE((#4070));
#4072=IFCPOLYLOOP((#2702,#2731,#2734));
#4073=IFCFACEOUTERBOUND(#4072,.T.);
#4074=IFCFACE((#4073));
#4075=IFCPOLYLOOP((#2717,#2770,#2769));
#4076=IFCFACEOUTERBOUND(#4075,.T.);
#4077=IFCFACE((#4076));
#4078=IFCPOLYLOOP((#2703,#2733,#2738));
#4079=IFCFACEOUTERBOUND(#4078,.T.);
#4080=IFCFACE((#4079));
#4081=IFCPOLYLOOP((#2704,#2736,#2740));
#4082=IFCFACEOUTERBOUND(#4081,.T.);
#4083=IFCFACE((#4082));
#4084=IFCPOLYLOOP((#2728,#2782,#2787));
#4085=IFCFACEOUTERBOUND(#4084,.T.);
#4086=IFCFACE((#4085));
#4087=IFCPOLYLOOP((#2676,#2760,#2713));
#4088=IFCFACEOUTERBOUND(#4087,.T.);
#4089=IFCFACE((#4088));
#4090=IFCPOLYLOOP((#2758,#2676,#2713,#2634));
#4091=IFCFACEOUTERBOUND(#4090,.T.);
#4092=IFCFACE((#4091));
#4093=IFCPOLYLOOP((#2674,#2755,#2711));
#4094=IFCFACEOUTERBOUND(#4093,.T.);
#4095=IFCFACE((#4094));
#4096=IFCPOLYLOOP((#2525,#2652,#2655));
#4097=IFCFACEOUTERBOUND(#4096,.T.);
#4098=IFCFACE((#4097));
#4099=IFCPOLYLOOP((#2642,#2660,#2659));
#4100=IFCFACEOUTERBOUND(#4099,.T.);
#4101=IFCFACE((#4100));
#4102=IFCPOLYLOOP((#2636,#2692,#2661));
#4103=IFCFACEOUTERBOUND(#4102,.T.);
#4104=IFCFACE((#4103));
#4105=IFCPOLYLOOP((#2658,#2655,#2639));
#4106=IFCFACEOUTERBOUND(#4105,.T.);
#4107=IFCFACE((#4106));
#4108=IFCPOLYLOOP((#2661,#2692,#2637));
#4109=IFCFACEOUTERBOUND(#4108,.T.);
#4110=IFCFACE((#4109));
#4111=IFCPOLYLOOP((#2659,#2660,#2612));
#4112=IFCFACEOUTERBOUND(#4111,.T.);
#4113=IFCFACE((#4112));
#4114=IFCPOLYLOOP((#2645,#2689,#2688));
#4115=IFCFACEOUTERBOUND(#4114,.T.);
#4116=IFCFACE((#4115));
#4117=IFCPOLYLOOP((#2763,#2678,#2715,#2644));
#4118=IFCFACEOUTERBOUND(#4117,.T.);
#4119=IFCFACE((#4118));
#4120=IFCPOLYLOOP((#2686,#2687,#2688));
#4121=IFCFACEOUTERBOUND(#4120,.T.);
#4122=IFCFACE((#4121));
#4123=IFCPOLYLOOP((#2725,#2781,#2780));
#4124=IFCFACEOUTERBOUND(#4123,.T.);
#4125=IFCFACE((#4124));
#4126=IFCPOLYLOOP((#2716,#2767,#2771));
#4127=IFCFACEOUTERBOUND(#4126,.T.);
#4128=IFCFACE((#4127));
#4129=IFCPOLYLOOP((#2699,#2727,#2769));
#4130=IFCFACEOUTERBOUND(#4129,.T.);
#4131=IFCFACE((#4130));
#4132=IFCPOLYLOOP((#2670,#2745,#2707));
#4133=IFCFACEOUTERBOUND(#4132,.T.);
#4134=IFCFACE((#4133));
#4135=IFCPOLYLOOP((#2743,#2670,#2707,#2650));
#4136=IFCFACEOUTERBOUND(#4135,.T.);
#4137=IFCFACE((#4136));
#4138=IFCPOLYLOOP((#2783,#2735,#2617,#2782));
#4139=IFCFACEOUTERBOUND(#4138,.T.);
#4140=IFCFACE((#4139));
#4141=IFCPOLYLOOP((#2525,#2524,#2652));
#4142=IFCFACEOUTERBOUND(#4141,.T.);
#4143=IFCFACE((#4142));
#4144=IFCPOLYLOOP((#2653,#2611,#2612));
#4145=IFCFACEOUTERBOUND(#4144,.T.);
#4146=IFCFACE((#4145));
#4147=IFCPOLYLOOP((#2525,#2655,#2654));
#4148=IFCFACEOUTERBOUND(#4147,.T.);
#4149=IFCFACE((#4148));
#4150=IFCPOLYLOOP((#2655,#2652,#2639));
#4151=IFCFACEOUTERBOUND(#4150,.T.);
#4152=IFCFACE((#4151));
#4153=IFCPOLYLOOP((#2657,#2626,#2658,#2639));
#4154=IFCFACEOUTERBOUND(#4153,.T.);
#4155=IFCFACE((#4154));
#4156=IFCPOLYLOOP((#2656,#2655,#2658));
#4157=IFCFACEOUTERBOUND(#4156,.T.);
#4158=IFCFACE((#4157));
#4159=IFCPOLYLOOP((#2702,#2730,#2780));
#4160=IFCFACEOUTERBOUND(#4159,.T.);
#4161=IFCFACE((#4160));
#4162=IFCPOLYLOOP((#2653,#2612,#2660));
#4163=IFCFACEOUTERBOUND(#4162,.T.);
#4164=IFCFACE((#4163));
#4165=IFCPOLYLOOP((#2660,#2641,#2653));
#4166=IFCFACEOUTERBOUND(#4165,.T.);
#4167=IFCFACE((#4166));
#4168=IFCPOLYLOOP((#2641,#2660,#2661));
#4169=IFCFACEOUTERBOUND(#4168,.T.);
#4170=IFCFACE((#4169));
#4171=IFCPOLYLOOP((#2641,#2661,#2637));
#4172=IFCFACEOUTERBOUND(#4171,.T.);
#4173=IFCFACE((#4172));
#4174=IFCPOLYLOOP((#2701,#2636,#2661,#2642));
#4175=IFCFACEOUTERBOUND(#4174,.T.);
#4176=IFCFACE((#4175));
#4177=IFCPOLYLOOP((#2626,#2663,#2658));
#4178=IFCFACEOUTERBOUND(#4177,.T.);
#4179=IFCFACE((#4178));
#4180=IFCPOLYLOOP((#2684,#2627,#2663));
#4181=IFCFACEOUTERBOUND(#4180,.T.);
#4182=IFCFACE((#4181));
#4183=IFCPOLYLOOP((#2685,#2624,#2683));
#4184=IFCFACEOUTERBOUND(#4183,.T.);
#4185=IFCFACE((#4184));
#4186=IFCPOLYLOOP((#2664,#2625,#2683));
#4187=IFCFACEOUTERBOUND(#4186,.T.);
#4188=IFCFACE((#4187));
#4189=IFCPOLYLOOP((#2626,#2691,#2663));
#4190=IFCFACEOUTERBOUND(#4189,.T.);
#4191=IFCFACE((#4190));
#4192=IFCPOLYLOOP((#2732,#2665,#2703,#2630));
#4193=IFCFACEOUTERBOUND(#4192,.T.);
#4194=IFCFACE((#4193));
#4195=IFCPOLYLOOP((#2704,#2735,#2783));
#4196=IFCFACEOUTERBOUND(#4195,.T.);
#4197=IFCFACE((#4196));
#4198=IFCPOLYLOOP((#2737,#2667,#2705));
#4199=IFCFACEOUTERBOUND(#4198,.T.);
#4200=IFCFACE((#4199));
#4201=IFCPOLYLOOP((#2669,#2744,#2745,#2741));
#4202=IFCFACEOUTERBOUND(#4201,.T.);
#4203=IFCFACE((#4202));
#4204=IFCPOLYLOOP((#2706,#2741,#2745));
#4205=IFCFACEOUTERBOUND(#4204,.T.);
#4206=IFCFACE((#4205));
#4207=IFCPOLYLOOP((#2746,#2619,#2708,#2671));
#4208=IFCFACEOUTERBOUND(#4207,.T.);
#4209=IFCFACE((#4208));
#4210=IFCPOLYLOOP((#2748,#2671,#2709,#2623));
#4211=IFCFACEOUTERBOUND(#4210,.T.);
#4212=IFCFACE((#4211));
#4213=IFCPOLYLOOP((#2755,#2710,#2673));
#4214=IFCFACEOUTERBOUND(#4213,.T.);
#4215=IFCFACE((#4214));
#4216=IFCPOLYLOOP((#2751,#2673,#2710,#2615));
#4217=IFCFACEOUTERBOUND(#4216,.T.);
#4218=IFCFACE((#4217));
#4219=IFCPOLYLOOP((#2675,#2759,#2760,#2756));
#4220=IFCFACEOUTERBOUND(#4219,.T.);
#4221=IFCFACE((#4220));
#4222=IFCPOLYLOOP((#2712,#2756,#2760));
#4223=IFCFACEOUTERBOUND(#4222,.T.);
#4224=IFCFACE((#4223));
#4225=IFCPOLYLOOP((#2765,#2714,#2677));
#4226=IFCFACEOUTERBOUND(#4225,.T.);
#4227=IFCFACE((#4226));
#4228=IFCPOLYLOOP((#2761,#2677,#2714,#2618));
#4229=IFCFACEOUTERBOUND(#4228,.T.);
#4230=IFCFACE((#4229));
#4231=IFCPOLYLOOP((#2766,#2616,#2716,#2679));
#4232=IFCFACEOUTERBOUND(#4231,.T.);
#4233=IFCFACE((#4232));
#4234=IFCPOLYLOOP((#2768,#2679,#2717,#2647));
#4235=IFCFACEOUTERBOUND(#4234,.T.);
#4236=IFCFACE((#4235));
#4237=IFCPOLYLOOP((#2772,#2623,#2718,#2681));
#4238=IFCFACEOUTERBOUND(#4237,.T.);
#4239=IFCFACE((#4238));
#4240=IFCPOLYLOOP((#2775,#2681,#2719,#2620));
#4241=IFCFACEOUTERBOUND(#4240,.T.);
#4242=IFCFACE((#4241));
#4243=IFCPOLYLOOP((#2664,#2683,#2691));
#4244=IFCFACEOUTERBOUND(#4243,.T.);
#4245=IFCFACE((#4244));
#4246=IFCPOLYLOOP((#2720,#2662,#2683,#2624));
#4247=IFCFACEOUTERBOUND(#4246,.T.);
#4248=IFCFACE((#4247));
#4249=IFCPOLYLOOP((#2721,#2644,#2689,#2645));
#4250=IFCFACEOUTERBOUND(#4249,.T.);
#4251=IFCFACE((#4250));
#4252=IFCPOLYLOOP((#2662,#2684,#2691));
#4253=IFCFACEOUTERBOUND(#4252,.T.);
#4254=IFCFACE((#4253));
#4255=IFCPOLYLOOP((#2685,#2690,#2688));
#4256=IFCFACEOUTERBOUND(#4255,.T.);
#4257=IFCFACE((#4256));
#4258=IFCPOLYLOOP((#2688,#2687,#2685));
#4259=IFCFACEOUTERBOUND(#4258,.T.);
#4260=IFCFACE((#4259));
#4261=IFCPOLYLOOP((#2687,#2624,#2685));
#4262=IFCFACEOUTERBOUND(#4261,.T.);
#4263=IFCFACE((#4262));
#4264=IFCPOLYLOOP((#2689,#2686,#2688));
#4265=IFCFACEOUTERBOUND(#4264,.T.);
#4266=IFCFACE((#4265));
#4267=IFCPOLYLOOP((#2664,#2691,#2626));
#4268=IFCFACEOUTERBOUND(#4267,.T.);
#4269=IFCFACE((#4268));
#4270=IFCPOLYLOOP((#2722,#2686,#2689,#2643));
#4271=IFCFACEOUTERBOUND(#4270,.T.);
#4272=IFCFACE((#4271));
#4273=IFCPOLYLOOP((#2643,#2689,#2715));
#4274=IFCFACEOUTERBOUND(#4273,.T.);
#4275=IFCFACE((#4274));
#4276=IFCPOLYLOOP((#2645,#2688,#2690));
#4277=IFCFACEOUTERBOUND(#4276,.T.);
#4278=IFCFACE((#4277));
#4279=IFCPOLYLOOP((#2685,#2625,#2690));
#4280=IFCFACEOUTERBOUND(#4279,.T.);
#4281=IFCFACE((#4280));
#4282=IFCPOLYLOOP((#2663,#2691,#2684));
#4283=IFCFACEOUTERBOUND(#4282,.T.);
#4284=IFCFACE((#4283));
#4285=IFCPOLYLOOP((#2638,#2697,#2695));
#4286=IFCFACEOUTERBOUND(#4285,.T.);
#4287=IFCFACE((#4286));
#4288=IFCPOLYLOOP((#2695,#2696,#2638));
#4289=IFCFACEOUTERBOUND(#4288,.T.);
#4290=IFCFACE((#4289));
#4291=IFCPOLYLOOP((#2693,#2696,#2695));
#4292=IFCFACEOUTERBOUND(#4291,.T.);
#4293=IFCFACE((#4292));
#4294=IFCPOLYLOOP((#2692,#2695,#2697));
#4295=IFCFACEOUTERBOUND(#4294,.T.);
#4296=IFCFACE((#4295));
#4297=IFCPOLYLOOP((#2692,#2636,#2694));
#4298=IFCFACEOUTERBOUND(#4297,.T.);
#4299=IFCFACE((#4298));
#4300=IFCPOLYLOOP((#2723,#2638,#2696,#2621));
#4301=IFCFACEOUTERBOUND(#4300,.T.);
#4302=IFCFACE((#4301));
#4303=IFCPOLYLOOP((#2682,#2778,#2773));
#4304=IFCFACEOUTERBOUND(#4303,.T.);
#4305=IFCFACE((#4304));
#4306=IFCPOLYLOOP((#2696,#2724,#2776));
#4307=IFCFACEOUTERBOUND(#4306,.T.);
#4308=IFCFACE((#4307));
#4309=IFCPOLYLOOP((#2697,#2637,#2692));
#4310=IFCFACEOUTERBOUND(#4309,.T.);
#4311=IFCFACE((#4310));
#4312=IFCPOLYLOOP((#2680,#2771,#2767));
#4313=IFCFACEOUTERBOUND(#4312,.T.);
#4314=IFCFACE((#4313));
#4315=IFCPOLYLOOP((#2726,#2698,#2699,#2646));
#4316=IFCFACEOUTERBOUND(#4315,.T.);
#4317=IFCFACE((#4316));
#4318=IFCPOLYLOOP((#2648,#2699,#2725));
#4319=IFCFACEOUTERBOUND(#4318,.T.);
#4320=IFCFACE((#4319));
#4321=IFCPOLYLOOP((#2734,#2703,#2665));
#4322=IFCFACEOUTERBOUND(#4321,.T.);
#4323=IFCFACE((#4322));
#4324=IFCPOLYLOOP((#2785,#2700,#2729,#2649));
#4325=IFCFACEOUTERBOUND(#4324,.T.);
#4326=IFCFACE((#4325));
#4327=IFCPOLYLOOP((#2704,#2783,#2614));
#4328=IFCFACEOUTERBOUND(#4327,.T.);
#4329=IFCFACE((#4328));
#4330=IFCPOLYLOOP((#2668,#2739,#2740,#2736));
#4331=IFCFACEOUTERBOUND(#4330,.T.);
#4332=IFCFACE((#4331));
#4333=IFCPOLYLOOP((#2734,#2733,#2703));
#4334=IFCFACEOUTERBOUND(#4333,.T.);
#4335=IFCFACE((#4334));
#4336=IFCPOLYLOOP((#2740,#2705,#2667));
#4337=IFCFACEOUTERBOUND(#4336,.T.);
#4338=IFCFACE((#4337));
#4339=IFCPOLYLOOP((#2728,#2614,#2783));
#4340=IFCFACEOUTERBOUND(#4339,.T.);
#4341=IFCFACE((#4340));
#4342=IFCPOLYLOOP((#2705,#2738,#2737));
#4343=IFCFACEOUTERBOUND(#4342,.T.);
#4344=IFCFACE((#4343));
#4345=IFCPOLYLOOP((#2740,#2739,#2705));
#4346=IFCFACEOUTERBOUND(#4345,.T.);
#4347=IFCFACE((#4346));
#4348=IFCPOLYLOOP((#2633,#2706,#2712));
#4349=IFCFACEOUTERBOUND(#4348,.T.);
#4350=IFCFACE((#4349));
#4351=IFCPOLYLOOP((#2742,#2632,#2706,#2670));
#4352=IFCFACEOUTERBOUND(#4351,.T.);
#4353=IFCFACE((#4352));
#4354=IFCPOLYLOOP((#2650,#2707,#2729));
#4355=IFCFACEOUTERBOUND(#4354,.T.);
#4356=IFCFACE((#4355));
#4357=IFCPOLYLOOP((#2744,#2649,#2707));
#4358=IFCFACEOUTERBOUND(#4357,.T.);
#4359=IFCFACE((#4358));
#4360=IFCPOLYLOOP((#2750,#2709,#2671));
#4361=IFCFACEOUTERBOUND(#4360,.T.);
#4362=IFCFACE((#4361));
#4363=IFCPOLYLOOP((#2616,#2708,#2716));
#4364=IFCFACEOUTERBOUND(#4363,.T.);
#4365=IFCFACE((#4364));
#4366=IFCPOLYLOOP((#2774,#2718,#2623));
#4367=IFCFACEOUTERBOUND(#4366,.T.);
#4368=IFCFACE((#4367));
#4369=IFCPOLYLOOP((#2672,#2709,#2750));
#4370=IFCFACEOUTERBOUND(#4369,.T.);
#4371=IFCFACE((#4370));
#4372=IFCPOLYLOOP((#2615,#2710,#2714));
#4373=IFCFACEOUTERBOUND(#4372,.T.);
#4374=IFCFACE((#4373));
#4375=IFCPOLYLOOP((#2752,#2618,#2710));
#4376=IFCFACEOUTERBOUND(#4375,.T.);
#4377=IFCFACE((#4376));
#4378=IFCPOLYLOOP((#2635,#2711,#2713));
#4379=IFCFACEOUTERBOUND(#4378,.T.);
#4380=IFCFACE((#4379));
#4381=IFCPOLYLOOP((#2754,#2634,#2711));
#4382=IFCFACEOUTERBOUND(#4381,.T.);
#4383=IFCFACE((#4382));
#4384=IFCPOLYLOOP((#2632,#2712,#2706));
#4385=IFCFACEOUTERBOUND(#4384,.T.);
#4386=IFCFACE((#4385));
#4387=IFCPOLYLOOP((#2757,#2633,#2712));
#4388=IFCFACEOUTERBOUND(#4387,.T.);
#4389=IFCFACE((#4388));
#4390=IFCPOLYLOOP((#2634,#2713,#2711));
#4391=IFCFACEOUTERBOUND(#4390,.T.);
#4392=IFCFACE((#4391));
#4393=IFCPOLYLOOP((#2759,#2635,#2713));
#4394=IFCFACEOUTERBOUND(#4393,.T.);
#4395=IFCFACE((#4394));
#4396=IFCPOLYLOOP((#2618,#2714,#2710));
#4397=IFCFACEOUTERBOUND(#4396,.T.);
#4398=IFCFACE((#4397));
#4399=IFCPOLYLOOP((#2762,#2615,#2714));
#4400=IFCFACEOUTERBOUND(#4399,.T.);
#4401=IFCFACE((#4400));
#4402=IFCPOLYLOOP((#2644,#2715,#2689));
#4403=IFCFACEOUTERBOUND(#4402,.T.);
#4404=IFCFACE((#4403));
#4405=IFCPOLYLOOP((#2764,#2643,#2715));
#4406=IFCFACEOUTERBOUND(#4405,.T.);
#4407=IFCFACE((#4406));
#4408=IFCPOLYLOOP((#2771,#2717,#2679));
#4409=IFCFACEOUTERBOUND(#4408,.T.);
#4410=IFCFACE((#4409));
#4411=IFCPOLYLOOP((#2619,#2716,#2708));
#4412=IFCFACEOUTERBOUND(#4411,.T.);
#4413=IFCFACE((#4412));
#4414=IFCPOLYLOOP((#2769,#2647,#2717));
#4415=IFCFACEOUTERBOUND(#4414,.T.);
#4416=IFCFACE((#4415));
#4417=IFCPOLYLOOP((#2680,#2717,#2771));
#4418=IFCFACEOUTERBOUND(#4417,.T.);
#4419=IFCFACE((#4418));
#4420=IFCPOLYLOOP((#2778,#2719,#2681));
#4421=IFCFACEOUTERBOUND(#4420,.T.);
#4422=IFCFACE((#4421));
#4423=IFCPOLYLOOP((#2622,#2718,#2774));
#4424=IFCFACEOUTERBOUND(#4423,.T.);
#4425=IFCFACE((#4424));
#4426=IFCPOLYLOOP((#2776,#2620,#2719));
#4427=IFCFACEOUTERBOUND(#4426,.T.);
#4428=IFCFACE((#4427));
#4429=IFCPOLYLOOP((#2682,#2719,#2778));
#4430=IFCFACEOUTERBOUND(#4429,.T.);
#4431=IFCFACE((#4430));
#4432=IFCPOLYLOOP((#2725,#2780,#2779));
#4433=IFCFACEOUTERBOUND(#4432,.T.);
#4434=IFCFACE((#4433));
#4435=IFCPOLYLOOP((#2696,#2693,#2724));
#4436=IFCFACEOUTERBOUND(#4435,.T.);
#4437=IFCFACE((#4436));
#4438=IFCPOLYLOOP((#2698,#2725,#2699));
#4439=IFCFACEOUTERBOUND(#4438,.T.);
#4440=IFCFACE((#4439));
#4441=IFCPOLYLOOP((#2784,#2614,#2728,#2700));
#4442=IFCFACEOUTERBOUND(#4441,.T.);
#4443=IFCFACE((#4442));
#4444=IFCPOLYLOOP((#2699,#2648,#2727));
#4445=IFCFACEOUTERBOUND(#4444,.T.);
#4446=IFCFACE((#4445));
#4447=IFCPOLYLOOP((#2729,#2700,#2787));
#4448=IFCFACEOUTERBOUND(#4447,.T.);
#4449=IFCFACE((#4448));
#4450=IFCPOLYLOOP((#2649,#2729,#2707));
#4451=IFCFACEOUTERBOUND(#4450,.T.);
#4452=IFCFACE((#4451));
#4453=IFCPOLYLOOP((#2786,#2650,#2729));
#4454=IFCFACEOUTERBOUND(#4453,.T.);
#4455=IFCFACE((#4454));
#4456=IFCPOLYLOOP((#2666,#2733,#2734,#2731));
#4457=IFCFACEOUTERBOUND(#4456,.T.);
#4458=IFCFACE((#4457));
#4459=IFCPOLYLOOP((#2702,#2665,#2730));
#4460=IFCFACEOUTERBOUND(#4459,.T.);
#4461=IFCFACE((#4460));
#4462=IFCPOLYLOOP((#2702,#2628,#2731));
#4463=IFCFACEOUTERBOUND(#4462,.T.);
#4464=IFCFACE((#4463));
#4465=IFCPOLYLOOP((#2702,#2734,#2665));
#4466=IFCFACEOUTERBOUND(#4465,.T.);
#4467=IFCFACE((#4466));
#4468=IFCPOLYLOOP((#2631,#2737,#2738,#2733));
#4469=IFCFACEOUTERBOUND(#4468,.T.);
#4470=IFCFACE((#4469));
#4471=IFCPOLYLOOP((#2735,#2704,#2667));
#4472=IFCFACEOUTERBOUND(#4471,.T.);
#4473=IFCFACE((#4472));
#4474=IFCPOLYLOOP((#2704,#2614,#2736));
#4475=IFCFACEOUTERBOUND(#4474,.T.);
#4476=IFCFACE((#4475));
#4477=IFCPOLYLOOP((#2703,#2738,#2630));
#4478=IFCFACEOUTERBOUND(#4477,.T.);
#4479=IFCFACE((#4478));
#4480=IFCPOLYLOOP((#2738,#2705,#2630));
#4481=IFCFACEOUTERBOUND(#4480,.T.);
#4482=IFCFACE((#4481));
#4483=IFCPOLYLOOP((#2704,#2740,#2667));
#4484=IFCFACEOUTERBOUND(#4483,.T.);
#4485=IFCFACE((#4484));
#4486=IFCPOLYLOOP((#2706,#2745,#2670));
#4487=IFCFACEOUTERBOUND(#4486,.T.);
#4488=IFCFACE((#4487));
#4489=IFCPOLYLOOP((#2706,#2633,#2741));
#4490=IFCFACEOUTERBOUND(#4489,.T.);
#4491=IFCFACE((#4490));
#4492=IFCPOLYLOOP((#2707,#2745,#2744));
#4493=IFCFACEOUTERBOUND(#4492,.T.);
#4494=IFCFACE((#4493));
#4495=IFCPOLYLOOP((#2672,#2750,#2747));
#4496=IFCFACEOUTERBOUND(#4495,.T.);
#4497=IFCFACE((#4496));
#4498=IFCPOLYLOOP((#2708,#2616,#2747));
#4499=IFCFACEOUTERBOUND(#4498,.T.);
#4500=IFCFACE((#4499));
#4501=IFCPOLYLOOP((#2709,#2672,#2749));
#4502=IFCFACEOUTERBOUND(#4501,.T.);
#4503=IFCFACE((#4502));
#4504=IFCPOLYLOOP((#2708,#2750,#2671));
#4505=IFCFACEOUTERBOUND(#4504,.T.);
#4506=IFCFACE((#4505));
#4507=IFCPOLYLOOP((#2752,#2710,#2755));
#4508=IFCFACEOUTERBOUND(#4507,.T.);
#4509=IFCFACE((#4508));
#4510=IFCPOLYLOOP((#2674,#2752,#2755));
#4511=IFCFACEOUTERBOUND(#4510,.T.);
#4512=IFCFACE((#4511));
#4513=IFCPOLYLOOP((#2673,#2754,#2755));
#4514=IFCFACEOUTERBOUND(#4513,.T.);
#4515=IFCFACE((#4514));
#4516=IFCPOLYLOOP((#2711,#2755,#2754));
#4517=IFCFACEOUTERBOUND(#4516,.T.);
#4518=IFCFACE((#4517));
#4519=IFCPOLYLOOP((#2757,#2712,#2760));
#4520=IFCFACEOUTERBOUND(#4519,.T.);
#4521=IFCFACE((#4520));
#4522=IFCPOLYLOOP((#2712,#2632,#2756));
#4523=IFCFACEOUTERBOUND(#4522,.T.);
#4524=IFCFACE((#4523));
#4525=IFCPOLYLOOP((#2676,#2757,#2760));
#4526=IFCFACEOUTERBOUND(#4525,.T.);
#4527=IFCFACE((#4526));
#4528=IFCPOLYLOOP((#2713,#2760,#2759));
#4529=IFCFACEOUTERBOUND(#4528,.T.);
#4530=IFCFACE((#4529));
#4531=IFCPOLYLOOP((#2762,#2714,#2765));
#4532=IFCFACEOUTERBOUND(#4531,.T.);
#4533=IFCFACE((#4532));
#4534=IFCPOLYLOOP((#2678,#2762,#2765));
#4535=IFCFACEOUTERBOUND(#4534,.T.);
#4536=IFCFACE((#4535));
#4537=IFCPOLYLOOP((#2677,#2764,#2765));
#4538=IFCFACEOUTERBOUND(#4537,.T.);
#4539=IFCFACE((#4538));
#4540=IFCPOLYLOOP((#2715,#2765,#2764));
#4541=IFCFACEOUTERBOUND(#4540,.T.);
#4542=IFCFACE((#4541));
#4543=IFCPOLYLOOP((#2647,#2769,#2727));
#4544=IFCFACEOUTERBOUND(#4543,.T.);
#4545=IFCFACE((#4544));
#4546=IFCPOLYLOOP((#2716,#2619,#2767));
#4547=IFCFACEOUTERBOUND(#4546,.T.);
#4548=IFCFACE((#4547));
#4549=IFCPOLYLOOP((#2699,#2769,#2646));
#4550=IFCFACEOUTERBOUND(#4549,.T.);
#4551=IFCFACE((#4550));
#4552=IFCPOLYLOOP((#2646,#2769,#2770));
#4553=IFCFACEOUTERBOUND(#4552,.T.);
#4554=IFCFACE((#4553));
#4555=IFCPOLYLOOP((#2717,#2680,#2770));
#4556=IFCFACEOUTERBOUND(#4555,.T.);
#4557=IFCFACE((#4556));
#4558=IFCPOLYLOOP((#2716,#2771,#2679));
#4559=IFCFACEOUTERBOUND(#4558,.T.);
#4560=IFCFACE((#4559));
#4561=IFCPOLYLOOP((#2622,#2774,#2749));
#4562=IFCFACEOUTERBOUND(#4561,.T.);
#4563=IFCFACE((#4562));
#4564=IFCPOLYLOOP((#2718,#2622,#2773));
#4565=IFCFACEOUTERBOUND(#4564,.T.);
#4566=IFCFACE((#4565));
#4567=IFCPOLYLOOP((#2709,#2774,#2623));
#4568=IFCFACEOUTERBOUND(#4567,.T.);
#4569=IFCFACE((#4568));
#4570=IFCPOLYLOOP((#2620,#2776,#2724));
#4571=IFCFACEOUTERBOUND(#4570,.T.);
#4572=IFCFACE((#4571));
#4573=IFCPOLYLOOP((#2696,#2776,#2621));
#4574=IFCFACEOUTERBOUND(#4573,.T.);
#4575=IFCFACE((#4574));
#4576=IFCPOLYLOOP((#2621,#2776,#2777));
#4577=IFCFACEOUTERBOUND(#4576,.T.);
#4578=IFCFACE((#4577));
#4579=IFCPOLYLOOP((#2719,#2682,#2777));
#4580=IFCFACEOUTERBOUND(#4579,.T.);
#4581=IFCFACE((#4580));
#4582=IFCPOLYLOOP((#2718,#2778,#2681));
#4583=IFCFACEOUTERBOUND(#4582,.T.);
#4584=IFCFACE((#4583));
#4585=IFCPOLYLOOP((#2629,#2779,#2780,#2730));
#4586=IFCFACEOUTERBOUND(#4585,.T.);
#4587=IFCFACE((#4586));
#4588=IFCPOLYLOOP((#2702,#2780,#2628));
#4589=IFCFACEOUTERBOUND(#4588,.T.);
#4590=IFCFACE((#4589));
#4591=IFCPOLYLOOP((#2628,#2780,#2781));
#4592=IFCFACEOUTERBOUND(#4591,.T.);
#4593=IFCFACE((#4592));
#4594=IFCPOLYLOOP((#2725,#2698,#2781));
#4595=IFCFACEOUTERBOUND(#4594,.T.);
#4596=IFCFACE((#4595));
#4597=IFCPOLYLOOP((#2728,#2783,#2782));
#4598=IFCFACEOUTERBOUND(#4597,.T.);
#4599=IFCFACE((#4598));
#4600=IFCPOLYLOOP((#2728,#2787,#2700));
#4601=IFCFACEOUTERBOUND(#4600,.T.);
#4602=IFCFACE((#4601));
#4603=IFCPOLYLOOP((#2729,#2787,#2786));
#4604=IFCFACEOUTERBOUND(#4603,.T.);
#4605=IFCFACE((#4604));
#4606=IFCPOLYLOOP((#2557,#2788,#2611,#2653,#2641,#2637,#2697,#2638,#2723,#2621,#2777,#2682,#2773,#2622,#2749,#2672,#2747,#2616,#2766,#2679,#2768,#2647,#2727,#2648,#2779,#2629,#2730,#2665,#2732,#2630,#2739,#2668,#2736,#2614,#2784,#2700,#2785,#2649,#2744,#2669,#2741,#2633,#2757,#2676,#2758,#2634,#2754,#2673,#2751,#2615,#2762,#2678,#2763,#2644,#2721,#2645,#2690,#2625,#2664,#2626,#2657,#2639,#2652,#2524));
#4607=IFCFACEOUTERBOUND(#4606,.T.);
#4608=IFCFACE((#4607));
#4609=IFCPOLYLOOP((#2557,#2559,#2788));
#4610=IFCFACEOUTERBOUND(#4609,.T.);
#4611=IFCFACE((#4610));
#4612=IFCPOLYLOOP((#2559,#2557,#2511));
#4613=IFCFACEOUTERBOUND(#4612,.T.);
#4614=IFCFACE((#4613));
#4615=IFCPOLYLOOP((#2271,#2511,#2557));
#4616=IFCFACEOUTERBOUND(#4615,.T.);
#4617=IFCFACE((#4616));
#4618=IFCPOLYLOOP((#2557,#2509,#2271));
#4619=IFCFACEOUTERBOUND(#4618,.T.);
#4620=IFCFACE((#4619));
#4621=IFCPOLYLOOP((#2272,#2271,#2509));
#4622=IFCFACEOUTERBOUND(#4621,.T.);
#4623=IFCFACE((#4622));
#4624=IFCPOLYLOOP((#2509,#2508,#2272));
#4625=IFCFACEOUTERBOUND(#4624,.T.);
#4626=IFCFACE((#4625));
#4627=IFCPOLYLOOP((#2788,#2272,#2508));
#4628=IFCFACEOUTERBOUND(#4627,.T.);
#4629=IFCFACE((#4628));
#4630=IFCPOLYLOOP((#2272,#2788,#2559));
#4631=IFCFACEOUTERBOUND(#4630,.T.);
#4632=IFCFACE((#4631));
#4633=IFCPOLYLOOP((#2269,#2272,#2559,#2558));
#4634=IFCFACEOUTERBOUND(#4633,.T.);
#4635=IFCFACE((#4634));
#4636=IFCPOLYLOOP((#2510,#2561,#2558));
#4637=IFCFACEOUTERBOUND(#4636,.T.);
#4638=IFCFACE((#4637));
#4639=IFCPOLYLOOP((#2561,#2510,#2513));
#4640=IFCFACEOUTERBOUND(#4639,.T.);
#4641=IFCFACE((#4640));
#4642=IFCPOLYLOOP((#2275,#2513,#2510));
#4643=IFCFACEOUTERBOUND(#4642,.T.);
#4644=IFCFACE((#4643));
#4645=IFCPOLYLOOP((#2510,#2270,#2275));
#4646=IFCFACEOUTERBOUND(#4645,.T.);
#4647=IFCFACE((#4646));
#4648=IFCPOLYLOOP((#2276,#2275,#2270));
#4649=IFCFACEOUTERBOUND(#4648,.T.);
#4650=IFCFACE((#4649));
#4651=IFCPOLYLOOP((#2270,#2269,#2276));
#4652=IFCFACEOUTERBOUND(#4651,.T.);
#4653=IFCFACE((#4652));
#4654=IFCPOLYLOOP((#2558,#2276,#2269));
#4655=IFCFACEOUTERBOUND(#4654,.T.);
#4656=IFCFACE((#4655));
#4657=IFCPOLYLOOP((#2276,#2558,#2561));
#4658=IFCFACEOUTERBOUND(#4657,.T.);
#4659=IFCFACE((#4658));
#4660=IFCPOLYLOOP((#2561,#2560,#2791,#2789,#2273,#2276));
#4661=IFCFACEOUTERBOUND(#4660,.T.);
#4662=IFCFACE((#4661));
#4663=IFCPOLYLOOP((#2790,#2794,#2792,#2793));
#4664=IFCFACEOUTERBOUND(#4663,.T.);
#4665=IFCFACE((#4664));
#4666=IFCPOLYLOOP((#2795,#2563,#2793));
#4667=IFCFACEOUTERBOUND(#4666,.T.);
#4668=IFCFACE((#4667));
#4669=IFCPOLYLOOP((#2796,#2280,#2273));
#4670=IFCFACEOUTERBOUND(#4669,.T.);
#4671=IFCFACE((#4670));
#4672=IFCPOLYLOOP((#2796,#2789,#2792));
#4673=IFCFACEOUTERBOUND(#4672,.T.);
#4674=IFCFACE((#4673));
#4675=IFCPOLYLOOP((#2795,#2791,#2560));
#4676=IFCFACEOUTERBOUND(#4675,.T.);
#4677=IFCFACE((#4676));
#4678=IFCPOLYLOOP((#2789,#2791,#2792));
#4679=IFCFACEOUTERBOUND(#4678,.T.);
#4680=IFCFACE((#4679));
#4681=IFCPOLYLOOP((#2796,#2792,#2794));
#4682=IFCFACEOUTERBOUND(#4681,.T.);
#4683=IFCFACE((#4682));
#4684=IFCPOLYLOOP((#2792,#2795,#2793));
#4685=IFCFACEOUTERBOUND(#4684,.T.);
#4686=IFCFACE((#4685));
#4687=IFCPOLYLOOP((#2792,#2791,#2795));
#4688=IFCFACEOUTERBOUND(#4687,.T.);
#4689=IFCFACE((#4688));
#4690=IFCPOLYLOOP((#2563,#2562,#2793));
#4691=IFCFACEOUTERBOUND(#4690,.T.);
#4692=IFCFACE((#4691));
#4693=IFCPOLYLOOP((#2794,#2277,#2280));
#4694=IFCFACEOUTERBOUND(#4693,.T.);
#4695=IFCFACE((#4694));
#4696=IFCPOLYLOOP((#2563,#2795,#2560));
#4697=IFCFACEOUTERBOUND(#4696,.T.);
#4698=IFCFACE((#4697));
#4699=IFCPOLYLOOP((#2789,#2796,#2273));
#4700=IFCFACEOUTERBOUND(#4699,.T.);
#4701=IFCFACE((#4700));
#4702=IFCPOLYLOOP((#2280,#2796,#2794));
#4703=IFCFACEOUTERBOUND(#4702,.T.);
#4704=IFCFACE((#4703));
#4705=IFCPOLYLOOP((#2514,#2526,#2654));
#4706=IFCFACEOUTERBOUND(#4705,.T.);
#4707=IFCFACE((#4706));
#4708=IFCPOLYLOOP((#2526,#2514,#2521));
#4709=IFCFACEOUTERBOUND(#4708,.T.);
#4710=IFCFACE((#4709));
#4711=IFCPOLYLOOP((#2613,#2277,#2794));
#4712=IFCFACEOUTERBOUND(#4711,.T.);
#4713=IFCFACE((#4712));
#4714=IFCPOLYLOOP((#2613,#2562,#2583));
#4715=IFCFACEOUTERBOUND(#4714,.T.);
#4716=IFCFACE((#4715));
#4717=IFCPOLYLOOP((#2278,#2332,#2374));
#4718=IFCFACEOUTERBOUND(#4717,.T.);
#4719=IFCFACE((#4718));
#4720=IFCPOLYLOOP((#2278,#2331,#2542));
#4721=IFCFACEOUTERBOUND(#4720,.T.);
#4722=IFCFACE((#4721));
#4723=IFCPOLYLOOP((#2277,#2613,#2812));
#4724=IFCFACEOUTERBOUND(#4723,.T.);
#4725=IFCFACE((#4724));
#4726=IFCPOLYLOOP((#2332,#2278,#2300));
#4727=IFCFACEOUTERBOUND(#4726,.T.);
#4728=IFCFACE((#4727));
#4729=IFCPOLYLOOP((#2514,#2654,#2640));
#4730=IFCFACEOUTERBOUND(#4729,.T.);
#4731=IFCFACE((#4730));
#4732=IFCPOLYLOOP((#2514,#2640,#2656));
#4733=IFCFACEOUTERBOUND(#4732,.T.);
#4734=IFCFACE((#4733));
#4735=IFCPOLYLOOP((#2514,#2656,#2627));
#4736=IFCFACEOUTERBOUND(#4735,.T.);
#4737=IFCFACE((#4736));
#4738=IFCPOLYLOOP((#2514,#2627,#2684));
#4739=IFCFACEOUTERBOUND(#4738,.T.);
#4740=IFCFACE((#4739));
#4741=IFCPOLYLOOP((#2514,#2684,#2662));
#4742=IFCFACEOUTERBOUND(#4741,.T.);
#4743=IFCFACE((#4742));
#4744=IFCPOLYLOOP((#2514,#2662,#2720));
#4745=IFCFACEOUTERBOUND(#4744,.T.);
#4746=IFCFACE((#4745));
#4747=IFCPOLYLOOP((#2514,#2720,#2624));
#4748=IFCFACEOUTERBOUND(#4747,.T.);
#4749=IFCFACE((#4748));
#4750=IFCPOLYLOOP((#2514,#2624,#2687));
#4751=IFCFACEOUTERBOUND(#4750,.T.);
#4752=IFCFACE((#4751));
#4753=IFCPOLYLOOP((#2514,#2687,#2686));
#4754=IFCFACEOUTERBOUND(#4753,.T.);
#4755=IFCFACE((#4754));
#4756=IFCPOLYLOOP((#2514,#2686,#2722));
#4757=IFCFACEOUTERBOUND(#4756,.T.);
#4758=IFCFACE((#4757));
#4759=IFCPOLYLOOP((#2514,#2722,#2643));
#4760=IFCFACEOUTERBOUND(#4759,.T.);
#4761=IFCFACE((#4760));
#4762=IFCPOLYLOOP((#2514,#2643,#2764));
#4763=IFCFACEOUTERBOUND(#4762,.T.);
#4764=IFCFACE((#4763));
#4765=IFCPOLYLOOP((#2514,#2764,#2677));
#4766=IFCFACEOUTERBOUND(#4765,.T.);
#4767=IFCFACE((#4766));
#4768=IFCPOLYLOOP((#2514,#2677,#2761));
#4769=IFCFACEOUTERBOUND(#4768,.T.);
#4770=IFCFACE((#4769));
#4771=IFCPOLYLOOP((#2514,#2761,#2618));
#4772=IFCFACEOUTERBOUND(#4771,.T.);
#4773=IFCFACE((#4772));
#4774=IFCPOLYLOOP((#2514,#2618,#2752));
#4775=IFCFACEOUTERBOUND(#4774,.T.);
#4776=IFCFACE((#4775));
#4777=IFCPOLYLOOP((#2514,#2752,#2674));
#4778=IFCFACEOUTERBOUND(#4777,.T.);
#4779=IFCFACE((#4778));
#4780=IFCPOLYLOOP((#2514,#2674,#2753));
#4781=IFCFACEOUTERBOUND(#4780,.T.);
#4782=IFCFACE((#4781));
#4783=IFCPOLYLOOP((#2514,#2753,#2635));
#4784=IFCFACEOUTERBOUND(#4783,.T.);
#4785=IFCFACE((#4784));
#4786=IFCPOLYLOOP((#2514,#2635,#2759));
#4787=IFCFACEOUTERBOUND(#4786,.T.);
#4788=IFCFACE((#4787));
#4789=IFCPOLYLOOP((#2514,#2759,#2675));
#4790=IFCFACEOUTERBOUND(#4789,.T.);
#4791=IFCFACE((#4790));
#4792=IFCPOLYLOOP((#2514,#2675,#2756));
#4793=IFCFACEOUTERBOUND(#4792,.T.);
#4794=IFCFACE((#4793));
#4795=IFCPOLYLOOP((#2514,#2756,#2632));
#4796=IFCFACEOUTERBOUND(#4795,.T.);
#4797=IFCFACE((#4796));
#4798=IFCPOLYLOOP((#2514,#2632,#2742));
#4799=IFCFACEOUTERBOUND(#4798,.T.);
#4800=IFCFACE((#4799));
#4801=IFCPOLYLOOP((#2514,#2742,#2670));
#4802=IFCFACEOUTERBOUND(#4801,.T.);
#4803=IFCFACE((#4802));
#4804=IFCPOLYLOOP((#2514,#2670,#2743));
#4805=IFCFACEOUTERBOUND(#4804,.T.);
#4806=IFCFACE((#4805));
#4807=IFCPOLYLOOP((#2514,#2743,#2650));
#4808=IFCFACEOUTERBOUND(#4807,.T.);
#4809=IFCFACE((#4808));
#4810=IFCPOLYLOOP((#2514,#2650,#2786));
#4811=IFCFACEOUTERBOUND(#4810,.T.);
#4812=IFCFACE((#4811));
#4813=IFCPOLYLOOP((#2514,#2786,#2651));
#4814=IFCFACEOUTERBOUND(#4813,.T.);
#4815=IFCFACE((#4814));
#4816=IFCPOLYLOOP((#2514,#2651,#2782));
#4817=IFCFACEOUTERBOUND(#4816,.T.);
#4818=IFCFACE((#4817));
#4819=IFCPOLYLOOP((#2514,#2782,#2617));
#4820=IFCFACEOUTERBOUND(#4819,.T.);
#4821=IFCFACE((#4820));
#4822=IFCPOLYLOOP((#2514,#2617,#2735));
#4823=IFCFACEOUTERBOUND(#4822,.T.);
#4824=IFCFACE((#4823));
#4825=IFCPOLYLOOP((#2514,#2735,#2667));
#4826=IFCFACEOUTERBOUND(#4825,.T.);
#4827=IFCFACE((#4826));
#4828=IFCPOLYLOOP((#2514,#2667,#2737));
#4829=IFCFACEOUTERBOUND(#4828,.T.);
#4830=IFCFACE((#4829));
#4831=IFCPOLYLOOP((#2514,#2737,#2631));
#4832=IFCFACEOUTERBOUND(#4831,.T.);
#4833=IFCFACE((#4832));
#4834=IFCPOLYLOOP((#2514,#2631,#2733));
#4835=IFCFACEOUTERBOUND(#4834,.T.);
#4836=IFCFACE((#4835));
#4837=IFCPOLYLOOP((#2514,#2733,#2666));
#4838=IFCFACEOUTERBOUND(#4837,.T.);
#4839=IFCFACE((#4838));
#4840=IFCPOLYLOOP((#2514,#2666,#2731));
#4841=IFCFACEOUTERBOUND(#4840,.T.);
#4842=IFCFACE((#4841));
#4843=IFCPOLYLOOP((#2514,#2731,#2628));
#4844=IFCFACEOUTERBOUND(#4843,.T.);
#4845=IFCFACE((#4844));
#4846=IFCPOLYLOOP((#2514,#2628,#2781));
#4847=IFCFACEOUTERBOUND(#4846,.T.);
#4848=IFCFACE((#4847));
#4849=IFCPOLYLOOP((#2514,#2781,#2698));
#4850=IFCFACEOUTERBOUND(#4849,.T.);
#4851=IFCFACE((#4850));
#4852=IFCPOLYLOOP((#2514,#2698,#2726));
#4853=IFCFACEOUTERBOUND(#4852,.T.);
#4854=IFCFACE((#4853));
#4855=IFCPOLYLOOP((#2514,#2726,#2646));
#4856=IFCFACEOUTERBOUND(#4855,.T.);
#4857=IFCFACE((#4856));
#4858=IFCPOLYLOOP((#2514,#2646,#2770));
#4859=IFCFACEOUTERBOUND(#4858,.T.);
#4860=IFCFACE((#4859));
#4861=IFCPOLYLOOP((#2514,#2770,#2680));
#4862=IFCFACEOUTERBOUND(#4861,.T.);
#4863=IFCFACE((#4862));
#4864=IFCPOLYLOOP((#2514,#2680,#2767));
#4865=IFCFACEOUTERBOUND(#4864,.T.);
#4866=IFCFACE((#4865));
#4867=IFCPOLYLOOP((#2514,#2767,#2619));
#4868=IFCFACEOUTERBOUND(#4867,.T.);
#4869=IFCFACE((#4868));
#4870=IFCPOLYLOOP((#2514,#2619,#2746));
#4871=IFCFACEOUTERBOUND(#4870,.T.);
#4872=IFCFACE((#4871));
#4873=IFCPOLYLOOP((#2514,#2746,#2671));
#4874=IFCFACEOUTERBOUND(#4873,.T.);
#4875=IFCFACE((#4874));
#4876=IFCPOLYLOOP((#2514,#2671,#2748));
#4877=IFCFACEOUTERBOUND(#4876,.T.);
#4878=IFCFACE((#4877));
#4879=IFCPOLYLOOP((#2514,#2748,#2623));
#4880=IFCFACEOUTERBOUND(#4879,.T.);
#4881=IFCFACE((#4880));
#4882=IFCPOLYLOOP((#2514,#2623,#2772));
#4883=IFCFACEOUTERBOUND(#4882,.T.);
#4884=IFCFACE((#4883));
#4885=IFCPOLYLOOP((#2514,#2772,#2681));
#4886=IFCFACEOUTERBOUND(#4885,.T.);
#4887=IFCFACE((#4886));
#4888=IFCPOLYLOOP((#2514,#2681,#2775));
#4889=IFCFACEOUTERBOUND(#4888,.T.);
#4890=IFCFACE((#4889));
#4891=IFCPOLYLOOP((#2514,#2775,#2620));
#4892=IFCFACEOUTERBOUND(#4891,.T.);
#4893=IFCFACE((#4892));
#4894=IFCPOLYLOOP((#2514,#2620,#2724));
#4895=IFCFACEOUTERBOUND(#4894,.T.);
#4896=IFCFACE((#4895));
#4897=IFCPOLYLOOP((#2514,#2724,#2693));
#4898=IFCFACEOUTERBOUND(#4897,.T.);
#4899=IFCFACE((#4898));
#4900=IFCPOLYLOOP((#2514,#2693,#2694));
#4901=IFCFACEOUTERBOUND(#4900,.T.);
#4902=IFCFACE((#4901));
#4903=IFCPOLYLOOP((#2514,#2694,#2636));
#4904=IFCFACEOUTERBOUND(#4903,.T.);
#4905=IFCFACE((#4904));
#4906=IFCPOLYLOOP((#2514,#2636,#2701));
#4907=IFCFACEOUTERBOUND(#4906,.T.);
#4908=IFCFACE((#4907));
#4909=IFCPOLYLOOP((#2514,#2701,#2642));
#4910=IFCFACEOUTERBOUND(#4909,.T.);
#4911=IFCFACE((#4910));
#4912=IFCPOLYLOOP((#2514,#2642,#2659));
#4913=IFCFACEOUTERBOUND(#4912,.T.);
#4914=IFCFACE((#4913));
#4915=IFCPOLYLOOP((#2514,#2659,#2613));
#4916=IFCFACEOUTERBOUND(#4915,.T.);
#4917=IFCFACE((#4916));
#4918=IFCPOLYLOOP((#2526,#2521,#2517));
#4919=IFCFACEOUTERBOUND(#4918,.T.);
#4920=IFCFACE((#4919));
#4921=IFCPOLYLOOP((#2526,#2517,#2520));
#4922=IFCFACEOUTERBOUND(#4921,.T.);
#4923=IFCFACE((#4922));
#4924=IFCPOLYLOOP((#2526,#2520,#2278));
#4925=IFCFACEOUTERBOUND(#4924,.T.);
#4926=IFCFACE((#4925));
#4927=IFCPOLYLOOP((#2613,#2794,#2790));
#4928=IFCFACEOUTERBOUND(#4927,.T.);
#4929=IFCFACE((#4928));
#4930=IFCPOLYLOOP((#2613,#2790,#2793));
#4931=IFCFACEOUTERBOUND(#4930,.T.);
#4932=IFCFACE((#4931));
#4933=IFCPOLYLOOP((#2613,#2793,#2562));
#4934=IFCFACEOUTERBOUND(#4933,.T.);
#4935=IFCFACE((#4934));
#4936=IFCPOLYLOOP((#2613,#2583,#2570));
#4937=IFCFACEOUTERBOUND(#4936,.T.);
#4938=IFCFACE((#4937));
#4939=IFCPOLYLOOP((#2613,#2570,#2593));
#4940=IFCFACEOUTERBOUND(#4939,.T.);
#4941=IFCFACE((#4940));
#4942=IFCPOLYLOOP((#2613,#2593,#2566));
#4943=IFCFACEOUTERBOUND(#4942,.T.);
#4944=IFCFACE((#4943));
#4945=IFCPOLYLOOP((#2613,#2566,#2586));
#4946=IFCFACEOUTERBOUND(#4945,.T.);
#4947=IFCFACE((#4946));
#4948=IFCPOLYLOOP((#2613,#2586,#2580));
#4949=IFCFACEOUTERBOUND(#4948,.T.);
#4950=IFCFACE((#4949));
#4951=IFCPOLYLOOP((#2613,#2580,#2591));
#4952=IFCFACEOUTERBOUND(#4951,.T.);
#4953=IFCFACE((#4952));
#4954=IFCPOLYLOOP((#2613,#2591,#2564));
#4955=IFCFACEOUTERBOUND(#4954,.T.);
#4956=IFCFACE((#4955));
#4957=IFCPOLYLOOP((#2613,#2564,#2603));
#4958=IFCFACEOUTERBOUND(#4957,.T.);
#4959=IFCFACE((#4958));
#4960=IFCPOLYLOOP((#2613,#2603,#2578));
#4961=IFCFACEOUTERBOUND(#4960,.T.);
#4962=IFCFACE((#4961));
#4963=IFCPOLYLOOP((#2613,#2578,#2579));
#4964=IFCFACEOUTERBOUND(#4963,.T.);
#4965=IFCFACE((#4964));
#4966=IFCPOLYLOOP((#2613,#2579,#2565));
#4967=IFCFACEOUTERBOUND(#4966,.T.);
#4968=IFCFACE((#4967));
#4969=IFCPOLYLOOP((#2613,#2565,#2585));
#4970=IFCFACEOUTERBOUND(#4969,.T.);
#4971=IFCFACE((#4970));
#4972=IFCPOLYLOOP((#2613,#2585,#2573));
#4973=IFCFACEOUTERBOUND(#4972,.T.);
#4974=IFCFACE((#4973));
#4975=IFCPOLYLOOP((#2613,#2573,#2576));
#4976=IFCFACEOUTERBOUND(#4975,.T.);
#4977=IFCFACE((#4976));
#4978=IFCPOLYLOOP((#2613,#2576,#2514));
#4979=IFCFACEOUTERBOUND(#4978,.T.);
#4980=IFCFACE((#4979));
#4981=IFCPOLYLOOP((#2278,#2374,#2360));
#4982=IFCFACEOUTERBOUND(#4981,.T.);
#4983=IFCFACE((#4982));
#4984=IFCPOLYLOOP((#2278,#2360,#2376));
#4985=IFCFACEOUTERBOUND(#4984,.T.);
#4986=IFCFACE((#4985));
#4987=IFCPOLYLOOP((#2278,#2376,#2347));
#4988=IFCFACEOUTERBOUND(#4987,.T.);
#4989=IFCFACE((#4988));
#4990=IFCPOLYLOOP((#2278,#2347,#2404));
#4991=IFCFACEOUTERBOUND(#4990,.T.);
#4992=IFCFACE((#4991));
#4993=IFCPOLYLOOP((#2278,#2404,#2382));
#4994=IFCFACEOUTERBOUND(#4993,.T.);
#4995=IFCFACE((#4994));
#4996=IFCPOLYLOOP((#2278,#2382,#2440));
#4997=IFCFACEOUTERBOUND(#4996,.T.);
#4998=IFCFACE((#4997));
#4999=IFCPOLYLOOP((#2278,#2440,#2344));
#5000=IFCFACEOUTERBOUND(#4999,.T.);
#5001=IFCFACE((#5000));
#5002=IFCPOLYLOOP((#2278,#2344,#2407));
#5003=IFCFACEOUTERBOUND(#5002,.T.);
#5004=IFCFACE((#5003));
#5005=IFCPOLYLOOP((#2278,#2407,#2406));
#5006=IFCFACEOUTERBOUND(#5005,.T.);
#5007=IFCFACE((#5006));
#5008=IFCPOLYLOOP((#2278,#2406,#2442));
#5009=IFCFACEOUTERBOUND(#5008,.T.);
#5010=IFCFACE((#5009));
#5011=IFCPOLYLOOP((#2278,#2442,#2363));
#5012=IFCFACEOUTERBOUND(#5011,.T.);
#5013=IFCFACE((#5012));
#5014=IFCPOLYLOOP((#2278,#2363,#2484));
#5015=IFCFACEOUTERBOUND(#5014,.T.);
#5016=IFCFACE((#5015));
#5017=IFCPOLYLOOP((#2278,#2484,#2397));
#5018=IFCFACEOUTERBOUND(#5017,.T.);
#5019=IFCFACE((#5018));
#5020=IFCPOLYLOOP((#2278,#2397,#2481));
#5021=IFCFACEOUTERBOUND(#5020,.T.);
#5022=IFCFACE((#5021));
#5023=IFCPOLYLOOP((#2278,#2481,#2338));
#5024=IFCFACEOUTERBOUND(#5023,.T.);
#5025=IFCFACE((#5024));
#5026=IFCPOLYLOOP((#2278,#2338,#2472));
#5027=IFCFACEOUTERBOUND(#5026,.T.);
#5028=IFCFACE((#5027));
#5029=IFCPOLYLOOP((#2278,#2472,#2394));
#5030=IFCFACEOUTERBOUND(#5029,.T.);
#5031=IFCFACE((#5030));
#5032=IFCPOLYLOOP((#2278,#2394,#2473));
#5033=IFCFACEOUTERBOUND(#5032,.T.);
#5034=IFCFACE((#5033));
#5035=IFCPOLYLOOP((#2278,#2473,#2355));
#5036=IFCFACEOUTERBOUND(#5035,.T.);
#5037=IFCFACE((#5036));
#5038=IFCPOLYLOOP((#2278,#2355,#2479));
#5039=IFCFACEOUTERBOUND(#5038,.T.);
#5040=IFCFACE((#5039));
#5041=IFCPOLYLOOP((#2278,#2479,#2395));
#5042=IFCFACEOUTERBOUND(#5041,.T.);
#5043=IFCFACE((#5042));
#5044=IFCPOLYLOOP((#2278,#2395,#2476));
#5045=IFCFACEOUTERBOUND(#5044,.T.);
#5046=IFCFACE((#5045));
#5047=IFCPOLYLOOP((#2278,#2476,#2352));
#5048=IFCFACEOUTERBOUND(#5047,.T.);
#5049=IFCFACE((#5048));
#5050=IFCPOLYLOOP((#2278,#2352,#2462));
#5051=IFCFACEOUTERBOUND(#5050,.T.);
#5052=IFCFACE((#5051));
#5053=IFCPOLYLOOP((#2278,#2462,#2390));
#5054=IFCFACEOUTERBOUND(#5053,.T.);
#5055=IFCFACE((#5054));
#5056=IFCPOLYLOOP((#2278,#2390,#2463));
#5057=IFCFACEOUTERBOUND(#5056,.T.);
#5058=IFCFACE((#5057));
#5059=IFCPOLYLOOP((#2278,#2463,#2370));
#5060=IFCFACEOUTERBOUND(#5059,.T.);
#5061=IFCFACE((#5060));
#5062=IFCPOLYLOOP((#2278,#2370,#2506));
#5063=IFCFACEOUTERBOUND(#5062,.T.);
#5064=IFCFACE((#5063));
#5065=IFCPOLYLOOP((#2278,#2506,#2371));
#5066=IFCFACEOUTERBOUND(#5065,.T.);
#5067=IFCFACE((#5066));
#5068=IFCPOLYLOOP((#2278,#2371,#2502));
#5069=IFCFACEOUTERBOUND(#5068,.T.);
#5070=IFCFACE((#5069));
#5071=IFCPOLYLOOP((#2278,#2502,#2337));
#5072=IFCFACEOUTERBOUND(#5071,.T.);
#5073=IFCFACE((#5072));
#5074=IFCPOLYLOOP((#2278,#2337,#2455));
#5075=IFCFACEOUTERBOUND(#5074,.T.);
#5076=IFCFACE((#5075));
#5077=IFCPOLYLOOP((#2278,#2455,#2387));
#5078=IFCFACEOUTERBOUND(#5077,.T.);
#5079=IFCFACE((#5078));
#5080=IFCPOLYLOOP((#2278,#2387,#2457));
#5081=IFCFACEOUTERBOUND(#5080,.T.);
#5082=IFCFACE((#5081));
#5083=IFCPOLYLOOP((#2278,#2457,#2351));
#5084=IFCFACEOUTERBOUND(#5083,.T.);
#5085=IFCFACE((#5084));
#5086=IFCPOLYLOOP((#2278,#2351,#2453));
#5087=IFCFACEOUTERBOUND(#5086,.T.);
#5088=IFCFACE((#5087));
#5089=IFCPOLYLOOP((#2278,#2453,#2386));
#5090=IFCFACEOUTERBOUND(#5089,.T.);
#5091=IFCFACE((#5090));
#5092=IFCPOLYLOOP((#2278,#2386,#2451));
#5093=IFCFACEOUTERBOUND(#5092,.T.);
#5094=IFCFACE((#5093));
#5095=IFCPOLYLOOP((#2278,#2451,#2348));
#5096=IFCFACEOUTERBOUND(#5095,.T.);
#5097=IFCFACE((#5096));
#5098=IFCPOLYLOOP((#2278,#2348,#2501));
#5099=IFCFACEOUTERBOUND(#5098,.T.);
#5100=IFCFACE((#5099));
#5101=IFCPOLYLOOP((#2278,#2501,#2418));
#5102=IFCFACEOUTERBOUND(#5101,.T.);
#5103=IFCFACE((#5102));
#5104=IFCPOLYLOOP((#2278,#2418,#2446));
#5105=IFCFACEOUTERBOUND(#5104,.T.);
#5106=IFCFACE((#5105));
#5107=IFCPOLYLOOP((#2278,#2446,#2366));
#5108=IFCFACEOUTERBOUND(#5107,.T.);
#5109=IFCFACE((#5108));
#5110=IFCPOLYLOOP((#2278,#2366,#2490));
#5111=IFCFACEOUTERBOUND(#5110,.T.);
#5112=IFCFACE((#5111));
#5113=IFCPOLYLOOP((#2278,#2490,#2400));
#5114=IFCFACEOUTERBOUND(#5113,.T.);
#5115=IFCFACE((#5114));
#5116=IFCPOLYLOOP((#2278,#2400,#2487));
#5117=IFCFACEOUTERBOUND(#5116,.T.);
#5118=IFCFACE((#5117));
#5119=IFCPOLYLOOP((#2278,#2487,#2339));
#5120=IFCFACEOUTERBOUND(#5119,.T.);
#5121=IFCFACE((#5120));
#5122=IFCPOLYLOOP((#2278,#2339,#2466));
#5123=IFCFACEOUTERBOUND(#5122,.T.);
#5124=IFCFACE((#5123));
#5125=IFCPOLYLOOP((#2278,#2466,#2391));
#5126=IFCFACEOUTERBOUND(#5125,.T.);
#5127=IFCFACE((#5126));
#5128=IFCPOLYLOOP((#2278,#2391,#2468));
#5129=IFCFACEOUTERBOUND(#5128,.T.);
#5130=IFCFACE((#5129));
#5131=IFCPOLYLOOP((#2278,#2468,#2343));
#5132=IFCFACEOUTERBOUND(#5131,.T.);
#5133=IFCFACE((#5132));
#5134=IFCPOLYLOOP((#2278,#2343,#2492));
#5135=IFCFACEOUTERBOUND(#5134,.T.);
#5136=IFCFACE((#5135));
#5137=IFCPOLYLOOP((#2278,#2492,#2401));
#5138=IFCFACEOUTERBOUND(#5137,.T.);
#5139=IFCFACE((#5138));
#5140=IFCPOLYLOOP((#2278,#2401,#2495));
#5141=IFCFACEOUTERBOUND(#5140,.T.);
#5142=IFCFACE((#5141));
#5143=IFCPOLYLOOP((#2278,#2495,#2340));
#5144=IFCFACEOUTERBOUND(#5143,.T.);
#5145=IFCFACE((#5144));
#5146=IFCPOLYLOOP((#2278,#2340,#2444));
#5147=IFCFACEOUTERBOUND(#5146,.T.);
#5148=IFCFACE((#5147));
#5149=IFCPOLYLOOP((#2278,#2444,#2413));
#5150=IFCFACEOUTERBOUND(#5149,.T.);
#5151=IFCFACE((#5150));
#5152=IFCPOLYLOOP((#2278,#2413,#2414));
#5153=IFCFACEOUTERBOUND(#5152,.T.);
#5154=IFCFACE((#5153));
#5155=IFCPOLYLOOP((#2278,#2414,#2356));
#5156=IFCFACEOUTERBOUND(#5155,.T.);
#5157=IFCFACE((#5156));
#5158=IFCPOLYLOOP((#2278,#2356,#2421));
#5159=IFCFACEOUTERBOUND(#5158,.T.);
#5160=IFCFACE((#5159));
#5161=IFCPOLYLOOP((#2278,#2421,#2362));
#5162=IFCFACEOUTERBOUND(#5161,.T.);
#5163=IFCFACE((#5162));
#5164=IFCPOLYLOOP((#2278,#2362,#2379));
#5165=IFCFACEOUTERBOUND(#5164,.T.);
#5166=IFCFACE((#5165));
#5167=IFCPOLYLOOP((#2278,#2379,#2331));
#5168=IFCFACEOUTERBOUND(#5167,.T.);
#5169=IFCFACE((#5168));
#5170=IFCPOLYLOOP((#2278,#2542,#2535));
#5171=IFCFACEOUTERBOUND(#5170,.T.);
#5172=IFCFACE((#5171));
#5173=IFCPOLYLOOP((#2278,#2535,#2536));
#5174=IFCFACEOUTERBOUND(#5173,.T.);
#5175=IFCFACE((#5174));
#5176=IFCPOLYLOOP((#2278,#2536,#2531));
#5177=IFCFACEOUTERBOUND(#5176,.T.);
#5178=IFCFACE((#5177));
#5179=IFCPOLYLOOP((#2278,#2531,#2555));
#5180=IFCFACEOUTERBOUND(#5179,.T.);
#5181=IFCFACE((#5180));
#5182=IFCPOLYLOOP((#2278,#2555,#2532));
#5183=IFCFACEOUTERBOUND(#5182,.T.);
#5184=IFCFACE((#5183));
#5185=IFCPOLYLOOP((#2278,#2532,#2546));
#5186=IFCFACEOUTERBOUND(#5185,.T.);
#5187=IFCFACE((#5186));
#5188=IFCPOLYLOOP((#2278,#2546,#2527));
#5189=IFCFACEOUTERBOUND(#5188,.T.);
#5190=IFCFACE((#5189));
#5191=IFCPOLYLOOP((#2278,#2527,#2551));
#5192=IFCFACEOUTERBOUND(#5191,.T.);
#5193=IFCFACE((#5192));
#5194=IFCPOLYLOOP((#2278,#2551,#2533));
#5195=IFCFACEOUTERBOUND(#5194,.T.);
#5196=IFCFACE((#5195));
#5197=IFCPOLYLOOP((#2278,#2533,#2538));
#5198=IFCFACEOUTERBOUND(#5197,.T.);
#5199=IFCFACE((#5198));
#5200=IFCPOLYLOOP((#2278,#2538,#2526));
#5201=IFCFACEOUTERBOUND(#5200,.T.);
#5202=IFCFACE((#5201));
#5203=IFCPOLYLOOP((#2277,#2812,#2805));
#5204=IFCFACEOUTERBOUND(#5203,.T.);
#5205=IFCFACE((#5204));
#5206=IFCPOLYLOOP((#2277,#2805,#2806));
#5207=IFCFACEOUTERBOUND(#5206,.T.);
#5208=IFCFACE((#5207));
#5209=IFCPOLYLOOP((#2277,#2806,#2801));
#5210=IFCFACEOUTERBOUND(#5209,.T.);
#5211=IFCFACE((#5210));
#5212=IFCPOLYLOOP((#2277,#2801,#2825));
#5213=IFCFACEOUTERBOUND(#5212,.T.);
#5214=IFCFACE((#5213));
#5215=IFCPOLYLOOP((#2277,#2825,#2802));
#5216=IFCFACEOUTERBOUND(#5215,.T.);
#5217=IFCFACE((#5216));
#5218=IFCPOLYLOOP((#2277,#2802,#2816));
#5219=IFCFACEOUTERBOUND(#5218,.T.);
#5220=IFCFACE((#5219));
#5221=IFCPOLYLOOP((#2277,#2816,#2797));
#5222=IFCFACEOUTERBOUND(#5221,.T.);
#5223=IFCFACE((#5222));
#5224=IFCPOLYLOOP((#2277,#2797,#2821));
#5225=IFCFACEOUTERBOUND(#5224,.T.);
#5226=IFCFACE((#5225));
#5227=IFCPOLYLOOP((#2277,#2821,#2803));
#5228=IFCFACEOUTERBOUND(#5227,.T.);
#5229=IFCFACE((#5228));
#5230=IFCPOLYLOOP((#2277,#2803,#2808));
#5231=IFCFACEOUTERBOUND(#5230,.T.);
#5232=IFCFACE((#5231));
#5233=IFCPOLYLOOP((#2277,#2808,#2332));
#5234=IFCFACEOUTERBOUND(#5233,.T.);
#5235=IFCFACE((#5234));
#5236=IFCPOLYLOOP((#2332,#2300,#2287));
#5237=IFCFACEOUTERBOUND(#5236,.T.);
#5238=IFCFACE((#5237));
#5239=IFCPOLYLOOP((#2332,#2287,#2310));
#5240=IFCFACEOUTERBOUND(#5239,.T.);
#5241=IFCFACE((#5240));
#5242=IFCPOLYLOOP((#2332,#2310,#2283));
#5243=IFCFACEOUTERBOUND(#5242,.T.);
#5244=IFCFACE((#5243));
#5245=IFCPOLYLOOP((#2332,#2283,#2303));
#5246=IFCFACEOUTERBOUND(#5245,.T.);
#5247=IFCFACE((#5246));
#5248=IFCPOLYLOOP((#2332,#2303,#2297));
#5249=IFCFACEOUTERBOUND(#5248,.T.);
#5250=IFCFACE((#5249));
#5251=IFCPOLYLOOP((#2332,#2297,#2308));
#5252=IFCFACEOUTERBOUND(#5251,.T.);
#5253=IFCFACE((#5252));
#5254=IFCPOLYLOOP((#2332,#2308,#2281));
#5255=IFCFACEOUTERBOUND(#5254,.T.);
#5256=IFCFACE((#5255));
#5257=IFCPOLYLOOP((#2332,#2281,#2320));
#5258=IFCFACEOUTERBOUND(#5257,.T.);
#5259=IFCFACE((#5258));
#5260=IFCPOLYLOOP((#2332,#2320,#2295));
#5261=IFCFACEOUTERBOUND(#5260,.T.);
#5262=IFCFACE((#5261));
#5263=IFCPOLYLOOP((#2332,#2295,#2296));
#5264=IFCFACEOUTERBOUND(#5263,.T.);
#5265=IFCFACE((#5264));
#5266=IFCPOLYLOOP((#2332,#2296,#2282));
#5267=IFCFACEOUTERBOUND(#5266,.T.);
#5268=IFCFACE((#5267));
#5269=IFCPOLYLOOP((#2332,#2282,#2302));
#5270=IFCFACEOUTERBOUND(#5269,.T.);
#5271=IFCFACE((#5270));
#5272=IFCPOLYLOOP((#2332,#2302,#2290));
#5273=IFCFACEOUTERBOUND(#5272,.T.);
#5274=IFCFACE((#5273));
#5275=IFCPOLYLOOP((#2332,#2290,#2293));
#5276=IFCFACEOUTERBOUND(#5275,.T.);
#5277=IFCFACE((#5276));
#5278=IFCPOLYLOOP((#2332,#2293,#2277));
#5279=IFCFACEOUTERBOUND(#5278,.T.);
#5280=IFCFACE((#5279));
#5281=IFCPOLYLOOP((#2813,#2809,#2804));
#5282=IFCFACEOUTERBOUND(#5281,.T.);
#5283=IFCFACE((#5282));
#5284=IFCPOLYLOOP((#2820,#2824,#2825));
#5285=IFCFACEOUTERBOUND(#5284,.T.);
#5286=IFCFACE((#5285));
#5287=IFCPOLYLOOP((#2807,#2826,#2814));
#5288=IFCFACEOUTERBOUND(#5287,.T.);
#5289=IFCFACE((#5288));
#5290=IFCPOLYLOOP((#2818,#2799,#2820));
#5291=IFCFACEOUTERBOUND(#5290,.T.);
#5292=IFCFACE((#5291));
#5293=IFCPOLYLOOP((#2807,#2814,#2800));
#5294=IFCFACEOUTERBOUND(#5293,.T.);
#5295=IFCFACE((#5294));
#5296=IFCPOLYLOOP((#2814,#2821,#2817));
#5297=IFCFACEOUTERBOUND(#5296,.T.);
#5298=IFCFACE((#5297));
#5299=IFCPOLYLOOP((#2826,#2811,#2333));
#5300=IFCFACEOUTERBOUND(#5299,.T.);
#5301=IFCFACE((#5300));
#5302=IFCPOLYLOOP((#2799,#2818,#2810));
#5303=IFCFACEOUTERBOUND(#5302,.T.);
#5304=IFCFACE((#5303));
#5305=IFCPOLYLOOP((#2806,#2818,#2801));
#5306=IFCFACEOUTERBOUND(#5305,.T.);
#5307=IFCFACE((#5306));
#5308=IFCPOLYLOOP((#2819,#2824,#2798));
#5309=IFCFACEOUTERBOUND(#5308,.T.);
#5310=IFCFACE((#5309));
#5311=IFCPOLYLOOP((#2800,#2814,#2817));
#5312=IFCFACEOUTERBOUND(#5311,.T.);
#5313=IFCFACE((#5312));
#5314=IFCPOLYLOOP((#2822,#2813,#2804));
#5315=IFCFACEOUTERBOUND(#5314,.T.);
#5316=IFCFACE((#5315));
#5317=IFCPOLYLOOP((#2822,#2806,#2805));
#5318=IFCFACEOUTERBOUND(#5317,.T.);
#5319=IFCFACE((#5318));
#5320=IFCPOLYLOOP((#2822,#2818,#2806));
#5321=IFCFACEOUTERBOUND(#5320,.T.);
#5322=IFCFACE((#5321));
#5323=IFCPOLYLOOP((#2826,#2333,#2332));
#5324=IFCFACEOUTERBOUND(#5323,.T.);
#5325=IFCFACE((#5324));
#5326=IFCPOLYLOOP((#2812,#2613,#2612));
#5327=IFCFACEOUTERBOUND(#5326,.T.);
#5328=IFCFACE((#5327));
#5329=IFCPOLYLOOP((#2812,#2813,#2805));
#5330=IFCFACEOUTERBOUND(#5329,.T.);
#5331=IFCFACE((#5330));
#5332=IFCPOLYLOOP((#2612,#2611,#2809));
#5333=IFCFACEOUTERBOUND(#5332,.T.);
#5334=IFCFACE((#5333));
#5335=IFCPOLYLOOP((#2811,#2328,#2333));
#5336=IFCFACEOUTERBOUND(#5335,.T.);
#5337=IFCFACE((#5336));
#5338=IFCPOLYLOOP((#2826,#2803,#2814));
#5339=IFCFACEOUTERBOUND(#5338,.T.);
#5340=IFCFACE((#5339));
#5341=IFCPOLYLOOP((#2612,#2813,#2812));
#5342=IFCFACEOUTERBOUND(#5341,.T.);
#5343=IFCFACE((#5342));
#5344=IFCPOLYLOOP((#2809,#2813,#2612));
#5345=IFCFACEOUTERBOUND(#5344,.T.);
#5346=IFCFACE((#5345));
#5347=IFCPOLYLOOP((#2821,#2814,#2803));
#5348=IFCFACEOUTERBOUND(#5347,.T.);
#5349=IFCFACE((#5348));
#5350=IFCPOLYLOOP((#2808,#2803,#2826,#2332));
#5351=IFCFACEOUTERBOUND(#5350,.T.);
#5352=IFCFACE((#5351));
#5353=IFCPOLYLOOP((#2817,#2815,#2800));
#5354=IFCFACEOUTERBOUND(#5353,.T.);
#5355=IFCFACE((#5354));
#5356=IFCPOLYLOOP((#2824,#2819,#2816));
#5357=IFCFACEOUTERBOUND(#5356,.T.);
#5358=IFCFACE((#5357));
#5359=IFCPOLYLOOP((#2816,#2819,#2797));
#5360=IFCFACEOUTERBOUND(#5359,.T.);
#5361=IFCFACE((#5360));
#5362=IFCPOLYLOOP((#2815,#2817,#2819));
#5363=IFCFACEOUTERBOUND(#5362,.T.);
#5364=IFCFACE((#5363));
#5365=IFCPOLYLOOP((#2820,#2801,#2818));
#5366=IFCFACEOUTERBOUND(#5365,.T.);
#5367=IFCFACE((#5366));
#5368=IFCPOLYLOOP((#2822,#2804,#2810));
#5369=IFCFACEOUTERBOUND(#5368,.T.);
#5370=IFCFACE((#5369));
#5371=IFCPOLYLOOP((#2797,#2819,#2817));
#5372=IFCFACEOUTERBOUND(#5371,.T.);
#5373=IFCFACE((#5372));
#5374=IFCPOLYLOOP((#2815,#2819,#2798));
#5375=IFCFACEOUTERBOUND(#5374,.T.);
#5376=IFCFACE((#5375));
#5377=IFCPOLYLOOP((#2802,#2825,#2824,#2816));
#5378=IFCFACEOUTERBOUND(#5377,.T.);
#5379=IFCFACE((#5378));
#5380=IFCPOLYLOOP((#2823,#2824,#2820));
#5381=IFCFACEOUTERBOUND(#5380,.T.);
#5382=IFCFACE((#5381));
#5383=IFCPOLYLOOP((#2821,#2797,#2817));
#5384=IFCFACEOUTERBOUND(#5383,.T.);
#5385=IFCFACE((#5384));
#5386=IFCPOLYLOOP((#2805,#2813,#2822));
#5387=IFCFACEOUTERBOUND(#5386,.T.);
#5388=IFCFACE((#5387));
#5389=IFCPOLYLOOP((#2818,#2822,#2810));
#5390=IFCFACEOUTERBOUND(#5389,.T.);
#5391=IFCFACE((#5390));
#5392=IFCPOLYLOOP((#2798,#2824,#2823));
#5393=IFCFACEOUTERBOUND(#5392,.T.);
#5394=IFCFACE((#5393));
#5395=IFCPOLYLOOP((#2820,#2799,#2823));
#5396=IFCFACEOUTERBOUND(#5395,.T.);
#5397=IFCFACE((#5396));
#5398=IFCPOLYLOOP((#2825,#2801,#2820));
#5399=IFCFACEOUTERBOUND(#5398,.T.);
#5400=IFCFACE((#5399));
#5401=IFCPOLYLOOP((#2807,#2811,#2826));
#5402=IFCFACEOUTERBOUND(#5401,.T.);
#5403=IFCFACE((#5402));
#5404=IFCPOLYLOOP((#2508,#2328,#2811,#2807,#2800,#2815,#2798,#2823,#2799,#2810,#2804,#2809,#2611,#2788));
#5405=IFCFACEOUTERBOUND(#5404,.T.);
#5406=IFCFACE((#5405));
#5407=IFCCARTESIANPOINT((2.6666666666666776,0.53124999999997513,6.5));
#5408=IFCCARTESIANPOINT((2.6666666666666776,0.53124999999997513,4.4166666666666652));
#5409=IFCCARTESIANPOINT((2.6666666666666776,0.59374999999997513,4.4166666666666643));
#5410=IFCCARTESIANPOINT((2.6666666666666776,0.59374999999997513,6.5));
#5411=IFCCARTESIANPOINT((2.6272965879265202,0.59703083989498829,6.4606299212598426));
#5412=IFCCARTESIANPOINT((2.6272965879265202,0.5970308398949884,4.4560367454068226));
#5413=IFCCARTESIANPOINT((2.6272965879265202,0.53124999999997524,4.4560367454068217));
#5414=IFCCARTESIANPOINT((2.6272965879265202,0.53124999999997524,6.4606299212598426));
#5415=IFCCARTESIANPOINT((2.6437007874015857,0.61343503937005395,6.477034120734908));
#5416=IFCCARTESIANPOINT((2.6437007874015848,0.61343503937005406,4.4396325459317572));
#5417=IFCCARTESIANPOINT((2.6321012667128296,0.60863036058374353,4.4512320666205127));
#5418=IFCCARTESIANPOINT((2.6321012667128301,0.60863036058374398,6.4654346000461524));
#5419=IFCCARTESIANPOINT((2.6437007874015852,0.61343503937005395,5.4524030652700439));
#5420=IFCCARTESIANPOINT((2.6437007874015857,0.61343503937005395,5.9647185930024769));
#5421=IFCCARTESIANPOINT((2.6437007874015848,0.61343503937005406,4.9519480736641892));
#5422=IFCCARTESIANPOINT((2.6272965879265202,0.59703083989498829,5.4583333333333321));
#5423=IFCCARTESIANPOINT((2.6272965879265202,0.59703083989498829,5.9594816272965865));
#5424=IFCCARTESIANPOINT((2.6272965879265202,0.59703083989498829,4.9571850393700769));
#5425=IFCCARTESIANPOINT((2.6437007874015848,0.61343503937005406,4.6957903097979736));
#5426=IFCCARTESIANPOINT((2.6272965879265202,0.59703083989498829,4.706610886468038));
#5427=IFCCARTESIANPOINT((2.6272965879265202,0.59703083989498829,4.5841156332832593));
#5428=IFCCARTESIANPOINT((2.6437007874015857,0.61343503937005395,6.2208763568686916));
#5429=IFCCARTESIANPOINT((2.6272965879265202,0.59703083989498829,6.2100557801986263));
#5430=IFCCARTESIANPOINT((2.6272965879265202,0.59703083989498829,6.0847686978271955));
#5431=IFCCARTESIANPOINT((2.6437007874015857,0.61343503937005395,6.3489552634109678));
#5432=IFCCARTESIANPOINT((2.6272965879265202,0.59703083989498829,5.7089074743945485));
#5433=IFCCARTESIANPOINT((2.6437007874015857,0.61343503937005395,5.7085608291362604));
#5434=IFCCARTESIANPOINT((2.6437007874015857,0.61343503937005395,5.8366397356785367));
#5435=IFCCARTESIANPOINT((2.6437007874015852,0.61343503937005395,5.2021755694671166));
#5436=IFCCARTESIANPOINT((2.6272965879265202,0.59703083989498829,5.2077591922721158));
#5437=IFCCARTESIANPOINT((2.6272965879265202,0.59703083989498829,5.0824721099006851));
#5438=IFCCARTESIANPOINT((2.6437007874015848,0.61343503937005406,4.5677114032556974));
#5439=IFCCARTESIANPOINT((2.6272965879265202,0.59703083989498829,6.3353428507292344));
#5440=IFCCARTESIANPOINT((2.6437007874015857,0.61343503937005395,6.0927974503264171));
#5441=IFCCARTESIANPOINT((2.6437007874015848,0.61343503937005406,5.0770618215656533));
#5442=IFCCARTESIANPOINT((2.6322781022765112,0.60880454045815635,5.1396186871118985));
#5443=IFCCARTESIANPOINT((2.6319837474946586,0.60851163848381584,5.0394862013020543));
#5444=IFCCARTESIANPOINT((2.6321975653324046,0.6087258662927717,5.2366559084090092));
#5445=IFCCARTESIANPOINT((2.6272965879265202,0.59703083989498829,5.333046262802724));
#5446=IFCCARTESIANPOINT((2.6437007874015852,0.61343503937005395,5.3272893173685807));
#5447=IFCCARTESIANPOINT((2.6317784484250133,0.60829829718336748,4.6453632571397048));
#5448=IFCCARTESIANPOINT((2.6437007874015848,0.61343503937005406,4.823869216340249));
#5449=IFCCARTESIANPOINT((2.632382183138164,0.60890463279977625,4.7485360078301158));
#5450=IFCCARTESIANPOINT((2.6272965879265202,0.59703083989498829,4.8318979688394688));
#5451=IFCCARTESIANPOINT((2.6318698223404264,0.60839420322365867,4.5496165765595409));
#5452=IFCCARTESIANPOINT((2.6319321408032961,0.60845873198680933,6.0221251480263405));
#5453=IFCCARTESIANPOINT((2.6322153374723651,0.60874332043247992,5.9221087301027264));
#5454=IFCCARTESIANPOINT((2.6272965879265202,0.59703083989498829,5.8341945567659792));
#5455=IFCCARTESIANPOINT((2.6321130755704871,0.60864215743164884,5.7715510034637836));
#5456=IFCCARTESIANPOINT((2.6319721332510664,0.60849977324710336,6.118624629111876));
#5457=IFCCARTESIANPOINT((2.6320946015370108,0.60862369157585983,5.6732499056050356));
#5458=IFCCARTESIANPOINT((2.6437007874015852,0.61343503937005395,5.5804819225939841));
#5459=IFCCARTESIANPOINT((2.6272965879265202,0.59703083989498829,5.5836204038639403));
#5460=IFCCARTESIANPOINT((2.6319978395556687,0.60852600288354519,5.5209768589771802));
#5461=IFCCARTESIANPOINT((2.6320010428776675,0.60852926319963285,5.4240514863113125));
#5462=IFCCARTESIANPOINT((2.6319321406767142,0.60845873185645338,4.8945414977801507));
#5463=IFCCARTESIANPOINT((2.6317704985885166,0.60828987934134027,6.2726992937981798));
#5464=IFCCARTESIANPOINT((2.63191012214229,0.60843601298271388,6.3682738855441752));
#5465=IFCCARTESIANPOINT((2.6320957080758616,0.60862479928172886,5.3283859271514578));
#5466=IFCCARTESIANPOINT((2.6929133858267829,0.60687335958002764,6.5262467191601052));
#5467=IFCCARTESIANPOINT((2.6929133858267829,0.60687335958002775,4.39041994750656));
#5468=IFCCARTESIANPOINT((2.690991514312258,0.61151316785553023,4.3923418190210839));
#5469=IFCCARTESIANPOINT((2.6863517060367563,0.61343503937005384,4.3969816272965856));
#5470=IFCCARTESIANPOINT((2.6863517060367563,0.61343503937005384,6.5196850393700787));
#5471=IFCCARTESIANPOINT((2.6909915143122589,0.61151316785552978,6.5243248476455813));
#5472=IFCCARTESIANPOINT((2.6929133858267829,0.60687335958002775,5.4583333333333321));
#5473=IFCCARTESIANPOINT((2.6929133858267829,0.60687335958002764,5.9922900262467191));
#5474=IFCCARTESIANPOINT((2.6929133858267829,0.60687335958002775,4.924376640419946));
#5475=IFCCARTESIANPOINT((2.6863517060367563,0.61343503937005384,5.4583333333333321));
#5476=IFCCARTESIANPOINT((2.6863517060367563,0.61343503937005384,5.9890091922662929));
#5477=IFCCARTESIANPOINT((2.6863517060367563,0.61343503937005384,4.9276574744003705));
#5478=IFCCARTESIANPOINT((2.6863517060367563,0.61343503937005384,4.662319550848478));
#5479=IFCCARTESIANPOINT((2.6929133858267829,0.60687335958002775,4.6573982874988973));
#5480=IFCCARTESIANPOINT((2.6929133858267829,0.60687335958002775,4.7908874639594217));
#5481=IFCCARTESIANPOINT((2.6863517060367563,0.61343503937005384,4.7949885126244247));
#5482=IFCCARTESIANPOINT((2.6863517060367563,0.61343503937005384,6.2543471158181854));
#5483=IFCCARTESIANPOINT((2.6929133858267829,0.60687335958002764,6.259268379167767));
#5484=IFCCARTESIANPOINT((2.6929133858267829,0.60687335958002764,6.36423833125132));
#5485=IFCCARTESIANPOINT((2.6863517060367563,0.61343503937005384,6.387016077594132));
#5486=IFCCARTESIANPOINT((2.6863517060367563,0.61343503937005395,5.1929953979522638));
#5487=IFCCARTESIANPOINT((2.6929133858267829,0.60687335958002775,5.1913549933409957));
#5488=IFCCARTESIANPOINT((2.6929133858267829,0.60687335958002775,5.3248441698015192));
#5489=IFCCARTESIANPOINT((2.6863517060367563,0.61343503937005384,5.3256643597282096));
#5490=IFCCARTESIANPOINT((2.6863517060367563,0.61343503937005384,5.7236712687144005));
#5491=IFCCARTESIANPOINT((2.6929133858267829,0.60687335958002775,5.7253116733256704));
#5492=IFCCARTESIANPOINT((2.6929133858267829,0.60687335958002764,5.8588008497861948));
#5493=IFCCARTESIANPOINT((2.6863517060367563,0.61343503937005384,5.8563402304903462));
#5494=IFCCARTESIANPOINT((2.6863517060367563,0.61343503937005384,4.5296505890725323));
#5495=IFCCARTESIANPOINT((2.6929133858267829,0.60687335958002775,4.5239091110383729));
#5496=IFCCARTESIANPOINT((2.6929133858267829,0.60687335958002775,4.5906536992686355));
#5497=IFCCARTESIANPOINT((2.6929133858267829,0.60687335958002764,6.4452425252057131));
#5498=IFCCARTESIANPOINT((2.6863517060367563,0.61343503937005384,6.4533505584821054));
#5499=IFCCARTESIANPOINT((2.6929133858267829,0.60687335958002775,4.4714241285322407));
#5500=IFCCARTESIANPOINT((2.6863517060367563,0.61343503937005384,4.4633161081845589));
#5501=IFCCARTESIANPOINT((2.6863517060367563,0.61343503937005384,6.1216781540422396));
#5502=IFCCARTESIANPOINT((2.6929133858267829,0.60687335958002764,6.1257792027072435));
#5503=IFCCARTESIANPOINT((2.6929133858267829,0.60687335958002764,6.1925237909375062));
#5504=IFCCARTESIANPOINT((2.6863517060367563,0.61343503937005384,5.0603264361763172));
#5505=IFCCARTESIANPOINT((2.6929133858267829,0.60687335958002775,5.0578658168804704));
#5506=IFCCARTESIANPOINT((2.6929133858267829,0.60687335958002775,5.1246104051107331));
#5507=IFCCARTESIANPOINT((2.6929133858267829,0.60687335958002775,5.5918224968651451));
#5508=IFCCARTESIANPOINT((2.6863517060367563,0.61343503937005384,5.5910023069384547));
#5509=IFCCARTESIANPOINT((2.6863517060367563,0.61343503937005384,5.5246678142213046));
#5510=IFCCARTESIANPOINT((2.6929133858267829,0.60687335958002764,6.4857446221829091));
#5511=IFCCARTESIANPOINT((2.6929133858267829,0.60687335958002775,4.430922044483756));
#5512=IFCCARTESIANPOINT((2.6863517060367563,0.61343503937005384,6.4791829469565307));
#5513=IFCCARTESIANPOINT((2.6911332705195328,0.61136694197761299,6.4662667483070244));
#5514=IFCCARTESIANPOINT((2.6863517060367563,0.61343503937005384,6.4201833121235312));
#5515=IFCCARTESIANPOINT((2.6929133858267829,0.60687335958002764,6.404740428228517));
#5516=IFCCARTESIANPOINT((2.6908024090933624,0.61169486183230903,6.4035996931361687));
#5517=IFCCARTESIANPOINT((2.6863517060367563,0.61343503937005384,4.4374837315393094));
#5518=IFCCARTESIANPOINT((2.6911332706556448,0.61136694183277807,4.4503999168334705));
#5519=IFCCARTESIANPOINT((2.6907236942140509,0.6117663505921217,4.4972339517904754));
#5520=IFCCARTESIANPOINT((2.6863517060367563,0.61343503937005384,6.3206815967061596));
#5521=IFCCARTESIANPOINT((2.6905879390513832,0.61188434466408304,6.3630619077888673));
#5522=IFCCARTESIANPOINT((2.6929133858267829,0.60687335958002764,6.3117533616738992));
#5523=IFCCARTESIANPOINT((2.6929133858267829,0.60687335958002775,5.2580995815712566));
#5524=IFCCARTESIANPOINT((2.6863517060367563,0.61343503937005384,5.2593298788402372));
#5525=IFCCARTESIANPOINT((2.6863517060367563,0.61343503937005384,5.3919988524453588));
#5526=IFCCARTESIANPOINT((2.6929133858267829,0.60687335958002775,5.3915887451030704));
#5527=IFCCARTESIANPOINT((2.6929133858267829,0.60687335958002764,5.6585670850954077));
#5528=IFCCARTESIANPOINT((2.6863517060367563,0.61343503937005384,5.6573367878264271));
#5529=IFCCARTESIANPOINT((2.6863517060367563,0.61343503937005384,4.8613229935123972));
#5530=IFCCARTESIANPOINT((2.6929133858267829,0.60687335958002775,4.8576320521896843));
#5531=IFCCARTESIANPOINT((2.6929133858267829,0.60687335958002775,5.9255454380164565));
#5532=IFCCARTESIANPOINT((2.6863517060367563,0.61343503937005384,5.9226747113783205));
#5533=IFCCARTESIANPOINT((2.6863517060367563,0.61343503937005384,5.7900057496023738));
#5534=IFCCARTESIANPOINT((2.6929133858267829,0.60687335958002775,5.7920562615559321));
#5535=IFCCARTESIANPOINT((2.6863517060367563,0.61343503937005384,6.0553436731542662));
#5536=IFCCARTESIANPOINT((2.6929133858267829,0.60687335958002764,6.0590346144769809));
#5537=IFCCARTESIANPOINT((2.6929133858267829,0.60687335958002775,4.9911212286502078));
#5538=IFCCARTESIANPOINT((2.6863517060367563,0.61343503937005384,4.9939919552883438));
#5539=IFCCARTESIANPOINT((2.6863517060367563,0.61343503937005384,4.7286540317364514));
#5540=IFCCARTESIANPOINT((2.6929133858267829,0.60687335958002775,4.7241428757291599));
#5541=IFCCARTESIANPOINT((2.6907962128364629,0.61170057419864565,6.2855108532317736));
#5542=IFCCARTESIANPOINT((2.6863517060367563,0.61343503937005384,6.3538488430647337));
#5543=IFCCARTESIANPOINT((2.691051612742192,0.61145228070044899,6.2477361221769119));
#5544=IFCCARTESIANPOINT((2.6863517060367563,0.61343503937005384,6.1880126349302129));
#5545=IFCCARTESIANPOINT((2.6863517060367563,0.61343503937005384,6.221179881288788));
#5546=IFCCARTESIANPOINT((2.69090310794543,0.61159992094454663,6.2045962438077042));
#5547=IFCCARTESIANPOINT((2.6909583610488852,0.61154608590050363,6.1565041567143179));
#5548=IFCCARTESIANPOINT((2.6929133858267829,0.60687335958002764,6.2258960915169927));
#5549=IFCCARTESIANPOINT((2.6910725031041016,0.61143074004645626,6.3229715701802487));
#5550=IFCCARTESIANPOINT((2.6910529502602003,0.61145090744087804,4.5347297485692399));
#5551=IFCCARTESIANPOINT((2.6863517060367563,0.61343503937005384,4.5959850699605056));
#5552=IFCCARTESIANPOINT((2.6863517060367563,0.61343503937005384,4.5628178236019306));
#5553=IFCCARTESIANPOINT((2.6908898859787191,0.61161261737858685,4.579401450672349));
#5554=IFCCARTESIANPOINT((2.6909463742401565,0.61155787297711606,4.6272315094368448));
#5555=IFCCARTESIANPOINT((2.6929133858267829,0.60687335958002775,4.5572813986891489));
#5556=IFCCARTESIANPOINT((2.6863517060367563,0.61343503937005384,5.1266609170642905));
#5557=IFCCARTESIANPOINT((2.6909013519872951,0.61160161120103784,5.0934936805503179));
#5558=IFCCARTESIANPOINT((2.6929133858267829,0.60687335958002775,5.5250779215635948));
#5559=IFCCARTESIANPOINT((2.6863517060367563,0.61343503937005384,4.4964833545431331));
#5560=IFCCARTESIANPOINT((2.6910633057742555,0.61144024797152952,5.2247272753424205));
#5561=IFCCARTESIANPOINT((2.6910458025378983,0.61145823686353329,5.2914718615677483));
#5562=IFCCARTESIANPOINT((2.6909915145142405,0.61151316765354813,5.4251660869565219));
#5563=IFCCARTESIANPOINT((2.6909731608952763,0.61153144895846367,5.3588316056707574));
#5564=IFCCARTESIANPOINT((2.6910633057930307,0.61144024795215957,5.6919393789928101));
#5565=IFCCARTESIANPOINT((2.6909549650162679,0.61154943148221053,5.6241695308448811));
#5566=IFCCARTESIANPOINT((2.6908492601583891,0.61165118843734589,4.8944902367236667));
#5567=IFCCARTESIANPOINT((2.6908322468068713,0.61166714681708523,4.8281557554496377));
#5568=IFCCARTESIANPOINT((2.691130418750336,0.61136997458110476,5.9589177241873337));
#5569=IFCCARTESIANPOINT((2.6908838155163597,0.61161842283900825,5.8895074561840843));
#5570=IFCCARTESIANPOINT((2.6909190577426036,0.61158451018916016,5.7568384934788197));
#5571=IFCCARTESIANPOINT((2.6910974375438466,0.61140476930873811,5.8254285515378461));
#5572=IFCCARTESIANPOINT((2.6908492602742635,0.61165118832826859,6.0221764190504308));
#5573=IFCCARTESIANPOINT((2.6911622681433869,0.61133588508528702,6.0924068970945848));
#5574=IFCCARTESIANPOINT((2.6911304187018361,0.61136997463264708,4.9577489304564164));
#5575=IFCCARTESIANPOINT((2.6911140707398777,0.61138728515554397,5.0244935166761788));
#5576=IFCCARTESIANPOINT((2.690815413070478,0.61168282536989893,4.7618212741761727));
#5577=IFCCARTESIANPOINT((2.6907987614665165,0.61169822638352356,4.6954867929031892));
#5578=IFCCARTESIANPOINT((2.6863517060367563,0.61343503937005384,6.2875143503475854));
#5579=IFCCARTESIANPOINT((2.6929133858267829,0.60687335958002775,6.1591514903580187));
#5580=IFCCARTESIANPOINT((2.6863517060367563,0.61343503937005384,6.1548453885716388));
#5581=IFCCARTESIANPOINT((2.6929133858267829,0.60687335958002775,4.6240259998481221));
#5582=IFCCARTESIANPOINT((2.6863517060367563,0.61343503937005384,4.6291523163190798));
#5583=IFCCARTESIANPOINT((2.6910805166350924,0.61142242453800577,5.1579826891189384));
#5584=IFCCARTESIANPOINT((2.6863517060367563,0.61343503937005384,5.0934936707057163));
#5585=IFCCARTESIANPOINT((2.6929133858267829,0.60687335958002775,5.0912381045312465));
#5586=IFCCARTESIANPOINT((2.6909915145642218,0.61151316760356678,5.4915005682467299));
#5587=IFCCARTESIANPOINT((2.6910280045173689,0.6114763883858314,5.5584502064968611));
#5588=IFCCARTESIANPOINT((2.6929133858267829,0.60687335958002775,5.2247272809917709));
#5589=IFCCARTESIANPOINT((2.6863517060367563,0.61343503937005384,5.2261626324816621));
#5590=IFCCARTESIANPOINT((2.6929133858267829,0.60687335958002775,5.291471882150744));
#5591=IFCCARTESIANPOINT((2.6863517060367563,0.61343503937005384,5.2924971251988113));
#5592=IFCCARTESIANPOINT((2.6906724009065077,0.61181170317979305,5.2580895379776988));
#5593=IFCCARTESIANPOINT((2.6863517060367563,0.61343503937005384,5.4251660869747571));
#5594=IFCCARTESIANPOINT((2.6929133858267829,0.60687335958002775,5.4249610327538456));
#5595=IFCCARTESIANPOINT((2.6863517060367563,0.61343503937005395,5.3588316060867847));
#5596=IFCCARTESIANPOINT((2.6906992871268609,0.6117880498379995,5.3251186394506433));
#5597=IFCCARTESIANPOINT((2.6929133858267829,0.60687335958002775,5.3582164574522952));
#5598=IFCCARTESIANPOINT((2.6913102171178718,0.61117089486496678,5.3919893416324376));
#5599=IFCCARTESIANPOINT((2.6929133858267829,0.60687335958002764,5.6919393856748943));
#5600=IFCCARTESIANPOINT((2.6863517060367563,0.61343503937005384,5.6905040341850022));
#5601=IFCCARTESIANPOINT((2.6863517060367563,0.61343503937005384,5.624169541467853));
#5602=IFCCARTESIANPOINT((2.6929133858267829,0.60687335958002775,5.6251947845159211));
#5603=IFCCARTESIANPOINT((2.6912511371689218,0.61123812947636913,5.6580139082595116));
#5604=IFCCARTESIANPOINT((2.6863517060367563,0.61343503937005384,4.8944902398709722));
#5605=IFCCARTESIANPOINT((2.6929133858267829,0.60687335958002775,4.8910043527691709));
#5606=IFCCARTESIANPOINT((2.6863517060367563,0.61343503937005384,4.828155747153823));
#5607=IFCCARTESIANPOINT((2.6929133858267829,0.60687335958002775,4.8242597516101977));
#5608=IFCCARTESIANPOINT((2.6913124181031991,0.61116835404576153,4.8613108716347186));
#5609=IFCCARTESIANPOINT((2.6929133858267824,0.60687335958002764,5.9589177385959431));
#5610=IFCCARTESIANPOINT((2.6863517060367563,0.61343503937005384,5.9558419577368955));
#5611=IFCCARTESIANPOINT((2.6863517060367563,0.61343503937005384,5.8895074650197454));
#5612=IFCCARTESIANPOINT((2.6929133858267829,0.60687335958002775,5.8921731374369699));
#5613=IFCCARTESIANPOINT((2.6911788777672969,0.61131791296036919,5.9241497259964495));
#5614=IFCCARTESIANPOINT((2.6863517060367563,0.61343503937005384,5.7568385032437996));
#5615=IFCCARTESIANPOINT((2.6929133858267829,0.60687335958002775,5.7586839609764464));
#5616=IFCCARTESIANPOINT((2.6929133858267829,0.60687335958002764,5.8254285621354187));
#5617=IFCCARTESIANPOINT((2.6863517060367563,0.61343503937005384,5.8231729959609488));
#5618=IFCCARTESIANPOINT((2.6907580218022846,0.6117354602619649,5.7911984537873806));
#5619=IFCCARTESIANPOINT((2.6863517060367563,0.61343503937005384,6.0221764267956921));
#5620=IFCCARTESIANPOINT((2.6929133858267829,0.60687335958002764,6.0256623138974952));
#5621=IFCCARTESIANPOINT((2.6929133858267829,0.60687335958002764,6.0924069150564675));
#5622=IFCCARTESIANPOINT((2.6863517060367563,0.61343503937005384,6.0885109195128413));
#5623=IFCCARTESIANPOINT((2.6908364579418547,0.6116632073872712,6.0573684588513776));
#5624=IFCCARTESIANPOINT((2.6929133858267829,0.60687335958002775,4.9577489280707212));
#5625=IFCCARTESIANPOINT((2.6863517060367563,0.61343503937005395,4.9608247089297697));
#5626=IFCCARTESIANPOINT((2.6929133858267829,0.60687335958002775,5.0244935292296953));
#5627=IFCCARTESIANPOINT((2.691197172128815,0.61129796125899838,5.0590540923011655));
#5628=IFCCARTESIANPOINT((2.6863517060367563,0.61343503937005384,5.0271592016469189));
#5629=IFCCARTESIANPOINT((2.6906709174923615,0.6118130006670508,4.9911099060373623));
#5630=IFCCARTESIANPOINT((2.6863517060367563,0.61343503937005384,4.7618212780950255));
#5631=IFCCARTESIANPOINT((2.6929133858267829,0.60687335958002775,4.7575151763086465));
#5632=IFCCARTESIANPOINT((2.6913142883196741,0.61116619299772612,4.7949761009801772));
#5633=IFCCARTESIANPOINT((2.6863517060367563,0.61343503937005384,4.6954867853778772));
#5634=IFCCARTESIANPOINT((2.6907342638433462,0.61175688584070609,4.6613305900856421));
#5635=IFCCARTESIANPOINT((2.6929133858267829,0.60687335958002775,4.6907705751496724));
#5636=IFCCARTESIANPOINT((2.6913165063498132,0.6111636275807838,4.7286413394750308));
#5637=IFCCARTESIANPOINT((2.6929133858267829,0.60687335958002775,5.1579827056902197));
#5638=IFCCARTESIANPOINT((2.6912994002561561,0.61118334375379868,5.1913613077129082));
#5639=IFCCARTESIANPOINT((2.6863517060367563,0.61343503937005384,5.1598281634228647));
#5640=IFCCARTESIANPOINT((2.6863517060367563,0.61343503937005384,5.4915005796919072));
#5641=IFCCARTESIANPOINT((2.6906485609962756,0.61183246021660387,5.4583333276369448));
#5642=IFCCARTESIANPOINT((2.6929133858267829,0.60687335958002775,5.4917056339128196));
#5643=IFCCARTESIANPOINT((2.6929133858267824,0.60687335958002775,5.5584502092143699));
#5644=IFCCARTESIANPOINT((2.6863517060367563,0.61343503937005384,5.5578350605798796));
#5645=IFCCARTESIANPOINT((2.6906797311356949,0.6118052801399918,5.5249931444840596));
#5646=IFCCARTESIANPOINT((2.6929133858267829,0.59374999999997513,6.5262467191601052));
#5647=IFCCARTESIANPOINT((2.6929133858267829,0.59374999999997513,4.39041994750656));
#5648=IFCCARTESIANPOINT((2.2500000000000084,0.53124999999997446,4.4166666666666652));
#5649=IFCCARTESIANPOINT((2.2500000000000089,0.59374999999997446,4.4166666666666652));
#5650=IFCCARTESIANPOINT((2.2893700787401658,0.59703083989498773,4.4560367454068226));
#5651=IFCCARTESIANPOINT((2.2893700787401663,0.53124999999997469,4.4560367454068226));
#5652=IFCCARTESIANPOINT((2.2729658792651009,0.61343503937005339,4.4396325459317572));
#5653=IFCCARTESIANPOINT((2.2845653999538564,0.60863036058374342,4.4512320666205127));
#5654=IFCCARTESIANPOINT((2.4174489631277498,0.59703083989498795,4.4560367454068226));
#5655=IFCCARTESIANPOINT((2.4583333352265155,0.61343503937005361,4.4396325459317572));
#5656=IFCCARTESIANPOINT((2.4992177035389358,0.59703083989498806,4.4560367454068226));
#5657=IFCCARTESIANPOINT((2.4583333254410427,0.60816862928225279,4.4516761088590089));
#5658=IFCCARTESIANPOINT((2.5156219038567631,0.61343503937005373,4.4396325459317572));
#5659=IFCCARTESIANPOINT((2.4010447665962671,0.61343503937005361,4.4396325459317572));
#5660=IFCCARTESIANPOINT((2.5455970427166719,0.60685165967416532,4.4527721524434707));
#5661=IFCCARTESIANPOINT((2.3710696135621534,0.60685165949263808,4.4527721525791479));
#5662=IFCCARTESIANPOINT((2.2237532808399036,0.60687335958002708,4.39041994750656));
#5663=IFCCARTESIANPOINT((2.2256751523544276,0.61151316785552923,4.3923418190210839));
#5664=IFCCARTESIANPOINT((2.2303149606299302,0.61343503937005317,4.3969816272965865));
#5665=IFCCARTESIANPOINT((2.3923233561207962,0.61343503937005339,4.3969816272965865));
#5666=IFCCARTESIANPOINT((2.4583333333333428,0.60687335958002731,4.39041994750656));
#5667=IFCCARTESIANPOINT((2.5309049904022882,0.60687335958002753,4.39041994750656));
#5668=IFCCARTESIANPOINT((2.3410433070866232,0.60687335958002719,4.39041994750656));
#5669=IFCCARTESIANPOINT((2.5393375291082685,0.61343503937005361,4.3969816272965865));
#5670=IFCCARTESIANPOINT((2.4658304406440248,0.61343503937005361,4.3969816272965865));
#5671=IFCCARTESIANPOINT((2.3113191603458709,0.61343503937005328,4.3969816272965865));
#5672=IFCCARTESIANPOINT((2.6119091864504638,0.60687335958002753,4.39041994750656));
#5673=IFCCARTESIANPOINT((2.6128446175725122,0.61343503937005384,4.3969816272965865));
#5674=IFCCARTESIANPOINT((2.5760910733403901,0.61343503937005373,4.3969816272965865));
#5675=IFCCARTESIANPOINT((2.3047574768880787,0.60687335958002719,4.39041994750656));
#5676=IFCCARTESIANPOINT((2.2708170604879006,0.61343503937005317,4.3969816272965865));
#5677=IFCCARTESIANPOINT((2.6524112878026944,0.60687335958002753,4.3904199475065591));
#5678=IFCCARTESIANPOINT((2.5714070884263762,0.60687335958002753,4.39041994750656));
#5679=IFCCARTESIANPOINT((2.2642553788639912,0.60687335958002708,4.39041994750656));
#5680=IFCCARTESIANPOINT((2.6458496101198001,0.61343503937005384,4.3969816272965865));
#5681=IFCCARTESIANPOINT((2.629347111407327,0.61149160748274833,4.3923203583732295));
#5682=IFCCARTESIANPOINT((2.3229003917794397,0.61137915940768706,4.3922115738818022));
#5683=IFCCARTESIANPOINT((2.3996883202099832,0.60687335958002731,4.39041994750656));
#5684=IFCCARTESIANPOINT((2.4290768964119032,0.6134350393700535,4.3969816272965865));
#5685=IFCCARTESIANPOINT((2.3676556394499011,0.61144511541340318,4.3922747503843622));
#5686=IFCCARTESIANPOINT((2.5577143000609888,0.61161381687267302,4.3924447003274318));
#5687=IFCCARTESIANPOINT((2.4107001249018114,0.61165747354770184,4.3924907593168818));
#5688=IFCCARTESIANPOINT((2.5161911623084583,0.61172435337789777,4.3925630867185381));
#5689=IFCCARTESIANPOINT((2.3518212562628262,0.61343503937005339,4.3969816272965865));
#5690=IFCCARTESIANPOINT((2.5934296397679812,0.61094320794597312,4.3918345916502117));
#5691=IFCCARTESIANPOINT((2.4946191602037442,0.60687335958002742,4.39041994750656));
#5692=IFCCARTESIANPOINT((2.4764762447497768,0.61136465626454739,4.3921979157920683));
#5693=IFCCARTESIANPOINT((2.5025839848761464,0.61343503937005361,4.3969816272965865));
#5694=IFCCARTESIANPOINT((2.2627949529676674,0.61155513224386326,4.392384166433132));
#5695=IFCCARTESIANPOINT((2.2237532808399032,0.59374999999997424,4.39041994750656));
#5696=IFCCARTESIANPOINT((2.2500000000000084,0.53124999999997446,6.5));
#5697=IFCCARTESIANPOINT((2.250000000000008,0.59374999999997446,6.5));
#5698=IFCCARTESIANPOINT((2.2893700787401658,0.59703083989498773,6.4606299212598426));
#5699=IFCCARTESIANPOINT((2.2893700787401663,0.53124999999997469,6.4606299212598417));
#5700=IFCCARTESIANPOINT((2.2729658792651,0.61343503937005339,6.477034120734908));
#5701=IFCCARTESIANPOINT((2.284565399953856,0.60863036058374376,6.4654346000461524));
#5702=IFCCARTESIANPOINT((2.2729658792651,0.61343503937005339,5.46426359251452));
#5703=IFCCARTESIANPOINT((2.2729658792651,0.61343503937005339,4.9519480446140074));
#5704=IFCCARTESIANPOINT((2.2729658792651,0.61343503937005339,5.9647186220526569));
#5705=IFCCARTESIANPOINT((2.2893700787401663,0.59703083989498773,5.4583333333333321));
#5706=IFCCARTESIANPOINT((2.2893700787401663,0.59703083989498773,4.9571850393700769));
#5707=IFCCARTESIANPOINT((2.2893700787401663,0.59703083989498773,5.9594816272965874));
#5708=IFCCARTESIANPOINT((2.2729658792651,0.61343503937005339,6.2208763467846513));
#5709=IFCCARTESIANPOINT((2.2893700787401663,0.59703083989498773,6.2100557801986254));
#5710=IFCCARTESIANPOINT((2.2893700787401663,0.59703083989498773,6.3325510333834041));
#5711=IFCCARTESIANPOINT((2.2729658792651,0.61343503937005339,4.695790319882013));
#5712=IFCCARTESIANPOINT((2.2893700787401663,0.59703083989498773,4.7066108864680389));
#5713=IFCCARTESIANPOINT((2.2893700787401663,0.59703083989498773,4.8318979688394696));
#5714=IFCCARTESIANPOINT((2.2729658792651,0.61343503937005339,4.5677114082977539));
#5715=IFCCARTESIANPOINT((2.2893700787401663,0.59703083989498773,5.2077591922721158));
#5716=IFCCARTESIANPOINT((2.2729658792651,0.61343503937005339,5.2081058185642641));
#5717=IFCCARTESIANPOINT((2.2729658792651,0.61343503937005339,5.0800269561982665));
#5718=IFCCARTESIANPOINT((2.2729658792651,0.61343503937005339,5.7144911072835889));
#5719=IFCCARTESIANPOINT((2.2893700787401663,0.59703083989498773,5.7089074743945485));
#5720=IFCCARTESIANPOINT((2.2893700787401663,0.59703083989498773,5.8341945567659792));
#5721=IFCCARTESIANPOINT((2.2729658792651,0.61343503937005339,6.3489552583689104));
#5722=IFCCARTESIANPOINT((2.2893700787401663,0.59703083989498773,4.5813238159374308));
#5723=IFCCARTESIANPOINT((2.2729658792651,0.61343503937005339,4.8238691822480098));
#5724=IFCCARTESIANPOINT((2.2729658792651,0.61343503937005339,5.8396048646681233));
#5725=IFCCARTESIANPOINT((2.2843885643901745,0.60880454045815613,5.7770479795547676));
#5726=IFCCARTESIANPOINT((2.284682919172027,0.60851163848381562,5.8771804653646154));
#5727=IFCCARTESIANPOINT((2.284469101334281,0.60872586629277148,5.6800107582576533));
#5728=IFCCARTESIANPOINT((2.2893700787401663,0.59703083989498773,5.5836204038639403));
#5729=IFCCARTESIANPOINT((2.2729658792651,0.61343503937005339,5.5893773498990544));
#5730=IFCCARTESIANPOINT((2.2848882182416723,0.60829829718336725,6.2713034095269586));
#5731=IFCCARTESIANPOINT((2.2729658792651,0.61343503937005339,6.0927974844186545));
#5732=IFCCARTESIANPOINT((2.2842844835285216,0.60890463279977625,6.1681306588365405));
#5733=IFCCARTESIANPOINT((2.2893700787401663,0.59703083989498773,6.0847686978271955));
#5734=IFCCARTESIANPOINT((2.2847968443262596,0.60839420322365845,6.3670500901071279));
#5735=IFCCARTESIANPOINT((2.28473452586339,0.608458731986809,4.8945415186403238));
#5736=IFCCARTESIANPOINT((2.2844513291943205,0.60874332043247947,4.9945579365639405));
#5737=IFCCARTESIANPOINT((2.2893700787401663,0.59703083989498773,5.0824721099006851));
#5738=IFCCARTESIANPOINT((2.2845535910961989,0.60864215743164851,5.1451156632028807));
#5739=IFCCARTESIANPOINT((2.2846945334156192,0.60849977324710292,4.7980420375547874));
#5740=IFCCARTESIANPOINT((2.2845720651296753,0.60862369157585938,5.2434167610616322));
#5741=IFCCARTESIANPOINT((2.2729658792651,0.61343503937005339,5.3361846809302609));
#5742=IFCCARTESIANPOINT((2.2893700787401663,0.59703083989498773,5.333046262802724));
#5743=IFCCARTESIANPOINT((2.2846688271110174,0.60852600288354486,5.395689807689485));
#5744=IFCCARTESIANPOINT((2.2846656237890182,0.60852926319963252,5.4926151803553553));
#5745=IFCCARTESIANPOINT((2.2847345259899714,0.60845873185645316,6.0221251688865127));
#5746=IFCCARTESIANPOINT((2.284896168078169,0.60828987934133982,4.6439673728684854));
#5747=IFCCARTESIANPOINT((2.284756544524396,0.60843601298271344,4.5483927811224882));
#5748=IFCCARTESIANPOINT((2.2845709585908245,0.60862479928172863,5.5882807395152021));
#5749=IFCCARTESIANPOINT((2.2237532808399036,0.60687335958002708,6.5262467191601061));
#5750=IFCCARTESIANPOINT((2.2256751523544267,0.61151316785552845,6.5243248476455822));
#5751=IFCCARTESIANPOINT((2.2303149606299302,0.61343503937005317,6.5196850393700778));
#5752=IFCCARTESIANPOINT((2.2237532808399036,0.60687335958002686,5.4583333268689769));
#5753=IFCCARTESIANPOINT((2.2237532808399036,0.60687335958002686,4.9243766307234136));
#5754=IFCCARTESIANPOINT((2.2237532808399036,0.60687335958002697,5.9922900230145419));
#5755=IFCCARTESIANPOINT((2.2303149606299302,0.61343503937005317,5.4583333333333321));
#5756=IFCCARTESIANPOINT((2.2303149606299302,0.61343503937005317,4.9276574744003714));
#5757=IFCCARTESIANPOINT((2.2303149606299302,0.61343503937005317,5.9890091922662929));
#5758=IFCCARTESIANPOINT((2.2303149606299302,0.61343503937005317,6.2543471158181845));
#5759=IFCCARTESIANPOINT((2.2237532808399036,0.60687335958002697,6.2592683710873231));
#5760=IFCCARTESIANPOINT((2.2237532808399036,0.60687335958002708,6.1257791905865782));
#5761=IFCCARTESIANPOINT((2.2303149606299302,0.61343503937005317,6.1216781540422387));
#5762=IFCCARTESIANPOINT((2.2303149606299302,0.61343503937005317,4.6623195508484789));
#5763=IFCCARTESIANPOINT((2.2237532808399036,0.60687335958002686,4.6573982955793412));
#5764=IFCCARTESIANPOINT((2.2237532808399036,0.60687335958002686,4.5524283375565906));
#5765=IFCCARTESIANPOINT((2.2303149606299302,0.61343503937005317,4.5296505890725332));
#5766=IFCCARTESIANPOINT((2.2303149606299302,0.61343503937005328,5.7236712687144014));
#5767=IFCCARTESIANPOINT((2.2237532808399036,0.60687335958002697,5.725311674941759));
#5768=IFCCARTESIANPOINT((2.2237532808399036,0.60687335958002697,5.5918224944410131));
#5769=IFCCARTESIANPOINT((2.2303149606299302,0.61343503937005317,5.5910023069384538));
#5770=IFCCARTESIANPOINT((2.2303149606299302,0.61343503937005317,5.1929953979522647));
#5771=IFCCARTESIANPOINT((2.2237532808399036,0.60687335958002686,5.1913549787961948));
#5772=IFCCARTESIANPOINT((2.2237532808399036,0.60687335958002686,5.0578657982954489));
#5773=IFCCARTESIANPOINT((2.2303149606299302,0.61343503937005317,5.0603264361763181));
#5774=IFCCARTESIANPOINT((2.2303149606299302,0.61343503937005317,6.3870160775941311));
#5775=IFCCARTESIANPOINT((2.2237532808399036,0.60687335958002697,6.3927575515880699));
#5776=IFCCARTESIANPOINT((2.2237532808399036,0.60687335958002708,6.3260129548733417));
#5777=IFCCARTESIANPOINT((2.2237532808399036,0.60687335958002686,4.4714241489959301));
#5778=IFCCARTESIANPOINT((2.2303149606299302,0.61343503937005317,4.4633161081845598));
#5779=IFCCARTESIANPOINT((2.2237532808399036,0.60687335958002708,6.4452425305994456));
#5780=IFCCARTESIANPOINT((2.2303149606299302,0.61343503937005328,6.4533505584821054));
#5781=IFCCARTESIANPOINT((2.2303149606299302,0.61343503937005317,4.7949885126244247));
#5782=IFCCARTESIANPOINT((2.2237532808399036,0.60687335958002686,4.7908874631513765));
#5783=IFCCARTESIANPOINT((2.2237532808399036,0.60687335958002686,4.7241428793653597));
#5784=IFCCARTESIANPOINT((2.2303149606299302,0.61343503937005317,5.8563402304903471));
#5785=IFCCARTESIANPOINT((2.2237532808399036,0.60687335958002697,5.8588008554425057));
#5786=IFCCARTESIANPOINT((2.2237532808399036,0.60687335958002697,5.7920562587277775));
#5787=IFCCARTESIANPOINT((2.2237532808399036,0.60687335958002697,5.3248441592969415));
#5788=IFCCARTESIANPOINT((2.2303149606299302,0.61343503937005317,5.3256643597282096));
#5789=IFCCARTESIANPOINT((2.2303149606299302,0.61343503937005317,5.3919988524453597));
#5790=IFCCARTESIANPOINT((2.2237532808399036,0.60687335958002686,4.4309220417868893));
#5791=IFCCARTESIANPOINT((2.2237532808399036,0.60687335958002708,6.4857446248797759));
#5792=IFCCARTESIANPOINT((2.2303149606299302,0.61343503937005317,4.4374837315393103));
#5793=IFCCARTESIANPOINT((2.2255333961471533,0.61136694197761232,4.4503999183596408));
#5794=IFCCARTESIANPOINT((2.2303149606299302,0.61343503937005317,4.496483354543134));
#5795=IFCCARTESIANPOINT((2.2237532808399036,0.60687335958002686,4.5119262432762604));
#5796=IFCCARTESIANPOINT((2.2258642575733232,0.61169486183230837,4.5130669735304965));
#5797=IFCCARTESIANPOINT((2.2303149606299302,0.61343503937005317,6.479182935127354));
#5798=IFCCARTESIANPOINT((2.2255333960110413,0.6113669418327774,6.4662667498331929));
#5799=IFCCARTESIANPOINT((2.2259429724526347,0.61176635059212092,6.4194327148761872));
#5800=IFCCARTESIANPOINT((2.2303149606299302,0.61343503937005317,4.5959850699605056));
#5801=IFCCARTESIANPOINT((2.2260787276153033,0.61188434466408248,4.5536047588777997));
#5802=IFCCARTESIANPOINT((2.2237532808399036,0.60687335958002686,4.6049133165679663));
#5803=IFCCARTESIANPOINT((2.2237532808399036,0.60687335958002697,5.6585670911557413));
#5804=IFCCARTESIANPOINT((2.2303149606299302,0.61343503937005317,5.6573367878264271));
#5805=IFCCARTESIANPOINT((2.2303149606299302,0.61343503937005317,5.5246678142213046));
#5806=IFCCARTESIANPOINT((2.2237532808399036,0.60687335958002697,5.5250779106549954));
#5807=IFCCARTESIANPOINT((2.2237532808399036,0.60687335958002686,5.2580995625822133));
#5808=IFCCARTESIANPOINT((2.2303149606299302,0.61343503937005317,5.2593298788402372));
#5809=IFCCARTESIANPOINT((2.2303149606299302,0.61343503937005317,6.0553436731542654));
#5810=IFCCARTESIANPOINT((2.2237532808399036,0.60687335958002708,6.0590346068005596));
#5811=IFCCARTESIANPOINT((2.2237532808399036,0.60687335958002686,4.9911212145094304));
#5812=IFCCARTESIANPOINT((2.2303149606299302,0.61343503937005317,4.9939919552883438));
#5813=IFCCARTESIANPOINT((2.2303149606299302,0.61343503937005317,5.1266609170642905));
#5814=IFCCARTESIANPOINT((2.2237532808399036,0.60687335958002686,5.1246103950101771));
#5815=IFCCARTESIANPOINT((2.2303149606299302,0.61343503937005317,4.8613229935123989));
#5816=IFCCARTESIANPOINT((2.2237532808399036,0.60687335958002686,4.857632046937395));
#5817=IFCCARTESIANPOINT((2.2237532808399036,0.60687335958002697,5.9255454392285234));
#5818=IFCCARTESIANPOINT((2.2303149606299302,0.61343503937005317,5.9226747113783196));
#5819=IFCCARTESIANPOINT((2.2303149606299302,0.61343503937005317,6.188012634930212));
#5820=IFCCARTESIANPOINT((2.2237532808399036,0.60687335958002697,6.1925237873013055));
#5821=IFCCARTESIANPOINT((2.2258704538302228,0.61170057419864499,4.6311558134348916));
#5822=IFCCARTESIANPOINT((2.2303149606299302,0.61343503937005317,4.5628178236019314));
#5823=IFCCARTESIANPOINT((2.2256150539244941,0.61145228070044833,4.6689305444897542));
#5824=IFCCARTESIANPOINT((2.2303149606299302,0.61343503937005317,4.7286540317364523));
#5825=IFCCARTESIANPOINT((2.2303149606299302,0.61343503937005317,4.6954867853778772));
#5826=IFCCARTESIANPOINT((2.2257635587212565,0.61159992094454596,4.7120704228589609));
#5827=IFCCARTESIANPOINT((2.2257083056178013,0.61154608590050308,4.7601625099523481));
#5828=IFCCARTESIANPOINT((2.2237532808399036,0.60687335958002686,4.6907705810079952));
#5829=IFCCARTESIANPOINT((2.2255941635625849,0.61143074004645559,4.5936950964864138));
#5830=IFCCARTESIANPOINT((2.2256137164064862,0.61145090744087738,6.3819369180974199));
#5831=IFCCARTESIANPOINT((2.2303149606299302,0.61343503937005317,6.3206815967061587));
#5832=IFCCARTESIANPOINT((2.2303149606299302,0.61343503937005317,6.3538488430647337));
#5833=IFCCARTESIANPOINT((2.2257767806879669,0.6116126173785863,6.3372652159943144));
#5834=IFCCARTESIANPOINT((2.2257202924265296,0.61155787297711561,6.2894351572298177));
#5835=IFCCARTESIANPOINT((2.2237532808399036,0.60687335958002708,6.3593852532307062));
#5836=IFCCARTESIANPOINT((2.2303149606299302,0.61343503937005317,5.7900057496023738));
#5837=IFCCARTESIANPOINT((2.225765314679391,0.61160161120103729,5.8231729861163464));
#5838=IFCCARTESIANPOINT((2.2237532808399036,0.60687335958002697,5.3915887430829592));
#5839=IFCCARTESIANPOINT((2.2303149606299302,0.61343503937005317,6.4201833121235303));
#5840=IFCCARTESIANPOINT((2.2256033608924302,0.61144024797152885,5.6919393913242446));
#5841=IFCCARTESIANPOINT((2.2256208641287878,0.61145823686353262,5.6251948050989169));
#5842=IFCCARTESIANPOINT((2.2256751521524456,0.61151316765354757,5.4915005797101424));
#5843=IFCCARTESIANPOINT((2.2256935057714093,0.61153144895846312,5.5578350609959077));
#5844=IFCCARTESIANPOINT((2.2256033608736554,0.61144024795215901,5.2247272876738551));
#5845=IFCCARTESIANPOINT((2.2257117016504182,0.61154943148220986,5.2924971358217832));
#5846=IFCCARTESIANPOINT((2.225817406508297,0.61165118843734534,6.0221764299429967));
#5847=IFCCARTESIANPOINT((2.2258344198598148,0.61166714681708467,6.0885109112170266));
#5848=IFCCARTESIANPOINT((2.2255362479163501,0.61136997458110409,4.9577489424793315));
#5849=IFCCARTESIANPOINT((2.2257828511503264,0.61161842283900758,5.02715921048258));
#5850=IFCCARTESIANPOINT((2.225747608924082,0.61158451018915949,5.1598281731878446));
#5851=IFCCARTESIANPOINT((2.2255692291228399,0.61140476930873755,5.0912381151288191));
#5852=IFCCARTESIANPOINT((2.2258174063924221,0.61165118832826804,4.8944902476162335));
#5853=IFCCARTESIANPOINT((2.2255043985232992,0.61133588508528636,4.8242597695720804));
#5854=IFCCARTESIANPOINT((2.2255362479648495,0.61136997463264631,5.9589177362102497));
#5855=IFCCARTESIANPOINT((2.2255525959268079,0.6113872851555433,5.8921731499904864));
#5856=IFCCARTESIANPOINT((2.2258512535962081,0.61168282536989849,6.1548453924904907));
#5857=IFCCARTESIANPOINT((2.2258679052001695,0.61169822638352311,6.2211798737634743));
#5858=IFCCARTESIANPOINT((2.2303149606299302,0.61343503937005317,4.6291523163190798));
#5859=IFCCARTESIANPOINT((2.2237532808399036,0.60687335958002686,4.7575151777227234));
#5860=IFCCARTESIANPOINT((2.2303149606299302,0.61343503937005317,4.7618212780950264));
#5861=IFCCARTESIANPOINT((2.2237532808399036,0.60687335958002697,6.2926406694446877));
#5862=IFCCARTESIANPOINT((2.2303149606299302,0.61343503937005317,6.2875143503475845));
#5863=IFCCARTESIANPOINT((2.2255861500315937,0.6114224245380051,5.7586839775477268));
#5864=IFCCARTESIANPOINT((2.2303149606299302,0.61343503937005317,5.823172995960948));
#5865=IFCCARTESIANPOINT((2.2237532808399036,0.60687335958002697,5.8254285570851421));
#5866=IFCCARTESIANPOINT((2.2256751521024642,0.61151316760356611,5.4251660984199344));
#5867=IFCCARTESIANPOINT((2.2256386621493172,0.61147638838583074,5.358216460169805));
#5868=IFCCARTESIANPOINT((2.2237532808399036,0.60687335958002697,5.6919393765843953));
#5869=IFCCARTESIANPOINT((2.2303149606299302,0.61343503937005317,5.6905040341850013));
#5870=IFCCARTESIANPOINT((2.2237532808399036,0.60687335958002697,5.6251947927983776));
#5871=IFCCARTESIANPOINT((2.2303149606299302,0.61343503937005317,5.624169541467853));
#5872=IFCCARTESIANPOINT((2.2259942657601783,0.6118117031797925,5.6585771286889663));
#5873=IFCCARTESIANPOINT((2.2303149606299302,0.61343503937005317,5.4915005796919072));
#5874=IFCCARTESIANPOINT((2.2237532808399036,0.60687335958002697,5.4917056122976309));
#5875=IFCCARTESIANPOINT((2.2303149606299302,0.61343503937005317,5.5578350605798805));
#5876=IFCCARTESIANPOINT((2.2259673795398252,0.61178804983799906,5.591548027216021));
#5877=IFCCARTESIANPOINT((2.2237532808399036,0.60687335958002697,5.55845020901236));
#5878=IFCCARTESIANPOINT((2.2253564495488147,0.61117089486496612,5.5246773250342267));
#5879=IFCCARTESIANPOINT((2.2237532808399036,0.60687335958002686,5.2247272771535593));
#5880=IFCCARTESIANPOINT((2.2303149606299302,0.61343503937005317,5.2261626324816621));
#5881=IFCCARTESIANPOINT((2.2303149606299302,0.61343503937005317,5.2924971251988113));
#5882=IFCCARTESIANPOINT((2.2237532808399036,0.60687335958002697,5.291471860939577));
#5883=IFCCARTESIANPOINT((2.2254155294977647,0.61123812947636835,5.2586527584071536));
#5884=IFCCARTESIANPOINT((2.2303149606299302,0.61343503937005317,6.0221764267956912));
#5885=IFCCARTESIANPOINT((2.2237532808399036,0.60687335958002697,6.0256623084431959));
#5886=IFCCARTESIANPOINT((2.2303149606299302,0.61343503937005317,6.0885109195128404));
#5887=IFCCARTESIANPOINT((2.2237532808399036,0.60687335958002697,6.0924069051579242));
#5888=IFCCARTESIANPOINT((2.2253542485634865,0.61116835404576086,6.0553557950319448));
#5889=IFCCARTESIANPOINT((2.2237532808399036,0.60687335958002686,4.9577489161520667));
#5890=IFCCARTESIANPOINT((2.2303149606299302,0.61343503937005317,4.9608247089297706));
#5891=IFCCARTESIANPOINT((2.2303149606299302,0.61343503937005317,5.0271592016469189));
#5892=IFCCARTESIANPOINT((2.2237532808399036,0.60687335958002686,5.0244935128667949));
#5893=IFCCARTESIANPOINT((2.2254877888993887,0.61131791296036853,4.9925169406702157));
#5894=IFCCARTESIANPOINT((2.2303149606299302,0.61343503937005317,5.1598281634228655));
#5895=IFCCARTESIANPOINT((2.2237532808399036,0.60687335958002686,5.1579826804388311));
#5896=IFCCARTESIANPOINT((2.2237532808399036,0.60687335958002686,5.0912380966528126));
#5897=IFCCARTESIANPOINT((2.2303149606299302,0.61343503937005317,5.0934936707057163));
#5898=IFCCARTESIANPOINT((2.2259086448644014,0.61173546026196446,5.1254682128792837));
#5899=IFCCARTESIANPOINT((2.2303149606299302,0.61343503937005317,4.8944902398709722));
#5900=IFCCARTESIANPOINT((2.2237532808399036,0.60687335958002686,4.8910043452947596));
#5901=IFCCARTESIANPOINT((2.2237532808399036,0.60687335958002686,4.8242597485800305));
#5902=IFCCARTESIANPOINT((2.2303149606299302,0.61343503937005317,4.8281557471538239));
#5903=IFCCARTESIANPOINT((2.2258302087248314,0.61166320738727065,4.8592982078152867));
#5904=IFCCARTESIANPOINT((2.2237532808399036,0.60687335958002697,5.9589177375858879));
#5905=IFCCARTESIANPOINT((2.2303149606299302,0.61343503937005317,5.9558419577368946));
#5906=IFCCARTESIANPOINT((2.2237532808399036,0.60687335958002697,5.8921731408711597));
#5907=IFCCARTESIANPOINT((2.2254694945378715,0.61129796125899771,5.8576125743654988));
#5908=IFCCARTESIANPOINT((2.2303149606299302,0.61343503937005317,5.8895074650197454));
#5909=IFCCARTESIANPOINT((2.2259957491743245,0.61181300066705036,5.9255567606293038));
#5910=IFCCARTESIANPOINT((2.2303149606299302,0.61343503937005317,6.1548453885716379));
#5911=IFCCARTESIANPOINT((2.2237532808399036,0.60687335958002697,6.1591514889439409));
#5912=IFCCARTESIANPOINT((2.2253523783470115,0.61116619299772534,6.1216905656864871));
#5913=IFCCARTESIANPOINT((2.2303149606299302,0.61343503937005317,6.2211798812887871));
#5914=IFCCARTESIANPOINT((2.2259324028233398,0.61175688584070553,6.2553360765810213));
#5915=IFCCARTESIANPOINT((2.2237532808399036,0.60687335958002708,6.2258960727299595));
#5916=IFCCARTESIANPOINT((2.2253501603168733,0.61116362758078302,6.1880253271916326));
#5917=IFCCARTESIANPOINT((2.2237532808399036,0.60687335958002697,5.7586839732991235));
#5918=IFCCARTESIANPOINT((2.22536726641053,0.6111833437537979,5.7253053589537579));
#5919=IFCCARTESIANPOINT((2.2303149606299302,0.61343503937005317,5.7568385032437988));
#5920=IFCCARTESIANPOINT((2.2303149606299302,0.61343503937005317,5.4251660869747571));
#5921=IFCCARTESIANPOINT((2.2260181056704105,0.61183246021660342,5.4583333390297195));
#5922=IFCCARTESIANPOINT((2.2237532808399036,0.60687335958002697,5.4249610414403229));
#5923=IFCCARTESIANPOINT((2.2237532808399036,0.60687335958002686,5.3582164447255956));
#5924=IFCCARTESIANPOINT((2.2303149606299302,0.61343503937005317,5.3588316060867847));
#5925=IFCCARTESIANPOINT((2.2259869355309911,0.61180528013999125,5.3916735221826055));
#5926=IFCCARTESIANPOINT((2.2237532808399036,0.59374999999997424,6.5262467191601061));
#5927=IFCCARTESIANPOINT((2.4992177035389362,0.59703083989498817,6.4606299212598426));
#5928=IFCCARTESIANPOINT((2.4583333352265155,0.61343503937005373,6.477034120734908));
#5929=IFCCARTESIANPOINT((2.4174489631277494,0.59703083989498795,6.4606299212598426));
#5930=IFCCARTESIANPOINT((2.458333341225643,0.60816862928225301,6.4649905578076563));
#5931=IFCCARTESIANPOINT((2.4010447641218353,0.61343503937005361,6.4770341207349089));
#5932=IFCCARTESIANPOINT((2.5156219025448494,0.61343503937005384,6.477034120734908));
#5933=IFCCARTESIANPOINT((2.3710696239500137,0.60685165967416521,6.4638945142231945));
#5934=IFCCARTESIANPOINT((2.5455970531045322,0.60685165949263853,6.4638945140875173));
#5935=IFCCARTESIANPOINT((2.5243433105458895,0.61343503937005373,6.5196850393700796));
#5936=IFCCARTESIANPOINT((2.4583333333333424,0.60687335958002731,6.5262467191601061));
#5937=IFCCARTESIANPOINT((2.3857616744444279,0.60687335958002719,6.5262467191601061));
#5938=IFCCARTESIANPOINT((2.5756233612441339,0.60687335958002753,6.5262467191601061));
#5939=IFCCARTESIANPOINT((2.3773291336174016,0.6134350393700535,6.5196850393700796));
#5940=IFCCARTESIANPOINT((2.4508362220816453,0.61343503937005361,6.5196850393700796));
#5941=IFCCARTESIANPOINT((2.6053475102618311,0.61343503937005384,6.5196850393700787));
#5942=IFCCARTESIANPOINT((2.3047574793062364,0.60687335958002708,6.526246719160107));
#5943=IFCCARTESIANPOINT((2.3038220451531575,0.61343503937005339,6.5196850393700796));
#5944=IFCCARTESIANPOINT((2.3405755893852795,0.61343503937005339,6.5196850393700796));
#5945=IFCCARTESIANPOINT((2.6119091873604483,0.60687335958002764,6.5262467191601061));
#5946=IFCCARTESIANPOINT((2.6458496061787864,0.61343503937005395,6.5196850393700796));
#5947=IFCCARTESIANPOINT((2.2642553817371409,0.60687335958002697,6.5262467191601061));
#5948=IFCCARTESIANPOINT((2.3452595768753319,0.60687335958002708,6.5262467191601061));
#5949=IFCCARTESIANPOINT((2.6524112849295438,0.60687335958002775,6.5262467191601061));
#5950=IFCCARTESIANPOINT((2.2708170604878992,0.61343503937005328,6.5196850393700796));
#5951=IFCCARTESIANPOINT((2.2873195552593573,0.61149160748274789,6.5243463082934365));
#5952=IFCCARTESIANPOINT((2.5937662748872463,0.61137915940768761,6.5244550927848639));
#5953=IFCCARTESIANPOINT((2.5169783472887381,0.60687335958002753,6.5262467191601061));
#5954=IFCCARTESIANPOINT((2.4875897663137678,0.61343503937005361,6.5196850393700796));
#5955=IFCCARTESIANPOINT((2.5490110272167854,0.61144511541340352,6.5243919162823039));
#5956=IFCCARTESIANPOINT((2.3589523666056964,0.6116138168726728,6.5242219663392342));
#5957=IFCCARTESIANPOINT((2.505966541764876,0.61165747354770206,6.5241759073497843));
#5958=IFCCARTESIANPOINT((2.4004755043582282,0.61172435337789755,6.524103579948128));
#5959=IFCCARTESIANPOINT((2.5648454104038603,0.61343503937005384,6.5196850393700796));
#5960=IFCCARTESIANPOINT((2.3232370268987035,0.61094320794597268,6.5248320750164543));
#5961=IFCCARTESIANPOINT((2.4220475038888853,0.60687335958002731,6.5262467191601061));
#5962=IFCCARTESIANPOINT((2.4401904219169079,0.61136465626454739,6.5244687508745978));
#5963=IFCCARTESIANPOINT((2.4140826778495237,0.6134350393700535,6.5196850393700796));
#5964=IFCCARTESIANPOINT((2.6538717136990186,0.61155513224386393,6.5242825002335341));
#5965=IFCPOLYLOOP((#5408,#5409,#5410,#5407));
#5966=IFCFACEOUTERBOUND(#5965,.T.);
#5967=IFCFACE((#5966));
#5968=IFCPOLYLOOP((#5414,#5411,#5439,#5429,#5430,#5423,#5454,#5432,#5459,#5422,#5445,#5436,#5437,#5424,#5450,#5426,#5427,#5412,#5413));
#5969=IFCFACEOUTERBOUND(#5968,.T.);
#5970=IFCFACE((#5969));
#5971=IFCPOLYLOOP((#5425,#5438,#5447));
#5972=IFCFACEOUTERBOUND(#5971,.T.);
#5973=IFCFACE((#5972));
#5974=IFCPOLYLOOP((#5452,#5456,#5440));
#5975=IFCFACEOUTERBOUND(#5974,.T.);
#5976=IFCFACE((#5975));
#5977=IFCPOLYLOOP((#5464,#5463,#5439));
#5978=IFCFACEOUTERBOUND(#5977,.T.);
#5979=IFCFACE((#5978));
#5980=IFCPOLYLOOP((#5447,#5449,#5425));
#5981=IFCFACEOUTERBOUND(#5980,.T.);
#5982=IFCFACE((#5981));
#5983=IFCPOLYLOOP((#5429,#5439,#5463));
#5984=IFCFACEOUTERBOUND(#5983,.T.);
#5985=IFCFACE((#5984));
#5986=IFCPOLYLOOP((#5443,#5442,#5441));
#5987=IFCFACEOUTERBOUND(#5986,.T.);
#5988=IFCFACE((#5987));
#5989=IFCPOLYLOOP((#5452,#5423,#5430));
#5990=IFCFACEOUTERBOUND(#5989,.T.);
#5991=IFCFACE((#5990));
#5992=IFCPOLYLOOP((#5455,#5434,#5433));
#5993=IFCFACEOUTERBOUND(#5992,.T.);
#5994=IFCFACE((#5993));
#5995=IFCPOLYLOOP((#5465,#5446,#5444));
#5996=IFCFACEOUTERBOUND(#5995,.T.);
#5997=IFCFACE((#5996));
#5998=IFCPOLYLOOP((#5457,#5460,#5459));
#5999=IFCFACEOUTERBOUND(#5998,.T.);
#6000=IFCFACE((#5999));
#6001=IFCPOLYLOOP((#5448,#5449,#5462));
#6002=IFCFACEOUTERBOUND(#6001,.T.);
#6003=IFCFACE((#6002));
#6004=IFCPOLYLOOP((#5417,#5412,#5451));
#6005=IFCFACEOUTERBOUND(#6004,.T.);
#6006=IFCFACE((#6005));
#6007=IFCPOLYLOOP((#5451,#5447,#5438));
#6008=IFCFACEOUTERBOUND(#6007,.T.);
#6009=IFCFACE((#6008));
#6010=IFCPOLYLOOP((#5431,#5463,#5464));
#6011=IFCFACEOUTERBOUND(#6010,.T.);
#6012=IFCFACE((#6011));
#6013=IFCPOLYLOOP((#5457,#5455,#5433));
#6014=IFCFACEOUTERBOUND(#6013,.T.);
#6015=IFCFACE((#6014));
#6016=IFCPOLYLOOP((#5452,#5430,#5456));
#6017=IFCFACEOUTERBOUND(#6016,.T.);
#6018=IFCFACE((#6017));
#6019=IFCPOLYLOOP((#5464,#5439,#5411));
#6020=IFCFACEOUTERBOUND(#6019,.T.);
#6021=IFCFACE((#6020));
#6022=IFCPOLYLOOP((#5464,#5418,#5415));
#6023=IFCFACEOUTERBOUND(#6022,.T.);
#6024=IFCFACE((#6023));
#6025=IFCPOLYLOOP((#5452,#5420,#5453));
#6026=IFCFACEOUTERBOUND(#6025,.T.);
#6027=IFCFACE((#6026));
#6028=IFCPOLYLOOP((#5454,#5453,#5455));
#6029=IFCFACEOUTERBOUND(#6028,.T.);
#6030=IFCFACE((#6029));
#6031=IFCPOLYLOOP((#5443,#5441,#5421));
#6032=IFCFACEOUTERBOUND(#6031,.T.);
#6033=IFCFACE((#6032));
#6034=IFCPOLYLOOP((#5444,#5442,#5436));
#6035=IFCFACEOUTERBOUND(#6034,.T.);
#6036=IFCFACE((#6035));
#6037=IFCPOLYLOOP((#5442,#5437,#5436));
#6038=IFCFACEOUTERBOUND(#6037,.T.);
#6039=IFCFACE((#6038));
#6040=IFCPOLYLOOP((#5451,#5438,#5416));
#6041=IFCFACEOUTERBOUND(#6040,.T.);
#6042=IFCFACE((#6041));
#6043=IFCPOLYLOOP((#5427,#5426,#5447));
#6044=IFCFACEOUTERBOUND(#6043,.T.);
#6045=IFCFACE((#6044));
#6046=IFCPOLYLOOP((#5444,#5435,#5442));
#6047=IFCFACEOUTERBOUND(#6046,.T.);
#6048=IFCFACE((#6047));
#6049=IFCPOLYLOOP((#5463,#5428,#5456));
#6050=IFCFACEOUTERBOUND(#6049,.T.);
#6051=IFCFACE((#6050));
#6052=IFCPOLYLOOP((#5441,#5442,#5435));
#6053=IFCFACEOUTERBOUND(#6052,.T.);
#6054=IFCFACE((#6053));
#6055=IFCPOLYLOOP((#5437,#5442,#5443));
#6056=IFCFACEOUTERBOUND(#6055,.T.);
#6057=IFCFACE((#6056));
#6058=IFCPOLYLOOP((#5443,#5424,#5437));
#6059=IFCFACEOUTERBOUND(#6058,.T.);
#6060=IFCFACE((#6059));
#6061=IFCPOLYLOOP((#5462,#5424,#5443));
#6062=IFCFACEOUTERBOUND(#6061,.T.);
#6063=IFCFACE((#6062));
#6064=IFCPOLYLOOP((#5461,#5419,#5446));
#6065=IFCFACEOUTERBOUND(#6064,.T.);
#6066=IFCFACE((#6065));
#6067=IFCPOLYLOOP((#5446,#5435,#5444));
#6068=IFCFACEOUTERBOUND(#6067,.T.);
#6069=IFCFACE((#6068));
#6070=IFCPOLYLOOP((#5461,#5460,#5419));
#6071=IFCFACEOUTERBOUND(#6070,.T.);
#6072=IFCFACE((#6071));
#6073=IFCPOLYLOOP((#5444,#5436,#5445));
#6074=IFCFACEOUTERBOUND(#6073,.T.);
#6075=IFCFACE((#6074));
#6076=IFCPOLYLOOP((#5451,#5427,#5447));
#6077=IFCFACEOUTERBOUND(#6076,.T.);
#6078=IFCFACE((#6077));
#6079=IFCPOLYLOOP((#5427,#5451,#5412));
#6080=IFCFACEOUTERBOUND(#6079,.T.);
#6081=IFCFACE((#6080));
#6082=IFCPOLYLOOP((#5426,#5449,#5447));
#6083=IFCFACEOUTERBOUND(#6082,.T.);
#6084=IFCFACE((#6083));
#6085=IFCPOLYLOOP((#5449,#5448,#5425));
#6086=IFCFACEOUTERBOUND(#6085,.T.);
#6087=IFCFACE((#6086));
#6088=IFCPOLYLOOP((#5462,#5450,#5424));
#6089=IFCFACEOUTERBOUND(#6088,.T.);
#6090=IFCFACE((#6089));
#6091=IFCPOLYLOOP((#5448,#5462,#5421));
#6092=IFCFACEOUTERBOUND(#6091,.T.);
#6093=IFCFACE((#6092));
#6094=IFCPOLYLOOP((#5449,#5426,#5450));
#6095=IFCFACEOUTERBOUND(#6094,.T.);
#6096=IFCFACE((#6095));
#6097=IFCPOLYLOOP((#5417,#5451,#5416));
#6098=IFCFACEOUTERBOUND(#6097,.T.);
#6099=IFCFACE((#6098));
#6100=IFCPOLYLOOP((#5423,#5452,#5453));
#6101=IFCFACEOUTERBOUND(#6100,.T.);
#6102=IFCFACE((#6101));
#6103=IFCPOLYLOOP((#5420,#5452,#5440));
#6104=IFCFACEOUTERBOUND(#6103,.T.);
#6105=IFCFACE((#6104));
#6106=IFCPOLYLOOP((#5457,#5432,#5455));
#6107=IFCFACEOUTERBOUND(#6106,.T.);
#6108=IFCFACE((#6107));
#6109=IFCPOLYLOOP((#5453,#5420,#5434));
#6110=IFCFACEOUTERBOUND(#6109,.T.);
#6111=IFCFACE((#6110));
#6112=IFCPOLYLOOP((#5454,#5423,#5453));
#6113=IFCFACEOUTERBOUND(#6112,.T.);
#6114=IFCFACE((#6113));
#6115=IFCPOLYLOOP((#5432,#5454,#5455));
#6116=IFCFACEOUTERBOUND(#6115,.T.);
#6117=IFCFACE((#6116));
#6118=IFCPOLYLOOP((#5434,#5455,#5453));
#6119=IFCFACEOUTERBOUND(#6118,.T.);
#6120=IFCFACE((#6119));
#6121=IFCPOLYLOOP((#5440,#5456,#5428));
#6122=IFCFACEOUTERBOUND(#6121,.T.);
#6123=IFCFACE((#6122));
#6124=IFCPOLYLOOP((#5456,#5430,#5429));
#6125=IFCFACEOUTERBOUND(#6124,.T.);
#6126=IFCFACE((#6125));
#6127=IFCPOLYLOOP((#5422,#5459,#5460));
#6128=IFCFACEOUTERBOUND(#6127,.T.);
#6129=IFCFACE((#6128));
#6130=IFCPOLYLOOP((#5459,#5432,#5457));
#6131=IFCFACEOUTERBOUND(#6130,.T.);
#6132=IFCFACE((#6131));
#6133=IFCPOLYLOOP((#5458,#5419,#5460));
#6134=IFCFACEOUTERBOUND(#6133,.T.);
#6135=IFCFACE((#6134));
#6136=IFCPOLYLOOP((#5457,#5433,#5458));
#6137=IFCFACEOUTERBOUND(#6136,.T.);
#6138=IFCFACE((#6137));
#6139=IFCPOLYLOOP((#5461,#5422,#5460));
#6140=IFCFACEOUTERBOUND(#6139,.T.);
#6141=IFCFACE((#6140));
#6142=IFCPOLYLOOP((#5458,#5460,#5457));
#6143=IFCFACEOUTERBOUND(#6142,.T.);
#6144=IFCFACE((#6143));
#6145=IFCPOLYLOOP((#5461,#5445,#5422));
#6146=IFCFACEOUTERBOUND(#6145,.T.);
#6147=IFCFACE((#6146));
#6148=IFCPOLYLOOP((#5465,#5445,#5461));
#6149=IFCFACEOUTERBOUND(#6148,.T.);
#6150=IFCFACE((#6149));
#6151=IFCPOLYLOOP((#5449,#5450,#5462));
#6152=IFCFACEOUTERBOUND(#6151,.T.);
#6153=IFCFACE((#6152));
#6154=IFCPOLYLOOP((#5421,#5462,#5443));
#6155=IFCFACEOUTERBOUND(#6154,.T.);
#6156=IFCFACE((#6155));
#6157=IFCPOLYLOOP((#5429,#5463,#5456));
#6158=IFCFACEOUTERBOUND(#6157,.T.);
#6159=IFCFACE((#6158));
#6160=IFCPOLYLOOP((#5428,#5463,#5431));
#6161=IFCFACEOUTERBOUND(#6160,.T.);
#6162=IFCFACE((#6161));
#6163=IFCPOLYLOOP((#5431,#5464,#5415));
#6164=IFCFACEOUTERBOUND(#6163,.T.);
#6165=IFCFACE((#6164));
#6166=IFCPOLYLOOP((#5418,#5464,#5411));
#6167=IFCFACEOUTERBOUND(#6166,.T.);
#6168=IFCFACE((#6167));
#6169=IFCPOLYLOOP((#5446,#5465,#5461));
#6170=IFCFACEOUTERBOUND(#6169,.T.);
#6171=IFCFACE((#6170));
#6172=IFCPOLYLOOP((#5465,#5444,#5445));
#6173=IFCFACEOUTERBOUND(#6172,.T.);
#6174=IFCFACE((#6173));
#6175=IFCPOLYLOOP((#5519,#5518,#5500));
#6176=IFCFACEOUTERBOUND(#6175,.T.);
#6177=IFCFACE((#6176));
#6178=IFCPOLYLOOP((#5597,#5488,#5563));
#6179=IFCFACEOUTERBOUND(#6178,.T.);
#6180=IFCFACE((#6179));
#6181=IFCPOLYLOOP((#5567,#5607,#5632));
#6182=IFCFACEOUTERBOUND(#6181,.T.);
#6183=IFCFACE((#6182));
#6184=IFCPOLYLOOP((#5637,#5506,#5583));
#6185=IFCFACEOUTERBOUND(#6184,.T.);
#6186=IFCFACE((#6185));
#6187=IFCPOLYLOOP((#5549,#5541,#5520));
#6188=IFCFACEOUTERBOUND(#6187,.T.);
#6189=IFCFACE((#6188));
#6190=IFCPOLYLOOP((#5521,#5485,#5516));
#6191=IFCFACEOUTERBOUND(#6190,.T.);
#6192=IFCFACE((#6191));
#6193=IFCPOLYLOOP((#5611,#5532,#5569,#5493));
#6194=IFCFACEOUTERBOUND(#6193,.T.);
#6195=IFCFACE((#6194));
#6196=IFCPOLYLOOP((#5552,#5553,#5550));
#6197=IFCFACEOUTERBOUND(#6196,.T.);
#6198=IFCFACE((#6197));
#6199=IFCPOLYLOOP((#5514,#5498,#5512,#5513));
#6200=IFCFACEOUTERBOUND(#6199,.T.);
#6201=IFCFACE((#6200));
#6202=IFCPOLYLOOP((#5509,#5644,#5645,#5640));
#6203=IFCFACEOUTERBOUND(#6202,.T.);
#6204=IFCFACE((#6203));
#6205=IFCPOLYLOOP((#5577,#5635,#5634));
#6206=IFCFACEOUTERBOUND(#6205,.T.);
#6207=IFCFACE((#6206));
#6208=IFCPOLYLOOP((#5551,#5553,#5552));
#6209=IFCFACEOUTERBOUND(#6208,.T.);
#6210=IFCFACE((#6209));
#6211=IFCPOLYLOOP((#5576,#5631,#5636));
#6212=IFCFACEOUTERBOUND(#6211,.T.);
#6213=IFCFACE((#6212));
#6214=IFCPOLYLOOP((#5566,#5605,#5608));
#6215=IFCFACEOUTERBOUND(#6214,.T.);
#6216=IFCFACE((#6215));
#6217=IFCPOLYLOOP((#5541,#5483,#5543));
#6218=IFCFACEOUTERBOUND(#6217,.T.);
#6219=IFCFACE((#6218));
#6220=IFCPOLYLOOP((#5536,#5623,#5573));
#6221=IFCFACEOUTERBOUND(#6220,.T.);
#6222=IFCFACE((#6221));
#6223=IFCPOLYLOOP((#5514,#5516,#5485));
#6224=IFCFACEOUTERBOUND(#6223,.T.);
#6225=IFCFACE((#6224));
#6226=IFCPOLYLOOP((#5468,#5469,#5517));
#6227=IFCFACEOUTERBOUND(#6226,.T.);
#6228=IFCFACE((#6227));
#6229=IFCPOLYLOOP((#5512,#5470,#5471));
#6230=IFCFACEOUTERBOUND(#6229,.T.);
#6231=IFCFACE((#6230));
#6232=IFCPOLYLOOP((#5560,#5589,#5592));
#6233=IFCFACEOUTERBOUND(#6232,.T.);
#6234=IFCFACE((#6233));
#6235=IFCPOLYLOOP((#5575,#5628,#5627));
#6236=IFCFACEOUTERBOUND(#6235,.T.);
#6237=IFCFACE((#6236));
#6238=IFCPOLYLOOP((#5561,#5591,#5596));
#6239=IFCFACEOUTERBOUND(#6238,.T.);
#6240=IFCFACE((#6239));
#6241=IFCPOLYLOOP((#5562,#5594,#5598));
#6242=IFCFACEOUTERBOUND(#6241,.T.);
#6243=IFCFACE((#6242));
#6244=IFCPOLYLOOP((#5586,#5640,#5645));
#6245=IFCFACEOUTERBOUND(#6244,.T.);
#6246=IFCFACE((#6245));
#6247=IFCPOLYLOOP((#5534,#5618,#5571));
#6248=IFCFACEOUTERBOUND(#6247,.T.);
#6249=IFCFACE((#6248));
#6250=IFCPOLYLOOP((#5616,#5534,#5571,#5492));
#6251=IFCFACEOUTERBOUND(#6250,.T.);
#6252=IFCFACE((#6251));
#6253=IFCPOLYLOOP((#5532,#5613,#5569));
#6254=IFCFACEOUTERBOUND(#6253,.T.);
#6255=IFCFACE((#6254));
#6256=IFCPOLYLOOP((#5471,#5510,#5513));
#6257=IFCFACEOUTERBOUND(#6256,.T.);
#6258=IFCFACE((#6257));
#6259=IFCPOLYLOOP((#5500,#5518,#5517));
#6260=IFCFACEOUTERBOUND(#6259,.T.);
#6261=IFCFACE((#6260));
#6262=IFCPOLYLOOP((#5494,#5550,#5519));
#6263=IFCFACEOUTERBOUND(#6262,.T.);
#6264=IFCFACE((#6263));
#6265=IFCPOLYLOOP((#5516,#5513,#5497));
#6266=IFCFACEOUTERBOUND(#6265,.T.);
#6267=IFCFACE((#6266));
#6268=IFCPOLYLOOP((#5519,#5550,#5495));
#6269=IFCFACEOUTERBOUND(#6268,.T.);
#6270=IFCFACE((#6269));
#6271=IFCPOLYLOOP((#5517,#5518,#5468));
#6272=IFCFACEOUTERBOUND(#6271,.T.);
#6273=IFCFACE((#6272));
#6274=IFCPOLYLOOP((#5503,#5547,#5546));
#6275=IFCFACEOUTERBOUND(#6274,.T.);
#6276=IFCFACE((#6275));
#6277=IFCPOLYLOOP((#5621,#5536,#5573,#5502));
#6278=IFCFACEOUTERBOUND(#6277,.T.);
#6279=IFCFACE((#6278));
#6280=IFCPOLYLOOP((#5544,#5545,#5546));
#6281=IFCFACEOUTERBOUND(#6280,.T.);
#6282=IFCFACE((#6281));
#6283=IFCPOLYLOOP((#5583,#5639,#5638));
#6284=IFCFACEOUTERBOUND(#6283,.T.);
#6285=IFCFACE((#6284));
#6286=IFCPOLYLOOP((#5574,#5625,#5629));
#6287=IFCFACEOUTERBOUND(#6286,.T.);
#6288=IFCFACE((#6287));
#6289=IFCPOLYLOOP((#5557,#5585,#5627));
#6290=IFCFACEOUTERBOUND(#6289,.T.);
#6291=IFCFACE((#6290));
#6292=IFCPOLYLOOP((#5528,#5603,#5565));
#6293=IFCFACEOUTERBOUND(#6292,.T.);
#6294=IFCFACE((#6293));
#6295=IFCPOLYLOOP((#5601,#5528,#5565,#5508));
#6296=IFCFACEOUTERBOUND(#6295,.T.);
#6297=IFCFACE((#6296));
#6298=IFCPOLYLOOP((#5641,#5593,#5475,#5640));
#6299=IFCFACEOUTERBOUND(#6298,.T.);
#6300=IFCFACE((#6299));
#6301=IFCPOLYLOOP((#5471,#5466,#5510));
#6302=IFCFACEOUTERBOUND(#6301,.T.);
#6303=IFCFACE((#6302));
#6304=IFCPOLYLOOP((#5511,#5467,#5468));
#6305=IFCFACEOUTERBOUND(#6304,.T.);
#6306=IFCFACE((#6305));
#6307=IFCPOLYLOOP((#5471,#5513,#5512));
#6308=IFCFACEOUTERBOUND(#6307,.T.);
#6309=IFCFACE((#6308));
#6310=IFCPOLYLOOP((#5513,#5510,#5497));
#6311=IFCFACEOUTERBOUND(#6310,.T.);
#6312=IFCFACE((#6311));
#6313=IFCPOLYLOOP((#5515,#5484,#5516,#5497));
#6314=IFCFACEOUTERBOUND(#6313,.T.);
#6315=IFCFACE((#6314));
#6316=IFCPOLYLOOP((#5514,#5513,#5516));
#6317=IFCFACEOUTERBOUND(#6316,.T.);
#6318=IFCFACE((#6317));
#6319=IFCPOLYLOOP((#5560,#5588,#5638));
#6320=IFCFACEOUTERBOUND(#6319,.T.);
#6321=IFCFACE((#6320));
#6322=IFCPOLYLOOP((#5511,#5468,#5518));
#6323=IFCFACEOUTERBOUND(#6322,.T.);
#6324=IFCFACE((#6323));
#6325=IFCPOLYLOOP((#5518,#5499,#5511));
#6326=IFCFACEOUTERBOUND(#6325,.T.);
#6327=IFCFACE((#6326));
#6328=IFCPOLYLOOP((#5499,#5518,#5519));
#6329=IFCFACEOUTERBOUND(#6328,.T.);
#6330=IFCFACE((#6329));
#6331=IFCPOLYLOOP((#5499,#5519,#5495));
#6332=IFCFACEOUTERBOUND(#6331,.T.);
#6333=IFCFACE((#6332));
#6334=IFCPOLYLOOP((#5559,#5494,#5519,#5500));
#6335=IFCFACEOUTERBOUND(#6334,.T.);
#6336=IFCFACE((#6335));
#6337=IFCPOLYLOOP((#5484,#5521,#5516));
#6338=IFCFACEOUTERBOUND(#6337,.T.);
#6339=IFCFACE((#6338));
#6340=IFCPOLYLOOP((#5542,#5485,#5521));
#6341=IFCFACEOUTERBOUND(#6340,.T.);
#6342=IFCFACE((#6341));
#6343=IFCPOLYLOOP((#5543,#5482,#5541));
#6344=IFCFACEOUTERBOUND(#6343,.T.);
#6345=IFCFACE((#6344));
#6346=IFCPOLYLOOP((#5522,#5483,#5541));
#6347=IFCFACEOUTERBOUND(#6346,.T.);
#6348=IFCFACE((#6347));
#6349=IFCPOLYLOOP((#5484,#5549,#5521));
#6350=IFCFACEOUTERBOUND(#6349,.T.);
#6351=IFCFACE((#6350));
#6352=IFCPOLYLOOP((#5590,#5523,#5561,#5488));
#6353=IFCFACEOUTERBOUND(#6352,.T.);
#6354=IFCFACE((#6353));
#6355=IFCPOLYLOOP((#5562,#5593,#5641));
#6356=IFCFACEOUTERBOUND(#6355,.T.);
#6357=IFCFACE((#6356));
#6358=IFCPOLYLOOP((#5595,#5525,#5563));
#6359=IFCFACEOUTERBOUND(#6358,.T.);
#6360=IFCFACE((#6359));
#6361=IFCPOLYLOOP((#5527,#5602,#5603,#5599));
#6362=IFCFACEOUTERBOUND(#6361,.T.);
#6363=IFCFACE((#6362));
#6364=IFCPOLYLOOP((#5564,#5599,#5603));
#6365=IFCFACEOUTERBOUND(#6364,.T.);
#6366=IFCFACE((#6365));
#6367=IFCPOLYLOOP((#5604,#5477,#5566,#5529));
#6368=IFCFACEOUTERBOUND(#6367,.T.);
#6369=IFCFACE((#6368));
#6370=IFCPOLYLOOP((#5606,#5529,#5567,#5481));
#6371=IFCFACEOUTERBOUND(#6370,.T.);
#6372=IFCFACE((#6371));
#6373=IFCPOLYLOOP((#5613,#5568,#5531));
#6374=IFCFACEOUTERBOUND(#6373,.T.);
#6375=IFCFACE((#6374));
#6376=IFCPOLYLOOP((#5609,#5531,#5568,#5473));
#6377=IFCFACEOUTERBOUND(#6376,.T.);
#6378=IFCFACE((#6377));
#6379=IFCPOLYLOOP((#5533,#5617,#5618,#5614));
#6380=IFCFACEOUTERBOUND(#6379,.T.);
#6381=IFCFACE((#6380));
#6382=IFCPOLYLOOP((#5570,#5614,#5618));
#6383=IFCFACEOUTERBOUND(#6382,.T.);
#6384=IFCFACE((#6383));
#6385=IFCPOLYLOOP((#5623,#5572,#5535));
#6386=IFCFACEOUTERBOUND(#6385,.T.);
#6387=IFCFACE((#6386));
#6388=IFCPOLYLOOP((#5619,#5535,#5572,#5476));
#6389=IFCFACEOUTERBOUND(#6388,.T.);
#6390=IFCFACE((#6389));
#6391=IFCPOLYLOOP((#5624,#5474,#5574,#5537));
#6392=IFCFACEOUTERBOUND(#6391,.T.);
#6393=IFCFACE((#6392));
#6394=IFCPOLYLOOP((#5626,#5537,#5575,#5505));
#6395=IFCFACEOUTERBOUND(#6394,.T.);
#6396=IFCFACE((#6395));
#6397=IFCPOLYLOOP((#5630,#5481,#5576,#5539));
#6398=IFCFACEOUTERBOUND(#6397,.T.);
#6399=IFCFACE((#6398));
#6400=IFCPOLYLOOP((#5633,#5539,#5577,#5478));
#6401=IFCFACEOUTERBOUND(#6400,.T.);
#6402=IFCFACE((#6401));
#6403=IFCPOLYLOOP((#5522,#5541,#5549));
#6404=IFCFACEOUTERBOUND(#6403,.T.);
#6405=IFCFACE((#6404));
#6406=IFCPOLYLOOP((#5578,#5520,#5541,#5482));
#6407=IFCFACEOUTERBOUND(#6406,.T.);
#6408=IFCFACE((#6407));
#6409=IFCPOLYLOOP((#5579,#5502,#5547,#5503));
#6410=IFCFACEOUTERBOUND(#6409,.T.);
#6411=IFCFACE((#6410));
#6412=IFCPOLYLOOP((#5520,#5542,#5549));
#6413=IFCFACEOUTERBOUND(#6412,.T.);
#6414=IFCFACE((#6413));
#6415=IFCPOLYLOOP((#5543,#5548,#5546));
#6416=IFCFACEOUTERBOUND(#6415,.T.);
#6417=IFCFACE((#6416));
#6418=IFCPOLYLOOP((#5546,#5545,#5543));
#6419=IFCFACEOUTERBOUND(#6418,.T.);
#6420=IFCFACE((#6419));
#6421=IFCPOLYLOOP((#5545,#5482,#5543));
#6422=IFCFACEOUTERBOUND(#6421,.T.);
#6423=IFCFACE((#6422));
#6424=IFCPOLYLOOP((#5547,#5544,#5546));
#6425=IFCFACEOUTERBOUND(#6424,.T.);
#6426=IFCFACE((#6425));
#6427=IFCPOLYLOOP((#5522,#5549,#5484));
#6428=IFCFACEOUTERBOUND(#6427,.T.);
#6429=IFCFACE((#6428));
#6430=IFCPOLYLOOP((#5580,#5544,#5547,#5501));
#6431=IFCFACEOUTERBOUND(#6430,.T.);
#6432=IFCFACE((#6431));
#6433=IFCPOLYLOOP((#5501,#5547,#5573));
#6434=IFCFACEOUTERBOUND(#6433,.T.);
#6435=IFCFACE((#6434));
#6436=IFCPOLYLOOP((#5503,#5546,#5548));
#6437=IFCFACEOUTERBOUND(#6436,.T.);
#6438=IFCFACE((#6437));
#6439=IFCPOLYLOOP((#5543,#5483,#5548));
#6440=IFCFACEOUTERBOUND(#6439,.T.);
#6441=IFCFACE((#6440));
#6442=IFCPOLYLOOP((#5521,#5549,#5542));
#6443=IFCFACEOUTERBOUND(#6442,.T.);
#6444=IFCFACE((#6443));
#6445=IFCPOLYLOOP((#5496,#5555,#5553));
#6446=IFCFACEOUTERBOUND(#6445,.T.);
#6447=IFCFACE((#6446));
#6448=IFCPOLYLOOP((#5553,#5554,#5496));
#6449=IFCFACEOUTERBOUND(#6448,.T.);
#6450=IFCFACE((#6449));
#6451=IFCPOLYLOOP((#5551,#5554,#5553));
#6452=IFCFACEOUTERBOUND(#6451,.T.);
#6453=IFCFACE((#6452));
#6454=IFCPOLYLOOP((#5550,#5553,#5555));
#6455=IFCFACEOUTERBOUND(#6454,.T.);
#6456=IFCFACE((#6455));
#6457=IFCPOLYLOOP((#5550,#5494,#5552));
#6458=IFCFACEOUTERBOUND(#6457,.T.);
#6459=IFCFACE((#6458));
#6460=IFCPOLYLOOP((#5581,#5496,#5554,#5479));
#6461=IFCFACEOUTERBOUND(#6460,.T.);
#6462=IFCFACE((#6461));
#6463=IFCPOLYLOOP((#5540,#5636,#5631));
#6464=IFCFACEOUTERBOUND(#6463,.T.);
#6465=IFCFACE((#6464));
#6466=IFCPOLYLOOP((#5554,#5582,#5634));
#6467=IFCFACEOUTERBOUND(#6466,.T.);
#6468=IFCFACE((#6467));
#6469=IFCPOLYLOOP((#5555,#5495,#5550));
#6470=IFCFACEOUTERBOUND(#6469,.T.);
#6471=IFCFACE((#6470));
#6472=IFCPOLYLOOP((#5538,#5629,#5625));
#6473=IFCFACEOUTERBOUND(#6472,.T.);
#6474=IFCFACE((#6473));
#6475=IFCPOLYLOOP((#5584,#5556,#5557,#5504));
#6476=IFCFACEOUTERBOUND(#6475,.T.);
#6477=IFCFACE((#6476));
#6478=IFCPOLYLOOP((#5506,#5557,#5583));
#6479=IFCFACEOUTERBOUND(#6478,.T.);
#6480=IFCFACE((#6479));
#6481=IFCPOLYLOOP((#5592,#5561,#5523));
#6482=IFCFACEOUTERBOUND(#6481,.T.);
#6483=IFCFACE((#6482));
#6484=IFCPOLYLOOP((#5643,#5558,#5587,#5507));
#6485=IFCFACEOUTERBOUND(#6484,.T.);
#6486=IFCFACE((#6485));
#6487=IFCPOLYLOOP((#5562,#5641,#5472));
#6488=IFCFACEOUTERBOUND(#6487,.T.);
#6489=IFCFACE((#6488));
#6490=IFCPOLYLOOP((#5526,#5597,#5598,#5594));
#6491=IFCFACEOUTERBOUND(#6490,.T.);
#6492=IFCFACE((#6491));
#6493=IFCPOLYLOOP((#5592,#5591,#5561));
#6494=IFCFACEOUTERBOUND(#6493,.T.);
#6495=IFCFACE((#6494));
#6496=IFCPOLYLOOP((#5598,#5563,#5525));
#6497=IFCFACEOUTERBOUND(#6496,.T.);
#6498=IFCFACE((#6497));
#6499=IFCPOLYLOOP((#5586,#5472,#5641));
#6500=IFCFACEOUTERBOUND(#6499,.T.);
#6501=IFCFACE((#6500));
#6502=IFCPOLYLOOP((#5563,#5596,#5595));
#6503=IFCFACEOUTERBOUND(#6502,.T.);
#6504=IFCFACE((#6503));
#6505=IFCPOLYLOOP((#5598,#5597,#5563));
#6506=IFCFACEOUTERBOUND(#6505,.T.);
#6507=IFCFACE((#6506));
#6508=IFCPOLYLOOP((#5491,#5564,#5570));
#6509=IFCFACEOUTERBOUND(#6508,.T.);
#6510=IFCFACE((#6509));
#6511=IFCPOLYLOOP((#5600,#5490,#5564,#5528));
#6512=IFCFACEOUTERBOUND(#6511,.T.);
#6513=IFCFACE((#6512));
#6514=IFCPOLYLOOP((#5508,#5565,#5587));
#6515=IFCFACEOUTERBOUND(#6514,.T.);
#6516=IFCFACE((#6515));
#6517=IFCPOLYLOOP((#5602,#5507,#5565));
#6518=IFCFACEOUTERBOUND(#6517,.T.);
#6519=IFCFACE((#6518));
#6520=IFCPOLYLOOP((#5608,#5567,#5529));
#6521=IFCFACEOUTERBOUND(#6520,.T.);
#6522=IFCFACE((#6521));
#6523=IFCPOLYLOOP((#5474,#5566,#5574));
#6524=IFCFACEOUTERBOUND(#6523,.T.);
#6525=IFCFACE((#6524));
#6526=IFCPOLYLOOP((#5632,#5576,#5481));
#6527=IFCFACEOUTERBOUND(#6526,.T.);
#6528=IFCFACE((#6527));
#6529=IFCPOLYLOOP((#5530,#5567,#5608));
#6530=IFCFACEOUTERBOUND(#6529,.T.);
#6531=IFCFACE((#6530));
#6532=IFCPOLYLOOP((#5473,#5568,#5572));
#6533=IFCFACEOUTERBOUND(#6532,.T.);
#6534=IFCFACE((#6533));
#6535=IFCPOLYLOOP((#5610,#5476,#5568));
#6536=IFCFACEOUTERBOUND(#6535,.T.);
#6537=IFCFACE((#6536));
#6538=IFCPOLYLOOP((#5493,#5569,#5571));
#6539=IFCFACEOUTERBOUND(#6538,.T.);
#6540=IFCFACE((#6539));
#6541=IFCPOLYLOOP((#5612,#5492,#5569));
#6542=IFCFACEOUTERBOUND(#6541,.T.);
#6543=IFCFACE((#6542));
#6544=IFCPOLYLOOP((#5490,#5570,#5564));
#6545=IFCFACEOUTERBOUND(#6544,.T.);
#6546=IFCFACE((#6545));
#6547=IFCPOLYLOOP((#5615,#5491,#5570));
#6548=IFCFACEOUTERBOUND(#6547,.T.);
#6549=IFCFACE((#6548));
#6550=IFCPOLYLOOP((#5492,#5571,#5569));
#6551=IFCFACEOUTERBOUND(#6550,.T.);
#6552=IFCFACE((#6551));
#6553=IFCPOLYLOOP((#5617,#5493,#5571));
#6554=IFCFACEOUTERBOUND(#6553,.T.);
#6555=IFCFACE((#6554));
#6556=IFCPOLYLOOP((#5476,#5572,#5568));
#6557=IFCFACEOUTERBOUND(#6556,.T.);
#6558=IFCFACE((#6557));
#6559=IFCPOLYLOOP((#5620,#5473,#5572));
#6560=IFCFACEOUTERBOUND(#6559,.T.);
#6561=IFCFACE((#6560));
#6562=IFCPOLYLOOP((#5502,#5573,#5547));
#6563=IFCFACEOUTERBOUND(#6562,.T.);
#6564=IFCFACE((#6563));
#6565=IFCPOLYLOOP((#5622,#5501,#5573));
#6566=IFCFACEOUTERBOUND(#6565,.T.);
#6567=IFCFACE((#6566));
#6568=IFCPOLYLOOP((#5629,#5575,#5537));
#6569=IFCFACEOUTERBOUND(#6568,.T.);
#6570=IFCFACE((#6569));
#6571=IFCPOLYLOOP((#5477,#5574,#5566));
#6572=IFCFACEOUTERBOUND(#6571,.T.);
#6573=IFCFACE((#6572));
#6574=IFCPOLYLOOP((#5627,#5505,#5575));
#6575=IFCFACEOUTERBOUND(#6574,.T.);
#6576=IFCFACE((#6575));
#6577=IFCPOLYLOOP((#5538,#5575,#5629));
#6578=IFCFACEOUTERBOUND(#6577,.T.);
#6579=IFCFACE((#6578));
#6580=IFCPOLYLOOP((#5636,#5577,#5539));
#6581=IFCFACEOUTERBOUND(#6580,.T.);
#6582=IFCFACE((#6581));
#6583=IFCPOLYLOOP((#5480,#5576,#5632));
#6584=IFCFACEOUTERBOUND(#6583,.T.);
#6585=IFCFACE((#6584));
#6586=IFCPOLYLOOP((#5634,#5478,#5577));
#6587=IFCFACEOUTERBOUND(#6586,.T.);
#6588=IFCFACE((#6587));
#6589=IFCPOLYLOOP((#5540,#5577,#5636));
#6590=IFCFACEOUTERBOUND(#6589,.T.);
#6591=IFCFACE((#6590));
#6592=IFCPOLYLOOP((#5583,#5638,#5637));
#6593=IFCFACEOUTERBOUND(#6592,.T.);
#6594=IFCFACE((#6593));
#6595=IFCPOLYLOOP((#5554,#5551,#5582));
#6596=IFCFACEOUTERBOUND(#6595,.T.);
#6597=IFCFACE((#6596));
#6598=IFCPOLYLOOP((#5556,#5583,#5557));
#6599=IFCFACEOUTERBOUND(#6598,.T.);
#6600=IFCFACE((#6599));
#6601=IFCPOLYLOOP((#5642,#5472,#5586,#5558));
#6602=IFCFACEOUTERBOUND(#6601,.T.);
#6603=IFCFACE((#6602));
#6604=IFCPOLYLOOP((#5557,#5506,#5585));
#6605=IFCFACEOUTERBOUND(#6604,.T.);
#6606=IFCFACE((#6605));
#6607=IFCPOLYLOOP((#5587,#5558,#5645));
#6608=IFCFACEOUTERBOUND(#6607,.T.);
#6609=IFCFACE((#6608));
#6610=IFCPOLYLOOP((#5507,#5587,#5565));
#6611=IFCFACEOUTERBOUND(#6610,.T.);
#6612=IFCFACE((#6611));
#6613=IFCPOLYLOOP((#5644,#5508,#5587));
#6614=IFCFACEOUTERBOUND(#6613,.T.);
#6615=IFCFACE((#6614));
#6616=IFCPOLYLOOP((#5524,#5591,#5592,#5589));
#6617=IFCFACEOUTERBOUND(#6616,.T.);
#6618=IFCFACE((#6617));
#6619=IFCPOLYLOOP((#5560,#5523,#5588));
#6620=IFCFACEOUTERBOUND(#6619,.T.);
#6621=IFCFACE((#6620));
#6622=IFCPOLYLOOP((#5560,#5486,#5589));
#6623=IFCFACEOUTERBOUND(#6622,.T.);
#6624=IFCFACE((#6623));
#6625=IFCPOLYLOOP((#5560,#5592,#5523));
#6626=IFCFACEOUTERBOUND(#6625,.T.);
#6627=IFCFACE((#6626));
#6628=IFCPOLYLOOP((#5489,#5595,#5596,#5591));
#6629=IFCFACEOUTERBOUND(#6628,.T.);
#6630=IFCFACE((#6629));
#6631=IFCPOLYLOOP((#5593,#5562,#5525));
#6632=IFCFACEOUTERBOUND(#6631,.T.);
#6633=IFCFACE((#6632));
#6634=IFCPOLYLOOP((#5562,#5472,#5594));
#6635=IFCFACEOUTERBOUND(#6634,.T.);
#6636=IFCFACE((#6635));
#6637=IFCPOLYLOOP((#5561,#5596,#5488));
#6638=IFCFACEOUTERBOUND(#6637,.T.);
#6639=IFCFACE((#6638));
#6640=IFCPOLYLOOP((#5596,#5563,#5488));
#6641=IFCFACEOUTERBOUND(#6640,.T.);
#6642=IFCFACE((#6641));
#6643=IFCPOLYLOOP((#5562,#5598,#5525));
#6644=IFCFACEOUTERBOUND(#6643,.T.);
#6645=IFCFACE((#6644));
#6646=IFCPOLYLOOP((#5564,#5603,#5528));
#6647=IFCFACEOUTERBOUND(#6646,.T.);
#6648=IFCFACE((#6647));
#6649=IFCPOLYLOOP((#5564,#5491,#5599));
#6650=IFCFACEOUTERBOUND(#6649,.T.);
#6651=IFCFACE((#6650));
#6652=IFCPOLYLOOP((#5565,#5603,#5602));
#6653=IFCFACEOUTERBOUND(#6652,.T.);
#6654=IFCFACE((#6653));
#6655=IFCPOLYLOOP((#5530,#5608,#5605));
#6656=IFCFACEOUTERBOUND(#6655,.T.);
#6657=IFCFACE((#6656));
#6658=IFCPOLYLOOP((#5566,#5474,#5605));
#6659=IFCFACEOUTERBOUND(#6658,.T.);
#6660=IFCFACE((#6659));
#6661=IFCPOLYLOOP((#5567,#5530,#5607));
#6662=IFCFACEOUTERBOUND(#6661,.T.);
#6663=IFCFACE((#6662));
#6664=IFCPOLYLOOP((#5566,#5608,#5529));
#6665=IFCFACEOUTERBOUND(#6664,.T.);
#6666=IFCFACE((#6665));
#6667=IFCPOLYLOOP((#5610,#5568,#5613));
#6668=IFCFACEOUTERBOUND(#6667,.T.);
#6669=IFCFACE((#6668));
#6670=IFCPOLYLOOP((#5532,#5610,#5613));
#6671=IFCFACEOUTERBOUND(#6670,.T.);
#6672=IFCFACE((#6671));
#6673=IFCPOLYLOOP((#5531,#5612,#5613));
#6674=IFCFACEOUTERBOUND(#6673,.T.);
#6675=IFCFACE((#6674));
#6676=IFCPOLYLOOP((#5569,#5613,#5612));
#6677=IFCFACEOUTERBOUND(#6676,.T.);
#6678=IFCFACE((#6677));
#6679=IFCPOLYLOOP((#5615,#5570,#5618));
#6680=IFCFACEOUTERBOUND(#6679,.T.);
#6681=IFCFACE((#6680));
#6682=IFCPOLYLOOP((#5570,#5490,#5614));
#6683=IFCFACEOUTERBOUND(#6682,.T.);
#6684=IFCFACE((#6683));
#6685=IFCPOLYLOOP((#5534,#5615,#5618));
#6686=IFCFACEOUTERBOUND(#6685,.T.);
#6687=IFCFACE((#6686));
#6688=IFCPOLYLOOP((#5571,#5618,#5617));
#6689=IFCFACEOUTERBOUND(#6688,.T.);
#6690=IFCFACE((#6689));
#6691=IFCPOLYLOOP((#5620,#5572,#5623));
#6692=IFCFACEOUTERBOUND(#6691,.T.);
#6693=IFCFACE((#6692));
#6694=IFCPOLYLOOP((#5536,#5620,#5623));
#6695=IFCFACEOUTERBOUND(#6694,.T.);
#6696=IFCFACE((#6695));
#6697=IFCPOLYLOOP((#5535,#5622,#5623));
#6698=IFCFACEOUTERBOUND(#6697,.T.);
#6699=IFCFACE((#6698));
#6700=IFCPOLYLOOP((#5573,#5623,#5622));
#6701=IFCFACEOUTERBOUND(#6700,.T.);
#6702=IFCFACE((#6701));
#6703=IFCPOLYLOOP((#5505,#5627,#5585));
#6704=IFCFACEOUTERBOUND(#6703,.T.);
#6705=IFCFACE((#6704));
#6706=IFCPOLYLOOP((#5574,#5477,#5625));
#6707=IFCFACEOUTERBOUND(#6706,.T.);
#6708=IFCFACE((#6707));
#6709=IFCPOLYLOOP((#5557,#5627,#5504));
#6710=IFCFACEOUTERBOUND(#6709,.T.);
#6711=IFCFACE((#6710));
#6712=IFCPOLYLOOP((#5504,#5627,#5628));
#6713=IFCFACEOUTERBOUND(#6712,.T.);
#6714=IFCFACE((#6713));
#6715=IFCPOLYLOOP((#5575,#5538,#5628));
#6716=IFCFACEOUTERBOUND(#6715,.T.);
#6717=IFCFACE((#6716));
#6718=IFCPOLYLOOP((#5574,#5629,#5537));
#6719=IFCFACEOUTERBOUND(#6718,.T.);
#6720=IFCFACE((#6719));
#6721=IFCPOLYLOOP((#5480,#5632,#5607));
#6722=IFCFACEOUTERBOUND(#6721,.T.);
#6723=IFCFACE((#6722));
#6724=IFCPOLYLOOP((#5576,#5480,#5631));
#6725=IFCFACEOUTERBOUND(#6724,.T.);
#6726=IFCFACE((#6725));
#6727=IFCPOLYLOOP((#5567,#5632,#5481));
#6728=IFCFACEOUTERBOUND(#6727,.T.);
#6729=IFCFACE((#6728));
#6730=IFCPOLYLOOP((#5478,#5634,#5582));
#6731=IFCFACEOUTERBOUND(#6730,.T.);
#6732=IFCFACE((#6731));
#6733=IFCPOLYLOOP((#5554,#5634,#5479));
#6734=IFCFACEOUTERBOUND(#6733,.T.);
#6735=IFCFACE((#6734));
#6736=IFCPOLYLOOP((#5479,#5634,#5635));
#6737=IFCFACEOUTERBOUND(#6736,.T.);
#6738=IFCFACE((#6737));
#6739=IFCPOLYLOOP((#5577,#5540,#5635));
#6740=IFCFACEOUTERBOUND(#6739,.T.);
#6741=IFCFACE((#6740));
#6742=IFCPOLYLOOP((#5576,#5636,#5539));
#6743=IFCFACEOUTERBOUND(#6742,.T.);
#6744=IFCFACE((#6743));
#6745=IFCPOLYLOOP((#5487,#5637,#5638,#5588));
#6746=IFCFACEOUTERBOUND(#6745,.T.);
#6747=IFCFACE((#6746));
#6748=IFCPOLYLOOP((#5560,#5638,#5486));
#6749=IFCFACEOUTERBOUND(#6748,.T.);
#6750=IFCFACE((#6749));
#6751=IFCPOLYLOOP((#5486,#5638,#5639));
#6752=IFCFACEOUTERBOUND(#6751,.T.);
#6753=IFCFACE((#6752));
#6754=IFCPOLYLOOP((#5583,#5556,#5639));
#6755=IFCFACEOUTERBOUND(#6754,.T.);
#6756=IFCFACE((#6755));
#6757=IFCPOLYLOOP((#5586,#5641,#5640));
#6758=IFCFACEOUTERBOUND(#6757,.T.);
#6759=IFCFACE((#6758));
#6760=IFCPOLYLOOP((#5586,#5645,#5558));
#6761=IFCFACEOUTERBOUND(#6760,.T.);
#6762=IFCFACE((#6761));
#6763=IFCPOLYLOOP((#5587,#5645,#5644));
#6764=IFCFACEOUTERBOUND(#6763,.T.);
#6765=IFCFACE((#6764));
#6766=IFCPOLYLOOP((#5647,#5467,#5511,#5499,#5495,#5555,#5496,#5581,#5479,#5635,#5540,#5631,#5480,#5607,#5530,#5605,#5474,#5624,#5537,#5626,#5505,#5585,#5506,#5637,#5487,#5588,#5523,#5590,#5488,#5597,#5526,#5594,#5472,#5642,#5558,#5643,#5507,#5602,#5527,#5599,#5491,#5615,#5534,#5616,#5492,#5612,#5531,#5609,#5473,#5620,#5536,#5621,#5502,#5579,#5503,#5548,#5483,#5522,#5484,#5515,#5497,#5510,#5466,#5646));
#6767=IFCFACEOUTERBOUND(#6766,.T.);
#6768=IFCFACE((#6767));
#6769=IFCPOLYLOOP((#5649,#5409,#5408,#5648));
#6770=IFCFACEOUTERBOUND(#6769,.T.);
#6771=IFCFACE((#6770));
#6772=IFCPOLYLOOP((#5651,#5413,#5412,#5656,#5654,#5650));
#6773=IFCFACEOUTERBOUND(#6772,.T.);
#6774=IFCFACE((#6773));
#6775=IFCPOLYLOOP((#5655,#5659,#5657,#5658));
#6776=IFCFACEOUTERBOUND(#6775,.T.);
#6777=IFCFACE((#6776));
#6778=IFCPOLYLOOP((#5660,#5417,#5658));
#6779=IFCFACEOUTERBOUND(#6778,.T.);
#6780=IFCFACE((#6779));
#6781=IFCPOLYLOOP((#5661,#5653,#5650));
#6782=IFCFACEOUTERBOUND(#6781,.T.);
#6783=IFCFACE((#6782));
#6784=IFCPOLYLOOP((#5661,#5654,#5657));
#6785=IFCFACEOUTERBOUND(#6784,.T.);
#6786=IFCFACE((#6785));
#6787=IFCPOLYLOOP((#5660,#5656,#5412));
#6788=IFCFACEOUTERBOUND(#6787,.T.);
#6789=IFCFACE((#6788));
#6790=IFCPOLYLOOP((#5654,#5656,#5657));
#6791=IFCFACEOUTERBOUND(#6790,.T.);
#6792=IFCFACE((#6791));
#6793=IFCPOLYLOOP((#5661,#5657,#5659));
#6794=IFCFACEOUTERBOUND(#6793,.T.);
#6795=IFCFACE((#6794));
#6796=IFCPOLYLOOP((#5657,#5660,#5658));
#6797=IFCFACEOUTERBOUND(#6796,.T.);
#6798=IFCFACE((#6797));
#6799=IFCPOLYLOOP((#5657,#5656,#5660));
#6800=IFCFACEOUTERBOUND(#6799,.T.);
#6801=IFCFACE((#6800));
#6802=IFCPOLYLOOP((#5417,#5416,#5658));
#6803=IFCFACEOUTERBOUND(#6802,.T.);
#6804=IFCFACE((#6803));
#6805=IFCPOLYLOOP((#5659,#5652,#5653));
#6806=IFCFACEOUTERBOUND(#6805,.T.);
#6807=IFCFACE((#6806));
#6808=IFCPOLYLOOP((#5417,#5660,#5412));
#6809=IFCFACEOUTERBOUND(#6808,.T.);
#6810=IFCFACE((#6809));
#6811=IFCPOLYLOOP((#5654,#5661,#5650));
#6812=IFCFACEOUTERBOUND(#6811,.T.);
#6813=IFCFACE((#6812));
#6814=IFCPOLYLOOP((#5653,#5661,#5659));
#6815=IFCFACEOUTERBOUND(#6814,.T.);
#6816=IFCFACE((#6815));
#6817=IFCPOLYLOOP((#5681,#5677,#5672));
#6818=IFCFACEOUTERBOUND(#6817,.T.);
#6819=IFCFACE((#6818));
#6820=IFCPOLYLOOP((#5688,#5692,#5693));
#6821=IFCFACEOUTERBOUND(#6820,.T.);
#6822=IFCFACE((#6821));
#6823=IFCPOLYLOOP((#5675,#5694,#5682));
#6824=IFCFACEOUTERBOUND(#6823,.T.);
#6825=IFCFACE((#6824));
#6826=IFCPOLYLOOP((#5686,#5667,#5688));
#6827=IFCFACEOUTERBOUND(#6826,.T.);
#6828=IFCFACE((#6827));
#6829=IFCPOLYLOOP((#5675,#5682,#5668));
#6830=IFCFACEOUTERBOUND(#6829,.T.);
#6831=IFCFACE((#6830));
#6832=IFCPOLYLOOP((#5682,#5689,#5685));
#6833=IFCFACEOUTERBOUND(#6832,.T.);
#6834=IFCFACE((#6833));
#6835=IFCPOLYLOOP((#5694,#5679,#5663));
#6836=IFCFACEOUTERBOUND(#6835,.T.);
#6837=IFCFACE((#6836));
#6838=IFCPOLYLOOP((#5667,#5686,#5678));
#6839=IFCFACEOUTERBOUND(#6838,.T.);
#6840=IFCFACE((#6839));
#6841=IFCPOLYLOOP((#5674,#5686,#5669));
#6842=IFCFACEOUTERBOUND(#6841,.T.);
#6843=IFCFACE((#6842));
#6844=IFCPOLYLOOP((#5687,#5692,#5666));
#6845=IFCFACEOUTERBOUND(#6844,.T.);
#6846=IFCFACE((#6845));
#6847=IFCPOLYLOOP((#5668,#5682,#5685));
#6848=IFCFACEOUTERBOUND(#6847,.T.);
#6849=IFCFACE((#6848));
#6850=IFCPOLYLOOP((#5690,#5681,#5672));
#6851=IFCFACEOUTERBOUND(#6850,.T.);
#6852=IFCFACE((#6851));
#6853=IFCPOLYLOOP((#5690,#5674,#5673));
#6854=IFCFACEOUTERBOUND(#6853,.T.);
#6855=IFCFACE((#6854));
#6856=IFCPOLYLOOP((#5690,#5686,#5674));
#6857=IFCFACEOUTERBOUND(#6856,.T.);
#6858=IFCFACE((#6857));
#6859=IFCPOLYLOOP((#5694,#5663,#5664));
#6860=IFCFACEOUTERBOUND(#6859,.T.);
#6861=IFCFACE((#6860));
#6862=IFCPOLYLOOP((#5680,#5469,#5468));
#6863=IFCFACEOUTERBOUND(#6862,.T.);
#6864=IFCFACE((#6863));
#6865=IFCPOLYLOOP((#5680,#5681,#5673));
#6866=IFCFACEOUTERBOUND(#6865,.T.);
#6867=IFCFACE((#6866));
#6868=IFCPOLYLOOP((#5468,#5467,#5677));
#6869=IFCFACEOUTERBOUND(#6868,.T.);
#6870=IFCFACE((#6869));
#6871=IFCPOLYLOOP((#5679,#5662,#5663));
#6872=IFCFACEOUTERBOUND(#6871,.T.);
#6873=IFCFACE((#6872));
#6874=IFCPOLYLOOP((#5694,#5671,#5682));
#6875=IFCFACEOUTERBOUND(#6874,.T.);
#6876=IFCFACE((#6875));
#6877=IFCPOLYLOOP((#5468,#5681,#5680));
#6878=IFCFACEOUTERBOUND(#6877,.T.);
#6879=IFCFACE((#6878));
#6880=IFCPOLYLOOP((#5677,#5681,#5468));
#6881=IFCFACEOUTERBOUND(#6880,.T.);
#6882=IFCFACE((#6881));
#6883=IFCPOLYLOOP((#5689,#5682,#5671));
#6884=IFCFACEOUTERBOUND(#6883,.T.);
#6885=IFCFACE((#6884));
#6886=IFCPOLYLOOP((#5676,#5671,#5694,#5664));
#6887=IFCFACEOUTERBOUND(#6886,.T.);
#6888=IFCFACE((#6887));
#6889=IFCPOLYLOOP((#5685,#5683,#5668));
#6890=IFCFACEOUTERBOUND(#6889,.T.);
#6891=IFCFACE((#6890));
#6892=IFCPOLYLOOP((#5692,#5687,#5684));
#6893=IFCFACEOUTERBOUND(#6892,.T.);
#6894=IFCFACE((#6893));
#6895=IFCPOLYLOOP((#5684,#5687,#5665));
#6896=IFCFACEOUTERBOUND(#6895,.T.);
#6897=IFCFACE((#6896));
#6898=IFCPOLYLOOP((#5683,#5685,#5687));
#6899=IFCFACEOUTERBOUND(#6898,.T.);
#6900=IFCFACE((#6899));
#6901=IFCPOLYLOOP((#5688,#5669,#5686));
#6902=IFCFACEOUTERBOUND(#6901,.T.);
#6903=IFCFACE((#6902));
#6904=IFCPOLYLOOP((#5690,#5672,#5678));
#6905=IFCFACEOUTERBOUND(#6904,.T.);
#6906=IFCFACE((#6905));
#6907=IFCPOLYLOOP((#5665,#5687,#5685));
#6908=IFCFACEOUTERBOUND(#6907,.T.);
#6909=IFCFACE((#6908));
#6910=IFCPOLYLOOP((#5683,#5687,#5666));
#6911=IFCFACEOUTERBOUND(#6910,.T.);
#6912=IFCFACE((#6911));
#6913=IFCPOLYLOOP((#5670,#5693,#5692,#5684));
#6914=IFCFACEOUTERBOUND(#6913,.T.);
#6915=IFCFACE((#6914));
#6916=IFCPOLYLOOP((#5691,#5692,#5688));
#6917=IFCFACEOUTERBOUND(#6916,.T.);
#6918=IFCFACE((#6917));
#6919=IFCPOLYLOOP((#5689,#5665,#5685));
#6920=IFCFACEOUTERBOUND(#6919,.T.);
#6921=IFCFACE((#6920));
#6922=IFCPOLYLOOP((#5673,#5681,#5690));
#6923=IFCFACEOUTERBOUND(#6922,.T.);
#6924=IFCFACE((#6923));
#6925=IFCPOLYLOOP((#5686,#5690,#5678));
#6926=IFCFACEOUTERBOUND(#6925,.T.);
#6927=IFCFACE((#6926));
#6928=IFCPOLYLOOP((#5666,#5692,#5691));
#6929=IFCFACEOUTERBOUND(#6928,.T.);
#6930=IFCFACE((#6929));
#6931=IFCPOLYLOOP((#5688,#5667,#5691));
#6932=IFCFACEOUTERBOUND(#6931,.T.);
#6933=IFCFACE((#6932));
#6934=IFCPOLYLOOP((#5693,#5669,#5688));
#6935=IFCFACEOUTERBOUND(#6934,.T.);
#6936=IFCFACE((#6935));
#6937=IFCPOLYLOOP((#5675,#5679,#5694));
#6938=IFCFACEOUTERBOUND(#6937,.T.);
#6939=IFCFACE((#6938));
#6940=IFCPOLYLOOP((#5647,#5695,#5662,#5679,#5675,#5668,#5683,#5666,#5691,#5667,#5678,#5672,#5677,#5467));
#6941=IFCFACEOUTERBOUND(#6940,.T.);
#6942=IFCFACE((#6941));
#6943=IFCPOLYLOOP((#5697,#5649,#5648,#5696));
#6944=IFCFACEOUTERBOUND(#6943,.T.);
#6945=IFCFACE((#6944));
#6946=IFCPOLYLOOP((#5699,#5651,#5650,#5722,#5712,#5713,#5706,#5737,#5715,#5742,#5705,#5728,#5719,#5720,#5707,#5733,#5709,#5710,#5698));
#6947=IFCFACEOUTERBOUND(#6946,.T.);
#6948=IFCFACE((#6947));
#6949=IFCPOLYLOOP((#5708,#5721,#5730));
#6950=IFCFACEOUTERBOUND(#6949,.T.);
#6951=IFCFACE((#6950));
#6952=IFCPOLYLOOP((#5735,#5739,#5723));
#6953=IFCFACEOUTERBOUND(#6952,.T.);
#6954=IFCFACE((#6953));
#6955=IFCPOLYLOOP((#5747,#5746,#5722));
#6956=IFCFACEOUTERBOUND(#6955,.T.);
#6957=IFCFACE((#6956));
#6958=IFCPOLYLOOP((#5730,#5732,#5708));
#6959=IFCFACEOUTERBOUND(#6958,.T.);
#6960=IFCFACE((#6959));
#6961=IFCPOLYLOOP((#5712,#5722,#5746));
#6962=IFCFACEOUTERBOUND(#6961,.T.);
#6963=IFCFACE((#6962));
#6964=IFCPOLYLOOP((#5726,#5725,#5724));
#6965=IFCFACEOUTERBOUND(#6964,.T.);
#6966=IFCFACE((#6965));
#6967=IFCPOLYLOOP((#5735,#5706,#5713));
#6968=IFCFACEOUTERBOUND(#6967,.T.);
#6969=IFCFACE((#6968));
#6970=IFCPOLYLOOP((#5738,#5717,#5716));
#6971=IFCFACEOUTERBOUND(#6970,.T.);
#6972=IFCFACE((#6971));
#6973=IFCPOLYLOOP((#5748,#5729,#5727));
#6974=IFCFACEOUTERBOUND(#6973,.T.);
#6975=IFCFACE((#6974));
#6976=IFCPOLYLOOP((#5740,#5743,#5742));
#6977=IFCFACEOUTERBOUND(#6976,.T.);
#6978=IFCFACE((#6977));
#6979=IFCPOLYLOOP((#5731,#5732,#5745));
#6980=IFCFACEOUTERBOUND(#6979,.T.);
#6981=IFCFACE((#6980));
#6982=IFCPOLYLOOP((#5701,#5698,#5734));
#6983=IFCFACEOUTERBOUND(#6982,.T.);
#6984=IFCFACE((#6983));
#6985=IFCPOLYLOOP((#5734,#5730,#5721));
#6986=IFCFACEOUTERBOUND(#6985,.T.);
#6987=IFCFACE((#6986));
#6988=IFCPOLYLOOP((#5714,#5746,#5747));
#6989=IFCFACEOUTERBOUND(#6988,.T.);
#6990=IFCFACE((#6989));
#6991=IFCPOLYLOOP((#5740,#5738,#5716));
#6992=IFCFACEOUTERBOUND(#6991,.T.);
#6993=IFCFACE((#6992));
#6994=IFCPOLYLOOP((#5735,#5713,#5739));
#6995=IFCFACEOUTERBOUND(#6994,.T.);
#6996=IFCFACE((#6995));
#6997=IFCPOLYLOOP((#5747,#5722,#5650));
#6998=IFCFACEOUTERBOUND(#6997,.T.);
#6999=IFCFACE((#6998));
#7000=IFCPOLYLOOP((#5747,#5653,#5652));
#7001=IFCFACEOUTERBOUND(#7000,.T.);
#7002=IFCFACE((#7001));
#7003=IFCPOLYLOOP((#5735,#5703,#5736));
#7004=IFCFACEOUTERBOUND(#7003,.T.);
#7005=IFCFACE((#7004));
#7006=IFCPOLYLOOP((#5737,#5736,#5738));
#7007=IFCFACEOUTERBOUND(#7006,.T.);
#7008=IFCFACE((#7007));
#7009=IFCPOLYLOOP((#5726,#5724,#5704));
#7010=IFCFACEOUTERBOUND(#7009,.T.);
#7011=IFCFACE((#7010));
#7012=IFCPOLYLOOP((#5727,#5725,#5719));
#7013=IFCFACEOUTERBOUND(#7012,.T.);
#7014=IFCFACE((#7013));
#7015=IFCPOLYLOOP((#5725,#5720,#5719));
#7016=IFCFACEOUTERBOUND(#7015,.T.);
#7017=IFCFACE((#7016));
#7018=IFCPOLYLOOP((#5734,#5721,#5700));
#7019=IFCFACEOUTERBOUND(#7018,.T.);
#7020=IFCFACE((#7019));
#7021=IFCPOLYLOOP((#5710,#5709,#5730));
#7022=IFCFACEOUTERBOUND(#7021,.T.);
#7023=IFCFACE((#7022));
#7024=IFCPOLYLOOP((#5727,#5718,#5725));
#7025=IFCFACEOUTERBOUND(#7024,.T.);
#7026=IFCFACE((#7025));
#7027=IFCPOLYLOOP((#5746,#5711,#5739));
#7028=IFCFACEOUTERBOUND(#7027,.T.);
#7029=IFCFACE((#7028));
#7030=IFCPOLYLOOP((#5724,#5725,#5718));
#7031=IFCFACEOUTERBOUND(#7030,.T.);
#7032=IFCFACE((#7031));
#7033=IFCPOLYLOOP((#5720,#5725,#5726));
#7034=IFCFACEOUTERBOUND(#7033,.T.);
#7035=IFCFACE((#7034));
#7036=IFCPOLYLOOP((#5726,#5707,#5720));
#7037=IFCFACEOUTERBOUND(#7036,.T.);
#7038=IFCFACE((#7037));
#7039=IFCPOLYLOOP((#5745,#5707,#5726));
#7040=IFCFACEOUTERBOUND(#7039,.T.);
#7041=IFCFACE((#7040));
#7042=IFCPOLYLOOP((#5744,#5702,#5729));
#7043=IFCFACEOUTERBOUND(#7042,.T.);
#7044=IFCFACE((#7043));
#7045=IFCPOLYLOOP((#5729,#5718,#5727));
#7046=IFCFACEOUTERBOUND(#7045,.T.);
#7047=IFCFACE((#7046));
#7048=IFCPOLYLOOP((#5744,#5743,#5702));
#7049=IFCFACEOUTERBOUND(#7048,.T.);
#7050=IFCFACE((#7049));
#7051=IFCPOLYLOOP((#5727,#5719,#5728));
#7052=IFCFACEOUTERBOUND(#7051,.T.);
#7053=IFCFACE((#7052));
#7054=IFCPOLYLOOP((#5734,#5710,#5730));
#7055=IFCFACEOUTERBOUND(#7054,.T.);
#7056=IFCFACE((#7055));
#7057=IFCPOLYLOOP((#5710,#5734,#5698));
#7058=IFCFACEOUTERBOUND(#7057,.T.);
#7059=IFCFACE((#7058));
#7060=IFCPOLYLOOP((#5709,#5732,#5730));
#7061=IFCFACEOUTERBOUND(#7060,.T.);
#7062=IFCFACE((#7061));
#7063=IFCPOLYLOOP((#5732,#5731,#5708));
#7064=IFCFACEOUTERBOUND(#7063,.T.);
#7065=IFCFACE((#7064));
#7066=IFCPOLYLOOP((#5745,#5733,#5707));
#7067=IFCFACEOUTERBOUND(#7066,.T.);
#7068=IFCFACE((#7067));
#7069=IFCPOLYLOOP((#5731,#5745,#5704));
#7070=IFCFACEOUTERBOUND(#7069,.T.);
#7071=IFCFACE((#7070));
#7072=IFCPOLYLOOP((#5732,#5709,#5733));
#7073=IFCFACEOUTERBOUND(#7072,.T.);
#7074=IFCFACE((#7073));
#7075=IFCPOLYLOOP((#5701,#5734,#5700));
#7076=IFCFACEOUTERBOUND(#7075,.T.);
#7077=IFCFACE((#7076));
#7078=IFCPOLYLOOP((#5706,#5735,#5736));
#7079=IFCFACEOUTERBOUND(#7078,.T.);
#7080=IFCFACE((#7079));
#7081=IFCPOLYLOOP((#5703,#5735,#5723));
#7082=IFCFACEOUTERBOUND(#7081,.T.);
#7083=IFCFACE((#7082));
#7084=IFCPOLYLOOP((#5740,#5715,#5738));
#7085=IFCFACEOUTERBOUND(#7084,.T.);
#7086=IFCFACE((#7085));
#7087=IFCPOLYLOOP((#5736,#5703,#5717));
#7088=IFCFACEOUTERBOUND(#7087,.T.);
#7089=IFCFACE((#7088));
#7090=IFCPOLYLOOP((#5737,#5706,#5736));
#7091=IFCFACEOUTERBOUND(#7090,.T.);
#7092=IFCFACE((#7091));
#7093=IFCPOLYLOOP((#5715,#5737,#5738));
#7094=IFCFACEOUTERBOUND(#7093,.T.);
#7095=IFCFACE((#7094));
#7096=IFCPOLYLOOP((#5717,#5738,#5736));
#7097=IFCFACEOUTERBOUND(#7096,.T.);
#7098=IFCFACE((#7097));
#7099=IFCPOLYLOOP((#5723,#5739,#5711));
#7100=IFCFACEOUTERBOUND(#7099,.T.);
#7101=IFCFACE((#7100));
#7102=IFCPOLYLOOP((#5739,#5713,#5712));
#7103=IFCFACEOUTERBOUND(#7102,.T.);
#7104=IFCFACE((#7103));
#7105=IFCPOLYLOOP((#5705,#5742,#5743));
#7106=IFCFACEOUTERBOUND(#7105,.T.);
#7107=IFCFACE((#7106));
#7108=IFCPOLYLOOP((#5742,#5715,#5740));
#7109=IFCFACEOUTERBOUND(#7108,.T.);
#7110=IFCFACE((#7109));
#7111=IFCPOLYLOOP((#5741,#5702,#5743));
#7112=IFCFACEOUTERBOUND(#7111,.T.);
#7113=IFCFACE((#7112));
#7114=IFCPOLYLOOP((#5740,#5716,#5741));
#7115=IFCFACEOUTERBOUND(#7114,.T.);
#7116=IFCFACE((#7115));
#7117=IFCPOLYLOOP((#5744,#5705,#5743));
#7118=IFCFACEOUTERBOUND(#7117,.T.);
#7119=IFCFACE((#7118));
#7120=IFCPOLYLOOP((#5741,#5743,#5740));
#7121=IFCFACEOUTERBOUND(#7120,.T.);
#7122=IFCFACE((#7121));
#7123=IFCPOLYLOOP((#5744,#5728,#5705));
#7124=IFCFACEOUTERBOUND(#7123,.T.);
#7125=IFCFACE((#7124));
#7126=IFCPOLYLOOP((#5748,#5728,#5744));
#7127=IFCFACEOUTERBOUND(#7126,.T.);
#7128=IFCFACE((#7127));
#7129=IFCPOLYLOOP((#5732,#5733,#5745));
#7130=IFCFACEOUTERBOUND(#7129,.T.);
#7131=IFCFACE((#7130));
#7132=IFCPOLYLOOP((#5704,#5745,#5726));
#7133=IFCFACEOUTERBOUND(#7132,.T.);
#7134=IFCFACE((#7133));
#7135=IFCPOLYLOOP((#5712,#5746,#5739));
#7136=IFCFACEOUTERBOUND(#7135,.T.);
#7137=IFCFACE((#7136));
#7138=IFCPOLYLOOP((#5711,#5746,#5714));
#7139=IFCFACEOUTERBOUND(#7138,.T.);
#7140=IFCFACE((#7139));
#7141=IFCPOLYLOOP((#5714,#5747,#5652));
#7142=IFCFACEOUTERBOUND(#7141,.T.);
#7143=IFCFACE((#7142));
#7144=IFCPOLYLOOP((#5653,#5747,#5650));
#7145=IFCFACEOUTERBOUND(#7144,.T.);
#7146=IFCFACE((#7145));
#7147=IFCPOLYLOOP((#5729,#5748,#5744));
#7148=IFCFACEOUTERBOUND(#7147,.T.);
#7149=IFCFACE((#7148));
#7150=IFCPOLYLOOP((#5748,#5727,#5728));
#7151=IFCFACEOUTERBOUND(#7150,.T.);
#7152=IFCFACE((#7151));
#7153=IFCPOLYLOOP((#5799,#5798,#5780));
#7154=IFCFACEOUTERBOUND(#7153,.T.);
#7155=IFCFACE((#7154));
#7156=IFCPOLYLOOP((#5877,#5768,#5843));
#7157=IFCFACEOUTERBOUND(#7156,.T.);
#7158=IFCFACE((#7157));
#7159=IFCPOLYLOOP((#5847,#5887,#5912));
#7160=IFCFACEOUTERBOUND(#7159,.T.);
#7161=IFCFACE((#7160));
#7162=IFCPOLYLOOP((#5917,#5786,#5863));
#7163=IFCFACEOUTERBOUND(#7162,.T.);
#7164=IFCFACE((#7163));
#7165=IFCPOLYLOOP((#5829,#5821,#5800));
#7166=IFCFACEOUTERBOUND(#7165,.T.);
#7167=IFCFACE((#7166));
#7168=IFCPOLYLOOP((#5801,#5765,#5796));
#7169=IFCFACEOUTERBOUND(#7168,.T.);
#7170=IFCFACE((#7169));
#7171=IFCPOLYLOOP((#5891,#5812,#5849,#5773));
#7172=IFCFACEOUTERBOUND(#7171,.T.);
#7173=IFCFACE((#7172));
#7174=IFCPOLYLOOP((#5832,#5833,#5830));
#7175=IFCFACEOUTERBOUND(#7174,.T.);
#7176=IFCFACE((#7175));
#7177=IFCPOLYLOOP((#5794,#5778,#5792,#5793));
#7178=IFCFACEOUTERBOUND(#7177,.T.);
#7179=IFCFACE((#7178));
#7180=IFCPOLYLOOP((#5789,#5924,#5925,#5920));
#7181=IFCFACEOUTERBOUND(#7180,.T.);
#7182=IFCFACE((#7181));
#7183=IFCPOLYLOOP((#5857,#5915,#5914));
#7184=IFCFACEOUTERBOUND(#7183,.T.);
#7185=IFCFACE((#7184));
#7186=IFCPOLYLOOP((#5831,#5833,#5832));
#7187=IFCFACEOUTERBOUND(#7186,.T.);
#7188=IFCFACE((#7187));
#7189=IFCPOLYLOOP((#5856,#5911,#5916));
#7190=IFCFACEOUTERBOUND(#7189,.T.);
#7191=IFCFACE((#7190));
#7192=IFCPOLYLOOP((#5846,#5885,#5888));
#7193=IFCFACEOUTERBOUND(#7192,.T.);
#7194=IFCFACE((#7193));
#7195=IFCPOLYLOOP((#5821,#5763,#5823));
#7196=IFCFACEOUTERBOUND(#7195,.T.);
#7197=IFCFACE((#7196));
#7198=IFCPOLYLOOP((#5816,#5903,#5853));
#7199=IFCFACEOUTERBOUND(#7198,.T.);
#7200=IFCFACE((#7199));
#7201=IFCPOLYLOOP((#5794,#5796,#5765));
#7202=IFCFACEOUTERBOUND(#7201,.T.);
#7203=IFCFACE((#7202));
#7204=IFCPOLYLOOP((#5750,#5751,#5797));
#7205=IFCFACEOUTERBOUND(#7204,.T.);
#7206=IFCFACE((#7205));
#7207=IFCPOLYLOOP((#5792,#5664,#5663));
#7208=IFCFACEOUTERBOUND(#7207,.T.);
#7209=IFCFACE((#7208));
#7210=IFCPOLYLOOP((#5840,#5869,#5872));
#7211=IFCFACEOUTERBOUND(#7210,.T.);
#7212=IFCFACE((#7211));
#7213=IFCPOLYLOOP((#5855,#5908,#5907));
#7214=IFCFACEOUTERBOUND(#7213,.T.);
#7215=IFCFACE((#7214));
#7216=IFCPOLYLOOP((#5841,#5871,#5876));
#7217=IFCFACEOUTERBOUND(#7216,.T.);
#7218=IFCFACE((#7217));
#7219=IFCPOLYLOOP((#5842,#5874,#5878));
#7220=IFCFACEOUTERBOUND(#7219,.T.);
#7221=IFCFACE((#7220));
#7222=IFCPOLYLOOP((#5866,#5920,#5925));
#7223=IFCFACEOUTERBOUND(#7222,.T.);
#7224=IFCFACE((#7223));
#7225=IFCPOLYLOOP((#5814,#5898,#5851));
#7226=IFCFACEOUTERBOUND(#7225,.T.);
#7227=IFCFACE((#7226));
#7228=IFCPOLYLOOP((#5896,#5814,#5851,#5772));
#7229=IFCFACEOUTERBOUND(#7228,.T.);
#7230=IFCFACE((#7229));
#7231=IFCPOLYLOOP((#5812,#5893,#5849));
#7232=IFCFACEOUTERBOUND(#7231,.T.);
#7233=IFCFACE((#7232));
#7234=IFCPOLYLOOP((#5663,#5790,#5793));
#7235=IFCFACEOUTERBOUND(#7234,.T.);
#7236=IFCFACE((#7235));
#7237=IFCPOLYLOOP((#5780,#5798,#5797));
#7238=IFCFACEOUTERBOUND(#7237,.T.);
#7239=IFCFACE((#7238));
#7240=IFCPOLYLOOP((#5774,#5830,#5799));
#7241=IFCFACEOUTERBOUND(#7240,.T.);
#7242=IFCFACE((#7241));
#7243=IFCPOLYLOOP((#5796,#5793,#5777));
#7244=IFCFACEOUTERBOUND(#7243,.T.);
#7245=IFCFACE((#7244));
#7246=IFCPOLYLOOP((#5799,#5830,#5775));
#7247=IFCFACEOUTERBOUND(#7246,.T.);
#7248=IFCFACE((#7247));
#7249=IFCPOLYLOOP((#5797,#5798,#5750));
#7250=IFCFACEOUTERBOUND(#7249,.T.);
#7251=IFCFACE((#7250));
#7252=IFCPOLYLOOP((#5783,#5827,#5826));
#7253=IFCFACEOUTERBOUND(#7252,.T.);
#7254=IFCFACE((#7253));
#7255=IFCPOLYLOOP((#5901,#5816,#5853,#5782));
#7256=IFCFACEOUTERBOUND(#7255,.T.);
#7257=IFCFACE((#7256));
#7258=IFCPOLYLOOP((#5824,#5825,#5826));
#7259=IFCFACEOUTERBOUND(#7258,.T.);
#7260=IFCFACE((#7259));
#7261=IFCPOLYLOOP((#5863,#5919,#5918));
#7262=IFCFACEOUTERBOUND(#7261,.T.);
#7263=IFCFACE((#7262));
#7264=IFCPOLYLOOP((#5854,#5905,#5909));
#7265=IFCFACEOUTERBOUND(#7264,.T.);
#7266=IFCFACE((#7265));
#7267=IFCPOLYLOOP((#5837,#5865,#5907));
#7268=IFCFACEOUTERBOUND(#7267,.T.);
#7269=IFCFACE((#7268));
#7270=IFCPOLYLOOP((#5808,#5883,#5845));
#7271=IFCFACEOUTERBOUND(#7270,.T.);
#7272=IFCFACE((#7271));
#7273=IFCPOLYLOOP((#5881,#5808,#5845,#5788));
#7274=IFCFACEOUTERBOUND(#7273,.T.);
#7275=IFCFACE((#7274));
#7276=IFCPOLYLOOP((#5921,#5873,#5755,#5920));
#7277=IFCFACEOUTERBOUND(#7276,.T.);
#7278=IFCFACE((#7277));
#7279=IFCPOLYLOOP((#5663,#5662,#5790));
#7280=IFCFACEOUTERBOUND(#7279,.T.);
#7281=IFCFACE((#7280));
#7282=IFCPOLYLOOP((#5791,#5749,#5750));
#7283=IFCFACEOUTERBOUND(#7282,.T.);
#7284=IFCFACE((#7283));
#7285=IFCPOLYLOOP((#5663,#5793,#5792));
#7286=IFCFACEOUTERBOUND(#7285,.T.);
#7287=IFCFACE((#7286));
#7288=IFCPOLYLOOP((#5793,#5790,#5777));
#7289=IFCFACEOUTERBOUND(#7288,.T.);
#7290=IFCFACE((#7289));
#7291=IFCPOLYLOOP((#5795,#5764,#5796,#5777));
#7292=IFCFACEOUTERBOUND(#7291,.T.);
#7293=IFCFACE((#7292));
#7294=IFCPOLYLOOP((#5794,#5793,#5796));
#7295=IFCFACEOUTERBOUND(#7294,.T.);
#7296=IFCFACE((#7295));
#7297=IFCPOLYLOOP((#5840,#5868,#5918));
#7298=IFCFACEOUTERBOUND(#7297,.T.);
#7299=IFCFACE((#7298));
#7300=IFCPOLYLOOP((#5791,#5750,#5798));
#7301=IFCFACEOUTERBOUND(#7300,.T.);
#7302=IFCFACE((#7301));
#7303=IFCPOLYLOOP((#5798,#5779,#5791));
#7304=IFCFACEOUTERBOUND(#7303,.T.);
#7305=IFCFACE((#7304));
#7306=IFCPOLYLOOP((#5779,#5798,#5799));
#7307=IFCFACEOUTERBOUND(#7306,.T.);
#7308=IFCFACE((#7307));
#7309=IFCPOLYLOOP((#5779,#5799,#5775));
#7310=IFCFACEOUTERBOUND(#7309,.T.);
#7311=IFCFACE((#7310));
#7312=IFCPOLYLOOP((#5839,#5774,#5799,#5780));
#7313=IFCFACEOUTERBOUND(#7312,.T.);
#7314=IFCFACE((#7313));
#7315=IFCPOLYLOOP((#5764,#5801,#5796));
#7316=IFCFACEOUTERBOUND(#7315,.T.);
#7317=IFCFACE((#7316));
#7318=IFCPOLYLOOP((#5822,#5765,#5801));
#7319=IFCFACEOUTERBOUND(#7318,.T.);
#7320=IFCFACE((#7319));
#7321=IFCPOLYLOOP((#5823,#5762,#5821));
#7322=IFCFACEOUTERBOUND(#7321,.T.);
#7323=IFCFACE((#7322));
#7324=IFCPOLYLOOP((#5802,#5763,#5821));
#7325=IFCFACEOUTERBOUND(#7324,.T.);
#7326=IFCFACE((#7325));
#7327=IFCPOLYLOOP((#5764,#5829,#5801));
#7328=IFCFACEOUTERBOUND(#7327,.T.);
#7329=IFCFACE((#7328));
#7330=IFCPOLYLOOP((#5870,#5803,#5841,#5768));
#7331=IFCFACEOUTERBOUND(#7330,.T.);
#7332=IFCFACE((#7331));
#7333=IFCPOLYLOOP((#5842,#5873,#5921));
#7334=IFCFACEOUTERBOUND(#7333,.T.);
#7335=IFCFACE((#7334));
#7336=IFCPOLYLOOP((#5875,#5805,#5843));
#7337=IFCFACEOUTERBOUND(#7336,.T.);
#7338=IFCFACE((#7337));
#7339=IFCPOLYLOOP((#5807,#5882,#5883,#5879));
#7340=IFCFACEOUTERBOUND(#7339,.T.);
#7341=IFCFACE((#7340));
#7342=IFCPOLYLOOP((#5844,#5879,#5883));
#7343=IFCFACEOUTERBOUND(#7342,.T.);
#7344=IFCFACE((#7343));
#7345=IFCPOLYLOOP((#5884,#5757,#5846,#5809));
#7346=IFCFACEOUTERBOUND(#7345,.T.);
#7347=IFCFACE((#7346));
#7348=IFCPOLYLOOP((#5886,#5809,#5847,#5761));
#7349=IFCFACEOUTERBOUND(#7348,.T.);
#7350=IFCFACE((#7349));
#7351=IFCPOLYLOOP((#5893,#5848,#5811));
#7352=IFCFACEOUTERBOUND(#7351,.T.);
#7353=IFCFACE((#7352));
#7354=IFCPOLYLOOP((#5889,#5811,#5848,#5753));
#7355=IFCFACEOUTERBOUND(#7354,.T.);
#7356=IFCFACE((#7355));
#7357=IFCPOLYLOOP((#5813,#5897,#5898,#5894));
#7358=IFCFACEOUTERBOUND(#7357,.T.);
#7359=IFCFACE((#7358));
#7360=IFCPOLYLOOP((#5850,#5894,#5898));
#7361=IFCFACEOUTERBOUND(#7360,.T.);
#7362=IFCFACE((#7361));
#7363=IFCPOLYLOOP((#5903,#5852,#5815));
#7364=IFCFACEOUTERBOUND(#7363,.T.);
#7365=IFCFACE((#7364));
#7366=IFCPOLYLOOP((#5899,#5815,#5852,#5756));
#7367=IFCFACEOUTERBOUND(#7366,.T.);
#7368=IFCFACE((#7367));
#7369=IFCPOLYLOOP((#5904,#5754,#5854,#5817));
#7370=IFCFACEOUTERBOUND(#7369,.T.);
#7371=IFCFACE((#7370));
#7372=IFCPOLYLOOP((#5906,#5817,#5855,#5785));
#7373=IFCFACEOUTERBOUND(#7372,.T.);
#7374=IFCFACE((#7373));
#7375=IFCPOLYLOOP((#5910,#5761,#5856,#5819));
#7376=IFCFACEOUTERBOUND(#7375,.T.);
#7377=IFCFACE((#7376));
#7378=IFCPOLYLOOP((#5913,#5819,#5857,#5758));
#7379=IFCFACEOUTERBOUND(#7378,.T.);
#7380=IFCFACE((#7379));
#7381=IFCPOLYLOOP((#5802,#5821,#5829));
#7382=IFCFACEOUTERBOUND(#7381,.T.);
#7383=IFCFACE((#7382));
#7384=IFCPOLYLOOP((#5858,#5800,#5821,#5762));
#7385=IFCFACEOUTERBOUND(#7384,.T.);
#7386=IFCFACE((#7385));
#7387=IFCPOLYLOOP((#5859,#5782,#5827,#5783));
#7388=IFCFACEOUTERBOUND(#7387,.T.);
#7389=IFCFACE((#7388));
#7390=IFCPOLYLOOP((#5800,#5822,#5829));
#7391=IFCFACEOUTERBOUND(#7390,.T.);
#7392=IFCFACE((#7391));
#7393=IFCPOLYLOOP((#5823,#5828,#5826));
#7394=IFCFACEOUTERBOUND(#7393,.T.);
#7395=IFCFACE((#7394));
#7396=IFCPOLYLOOP((#5826,#5825,#5823));
#7397=IFCFACEOUTERBOUND(#7396,.T.);
#7398=IFCFACE((#7397));
#7399=IFCPOLYLOOP((#5825,#5762,#5823));
#7400=IFCFACEOUTERBOUND(#7399,.T.);
#7401=IFCFACE((#7400));
#7402=IFCPOLYLOOP((#5827,#5824,#5826));
#7403=IFCFACEOUTERBOUND(#7402,.T.);
#7404=IFCFACE((#7403));
#7405=IFCPOLYLOOP((#5802,#5829,#5764));
#7406=IFCFACEOUTERBOUND(#7405,.T.);
#7407=IFCFACE((#7406));
#7408=IFCPOLYLOOP((#5860,#5824,#5827,#5781));
#7409=IFCFACEOUTERBOUND(#7408,.T.);
#7410=IFCFACE((#7409));
#7411=IFCPOLYLOOP((#5781,#5827,#5853));
#7412=IFCFACEOUTERBOUND(#7411,.T.);
#7413=IFCFACE((#7412));
#7414=IFCPOLYLOOP((#5783,#5826,#5828));
#7415=IFCFACEOUTERBOUND(#7414,.T.);
#7416=IFCFACE((#7415));
#7417=IFCPOLYLOOP((#5823,#5763,#5828));
#7418=IFCFACEOUTERBOUND(#7417,.T.);
#7419=IFCFACE((#7418));
#7420=IFCPOLYLOOP((#5801,#5829,#5822));
#7421=IFCFACEOUTERBOUND(#7420,.T.);
#7422=IFCFACE((#7421));
#7423=IFCPOLYLOOP((#5776,#5835,#5833));
#7424=IFCFACEOUTERBOUND(#7423,.T.);
#7425=IFCFACE((#7424));
#7426=IFCPOLYLOOP((#5833,#5834,#5776));
#7427=IFCFACEOUTERBOUND(#7426,.T.);
#7428=IFCFACE((#7427));
#7429=IFCPOLYLOOP((#5831,#5834,#5833));
#7430=IFCFACEOUTERBOUND(#7429,.T.);
#7431=IFCFACE((#7430));
#7432=IFCPOLYLOOP((#5830,#5833,#5835));
#7433=IFCFACEOUTERBOUND(#7432,.T.);
#7434=IFCFACE((#7433));
#7435=IFCPOLYLOOP((#5830,#5774,#5832));
#7436=IFCFACEOUTERBOUND(#7435,.T.);
#7437=IFCFACE((#7436));
#7438=IFCPOLYLOOP((#5861,#5776,#5834,#5759));
#7439=IFCFACEOUTERBOUND(#7438,.T.);
#7440=IFCFACE((#7439));
#7441=IFCPOLYLOOP((#5820,#5916,#5911));
#7442=IFCFACEOUTERBOUND(#7441,.T.);
#7443=IFCFACE((#7442));
#7444=IFCPOLYLOOP((#5834,#5862,#5914));
#7445=IFCFACEOUTERBOUND(#7444,.T.);
#7446=IFCFACE((#7445));
#7447=IFCPOLYLOOP((#5835,#5775,#5830));
#7448=IFCFACEOUTERBOUND(#7447,.T.);
#7449=IFCFACE((#7448));
#7450=IFCPOLYLOOP((#5818,#5909,#5905));
#7451=IFCFACEOUTERBOUND(#7450,.T.);
#7452=IFCFACE((#7451));
#7453=IFCPOLYLOOP((#5864,#5836,#5837,#5784));
#7454=IFCFACEOUTERBOUND(#7453,.T.);
#7455=IFCFACE((#7454));
#7456=IFCPOLYLOOP((#5786,#5837,#5863));
#7457=IFCFACEOUTERBOUND(#7456,.T.);
#7458=IFCFACE((#7457));
#7459=IFCPOLYLOOP((#5872,#5841,#5803));
#7460=IFCFACEOUTERBOUND(#7459,.T.);
#7461=IFCFACE((#7460));
#7462=IFCPOLYLOOP((#5923,#5838,#5867,#5787));
#7463=IFCFACEOUTERBOUND(#7462,.T.);
#7464=IFCFACE((#7463));
#7465=IFCPOLYLOOP((#5842,#5921,#5752));
#7466=IFCFACEOUTERBOUND(#7465,.T.);
#7467=IFCFACE((#7466));
#7468=IFCPOLYLOOP((#5806,#5877,#5878,#5874));
#7469=IFCFACEOUTERBOUND(#7468,.T.);
#7470=IFCFACE((#7469));
#7471=IFCPOLYLOOP((#5872,#5871,#5841));
#7472=IFCFACEOUTERBOUND(#7471,.T.);
#7473=IFCFACE((#7472));
#7474=IFCPOLYLOOP((#5878,#5843,#5805));
#7475=IFCFACEOUTERBOUND(#7474,.T.);
#7476=IFCFACE((#7475));
#7477=IFCPOLYLOOP((#5866,#5752,#5921));
#7478=IFCFACEOUTERBOUND(#7477,.T.);
#7479=IFCFACE((#7478));
#7480=IFCPOLYLOOP((#5843,#5876,#5875));
#7481=IFCFACEOUTERBOUND(#7480,.T.);
#7482=IFCFACE((#7481));
#7483=IFCPOLYLOOP((#5878,#5877,#5843));
#7484=IFCFACEOUTERBOUND(#7483,.T.);
#7485=IFCFACE((#7484));
#7486=IFCPOLYLOOP((#5771,#5844,#5850));
#7487=IFCFACEOUTERBOUND(#7486,.T.);
#7488=IFCFACE((#7487));
#7489=IFCPOLYLOOP((#5880,#5770,#5844,#5808));
#7490=IFCFACEOUTERBOUND(#7489,.T.);
#7491=IFCFACE((#7490));
#7492=IFCPOLYLOOP((#5788,#5845,#5867));
#7493=IFCFACEOUTERBOUND(#7492,.T.);
#7494=IFCFACE((#7493));
#7495=IFCPOLYLOOP((#5882,#5787,#5845));
#7496=IFCFACEOUTERBOUND(#7495,.T.);
#7497=IFCFACE((#7496));
#7498=IFCPOLYLOOP((#5888,#5847,#5809));
#7499=IFCFACEOUTERBOUND(#7498,.T.);
#7500=IFCFACE((#7499));
#7501=IFCPOLYLOOP((#5754,#5846,#5854));
#7502=IFCFACEOUTERBOUND(#7501,.T.);
#7503=IFCFACE((#7502));
#7504=IFCPOLYLOOP((#5912,#5856,#5761));
#7505=IFCFACEOUTERBOUND(#7504,.T.);
#7506=IFCFACE((#7505));
#7507=IFCPOLYLOOP((#5810,#5847,#5888));
#7508=IFCFACEOUTERBOUND(#7507,.T.);
#7509=IFCFACE((#7508));
#7510=IFCPOLYLOOP((#5753,#5848,#5852));
#7511=IFCFACEOUTERBOUND(#7510,.T.);
#7512=IFCFACE((#7511));
#7513=IFCPOLYLOOP((#5890,#5756,#5848));
#7514=IFCFACEOUTERBOUND(#7513,.T.);
#7515=IFCFACE((#7514));
#7516=IFCPOLYLOOP((#5773,#5849,#5851));
#7517=IFCFACEOUTERBOUND(#7516,.T.);
#7518=IFCFACE((#7517));
#7519=IFCPOLYLOOP((#5892,#5772,#5849));
#7520=IFCFACEOUTERBOUND(#7519,.T.);
#7521=IFCFACE((#7520));
#7522=IFCPOLYLOOP((#5770,#5850,#5844));
#7523=IFCFACEOUTERBOUND(#7522,.T.);
#7524=IFCFACE((#7523));
#7525=IFCPOLYLOOP((#5895,#5771,#5850));
#7526=IFCFACEOUTERBOUND(#7525,.T.);
#7527=IFCFACE((#7526));
#7528=IFCPOLYLOOP((#5772,#5851,#5849));
#7529=IFCFACEOUTERBOUND(#7528,.T.);
#7530=IFCFACE((#7529));
#7531=IFCPOLYLOOP((#5897,#5773,#5851));
#7532=IFCFACEOUTERBOUND(#7531,.T.);
#7533=IFCFACE((#7532));
#7534=IFCPOLYLOOP((#5756,#5852,#5848));
#7535=IFCFACEOUTERBOUND(#7534,.T.);
#7536=IFCFACE((#7535));
#7537=IFCPOLYLOOP((#5900,#5753,#5852));
#7538=IFCFACEOUTERBOUND(#7537,.T.);
#7539=IFCFACE((#7538));
#7540=IFCPOLYLOOP((#5782,#5853,#5827));
#7541=IFCFACEOUTERBOUND(#7540,.T.);
#7542=IFCFACE((#7541));
#7543=IFCPOLYLOOP((#5902,#5781,#5853));
#7544=IFCFACEOUTERBOUND(#7543,.T.);
#7545=IFCFACE((#7544));
#7546=IFCPOLYLOOP((#5909,#5855,#5817));
#7547=IFCFACEOUTERBOUND(#7546,.T.);
#7548=IFCFACE((#7547));
#7549=IFCPOLYLOOP((#5757,#5854,#5846));
#7550=IFCFACEOUTERBOUND(#7549,.T.);
#7551=IFCFACE((#7550));
#7552=IFCPOLYLOOP((#5907,#5785,#5855));
#7553=IFCFACEOUTERBOUND(#7552,.T.);
#7554=IFCFACE((#7553));
#7555=IFCPOLYLOOP((#5818,#5855,#5909));
#7556=IFCFACEOUTERBOUND(#7555,.T.);
#7557=IFCFACE((#7556));
#7558=IFCPOLYLOOP((#5916,#5857,#5819));
#7559=IFCFACEOUTERBOUND(#7558,.T.);
#7560=IFCFACE((#7559));
#7561=IFCPOLYLOOP((#5760,#5856,#5912));
#7562=IFCFACEOUTERBOUND(#7561,.T.);
#7563=IFCFACE((#7562));
#7564=IFCPOLYLOOP((#5914,#5758,#5857));
#7565=IFCFACEOUTERBOUND(#7564,.T.);
#7566=IFCFACE((#7565));
#7567=IFCPOLYLOOP((#5820,#5857,#5916));
#7568=IFCFACEOUTERBOUND(#7567,.T.);
#7569=IFCFACE((#7568));
#7570=IFCPOLYLOOP((#5863,#5918,#5917));
#7571=IFCFACEOUTERBOUND(#7570,.T.);
#7572=IFCFACE((#7571));
#7573=IFCPOLYLOOP((#5834,#5831,#5862));
#7574=IFCFACEOUTERBOUND(#7573,.T.);
#7575=IFCFACE((#7574));
#7576=IFCPOLYLOOP((#5836,#5863,#5837));
#7577=IFCFACEOUTERBOUND(#7576,.T.);
#7578=IFCFACE((#7577));
#7579=IFCPOLYLOOP((#5922,#5752,#5866,#5838));
#7580=IFCFACEOUTERBOUND(#7579,.T.);
#7581=IFCFACE((#7580));
#7582=IFCPOLYLOOP((#5837,#5786,#5865));
#7583=IFCFACEOUTERBOUND(#7582,.T.);
#7584=IFCFACE((#7583));
#7585=IFCPOLYLOOP((#5867,#5838,#5925));
#7586=IFCFACEOUTERBOUND(#7585,.T.);
#7587=IFCFACE((#7586));
#7588=IFCPOLYLOOP((#5787,#5867,#5845));
#7589=IFCFACEOUTERBOUND(#7588,.T.);
#7590=IFCFACE((#7589));
#7591=IFCPOLYLOOP((#5924,#5788,#5867));
#7592=IFCFACEOUTERBOUND(#7591,.T.);
#7593=IFCFACE((#7592));
#7594=IFCPOLYLOOP((#5804,#5871,#5872,#5869));
#7595=IFCFACEOUTERBOUND(#7594,.T.);
#7596=IFCFACE((#7595));
#7597=IFCPOLYLOOP((#5868,#5840,#5803));
#7598=IFCFACEOUTERBOUND(#7597,.T.);
#7599=IFCFACE((#7598));
#7600=IFCPOLYLOOP((#5840,#5766,#5869));
#7601=IFCFACEOUTERBOUND(#7600,.T.);
#7602=IFCFACE((#7601));
#7603=IFCPOLYLOOP((#5840,#5872,#5803));
#7604=IFCFACEOUTERBOUND(#7603,.T.);
#7605=IFCFACE((#7604));
#7606=IFCPOLYLOOP((#5769,#5875,#5876,#5871));
#7607=IFCFACEOUTERBOUND(#7606,.T.);
#7608=IFCFACE((#7607));
#7609=IFCPOLYLOOP((#5873,#5842,#5805));
#7610=IFCFACEOUTERBOUND(#7609,.T.);
#7611=IFCFACE((#7610));
#7612=IFCPOLYLOOP((#5842,#5752,#5874));
#7613=IFCFACEOUTERBOUND(#7612,.T.);
#7614=IFCFACE((#7613));
#7615=IFCPOLYLOOP((#5841,#5876,#5768));
#7616=IFCFACEOUTERBOUND(#7615,.T.);
#7617=IFCFACE((#7616));
#7618=IFCPOLYLOOP((#5876,#5843,#5768));
#7619=IFCFACEOUTERBOUND(#7618,.T.);
#7620=IFCFACE((#7619));
#7621=IFCPOLYLOOP((#5842,#5878,#5805));
#7622=IFCFACEOUTERBOUND(#7621,.T.);
#7623=IFCFACE((#7622));
#7624=IFCPOLYLOOP((#5844,#5883,#5808));
#7625=IFCFACEOUTERBOUND(#7624,.T.);
#7626=IFCFACE((#7625));
#7627=IFCPOLYLOOP((#5844,#5771,#5879));
#7628=IFCFACEOUTERBOUND(#7627,.T.);
#7629=IFCFACE((#7628));
#7630=IFCPOLYLOOP((#5845,#5883,#5882));
#7631=IFCFACEOUTERBOUND(#7630,.T.);
#7632=IFCFACE((#7631));
#7633=IFCPOLYLOOP((#5810,#5888,#5885));
#7634=IFCFACEOUTERBOUND(#7633,.T.);
#7635=IFCFACE((#7634));
#7636=IFCPOLYLOOP((#5846,#5754,#5885));
#7637=IFCFACEOUTERBOUND(#7636,.T.);
#7638=IFCFACE((#7637));
#7639=IFCPOLYLOOP((#5847,#5810,#5887));
#7640=IFCFACEOUTERBOUND(#7639,.T.);
#7641=IFCFACE((#7640));
#7642=IFCPOLYLOOP((#5846,#5888,#5809));
#7643=IFCFACEOUTERBOUND(#7642,.T.);
#7644=IFCFACE((#7643));
#7645=IFCPOLYLOOP((#5890,#5848,#5893));
#7646=IFCFACEOUTERBOUND(#7645,.T.);
#7647=IFCFACE((#7646));
#7648=IFCPOLYLOOP((#5812,#5890,#5893));
#7649=IFCFACEOUTERBOUND(#7648,.T.);
#7650=IFCFACE((#7649));
#7651=IFCPOLYLOOP((#5811,#5892,#5893));
#7652=IFCFACEOUTERBOUND(#7651,.T.);
#7653=IFCFACE((#7652));
#7654=IFCPOLYLOOP((#5849,#5893,#5892));
#7655=IFCFACEOUTERBOUND(#7654,.T.);
#7656=IFCFACE((#7655));
#7657=IFCPOLYLOOP((#5895,#5850,#5898));
#7658=IFCFACEOUTERBOUND(#7657,.T.);
#7659=IFCFACE((#7658));
#7660=IFCPOLYLOOP((#5894,#5850,#5770));
#7661=IFCFACEOUTERBOUND(#7660,.T.);
#7662=IFCFACE((#7661));
#7663=IFCPOLYLOOP((#5814,#5895,#5898));
#7664=IFCFACEOUTERBOUND(#7663,.T.);
#7665=IFCFACE((#7664));
#7666=IFCPOLYLOOP((#5851,#5898,#5897));
#7667=IFCFACEOUTERBOUND(#7666,.T.);
#7668=IFCFACE((#7667));
#7669=IFCPOLYLOOP((#5900,#5852,#5903));
#7670=IFCFACEOUTERBOUND(#7669,.T.);
#7671=IFCFACE((#7670));
#7672=IFCPOLYLOOP((#5816,#5900,#5903));
#7673=IFCFACEOUTERBOUND(#7672,.T.);
#7674=IFCFACE((#7673));
#7675=IFCPOLYLOOP((#5815,#5902,#5903));
#7676=IFCFACEOUTERBOUND(#7675,.T.);
#7677=IFCFACE((#7676));
#7678=IFCPOLYLOOP((#5853,#5903,#5902));
#7679=IFCFACEOUTERBOUND(#7678,.T.);
#7680=IFCFACE((#7679));
#7681=IFCPOLYLOOP((#5785,#5907,#5865));
#7682=IFCFACEOUTERBOUND(#7681,.T.);
#7683=IFCFACE((#7682));
#7684=IFCPOLYLOOP((#5854,#5757,#5905));
#7685=IFCFACEOUTERBOUND(#7684,.T.);
#7686=IFCFACE((#7685));
#7687=IFCPOLYLOOP((#5837,#5907,#5784));
#7688=IFCFACEOUTERBOUND(#7687,.T.);
#7689=IFCFACE((#7688));
#7690=IFCPOLYLOOP((#5784,#5907,#5908));
#7691=IFCFACEOUTERBOUND(#7690,.T.);
#7692=IFCFACE((#7691));
#7693=IFCPOLYLOOP((#5855,#5818,#5908));
#7694=IFCFACEOUTERBOUND(#7693,.T.);
#7695=IFCFACE((#7694));
#7696=IFCPOLYLOOP((#5854,#5909,#5817));
#7697=IFCFACEOUTERBOUND(#7696,.T.);
#7698=IFCFACE((#7697));
#7699=IFCPOLYLOOP((#5760,#5912,#5887));
#7700=IFCFACEOUTERBOUND(#7699,.T.);
#7701=IFCFACE((#7700));
#7702=IFCPOLYLOOP((#5856,#5760,#5911));
#7703=IFCFACEOUTERBOUND(#7702,.T.);
#7704=IFCFACE((#7703));
#7705=IFCPOLYLOOP((#5847,#5912,#5761));
#7706=IFCFACEOUTERBOUND(#7705,.T.);
#7707=IFCFACE((#7706));
#7708=IFCPOLYLOOP((#5758,#5914,#5862));
#7709=IFCFACEOUTERBOUND(#7708,.T.);
#7710=IFCFACE((#7709));
#7711=IFCPOLYLOOP((#5834,#5914,#5759));
#7712=IFCFACEOUTERBOUND(#7711,.T.);
#7713=IFCFACE((#7712));
#7714=IFCPOLYLOOP((#5759,#5914,#5915));
#7715=IFCFACEOUTERBOUND(#7714,.T.);
#7716=IFCFACE((#7715));
#7717=IFCPOLYLOOP((#5857,#5820,#5915));
#7718=IFCFACEOUTERBOUND(#7717,.T.);
#7719=IFCFACE((#7718));
#7720=IFCPOLYLOOP((#5856,#5916,#5819));
#7721=IFCFACEOUTERBOUND(#7720,.T.);
#7722=IFCFACE((#7721));
#7723=IFCPOLYLOOP((#5767,#5917,#5918,#5868));
#7724=IFCFACEOUTERBOUND(#7723,.T.);
#7725=IFCFACE((#7724));
#7726=IFCPOLYLOOP((#5840,#5918,#5766));
#7727=IFCFACEOUTERBOUND(#7726,.T.);
#7728=IFCFACE((#7727));
#7729=IFCPOLYLOOP((#5766,#5918,#5919));
#7730=IFCFACEOUTERBOUND(#7729,.T.);
#7731=IFCFACE((#7730));
#7732=IFCPOLYLOOP((#5863,#5836,#5919));
#7733=IFCFACEOUTERBOUND(#7732,.T.);
#7734=IFCFACE((#7733));
#7735=IFCPOLYLOOP((#5866,#5921,#5920));
#7736=IFCFACEOUTERBOUND(#7735,.T.);
#7737=IFCFACE((#7736));
#7738=IFCPOLYLOOP((#5866,#5925,#5838));
#7739=IFCFACEOUTERBOUND(#7738,.T.);
#7740=IFCFACE((#7739));
#7741=IFCPOLYLOOP((#5867,#5925,#5924));
#7742=IFCFACEOUTERBOUND(#7741,.T.);
#7743=IFCFACE((#7742));
#7744=IFCPOLYLOOP((#5695,#5926,#5749,#5791,#5779,#5775,#5835,#5776,#5861,#5759,#5915,#5820,#5911,#5760,#5887,#5810,#5885,#5754,#5904,#5817,#5906,#5785,#5865,#5786,#5917,#5767,#5868,#5803,#5870,#5768,#5877,#5806,#5874,#5752,#5922,#5838,#5923,#5787,#5882,#5807,#5879,#5771,#5895,#5814,#5896,#5772,#5892,#5811,#5889,#5753,#5900,#5816,#5901,#5782,#5859,#5783,#5828,#5763,#5802,#5764,#5795,#5777,#5790,#5662));
#7745=IFCFACEOUTERBOUND(#7744,.T.);
#7746=IFCFACE((#7745));
#7747=IFCPOLYLOOP((#5695,#5697,#5926));
#7748=IFCFACEOUTERBOUND(#7747,.T.);
#7749=IFCFACE((#7748));
#7750=IFCPOLYLOOP((#5697,#5695,#5649));
#7751=IFCFACEOUTERBOUND(#7750,.T.);
#7752=IFCFACE((#7751));
#7753=IFCPOLYLOOP((#5409,#5649,#5695));
#7754=IFCFACEOUTERBOUND(#7753,.T.);
#7755=IFCFACE((#7754));
#7756=IFCPOLYLOOP((#5695,#5647,#5409));
#7757=IFCFACEOUTERBOUND(#7756,.T.);
#7758=IFCFACE((#7757));
#7759=IFCPOLYLOOP((#5410,#5409,#5647));
#7760=IFCFACEOUTERBOUND(#7759,.T.);
#7761=IFCFACE((#7760));
#7762=IFCPOLYLOOP((#5647,#5646,#5410));
#7763=IFCFACEOUTERBOUND(#7762,.T.);
#7764=IFCFACE((#7763));
#7765=IFCPOLYLOOP((#5926,#5410,#5646));
#7766=IFCFACEOUTERBOUND(#7765,.T.);
#7767=IFCFACE((#7766));
#7768=IFCPOLYLOOP((#5410,#5926,#5697));
#7769=IFCFACEOUTERBOUND(#7768,.T.);
#7770=IFCFACE((#7769));
#7771=IFCPOLYLOOP((#5407,#5410,#5697,#5696));
#7772=IFCFACEOUTERBOUND(#7771,.T.);
#7773=IFCFACE((#7772));
#7774=IFCPOLYLOOP((#5648,#5699,#5696));
#7775=IFCFACEOUTERBOUND(#7774,.T.);
#7776=IFCFACE((#7775));
#7777=IFCPOLYLOOP((#5699,#5648,#5651));
#7778=IFCFACEOUTERBOUND(#7777,.T.);
#7779=IFCFACE((#7778));
#7780=IFCPOLYLOOP((#5413,#5651,#5648));
#7781=IFCFACEOUTERBOUND(#7780,.T.);
#7782=IFCFACE((#7781));
#7783=IFCPOLYLOOP((#5648,#5408,#5413));
#7784=IFCFACEOUTERBOUND(#7783,.T.);
#7785=IFCFACE((#7784));
#7786=IFCPOLYLOOP((#5414,#5413,#5408));
#7787=IFCFACEOUTERBOUND(#7786,.T.);
#7788=IFCFACE((#7787));
#7789=IFCPOLYLOOP((#5408,#5407,#5414));
#7790=IFCFACEOUTERBOUND(#7789,.T.);
#7791=IFCFACE((#7790));
#7792=IFCPOLYLOOP((#5696,#5414,#5407));
#7793=IFCFACEOUTERBOUND(#7792,.T.);
#7794=IFCFACE((#7793));
#7795=IFCPOLYLOOP((#5414,#5696,#5699));
#7796=IFCFACEOUTERBOUND(#7795,.T.);
#7797=IFCFACE((#7796));
#7798=IFCPOLYLOOP((#5414,#5699,#5698,#5929,#5927,#5411));
#7799=IFCFACEOUTERBOUND(#7798,.T.);
#7800=IFCFACE((#7799));
#7801=IFCPOLYLOOP((#5928,#5932,#5930,#5931));
#7802=IFCFACEOUTERBOUND(#7801,.T.);
#7803=IFCFACE((#7802));
#7804=IFCPOLYLOOP((#5933,#5701,#5931));
#7805=IFCFACEOUTERBOUND(#7804,.T.);
#7806=IFCFACE((#7805));
#7807=IFCPOLYLOOP((#5934,#5418,#5411));
#7808=IFCFACEOUTERBOUND(#7807,.T.);
#7809=IFCFACE((#7808));
#7810=IFCPOLYLOOP((#5934,#5927,#5930));
#7811=IFCFACEOUTERBOUND(#7810,.T.);
#7812=IFCFACE((#7811));
#7813=IFCPOLYLOOP((#5933,#5929,#5698));
#7814=IFCFACEOUTERBOUND(#7813,.T.);
#7815=IFCFACE((#7814));
#7816=IFCPOLYLOOP((#5927,#5929,#5930));
#7817=IFCFACEOUTERBOUND(#7816,.T.);
#7818=IFCFACE((#7817));
#7819=IFCPOLYLOOP((#5934,#5930,#5932));
#7820=IFCFACEOUTERBOUND(#7819,.T.);
#7821=IFCFACE((#7820));
#7822=IFCPOLYLOOP((#5930,#5933,#5931));
#7823=IFCFACEOUTERBOUND(#7822,.T.);
#7824=IFCFACE((#7823));
#7825=IFCPOLYLOOP((#5930,#5929,#5933));
#7826=IFCFACEOUTERBOUND(#7825,.T.);
#7827=IFCFACE((#7826));
#7828=IFCPOLYLOOP((#5701,#5700,#5931));
#7829=IFCFACEOUTERBOUND(#7828,.T.);
#7830=IFCFACE((#7829));
#7831=IFCPOLYLOOP((#5932,#5415,#5418));
#7832=IFCFACEOUTERBOUND(#7831,.T.);
#7833=IFCFACE((#7832));
#7834=IFCPOLYLOOP((#5701,#5933,#5698));
#7835=IFCFACEOUTERBOUND(#7834,.T.);
#7836=IFCFACE((#7835));
#7837=IFCPOLYLOOP((#5927,#5934,#5411));
#7838=IFCFACEOUTERBOUND(#7837,.T.);
#7839=IFCFACE((#7838));
#7840=IFCPOLYLOOP((#5418,#5934,#5932));
#7841=IFCFACEOUTERBOUND(#7840,.T.);
#7842=IFCFACE((#7841));
#7843=IFCPOLYLOOP((#5652,#5664,#5792));
#7844=IFCFACEOUTERBOUND(#7843,.T.);
#7845=IFCFACE((#7844));
#7846=IFCPOLYLOOP((#5664,#5652,#5659));
#7847=IFCFACEOUTERBOUND(#7846,.T.);
#7848=IFCFACE((#7847));
#7849=IFCPOLYLOOP((#5751,#5415,#5932));
#7850=IFCFACEOUTERBOUND(#7849,.T.);
#7851=IFCFACE((#7850));
#7852=IFCPOLYLOOP((#5751,#5700,#5721));
#7853=IFCFACEOUTERBOUND(#7852,.T.);
#7854=IFCFACE((#7853));
#7855=IFCPOLYLOOP((#5416,#5470,#5512));
#7856=IFCFACEOUTERBOUND(#7855,.T.);
#7857=IFCFACE((#7856));
#7858=IFCPOLYLOOP((#5416,#5469,#5680));
#7859=IFCFACEOUTERBOUND(#7858,.T.);
#7860=IFCFACE((#7859));
#7861=IFCPOLYLOOP((#5415,#5751,#5950));
#7862=IFCFACEOUTERBOUND(#7861,.T.);
#7863=IFCFACE((#7862));
#7864=IFCPOLYLOOP((#5470,#5416,#5438));
#7865=IFCFACEOUTERBOUND(#7864,.T.);
#7866=IFCFACE((#7865));
#7867=IFCPOLYLOOP((#5652,#5792,#5778));
#7868=IFCFACEOUTERBOUND(#7867,.T.);
#7869=IFCFACE((#7868));
#7870=IFCPOLYLOOP((#5652,#5778,#5794));
#7871=IFCFACEOUTERBOUND(#7870,.T.);
#7872=IFCFACE((#7871));
#7873=IFCPOLYLOOP((#5652,#5794,#5765));
#7874=IFCFACEOUTERBOUND(#7873,.T.);
#7875=IFCFACE((#7874));
#7876=IFCPOLYLOOP((#5652,#5765,#5822));
#7877=IFCFACEOUTERBOUND(#7876,.T.);
#7878=IFCFACE((#7877));
#7879=IFCPOLYLOOP((#5652,#5822,#5800));
#7880=IFCFACEOUTERBOUND(#7879,.T.);
#7881=IFCFACE((#7880));
#7882=IFCPOLYLOOP((#5652,#5800,#5858));
#7883=IFCFACEOUTERBOUND(#7882,.T.);
#7884=IFCFACE((#7883));
#7885=IFCPOLYLOOP((#5652,#5858,#5762));
#7886=IFCFACEOUTERBOUND(#7885,.T.);
#7887=IFCFACE((#7886));
#7888=IFCPOLYLOOP((#5652,#5762,#5825));
#7889=IFCFACEOUTERBOUND(#7888,.T.);
#7890=IFCFACE((#7889));
#7891=IFCPOLYLOOP((#5652,#5825,#5824));
#7892=IFCFACEOUTERBOUND(#7891,.T.);
#7893=IFCFACE((#7892));
#7894=IFCPOLYLOOP((#5652,#5824,#5860));
#7895=IFCFACEOUTERBOUND(#7894,.T.);
#7896=IFCFACE((#7895));
#7897=IFCPOLYLOOP((#5652,#5860,#5781));
#7898=IFCFACEOUTERBOUND(#7897,.T.);
#7899=IFCFACE((#7898));
#7900=IFCPOLYLOOP((#5652,#5781,#5902));
#7901=IFCFACEOUTERBOUND(#7900,.T.);
#7902=IFCFACE((#7901));
#7903=IFCPOLYLOOP((#5652,#5902,#5815));
#7904=IFCFACEOUTERBOUND(#7903,.T.);
#7905=IFCFACE((#7904));
#7906=IFCPOLYLOOP((#5652,#5815,#5899));
#7907=IFCFACEOUTERBOUND(#7906,.T.);
#7908=IFCFACE((#7907));
#7909=IFCPOLYLOOP((#5652,#5899,#5756));
#7910=IFCFACEOUTERBOUND(#7909,.T.);
#7911=IFCFACE((#7910));
#7912=IFCPOLYLOOP((#5652,#5756,#5890));
#7913=IFCFACEOUTERBOUND(#7912,.T.);
#7914=IFCFACE((#7913));
#7915=IFCPOLYLOOP((#5652,#5890,#5812));
#7916=IFCFACEOUTERBOUND(#7915,.T.);
#7917=IFCFACE((#7916));
#7918=IFCPOLYLOOP((#5652,#5812,#5891));
#7919=IFCFACEOUTERBOUND(#7918,.T.);
#7920=IFCFACE((#7919));
#7921=IFCPOLYLOOP((#5652,#5891,#5773));
#7922=IFCFACEOUTERBOUND(#7921,.T.);
#7923=IFCFACE((#7922));
#7924=IFCPOLYLOOP((#5652,#5773,#5897));
#7925=IFCFACEOUTERBOUND(#7924,.T.);
#7926=IFCFACE((#7925));
#7927=IFCPOLYLOOP((#5652,#5897,#5813));
#7928=IFCFACEOUTERBOUND(#7927,.T.);
#7929=IFCFACE((#7928));
#7930=IFCPOLYLOOP((#5652,#5813,#5894));
#7931=IFCFACEOUTERBOUND(#7930,.T.);
#7932=IFCFACE((#7931));
#7933=IFCPOLYLOOP((#5652,#5894,#5770));
#7934=IFCFACEOUTERBOUND(#7933,.T.);
#7935=IFCFACE((#7934));
#7936=IFCPOLYLOOP((#5652,#5770,#5880));
#7937=IFCFACEOUTERBOUND(#7936,.T.);
#7938=IFCFACE((#7937));
#7939=IFCPOLYLOOP((#5652,#5880,#5808));
#7940=IFCFACEOUTERBOUND(#7939,.T.);
#7941=IFCFACE((#7940));
#7942=IFCPOLYLOOP((#5652,#5808,#5881));
#7943=IFCFACEOUTERBOUND(#7942,.T.);
#7944=IFCFACE((#7943));
#7945=IFCPOLYLOOP((#5652,#5881,#5788));
#7946=IFCFACEOUTERBOUND(#7945,.T.);
#7947=IFCFACE((#7946));
#7948=IFCPOLYLOOP((#5652,#5788,#5924));
#7949=IFCFACEOUTERBOUND(#7948,.T.);
#7950=IFCFACE((#7949));
#7951=IFCPOLYLOOP((#5652,#5924,#5789));
#7952=IFCFACEOUTERBOUND(#7951,.T.);
#7953=IFCFACE((#7952));
#7954=IFCPOLYLOOP((#5652,#5789,#5920));
#7955=IFCFACEOUTERBOUND(#7954,.T.);
#7956=IFCFACE((#7955));
#7957=IFCPOLYLOOP((#5652,#5920,#5755));
#7958=IFCFACEOUTERBOUND(#7957,.T.);
#7959=IFCFACE((#7958));
#7960=IFCPOLYLOOP((#5652,#5755,#5873));
#7961=IFCFACEOUTERBOUND(#7960,.T.);
#7962=IFCFACE((#7961));
#7963=IFCPOLYLOOP((#5652,#5873,#5805));
#7964=IFCFACEOUTERBOUND(#7963,.T.);
#7965=IFCFACE((#7964));
#7966=IFCPOLYLOOP((#5652,#5805,#5875));
#7967=IFCFACEOUTERBOUND(#7966,.T.);
#7968=IFCFACE((#7967));
#7969=IFCPOLYLOOP((#5652,#5875,#5769));
#7970=IFCFACEOUTERBOUND(#7969,.T.);
#7971=IFCFACE((#7970));
#7972=IFCPOLYLOOP((#5652,#5769,#5871));
#7973=IFCFACEOUTERBOUND(#7972,.T.);
#7974=IFCFACE((#7973));
#7975=IFCPOLYLOOP((#5652,#5871,#5804));
#7976=IFCFACEOUTERBOUND(#7975,.T.);
#7977=IFCFACE((#7976));
#7978=IFCPOLYLOOP((#5652,#5804,#5869));
#7979=IFCFACEOUTERBOUND(#7978,.T.);
#7980=IFCFACE((#7979));
#7981=IFCPOLYLOOP((#5652,#5869,#5766));
#7982=IFCFACEOUTERBOUND(#7981,.T.);
#7983=IFCFACE((#7982));
#7984=IFCPOLYLOOP((#5652,#5766,#5919));
#7985=IFCFACEOUTERBOUND(#7984,.T.);
#7986=IFCFACE((#7985));
#7987=IFCPOLYLOOP((#5652,#5919,#5836));
#7988=IFCFACEOUTERBOUND(#7987,.T.);
#7989=IFCFACE((#7988));
#7990=IFCPOLYLOOP((#5652,#5836,#5864));
#7991=IFCFACEOUTERBOUND(#7990,.T.);
#7992=IFCFACE((#7991));
#7993=IFCPOLYLOOP((#5652,#5864,#5784));
#7994=IFCFACEOUTERBOUND(#7993,.T.);
#7995=IFCFACE((#7994));
#7996=IFCPOLYLOOP((#5652,#5784,#5908));
#7997=IFCFACEOUTERBOUND(#7996,.T.);
#7998=IFCFACE((#7997));
#7999=IFCPOLYLOOP((#5652,#5908,#5818));
#8000=IFCFACEOUTERBOUND(#7999,.T.);
#8001=IFCFACE((#8000));
#8002=IFCPOLYLOOP((#5652,#5818,#5905));
#8003=IFCFACEOUTERBOUND(#8002,.T.);
#8004=IFCFACE((#8003));
#8005=IFCPOLYLOOP((#5652,#5905,#5757));
#8006=IFCFACEOUTERBOUND(#8005,.T.);
#8007=IFCFACE((#8006));
#8008=IFCPOLYLOOP((#5652,#5757,#5884));
#8009=IFCFACEOUTERBOUND(#8008,.T.);
#8010=IFCFACE((#8009));
#8011=IFCPOLYLOOP((#5652,#5884,#5809));
#8012=IFCFACEOUTERBOUND(#8011,.T.);
#8013=IFCFACE((#8012));
#8014=IFCPOLYLOOP((#5652,#5809,#5886));
#8015=IFCFACEOUTERBOUND(#8014,.T.);
#8016=IFCFACE((#8015));
#8017=IFCPOLYLOOP((#5652,#5886,#5761));
#8018=IFCFACEOUTERBOUND(#8017,.T.);
#8019=IFCFACE((#8018));
#8020=IFCPOLYLOOP((#5652,#5761,#5910));
#8021=IFCFACEOUTERBOUND(#8020,.T.);
#8022=IFCFACE((#8021));
#8023=IFCPOLYLOOP((#5652,#5910,#5819));
#8024=IFCFACEOUTERBOUND(#8023,.T.);
#8025=IFCFACE((#8024));
#8026=IFCPOLYLOOP((#5652,#5819,#5913));
#8027=IFCFACEOUTERBOUND(#8026,.T.);
#8028=IFCFACE((#8027));
#8029=IFCPOLYLOOP((#5652,#5913,#5758));
#8030=IFCFACEOUTERBOUND(#8029,.T.);
#8031=IFCFACE((#8030));
#8032=IFCPOLYLOOP((#5652,#5758,#5862));
#8033=IFCFACEOUTERBOUND(#8032,.T.);
#8034=IFCFACE((#8033));
#8035=IFCPOLYLOOP((#5652,#5862,#5831));
#8036=IFCFACEOUTERBOUND(#8035,.T.);
#8037=IFCFACE((#8036));
#8038=IFCPOLYLOOP((#5652,#5831,#5832));
#8039=IFCFACEOUTERBOUND(#8038,.T.);
#8040=IFCFACE((#8039));
#8041=IFCPOLYLOOP((#5652,#5832,#5774));
#8042=IFCFACEOUTERBOUND(#8041,.T.);
#8043=IFCFACE((#8042));
#8044=IFCPOLYLOOP((#5652,#5774,#5839));
#8045=IFCFACEOUTERBOUND(#8044,.T.);
#8046=IFCFACE((#8045));
#8047=IFCPOLYLOOP((#5652,#5839,#5780));
#8048=IFCFACEOUTERBOUND(#8047,.T.);
#8049=IFCFACE((#8048));
#8050=IFCPOLYLOOP((#5652,#5780,#5797));
#8051=IFCFACEOUTERBOUND(#8050,.T.);
#8052=IFCFACE((#8051));
#8053=IFCPOLYLOOP((#5652,#5797,#5751));
#8054=IFCFACEOUTERBOUND(#8053,.T.);
#8055=IFCFACE((#8054));
#8056=IFCPOLYLOOP((#5664,#5659,#5655));
#8057=IFCFACEOUTERBOUND(#8056,.T.);
#8058=IFCFACE((#8057));
#8059=IFCPOLYLOOP((#5664,#5655,#5658));
#8060=IFCFACEOUTERBOUND(#8059,.T.);
#8061=IFCFACE((#8060));
#8062=IFCPOLYLOOP((#5664,#5658,#5416));
#8063=IFCFACEOUTERBOUND(#8062,.T.);
#8064=IFCFACE((#8063));
#8065=IFCPOLYLOOP((#5751,#5932,#5928));
#8066=IFCFACEOUTERBOUND(#8065,.T.);
#8067=IFCFACE((#8066));
#8068=IFCPOLYLOOP((#5751,#5928,#5931));
#8069=IFCFACEOUTERBOUND(#8068,.T.);
#8070=IFCFACE((#8069));
#8071=IFCPOLYLOOP((#5751,#5931,#5700));
#8072=IFCFACEOUTERBOUND(#8071,.T.);
#8073=IFCFACE((#8072));
#8074=IFCPOLYLOOP((#5751,#5721,#5708));
#8075=IFCFACEOUTERBOUND(#8074,.T.);
#8076=IFCFACE((#8075));
#8077=IFCPOLYLOOP((#5751,#5708,#5731));
#8078=IFCFACEOUTERBOUND(#8077,.T.);
#8079=IFCFACE((#8078));
#8080=IFCPOLYLOOP((#5751,#5731,#5704));
#8081=IFCFACEOUTERBOUND(#8080,.T.);
#8082=IFCFACE((#8081));
#8083=IFCPOLYLOOP((#5751,#5704,#5724));
#8084=IFCFACEOUTERBOUND(#8083,.T.);
#8085=IFCFACE((#8084));
#8086=IFCPOLYLOOP((#5751,#5724,#5718));
#8087=IFCFACEOUTERBOUND(#8086,.T.);
#8088=IFCFACE((#8087));
#8089=IFCPOLYLOOP((#5751,#5718,#5729));
#8090=IFCFACEOUTERBOUND(#8089,.T.);
#8091=IFCFACE((#8090));
#8092=IFCPOLYLOOP((#5751,#5729,#5702));
#8093=IFCFACEOUTERBOUND(#8092,.T.);
#8094=IFCFACE((#8093));
#8095=IFCPOLYLOOP((#5751,#5702,#5741));
#8096=IFCFACEOUTERBOUND(#8095,.T.);
#8097=IFCFACE((#8096));
#8098=IFCPOLYLOOP((#5751,#5741,#5716));
#8099=IFCFACEOUTERBOUND(#8098,.T.);
#8100=IFCFACE((#8099));
#8101=IFCPOLYLOOP((#5751,#5716,#5717));
#8102=IFCFACEOUTERBOUND(#8101,.T.);
#8103=IFCFACE((#8102));
#8104=IFCPOLYLOOP((#5751,#5717,#5703));
#8105=IFCFACEOUTERBOUND(#8104,.T.);
#8106=IFCFACE((#8105));
#8107=IFCPOLYLOOP((#5751,#5703,#5723));
#8108=IFCFACEOUTERBOUND(#8107,.T.);
#8109=IFCFACE((#8108));
#8110=IFCPOLYLOOP((#5751,#5723,#5711));
#8111=IFCFACEOUTERBOUND(#8110,.T.);
#8112=IFCFACE((#8111));
#8113=IFCPOLYLOOP((#5751,#5711,#5714));
#8114=IFCFACEOUTERBOUND(#8113,.T.);
#8115=IFCFACE((#8114));
#8116=IFCPOLYLOOP((#5751,#5714,#5652));
#8117=IFCFACEOUTERBOUND(#8116,.T.);
#8118=IFCFACE((#8117));
#8119=IFCPOLYLOOP((#5416,#5512,#5498));
#8120=IFCFACEOUTERBOUND(#8119,.T.);
#8121=IFCFACE((#8120));
#8122=IFCPOLYLOOP((#5416,#5498,#5514));
#8123=IFCFACEOUTERBOUND(#8122,.T.);
#8124=IFCFACE((#8123));
#8125=IFCPOLYLOOP((#5416,#5514,#5485));
#8126=IFCFACEOUTERBOUND(#8125,.T.);
#8127=IFCFACE((#8126));
#8128=IFCPOLYLOOP((#5416,#5485,#5542));
#8129=IFCFACEOUTERBOUND(#8128,.T.);
#8130=IFCFACE((#8129));
#8131=IFCPOLYLOOP((#5416,#5542,#5520));
#8132=IFCFACEOUTERBOUND(#8131,.T.);
#8133=IFCFACE((#8132));
#8134=IFCPOLYLOOP((#5416,#5520,#5578));
#8135=IFCFACEOUTERBOUND(#8134,.T.);
#8136=IFCFACE((#8135));
#8137=IFCPOLYLOOP((#5416,#5578,#5482));
#8138=IFCFACEOUTERBOUND(#8137,.T.);
#8139=IFCFACE((#8138));
#8140=IFCPOLYLOOP((#5416,#5482,#5545));
#8141=IFCFACEOUTERBOUND(#8140,.T.);
#8142=IFCFACE((#8141));
#8143=IFCPOLYLOOP((#5416,#5545,#5544));
#8144=IFCFACEOUTERBOUND(#8143,.T.);
#8145=IFCFACE((#8144));
#8146=IFCPOLYLOOP((#5416,#5544,#5580));
#8147=IFCFACEOUTERBOUND(#8146,.T.);
#8148=IFCFACE((#8147));
#8149=IFCPOLYLOOP((#5416,#5580,#5501));
#8150=IFCFACEOUTERBOUND(#8149,.T.);
#8151=IFCFACE((#8150));
#8152=IFCPOLYLOOP((#5416,#5501,#5622));
#8153=IFCFACEOUTERBOUND(#8152,.T.);
#8154=IFCFACE((#8153));
#8155=IFCPOLYLOOP((#5416,#5622,#5535));
#8156=IFCFACEOUTERBOUND(#8155,.T.);
#8157=IFCFACE((#8156));
#8158=IFCPOLYLOOP((#5416,#5535,#5619));
#8159=IFCFACEOUTERBOUND(#8158,.T.);
#8160=IFCFACE((#8159));
#8161=IFCPOLYLOOP((#5416,#5619,#5476));
#8162=IFCFACEOUTERBOUND(#8161,.T.);
#8163=IFCFACE((#8162));
#8164=IFCPOLYLOOP((#5416,#5476,#5610));
#8165=IFCFACEOUTERBOUND(#8164,.T.);
#8166=IFCFACE((#8165));
#8167=IFCPOLYLOOP((#5416,#5610,#5532));
#8168=IFCFACEOUTERBOUND(#8167,.T.);
#8169=IFCFACE((#8168));
#8170=IFCPOLYLOOP((#5416,#5532,#5611));
#8171=IFCFACEOUTERBOUND(#8170,.T.);
#8172=IFCFACE((#8171));
#8173=IFCPOLYLOOP((#5416,#5611,#5493));
#8174=IFCFACEOUTERBOUND(#8173,.T.);
#8175=IFCFACE((#8174));
#8176=IFCPOLYLOOP((#5416,#5493,#5617));
#8177=IFCFACEOUTERBOUND(#8176,.T.);
#8178=IFCFACE((#8177));
#8179=IFCPOLYLOOP((#5416,#5617,#5533));
#8180=IFCFACEOUTERBOUND(#8179,.T.);
#8181=IFCFACE((#8180));
#8182=IFCPOLYLOOP((#5416,#5533,#5614));
#8183=IFCFACEOUTERBOUND(#8182,.T.);
#8184=IFCFACE((#8183));
#8185=IFCPOLYLOOP((#5416,#5614,#5490));
#8186=IFCFACEOUTERBOUND(#8185,.T.);
#8187=IFCFACE((#8186));
#8188=IFCPOLYLOOP((#5416,#5490,#5600));
#8189=IFCFACEOUTERBOUND(#8188,.T.);
#8190=IFCFACE((#8189));
#8191=IFCPOLYLOOP((#5416,#5600,#5528));
#8192=IFCFACEOUTERBOUND(#8191,.T.);
#8193=IFCFACE((#8192));
#8194=IFCPOLYLOOP((#5416,#5528,#5601));
#8195=IFCFACEOUTERBOUND(#8194,.T.);
#8196=IFCFACE((#8195));
#8197=IFCPOLYLOOP((#5416,#5601,#5508));
#8198=IFCFACEOUTERBOUND(#8197,.T.);
#8199=IFCFACE((#8198));
#8200=IFCPOLYLOOP((#5416,#5508,#5644));
#8201=IFCFACEOUTERBOUND(#8200,.T.);
#8202=IFCFACE((#8201));
#8203=IFCPOLYLOOP((#5416,#5644,#5509));
#8204=IFCFACEOUTERBOUND(#8203,.T.);
#8205=IFCFACE((#8204));
#8206=IFCPOLYLOOP((#5416,#5509,#5640));
#8207=IFCFACEOUTERBOUND(#8206,.T.);
#8208=IFCFACE((#8207));
#8209=IFCPOLYLOOP((#5416,#5640,#5475));
#8210=IFCFACEOUTERBOUND(#8209,.T.);
#8211=IFCFACE((#8210));
#8212=IFCPOLYLOOP((#5416,#5475,#5593));
#8213=IFCFACEOUTERBOUND(#8212,.T.);
#8214=IFCFACE((#8213));
#8215=IFCPOLYLOOP((#5416,#5593,#5525));
#8216=IFCFACEOUTERBOUND(#8215,.T.);
#8217=IFCFACE((#8216));
#8218=IFCPOLYLOOP((#5416,#5525,#5595));
#8219=IFCFACEOUTERBOUND(#8218,.T.);
#8220=IFCFACE((#8219));
#8221=IFCPOLYLOOP((#5416,#5595,#5489));
#8222=IFCFACEOUTERBOUND(#8221,.T.);
#8223=IFCFACE((#8222));
#8224=IFCPOLYLOOP((#5416,#5489,#5591));
#8225=IFCFACEOUTERBOUND(#8224,.T.);
#8226=IFCFACE((#8225));
#8227=IFCPOLYLOOP((#5416,#5591,#5524));
#8228=IFCFACEOUTERBOUND(#8227,.T.);
#8229=IFCFACE((#8228));
#8230=IFCPOLYLOOP((#5416,#5524,#5589));
#8231=IFCFACEOUTERBOUND(#8230,.T.);
#8232=IFCFACE((#8231));
#8233=IFCPOLYLOOP((#5416,#5589,#5486));
#8234=IFCFACEOUTERBOUND(#8233,.T.);
#8235=IFCFACE((#8234));
#8236=IFCPOLYLOOP((#5416,#5486,#5639));
#8237=IFCFACEOUTERBOUND(#8236,.T.);
#8238=IFCFACE((#8237));
#8239=IFCPOLYLOOP((#5416,#5639,#5556));
#8240=IFCFACEOUTERBOUND(#8239,.T.);
#8241=IFCFACE((#8240));
#8242=IFCPOLYLOOP((#5416,#5556,#5584));
#8243=IFCFACEOUTERBOUND(#8242,.T.);
#8244=IFCFACE((#8243));
#8245=IFCPOLYLOOP((#5416,#5584,#5504));
#8246=IFCFACEOUTERBOUND(#8245,.T.);
#8247=IFCFACE((#8246));
#8248=IFCPOLYLOOP((#5416,#5504,#5628));
#8249=IFCFACEOUTERBOUND(#8248,.T.);
#8250=IFCFACE((#8249));
#8251=IFCPOLYLOOP((#5416,#5628,#5538));
#8252=IFCFACEOUTERBOUND(#8251,.T.);
#8253=IFCFACE((#8252));
#8254=IFCPOLYLOOP((#5416,#5538,#5625));
#8255=IFCFACEOUTERBOUND(#8254,.T.);
#8256=IFCFACE((#8255));
#8257=IFCPOLYLOOP((#5416,#5625,#5477));
#8258=IFCFACEOUTERBOUND(#8257,.T.);
#8259=IFCFACE((#8258));
#8260=IFCPOLYLOOP((#5416,#5477,#5604));
#8261=IFCFACEOUTERBOUND(#8260,.T.);
#8262=IFCFACE((#8261));
#8263=IFCPOLYLOOP((#5416,#5604,#5529));
#8264=IFCFACEOUTERBOUND(#8263,.T.);
#8265=IFCFACE((#8264));
#8266=IFCPOLYLOOP((#5416,#5529,#5606));
#8267=IFCFACEOUTERBOUND(#8266,.T.);
#8268=IFCFACE((#8267));
#8269=IFCPOLYLOOP((#5416,#5606,#5481));
#8270=IFCFACEOUTERBOUND(#8269,.T.);
#8271=IFCFACE((#8270));
#8272=IFCPOLYLOOP((#5416,#5481,#5630));
#8273=IFCFACEOUTERBOUND(#8272,.T.);
#8274=IFCFACE((#8273));
#8275=IFCPOLYLOOP((#5416,#5630,#5539));
#8276=IFCFACEOUTERBOUND(#8275,.T.);
#8277=IFCFACE((#8276));
#8278=IFCPOLYLOOP((#5416,#5539,#5633));
#8279=IFCFACEOUTERBOUND(#8278,.T.);
#8280=IFCFACE((#8279));
#8281=IFCPOLYLOOP((#5416,#5633,#5478));
#8282=IFCFACEOUTERBOUND(#8281,.T.);
#8283=IFCFACE((#8282));
#8284=IFCPOLYLOOP((#5416,#5478,#5582));
#8285=IFCFACEOUTERBOUND(#8284,.T.);
#8286=IFCFACE((#8285));
#8287=IFCPOLYLOOP((#5416,#5582,#5551));
#8288=IFCFACEOUTERBOUND(#8287,.T.);
#8289=IFCFACE((#8288));
#8290=IFCPOLYLOOP((#5416,#5551,#5552));
#8291=IFCFACEOUTERBOUND(#8290,.T.);
#8292=IFCFACE((#8291));
#8293=IFCPOLYLOOP((#5416,#5552,#5494));
#8294=IFCFACEOUTERBOUND(#8293,.T.);
#8295=IFCFACE((#8294));
#8296=IFCPOLYLOOP((#5416,#5494,#5559));
#8297=IFCFACEOUTERBOUND(#8296,.T.);
#8298=IFCFACE((#8297));
#8299=IFCPOLYLOOP((#5416,#5559,#5500));
#8300=IFCFACEOUTERBOUND(#8299,.T.);
#8301=IFCFACE((#8300));
#8302=IFCPOLYLOOP((#5416,#5500,#5517));
#8303=IFCFACEOUTERBOUND(#8302,.T.);
#8304=IFCFACE((#8303));
#8305=IFCPOLYLOOP((#5416,#5517,#5469));
#8306=IFCFACEOUTERBOUND(#8305,.T.);
#8307=IFCFACE((#8306));
#8308=IFCPOLYLOOP((#5416,#5680,#5673));
#8309=IFCFACEOUTERBOUND(#8308,.T.);
#8310=IFCFACE((#8309));
#8311=IFCPOLYLOOP((#5416,#5673,#5674));
#8312=IFCFACEOUTERBOUND(#8311,.T.);
#8313=IFCFACE((#8312));
#8314=IFCPOLYLOOP((#5416,#5674,#5669));
#8315=IFCFACEOUTERBOUND(#8314,.T.);
#8316=IFCFACE((#8315));
#8317=IFCPOLYLOOP((#5416,#5669,#5693));
#8318=IFCFACEOUTERBOUND(#8317,.T.);
#8319=IFCFACE((#8318));
#8320=IFCPOLYLOOP((#5416,#5693,#5670));
#8321=IFCFACEOUTERBOUND(#8320,.T.);
#8322=IFCFACE((#8321));
#8323=IFCPOLYLOOP((#5416,#5670,#5684));
#8324=IFCFACEOUTERBOUND(#8323,.T.);
#8325=IFCFACE((#8324));
#8326=IFCPOLYLOOP((#5416,#5684,#5665));
#8327=IFCFACEOUTERBOUND(#8326,.T.);
#8328=IFCFACE((#8327));
#8329=IFCPOLYLOOP((#5416,#5665,#5689));
#8330=IFCFACEOUTERBOUND(#8329,.T.);
#8331=IFCFACE((#8330));
#8332=IFCPOLYLOOP((#5416,#5689,#5671));
#8333=IFCFACEOUTERBOUND(#8332,.T.);
#8334=IFCFACE((#8333));
#8335=IFCPOLYLOOP((#5416,#5671,#5676));
#8336=IFCFACEOUTERBOUND(#8335,.T.);
#8337=IFCFACE((#8336));
#8338=IFCPOLYLOOP((#5416,#5676,#5664));
#8339=IFCFACEOUTERBOUND(#8338,.T.);
#8340=IFCFACE((#8339));
#8341=IFCPOLYLOOP((#5415,#5950,#5943));
#8342=IFCFACEOUTERBOUND(#8341,.T.);
#8343=IFCFACE((#8342));
#8344=IFCPOLYLOOP((#5415,#5943,#5944));
#8345=IFCFACEOUTERBOUND(#8344,.T.);
#8346=IFCFACE((#8345));
#8347=IFCPOLYLOOP((#5415,#5944,#5939));
#8348=IFCFACEOUTERBOUND(#8347,.T.);
#8349=IFCFACE((#8348));
#8350=IFCPOLYLOOP((#5415,#5939,#5963));
#8351=IFCFACEOUTERBOUND(#8350,.T.);
#8352=IFCFACE((#8351));
#8353=IFCPOLYLOOP((#5415,#5963,#5940));
#8354=IFCFACEOUTERBOUND(#8353,.T.);
#8355=IFCFACE((#8354));
#8356=IFCPOLYLOOP((#5415,#5940,#5954));
#8357=IFCFACEOUTERBOUND(#8356,.T.);
#8358=IFCFACE((#8357));
#8359=IFCPOLYLOOP((#5415,#5954,#5935));
#8360=IFCFACEOUTERBOUND(#8359,.T.);
#8361=IFCFACE((#8360));
#8362=IFCPOLYLOOP((#5415,#5935,#5959));
#8363=IFCFACEOUTERBOUND(#8362,.T.);
#8364=IFCFACE((#8363));
#8365=IFCPOLYLOOP((#5415,#5959,#5941));
#8366=IFCFACEOUTERBOUND(#8365,.T.);
#8367=IFCFACE((#8366));
#8368=IFCPOLYLOOP((#5415,#5941,#5946));
#8369=IFCFACEOUTERBOUND(#8368,.T.);
#8370=IFCFACE((#8369));
#8371=IFCPOLYLOOP((#5415,#5946,#5470));
#8372=IFCFACEOUTERBOUND(#8371,.T.);
#8373=IFCFACE((#8372));
#8374=IFCPOLYLOOP((#5470,#5438,#5425));
#8375=IFCFACEOUTERBOUND(#8374,.T.);
#8376=IFCFACE((#8375));
#8377=IFCPOLYLOOP((#5470,#5425,#5448));
#8378=IFCFACEOUTERBOUND(#8377,.T.);
#8379=IFCFACE((#8378));
#8380=IFCPOLYLOOP((#5470,#5448,#5421));
#8381=IFCFACEOUTERBOUND(#8380,.T.);
#8382=IFCFACE((#8381));
#8383=IFCPOLYLOOP((#5470,#5421,#5441));
#8384=IFCFACEOUTERBOUND(#8383,.T.);
#8385=IFCFACE((#8384));
#8386=IFCPOLYLOOP((#5470,#5441,#5435));
#8387=IFCFACEOUTERBOUND(#8386,.T.);
#8388=IFCFACE((#8387));
#8389=IFCPOLYLOOP((#5470,#5435,#5446));
#8390=IFCFACEOUTERBOUND(#8389,.T.);
#8391=IFCFACE((#8390));
#8392=IFCPOLYLOOP((#5470,#5446,#5419));
#8393=IFCFACEOUTERBOUND(#8392,.T.);
#8394=IFCFACE((#8393));
#8395=IFCPOLYLOOP((#5470,#5419,#5458));
#8396=IFCFACEOUTERBOUND(#8395,.T.);
#8397=IFCFACE((#8396));
#8398=IFCPOLYLOOP((#5470,#5458,#5433));
#8399=IFCFACEOUTERBOUND(#8398,.T.);
#8400=IFCFACE((#8399));
#8401=IFCPOLYLOOP((#5470,#5433,#5434));
#8402=IFCFACEOUTERBOUND(#8401,.T.);
#8403=IFCFACE((#8402));
#8404=IFCPOLYLOOP((#5470,#5434,#5420));
#8405=IFCFACEOUTERBOUND(#8404,.T.);
#8406=IFCFACE((#8405));
#8407=IFCPOLYLOOP((#5470,#5420,#5440));
#8408=IFCFACEOUTERBOUND(#8407,.T.);
#8409=IFCFACE((#8408));
#8410=IFCPOLYLOOP((#5470,#5440,#5428));
#8411=IFCFACEOUTERBOUND(#8410,.T.);
#8412=IFCFACE((#8411));
#8413=IFCPOLYLOOP((#5470,#5428,#5431));
#8414=IFCFACEOUTERBOUND(#8413,.T.);
#8415=IFCFACE((#8414));
#8416=IFCPOLYLOOP((#5470,#5431,#5415));
#8417=IFCFACEOUTERBOUND(#8416,.T.);
#8418=IFCFACE((#8417));
#8419=IFCPOLYLOOP((#5951,#5947,#5942));
#8420=IFCFACEOUTERBOUND(#8419,.T.);
#8421=IFCFACE((#8420));
#8422=IFCPOLYLOOP((#5958,#5962,#5963));
#8423=IFCFACEOUTERBOUND(#8422,.T.);
#8424=IFCFACE((#8423));
#8425=IFCPOLYLOOP((#5945,#5964,#5952));
#8426=IFCFACEOUTERBOUND(#8425,.T.);
#8427=IFCFACE((#8426));
#8428=IFCPOLYLOOP((#5956,#5937,#5958));
#8429=IFCFACEOUTERBOUND(#8428,.T.);
#8430=IFCFACE((#8429));
#8431=IFCPOLYLOOP((#5945,#5952,#5938));
#8432=IFCFACEOUTERBOUND(#8431,.T.);
#8433=IFCFACE((#8432));
#8434=IFCPOLYLOOP((#5952,#5959,#5955));
#8435=IFCFACEOUTERBOUND(#8434,.T.);
#8436=IFCFACE((#8435));
#8437=IFCPOLYLOOP((#5964,#5949,#5471));
#8438=IFCFACEOUTERBOUND(#8437,.T.);
#8439=IFCFACE((#8438));
#8440=IFCPOLYLOOP((#5937,#5956,#5948));
#8441=IFCFACEOUTERBOUND(#8440,.T.);
#8442=IFCFACE((#8441));
#8443=IFCPOLYLOOP((#5944,#5956,#5939));
#8444=IFCFACEOUTERBOUND(#8443,.T.);
#8445=IFCFACE((#8444));
#8446=IFCPOLYLOOP((#5957,#5962,#5936));
#8447=IFCFACEOUTERBOUND(#8446,.T.);
#8448=IFCFACE((#8447));
#8449=IFCPOLYLOOP((#5938,#5952,#5955));
#8450=IFCFACEOUTERBOUND(#8449,.T.);
#8451=IFCFACE((#8450));
#8452=IFCPOLYLOOP((#5960,#5951,#5942));
#8453=IFCFACEOUTERBOUND(#8452,.T.);
#8454=IFCFACE((#8453));
#8455=IFCPOLYLOOP((#5960,#5944,#5943));
#8456=IFCFACEOUTERBOUND(#8455,.T.);
#8457=IFCFACE((#8456));
#8458=IFCPOLYLOOP((#5960,#5956,#5944));
#8459=IFCFACEOUTERBOUND(#8458,.T.);
#8460=IFCFACE((#8459));
#8461=IFCPOLYLOOP((#5964,#5471,#5470));
#8462=IFCFACEOUTERBOUND(#8461,.T.);
#8463=IFCFACE((#8462));
#8464=IFCPOLYLOOP((#5950,#5751,#5750));
#8465=IFCFACEOUTERBOUND(#8464,.T.);
#8466=IFCFACE((#8465));
#8467=IFCPOLYLOOP((#5950,#5951,#5943));
#8468=IFCFACEOUTERBOUND(#8467,.T.);
#8469=IFCFACE((#8468));
#8470=IFCPOLYLOOP((#5750,#5749,#5947));
#8471=IFCFACEOUTERBOUND(#8470,.T.);
#8472=IFCFACE((#8471));
#8473=IFCPOLYLOOP((#5949,#5466,#5471));
#8474=IFCFACEOUTERBOUND(#8473,.T.);
#8475=IFCFACE((#8474));
#8476=IFCPOLYLOOP((#5964,#5941,#5952));
#8477=IFCFACEOUTERBOUND(#8476,.T.);
#8478=IFCFACE((#8477));
#8479=IFCPOLYLOOP((#5750,#5951,#5950));
#8480=IFCFACEOUTERBOUND(#8479,.T.);
#8481=IFCFACE((#8480));
#8482=IFCPOLYLOOP((#5947,#5951,#5750));
#8483=IFCFACEOUTERBOUND(#8482,.T.);
#8484=IFCFACE((#8483));
#8485=IFCPOLYLOOP((#5959,#5952,#5941));
#8486=IFCFACEOUTERBOUND(#8485,.T.);
#8487=IFCFACE((#8486));
#8488=IFCPOLYLOOP((#5946,#5941,#5964,#5470));
#8489=IFCFACEOUTERBOUND(#8488,.T.);
#8490=IFCFACE((#8489));
#8491=IFCPOLYLOOP((#5955,#5953,#5938));
#8492=IFCFACEOUTERBOUND(#8491,.T.);
#8493=IFCFACE((#8492));
#8494=IFCPOLYLOOP((#5962,#5957,#5954));
#8495=IFCFACEOUTERBOUND(#8494,.T.);
#8496=IFCFACE((#8495));
#8497=IFCPOLYLOOP((#5954,#5957,#5935));
#8498=IFCFACEOUTERBOUND(#8497,.T.);
#8499=IFCFACE((#8498));
#8500=IFCPOLYLOOP((#5953,#5955,#5957));
#8501=IFCFACEOUTERBOUND(#8500,.T.);
#8502=IFCFACE((#8501));
#8503=IFCPOLYLOOP((#5958,#5939,#5956));
#8504=IFCFACEOUTERBOUND(#8503,.T.);
#8505=IFCFACE((#8504));
#8506=IFCPOLYLOOP((#5960,#5942,#5948));
#8507=IFCFACEOUTERBOUND(#8506,.T.);
#8508=IFCFACE((#8507));
#8509=IFCPOLYLOOP((#5935,#5957,#5955));
#8510=IFCFACEOUTERBOUND(#8509,.T.);
#8511=IFCFACE((#8510));
#8512=IFCPOLYLOOP((#5953,#5957,#5936));
#8513=IFCFACEOUTERBOUND(#8512,.T.);
#8514=IFCFACE((#8513));
#8515=IFCPOLYLOOP((#5940,#5963,#5962,#5954));
#8516=IFCFACEOUTERBOUND(#8515,.T.);
#8517=IFCFACE((#8516));
#8518=IFCPOLYLOOP((#5961,#5962,#5958));
#8519=IFCFACEOUTERBOUND(#8518,.T.);
#8520=IFCFACE((#8519));
#8521=IFCPOLYLOOP((#5959,#5935,#5955));
#8522=IFCFACEOUTERBOUND(#8521,.T.);
#8523=IFCFACE((#8522));
#8524=IFCPOLYLOOP((#5943,#5951,#5960));
#8525=IFCFACEOUTERBOUND(#8524,.T.);
#8526=IFCFACE((#8525));
#8527=IFCPOLYLOOP((#5956,#5960,#5948));
#8528=IFCFACEOUTERBOUND(#8527,.T.);
#8529=IFCFACE((#8528));
#8530=IFCPOLYLOOP((#5936,#5962,#5961));
#8531=IFCFACEOUTERBOUND(#8530,.T.);
#8532=IFCFACE((#8531));
#8533=IFCPOLYLOOP((#5958,#5937,#5961));
#8534=IFCFACEOUTERBOUND(#8533,.T.);
#8535=IFCFACE((#8534));
#8536=IFCPOLYLOOP((#5963,#5939,#5958));
#8537=IFCFACEOUTERBOUND(#8536,.T.);
#8538=IFCFACE((#8537));
#8539=IFCPOLYLOOP((#5945,#5949,#5964));
#8540=IFCFACEOUTERBOUND(#8539,.T.);
#8541=IFCFACE((#8540));
#8542=IFCPOLYLOOP((#5646,#5466,#5949,#5945,#5938,#5953,#5936,#5961,#5937,#5948,#5942,#5947,#5749,#5926));
#8543=IFCFACEOUTERBOUND(#8542,.T.);
#8544=IFCFACE((#8543));
#8545=IFCCLOSEDSHELL((#781,#784,#787,#790,#793,#796,#799,#802,#805,#808,#811,#814,#817,#820,#823,#826,#829,#832,#835,#838,#841,#844,#847,#850,#853,#856,#859,#862,#865,#868,#871,#874,#877,#880,#883,#886,#889,#892,#895,#898,#901,#904,#907,#910,#913,#916,#919,#922,#925,#928,#931,#934,#937,#940,#943,#946,#949,#952,#955,#958,#961,#964,#967,#970,#973,#976,#979,#982,#985,#988,#991,#994,#997,#1000,#1003,#1006,#1009,#1012,#1015,#1018,#1021,#1024,#1027,#1030,#1033,#1036,#1039,#1042,#1045,#1048,#1051,#1054,#1057,#1060,#1063,#1066,#1069,#1072,#1075,#1078,#1081,#1084,#1087,#1090,#1093,#1096,#1099,#1102,#1105,#1108,#1111,#1114,#1117,#1120,#1123,#1126,#1129,#1132,#1135,#1138,#1141,#1144,#1147,#1150,#1153,#1156,#1159,#1162,#1165,#1168,#1171,#1174,#1177,#1180,#1183,#1186,#1189,#1192,#1195,#1198,#1201,#1204,#1207,#1210,#1213,#1216,#1219,#1222,#1225,#1228,#1231,#1234,#1237,#1240,#1243,#1246,#1249,#1252));
#8546=IFCFACETEDBREP(#8545);
#8547=IFCCOLOURRGB($,0.95686274509803926,0.96078431372549022,0.96470588235294119);
#8548=IFCSURFACESTYLERENDERING(#8547,0.,$,$,$,$,IFCNORMALISEDRATIOMEASURE(0.5),IFCSPECULAREXPONENT(128.),.NOTDEFINED.);
#8549=IFCSURFACESTYLE('Aluminum',.BOTH.,(#8548));
#8550=IFCPRESENTATIONSTYLEASSIGNMENT((#8549));
#8551=IFCSTYLEDITEM(#8546,(#8550),$);
#8552=IFCCLOSEDSHELL((#1303,#1306,#1309,#1312,#1315,#1318,#1321,#1324,#1327,#1330,#1333,#1336,#1339,#1342,#1345,#1348,#1351,#1354,#1357,#1360,#1363,#1366,#1369,#1372,#1375,#1378));
#8553=IFCFACETEDBREP(#8552);
#8554=IFCSTYLEDITEM(#8553,(#8550),$);
#8555=IFCCLOSEDSHELL((#1509,#1512,#1515,#1518,#1521,#1524,#1527,#1530,#1533,#1536,#1539,#1542,#1545,#1548,#1551,#1554,#1557,#1560,#1563,#1566,#1569,#1572,#1575,#1578,#1581,#1584,#1587,#1590,#1593,#1596,#1599,#1602,#1605,#1608,#1611,#1614,#1617,#1620,#1623,#1626,#1629,#1632,#1635,#1638,#1641,#1644,#1647,#1650,#1653,#1656,#1659,#1662,#1665,#1668,#1671,#1674,#1677,#1680,#1683,#1686,#1689,#1692,#1695,#1698,#1701,#1704,#1707,#1710,#1713,#1716,#1719,#1722,#1725,#1728,#1731,#1734,#1737,#1740,#1743,#1746,#1749,#1752,#1755,#1758,#1761,#1764,#1767,#1770,#1773,#1776,#1779,#1782,#1785,#1788,#1791,#1794,#1797,#1800,#1803,#1806,#1809,#1812,#1815,#1818,#1821,#1824,#1827,#1830,#1833,#1836,#1839,#1842,#1845,#1848,#1851,#1854,#1857,#1860,#1863,#1866,#1869,#1872,#1875,#1878,#1881,#1884,#1887,#1890,#1893,#1896,#1899,#1902,#1905,#1908,#1911,#1914,#1917,#1920,#1923,#1926,#1929,#1932,#1935,#1938,#1941,#1944,#1947,#1950,#1953,#1956,#1959,#1962,#1965,#1968,#1971,#1974,#1977,#1980));
#8556=IFCFACETEDBREP(#8555);
#8557=IFCSTYLEDITEM(#8556,(#8550),$);
#8558=IFCCLOSEDSHELL((#2031,#2034,#2037,#2040,#2043,#2046,#2049,#2052,#2055,#2058,#2061,#2064,#2067,#2070,#2073,#2076,#2079,#2082,#2085,#2088,#2091,#2094,#2097,#2100,#2103,#2106));
#8559=IFCFACETEDBREP(#8558);
#8560=IFCSTYLEDITEM(#8559,(#8550),$);
#8561=IFCCLOSEDSHELL((#2117,#2122,#2130,#2134,#2142,#2146,#2154,#2158,#2165,#2168,#2171,#2174,#2177,#2180,#2183,#2186,#2189,#2192));
#8562=IFCFACETEDBREP(#8561);
#8563=IFCCOLOURRGB($,0.69803921568627447,0.69803921568627447,0.69803921568627447);
#8564=IFCSURFACESTYLERENDERING(#8563,0.,$,$,$,$,IFCNORMALISEDRATIOMEASURE(0.5),IFCSPECULAREXPONENT(128.),.NOTDEFINED.);
#8565=IFCSURFACESTYLE('Metal - Paint Finish - Grey',.BOTH.,(#8564));
#8566=IFCPRESENTATIONSTYLEASSIGNMENT((#8565));
#8567=IFCSTYLEDITEM(#8562,(#8566),$);
#8568=IFCCLOSEDSHELL((#2205,#2218,#2221,#2224,#2227,#2230,#2233,#2236,#2239,#2242));
#8569=IFCFACETEDBREP(#8568);
#8570=IFCCOLOURRGB($,0.67843137254901964,0.51764705882352946,0.37647058823529411);
#8571=IFCSURFACESTYLERENDERING(#8570,0.,$,$,$,$,IFCNORMALISEDRATIOMEASURE(0.5),IFCSPECULAREXPONENT(64.),.NOTDEFINED.);
#8572=IFCSURFACESTYLE('Wood - Birch',.BOTH.,(#8571));
#8573=IFCPRESENTATIONSTYLEASSIGNMENT((#8572));
#8574=IFCSTYLEDITEM(#8569,(#8573),$);
#8575=IFCCLOSEDSHELL((#2249,#2256,#2259,#2262,#2265,#2268));
#8576=IFCFACETEDBREP(#8575);
#8577=IFCCOLOURRGB($,0.96078431372549022,0.96078431372549022,0.95294117647058818);
#8578=IFCSURFACESTYLERENDERING(#8577,1.,$,$,$,$,IFCNORMALISEDRATIOMEASURE(0.5),IFCSPECULAREXPONENT(64.),.NOTDEFINED.);
#8579=IFCSURFACESTYLE('Glass',.BOTH.,(#8578));
#8580=IFCPRESENTATIONSTYLEASSIGNMENT((#8579));
#8581=IFCSTYLEDITEM(#8576,(#8580),$);
#8582=IFCCLOSEDSHELL((#2829,#2832,#2835,#2838,#2841,#2844,#2847,#2850,#2853,#2856,#2859,#2862,#2865,#2868,#2871,#2874,#2877,#2880,#2883,#2886,#2889,#2892,#2895,#2898,#2901,#2904,#2907,#2910,#2913,#2916,#2919,#2922,#2925,#2928,#2931,#2934,#2937,#2940,#2943,#2946,#2949,#2952,#2955,#2958,#2961,#2964,#2967,#2970,#2973,#2976,#2979,#2982,#2985,#2988,#2991,#2994,#2997,#3000,#3003,#3006,#3009,#3012,#3015,#3018,#3021,#3024,#3027,#3030,#3033,#3036,#3039,#3042,#3045,#3048,#3051,#3054,#3057,#3060,#3063,#3066,#3069,#3072,#3075,#3078,#3081,#3084,#3087,#3090,#3093,#3096,#3099,#3102,#3105,#3108,#3111,#3114,#3117,#3120,#3123,#3126,#3129,#3132,#3135,#3138,#3141,#3144,#3147,#3150,#3153,#3156,#3159,#3162,#3165,#3168,#3171,#3174,#3177,#3180,#3183,#3186,#3189,#3192,#3195,#3198,#3201,#3204,#3207,#3210,#3213,#3216,#3219,#3222,#3225,#3228,#3231,#3234,#3237,#3240,#3243,#3246,#3249,#3252,#3255,#3258,#3261,#3264,#3267,#3270,#3273,#3276,#3279,#3282,#3285,#3288,#3291,#3294,#3297,#3300,#3303,#3306,#3309,#3312,#3315,#3318,#3321,#3324,#3327,#3330,#3333,#3336,#3339,#3342,#3345,#3348,#3351,#3354,#3357,#3360,#3363,#3366,#3369,#3372,#3375,#3378,#3381,#3384,#3387,#3390,#3393,#3396,#3399,#3402,#3405,#3408,#3411,#3414,#3417,#3420,#3423,#3426,#3429,#3432,#3435,#3438,#3441,#3444,#3447,#3450,#3453,#3456,#3459,#3462,#3465,#3468,#3471,#3474,#3477,#3480,#3483,#3486,#3489,#3492,#3495,#3498,#3501,#3504,#3507,#3510,#3513,#3516,#3519,#3522,#3525,#3528,#3531,#3534,#3537,#3540,#3543,#3546,#3549,#3552,#3555,#3558,#3561,#3564,#3567,#3570,#3573,#3576,#3579,#3582,#3585,#3588,#3591,#3594,#3597,#3600,#3603,#3606,#3609,#3612,#3615,#3618,#3621,#3624,#3627,#3630,#3633,#3636,#3639,#3642,#3645,#3648,#3651,#3654,#3657,#3660,#3663,#3666,#3669,#3672,#3675,#3678,#3681,#3684,#3687,#3690,#3693,#3696,#3699,#3702,#3705,#3708,#3711,#3714,#3717,#3720,#3723,#3726,#3729,#3732,#3735,#3738,#3741,#3744,#3747,#3750,#3753,#3756,#3759,#3762,#3765,#3768,#3771,#3774,#3777,#3780,#3783,#3786,#3789,#3792,#3795,#3798,#3801,#3804,#3807,#3810,#3813,#3816,#3819,#3822,#3825,#3828,#3831,#3834,#3837,#3840,#3843,#3846,#3849,#3852,#3855,#3858,#3861,#3864,#3867,#3870,#3873,#3876,#3879,#3882,#3885,#3888,#3891,#3894,#3897,#3900,#3903,#3906,#3909,#3912,#3915,#3918,#3921,#3924,#3927,#3930,#3933,#3936,#3939,#3942,#3945,#3948,#3951,#3954,#3957,#3960,#3963,#3966,#3969,#3972,#3975,#3978,#3981,#3984,#3987,#3990,#3993,#3996,#3999,#4002,#4005,#4008,#4011,#4014,#4017,#4020,#4023,#4026,#4029,#4032,#4035,#4038,#4041,#4044,#4047,#4050,#4053,#4056,#4059,#4062,#4065,#4068,#4071,#4074,#4077,#4080,#4083,#4086,#4089,#4092,#4095,#4098,#4101,#4104,#4107,#4110,#4113,#4116,#4119,#4122,#4125,#4128,#4131,#4134,#4137,#4140,#4143,#4146,#4149,#4152,#4155,#4158,#4161,#4164,#4167,#4170,#4173,#4176,#4179,#4182,#4185,#4188,#4191,#4194,#4197,#4200,#4203,#4206,#4209,#4212,#4215,#4218,#4221,#4224,#4227,#4230,#4233,#4236,#4239,#4242,#4245,#4248,#4251,#4254,#4257,#4260,#4263,#4266,#4269,#4272,#4275,#4278,#4281,#4284,#4287,#4290,#4293,#4296,#4299,#4302,#4305,#4308,#4311,#4314,#4317,#4320,#4323,#4326,#4329,#4332,#4335,#4338,#4341,#4344,#4347,#4350,#4353,#4356,#4359,#4362,#4365,#4368,#4371,#4374,#4377,#4380,#4383,#4386,#4389,#4392,#4395,#4398,#4401,#4404,#4407,#4410,#4413,#4416,#4419,#4422,#4425,#4428,#4431,#4434,#4437,#4440,#4443,#4446,#4449,#4452,#4455,#4458,#4461,#4464,#4467,#4470,#4473,#4476,#4479,#4482,#4485,#4488,#4491,#4494,#4497,#4500,#4503,#4506,#4509,#4512,#4515,#4518,#4521,#4524,#4527,#4530,#4533,#4536,#4539,#4542,#4545,#4548,#4551,#4554,#4557,#4560,#4563,#4566,#4569,#4572,#4575,#4578,#4581,#4584,#4587,#4590,#4593,#4596,#4599,#4602,#4605,#4608,#4611,#4614,#4617,#4620,#4623,#4626,#4629,#4632,#4635,#4638,#4641,#4644,#4647,#4650,#4653,#4656,#4659,#4662,#4665,#4668,#4671,#4674,#4677,#4680,#4683,#4686,#4689,#4692,#4695,#4698,#4701,#4704,#4707,#4710,#4713,#4716,#4719,#4722,#4725,#4728,#4731,#4734,#4737,#4740,#4743,#4746,#4749,#4752,#4755,#4758,#4761,#4764,#4767,#4770,#4773,#4776,#4779,#4782,#4785,#4788,#4791,#4794,#4797,#4800,#4803,#4806,#4809,#4812,#4815,#4818,#4821,#4824,#4827,#4830,#4833,#4836,#4839,#4842,#4845,#4848,#4851,#4854,#4857,#4860,#4863,#4866,#4869,#4872,#4875,#4878,#4881,#4884,#4887,#4890,#4893,#4896,#4899,#4902,#4905,#4908,#4911,#4914,#4917,#4920,#4923,#4926,#4929,#4932,#4935,#4938,#4941,#4944,#4947,#4950,#4953,#4956,#4959,#4962,#4965,#4968,#4971,#4974,#4977,#4980,#4983,#4986,#4989,#4992,#4995,#4998,#5001,#5004,#5007,#5010,#5013,#5016,#5019,#5022,#5025,#5028,#5031,#5034,#5037,#5040,#5043,#5046,#5049,#5052,#5055,#5058,#5061,#5064,#5067,#5070,#5073,#5076,#5079,#5082,#5085,#5088,#5091,#5094,#5097,#5100,#5103,#5106,#5109,#5112,#5115,#5118,#5121,#5124,#5127,#5130,#5133,#5136,#5139,#5142,#5145,#5148,#5151,#5154,#5157,#5160,#5163,#5166,#5169,#5172,#5175,#5178,#5181,#5184,#5187,#5190,#5193,#5196,#5199,#5202,#5205,#5208,#5211,#5214,#5217,#5220,#5223,#5226,#5229,#5232,#5235,#5238,#5241,#5244,#5247,#5250,#5253,#5256,#5259,#5262,#5265,#5268,#5271,#5274,#5277,#5280,#5283,#5286,#5289,#5292,#5295,#5298,#5301,#5304,#5307,#5310,#5313,#5316,#5319,#5322,#5325,#5328,#5331,#5334,#5337,#5340,#5343,#5346,#5349,#5352,#5355,#5358,#5361,#5364,#5367,#5370,#5373,#5376,#5379,#5382,#5385,#5388,#5391,#5394,#5397,#5400,#5403,#5406));
#8583=IFCFACETEDBREP(#8582);
#8584=IFCSTYLEDITEM(#8583,(#8566),$);
#8585=IFCCLOSEDSHELL((#5967,#5970,#5973,#5976,#5979,#5982,#5985,#5988,#5991,#5994,#5997,#6000,#6003,#6006,#6009,#6012,#6015,#6018,#6021,#6024,#6027,#6030,#6033,#6036,#6039,#6042,#6045,#6048,#6051,#6054,#6057,#6060,#6063,#6066,#6069,#6072,#6075,#6078,#6081,#6084,#6087,#6090,#6093,#6096,#6099,#6102,#6105,#6108,#6111,#6114,#6117,#6120,#6123,#6126,#6129,#6132,#6135,#6138,#6141,#6144,#6147,#6150,#6153,#6156,#6159,#6162,#6165,#6168,#6171,#6174,#6177,#6180,#6183,#6186,#6189,#6192,#6195,#6198,#6201,#6204,#6207,#6210,#6213,#6216,#6219,#6222,#6225,#6228,#6231,#6234,#6237,#6240,#6243,#6246,#6249,#6252,#6255,#6258,#6261,#6264,#6267,#6270,#6273,#6276,#6279,#6282,#6285,#6288,#6291,#6294,#6297,#6300,#6303,#6306,#6309,#6312,#6315,#6318,#6321,#6324,#6327,#6330,#6333,#6336,#6339,#6342,#6345,#6348,#6351,#6354,#6357,#6360,#6363,#6366,#6369,#6372,#6375,#6378,#6381,#6384,#6387,#6390,#6393,#6396,#6399,#6402,#6405,#6408,#6411,#6414,#6417,#6420,#6423,#6426,#6429,#6432,#6435,#6438,#6441,#6444,#6447,#6450,#6453,#6456,#6459,#6462,#6465,#6468,#6471,#6474,#6477,#6480,#6483,#6486,#6489,#6492,#6495,#6498,#6501,#6504,#6507,#6510,#6513,#6516,#6519,#6522,#6525,#6528,#6531,#6534,#6537,#6540,#6543,#6546,#6549,#6552,#6555,#6558,#6561,#6564,#6567,#6570,#6573,#6576,#6579,#6582,#6585,#6588,#6591,#6594,#6597,#6600,#6603,#6606,#6609,#6612,#6615,#6618,#6621,#6624,#6627,#6630,#6633,#6636,#6639,#6642,#6645,#6648,#6651,#6654,#6657,#6660,#6663,#6666,#6669,#6672,#6675,#6678,#6681,#6684,#6687,#6690,#6693,#6696,#6699,#6702,#6705,#6708,#6711,#6714,#6717,#6720,#6723,#6726,#6729,#6732,#6735,#6738,#6741,#6744,#6747,#6750,#6753,#6756,#6759,#6762,#6765,#6768,#6771,#6774,#6777,#6780,#6783,#6786,#6789,#6792,#6795,#6798,#6801,#6804,#6807,#6810,#6813,#6816,#6819,#6822,#6825,#6828,#6831,#6834,#6837,#6840,#6843,#6846,#6849,#6852,#6855,#6858,#6861,#6864,#6867,#6870,#6873,#6876,#6879,#6882,#6885,#6888,#6891,#6894,#6897,#6900,#6903,#6906,#6909,#6912,#6915,#6918,#6921,#6924,#6927,#6930,#6933,#6936,#6939,#6942,#6945,#6948,#6951,#6954,#6957,#6960,#6963,#6966,#6969,#6972,#6975,#6978,#6981,#6984,#6987,#6990,#6993,#6996,#6999,#7002,#7005,#7008,#7011,#7014,#7017,#7020,#7023,#7026,#7029,#7032,#7035,#7038,#7041,#7044,#7047,#7050,#7053,#7056,#7059,#7062,#7065,#7068,#7071,#7074,#7077,#7080,#7083,#7086,#7089,#7092,#7095,#7098,#7101,#7104,#7107,#7110,#7113,#7116,#7119,#7122,#7125,#7128,#7131,#7134,#7137,#7140,#7143,#7146,#7149,#7152,#7155,#7158,#7161,#7164,#7167,#7170,#7173,#7176,#7179,#7182,#7185,#7188,#7191,#7194,#7197,#7200,#7203,#7206,#7209,#7212,#7215,#7218,#7221,#7224,#7227,#7230,#7233,#7236,#7239,#7242,#7245,#7248,#7251,#7254,#7257,#7260,#7263,#7266,#7269,#7272,#7275,#7278,#7281,#7284,#7287,#7290,#7293,#7296,#7299,#7302,#7305,#7308,#7311,#7314,#7317,#7320,#7323,#7326,#7329,#7332,#7335,#7338,#7341,#7344,#7347,#7350,#7353,#7356,#7359,#7362,#7365,#7368,#7371,#7374,#7377,#7380,#7383,#7386,#7389,#7392,#7395,#7398,#7401,#7404,#7407,#7410,#7413,#7416,#7419,#7422,#7425,#7428,#7431,#7434,#7437,#7440,#7443,#7446,#7449,#7452,#7455,#7458,#7461,#7464,#7467,#7470,#7473,#7476,#7479,#7482,#7485,#7488,#7491,#7494,#7497,#7500,#7503,#7506,#7509,#7512,#7515,#7518,#7521,#7524,#7527,#7530,#7533,#7536,#7539,#7542,#7545,#7548,#7551,#7554,#7557,#7560,#7563,#7566,#7569,#7572,#7575,#7578,#7581,#7584,#7587,#7590,#7593,#7596,#7599,#7602,#7605,#7608,#7611,#7614,#7617,#7620,#7623,#7626,#7629,#7632,#7635,#7638,#7641,#7644,#7647,#7650,#7653,#7656,#7659,#7662,#7665,#7668,#7671,#7674,#7677,#7680,#7683,#7686,#7689,#7692,#7695,#7698,#7701,#7704,#7707,#7710,#7713,#7716,#7719,#7722,#7725,#7728,#7731,#7734,#7737,#7740,#7743,#7746,#7749,#7752,#7755,#7758,#7761,#7764,#7767,#7770,#7773,#7776,#7779,#7782,#7785,#7788,#7791,#7794,#7797,#7800,#7803,#7806,#7809,#7812,#7815,#7818,#7821,#7824,#7827,#7830,#7833,#7836,#7839,#7842,#7845,#7848,#7851,#7854,#7857,#7860,#7863,#7866,#7869,#7872,#7875,#7878,#7881,#7884,#7887,#7890,#7893,#7896,#7899,#7902,#7905,#7908,#7911,#7914,#7917,#7920,#7923,#7926,#7929,#7932,#7935,#7938,#7941,#7944,#7947,#7950,#7953,#7956,#7959,#7962,#7965,#7968,#7971,#7974,#7977,#7980,#7983,#7986,#7989,#7992,#7995,#7998,#8001,#8004,#8007,#8010,#8013,#8016,#8019,#8022,#8025,#8028,#8031,#8034,#8037,#8040,#8043,#8046,#8049,#8052,#8055,#8058,#8061,#8064,#8067,#8070,#8073,#8076,#8079,#8082,#8085,#8088,#8091,#8094,#8097,#8100,#8103,#8106,#8109,#8112,#8115,#8118,#8121,#8124,#8127,#8130,#8133,#8136,#8139,#8142,#8145,#8148,#8151,#8154,#8157,#8160,#8163,#8166,#8169,#8172,#8175,#8178,#8181,#8184,#8187,#8190,#8193,#8196,#8199,#8202,#8205,#8208,#8211,#8214,#8217,#8220,#8223,#8226,#8229,#8232,#8235,#8238,#8241,#8244,#8247,#8250,#8253,#8256,#8259,#8262,#8265,#8268,#8271,#8274,#8277,#8280,#8283,#8286,#8289,#8292,#8295,#8298,#8301,#8304,#8307,#8310,#8313,#8316,#8319,#8322,#8325,#8328,#8331,#8334,#8337,#8340,#8343,#8346,#8349,#8352,#8355,#8358,#8361,#8364,#8367,#8370,#8373,#8376,#8379,#8382,#8385,#8388,#8391,#8394,#8397,#8400,#8403,#8406,#8409,#8412,#8415,#8418,#8421,#8424,#8427,#8430,#8433,#8436,#8439,#8442,#8445,#8448,#8451,#8454,#8457,#8460,#8463,#8466,#8469,#8472,#8475,#8478,#8481,#8484,#8487,#8490,#8493,#8496,#8499,#8502,#8505,#8508,#8511,#8514,#8517,#8520,#8523,#8526,#8529,#8532,#8535,#8538,#8541,#8544));
#8586=IFCFACETEDBREP(#8585);
#8587=IFCSTYLEDITEM(#8586,(#8566),$);
#8588=IFCSHAPEREPRESENTATION(#24,'Body','Brep',(#8546,#8553,#8556,#8559,#8562,#8569,#8576,#8583,#8586));
#8589=IFCAXIS2PLACEMENT3D(#19,$,$);
#8590=IFCREPRESENTATIONMAP(#8589,#8588);
#8591=IFCDOORLININGPROPERTIES('26jjhu0DH0Lxf54dPa$Ko8',#6,'Door-Passage-Single-Vision_Lite:36" x 84":1240524',$,$,$,$,$,$,$,$,$,$,$,$);
#8592=IFCDOORPANELPROPERTIES('26jjhu0DH0Lxf54dLa$Ko8',#6,'Door-Passage-Single-Vision_Lite:36" x 84":1240524:1',$,$,.SWINGING.,$,.NOTDEFINED.,$);
#8593=IFCDOORSTYLE('2re007hB7eDDcFHALBRPrd',#6,'Door-Passage-Single-Vision_Lite:36" x 84"',$,$,(#8591,#8592),(#8590),'459553',.SINGLE_SWING_LEFT.,.NOTDEFINED.,.F.,.F.);
#8594=IFCMATERIAL('Aluminum');
#8595=IFCPRESENTATIONSTYLEASSIGNMENT((#8549));
#8596=IFCSTYLEDITEM($,(#8595),$);
#8597=IFCSTYLEDREPRESENTATION(#22,'Style','Material',(#8596));
#8598=IFCMATERIALDEFINITIONREPRESENTATION($,$,(#8597),#8594);
#8599=IFCMATERIAL('Metal - Paint Finish - Grey');
#8600=IFCPRESENTATIONSTYLEASSIGNMENT((#8565));
#8601=IFCSTYLEDITEM($,(#8600),$);
#8602=IFCSTYLEDREPRESENTATION(#22,'Style','Material',(#8601));
#8603=IFCMATERIALDEFINITIONREPRESENTATION($,$,(#8602),#8599);
#8604=IFCMATERIAL('Wood - Birch');
#8605=IFCPRESENTATIONSTYLEASSIGNMENT((#8572));
#8606=IFCSTYLEDITEM($,(#8605),$);
#8607=IFCSTYLEDREPRESENTATION(#22,'Style','Material',(#8606));
#8608=IFCMATERIALDEFINITIONREPRESENTATION($,$,(#8607),#8604);
#8609=IFCMATERIAL('Glass');
#8610=IFCPRESENTATIONSTYLEASSIGNMENT((#8579));
#8611=IFCSTYLEDITEM($,(#8610),$);
#8612=IFCSTYLEDREPRESENTATION(#22,'Style','Material',(#8611));
#8613=IFCMATERIALDEFINITIONREPRESENTATION($,$,(#8612),#8609);
#8614=IFCMATERIALLIST((#8594,#8599,#8604,#8609));
#8615=IFCCARTESIANTRANSFORMATIONOPERATOR3D($,$,#19,1.,$);
#8616=IFCMAPPEDITEM(#8590,#8615);
#8617=IFCSHAPEREPRESENTATION(#24,'Body','MappedRepresentation',(#8616));
#8618=IFCPRODUCTDEFINITIONSHAPE($,$,(#8617));
#8619=IFCCARTESIANPOINT((-93.383436449093338,37.90696572808482,0.));
#8620=IFCAXIS2PLACEMENT3D(#8619,$,$);
#8622=IFCDOOR('26jjhu0DH0Lxf54dTa$Ko8',#6,'Door-Passage-Single-Vision_Lite:36" x 84":1240524',$,$,#16931,#8618,'1240524',7.333333333333333,3.3333333333333286);
#8623=IFCPROPERTYSINGLEVALUE('Reference',$,IFCIDENTIFIER('36" x 84"'),$);
#8624=IFCPROPERTYSET('0aEhGLFLfiejxMOmBnbTV0',#6,'Pset_DoorCommon',$,(#77,#8623));
#8625=IFCPROPERTYSET('2d7$e0XtAJ$jMG7uTcOiG6',#6,'Pset_QuantityTakeOff',$,(#8623));
#8626=IFCRELDEFINESBYPROPERTIES('2t1qQ_9gV2alx4kWtt5I4x',#6,$,$,(#8622),#8624);
#8627=IFCRELDEFINESBYPROPERTIES('0_PObDw7Lz7eWamcSL8Nxs',#6,$,$,(#8622),#8625);
#8628=IFCCARTESIANPOINT((0.37995201771648723,0.3800032808398956,3.3333333333333419));
#8629=IFCCARTESIANPOINT((0.38106993680149159,0.3800032808398956,3.3418247718209573));
#8630=IFCCARTESIANPOINT((0.38434750971831044,0.3800032808398956,3.3497375328084078));
#8631=IFCCARTESIANPOINT((0.38956137528910739,0.3800032808398956,3.3565323747108535));
#8632=IFCCARTESIANPOINT((0.39635621719155356,0.3800032808398956,3.3617462402816503));
#8633=IFCCARTESIANPOINT((0.40426897817900365,0.3800032808398956,3.3650238131984689));
#8634=IFCCARTESIANPOINT((0.41276041666661922,0.3800032808398956,3.3661417322834732));
#8635=IFCCARTESIANPOINT((0.4212518551542348,0.3800032808398956,3.3650238131984684));
#8636=IFCCARTESIANPOINT((0.42916461614168488,0.3800032808398956,3.3617462402816498));
#8637=IFCCARTESIANPOINT((0.43595945804413061,0.3800032808398956,3.3565323747108531));
#8638=IFCCARTESIANPOINT((0.44117332361492778,0.3800032808398956,3.3497375328084069));
#8639=IFCCARTESIANPOINT((0.44445089653174619,0.3800032808398956,3.3418247718209568));
#8640=IFCCARTESIANPOINT((0.44556881561675032,0.3800032808398956,3.333333333333341));
#8641=IFCCARTESIANPOINT((0.44445089653174596,0.3800032808398956,3.3248418948457252));
#8642=IFCCARTESIANPOINT((0.44117332361492734,0.3800032808398956,3.3169291338582751));
#8643=IFCCARTESIANPOINT((0.43595945804413017,0.3800032808398956,3.3101342919558294));
#8644=IFCCARTESIANPOINT((0.42916461614168422,0.3800032808398956,3.3049204263850327));
#8645=IFCCARTESIANPOINT((0.42125185515423391,0.3800032808398956,3.3016428534682141));
#8646=IFCCARTESIANPOINT((0.41276041666661856,0.3800032808398956,3.3005249343832097));
#8647=IFCCARTESIANPOINT((0.40426897817900276,0.3800032808398956,3.3016428534682145));
#8648=IFCCARTESIANPOINT((0.39635621719155267,0.3800032808398956,3.3049204263850331));
#8649=IFCCARTESIANPOINT((0.38956137528910695,0.3800032808398956,3.3101342919558303));
#8650=IFCCARTESIANPOINT((0.38434750971831,0.3800032808398956,3.316929133858276));
#8651=IFCCARTESIANPOINT((0.38106993680149159,0.3800032808398956,3.3248418948457261));
#8652=IFCCARTESIANPOINT((0.44556881561675055,0.28157808398950307,3.333333333333341));
#8653=IFCCARTESIANPOINT((0.44445089653174619,0.28157808398950307,3.3248418948457252));
#8654=IFCCARTESIANPOINT((0.44117332361492734,0.28157808398950307,3.3169291338582751));
#8655=IFCCARTESIANPOINT((0.43595945804413017,0.28157808398950307,3.3101342919558294));
#8656=IFCCARTESIANPOINT((0.42916461614168422,0.28157808398950307,3.3049204263850327));
#8657=IFCCARTESIANPOINT((0.42125185515423413,0.28157808398950307,3.3016428534682141));
#8658=IFCCARTESIANPOINT((0.41276041666661856,0.28157808398950307,3.3005249343832097));
#8659=IFCCARTESIANPOINT((0.40426897817900298,0.28157808398950307,3.3016428534682145));
#8660=IFCCARTESIANPOINT((0.39635621719155267,0.28157808398950307,3.3049204263850331));
#8661=IFCCARTESIANPOINT((0.38956137528910695,0.28157808398950307,3.3101342919558303));
#8662=IFCCARTESIANPOINT((0.38434750971831,0.28157808398950307,3.316929133858276));
#8663=IFCCARTESIANPOINT((0.38106993680149159,0.28157808398950307,3.3248418948457261));
#8664=IFCCARTESIANPOINT((0.37995201771648746,0.28157808398950307,3.3333333333333415));
#8665=IFCCARTESIANPOINT((0.38106993680149182,0.28157808398950307,3.3418247718209573));
#8666=IFCCARTESIANPOINT((0.38434750971831044,0.28157808398950307,3.3497375328084074));
#8667=IFCCARTESIANPOINT((0.38956137528910761,0.28157808398950307,3.3565323747108535));
#8668=IFCCARTESIANPOINT((0.39635621719155334,0.28157808398950307,3.3617462402816503));
#8669=IFCCARTESIANPOINT((0.40426897817900365,0.28157808398950307,3.3650238131984689));
#8670=IFCCARTESIANPOINT((0.41276041666661922,0.28157808398950307,3.3661417322834732));
#8671=IFCCARTESIANPOINT((0.4212518551542348,0.28157808398950307,3.3650238131984684));
#8672=IFCCARTESIANPOINT((0.42916461614168488,0.28157808398950307,3.3617462402816498));
#8673=IFCCARTESIANPOINT((0.43595945804413083,0.28157808398950307,3.3565323747108531));
#8674=IFCCARTESIANPOINT((0.44117332361492778,0.28157808398950307,3.3497375328084069));
#8675=IFCCARTESIANPOINT((0.44445089653174641,0.28157808398950307,3.3418247718209568));
#8676=IFCCARTESIANPOINT((0.46197301509183886,0.26517388451441448,3.3333333333333406));
#8677=IFCCARTESIANPOINT((0.46197301509183886,0.26405596542941001,3.3248418948457248));
#8678=IFCCARTESIANPOINT((0.46197301509183886,0.26077839251259133,3.3169291338582747));
#8679=IFCCARTESIANPOINT((0.46197301509183886,0.25556452694179427,3.310134291955829));
#8680=IFCCARTESIANPOINT((0.46197301509183886,0.24876968503934835,3.3049204263850323));
#8681=IFCCARTESIANPOINT((0.46197301509183886,0.24085692405189815,3.3016428534682136));
#8682=IFCCARTESIANPOINT((0.46197301509183886,0.23236548556428255,3.3005249343832093));
#8683=IFCCARTESIANPOINT((0.46197301509183886,0.22387404707666694,3.3016428534682141));
#8684=IFCCARTESIANPOINT((0.46197301509183886,0.21596128608921683,3.3049204263850327));
#8685=IFCCARTESIANPOINT((0.46197301509183886,0.20916644418677099,3.3101342919558299));
#8686=IFCCARTESIANPOINT((0.46197301509183886,0.20395257861597405,3.3169291338582756));
#8687=IFCCARTESIANPOINT((0.46197301509183886,0.20067500569915558,3.3248418948457261));
#8688=IFCCARTESIANPOINT((0.46197301509183886,0.19955708661415136,3.333333333333341));
#8689=IFCCARTESIANPOINT((0.42096251640416305,0.21054581661871175,3.3333333333333415));
#8690=IFCCARTESIANPOINT((0.39094074772104759,0.24056758530182723,3.3333333333333415));
#8691=IFCCARTESIANPOINT((0.45037349440306684,0.26997856330073117,3.333333333333341));
#8692=IFCCARTESIANPOINT((0.44108653943125642,0.20515360090013673,3.333333333333341));
#8693=IFCCARTESIANPOINT((0.3855485319667642,0.26069160846218614,3.3333333333333415));
#8694=IFCCARTESIANPOINT((0.45152977726154764,0.20235534375714403,3.333333333333341));
#8695=IFCCARTESIANPOINT((0.3827502748416256,0.27113484622584461,3.3333333333333415));
#8696=IFCCARTESIANPOINT((0.45675139617669314,0.20095621518564769,3.333333333333341));
#8697=IFCCARTESIANPOINT((0.38135114627905642,0.27635646510767387,3.3333333333333415));
#8698=IFCCARTESIANPOINT((0.40595163206260532,0.22555670096026947,3.3333333333333415));
#8699=IFCCARTESIANPOINT((0.43068144063271374,0.2364569716315652,3.3010233682916836));
#8700=IFCCARTESIANPOINT((0.41685190481666634,0.25028651191006646,3.3010233677507834));
#8701=IFCCARTESIANPOINT((0.38824463984390589,0.2506295968820067,3.3333333333333415));
#8702=IFCCARTESIANPOINT((0.43897230049461622,0.22032356850952692,3.3048136707432807));
#8703=IFCCARTESIANPOINT((0.40936446288158113,0.25997744229949737,3.3014311636391001));
#8704=IFCCARTESIANPOINT((0.39626324560232695,0.26202383359372294,3.3068349839339723));
#8705=IFCCARTESIANPOINT((0.44878909928516331,0.25737739709487184,3.3086857132680367));
#8706=IFCCARTESIANPOINT((0.43777232723729731,0.26839416792938819,3.3086857124209672));
#8707=IFCCARTESIANPOINT((0.43408166688687477,0.2536867368943041,3.3020128636738963));
#8708=IFCCARTESIANPOINT((0.41302121181533624,0.23344238231779457,3.3069053892866558));
#8709=IFCCARTESIANPOINT((0.43102452791770984,0.20784970875942424,3.333333333333341));
#8710=IFCCARTESIANPOINT((0.41345707423338407,0.21805125878949061,3.3333333333333415));
#8711=IFCCARTESIANPOINT((0.39844618989182656,0.23306214313104837,3.3333333333333415));
#8712=IFCCARTESIANPOINT((0.46197301509183886,0.20067500569915575,3.3418247718209568));
#8713=IFCCARTESIANPOINT((0.46197301509183886,0.20395257861597438,3.3497375328084069));
#8714=IFCCARTESIANPOINT((0.46197301509183908,0.20916644418677144,3.3565323747108526));
#8715=IFCCARTESIANPOINT((0.46197301509183908,0.21596128608921733,3.3617462402816498));
#8716=IFCCARTESIANPOINT((0.46197301509183908,0.22387404707666758,3.3650238131984684));
#8717=IFCCARTESIANPOINT((0.46197301509183908,0.23236548556428319,3.3661417322834728));
#8718=IFCCARTESIANPOINT((0.46197301509183908,0.24085692405189874,3.3650238131984684));
#8719=IFCCARTESIANPOINT((0.46197301509183908,0.24876968503934888,3.3617462402816494));
#8720=IFCCARTESIANPOINT((0.46197301509183908,0.25556452694179471,3.3565323747108526));
#8721=IFCCARTESIANPOINT((0.46197301509183886,0.26077839251259166,3.3497375328084069));
#8722=IFCCARTESIANPOINT((0.46197301509183886,0.26405596542941018,3.3418247718209564));
#8723=IFCCARTESIANPOINT((0.41685190481629841,0.2502865119096746,3.3656432989158063));
#8724=IFCCARTESIANPOINT((0.43068144063120628,0.23645697163120422,3.3656432983747946));
#8725=IFCCARTESIANPOINT((0.43897230049434066,0.22032356850940968,3.3618529959232841));
#8726=IFCCARTESIANPOINT((0.40936446288151429,0.2599774422994019,3.3652355030275589));
#8727=IFCCARTESIANPOINT((0.39626324560230652,0.262023833593655,3.3598316827326817));
#8728=IFCCARTESIANPOINT((0.43777232723707193,0.26839416792925308,3.3579809542459458));
#8729=IFCCARTESIANPOINT((0.44878909928519506,0.2573773970948911,3.3579809533986174));
#8730=IFCCARTESIANPOINT((0.43408166688559136,0.25368673689318677,3.3646538029933155));
#8731=IFCCARTESIANPOINT((0.41383731212949559,0.23262628180527772,3.3597612772872703));
#8732=IFCCARTESIANPOINT((0.80646120406824195,0.19955708661415161,3.3333333333333401));
#8733=IFCCARTESIANPOINT((0.80646120406824195,0.20067500569915586,3.3248418948457248));
#8734=IFCCARTESIANPOINT((0.80646120406824195,0.20395257861597438,3.3169291338582747));
#8735=IFCCARTESIANPOINT((0.80646120406824184,0.20916644418677133,3.3101342919558285));
#8736=IFCCARTESIANPOINT((0.80646120406824184,0.21596128608921711,3.3049204263850318));
#8737=IFCCARTESIANPOINT((0.80646120406824184,0.22387404707666725,3.3016428534682132));
#8738=IFCCARTESIANPOINT((0.80646120406824184,0.23236548556428283,3.3005249343832084));
#8739=IFCCARTESIANPOINT((0.80646120406824184,0.24085692405189846,3.3016428534682127));
#8740=IFCCARTESIANPOINT((0.80646120406824184,0.24876968503934865,3.3049204263850314));
#8741=IFCCARTESIANPOINT((0.80646120406824184,0.2555645269417946,3.3101342919558281));
#8742=IFCCARTESIANPOINT((0.80646120406824195,0.26077839251259166,3.3169291338582738));
#8743=IFCCARTESIANPOINT((0.80646120406824195,0.26405596542941034,3.3248418948457243));
#8744=IFCCARTESIANPOINT((0.80646120406824195,0.26517388451441476,3.3333333333333401));
#8745=IFCCARTESIANPOINT((0.80646120406824195,0.26405596542941046,3.3418247718209559));
#8746=IFCCARTESIANPOINT((0.80646120406824195,0.26077839251259188,3.349737532808406));
#8747=IFCCARTESIANPOINT((0.80646120406824207,0.25556452694179488,3.3565323747108518));
#8748=IFCCARTESIANPOINT((0.80646120406824207,0.24876968503934899,3.3617462402816489));
#8749=IFCCARTESIANPOINT((0.80646120406824207,0.24085692405189885,3.3650238131984676));
#8750=IFCCARTESIANPOINT((0.80646120406824207,0.23236548556428327,3.3661417322834719));
#8751=IFCCARTESIANPOINT((0.80646120406824207,0.22387404707666764,3.3650238131984676));
#8752=IFCCARTESIANPOINT((0.80646120406824207,0.21596128608921744,3.3617462402816489));
#8753=IFCCARTESIANPOINT((0.80646120406824207,0.20916644418677161,3.3565323747108518));
#8754=IFCCARTESIANPOINT((0.80646120406824195,0.2039525786159746,3.349737532808406));
#8755=IFCCARTESIANPOINT((0.80646120406824195,0.20067500569915597,3.3418247718209559));
#8756=IFCPOLYLOOP((#8649,#8650,#8651,#8628,#8629,#8630,#8631,#8632,#8633,#8634,#8635,#8636,#8637,#8638,#8639,#8640,#8641,#8642,#8643,#8644,#8645,#8646,#8647,#8648));
#8757=IFCFACEOUTERBOUND(#8756,.T.);
#8758=IFCFACE((#8757));
#8759=IFCPOLYLOOP((#8664,#8628,#8651,#8663));
#8760=IFCFACEOUTERBOUND(#8759,.T.);
#8761=IFCFACE((#8760));
#8762=IFCPOLYLOOP((#8663,#8651,#8650,#8662));
#8763=IFCFACEOUTERBOUND(#8762,.T.);
#8764=IFCFACE((#8763));
#8765=IFCPOLYLOOP((#8660,#8661,#8649,#8648));
#8766=IFCFACEOUTERBOUND(#8765,.T.);
#8767=IFCFACE((#8766));
#8768=IFCPOLYLOOP((#8650,#8649,#8661,#8662));
#8769=IFCFACEOUTERBOUND(#8768,.T.);
#8770=IFCFACE((#8769));
#8771=IFCPOLYLOOP((#8659,#8660,#8648,#8647));
#8772=IFCFACEOUTERBOUND(#8771,.T.);
#8773=IFCFACE((#8772));
#8774=IFCPOLYLOOP((#8646,#8658,#8659,#8647));
#8775=IFCFACEOUTERBOUND(#8774,.T.);
#8776=IFCFACE((#8775));
#8777=IFCPOLYLOOP((#8657,#8645,#8644,#8656));
#8778=IFCFACEOUTERBOUND(#8777,.T.);
#8779=IFCFACE((#8778));
#8780=IFCPOLYLOOP((#8656,#8644,#8643,#8655));
#8781=IFCFACEOUTERBOUND(#8780,.T.);
#8782=IFCFACE((#8781));
#8783=IFCPOLYLOOP((#8653,#8654,#8642,#8641));
#8784=IFCFACEOUTERBOUND(#8783,.T.);
#8785=IFCFACE((#8784));
#8786=IFCPOLYLOOP((#8643,#8642,#8654,#8655));
#8787=IFCFACEOUTERBOUND(#8786,.T.);
#8788=IFCFACE((#8787));
#8789=IFCPOLYLOOP((#8652,#8653,#8641,#8640));
#8790=IFCFACEOUTERBOUND(#8789,.T.);
#8791=IFCFACE((#8790));
#8792=IFCPOLYLOOP((#8657,#8658,#8646,#8645));
#8793=IFCFACEOUTERBOUND(#8792,.T.);
#8794=IFCFACE((#8793));
#8795=IFCPOLYLOOP((#8652,#8640,#8639,#8675));
#8796=IFCFACEOUTERBOUND(#8795,.T.);
#8797=IFCFACE((#8796));
#8798=IFCPOLYLOOP((#8675,#8639,#8638,#8674));
#8799=IFCFACEOUTERBOUND(#8798,.T.);
#8800=IFCFACE((#8799));
#8801=IFCPOLYLOOP((#8672,#8673,#8637,#8636));
#8802=IFCFACEOUTERBOUND(#8801,.T.);
#8803=IFCFACE((#8802));
#8804=IFCPOLYLOOP((#8638,#8637,#8673,#8674));
#8805=IFCFACEOUTERBOUND(#8804,.T.);
#8806=IFCFACE((#8805));
#8807=IFCPOLYLOOP((#8671,#8672,#8636,#8635));
#8808=IFCFACEOUTERBOUND(#8807,.T.);
#8809=IFCFACE((#8808));
#8810=IFCPOLYLOOP((#8634,#8670,#8671,#8635));
#8811=IFCFACEOUTERBOUND(#8810,.T.);
#8812=IFCFACE((#8811));
#8813=IFCPOLYLOOP((#8669,#8633,#8632,#8668));
#8814=IFCFACEOUTERBOUND(#8813,.T.);
#8815=IFCFACE((#8814));
#8816=IFCPOLYLOOP((#8668,#8632,#8631,#8667));
#8817=IFCFACEOUTERBOUND(#8816,.T.);
#8818=IFCFACE((#8817));
#8819=IFCPOLYLOOP((#8665,#8666,#8630,#8629));
#8820=IFCFACEOUTERBOUND(#8819,.T.);
#8821=IFCFACE((#8820));
#8822=IFCPOLYLOOP((#8631,#8630,#8666,#8667));
#8823=IFCFACEOUTERBOUND(#8822,.T.);
#8824=IFCFACE((#8823));
#8825=IFCPOLYLOOP((#8664,#8665,#8629,#8628));
#8826=IFCFACEOUTERBOUND(#8825,.T.);
#8827=IFCFACE((#8826));
#8828=IFCPOLYLOOP((#8669,#8670,#8634,#8633));
#8829=IFCFACEOUTERBOUND(#8828,.T.);
#8830=IFCFACE((#8829));
#8831=IFCPOLYLOOP((#8662,#8697,#8663));
#8832=IFCFACEOUTERBOUND(#8831,.T.);
#8833=IFCFACE((#8832));
#8834=IFCPOLYLOOP((#8693,#8659,#8704));
#8835=IFCFACEOUTERBOUND(#8834,.T.);
#8836=IFCFACE((#8835));
#8837=IFCPOLYLOOP((#8706,#8700,#8703));
#8838=IFCFACEOUTERBOUND(#8837,.T.);
#8839=IFCFACE((#8838));
#8840=IFCPOLYLOOP((#8704,#8690,#8701,#8693));
#8841=IFCFACEOUTERBOUND(#8840,.T.);
#8842=IFCFACE((#8841));
#8843=IFCPOLYLOOP((#8661,#8660,#8693));
#8844=IFCFACEOUTERBOUND(#8843,.T.);
#8845=IFCFACE((#8844));
#8846=IFCPOLYLOOP((#8661,#8695,#8662));
#8847=IFCFACEOUTERBOUND(#8846,.T.);
#8848=IFCFACE((#8847));
#8849=IFCPOLYLOOP((#8659,#8693,#8660));
#8850=IFCFACEOUTERBOUND(#8849,.T.);
#8851=IFCFACE((#8850));
#8852=IFCPOLYLOOP((#8704,#8703,#8690));
#8853=IFCFACEOUTERBOUND(#8852,.T.);
#8854=IFCFACE((#8853));
#8855=IFCPOLYLOOP((#8657,#8656,#8704));
#8856=IFCFACEOUTERBOUND(#8855,.T.);
#8857=IFCFACE((#8856));
#8858=IFCPOLYLOOP((#8707,#8699,#8708));
#8859=IFCFACEOUTERBOUND(#8858,.T.);
#8860=IFCFACE((#8859));
#8861=IFCPOLYLOOP((#8699,#8702,#8689));
#8862=IFCFACEOUTERBOUND(#8861,.T.);
#8863=IFCFACE((#8862));
#8864=IFCPOLYLOOP((#8659,#8658,#8704));
#8865=IFCFACEOUTERBOUND(#8864,.T.);
#8866=IFCFACE((#8865));
#8867=IFCPOLYLOOP((#8658,#8657,#8704));
#8868=IFCFACEOUTERBOUND(#8867,.T.);
#8869=IFCFACE((#8868));
#8870=IFCPOLYLOOP((#8705,#8691,#8676));
#8871=IFCFACEOUTERBOUND(#8870,.T.);
#8872=IFCFACE((#8871));
#8873=IFCPOLYLOOP((#8703,#8704,#8656));
#8874=IFCFACEOUTERBOUND(#8873,.T.);
#8875=IFCFACE((#8874));
#8876=IFCPOLYLOOP((#8678,#8705,#8677));
#8877=IFCFACEOUTERBOUND(#8876,.T.);
#8878=IFCFACE((#8877));
#8879=IFCPOLYLOOP((#8683,#8692,#8709));
#8880=IFCFACEOUTERBOUND(#8879,.T.);
#8881=IFCFACE((#8880));
#8882=IFCPOLYLOOP((#8687,#8696,#8686));
#8883=IFCFACEOUTERBOUND(#8882,.T.);
#8884=IFCFACE((#8883));
#8885=IFCPOLYLOOP((#8654,#8706,#8703));
#8886=IFCFACEOUTERBOUND(#8885,.T.);
#8887=IFCFACE((#8886));
#8888=IFCPOLYLOOP((#8656,#8655,#8703));
#8889=IFCFACEOUTERBOUND(#8888,.T.);
#8890=IFCFACE((#8889));
#8891=IFCPOLYLOOP((#8707,#8708,#8700));
#8892=IFCFACEOUTERBOUND(#8891,.T.);
#8893=IFCFACE((#8892));
#8894=IFCPOLYLOOP((#8680,#8702,#8679));
#8895=IFCFACEOUTERBOUND(#8894,.T.);
#8896=IFCFACE((#8895));
#8897=IFCPOLYLOOP((#8707,#8706,#8691));
#8898=IFCFACEOUTERBOUND(#8897,.T.);
#8899=IFCFACE((#8898));
#8900=IFCPOLYLOOP((#8708,#8711,#8700));
#8901=IFCFACEOUTERBOUND(#8900,.T.);
#8902=IFCFACE((#8901));
#8903=IFCPOLYLOOP((#8699,#8710,#8708));
#8904=IFCFACEOUTERBOUND(#8903,.T.);
#8905=IFCFACE((#8904));
#8906=IFCPOLYLOOP((#8683,#8684,#8692));
#8907=IFCFACEOUTERBOUND(#8906,.T.);
#8908=IFCFACE((#8907));
#8909=IFCPOLYLOOP((#8707,#8700,#8706));
#8910=IFCFACEOUTERBOUND(#8909,.T.);
#8911=IFCFACE((#8910));
#8912=IFCPOLYLOOP((#8702,#8682,#8709));
#8913=IFCFACEOUTERBOUND(#8912,.T.);
#8914=IFCFACE((#8913));
#8915=IFCPOLYLOOP((#8709,#8682,#8683));
#8916=IFCFACEOUTERBOUND(#8915,.T.);
#8917=IFCFACE((#8916));
#8918=IFCPOLYLOOP((#8692,#8685,#8694));
#8919=IFCFACEOUTERBOUND(#8918,.T.);
#8920=IFCFACE((#8919));
#8921=IFCPOLYLOOP((#8710,#8699,#8689));
#8922=IFCFACEOUTERBOUND(#8921,.T.);
#8923=IFCFACE((#8922));
#8924=IFCPOLYLOOP((#8684,#8685,#8692));
#8925=IFCFACEOUTERBOUND(#8924,.T.);
#8926=IFCFACE((#8925));
#8927=IFCPOLYLOOP((#8709,#8689,#8702));
#8928=IFCFACEOUTERBOUND(#8927,.T.);
#8929=IFCFACE((#8928));
#8930=IFCPOLYLOOP((#8688,#8696,#8687));
#8931=IFCFACEOUTERBOUND(#8930,.T.);
#8932=IFCFACE((#8931));
#8933=IFCPOLYLOOP((#8707,#8705,#8699));
#8934=IFCFACEOUTERBOUND(#8933,.T.);
#8935=IFCFACE((#8934));
#8936=IFCPOLYLOOP((#8700,#8711,#8703));
#8937=IFCFACEOUTERBOUND(#8936,.T.);
#8938=IFCFACE((#8937));
#8939=IFCPOLYLOOP((#8685,#8686,#8694));
#8940=IFCFACEOUTERBOUND(#8939,.T.);
#8941=IFCFACE((#8940));
#8942=IFCPOLYLOOP((#8653,#8652,#8706));
#8943=IFCFACEOUTERBOUND(#8942,.T.);
#8944=IFCFACE((#8943));
#8945=IFCPOLYLOOP((#8708,#8710,#8698,#8711));
#8946=IFCFACEOUTERBOUND(#8945,.T.);
#8947=IFCFACE((#8946));
#8948=IFCPOLYLOOP((#8699,#8705,#8678));
#8949=IFCFACEOUTERBOUND(#8948,.T.);
#8950=IFCFACE((#8949));
#8951=IFCPOLYLOOP((#8695,#8661,#8693));
#8952=IFCFACEOUTERBOUND(#8951,.T.);
#8953=IFCFACE((#8952));
#8954=IFCPOLYLOOP((#8705,#8676,#8677));
#8955=IFCFACEOUTERBOUND(#8954,.T.);
#8956=IFCFACE((#8955));
#8957=IFCPOLYLOOP((#8697,#8664,#8663));
#8958=IFCFACEOUTERBOUND(#8957,.T.);
#8959=IFCFACE((#8958));
#8960=IFCPOLYLOOP((#8699,#8679,#8702));
#8961=IFCFACEOUTERBOUND(#8960,.T.);
#8962=IFCFACE((#8961));
#8963=IFCPOLYLOOP((#8686,#8696,#8694));
#8964=IFCFACEOUTERBOUND(#8963,.T.);
#8965=IFCFACE((#8964));
#8966=IFCPOLYLOOP((#8699,#8678,#8679));
#8967=IFCFACEOUTERBOUND(#8966,.T.);
#8968=IFCFACE((#8967));
#8969=IFCPOLYLOOP((#8662,#8695,#8697));
#8970=IFCFACEOUTERBOUND(#8969,.T.);
#8971=IFCFACE((#8970));
#8972=IFCPOLYLOOP((#8681,#8702,#8680));
#8973=IFCFACEOUTERBOUND(#8972,.T.);
#8974=IFCFACE((#8973));
#8975=IFCPOLYLOOP((#8702,#8681,#8682));
#8976=IFCFACEOUTERBOUND(#8975,.T.);
#8977=IFCFACE((#8976));
#8978=IFCPOLYLOOP((#8703,#8655,#8654));
#8979=IFCFACEOUTERBOUND(#8978,.T.);
#8980=IFCFACE((#8979));
#8981=IFCPOLYLOOP((#8705,#8707,#8691));
#8982=IFCFACEOUTERBOUND(#8981,.T.);
#8983=IFCFACE((#8982));
#8984=IFCPOLYLOOP((#8706,#8654,#8653));
#8985=IFCFACEOUTERBOUND(#8984,.T.);
#8986=IFCFACE((#8985));
#8987=IFCPOLYLOOP((#8690,#8703,#8711));
#8988=IFCFACEOUTERBOUND(#8987,.T.);
#8989=IFCFACE((#8988));
#8990=IFCPOLYLOOP((#8706,#8652,#8691));
#8991=IFCFACEOUTERBOUND(#8990,.T.);
#8992=IFCFACE((#8991));
#8993=IFCPOLYLOOP((#8693,#8701,#8690,#8727));
#8994=IFCFACEOUTERBOUND(#8993,.T.);
#8995=IFCFACE((#8994));
#8996=IFCPOLYLOOP((#8730,#8728,#8723));
#8997=IFCFACEOUTERBOUND(#8996,.T.);
#8998=IFCFACE((#8997));
#8999=IFCPOLYLOOP((#8729,#8676,#8691));
#9000=IFCFACEOUTERBOUND(#8999,.T.);
#9001=IFCFACE((#9000));
#9002=IFCPOLYLOOP((#8674,#8673,#8726));
#9003=IFCFACEOUTERBOUND(#9002,.T.);
#9004=IFCFACE((#9003));
#9005=IFCPOLYLOOP((#8728,#8726,#8723));
#9006=IFCFACEOUTERBOUND(#9005,.T.);
#9007=IFCFACE((#9006));
#9008=IFCPOLYLOOP((#8729,#8724,#8721));
#9009=IFCFACEOUTERBOUND(#9008,.T.);
#9010=IFCFACE((#9009));
#9011=IFCPOLYLOOP((#8726,#8728,#8674));
#9012=IFCFACEOUTERBOUND(#9011,.T.);
#9013=IFCFACE((#9012));
#9014=IFCPOLYLOOP((#8730,#8723,#8731));
#9015=IFCFACEOUTERBOUND(#9014,.T.);
#9016=IFCFACE((#9015));
#9017=IFCPOLYLOOP((#8674,#8728,#8675));
#9018=IFCFACEOUTERBOUND(#9017,.T.);
#9019=IFCFACE((#9018));
#9020=IFCPOLYLOOP((#8730,#8729,#8691));
#9021=IFCFACEOUTERBOUND(#9020,.T.);
#9022=IFCFACE((#9021));
#9023=IFCPOLYLOOP((#8724,#8730,#8731));
#9024=IFCFACEOUTERBOUND(#9023,.T.);
#9025=IFCFACE((#9024));
#9026=IFCPOLYLOOP((#8722,#8676,#8729));
#9027=IFCFACEOUTERBOUND(#9026,.T.);
#9028=IFCFACE((#9027));
#9029=IFCPOLYLOOP((#8665,#8664,#8697));
#9030=IFCFACEOUTERBOUND(#9029,.T.);
#9031=IFCFACE((#9030));
#9032=IFCPOLYLOOP((#8725,#8724,#8689));
#9033=IFCFACEOUTERBOUND(#9032,.T.);
#9034=IFCFACE((#9033));
#9035=IFCPOLYLOOP((#8725,#8689,#8709));
#9036=IFCFACEOUTERBOUND(#9035,.T.);
#9037=IFCFACE((#9036));
#9038=IFCPOLYLOOP((#8695,#8693,#8667));
#9039=IFCFACEOUTERBOUND(#9038,.T.);
#9040=IFCFACE((#9039));
#9041=IFCPOLYLOOP((#8669,#8727,#8670));
#9042=IFCFACEOUTERBOUND(#9041,.T.);
#9043=IFCFACE((#9042));
#9044=IFCPOLYLOOP((#8710,#8689,#8724));
#9045=IFCFACEOUTERBOUND(#9044,.T.);
#9046=IFCFACE((#9045));
#9047=IFCPOLYLOOP((#8668,#8667,#8693));
#9048=IFCFACEOUTERBOUND(#9047,.T.);
#9049=IFCFACE((#9048));
#9050=IFCPOLYLOOP((#8693,#8669,#8668));
#9051=IFCFACEOUTERBOUND(#9050,.T.);
#9052=IFCFACE((#9051));
#9053=IFCPOLYLOOP((#8690,#8711,#8726));
#9054=IFCFACEOUTERBOUND(#9053,.T.);
#9055=IFCFACE((#9054));
#9056=IFCPOLYLOOP((#8709,#8716,#8717));
#9057=IFCFACEOUTERBOUND(#9056,.T.);
#9058=IFCFACE((#9057));
#9059=IFCPOLYLOOP((#8693,#8727,#8669));
#9060=IFCFACEOUTERBOUND(#9059,.T.);
#9061=IFCFACE((#9060));
#9062=IFCPOLYLOOP((#8724,#8729,#8730));
#9063=IFCFACEOUTERBOUND(#9062,.T.);
#9064=IFCFACE((#9063));
#9065=IFCPOLYLOOP((#8728,#8730,#8691));
#9066=IFCFACEOUTERBOUND(#9065,.T.);
#9067=IFCFACE((#9066));
#9068=IFCPOLYLOOP((#8722,#8729,#8721));
#9069=IFCFACEOUTERBOUND(#9068,.T.);
#9070=IFCFACE((#9069));
#9071=IFCPOLYLOOP((#8720,#8721,#8724));
#9072=IFCFACEOUTERBOUND(#9071,.T.);
#9073=IFCFACE((#9072));
#9074=IFCPOLYLOOP((#8667,#8666,#8695));
#9075=IFCFACEOUTERBOUND(#9074,.T.);
#9076=IFCFACE((#9075));
#9077=IFCPOLYLOOP((#8724,#8731,#8710));
#9078=IFCFACEOUTERBOUND(#9077,.T.);
#9079=IFCFACE((#9078));
#9080=IFCPOLYLOOP((#8728,#8652,#8675));
#9081=IFCFACEOUTERBOUND(#9080,.T.);
#9082=IFCFACE((#9081));
#9083=IFCPOLYLOOP((#8694,#8714,#8692));
#9084=IFCFACEOUTERBOUND(#9083,.T.);
#9085=IFCFACE((#9084));
#9086=IFCPOLYLOOP((#8719,#8725,#8718));
#9087=IFCFACEOUTERBOUND(#9086,.T.);
#9088=IFCFACE((#9087));
#9089=IFCPOLYLOOP((#8713,#8694,#8696));
#9090=IFCFACEOUTERBOUND(#9089,.T.);
#9091=IFCFACE((#9090));
#9092=IFCPOLYLOOP((#8666,#8697,#8695));
#9093=IFCFACEOUTERBOUND(#9092,.T.);
#9094=IFCFACE((#9093));
#9095=IFCPOLYLOOP((#8719,#8720,#8725));
#9096=IFCFACEOUTERBOUND(#9095,.T.);
#9097=IFCFACE((#9096));
#9098=IFCPOLYLOOP((#8696,#8688,#8712));
#9099=IFCFACEOUTERBOUND(#9098,.T.);
#9100=IFCFACE((#9099));
#9101=IFCPOLYLOOP((#8725,#8717,#8718));
#9102=IFCFACEOUTERBOUND(#9101,.T.);
#9103=IFCFACE((#9102));
#9104=IFCPOLYLOOP((#8723,#8711,#8731));
#9105=IFCFACEOUTERBOUND(#9104,.T.);
#9106=IFCFACE((#9105));
#9107=IFCPOLYLOOP((#8731,#8711,#8698,#8710));
#9108=IFCFACEOUTERBOUND(#9107,.T.);
#9109=IFCFACE((#9108));
#9110=IFCPOLYLOOP((#8692,#8714,#8715));
#9111=IFCFACEOUTERBOUND(#9110,.T.);
#9112=IFCFACE((#9111));
#9113=IFCPOLYLOOP((#8715,#8716,#8692));
#9114=IFCFACEOUTERBOUND(#9113,.T.);
#9115=IFCFACE((#9114));
#9116=IFCPOLYLOOP((#8671,#8727,#8672));
#9117=IFCFACEOUTERBOUND(#9116,.T.);
#9118=IFCFACE((#9117));
#9119=IFCPOLYLOOP((#8692,#8716,#8709));
#9120=IFCFACEOUTERBOUND(#9119,.T.);
#9121=IFCFACE((#9120));
#9122=IFCPOLYLOOP((#8696,#8712,#8713));
#9123=IFCFACEOUTERBOUND(#9122,.T.);
#9124=IFCFACE((#9123));
#9125=IFCPOLYLOOP((#8711,#8723,#8726));
#9126=IFCFACEOUTERBOUND(#9125,.T.);
#9127=IFCFACE((#9126));
#9128=IFCPOLYLOOP((#8725,#8709,#8717));
#9129=IFCFACEOUTERBOUND(#9128,.T.);
#9130=IFCFACE((#9129));
#9131=IFCPOLYLOOP((#8671,#8670,#8727));
#9132=IFCFACEOUTERBOUND(#9131,.T.);
#9133=IFCFACE((#9132));
#9134=IFCPOLYLOOP((#8724,#8725,#8720));
#9135=IFCFACEOUTERBOUND(#9134,.T.);
#9136=IFCFACE((#9135));
#9137=IFCPOLYLOOP((#8714,#8694,#8713));
#9138=IFCFACEOUTERBOUND(#9137,.T.);
#9139=IFCFACE((#9138));
#9140=IFCPOLYLOOP((#8665,#8697,#8666));
#9141=IFCFACEOUTERBOUND(#9140,.T.);
#9142=IFCFACE((#9141));
#9143=IFCPOLYLOOP((#8726,#8727,#8690));
#9144=IFCFACEOUTERBOUND(#9143,.T.);
#9145=IFCFACE((#9144));
#9146=IFCPOLYLOOP((#8726,#8673,#8672));
#9147=IFCFACEOUTERBOUND(#9146,.T.);
#9148=IFCFACE((#9147));
#9149=IFCPOLYLOOP((#8728,#8691,#8652));
#9150=IFCFACEOUTERBOUND(#9149,.T.);
#9151=IFCFACE((#9150));
#9152=IFCPOLYLOOP((#8727,#8726,#8672));
#9153=IFCFACEOUTERBOUND(#9152,.T.);
#9154=IFCFACE((#9153));
#9155=IFCPOLYLOOP((#8737,#8738,#8739,#8740,#8741,#8742,#8743,#8744,#8745,#8746,#8747,#8748,#8749,#8750,#8751,#8752,#8753,#8754,#8755,#8732,#8733,#8734,#8735,#8736));
#9156=IFCFACEOUTERBOUND(#9155,.T.);
#9157=IFCFACE((#9156));
#9158=IFCPOLYLOOP((#8732,#8688,#8687,#8733));
#9159=IFCFACEOUTERBOUND(#9158,.T.);
#9160=IFCFACE((#9159));
#9161=IFCPOLYLOOP((#8733,#8687,#8686,#8734));
#9162=IFCFACEOUTERBOUND(#9161,.T.);
#9163=IFCFACE((#9162));
#9164=IFCPOLYLOOP((#8735,#8685,#8684,#8736));
#9165=IFCFACEOUTERBOUND(#9164,.T.);
#9166=IFCFACE((#9165));
#9167=IFCPOLYLOOP((#8734,#8686,#8685,#8735));
#9168=IFCFACEOUTERBOUND(#9167,.T.);
#9169=IFCFACE((#9168));
#9170=IFCPOLYLOOP((#8736,#8684,#8683,#8737));
#9171=IFCFACEOUTERBOUND(#9170,.T.);
#9172=IFCFACE((#9171));
#9173=IFCPOLYLOOP((#8682,#8738,#8737,#8683));
#9174=IFCFACEOUTERBOUND(#9173,.T.);
#9175=IFCFACE((#9174));
#9176=IFCPOLYLOOP((#8680,#8679,#8741,#8740));
#9177=IFCFACEOUTERBOUND(#9176,.T.);
#9178=IFCFACE((#9177));
#9179=IFCPOLYLOOP((#8681,#8680,#8740,#8739));
#9180=IFCFACEOUTERBOUND(#9179,.T.);
#9181=IFCFACE((#9180));
#9182=IFCPOLYLOOP((#8677,#8676,#8744,#8743));
#9183=IFCFACEOUTERBOUND(#9182,.T.);
#9184=IFCFACE((#9183));
#9185=IFCPOLYLOOP((#8678,#8677,#8743,#8742));
#9186=IFCFACEOUTERBOUND(#9185,.T.);
#9187=IFCFACE((#9186));
#9188=IFCPOLYLOOP((#8679,#8678,#8742,#8741));
#9189=IFCFACEOUTERBOUND(#9188,.T.);
#9190=IFCFACE((#9189));
#9191=IFCPOLYLOOP((#8739,#8738,#8682,#8681));
#9192=IFCFACEOUTERBOUND(#9191,.T.);
#9193=IFCFACE((#9192));
#9194=IFCPOLYLOOP((#8745,#8744,#8676,#8722));
#9195=IFCFACEOUTERBOUND(#9194,.T.);
#9196=IFCFACE((#9195));
#9197=IFCPOLYLOOP((#8745,#8722,#8721,#8746));
#9198=IFCFACEOUTERBOUND(#9197,.T.);
#9199=IFCFACE((#9198));
#9200=IFCPOLYLOOP((#8719,#8718,#8749,#8748));
#9201=IFCFACEOUTERBOUND(#9200,.T.);
#9202=IFCFACE((#9201));
#9203=IFCPOLYLOOP((#8720,#8719,#8748,#8747));
#9204=IFCFACEOUTERBOUND(#9203,.T.);
#9205=IFCFACE((#9204));
#9206=IFCPOLYLOOP((#8747,#8746,#8721,#8720));
#9207=IFCFACEOUTERBOUND(#9206,.T.);
#9208=IFCFACE((#9207));
#9209=IFCPOLYLOOP((#8717,#8750,#8749,#8718));
#9210=IFCFACEOUTERBOUND(#9209,.T.);
#9211=IFCFACE((#9210));
#9212=IFCPOLYLOOP((#8714,#8753,#8752,#8715));
#9213=IFCFACEOUTERBOUND(#9212,.T.);
#9214=IFCFACE((#9213));
#9215=IFCPOLYLOOP((#8715,#8752,#8751,#8716));
#9216=IFCFACEOUTERBOUND(#9215,.T.);
#9217=IFCFACE((#9216));
#9218=IFCPOLYLOOP((#8688,#8732,#8755,#8712));
#9219=IFCFACEOUTERBOUND(#9218,.T.);
#9220=IFCFACE((#9219));
#9221=IFCPOLYLOOP((#8713,#8712,#8755,#8754));
#9222=IFCFACEOUTERBOUND(#9221,.T.);
#9223=IFCFACE((#9222));
#9224=IFCPOLYLOOP((#8714,#8713,#8754,#8753));
#9225=IFCFACEOUTERBOUND(#9224,.T.);
#9226=IFCFACE((#9225));
#9227=IFCPOLYLOOP((#8717,#8716,#8751,#8750));
#9228=IFCFACEOUTERBOUND(#9227,.T.);
#9229=IFCFACE((#9228));
#9230=IFCCARTESIANPOINT((0.30613312007869276,0.3800032808398956,3.3333333333333424));
#9231=IFCCARTESIANPOINT((0.30948687733370583,0.3800032808398956,3.3078590178704959));
#9232=IFCCARTESIANPOINT((0.31931959608416149,0.3800032808398956,3.2841207349081456));
#9233=IFCCARTESIANPOINT((0.33496119279655234,0.3800032808398956,3.2637362092008084));
#9234=IFCCARTESIANPOINT((0.35534571850388974,0.3800032808398956,3.2480946124884178));
#9235=IFCCARTESIANPOINT((0.37908400146623999,0.3800032808398956,3.2382618937379619));
#9236=IFCCARTESIANPOINT((0.4045583169290865,0.3800032808398956,3.2349081364829493));
#9237=IFCCARTESIANPOINT((0.43003263239193301,0.3800032808398956,3.2382618937379619));
#9238=IFCCARTESIANPOINT((0.45377091535428349,0.3800032808398956,3.2480946124884178));
#9239=IFCCARTESIANPOINT((0.47415544106162066,0.3800032808398956,3.2637362092008089));
#9240=IFCCARTESIANPOINT((0.48979703777401151,0.3800032808398956,3.284120734908146));
#9241=IFCCARTESIANPOINT((0.49962975652446717,0.3800032808398956,3.3078590178704963));
#9242=IFCCARTESIANPOINT((0.50298351377948003,0.3800032808398956,3.3333333333333433));
#9243=IFCCARTESIANPOINT((0.49962975652446695,0.3800032808398956,3.3588076487961898));
#9244=IFCCARTESIANPOINT((0.48979703777401129,0.3800032808398956,3.38254593175854));
#9245=IFCCARTESIANPOINT((0.47415544106162022,0.3800032808398956,3.4029304574658772));
#9246=IFCCARTESIANPOINT((0.45377091535428282,0.3800032808398956,3.4185720541782683));
#9247=IFCCARTESIANPOINT((0.43003263239193235,0.3800032808398956,3.4284047729287237));
#9248=IFCCARTESIANPOINT((0.40455831692908584,0.3800032808398956,3.4317585301837363));
#9249=IFCCARTESIANPOINT((0.37908400146623933,0.3800032808398956,3.4284047729287233));
#9250=IFCCARTESIANPOINT((0.35534571850388907,0.3800032808398956,3.4185720541782678));
#9251=IFCCARTESIANPOINT((0.3349611927965519,0.3800032808398956,3.4029304574658767));
#9252=IFCCARTESIANPOINT((0.31931959608416127,0.3800032808398956,3.3825459317585391));
#9253=IFCCARTESIANPOINT((0.30948687733370561,0.3800032808398956,3.3588076487961889));
#9254=IFCCARTESIANPOINT((0.30613312007869276,0.40625000000000061,3.3333333333333424));
#9255=IFCCARTESIANPOINT((0.30948687733370561,0.40625000000000061,3.3588076487961889));
#9256=IFCCARTESIANPOINT((0.31931959608416127,0.40625000000000061,3.3825459317585391));
#9257=IFCCARTESIANPOINT((0.3349611927965519,0.40625000000000061,3.4029304574658767));
#9258=IFCCARTESIANPOINT((0.35534571850388907,0.40625000000000061,3.4185720541782678));
#9259=IFCCARTESIANPOINT((0.37908400146623933,0.40625000000000061,3.4284047729287233));
#9260=IFCCARTESIANPOINT((0.40455831692908584,0.40625000000000061,3.4317585301837363));
#9261=IFCCARTESIANPOINT((0.43003263239193235,0.40625000000000061,3.4284047729287237));
#9262=IFCCARTESIANPOINT((0.45377091535428282,0.40625000000000061,3.4185720541782683));
#9263=IFCCARTESIANPOINT((0.47415544106162022,0.40625000000000061,3.4029304574658772));
#9264=IFCCARTESIANPOINT((0.48979703777401129,0.40625000000000061,3.38254593175854));
#9265=IFCCARTESIANPOINT((0.49962975652446695,0.40625000000000061,3.3588076487961898));
#9266=IFCCARTESIANPOINT((0.50298351377948003,0.40625000000000061,3.3333333333333428));
#9267=IFCCARTESIANPOINT((0.49962975652446717,0.40625000000000061,3.3078590178704963));
#9268=IFCCARTESIANPOINT((0.48979703777401151,0.40625000000000061,3.284120734908146));
#9269=IFCCARTESIANPOINT((0.47415544106162066,0.40625000000000061,3.2637362092008089));
#9270=IFCCARTESIANPOINT((0.45377091535428349,0.40625000000000061,3.2480946124884178));
#9271=IFCCARTESIANPOINT((0.43003263239193301,0.40625000000000061,3.2382618937379619));
#9272=IFCCARTESIANPOINT((0.4045583169290865,0.40625000000000061,3.2349081364829493));
#9273=IFCCARTESIANPOINT((0.37908400146623999,0.40625000000000061,3.2382618937379619));
#9274=IFCCARTESIANPOINT((0.35534571850388974,0.40625000000000061,3.2480946124884178));
#9275=IFCCARTESIANPOINT((0.33496119279655234,0.40625000000000061,3.2637362092008084));
#9276=IFCCARTESIANPOINT((0.31931959608416149,0.40625000000000061,3.2841207349081456));
#9277=IFCCARTESIANPOINT((0.30948687733370583,0.40625000000000061,3.3078590178704959));
#9278=IFCPOLYLOOP((#9245,#9246,#9247,#9248,#9249,#9250,#9251,#9252,#9253,#9230,#9231,#9232,#9233,#9234,#9235,#9236,#9237,#9238,#9239,#9240,#9241,#9242,#9243,#9244));
#9279=IFCFACEOUTERBOUND(#9278,.T.);
#9280=IFCFACE((#9279));
#9281=IFCPOLYLOOP((#9272,#9273,#9274,#9275,#9276,#9277,#9254,#9255,#9256,#9257,#9258,#9259,#9260,#9261,#9262,#9263,#9264,#9265,#9266,#9267,#9268,#9269,#9270,#9271));
#9282=IFCFACEOUTERBOUND(#9281,.T.);
#9283=IFCFACE((#9282));
#9284=IFCPOLYLOOP((#9254,#9230,#9253,#9255));
#9285=IFCFACEOUTERBOUND(#9284,.T.);
#9286=IFCFACE((#9285));
#9287=IFCPOLYLOOP((#9255,#9253,#9252,#9256));
#9288=IFCFACEOUTERBOUND(#9287,.T.);
#9289=IFCFACE((#9288));
#9290=IFCPOLYLOOP((#9258,#9257,#9251,#9250));
#9291=IFCFACEOUTERBOUND(#9290,.T.);
#9292=IFCFACE((#9291));
#9293=IFCPOLYLOOP((#9251,#9257,#9256,#9252));
#9294=IFCFACEOUTERBOUND(#9293,.T.);
#9295=IFCFACE((#9294));
#9296=IFCPOLYLOOP((#9259,#9258,#9250,#9249));
#9297=IFCFACEOUTERBOUND(#9296,.T.);
#9298=IFCFACE((#9297));
#9299=IFCPOLYLOOP((#9259,#9249,#9248,#9260));
#9300=IFCFACEOUTERBOUND(#9299,.T.);
#9301=IFCFACE((#9300));
#9302=IFCPOLYLOOP((#9260,#9248,#9247,#9261));
#9303=IFCFACEOUTERBOUND(#9302,.T.);
#9304=IFCFACE((#9303));
#9305=IFCPOLYLOOP((#9261,#9247,#9246,#9262));
#9306=IFCFACEOUTERBOUND(#9305,.T.);
#9307=IFCFACE((#9306));
#9308=IFCPOLYLOOP((#9264,#9263,#9245,#9244));
#9309=IFCFACEOUTERBOUND(#9308,.T.);
#9310=IFCFACE((#9309));
#9311=IFCPOLYLOOP((#9245,#9263,#9262,#9246));
#9312=IFCFACEOUTERBOUND(#9311,.T.);
#9313=IFCFACE((#9312));
#9314=IFCPOLYLOOP((#9265,#9264,#9244,#9243));
#9315=IFCFACEOUTERBOUND(#9314,.T.);
#9316=IFCFACE((#9315));
#9317=IFCPOLYLOOP((#9265,#9243,#9242,#9266));
#9318=IFCFACEOUTERBOUND(#9317,.T.);
#9319=IFCFACE((#9318));
#9320=IFCPOLYLOOP((#9266,#9242,#9241,#9267));
#9321=IFCFACEOUTERBOUND(#9320,.T.);
#9322=IFCFACE((#9321));
#9323=IFCPOLYLOOP((#9267,#9241,#9240,#9268));
#9324=IFCFACEOUTERBOUND(#9323,.T.);
#9325=IFCFACE((#9324));
#9326=IFCPOLYLOOP((#9270,#9269,#9239,#9238));
#9327=IFCFACEOUTERBOUND(#9326,.T.);
#9328=IFCFACE((#9327));
#9329=IFCPOLYLOOP((#9239,#9269,#9268,#9240));
#9330=IFCFACEOUTERBOUND(#9329,.T.);
#9331=IFCFACE((#9330));
#9332=IFCPOLYLOOP((#9271,#9270,#9238,#9237));
#9333=IFCFACEOUTERBOUND(#9332,.T.);
#9334=IFCFACE((#9333));
#9335=IFCPOLYLOOP((#9271,#9237,#9236,#9272));
#9336=IFCFACEOUTERBOUND(#9335,.T.);
#9337=IFCFACE((#9336));
#9338=IFCPOLYLOOP((#9272,#9236,#9235,#9273));
#9339=IFCFACEOUTERBOUND(#9338,.T.);
#9340=IFCFACE((#9339));
#9341=IFCPOLYLOOP((#9273,#9235,#9234,#9274));
#9342=IFCFACEOUTERBOUND(#9341,.T.);
#9343=IFCFACE((#9342));
#9344=IFCPOLYLOOP((#9276,#9275,#9233,#9232));
#9345=IFCFACEOUTERBOUND(#9344,.T.);
#9346=IFCFACE((#9345));
#9347=IFCPOLYLOOP((#9233,#9275,#9274,#9234));
#9348=IFCFACEOUTERBOUND(#9347,.T.);
#9349=IFCFACE((#9348));
#9350=IFCPOLYLOOP((#9277,#9276,#9232,#9231));
#9351=IFCFACEOUTERBOUND(#9350,.T.);
#9352=IFCFACE((#9351));
#9353=IFCPOLYLOOP((#9277,#9231,#9230,#9254));
#9354=IFCFACEOUTERBOUND(#9353,.T.);
#9355=IFCFACE((#9354));
#9356=IFCCARTESIANPOINT((0.37995201771648768,0.57833005249343572,3.3333333333333415));
#9357=IFCCARTESIANPOINT((0.38106993680149182,0.57833005249343572,3.3248418948457261));
#9358=IFCCARTESIANPOINT((0.38434750971831022,0.57833005249343572,3.316929133858276));
#9359=IFCCARTESIANPOINT((0.38956137528910717,0.57833005249343572,3.3101342919558303));
#9360=IFCCARTESIANPOINT((0.3963562171915529,0.57833005249343572,3.3049204263850331));
#9361=IFCCARTESIANPOINT((0.4042689781790032,0.57833005249343572,3.3016428534682145));
#9362=IFCCARTESIANPOINT((0.41276041666661856,0.57833005249343572,3.3005249343832097));
#9363=IFCCARTESIANPOINT((0.42125185515423436,0.57833005249343572,3.3016428534682141));
#9364=IFCCARTESIANPOINT((0.42916461614168444,0.57833005249343572,3.3049204263850327));
#9365=IFCCARTESIANPOINT((0.43595945804413039,0.57833005249343572,3.3101342919558294));
#9366=IFCCARTESIANPOINT((0.44117332361492734,0.57833005249343572,3.3169291338582751));
#9367=IFCCARTESIANPOINT((0.44445089653174619,0.57833005249343572,3.3248418948457252));
#9368=IFCCARTESIANPOINT((0.44556881561675077,0.57833005249343572,3.333333333333341));
#9369=IFCCARTESIANPOINT((0.44445089653174641,0.57833005249343572,3.3418247718209568));
#9370=IFCCARTESIANPOINT((0.44117332361492778,0.57833005249343572,3.3497375328084069));
#9371=IFCCARTESIANPOINT((0.43595945804413105,0.57833005249343572,3.3565323747108531));
#9372=IFCCARTESIANPOINT((0.42916461614168533,0.57833005249343572,3.3617462402816498));
#9373=IFCCARTESIANPOINT((0.42125185515423502,0.57833005249343572,3.3650238131984684));
#9374=IFCCARTESIANPOINT((0.41276041666661945,0.57833005249343572,3.3661417322834732));
#9375=IFCCARTESIANPOINT((0.40426897817900387,0.57833005249343572,3.3650238131984689));
#9376=IFCCARTESIANPOINT((0.39635621719155356,0.57833005249343572,3.3617462402816503));
#9377=IFCCARTESIANPOINT((0.38956137528910784,0.57833005249343572,3.3565323747108535));
#9378=IFCCARTESIANPOINT((0.38434750971831066,0.57833005249343572,3.3497375328084078));
#9379=IFCCARTESIANPOINT((0.38106993680149204,0.57833005249343572,3.3418247718209573));
#9380=IFCCARTESIANPOINT((0.37995201771648746,0.67675524934382825,3.3333333333333419));
#9381=IFCCARTESIANPOINT((0.38106993680149159,0.67675524934382825,3.3248418948457261));
#9382=IFCCARTESIANPOINT((0.38434750971831,0.67675524934382825,3.316929133858276));
#9383=IFCCARTESIANPOINT((0.38956137528910695,0.67675524934382825,3.3101342919558303));
#9384=IFCCARTESIANPOINT((0.39635621719155267,0.67675524934382825,3.3049204263850331));
#9385=IFCCARTESIANPOINT((0.40426897817900298,0.67675524934382825,3.3016428534682145));
#9386=IFCCARTESIANPOINT((0.41276041666661856,0.67675524934382825,3.3005249343832097));
#9387=IFCCARTESIANPOINT((0.42125185515423413,0.67675524934382825,3.3016428534682141));
#9388=IFCCARTESIANPOINT((0.42916461614168422,0.67675524934382825,3.3049204263850327));
#9389=IFCCARTESIANPOINT((0.43595945804413017,0.67675524934382825,3.3101342919558294));
#9390=IFCCARTESIANPOINT((0.44117332361492734,0.67675524934382825,3.3169291338582751));
#9391=IFCCARTESIANPOINT((0.44445089653174619,0.67675524934382825,3.3248418948457252));
#9392=IFCCARTESIANPOINT((0.44556881561675055,0.67675524934382825,3.333333333333341));
#9393=IFCCARTESIANPOINT((0.44445089653174641,0.67675524934382825,3.3418247718209568));
#9394=IFCCARTESIANPOINT((0.44117332361492778,0.67675524934382825,3.3497375328084069));
#9395=IFCCARTESIANPOINT((0.43595945804413083,0.67675524934382825,3.3565323747108531));
#9396=IFCCARTESIANPOINT((0.42916461614168488,0.67675524934382825,3.3617462402816498));
#9397=IFCCARTESIANPOINT((0.4212518551542348,0.67675524934382825,3.3650238131984684));
#9398=IFCCARTESIANPOINT((0.41276041666661922,0.67675524934382825,3.3661417322834732));
#9399=IFCCARTESIANPOINT((0.40426897817900365,0.67675524934382825,3.3650238131984689));
#9400=IFCCARTESIANPOINT((0.39635621719155334,0.67675524934382825,3.3617462402816503));
#9401=IFCCARTESIANPOINT((0.38956137528910761,0.67675524934382825,3.3565323747108535));
#9402=IFCCARTESIANPOINT((0.38434750971831044,0.67675524934382825,3.3497375328084074));
#9403=IFCCARTESIANPOINT((0.38106993680149182,0.67675524934382825,3.3418247718209573));
#9404=IFCCARTESIANPOINT((0.46197301509183908,0.69315944881891678,3.333333333333341));
#9405=IFCCARTESIANPOINT((0.45037349440306707,0.68835477003260015,3.333333333333341));
#9406=IFCCARTESIANPOINT((0.39094074772104781,0.71776574803150406,3.3333333333333415));
#9407=IFCCARTESIANPOINT((0.42096251640416327,0.74778751671461952,3.3333333333333415));
#9408=IFCCARTESIANPOINT((0.46197301509183908,0.75877624671917998,3.333333333333341));
#9409=IFCCARTESIANPOINT((0.46197301509183908,0.75765832763417573,3.3248418948457261));
#9410=IFCCARTESIANPOINT((0.46197301509183908,0.75438075471735733,3.3169291338582756));
#9411=IFCCARTESIANPOINT((0.46197301509183886,0.74916688914656027,3.3101342919558299));
#9412=IFCCARTESIANPOINT((0.46197301509183908,0.74237204724411443,3.3049204263850327));
#9413=IFCCARTESIANPOINT((0.46197301509183908,0.73445928625666435,3.3016428534682141));
#9414=IFCCARTESIANPOINT((0.46197301509183908,0.72596784776904877,3.3005249343832093));
#9415=IFCCARTESIANPOINT((0.46197301509183908,0.71747640928143319,3.3016428534682136));
#9416=IFCCARTESIANPOINT((0.46197301509183908,0.70956364829398288,3.3049204263850323));
#9417=IFCCARTESIANPOINT((0.46197301509183908,0.70276880639153705,3.310134291955829));
#9418=IFCCARTESIANPOINT((0.46197301509183908,0.69755494082073999,3.3169291338582747));
#9419=IFCCARTESIANPOINT((0.46197301509183908,0.69427736790392136,3.3248418948457248));
#9420=IFCCARTESIANPOINT((0.38554853196676442,0.69764172487114517,3.3333333333333415));
#9421=IFCCARTESIANPOINT((0.44108653943125664,0.75317973243319458,3.3333333333333415));
#9422=IFCCARTESIANPOINT((0.38275027484162605,0.68719848710748677,3.333333333333341));
#9423=IFCCARTESIANPOINT((0.45152977726154786,0.75597798957618734,3.333333333333341));
#9424=IFCCARTESIANPOINT((0.38135114627905664,0.68197686822565751,3.3333333333333419));
#9425=IFCCARTESIANPOINT((0.45675139617669336,0.7573771181476836,3.333333333333341));
#9426=IFCCARTESIANPOINT((0.40595163206260554,0.73277663237306179,3.3333333333333415));
#9427=IFCCARTESIANPOINT((0.43068144063271396,0.72187636170176606,3.3010233682916836));
#9428=IFCCARTESIANPOINT((0.41685190481666656,0.70804682142326492,3.3010233677507834));
#9429=IFCCARTESIANPOINT((0.38824463984390611,0.70770373645132456,3.3333333333333415));
#9430=IFCCARTESIANPOINT((0.43897230049461644,0.73800976482380443,3.3048136707432807));
#9431=IFCCARTESIANPOINT((0.40936446288158135,0.69835589103383389,3.3014311636391001));
#9432=IFCCARTESIANPOINT((0.39626324560232717,0.69630949973960832,3.3068349839339719));
#9433=IFCCARTESIANPOINT((0.44878909928516353,0.70095593623845942,3.3086857132680367));
#9434=IFCCARTESIANPOINT((0.43777232723729753,0.68993916540394307,3.3086857124209672));
#9435=IFCCARTESIANPOINT((0.434081666886875,0.70464659643902738,3.3020128636738959));
#9436=IFCCARTESIANPOINT((0.41302121181533624,0.7248909510155368,3.3069053892866558));
#9437=IFCCARTESIANPOINT((0.43102452791770984,0.75048362457390705,3.3333333333333415));
#9438=IFCCARTESIANPOINT((0.41345707423338451,0.74028207454384076,3.3333333333333415));
#9439=IFCCARTESIANPOINT((0.39844618989182656,0.72527119020228292,3.3333333333333415));
#9440=IFCCARTESIANPOINT((0.46197301509183908,0.69427736790392114,3.3418247718209564));
#9441=IFCCARTESIANPOINT((0.46197301509183908,0.69755494082073966,3.3497375328084069));
#9442=IFCCARTESIANPOINT((0.4619730150918393,0.7027688063915366,3.3565323747108526));
#9443=IFCCARTESIANPOINT((0.4619730150918393,0.70956364829398244,3.3617462402816494));
#9444=IFCCARTESIANPOINT((0.4619730150918393,0.71747640928143253,3.3650238131984684));
#9445=IFCCARTESIANPOINT((0.4619730150918393,0.7259678477690481,3.3661417322834728));
#9446=IFCCARTESIANPOINT((0.4619730150918393,0.73445928625666368,3.3650238131984684));
#9447=IFCCARTESIANPOINT((0.4619730150918393,0.74237204724411399,3.3617462402816498));
#9448=IFCCARTESIANPOINT((0.4619730150918393,0.74916688914655993,3.3565323747108526));
#9449=IFCCARTESIANPOINT((0.46197301509183908,0.75438075471735688,3.3497375328084069));
#9450=IFCCARTESIANPOINT((0.46197301509183908,0.75765832763417551,3.3418247718209568));
#9451=IFCCARTESIANPOINT((0.41685190481629864,0.70804682142365671,3.3656432989158063));
#9452=IFCCARTESIANPOINT((0.43068144063120672,0.7218763617021271,3.3656432983747946));
#9453=IFCCARTESIANPOINT((0.43897230049434088,0.73800976482392167,3.3618529959232841));
#9454=IFCCARTESIANPOINT((0.40936446288151451,0.69835589103392937,3.3652355030275589));
#9455=IFCCARTESIANPOINT((0.39626324560230675,0.69630949973967637,3.3598316827326817));
#9456=IFCCARTESIANPOINT((0.43777232723707216,0.68993916540407829,3.3579809542459458));
#9457=IFCCARTESIANPOINT((0.44878909928519528,0.70095593623844021,3.3579809533986174));
#9458=IFCCARTESIANPOINT((0.43408166688559158,0.7046465964401446,3.3646538029933155));
#9459=IFCCARTESIANPOINT((0.41383731212949604,0.72570705152805359,3.3597612772872703));
#9460=IFCCARTESIANPOINT((0.80646120406824218,0.75877624671917965,3.3333333333333401));
#9461=IFCCARTESIANPOINT((0.80646120406824218,0.75765832763417529,3.3418247718209559));
#9462=IFCCARTESIANPOINT((0.80646120406824218,0.75438075471735666,3.349737532808406));
#9463=IFCCARTESIANPOINT((0.80646120406824229,0.74916688914655971,3.3565323747108518));
#9464=IFCCARTESIANPOINT((0.80646120406824229,0.74237204724411388,3.3617462402816489));
#9465=IFCCARTESIANPOINT((0.80646120406824229,0.73445928625666368,3.3650238131984676));
#9466=IFCCARTESIANPOINT((0.80646120406824229,0.7259678477690481,3.3661417322834719));
#9467=IFCCARTESIANPOINT((0.80646120406824229,0.71747640928143253,3.3650238131984676));
#9468=IFCCARTESIANPOINT((0.80646120406824229,0.70956364829398233,3.3617462402816489));
#9469=IFCCARTESIANPOINT((0.80646120406824229,0.70276880639153649,3.3565323747108518));
#9470=IFCCARTESIANPOINT((0.80646120406824218,0.69755494082073943,3.349737532808406));
#9471=IFCCARTESIANPOINT((0.80646120406824218,0.69427736790392092,3.3418247718209559));
#9472=IFCCARTESIANPOINT((0.80646120406824218,0.69315944881891656,3.3333333333333397));
#9473=IFCCARTESIANPOINT((0.80646120406824218,0.69427736790392092,3.3248418948457243));
#9474=IFCCARTESIANPOINT((0.80646120406824218,0.69755494082073966,3.3169291338582738));
#9475=IFCCARTESIANPOINT((0.80646120406824207,0.70276880639153672,3.3101342919558281));
#9476=IFCCARTESIANPOINT((0.80646120406824207,0.70956364829398266,3.3049204263850314));
#9477=IFCCARTESIANPOINT((0.80646120406824207,0.71747640928143286,3.3016428534682127));
#9478=IFCCARTESIANPOINT((0.80646120406824207,0.72596784776904844,3.3005249343832084));
#9479=IFCCARTESIANPOINT((0.80646120406824207,0.73445928625666412,3.3016428534682132));
#9480=IFCCARTESIANPOINT((0.80646120406824207,0.74237204724411421,3.3049204263850318));
#9481=IFCCARTESIANPOINT((0.80646120406824207,0.74916688914655993,3.3101342919558285));
#9482=IFCCARTESIANPOINT((0.80646120406824218,0.75438075471735688,3.3169291338582747));
#9483=IFCCARTESIANPOINT((0.80646120406824218,0.7576583276341754,3.3248418948457248));
#9484=IFCPOLYLOOP((#9361,#9362,#9363,#9364,#9365,#9366,#9367,#9368,#9369,#9370,#9371,#9372,#9373,#9374,#9375,#9376,#9377,#9378,#9379,#9356,#9357,#9358,#9359,#9360));
#9485=IFCFACEOUTERBOUND(#9484,.T.);
#9486=IFCFACE((#9485));
#9487=IFCPOLYLOOP((#9381,#9357,#9356,#9380));
#9488=IFCFACEOUTERBOUND(#9487,.T.);
#9489=IFCFACE((#9488));
#9490=IFCPOLYLOOP((#9382,#9358,#9357,#9381));
#9491=IFCFACEOUTERBOUND(#9490,.T.);
#9492=IFCFACE((#9491));
#9493=IFCPOLYLOOP((#9359,#9383,#9384,#9360));
#9494=IFCFACEOUTERBOUND(#9493,.T.);
#9495=IFCFACE((#9494));
#9496=IFCPOLYLOOP((#9382,#9383,#9359,#9358));
#9497=IFCFACEOUTERBOUND(#9496,.T.);
#9498=IFCFACE((#9497));
#9499=IFCPOLYLOOP((#9360,#9384,#9385,#9361));
#9500=IFCFACEOUTERBOUND(#9499,.T.);
#9501=IFCFACE((#9500));
#9502=IFCPOLYLOOP((#9361,#9385,#9386,#9362));
#9503=IFCFACEOUTERBOUND(#9502,.T.);
#9504=IFCFACE((#9503));
#9505=IFCPOLYLOOP((#9388,#9364,#9363,#9387));
#9506=IFCFACEOUTERBOUND(#9505,.T.);
#9507=IFCFACE((#9506));
#9508=IFCPOLYLOOP((#9389,#9365,#9364,#9388));
#9509=IFCFACEOUTERBOUND(#9508,.T.);
#9510=IFCFACE((#9509));
#9511=IFCPOLYLOOP((#9366,#9390,#9391,#9367));
#9512=IFCFACEOUTERBOUND(#9511,.T.);
#9513=IFCFACE((#9512));
#9514=IFCPOLYLOOP((#9389,#9390,#9366,#9365));
#9515=IFCFACEOUTERBOUND(#9514,.T.);
#9516=IFCFACE((#9515));
#9517=IFCPOLYLOOP((#9367,#9391,#9392,#9368));
#9518=IFCFACEOUTERBOUND(#9517,.T.);
#9519=IFCFACE((#9518));
#9520=IFCPOLYLOOP((#9363,#9362,#9386,#9387));
#9521=IFCFACEOUTERBOUND(#9520,.T.);
#9522=IFCFACE((#9521));
#9523=IFCPOLYLOOP((#9393,#9369,#9368,#9392));
#9524=IFCFACEOUTERBOUND(#9523,.T.);
#9525=IFCFACE((#9524));
#9526=IFCPOLYLOOP((#9394,#9370,#9369,#9393));
#9527=IFCFACEOUTERBOUND(#9526,.T.);
#9528=IFCFACE((#9527));
#9529=IFCPOLYLOOP((#9371,#9395,#9396,#9372));
#9530=IFCFACEOUTERBOUND(#9529,.T.);
#9531=IFCFACE((#9530));
#9532=IFCPOLYLOOP((#9394,#9395,#9371,#9370));
#9533=IFCFACEOUTERBOUND(#9532,.T.);
#9534=IFCFACE((#9533));
#9535=IFCPOLYLOOP((#9372,#9396,#9397,#9373));
#9536=IFCFACEOUTERBOUND(#9535,.T.);
#9537=IFCFACE((#9536));
#9538=IFCPOLYLOOP((#9373,#9397,#9398,#9374));
#9539=IFCFACEOUTERBOUND(#9538,.T.);
#9540=IFCFACE((#9539));
#9541=IFCPOLYLOOP((#9400,#9376,#9375,#9399));
#9542=IFCFACEOUTERBOUND(#9541,.T.);
#9543=IFCFACE((#9542));
#9544=IFCPOLYLOOP((#9401,#9377,#9376,#9400));
#9545=IFCFACEOUTERBOUND(#9544,.T.);
#9546=IFCFACE((#9545));
#9547=IFCPOLYLOOP((#9378,#9402,#9403,#9379));
#9548=IFCFACEOUTERBOUND(#9547,.T.);
#9549=IFCFACE((#9548));
#9550=IFCPOLYLOOP((#9401,#9402,#9378,#9377));
#9551=IFCFACEOUTERBOUND(#9550,.T.);
#9552=IFCFACE((#9551));
#9553=IFCPOLYLOOP((#9379,#9403,#9380,#9356));
#9554=IFCFACEOUTERBOUND(#9553,.T.);
#9555=IFCFACE((#9554));
#9556=IFCPOLYLOOP((#9375,#9374,#9398,#9399));
#9557=IFCFACEOUTERBOUND(#9556,.T.);
#9558=IFCFACE((#9557));
#9559=IFCPOLYLOOP((#9381,#9424,#9382));
#9560=IFCFACEOUTERBOUND(#9559,.T.);
#9561=IFCFACE((#9560));
#9562=IFCPOLYLOOP((#9432,#9385,#9420));
#9563=IFCFACEOUTERBOUND(#9562,.T.);
#9564=IFCFACE((#9563));
#9565=IFCPOLYLOOP((#9431,#9428,#9434));
#9566=IFCFACEOUTERBOUND(#9565,.T.);
#9567=IFCFACE((#9566));
#9568=IFCPOLYLOOP((#9420,#9429,#9406,#9432));
#9569=IFCFACEOUTERBOUND(#9568,.T.);
#9570=IFCFACE((#9569));
#9571=IFCPOLYLOOP((#9420,#9384,#9383));
#9572=IFCFACEOUTERBOUND(#9571,.T.);
#9573=IFCFACE((#9572));
#9574=IFCPOLYLOOP((#9382,#9422,#9383));
#9575=IFCFACEOUTERBOUND(#9574,.T.);
#9576=IFCFACE((#9575));
#9577=IFCPOLYLOOP((#9384,#9420,#9385));
#9578=IFCFACEOUTERBOUND(#9577,.T.);
#9579=IFCFACE((#9578));
#9580=IFCPOLYLOOP((#9406,#9431,#9432));
#9581=IFCFACEOUTERBOUND(#9580,.T.);
#9582=IFCFACE((#9581));
#9583=IFCPOLYLOOP((#9432,#9388,#9387));
#9584=IFCFACEOUTERBOUND(#9583,.T.);
#9585=IFCFACE((#9584));
#9586=IFCPOLYLOOP((#9436,#9427,#9435));
#9587=IFCFACEOUTERBOUND(#9586,.T.);
#9588=IFCFACE((#9587));
#9589=IFCPOLYLOOP((#9407,#9430,#9427));
#9590=IFCFACEOUTERBOUND(#9589,.T.);
#9591=IFCFACE((#9590));
#9592=IFCPOLYLOOP((#9432,#9386,#9385));
#9593=IFCFACEOUTERBOUND(#9592,.T.);
#9594=IFCFACE((#9593));
#9595=IFCPOLYLOOP((#9432,#9387,#9386));
#9596=IFCFACEOUTERBOUND(#9595,.T.);
#9597=IFCFACE((#9596));
#9598=IFCPOLYLOOP((#9404,#9405,#9433));
#9599=IFCFACEOUTERBOUND(#9598,.T.);
#9600=IFCFACE((#9599));
#9601=IFCPOLYLOOP((#9388,#9432,#9431));
#9602=IFCFACEOUTERBOUND(#9601,.T.);
#9603=IFCFACE((#9602));
#9604=IFCPOLYLOOP((#9419,#9433,#9418));
#9605=IFCFACEOUTERBOUND(#9604,.T.);
#9606=IFCFACE((#9605));
#9607=IFCPOLYLOOP((#9437,#9421,#9413));
#9608=IFCFACEOUTERBOUND(#9607,.T.);
#9609=IFCFACE((#9608));
#9610=IFCPOLYLOOP((#9381,#9380,#9424));
#9611=IFCFACEOUTERBOUND(#9610,.T.);
#9612=IFCFACE((#9611));
#9613=IFCPOLYLOOP((#9431,#9434,#9390));
#9614=IFCFACEOUTERBOUND(#9613,.T.);
#9615=IFCFACE((#9614));
#9616=IFCPOLYLOOP((#9431,#9389,#9388));
#9617=IFCFACEOUTERBOUND(#9616,.T.);
#9618=IFCFACE((#9617));
#9619=IFCPOLYLOOP((#9428,#9436,#9435));
#9620=IFCFACEOUTERBOUND(#9619,.T.);
#9621=IFCFACE((#9620));
#9622=IFCPOLYLOOP((#9417,#9430,#9416));
#9623=IFCFACEOUTERBOUND(#9622,.T.);
#9624=IFCFACE((#9623));
#9625=IFCPOLYLOOP((#9405,#9434,#9435));
#9626=IFCFACEOUTERBOUND(#9625,.T.);
#9627=IFCFACE((#9626));
#9628=IFCPOLYLOOP((#9428,#9439,#9436));
#9629=IFCFACEOUTERBOUND(#9628,.T.);
#9630=IFCFACE((#9629));
#9631=IFCPOLYLOOP((#9436,#9438,#9427));
#9632=IFCFACEOUTERBOUND(#9631,.T.);
#9633=IFCFACE((#9632));
#9634=IFCPOLYLOOP((#9421,#9412,#9413));
#9635=IFCFACEOUTERBOUND(#9634,.T.);
#9636=IFCFACE((#9635));
#9637=IFCPOLYLOOP((#9434,#9428,#9435));
#9638=IFCFACEOUTERBOUND(#9637,.T.);
#9639=IFCFACE((#9638));
#9640=IFCPOLYLOOP((#9437,#9414,#9430));
#9641=IFCFACEOUTERBOUND(#9640,.T.);
#9642=IFCFACE((#9641));
#9643=IFCPOLYLOOP((#9413,#9414,#9437));
#9644=IFCFACEOUTERBOUND(#9643,.T.);
#9645=IFCFACE((#9644));
#9646=IFCPOLYLOOP((#9423,#9411,#9421));
#9647=IFCFACEOUTERBOUND(#9646,.T.);
#9648=IFCFACE((#9647));
#9649=IFCPOLYLOOP((#9407,#9427,#9438));
#9650=IFCFACEOUTERBOUND(#9649,.T.);
#9651=IFCFACE((#9650));
#9652=IFCPOLYLOOP((#9421,#9411,#9412));
#9653=IFCFACEOUTERBOUND(#9652,.T.);
#9654=IFCFACE((#9653));
#9655=IFCPOLYLOOP((#9430,#9407,#9437));
#9656=IFCFACEOUTERBOUND(#9655,.T.);
#9657=IFCFACE((#9656));
#9658=IFCPOLYLOOP((#9409,#9425,#9408));
#9659=IFCFACEOUTERBOUND(#9658,.T.);
#9660=IFCFACE((#9659));
#9661=IFCPOLYLOOP((#9427,#9433,#9435));
#9662=IFCFACEOUTERBOUND(#9661,.T.);
#9663=IFCFACE((#9662));
#9664=IFCPOLYLOOP((#9431,#9439,#9428));
#9665=IFCFACEOUTERBOUND(#9664,.T.);
#9666=IFCFACE((#9665));
#9667=IFCPOLYLOOP((#9420,#9383,#9422));
#9668=IFCFACEOUTERBOUND(#9667,.T.);
#9669=IFCFACE((#9668));
#9670=IFCPOLYLOOP((#9434,#9392,#9391));
#9671=IFCFACEOUTERBOUND(#9670,.T.);
#9672=IFCFACE((#9671));
#9673=IFCPOLYLOOP((#9426,#9438,#9436,#9439));
#9674=IFCFACEOUTERBOUND(#9673,.T.);
#9675=IFCFACE((#9674));
#9676=IFCPOLYLOOP((#9418,#9433,#9427));
#9677=IFCFACEOUTERBOUND(#9676,.T.);
#9678=IFCFACE((#9677));
#9679=IFCPOLYLOOP((#9423,#9410,#9411));
#9680=IFCFACEOUTERBOUND(#9679,.T.);
#9681=IFCFACE((#9680));
#9682=IFCPOLYLOOP((#9419,#9404,#9433));
#9683=IFCFACEOUTERBOUND(#9682,.T.);
#9684=IFCFACE((#9683));
#9685=IFCPOLYLOOP((#9410,#9425,#9409));
#9686=IFCFACEOUTERBOUND(#9685,.T.);
#9687=IFCFACE((#9686));
#9688=IFCPOLYLOOP((#9430,#9417,#9427));
#9689=IFCFACEOUTERBOUND(#9688,.T.);
#9690=IFCFACE((#9689));
#9691=IFCPOLYLOOP((#9424,#9422,#9382));
#9692=IFCFACEOUTERBOUND(#9691,.T.);
#9693=IFCFACE((#9692));
#9694=IFCPOLYLOOP((#9417,#9418,#9427));
#9695=IFCFACEOUTERBOUND(#9694,.T.);
#9696=IFCFACE((#9695));
#9697=IFCPOLYLOOP((#9423,#9425,#9410));
#9698=IFCFACEOUTERBOUND(#9697,.T.);
#9699=IFCFACE((#9698));
#9700=IFCPOLYLOOP((#9416,#9430,#9415));
#9701=IFCFACEOUTERBOUND(#9700,.T.);
#9702=IFCFACE((#9701));
#9703=IFCPOLYLOOP((#9414,#9415,#9430));
#9704=IFCFACEOUTERBOUND(#9703,.T.);
#9705=IFCFACE((#9704));
#9706=IFCPOLYLOOP((#9390,#9389,#9431));
#9707=IFCFACEOUTERBOUND(#9706,.T.);
#9708=IFCFACE((#9707));
#9709=IFCPOLYLOOP((#9405,#9435,#9433));
#9710=IFCFACEOUTERBOUND(#9709,.T.);
#9711=IFCFACE((#9710));
#9712=IFCPOLYLOOP((#9391,#9390,#9434));
#9713=IFCFACEOUTERBOUND(#9712,.T.);
#9714=IFCFACE((#9713));
#9715=IFCPOLYLOOP((#9439,#9431,#9406));
#9716=IFCFACEOUTERBOUND(#9715,.T.);
#9717=IFCFACE((#9716));
#9718=IFCPOLYLOOP((#9405,#9392,#9434));
#9719=IFCFACEOUTERBOUND(#9718,.T.);
#9720=IFCFACE((#9719));
#9721=IFCPOLYLOOP((#9455,#9406,#9429,#9420));
#9722=IFCFACEOUTERBOUND(#9721,.T.);
#9723=IFCFACE((#9722));
#9724=IFCPOLYLOOP((#9451,#9456,#9458));
#9725=IFCFACEOUTERBOUND(#9724,.T.);
#9726=IFCFACE((#9725));
#9727=IFCPOLYLOOP((#9405,#9404,#9457));
#9728=IFCFACEOUTERBOUND(#9727,.T.);
#9729=IFCFACE((#9728));
#9730=IFCPOLYLOOP((#9454,#9395,#9394));
#9731=IFCFACEOUTERBOUND(#9730,.T.);
#9732=IFCFACE((#9731));
#9733=IFCPOLYLOOP((#9451,#9454,#9456));
#9734=IFCFACEOUTERBOUND(#9733,.T.);
#9735=IFCFACE((#9734));
#9736=IFCPOLYLOOP((#9441,#9452,#9457));
#9737=IFCFACEOUTERBOUND(#9736,.T.);
#9738=IFCFACE((#9737));
#9739=IFCPOLYLOOP((#9394,#9456,#9454));
#9740=IFCFACEOUTERBOUND(#9739,.T.);
#9741=IFCFACE((#9740));
#9742=IFCPOLYLOOP((#9459,#9451,#9458));
#9743=IFCFACEOUTERBOUND(#9742,.T.);
#9744=IFCFACE((#9743));
#9745=IFCPOLYLOOP((#9393,#9456,#9394));
#9746=IFCFACEOUTERBOUND(#9745,.T.);
#9747=IFCFACE((#9746));
#9748=IFCPOLYLOOP((#9405,#9457,#9458));
#9749=IFCFACEOUTERBOUND(#9748,.T.);
#9750=IFCFACE((#9749));
#9751=IFCPOLYLOOP((#9459,#9458,#9452));
#9752=IFCFACEOUTERBOUND(#9751,.T.);
#9753=IFCFACE((#9752));
#9754=IFCPOLYLOOP((#9457,#9404,#9440));
#9755=IFCFACEOUTERBOUND(#9754,.T.);
#9756=IFCFACE((#9755));
#9757=IFCPOLYLOOP((#9424,#9380,#9403));
#9758=IFCFACEOUTERBOUND(#9757,.T.);
#9759=IFCFACE((#9758));
#9760=IFCPOLYLOOP((#9407,#9452,#9453));
#9761=IFCFACEOUTERBOUND(#9760,.T.);
#9762=IFCFACE((#9761));
#9763=IFCPOLYLOOP((#9437,#9407,#9453));
#9764=IFCFACEOUTERBOUND(#9763,.T.);
#9765=IFCFACE((#9764));
#9766=IFCPOLYLOOP((#9401,#9420,#9422));
#9767=IFCFACEOUTERBOUND(#9766,.T.);
#9768=IFCFACE((#9767));
#9769=IFCPOLYLOOP((#9398,#9455,#9399));
#9770=IFCFACEOUTERBOUND(#9769,.T.);
#9771=IFCFACE((#9770));
#9772=IFCPOLYLOOP((#9452,#9407,#9438));
#9773=IFCFACEOUTERBOUND(#9772,.T.);
#9774=IFCFACE((#9773));
#9775=IFCPOLYLOOP((#9420,#9401,#9400));
#9776=IFCFACEOUTERBOUND(#9775,.T.);
#9777=IFCFACE((#9776));
#9778=IFCPOLYLOOP((#9400,#9399,#9420));
#9779=IFCFACEOUTERBOUND(#9778,.T.);
#9780=IFCFACE((#9779));
#9781=IFCPOLYLOOP((#9454,#9439,#9406));
#9782=IFCFACEOUTERBOUND(#9781,.T.);
#9783=IFCFACE((#9782));
#9784=IFCPOLYLOOP((#9445,#9446,#9437));
#9785=IFCFACEOUTERBOUND(#9784,.T.);
#9786=IFCFACE((#9785));
#9787=IFCPOLYLOOP((#9399,#9455,#9420));
#9788=IFCFACEOUTERBOUND(#9787,.T.);
#9789=IFCFACE((#9788));
#9790=IFCPOLYLOOP((#9458,#9457,#9452));
#9791=IFCFACEOUTERBOUND(#9790,.T.);
#9792=IFCFACE((#9791));
#9793=IFCPOLYLOOP((#9405,#9458,#9456));
#9794=IFCFACEOUTERBOUND(#9793,.T.);
#9795=IFCFACE((#9794));
#9796=IFCPOLYLOOP((#9441,#9457,#9440));
#9797=IFCFACEOUTERBOUND(#9796,.T.);
#9798=IFCFACE((#9797));
#9799=IFCPOLYLOOP((#9452,#9441,#9442));
#9800=IFCFACEOUTERBOUND(#9799,.T.);
#9801=IFCFACE((#9800));
#9802=IFCPOLYLOOP((#9421,#9448,#9423));
#9803=IFCFACEOUTERBOUND(#9802,.T.);
#9804=IFCFACE((#9803));
#9805=IFCPOLYLOOP((#9438,#9459,#9452));
#9806=IFCFACEOUTERBOUND(#9805,.T.);
#9807=IFCFACE((#9806));
#9808=IFCPOLYLOOP((#9393,#9392,#9456));
#9809=IFCFACEOUTERBOUND(#9808,.T.);
#9810=IFCFACE((#9809));
#9811=IFCPOLYLOOP((#9422,#9402,#9401));
#9812=IFCFACEOUTERBOUND(#9811,.T.);
#9813=IFCFACE((#9812));
#9814=IFCPOLYLOOP((#9444,#9453,#9443));
#9815=IFCFACEOUTERBOUND(#9814,.T.);
#9816=IFCFACE((#9815));
#9817=IFCPOLYLOOP((#9422,#9424,#9402));
#9818=IFCFACEOUTERBOUND(#9817,.T.);
#9819=IFCFACE((#9818));
#9820=IFCPOLYLOOP((#9425,#9423,#9449));
#9821=IFCFACEOUTERBOUND(#9820,.T.);
#9822=IFCFACE((#9821));
#9823=IFCPOLYLOOP((#9453,#9442,#9443));
#9824=IFCFACEOUTERBOUND(#9823,.T.);
#9825=IFCFACE((#9824));
#9826=IFCPOLYLOOP((#9402,#9424,#9403));
#9827=IFCFACEOUTERBOUND(#9826,.T.);
#9828=IFCFACE((#9827));
#9829=IFCPOLYLOOP((#9444,#9445,#9453));
#9830=IFCFACEOUTERBOUND(#9829,.T.);
#9831=IFCFACE((#9830));
#9832=IFCPOLYLOOP((#9459,#9439,#9451));
#9833=IFCFACEOUTERBOUND(#9832,.T.);
#9834=IFCFACE((#9833));
#9835=IFCPOLYLOOP((#9426,#9439,#9459,#9438));
#9836=IFCFACEOUTERBOUND(#9835,.T.);
#9837=IFCFACE((#9836));
#9838=IFCPOLYLOOP((#9447,#9448,#9421));
#9839=IFCFACEOUTERBOUND(#9838,.T.);
#9840=IFCFACE((#9839));
#9841=IFCPOLYLOOP((#9421,#9446,#9447));
#9842=IFCFACEOUTERBOUND(#9841,.T.);
#9843=IFCFACE((#9842));
#9844=IFCPOLYLOOP((#9396,#9455,#9397));
#9845=IFCFACEOUTERBOUND(#9844,.T.);
#9846=IFCFACE((#9845));
#9847=IFCPOLYLOOP((#9437,#9446,#9421));
#9848=IFCFACEOUTERBOUND(#9847,.T.);
#9849=IFCFACE((#9848));
#9850=IFCPOLYLOOP((#9449,#9450,#9425));
#9851=IFCFACEOUTERBOUND(#9850,.T.);
#9852=IFCFACE((#9851));
#9853=IFCPOLYLOOP((#9454,#9451,#9439));
#9854=IFCFACEOUTERBOUND(#9853,.T.);
#9855=IFCFACE((#9854));
#9856=IFCPOLYLOOP((#9445,#9437,#9453));
#9857=IFCFACEOUTERBOUND(#9856,.T.);
#9858=IFCFACE((#9857));
#9859=IFCPOLYLOOP((#9455,#9398,#9397));
#9860=IFCFACEOUTERBOUND(#9859,.T.);
#9861=IFCFACE((#9860));
#9862=IFCPOLYLOOP((#9442,#9453,#9452));
#9863=IFCFACEOUTERBOUND(#9862,.T.);
#9864=IFCFACE((#9863));
#9865=IFCPOLYLOOP((#9449,#9423,#9448));
#9866=IFCFACEOUTERBOUND(#9865,.T.);
#9867=IFCFACE((#9866));
#9868=IFCPOLYLOOP((#9450,#9408,#9425));
#9869=IFCFACEOUTERBOUND(#9868,.T.);
#9870=IFCFACE((#9869));
#9871=IFCPOLYLOOP((#9406,#9455,#9454));
#9872=IFCFACEOUTERBOUND(#9871,.T.);
#9873=IFCFACE((#9872));
#9874=IFCPOLYLOOP((#9396,#9395,#9454));
#9875=IFCFACEOUTERBOUND(#9874,.T.);
#9876=IFCFACE((#9875));
#9877=IFCPOLYLOOP((#9392,#9405,#9456));
#9878=IFCFACEOUTERBOUND(#9877,.T.);
#9879=IFCFACE((#9878));
#9880=IFCPOLYLOOP((#9396,#9454,#9455));
#9881=IFCFACEOUTERBOUND(#9880,.T.);
#9882=IFCFACE((#9881));
#9883=IFCPOLYLOOP((#9481,#9482,#9483,#9460,#9461,#9462,#9463,#9464,#9465,#9466,#9467,#9468,#9469,#9470,#9471,#9472,#9473,#9474,#9475,#9476,#9477,#9478,#9479,#9480));
#9884=IFCFACEOUTERBOUND(#9883,.T.);
#9885=IFCFACE((#9884));
#9886=IFCPOLYLOOP((#9483,#9409,#9408,#9460));
#9887=IFCFACEOUTERBOUND(#9886,.T.);
#9888=IFCFACE((#9887));
#9889=IFCPOLYLOOP((#9482,#9410,#9409,#9483));
#9890=IFCFACEOUTERBOUND(#9889,.T.);
#9891=IFCFACE((#9890));
#9892=IFCPOLYLOOP((#9480,#9412,#9411,#9481));
#9893=IFCFACEOUTERBOUND(#9892,.T.);
#9894=IFCFACE((#9893));
#9895=IFCPOLYLOOP((#9481,#9411,#9410,#9482));
#9896=IFCFACEOUTERBOUND(#9895,.T.);
#9897=IFCFACE((#9896));
#9898=IFCPOLYLOOP((#9479,#9413,#9412,#9480));
#9899=IFCFACEOUTERBOUND(#9898,.T.);
#9900=IFCFACE((#9899));
#9901=IFCPOLYLOOP((#9413,#9479,#9478,#9414));
#9902=IFCFACEOUTERBOUND(#9901,.T.);
#9903=IFCFACE((#9902));
#9904=IFCPOLYLOOP((#9476,#9475,#9417,#9416));
#9905=IFCFACEOUTERBOUND(#9904,.T.);
#9906=IFCFACE((#9905));
#9907=IFCPOLYLOOP((#9477,#9476,#9416,#9415));
#9908=IFCFACEOUTERBOUND(#9907,.T.);
#9909=IFCFACE((#9908));
#9910=IFCPOLYLOOP((#9473,#9472,#9404,#9419));
#9911=IFCFACEOUTERBOUND(#9910,.T.);
#9912=IFCFACE((#9911));
#9913=IFCPOLYLOOP((#9474,#9473,#9419,#9418));
#9914=IFCFACEOUTERBOUND(#9913,.T.);
#9915=IFCFACE((#9914));
#9916=IFCPOLYLOOP((#9475,#9474,#9418,#9417));
#9917=IFCFACEOUTERBOUND(#9916,.T.);
#9918=IFCFACE((#9917));
#9919=IFCPOLYLOOP((#9415,#9414,#9478,#9477));
#9920=IFCFACEOUTERBOUND(#9919,.T.);
#9921=IFCFACE((#9920));
#9922=IFCPOLYLOOP((#9404,#9472,#9471,#9440));
#9923=IFCFACEOUTERBOUND(#9922,.T.);
#9924=IFCFACE((#9923));
#9925=IFCPOLYLOOP((#9470,#9441,#9440,#9471));
#9926=IFCFACEOUTERBOUND(#9925,.T.);
#9927=IFCFACE((#9926));
#9928=IFCPOLYLOOP((#9468,#9467,#9444,#9443));
#9929=IFCFACEOUTERBOUND(#9928,.T.);
#9930=IFCFACE((#9929));
#9931=IFCPOLYLOOP((#9469,#9468,#9443,#9442));
#9932=IFCFACEOUTERBOUND(#9931,.T.);
#9933=IFCFACE((#9932));
#9934=IFCPOLYLOOP((#9441,#9470,#9469,#9442));
#9935=IFCFACEOUTERBOUND(#9934,.T.);
#9936=IFCFACE((#9935));
#9937=IFCPOLYLOOP((#9444,#9467,#9466,#9445));
#9938=IFCFACEOUTERBOUND(#9937,.T.);
#9939=IFCFACE((#9938));
#9940=IFCPOLYLOOP((#9464,#9463,#9448,#9447));
#9941=IFCFACEOUTERBOUND(#9940,.T.);
#9942=IFCFACE((#9941));
#9943=IFCPOLYLOOP((#9465,#9464,#9447,#9446));
#9944=IFCFACEOUTERBOUND(#9943,.T.);
#9945=IFCFACE((#9944));
#9946=IFCPOLYLOOP((#9461,#9460,#9408,#9450));
#9947=IFCFACEOUTERBOUND(#9946,.T.);
#9948=IFCFACE((#9947));
#9949=IFCPOLYLOOP((#9462,#9461,#9450,#9449));
#9950=IFCFACEOUTERBOUND(#9949,.T.);
#9951=IFCFACE((#9950));
#9952=IFCPOLYLOOP((#9463,#9462,#9449,#9448));
#9953=IFCFACEOUTERBOUND(#9952,.T.);
#9954=IFCFACE((#9953));
#9955=IFCPOLYLOOP((#9465,#9446,#9445,#9466));
#9956=IFCFACEOUTERBOUND(#9955,.T.);
#9957=IFCFACE((#9956));
#9958=IFCCARTESIANPOINT((0.30613312007869298,0.57833005249343561,3.3333333333333424));
#9959=IFCCARTESIANPOINT((0.30948687733370583,0.57833005249343561,3.3588076487961889));
#9960=IFCCARTESIANPOINT((0.31931959608416127,0.57833005249343561,3.3825459317585391));
#9961=IFCCARTESIANPOINT((0.33496119279655212,0.57833005249343561,3.4029304574658767));
#9962=IFCCARTESIANPOINT((0.35534571850388952,0.57833005249343561,3.4185720541782678));
#9963=IFCCARTESIANPOINT((0.37908400146623977,0.57833005249343561,3.4284047729287233));
#9964=IFCCARTESIANPOINT((0.40455831692908628,0.57833005249343561,3.4317585301837363));
#9965=IFCCARTESIANPOINT((0.43003263239193279,0.57833005249343561,3.4284047729287237));
#9966=IFCCARTESIANPOINT((0.45377091535428304,0.57833005249343561,3.4185720541782683));
#9967=IFCCARTESIANPOINT((0.47415544106162044,0.57833005249343561,3.4029304574658772));
#9968=IFCCARTESIANPOINT((0.48979703777401129,0.57833005249343561,3.38254593175854));
#9969=IFCCARTESIANPOINT((0.49962975652446717,0.57833005249343561,3.3588076487961898));
#9970=IFCCARTESIANPOINT((0.50298351377948025,0.57833005249343561,3.3333333333333428));
#9971=IFCCARTESIANPOINT((0.49962975652446739,0.57833005249343561,3.3078590178704963));
#9972=IFCCARTESIANPOINT((0.48979703777401173,0.57833005249343561,3.284120734908146));
#9973=IFCCARTESIANPOINT((0.47415544106162089,0.57833005249343561,3.2637362092008089));
#9974=IFCCARTESIANPOINT((0.45377091535428349,0.57833005249343561,3.2480946124884178));
#9975=IFCCARTESIANPOINT((0.43003263239193323,0.57833005249343561,3.2382618937379619));
#9976=IFCCARTESIANPOINT((0.40455831692908673,0.57833005249343561,3.2349081364829493));
#9977=IFCCARTESIANPOINT((0.37908400146624022,0.57833005249343561,3.2382618937379619));
#9978=IFCCARTESIANPOINT((0.35534571850388996,0.57833005249343561,3.2480946124884178));
#9979=IFCCARTESIANPOINT((0.33496119279655256,0.57833005249343561,3.2637362092008084));
#9980=IFCCARTESIANPOINT((0.31931959608416172,0.57833005249343561,3.2841207349081456));
#9981=IFCCARTESIANPOINT((0.30948687733370583,0.57833005249343561,3.3078590178704959));
#9982=IFCCARTESIANPOINT((0.30613312007869298,0.55208333333333071,3.3333333333333424));
#9983=IFCCARTESIANPOINT((0.30948687733370583,0.55208333333333071,3.3078590178704959));
#9984=IFCCARTESIANPOINT((0.31931959608416172,0.55208333333333071,3.2841207349081456));
#9985=IFCCARTESIANPOINT((0.33496119279655256,0.55208333333333071,3.2637362092008084));
#9986=IFCCARTESIANPOINT((0.35534571850388996,0.55208333333333071,3.2480946124884178));
#9987=IFCCARTESIANPOINT((0.37908400146624022,0.55208333333333071,3.2382618937379619));
#9988=IFCCARTESIANPOINT((0.40455831692908673,0.55208333333333071,3.2349081364829493));
#9989=IFCCARTESIANPOINT((0.43003263239193323,0.55208333333333071,3.2382618937379619));
#9990=IFCCARTESIANPOINT((0.45377091535428349,0.55208333333333071,3.2480946124884178));
#9991=IFCCARTESIANPOINT((0.47415544106162089,0.55208333333333071,3.2637362092008089));
#9992=IFCCARTESIANPOINT((0.48979703777401173,0.55208333333333071,3.284120734908146));
#9993=IFCCARTESIANPOINT((0.49962975652446739,0.55208333333333071,3.3078590178704963));
#9994=IFCCARTESIANPOINT((0.50298351377948025,0.55208333333333071,3.3333333333333433));
#9995=IFCCARTESIANPOINT((0.49962975652446717,0.55208333333333071,3.3588076487961898));
#9996=IFCCARTESIANPOINT((0.48979703777401129,0.55208333333333071,3.38254593175854));
#9997=IFCCARTESIANPOINT((0.47415544106162044,0.55208333333333071,3.4029304574658772));
#9998=IFCCARTESIANPOINT((0.45377091535428304,0.55208333333333071,3.4185720541782683));
#9999=IFCCARTESIANPOINT((0.43003263239193279,0.55208333333333071,3.4284047729287237));
#10000=IFCCARTESIANPOINT((0.40455831692908628,0.55208333333333071,3.4317585301837363));
#10001=IFCCARTESIANPOINT((0.37908400146623977,0.55208333333333071,3.4284047729287233));
#10002=IFCCARTESIANPOINT((0.35534571850388952,0.55208333333333071,3.4185720541782678));
#10003=IFCCARTESIANPOINT((0.33496119279655212,0.55208333333333071,3.4029304574658767));
#10004=IFCCARTESIANPOINT((0.31931959608416127,0.55208333333333071,3.3825459317585391));
#10005=IFCCARTESIANPOINT((0.30948687733370583,0.55208333333333071,3.3588076487961889));
#10006=IFCPOLYLOOP((#9965,#9966,#9967,#9968,#9969,#9970,#9971,#9972,#9973,#9974,#9975,#9976,#9977,#9978,#9979,#9980,#9981,#9958,#9959,#9960,#9961,#9962,#9963,#9964));
#10007=IFCFACEOUTERBOUND(#10006,.T.);
#10008=IFCFACE((#10007));
#10009=IFCPOLYLOOP((#9989,#9990,#9991,#9992,#9993,#9994,#9995,#9996,#9997,#9998,#9999,#10000,#10001,#10002,#10003,#10004,#10005,#9982,#9983,#9984,#9985,#9986,#9987,#9988));
#10010=IFCFACEOUTERBOUND(#10009,.T.);
#10011=IFCFACE((#10010));
#10012=IFCPOLYLOOP((#10005,#9959,#9958,#9982));
#10013=IFCFACEOUTERBOUND(#10012,.T.);
#10014=IFCFACE((#10013));
#10015=IFCPOLYLOOP((#10004,#9960,#9959,#10005));
#10016=IFCFACEOUTERBOUND(#10015,.T.);
#10017=IFCFACE((#10016));
#10018=IFCPOLYLOOP((#9962,#9961,#10003,#10002));
#10019=IFCFACEOUTERBOUND(#10018,.T.);
#10020=IFCFACE((#10019));
#10021=IFCPOLYLOOP((#10004,#10003,#9961,#9960));
#10022=IFCFACEOUTERBOUND(#10021,.T.);
#10023=IFCFACE((#10022));
#10024=IFCPOLYLOOP((#9963,#9962,#10002,#10001));
#10025=IFCFACEOUTERBOUND(#10024,.T.);
#10026=IFCFACE((#10025));
#10027=IFCPOLYLOOP((#9964,#9963,#10001,#10000));
#10028=IFCFACEOUTERBOUND(#10027,.T.);
#10029=IFCFACE((#10028));
#10030=IFCPOLYLOOP((#9999,#9965,#9964,#10000));
#10031=IFCFACEOUTERBOUND(#10030,.T.);
#10032=IFCFACE((#10031));
#10033=IFCPOLYLOOP((#9998,#9966,#9965,#9999));
#10034=IFCFACEOUTERBOUND(#10033,.T.);
#10035=IFCFACE((#10034));
#10036=IFCPOLYLOOP((#9968,#9967,#9997,#9996));
#10037=IFCFACEOUTERBOUND(#10036,.T.);
#10038=IFCFACE((#10037));
#10039=IFCPOLYLOOP((#9998,#9997,#9967,#9966));
#10040=IFCFACEOUTERBOUND(#10039,.T.);
#10041=IFCFACE((#10040));
#10042=IFCPOLYLOOP((#9969,#9968,#9996,#9995));
#10043=IFCFACEOUTERBOUND(#10042,.T.);
#10044=IFCFACE((#10043));
#10045=IFCPOLYLOOP((#9970,#9969,#9995,#9994));
#10046=IFCFACEOUTERBOUND(#10045,.T.);
#10047=IFCFACE((#10046));
#10048=IFCPOLYLOOP((#9993,#9971,#9970,#9994));
#10049=IFCFACEOUTERBOUND(#10048,.T.);
#10050=IFCFACE((#10049));
#10051=IFCPOLYLOOP((#9992,#9972,#9971,#9993));
#10052=IFCFACEOUTERBOUND(#10051,.T.);
#10053=IFCFACE((#10052));
#10054=IFCPOLYLOOP((#9974,#9973,#9991,#9990));
#10055=IFCFACEOUTERBOUND(#10054,.T.);
#10056=IFCFACE((#10055));
#10057=IFCPOLYLOOP((#9992,#9991,#9973,#9972));
#10058=IFCFACEOUTERBOUND(#10057,.T.);
#10059=IFCFACE((#10058));
#10060=IFCPOLYLOOP((#9975,#9974,#9990,#9989));
#10061=IFCFACEOUTERBOUND(#10060,.T.);
#10062=IFCFACE((#10061));
#10063=IFCPOLYLOOP((#9976,#9975,#9989,#9988));
#10064=IFCFACEOUTERBOUND(#10063,.T.);
#10065=IFCFACE((#10064));
#10066=IFCPOLYLOOP((#9987,#9977,#9976,#9988));
#10067=IFCFACEOUTERBOUND(#10066,.T.);
#10068=IFCFACE((#10067));
#10069=IFCPOLYLOOP((#9986,#9978,#9977,#9987));
#10070=IFCFACEOUTERBOUND(#10069,.T.);
#10071=IFCFACE((#10070));
#10072=IFCPOLYLOOP((#9980,#9979,#9985,#9984));
#10073=IFCFACEOUTERBOUND(#10072,.T.);
#10074=IFCFACE((#10073));
#10075=IFCPOLYLOOP((#9986,#9985,#9979,#9978));
#10076=IFCFACEOUTERBOUND(#10075,.T.);
#10077=IFCFACE((#10076));
#10078=IFCPOLYLOOP((#9981,#9980,#9984,#9983));
#10079=IFCFACEOUTERBOUND(#10078,.T.);
#10080=IFCFACE((#10079));
#10081=IFCPOLYLOOP((#9958,#9981,#9983,#9982));
#10082=IFCFACEOUTERBOUND(#10081,.T.);
#10083=IFCFACE((#10082));
#10084=IFCCARTESIANPOINT((3.1666666666666612,0.39062500000000427,0.));
#10085=IFCCARTESIANPOINT((3.1666666666666612,0.55208333333333792,0.));
#10086=IFCCARTESIANPOINT((3.3333333333333295,0.55208333333333792,0.));
#10087=IFCCARTESIANPOINT((3.3333333333333295,0.07291666666667046,0.));
#10088=IFCCARTESIANPOINT((3.1666666666666616,0.07291666666667046,0.));
#10089=IFCCARTESIANPOINT((3.1666666666666616,0.23437500000000339,0.));
#10090=IFCCARTESIANPOINT((3.1145833333333277,0.23437500000000339,0.));
#10091=IFCCARTESIANPOINT((3.1145833333333277,0.39062500000000427,0.));
#10092=IFCPOLYLOOP((#10084,#10085,#10086,#10087,#10088,#10089,#10090,#10091));
#10093=IFCFACEOUTERBOUND(#10092,.T.);
#10094=IFCFACE((#10093));
#10095=IFCCARTESIANPOINT((3.1666666666666607,0.39062500000000422,7.));
#10096=IFCCARTESIANPOINT((3.1666666666666607,0.55208333333333792,7.));
#10097=IFCPOLYLOOP((#10085,#10084,#10095,#10096));
#10098=IFCFACEOUTERBOUND(#10097,.T.);
#10099=IFCFACE((#10098));
#10100=IFCCARTESIANPOINT((0.16666666666667163,0.55208333333333792,7.));
#10101=IFCCARTESIANPOINT((0.1666666666666714,0.55208333333333792,0.));
#10102=IFCCARTESIANPOINT((0.,0.55208333333333792,0.));
#10103=IFCCARTESIANPOINT((0.,0.55208333333333792,7.3333333333333339));
#10104=IFCCARTESIANPOINT((3.3333333333333295,0.55208333333333792,7.3333333333333339));
#10105=IFCPOLYLOOP((#10086,#10085,#10096,#10100,#10101,#10102,#10103,#10104));
#10106=IFCFACEOUTERBOUND(#10105,.T.);
#10107=IFCFACE((#10106));
#10108=IFCCARTESIANPOINT((3.3333333333333295,0.072916666666666075,7.3333333333333339));
#10109=IFCPOLYLOOP((#10087,#10086,#10104,#10108));
#10110=IFCFACEOUTERBOUND(#10109,.T.);
#10111=IFCFACE((#10110));
#10112=IFCCARTESIANPOINT((0.,0.072916666666670515,7.3333333333333339));
#10113=IFCCARTESIANPOINT((0.,0.07291666666667046,0.));
#10114=IFCCARTESIANPOINT((0.16666666666667118,0.07291666666667046,0.));
#10115=IFCCARTESIANPOINT((0.1666666666666714,0.072916666666670515,7.));
#10116=IFCCARTESIANPOINT((3.1666666666666625,0.072916666666670515,7.));
#10117=IFCPOLYLOOP((#10088,#10087,#10108,#10112,#10113,#10114,#10115,#10116));
#10118=IFCFACEOUTERBOUND(#10117,.T.);
#10119=IFCFACE((#10118));
#10120=IFCCARTESIANPOINT((3.1666666666666625,0.23437500000000333,7.));
#10121=IFCPOLYLOOP((#10089,#10088,#10116,#10120));
#10122=IFCFACEOUTERBOUND(#10121,.T.);
#10123=IFCFACE((#10122));
#10124=IFCCARTESIANPOINT((0.16666666666667163,0.23437500000000333,7.));
#10125=IFCCARTESIANPOINT((0.16666666666667163,0.23437500000000339,0.));
#10126=IFCCARTESIANPOINT((0.21875000000000555,0.23437500000000339,0.));
#10127=IFCCARTESIANPOINT((0.21875000000000555,0.23437500000000333,6.9479166666666856));
#10128=IFCCARTESIANPOINT((3.1145833333333277,0.23437500000000333,6.9479166666666856));
#10129=IFCPOLYLOOP((#10090,#10089,#10120,#10124,#10125,#10126,#10127,#10128));
#10130=IFCFACEOUTERBOUND(#10129,.T.);
#10131=IFCFACE((#10130));
#10132=IFCCARTESIANPOINT((3.1145833333333277,0.39062500000000422,6.9479166666666856));
#10133=IFCPOLYLOOP((#10091,#10090,#10128,#10132));
#10134=IFCFACEOUTERBOUND(#10133,.T.);
#10135=IFCFACE((#10134));
#10136=IFCCARTESIANPOINT((0.21875000000000466,0.39062500000000422,6.9479166666666865));
#10137=IFCCARTESIANPOINT((0.21875000000000466,0.39062500000000427,0.));
#10138=IFCCARTESIANPOINT((0.16666666666667163,0.39062500000000427,0.));
#10139=IFCCARTESIANPOINT((0.16666666666667163,0.39062500000000422,7.));
#10140=IFCPOLYLOOP((#10084,#10091,#10132,#10136,#10137,#10138,#10139,#10095));
#10141=IFCFACEOUTERBOUND(#10140,.T.);
#10142=IFCFACE((#10141));
#10143=IFCPOLYLOOP((#10096,#10095,#10139,#10100));
#10144=IFCFACEOUTERBOUND(#10143,.T.);
#10145=IFCFACE((#10144));
#10146=IFCPOLYLOOP((#10116,#10115,#10124,#10120));
#10147=IFCFACEOUTERBOUND(#10146,.T.);
#10148=IFCFACE((#10147));
#10149=IFCPOLYLOOP((#10128,#10127,#10136,#10132));
#10150=IFCFACEOUTERBOUND(#10149,.T.);
#10151=IFCFACE((#10150));
#10152=IFCPOLYLOOP((#10102,#10101,#10138,#10137,#10126,#10125,#10114,#10113));
#10153=IFCFACEOUTERBOUND(#10152,.T.);
#10154=IFCFACE((#10153));
#10155=IFCPOLYLOOP((#10101,#10100,#10139,#10138));
#10156=IFCFACEOUTERBOUND(#10155,.T.);
#10157=IFCFACE((#10156));
#10158=IFCPOLYLOOP((#10103,#10102,#10113,#10112));
#10159=IFCFACEOUTERBOUND(#10158,.T.);
#10160=IFCFACE((#10159));
#10161=IFCPOLYLOOP((#10115,#10114,#10125,#10124));
#10162=IFCFACEOUTERBOUND(#10161,.T.);
#10163=IFCFACE((#10162));
#10164=IFCPOLYLOOP((#10127,#10126,#10137,#10136));
#10165=IFCFACEOUTERBOUND(#10164,.T.);
#10166=IFCFACE((#10165));
#10167=IFCPOLYLOOP((#10108,#10104,#10103,#10112));
#10168=IFCFACEOUTERBOUND(#10167,.T.);
#10169=IFCFACE((#10168));
#10170=IFCCARTESIANPOINT((0.16666666666666563,0.40624999999999578,7.));
#10171=IFCCARTESIANPOINT((0.16666666666666563,0.40624999999999578,-0.));
#10172=IFCCARTESIANPOINT((3.1666666666666652,0.40624999999999578,-0.));
#10173=IFCCARTESIANPOINT((3.1666666666666652,0.40624999999999578,7.));
#10174=IFCCARTESIANPOINT((0.66666666666667185,0.40624999999999578,6.5));
#10175=IFCCARTESIANPOINT((1.0833333333333419,0.40624999999999578,6.5));
#10176=IFCCARTESIANPOINT((1.0833333333333419,0.40624999999999578,4.4166666666666643));
#10177=IFCCARTESIANPOINT((0.66666666666667185,0.40624999999999578,4.4166666666666643));
#10178=IFCPOLYLOOP((#10170,#10171,#10172,#10173));
#10179=IFCFACEOUTERBOUND(#10178,.T.);
#10180=IFCPOLYLOOP((#10174,#10175,#10176,#10177));
#10181=IFCFACEBOUND(#10180,.T.);
#10182=IFCFACE((#10179,#10181));
#10183=IFCCARTESIANPOINT((0.16666666666666563,0.55208333333332826,7.));
#10184=IFCCARTESIANPOINT((3.1666666666666652,0.55208333333332826,7.));
#10185=IFCCARTESIANPOINT((3.1666666666666652,0.55208333333332826,-0.));
#10186=IFCCARTESIANPOINT((0.16666666666666563,0.55208333333332826,-0.));
#10187=IFCCARTESIANPOINT((0.66666666666667185,0.55208333333332826,6.5));
#10188=IFCCARTESIANPOINT((0.66666666666667185,0.55208333333332826,4.4166666666666643));
#10189=IFCCARTESIANPOINT((1.0833333333333419,0.55208333333332826,4.4166666666666643));
#10190=IFCCARTESIANPOINT((1.0833333333333419,0.55208333333332826,6.5));
#10191=IFCPOLYLOOP((#10183,#10184,#10185,#10186));
#10192=IFCFACEOUTERBOUND(#10191,.T.);
#10193=IFCPOLYLOOP((#10187,#10188,#10189,#10190));
#10194=IFCFACEBOUND(#10193,.T.);
#10195=IFCFACE((#10192,#10194));
#10196=IFCPOLYLOOP((#10171,#10170,#10183,#10186));
#10197=IFCFACEOUTERBOUND(#10196,.T.);
#10198=IFCFACE((#10197));
#10199=IFCPOLYLOOP((#10172,#10171,#10186,#10185));
#10200=IFCFACEOUTERBOUND(#10199,.T.);
#10201=IFCFACE((#10200));
#10202=IFCPOLYLOOP((#10173,#10172,#10185,#10184));
#10203=IFCFACEOUTERBOUND(#10202,.T.);
#10204=IFCFACE((#10203));
#10205=IFCPOLYLOOP((#10170,#10173,#10184,#10183));
#10206=IFCFACEOUTERBOUND(#10205,.T.);
#10207=IFCFACE((#10206));
#10208=IFCPOLYLOOP((#10175,#10174,#10187,#10190));
#10209=IFCFACEOUTERBOUND(#10208,.T.);
#10210=IFCFACE((#10209));
#10211=IFCPOLYLOOP((#10176,#10175,#10190,#10189));
#10212=IFCFACEOUTERBOUND(#10211,.T.);
#10213=IFCFACE((#10212));
#10214=IFCPOLYLOOP((#10177,#10176,#10189,#10188));
#10215=IFCFACEOUTERBOUND(#10214,.T.);
#10216=IFCFACE((#10215));
#10217=IFCPOLYLOOP((#10174,#10177,#10188,#10187));
#10218=IFCFACEOUTERBOUND(#10217,.T.);
#10219=IFCFACE((#10218));
#10220=IFCCARTESIANPOINT((0.6666666666666714,0.46875000000004585,6.5));
#10221=IFCCARTESIANPOINT((0.6666666666666714,0.46875000000004585,4.4166666666666643));
#10222=IFCCARTESIANPOINT((1.0833333333333408,0.46875000000004452,4.4166666666666643));
#10223=IFCCARTESIANPOINT((1.0833333333333408,0.46875000000004452,6.5));
#10224=IFCPOLYLOOP((#10220,#10221,#10222,#10223));
#10225=IFCFACEOUTERBOUND(#10224,.T.);
#10226=IFCFACE((#10225));
#10227=IFCCARTESIANPOINT((0.6666666666666714,0.48958333333337917,6.5));
#10228=IFCCARTESIANPOINT((1.083333333333341,0.48958333333337783,6.5));
#10229=IFCCARTESIANPOINT((1.083333333333341,0.48958333333337783,4.4166666666666643));
#10230=IFCCARTESIANPOINT((0.6666666666666714,0.48958333333337917,4.4166666666666643));
#10231=IFCPOLYLOOP((#10227,#10228,#10229,#10230));
#10232=IFCFACEOUTERBOUND(#10231,.T.);
#10233=IFCFACE((#10232));
#10234=IFCPOLYLOOP((#10221,#10220,#10227,#10230));
#10235=IFCFACEOUTERBOUND(#10234,.T.);
#10236=IFCFACE((#10235));
#10237=IFCPOLYLOOP((#10222,#10221,#10230,#10229));
#10238=IFCFACEOUTERBOUND(#10237,.T.);
#10239=IFCFACE((#10238));
#10240=IFCPOLYLOOP((#10223,#10222,#10229,#10228));
#10241=IFCFACEOUTERBOUND(#10240,.T.);
#10242=IFCFACE((#10241));
#10243=IFCPOLYLOOP((#10220,#10223,#10228,#10227));
#10244=IFCFACEOUTERBOUND(#10243,.T.);
#10245=IFCFACE((#10244));
#10246=IFCCARTESIANPOINT((0.66666666666667551,0.468749999999999,4.4166666666666661));
#10247=IFCCARTESIANPOINT((0.66666666666667496,0.406249999999999,4.4166666666666661));
#10248=IFCCARTESIANPOINT((0.66666666666667429,0.406249999999999,6.4999999999999973));
#10249=IFCCARTESIANPOINT((0.66666666666667473,0.468749999999999,6.4999999999999964));
#10250=IFCCARTESIANPOINT((0.70603674540683259,0.40296916010498546,4.4560367454068235));
#10251=IFCCARTESIANPOINT((0.70603674540683325,0.46874999999999856,4.4560367454068244));
#10252=IFCCARTESIANPOINT((0.70603674540683325,0.46874999999999856,6.460629921259839));
#10253=IFCCARTESIANPOINT((0.70603674540683259,0.40296916010498568,6.4606299212598399));
#10254=IFCCARTESIANPOINT((0.68963254593176704,0.38656496062992002,4.439632545931758));
#10255=IFCCARTESIANPOINT((0.70123206662052262,0.39136963941622993,4.4512320666205136));
#10256=IFCCARTESIANPOINT((0.70123206662052262,0.39136963941622999,6.4654346000461498));
#10257=IFCCARTESIANPOINT((0.68963254593176648,0.38656496062992007,6.4770341207349063));
#10258=IFCCARTESIANPOINT((0.68963254593176671,0.38656496062992007,5.4642636132556319));
#10259=IFCCARTESIANPOINT((0.68963254593176693,0.38656496062992007,4.9519481042028097));
#10260=IFCCARTESIANPOINT((0.68963254593176659,0.38656496062992007,5.9647186116820841));
#10261=IFCCARTESIANPOINT((0.70603674540683259,0.40296916010498562,5.458333339253743));
#10262=IFCCARTESIANPOINT((0.70603674540683259,0.40296916010498562,4.9571850423302841));
#10263=IFCCARTESIANPOINT((0.70603674540683259,0.40296916010498568,5.9594816243363802));
#10264=IFCCARTESIANPOINT((0.68963254593176659,0.38656496062992007,6.2208763662084952));
#10265=IFCCARTESIANPOINT((0.70603674540683259,0.40296916010498568,6.2100557668776988));
#10266=IFCCARTESIANPOINT((0.70603674540683259,0.40296916010498568,6.3325510444676834));
#10267=IFCCARTESIANPOINT((0.68963254593176693,0.38656496062992002,4.6957903496763995));
#10268=IFCCARTESIANPOINT((0.70603674540683259,0.40296916010498562,4.7066108879481421));
#10269=IFCCARTESIANPOINT((0.70603674540683259,0.40296916010498562,4.8318979710596235));
#10270=IFCCARTESIANPOINT((0.68963254593176704,0.38656496062992002,4.5677114231949636));
#10271=IFCCARTESIANPOINT((0.70603674540683259,0.40296916010498562,5.2077591967124253));
#10272=IFCCARTESIANPOINT((0.68963254593176682,0.38656496062992007,5.2081058587292217));
#10273=IFCCARTESIANPOINT((0.68963254593176693,0.38656496062992007,5.0800269814660162));
#10274=IFCCARTESIANPOINT((0.68963254593176671,0.38656496062992007,5.714491112468858));
#10275=IFCCARTESIANPOINT((0.70603674540683259,0.40296916010498562,5.7089074817950616));
#10276=IFCCARTESIANPOINT((0.70603674540683259,0.40296916010498562,5.8341945530657213));
#10277=IFCCARTESIANPOINT((0.68963254593176648,0.38656496062992007,6.3489552434717007));
#10278=IFCCARTESIANPOINT((0.70603674540683259,0.40296916010498562,4.5813238166774832));
#10279=IFCCARTESIANPOINT((0.68963254593176693,0.38656496062992002,4.8238692269396051));
#10280=IFCCARTESIANPOINT((0.68963254593176671,0.38656496062992007,5.8396048866845867));
#10281=IFCCARTESIANPOINT((0.7010552310568412,0.39119545954181734,5.7770479795547667));
#10282=IFCCARTESIANPOINT((0.70134958583869367,0.3914883615161579,5.8771804653646154));
#10283=IFCCARTESIANPOINT((0.70113576800094757,0.39127413370720193,5.6800107582576533));
#10284=IFCCARTESIANPOINT((0.70603674540683259,0.40296916010498562,5.5836204105244027));
#10285=IFCCARTESIANPOINT((0.68963254593176671,0.38656496062992007,5.5893773382531302));
#10286=IFCCARTESIANPOINT((0.70155488490833895,0.39170170281660621,6.2713034095269569));
#10287=IFCCARTESIANPOINT((0.68963254593176659,0.38656496062992007,6.0927974889452896));
#10288=IFCCARTESIANPOINT((0.70095115019518828,0.39109536720019727,6.1681306588365388));
#10289=IFCCARTESIANPOINT((0.70603674540683259,0.40296916010498568,6.0847686956070399));
#10290=IFCCARTESIANPOINT((0.70146351099292592,0.39160579677631491,6.3670500901071261));
#10291=IFCCARTESIANPOINT((0.70140119253005651,0.39154126801316441,4.8945415186403238));
#10292=IFCCARTESIANPOINT((0.70111799586098711,0.39125667956749399,4.9945579365639388));
#10293=IFCCARTESIANPOINT((0.70603674540683259,0.40296916010498562,5.082472113600943));
#10294=IFCCARTESIANPOINT((0.70122025776286534,0.3913578425683249,5.1451156632028807));
#10295=IFCCARTESIANPOINT((0.70136120008228586,0.39150022675287055,4.7980420375547883));
#10296=IFCCARTESIANPOINT((0.70123873179634177,0.39137630842411408,5.2434167610616305));
#10297=IFCCARTESIANPOINT((0.68963254593176671,0.38656496062992007,5.3361847359924273));
#10298=IFCCARTESIANPOINT((0.70603674540683259,0.40296916010498562,5.3330462679830841));
#10299=IFCCARTESIANPOINT((0.70133549377768389,0.39147399711642872,5.3956898076894841));
#10300=IFCCARTESIANPOINT((0.70133229045568479,0.391470736800341,5.4926151803553536));
#10301=IFCCARTESIANPOINT((0.70140119265663792,0.39154126814352025,6.0221251688865118));
#10302=IFCCARTESIANPOINT((0.70156283474483561,0.39171012065863364,4.6439673728684854));
#10303=IFCCARTESIANPOINT((0.70142321119106266,0.39156398701726003,4.54839278112249));
#10304=IFCCARTESIANPOINT((0.70123762525749089,0.39137520071824483,5.5882807395152021));
#10305=IFCCARTESIANPOINT((0.64041994750656994,0.39312664041994666,4.3904199475065608));
#10306=IFCCARTESIANPOINT((0.64234181902109388,0.38848683214444457,4.3923418190210848));
#10307=IFCCARTESIANPOINT((0.64698162729659625,0.38656496062992041,4.3969816272965874));
#10308=IFCCARTESIANPOINT((0.64698162729659625,0.38656496062992052,6.519685039370076));
#10309=IFCCARTESIANPOINT((0.64234181902109388,0.38848683214444463,6.5243248476455786));
#10310=IFCCARTESIANPOINT((0.64041994750656994,0.39312664041994672,6.5262467191601026));
#10311=IFCCARTESIANPOINT((0.64041994750656994,0.39312664041994672,5.458333326868976));
#10312=IFCCARTESIANPOINT((0.64041994750656994,0.39312664041994672,4.9243766307234118));
#10313=IFCCARTESIANPOINT((0.64041994750656994,0.39312664041994672,5.9922900230145393));
#10314=IFCCARTESIANPOINT((0.64698162729659625,0.38656496062992046,5.4583333333333321));
#10315=IFCCARTESIANPOINT((0.64698162729659625,0.38656496062992046,4.9276574862295472));
#10316=IFCCARTESIANPOINT((0.64698162729659625,0.38656496062992052,5.9890091804371162));
#10317=IFCCARTESIANPOINT((0.64698162729659625,0.38656496062992052,6.2543471039890086));
#10318=IFCCARTESIANPOINT((0.64041994750656994,0.39312664041994672,6.2592683710873205));
#10319=IFCCARTESIANPOINT((0.64041994750656994,0.39312664041994672,6.1257791970509299));
#10320=IFCCARTESIANPOINT((0.64698162729659625,0.38656496062992052,6.1216781422130619));
#10321=IFCCARTESIANPOINT((0.64698162729659625,0.38656496062992041,4.6623195626776548));
#10322=IFCCARTESIANPOINT((0.64041994750656994,0.39312664041994666,4.6573982826506306));
#10323=IFCCARTESIANPOINT((0.64041994750656994,0.39312664041994666,4.5524283352354562));
#10324=IFCCARTESIANPOINT((0.64698162729659625,0.38656496062992041,4.529650600901709));
#10325=IFCCARTESIANPOINT((0.64698162729659625,0.38656496062992046,5.7236712568852237));
#10326=IFCCARTESIANPOINT((0.64041994750656994,0.39312664041994672,5.7253116749417572));
#10327=IFCCARTESIANPOINT((0.64041994750656994,0.39312664041994672,5.5918225009053666));
#10328=IFCCARTESIANPOINT((0.64698162729659625,0.38656496062992046,5.5910022951092779));
#10329=IFCCARTESIANPOINT((0.64698162729659625,0.38656496062992046,5.1929954097814397));
#10330=IFCCARTESIANPOINT((0.64041994750656994,0.39312664041994666,5.1913549787961939));
#10331=IFCCARTESIANPOINT((0.64041994750656994,0.39312664041994672,5.0578658047598033));
#10332=IFCCARTESIANPOINT((0.64698162729659625,0.38656496062992046,5.060326448005493));
#10333=IFCCARTESIANPOINT((0.64698162729659625,0.38656496062992052,6.3870160657649535));
#10334=IFCCARTESIANPOINT((0.64041994750656994,0.39312664041994672,6.3927575451237111));
#10335=IFCCARTESIANPOINT((0.64041994750656994,0.39312664041994672,6.3260129516411601));
#10336=IFCCARTESIANPOINT((0.64041994750656994,0.39312664041994666,4.4714241349066519));
#10337=IFCCARTESIANPOINT((0.64698162729659625,0.38656496062992041,4.4633161081845607));
#10338=IFCCARTESIANPOINT((0.64041994750656994,0.39312664041994672,6.4452425188312992));
#10339=IFCCARTESIANPOINT((0.64698162729659625,0.38656496062992052,6.4533505584821027));
#10340=IFCCARTESIANPOINT((0.64698162729659625,0.38656496062992046,4.7949885244536015));
#10341=IFCCARTESIANPOINT((0.64041994750656994,0.39312664041994666,4.7908874566870212));
#10342=IFCCARTESIANPOINT((0.64041994750656994,0.39312664041994666,4.7241428632044702));
#10343=IFCCARTESIANPOINT((0.64698162729659625,0.38656496062992046,5.8563402186611695));
#10344=IFCCARTESIANPOINT((0.64041994750656994,0.39312664041994672,5.8588008489781478));
#10345=IFCCARTESIANPOINT((0.64041994750656994,0.39312664041994672,5.7920562554955968));
#10346=IFCCARTESIANPOINT((0.64041994750656994,0.39312664041994672,5.3248441528325845));
#10347=IFCCARTESIANPOINT((0.64698162729659625,0.38656496062992046,5.3256643715573855));
#10348=IFCCARTESIANPOINT((0.64698162729659625,0.38656496062992046,5.3919988524453579));
#10349=IFCCARTESIANPOINT((0.64041994750656994,0.39312664041994666,4.430922047670963));
#10350=IFCCARTESIANPOINT((0.64041994750656994,0.39312664041994672,6.4857446189957004));
#10351=IFCCARTESIANPOINT((0.64698162729659625,0.38656496062992041,4.4374837197101353));
#10352=IFCCARTESIANPOINT((0.64220006281381981,0.38863305802236137,4.4503999183596417));
#10353=IFCCARTESIANPOINT((0.64698162729659625,0.38656496062992041,4.4964833545431349));
#10354=IFCCARTESIANPOINT((0.64041994750656994,0.39312664041994666,4.5119262350710541));
#10355=IFCCARTESIANPOINT((0.64253092423998992,0.38830513816766532,4.5130669735304965));
#10356=IFCCARTESIANPOINT((0.64698162729659625,0.38656496062992052,6.4791829469565281));
#10357=IFCCARTESIANPOINT((0.64220006267770779,0.38863305816719634,6.4662667498331912));
#10358=IFCCARTESIANPOINT((0.64260963911930125,0.38823364940785277,6.4194327148761872));
#10359=IFCCARTESIANPOINT((0.64698162729659625,0.38656496062992046,4.5959850817896823));
#10360=IFCCARTESIANPOINT((0.64274539428196964,0.38811565533589132,4.5536047588777988));
#10361=IFCCARTESIANPOINT((0.64041994750656994,0.39312664041994666,4.6049133089430434));
#10362=IFCCARTESIANPOINT((0.64041994750656994,0.39312664041994672,5.6585670943879176));
#10363=IFCCARTESIANPOINT((0.64698162729659625,0.38656496062992046,5.6573367759972504));
#10364=IFCCARTESIANPOINT((0.64698162729659625,0.38656496062992046,5.5246678142213046));
#10365=IFCCARTESIANPOINT((0.64041994750657016,0.39312664041994666,5.5250779074228147));
#10366=IFCCARTESIANPOINT((0.64041994750656994,0.39312664041994666,5.2580995593500326));
#10367=IFCCARTESIANPOINT((0.64698162729659625,0.38656496062992046,5.259329890669413));
#10368=IFCCARTESIANPOINT((0.64698162729659625,0.38656496062992052,6.0553436613250886));
#10369=IFCCARTESIANPOINT((0.64041994750656994,0.39312664041994672,6.0590346035683789));
#10370=IFCCARTESIANPOINT((0.64041994750656994,0.39312664041994672,4.9911212112772514));
#10371=IFCCARTESIANPOINT((0.64698162729659625,0.38656496062992046,4.9939919671175206));
#10372=IFCCARTESIANPOINT((0.64698162729659625,0.38656496062992046,5.1266609288934664));
#10373=IFCCARTESIANPOINT((0.64041994750656994,0.39312664041994666,5.1246103982423552));
#10374=IFCCARTESIANPOINT((0.64698162729659625,0.38656496062992046,4.8613230053415748));
#10375=IFCCARTESIANPOINT((0.64041994750656994,0.39312664041994672,4.8576320501695722));
#10376=IFCCARTESIANPOINT((0.64041994750656994,0.39312664041994672,5.9255454424606997));
#10377=IFCCARTESIANPOINT((0.64698162729659625,0.38656496062992052,5.9226746995491428));
#10378=IFCCARTESIANPOINT((0.64698162729659625,0.38656496062992052,6.1880126231010353));
#10379=IFCCARTESIANPOINT((0.64041994750656994,0.39312664041994672,6.1925237905334818));
#10380=IFCCARTESIANPOINT((0.64253712049688949,0.38829942580132876,4.6311558134348925));
#10381=IFCCARTESIANPOINT((0.64698162729659625,0.38656496062992041,4.5628178354311082));
#10382=IFCCARTESIANPOINT((0.64228172059116062,0.38854771929952536,4.6689305444897542));
#10383=IFCCARTESIANPOINT((0.64698162729659625,0.38656496062992046,4.7286540435656281));
#10384=IFCCARTESIANPOINT((0.64698162729659625,0.38656496062992041,4.695486797207054));
#10385=IFCCARTESIANPOINT((0.64243022538792283,0.38840007905542773,4.7120704228589609));
#10386=IFCCARTESIANPOINT((0.6423749722844676,0.38845391409947072,4.7601625099523481));
#10387=IFCCARTESIANPOINT((0.64041994750656994,0.39312664041994666,4.6907705729275495));
#10388=IFCCARTESIANPOINT((0.64226083022925118,0.38856925995351804,4.5936950964864165));
#10389=IFCCARTESIANPOINT((0.64228038307315249,0.38854909255909637,6.3819369180974217));
#10390=IFCCARTESIANPOINT((0.64698162729659625,0.38656496062992052,6.3206815848769811));
#10391=IFCCARTESIANPOINT((0.64698162729659625,0.38656496062992052,6.3538488312355561));
#10392=IFCCARTESIANPOINT((0.64244344735463321,0.38838738262138756,6.3372652159943135));
#10393=IFCCARTESIANPOINT((0.64238695909319588,0.38844212702285835,6.2894351572298168));
#10394=IFCCARTESIANPOINT((0.64041994750656994,0.39312664041994666,6.359385241918079));
#10395=IFCCARTESIANPOINT((0.64698162729659625,0.38656496062992052,5.7900057377731962));
#10396=IFCCARTESIANPOINT((0.6424319813460575,0.38839838879893651,5.8231729861163455));
#10397=IFCCARTESIANPOINT((0.64041994750656994,0.39312664041994672,5.3915887463151364));
#10398=IFCCARTESIANPOINT((0.64698162729659625,0.38656496062992052,6.4201833121235286));
#10399=IFCCARTESIANPOINT((0.6422700275590969,0.38855975202844495,5.6919393913242429));
#10400=IFCCARTESIANPOINT((0.64228753079545431,0.38854176313644118,5.625194805098916));
#10401=IFCCARTESIANPOINT((0.64234181881911212,0.38848683234642623,5.4915005797101424));
#10402=IFCCARTESIANPOINT((0.64236017243807608,0.38846855104151068,5.557835060995906));
#10403=IFCCARTESIANPOINT((0.64227002754032192,0.38855975204781479,5.2247272876738551));
#10404=IFCCARTESIANPOINT((0.6423783683170845,0.38845056851776383,5.2924971358217823));
#10405=IFCCARTESIANPOINT((0.64248407317496348,0.38834881156262852,6.0221764299429958));
#10406=IFCCARTESIANPOINT((0.6425010865264813,0.38833285318288913,6.0885109112170248));
#10407=IFCCARTESIANPOINT((0.64220291458301659,0.3886300254188696,4.9577489424793315));
#10408=IFCCARTESIANPOINT((0.64244951781699267,0.38838157716096616,5.02715921048258));
#10409=IFCCARTESIANPOINT((0.64241427559074871,0.3884154898108142,5.1598281731878446));
#10410=IFCCARTESIANPOINT((0.64223589578950624,0.38859523069123619,5.0912381151288191));
#10411=IFCCARTESIANPOINT((0.64248407305908883,0.38834881167170576,4.8944902476162344));
#10412=IFCCARTESIANPOINT((0.64217106518996592,0.38866411491468733,4.8242597695720804));
#10413=IFCCARTESIANPOINT((0.64220291463151624,0.38863002536732744,5.9589177362102479));
#10414=IFCCARTESIANPOINT((0.64221926259347462,0.38861271484443044,5.8921731499904846));
#10415=IFCCARTESIANPOINT((0.64251792026287458,0.38831717463007537,6.1548453924904889));
#10416=IFCCARTESIANPOINT((0.64253457186683582,0.3883017736164508,6.2211798737634725));
#10417=IFCCARTESIANPOINT((0.64698162729659625,0.38656496062992046,4.6291523281482565));
#10418=IFCCARTESIANPOINT((0.64041994750656994,0.39312664041994672,4.7575151534813891));
#10419=IFCCARTESIANPOINT((0.64698162729659625,0.38656496062992046,4.7618212899242032));
#10420=IFCCARTESIANPOINT((0.64041994750656994,0.39312664041994672,6.2926406613642403));
#10421=IFCCARTESIANPOINT((0.64698162729659625,0.38656496062992052,6.2875143385184069));
#10422=IFCCARTESIANPOINT((0.6422528166982604,0.38857757546196864,5.758683977547725));
#10423=IFCCARTESIANPOINT((0.64698162729659625,0.38656496062992046,5.8231729841317712));
#10424=IFCCARTESIANPOINT((0.64041994750656994,0.39312664041994672,5.8254285457725166));
#10425=IFCCARTESIANPOINT((0.64234181876913077,0.38848683239640758,5.4251660984199344));
#10426=IFCCARTESIANPOINT((0.64230532881598368,0.38852361161414295,5.3582164601698041));
#10427=IFCCARTESIANPOINT((0.64041994750656994,0.39312664041994672,5.6919393846648374));
#10428=IFCCARTESIANPOINT((0.64698162729659625,0.38656496062992046,5.6905040223558245));
#10429=IFCCARTESIANPOINT((0.64041994750656972,0.39312664041994672,5.6251948041109987));
#10430=IFCCARTESIANPOINT((0.64698162729659625,0.38656496062992046,5.6241695296386762));
#10431=IFCCARTESIANPOINT((0.64266093242684486,0.38818829682018136,5.6585771286889655));
#10432=IFCCARTESIANPOINT((0.64698162729659625,0.38656496062992046,5.4915005678627304));
#10433=IFCCARTESIANPOINT((0.64041994750656994,0.39312664041994672,5.4917056171458949));
#10434=IFCCARTESIANPOINT((0.64698162729659625,0.38656496062992046,5.5578350605798796));
#10435=IFCCARTESIANPOINT((0.64263404620649167,0.38821195016197485,5.5915480272160201));
#10436=IFCCARTESIANPOINT((0.64041994750656972,0.39312664041994672,5.5584501976997345));
#10437=IFCCARTESIANPOINT((0.64202311621548103,0.38882910513500762,5.5246773250342258));
#10438=IFCCARTESIANPOINT((0.64041994750656994,0.39312664041994672,5.2247272690731137));
#10439=IFCCARTESIANPOINT((0.64698162729659625,0.38656496062992046,5.226162644310838));
#10440=IFCCARTESIANPOINT((0.64698162729659625,0.38656496062992046,5.2924971370279863));
#10441=IFCCARTESIANPOINT((0.64041994750656994,0.39312664041994672,5.2914718496269533));
#10442=IFCCARTESIANPOINT((0.64208219616443096,0.38876187052360528,5.2586527584071527));
#10443=IFCCARTESIANPOINT((0.64698162729659625,0.38656496062992052,6.0221764149665145));
#10444=IFCCARTESIANPOINT((0.64041994750656994,0.39312664041994666,6.0256623132914582));
#10445=IFCCARTESIANPOINT((0.64698162729659625,0.38656496062992052,6.0885109076836637));
#10446=IFCCARTESIANPOINT((0.64041994750656994,0.39312664041994672,6.0924068938452978));
#10447=IFCCARTESIANPOINT((0.64202091523015326,0.38883164595421282,6.055355795031943));
#10448=IFCCARTESIANPOINT((0.64041994750656994,0.39312664041994666,4.9577489210003316));
#10449=IFCCARTESIANPOINT((0.64698162729659625,0.38656496062992046,4.9608247207589464));
#10450=IFCCARTESIANPOINT((0.64698162729659625,0.38656496062992046,5.0271592134760947));
#10451=IFCCARTESIANPOINT((0.64041994750656994,0.39312664041994666,5.0244935015541712));
#10452=IFCCARTESIANPOINT((0.64215445556605522,0.38868208703960516,4.9925169406702157));
#10453=IFCCARTESIANPOINT((0.64698162729659625,0.38656496062992046,5.1598281752520414));
#10454=IFCCARTESIANPOINT((0.64041994750656994,0.39312664041994672,5.1579826885192741));
#10455=IFCCARTESIANPOINT((0.64041994750656994,0.39312664041994672,5.0912381079654345));
#10456=IFCCARTESIANPOINT((0.64698162729659625,0.38656496062992046,5.0934936825348913));
#10457=IFCCARTESIANPOINT((0.64257531153106795,0.3882645397380094,5.1254682128792837));
#10458=IFCCARTESIANPOINT((0.64698162729659625,0.38656496062992046,4.894490251700149));
#10459=IFCCARTESIANPOINT((0.64041994750656994,0.39312664041994666,4.891004340446492));
#10460=IFCCARTESIANPOINT((0.64041994750656994,0.39312664041994666,4.8242597598926533));
#10461=IFCCARTESIANPOINT((0.64698162729659625,0.38656496062992041,4.8281557589829998));
#10462=IFCCARTESIANPOINT((0.64249687539149791,0.38833679261270315,4.8592982078152875));
#10463=IFCCARTESIANPOINT((0.64041994750656972,0.39312664041994672,5.9589177327376195));
#10464=IFCCARTESIANPOINT((0.64698162729659625,0.38656496062992052,5.9558419459077179));
#10465=IFCCARTESIANPOINT((0.64041994750656994,0.39312664041994672,5.8921731521837799));
#10466=IFCCARTESIANPOINT((0.64213616120453776,0.38870203874097603,5.857612574365497));
#10467=IFCCARTESIANPOINT((0.64698162729659625,0.38656496062992046,5.8895074531905687));
#10468=IFCCARTESIANPOINT((0.64266241584099104,0.3881869993329235,5.9255567606293011));
#10469=IFCCARTESIANPOINT((0.64698162729659625,0.38656496062992052,6.1548453767424602));
#10470=IFCCARTESIANPOINT((0.64041994750656994,0.39312664041994672,6.159151500256562));
#10471=IFCCARTESIANPOINT((0.64201904501367824,0.3888338070022484,6.1216905656864853));
#10472=IFCCARTESIANPOINT((0.64698162729659625,0.38656496062992052,6.2211798694596094));
#10473=IFCCARTESIANPOINT((0.64259906949000611,0.38824311415926838,6.2553360765810204));
#10474=IFCCARTESIANPOINT((0.64041994750656994,0.39312664041994672,6.2258960808104007));
#10475=IFCCARTESIANPOINT((0.64201682698353957,0.38883637241919067,6.1880253271916308));
#10476=IFCCARTESIANPOINT((0.64041994750656994,0.39312664041994672,5.7586839652186761));
#10477=IFCCARTESIANPOINT((0.64203393307719647,0.38881665624617573,5.7253053589537561));
#10478=IFCCARTESIANPOINT((0.64698162729659625,0.38656496062992046,5.7568384914146229));
#10479=IFCCARTESIANPOINT((0.64698162729659625,0.38656496062992046,5.425166098803933));
#10480=IFCCARTESIANPOINT((0.64268477233707677,0.38816753978337043,5.4583333390297186));
#10481=IFCCARTESIANPOINT((0.64041994750656994,0.39312664041994672,5.4249610365920553));
#10482=IFCCARTESIANPOINT((0.64041994750656994,0.39312664041994672,5.3582164560382166));
#10483=IFCCARTESIANPOINT((0.64698162729659625,0.38656496062992046,5.3588316060867847));
#10484=IFCCARTESIANPOINT((0.64265360219765766,0.38819471985998261,5.3916735221826046));
#10485=IFCCARTESIANPOINT((0.64041994750656972,0.40624999999999922,4.3904199475065608));
#10486=IFCCARTESIANPOINT((0.64041994750656972,0.40624999999999922,6.5262467191601026));
#10487=IFCCARTESIANPOINT((1.0833333333333384,0.40624999999999767,6.4999999999999973));
#10488=IFCCARTESIANPOINT((1.0833333333333386,0.46874999999999767,6.4999999999999973));
#10489=IFCCARTESIANPOINT((1.043963254593181,0.4687499999999975,6.460629921259839));
#10490=IFCCARTESIANPOINT((1.043963254593181,0.40296916010498451,6.460629921259839));
#10491=IFCCARTESIANPOINT((1.0487679333794906,0.39136963941622882,6.4654346000461498));
#10492=IFCCARTESIANPOINT((1.0603674540682464,0.38656496062991885,6.4770341207349054));
#10493=IFCCARTESIANPOINT((0.91588437020559899,0.4029691601049849,6.460629921259839));
#10494=IFCCARTESIANPOINT((0.87500000189317906,0.38656496062991941,6.4770341207349054));
#10495=IFCCARTESIANPOINT((0.834115629794414,0.40296916010498518,6.460629921259839));
#10496=IFCCARTESIANPOINT((0.8750000078923067,0.39183137071772028,6.4649905578076536));
#10497=IFCCARTESIANPOINT((0.81771142947658682,0.38656496062991963,6.4770341207349054));
#10498=IFCCARTESIANPOINT((0.9322885705234264,0.38656496062991924,6.4770341207349054));
#10499=IFCCARTESIANPOINT((0.78773629061667882,0.39314834032580837,6.4638945142231918));
#10500=IFCCARTESIANPOINT((0.96226371977119485,0.39314834050733483,6.4638945140875146));
#10501=IFCCARTESIANPOINT((1.1030183727034171,0.38656496062991896,6.519685039370076));
#10502=IFCCARTESIANPOINT((1.1076581809789192,0.38848683214444307,6.5243248476455786));
#10503=IFCCARTESIANPOINT((1.1095800524934436,0.39312664041994516,6.5262467191601026));
#10504=IFCCARTESIANPOINT((0.94100997721255242,0.38656496062991952,6.519685039370076));
#10505=IFCCARTESIANPOINT((0.87500000000000666,0.39312664041994594,6.5262467191601026));
#10506=IFCCARTESIANPOINT((0.80242834151712739,0.39312664041994616,6.5262467191601026));
#10507=IFCCARTESIANPOINT((0.99229002624672513,0.39312664041994555,6.5262467191601026));
#10508=IFCCARTESIANPOINT((0.7939958002840668,0.38656496062991996,6.519685039370076));
#10509=IFCCARTESIANPOINT((0.86750288874830961,0.38656496062991974,6.519685039370076));
#10510=IFCCARTESIANPOINT((1.0220141769284923,0.38656496062991924,6.519685039370076));
#10511=IFCCARTESIANPOINT((0.72142414451184844,0.39312664041994638,6.5262467191601026));
#10512=IFCCARTESIANPOINT((0.72048871181982399,0.38656496062992018,6.519685039370076));
#10513=IFCCARTESIANPOINT((0.75724225605194539,0.38656496062992007,6.519685039370076));
#10514=IFCCARTESIANPOINT((1.0285758554881648,0.39312664041994544,6.5262467191601026));
#10515=IFCCARTESIANPOINT((1.0625162728454471,0.38656496062991913,6.519685039370076));
#10516=IFCCARTESIANPOINT((0.68092204600920903,0.39312664041994655,6.5262467191601026));
#10517=IFCCARTESIANPOINT((0.76192624301448786,0.39312664041994627,6.5262467191601026));
#10518=IFCCARTESIANPOINT((1.0690779539908042,0.39312664041994533,6.5262467191601026));
#10519=IFCCARTESIANPOINT((0.68748372715456618,0.3865649606299203,6.519685039370076));
#10520=IFCCARTESIANPOINT((0.703986221926024,0.3885083925172258,6.524346308293433));
#10521=IFCCARTESIANPOINT((1.0104329415539084,0.38862084059228558,6.5244550927848604));
#10522=IFCCARTESIANPOINT((0.9336450131233659,0.39312664041994572,6.5262467191601026));
#10523=IFCCARTESIANPOINT((0.90425643298043101,0.38656496062991963,6.519685039370076));
#10524=IFCCARTESIANPOINT((0.96567769388344638,0.38855488458656973,6.5243919162823003));
#10525=IFCCARTESIANPOINT((0.77561903327236092,0.38838618312730061,6.5242219663392307));
#10526=IFCCARTESIANPOINT((0.92263320843153629,0.38834252645227119,6.5241759073497807));
#10527=IFCCARTESIANPOINT((0.81714217102489095,0.3882756466220757,6.5241035799481244));
#10528=IFCCARTESIANPOINT((0.98151207707052235,0.38656496062991941,6.519685039370076));
#10529=IFCCARTESIANPOINT((0.73990369356536889,0.38905679205400068,6.5248320750164508));
#10530=IFCCARTESIANPOINT((0.83871417075856691,0.39312664041994605,6.5262467191601026));
#10531=IFCCARTESIANPOINT((0.85685708858357346,0.38863534373542591,6.5244687508745942));
#10532=IFCCARTESIANPOINT((0.8307493445161882,0.38656496062991985,6.519685039370076));
#10533=IFCCARTESIANPOINT((1.0705383803656789,0.38844486775610909,6.5242825002335305));
#10534=IFCCARTESIANPOINT((1.1095800524934436,0.40624999999999772,6.5262467191601026));
#10535=IFCCARTESIANPOINT((1.0833333333333384,0.40624999999999767,4.4166666666666661));
#10536=IFCCARTESIANPOINT((1.0833333333333384,0.46874999999999767,4.4166666666666652));
#10537=IFCCARTESIANPOINT((1.043963254593181,0.46874999999999756,4.4560367454068244));
#10538=IFCCARTESIANPOINT((1.0439632545931812,0.40296916010498451,4.4560367454068235));
#10539=IFCCARTESIANPOINT((1.0487679333794908,0.39136963941622882,4.4512320666205136));
#10540=IFCCARTESIANPOINT((1.0603674540682464,0.38656496062991891,4.439632545931758));
#10541=IFCCARTESIANPOINT((1.0603674540682464,0.38656496062991885,5.4524030249338811));
#10542=IFCCARTESIANPOINT((1.0603674540682462,0.38656496062991885,5.9647185728343928));
#10543=IFCCARTESIANPOINT((1.0603674540682464,0.38656496062991891,4.9519480938322697));
#10544=IFCCARTESIANPOINT((1.0439632545931807,0.40296916010498457,5.4583333333333321));
#10545=IFCCARTESIANPOINT((1.0439632545931807,0.40296916010498451,5.9594816332169973));
#10546=IFCCARTESIANPOINT((1.0439632545931807,0.40296916010498463,4.9571850334496661));
#10547=IFCCARTESIANPOINT((1.0603674540682462,0.38656496062991891,4.6957903198820139));
#10548=IFCCARTESIANPOINT((1.0439632545931807,0.40296916010498463,4.7066108894282452));
#10549=IFCCARTESIANPOINT((1.0439632545931807,0.40296916010498463,4.5841156229555224));
#10550=IFCCARTESIANPOINT((1.0603674540682464,0.38656496062991885,6.2208763467846495));
#10551=IFCCARTESIANPOINT((1.0439632545931807,0.40296916010498451,6.2100557772384182));
#10552=IFCCARTESIANPOINT((1.0439632545931805,0.40296916010498451,6.0847687052277086));
#10553=IFCCARTESIANPOINT((1.0603674540682462,0.38656496062991885,6.3489552091506463));
#10554=IFCCARTESIANPOINT((1.0439632545931807,0.40296916010498457,5.7089074891955764));
#10555=IFCCARTESIANPOINT((1.0603674540682462,0.38656496062991885,5.7085607988841378));
#10556=IFCCARTESIANPOINT((1.0603674540682462,0.38656496062991885,5.8366396612501337));
#10557=IFCCARTESIANPOINT((1.0603674540682462,0.38656496062991885,5.2021755593830754));
#10558=IFCCARTESIANPOINT((1.0439632545931807,0.40296916010498457,5.2077591774710879));
#10559=IFCCARTESIANPOINT((1.0439632545931807,0.40296916010498457,5.0824721054603774));
#10560=IFCCARTESIANPOINT((1.0603674540682464,0.38656496062991891,4.5677114575160171));
#10561=IFCCARTESIANPOINT((1.0439632545931807,0.40296916010498451,6.3353428492491295));
#10562=IFCCARTESIANPOINT((1.0603674540682462,0.38656496062991885,6.0927974844186519));
#10563=IFCCARTESIANPOINT((1.0603674540682462,0.38656496062991891,5.0770618019985418));
#10564=IFCCARTESIANPOINT((1.0489447689431719,0.39119545954181634,5.1396186871118967));
#10565=IFCCARTESIANPOINT((1.0486504141613195,0.39148836151615685,5.0394862013020507));
#10566=IFCCARTESIANPOINT((1.0488642319990655,0.39127413370720093,5.2366559084090092));
#10567=IFCCARTESIANPOINT((1.0439632545931807,0.40296916010498457,5.3330462613226208));
#10568=IFCCARTESIANPOINT((1.0603674540682464,0.38656496062991885,5.3272893167676099));
#10569=IFCCARTESIANPOINT((1.0484451150916743,0.39170170281660521,4.6453632571397065));
#10570=IFCCARTESIANPOINT((1.0603674540682464,0.38656496062991891,4.8238691822480106));
#10571=IFCCARTESIANPOINT((1.0490488498048247,0.39109536720019633,4.7485360078301211));
#10572=IFCCARTESIANPOINT((1.0439632545931807,0.40296916010498463,4.8318979614389557));
#10573=IFCCARTESIANPOINT((1.0485364890070872,0.39160579677631396,4.5496165765595391));
#10574=IFCCARTESIANPOINT((1.0485988074699568,0.39154126801316336,6.0221251480263396));
#10575=IFCCARTESIANPOINT((1.0488820041390261,0.39125667956749299,5.9221087301027255));
#10576=IFCCARTESIANPOINT((1.0439632545931807,0.40296916010498451,5.8341945612062869));
#10577=IFCCARTESIANPOINT((1.0487797422371479,0.39135784256832384,5.7715510034637827));
#10578=IFCCARTESIANPOINT((1.0486387999177273,0.3915002267528695,6.1186246291118742));
#10579=IFCCARTESIANPOINT((1.0487612682036715,0.39137630842411303,5.6732499056050338));
#10580=IFCCARTESIANPOINT((1.0603674540682462,0.38656496062991885,5.5804819365181402));
#10581=IFCCARTESIANPOINT((1.0439632545931807,0.40296916010498457,5.5836204053440426));
#10582=IFCCARTESIANPOINT((1.0486645062223294,0.39147399711642766,5.5209768589771793));
#10583=IFCCARTESIANPOINT((1.0486677095443282,0.39147073680033995,5.4240514863113116));
#10584=IFCCARTESIANPOINT((1.0485988073433754,0.39154126814351919,4.8945414977801516));
#10585=IFCCARTESIANPOINT((1.0484371652551776,0.39171012065863253,6.272699293798178));
#10586=IFCCARTESIANPOINT((1.0485767888089508,0.39156398701725892,6.3682738855441725));
#10587=IFCCARTESIANPOINT((1.0487623747425223,0.39137520071824378,5.3283859271514595));
#10588=IFCCARTESIANPOINT((1.103018372703418,0.38656496062991907,4.3969816272965865));
#10589=IFCCARTESIANPOINT((1.1076581809789199,0.38848683214444357,4.3923418190210839));
#10590=IFCCARTESIANPOINT((1.1095800524934432,0.39312664041994516,4.3904199475065608));
#10591=IFCCARTESIANPOINT((1.1095800524934432,0.39312664041994516,5.458333326868976));
#10592=IFCCARTESIANPOINT((1.1095800524934432,0.39312664041994516,5.9922900230145393));
#10593=IFCCARTESIANPOINT((1.1095800524934432,0.39312664041994516,4.9243766307234118));
#10594=IFCCARTESIANPOINT((1.1030183727034175,0.38656496062991902,5.4583333274187389));
#10595=IFCCARTESIANPOINT((1.1030183727034173,0.38656496062991896,5.9890091774798133));
#10596=IFCCARTESIANPOINT((1.1030183727034175,0.38656496062991902,4.9276574773576627));
#10597=IFCCARTESIANPOINT((1.1030183727034177,0.38656496062991907,4.6623195523271246));
#10598=IFCCARTESIANPOINT((1.1095800524934432,0.39312664041994516,4.6573982826506306));
#10599=IFCCARTESIANPOINT((1.1095800524934432,0.39312664041994516,4.7908874566870203));
#10600=IFCCARTESIANPOINT((1.1030183727034177,0.38656496062991902,4.794988520756986));
#10601=IFCCARTESIANPOINT((1.1030183727034171,0.38656496062991896,6.2543471143395379));
#10602=IFCCARTESIANPOINT((1.1095800524934432,0.39312664041994516,6.2592683710873205));
#10603=IFCCARTESIANPOINT((1.1095800524934432,0.39312664041994516,6.3642383185024949));
#10604=IFCCARTESIANPOINT((1.1030183727034171,0.38656496062991902,6.3870160709402137));
#10605=IFCCARTESIANPOINT((1.1030183727034175,0.38656496062991902,5.1929954023882008));
#10606=IFCCARTESIANPOINT((1.1095800524934432,0.39312664041994516,5.1913549787961939));
#10607=IFCCARTESIANPOINT((1.1095800524934432,0.39312664041994516,5.3248441528325845));
#10608=IFCCARTESIANPOINT((1.1030183727034175,0.38656496062991902,5.3256643708180622));
#10609=IFCCARTESIANPOINT((1.1030183727034173,0.38656496062991902,5.7236712524492761));
#10610=IFCCARTESIANPOINT((1.1095800524934432,0.39312664041994516,5.7253116749417572));
#10611=IFCCARTESIANPOINT((1.1095800524934432,0.39312664041994516,5.8588008489781478));
#10612=IFCCARTESIANPOINT((1.1030183727034173,0.38656496062991902,5.8563402208791384));
#10613=IFCCARTESIANPOINT((1.103018372703418,0.38656496062991907,4.5296505838972623));
#10614=IFCCARTESIANPOINT((1.1095800524934432,0.39312664041994516,4.5239091215429514));
#10615=IFCCARTESIANPOINT((1.1095800524934432,0.39312664041994516,4.590653702096791));
#10616=IFCCARTESIANPOINT((1.1095800524934432,0.39312664041994516,6.4452425188312992));
#10617=IFCCARTESIANPOINT((1.1030183727034171,0.38656496062991896,6.4533505492405521));
#10618=IFCCARTESIANPOINT((1.1095800524934432,0.39312664041994516,4.4714241478353642));
#10619=IFCCARTESIANPOINT((1.103018372703418,0.38656496062991907,4.4633161055969239));
#10620=IFCCARTESIANPOINT((1.1030183727034173,0.38656496062991896,6.1216781459096756));
#10621=IFCCARTESIANPOINT((1.1095800524934432,0.39312664041994516,6.1257791970509299));
#10622=IFCCARTESIANPOINT((1.1095800524934432,0.39312664041994516,6.1925237905334818));
#10623=IFCCARTESIANPOINT((1.1030183727034175,0.38656496062991902,5.0603264339583376));
#10624=IFCCARTESIANPOINT((1.1095800524934432,0.39312664041994516,5.0578658047598033));
#10625=IFCCARTESIANPOINT((1.1095800524934432,0.39312664041994516,5.1246103982423543));
#10626=IFCCARTESIANPOINT((1.1095800524934432,0.39312664041994516,5.5918225009053666));
#10627=IFCCARTESIANPOINT((1.1030183727034175,0.38656496062991902,5.5910022840194147));
#10628=IFCCARTESIANPOINT((1.1030183727034175,0.38656496062991902,5.5246678057190763));
#10629=IFCCARTESIANPOINT((1.1095800524934432,0.39312664041994516,6.4857446189957004));
#10630=IFCCARTESIANPOINT((1.1095800524934434,0.39312664041994516,4.430922047670963));
#10631=IFCCARTESIANPOINT((1.1030183727034171,0.38656496062991896,6.47918293608189));
#10632=IFCCARTESIANPOINT((1.1077999371861935,0.38863305802235987,6.4662667483070218));
#10633=IFCCARTESIANPOINT((1.1030183727034171,0.38656496062991896,6.4201833100903833));
#10634=IFCCARTESIANPOINT((1.1095800524934432,0.39312664041994516,6.404740418666897));
#10635=IFCCARTESIANPOINT((1.1074690757600234,0.38830513816766388,6.4035996931361669));
#10636=IFCCARTESIANPOINT((1.103018372703418,0.38656496062991907,4.437483718755586));
#10637=IFCCARTESIANPOINT((1.1077999373223057,0.38863305816719512,4.4503999168334722));
#10638=IFCCARTESIANPOINT((1.1073903608807121,0.38823364940785138,4.4972339517904736));
#10639=IFCCARTESIANPOINT((1.1030183727034171,0.38656496062991896,6.3206815926398763));
#10640=IFCCARTESIANPOINT((1.1072546057180439,0.38811565533588988,6.3630619077888655));
#10641=IFCCARTESIANPOINT((1.1095800524934432,0.39312664041994516,6.3117533447949077));
#10642=IFCCARTESIANPOINT((1.1095800524934432,0.39312664041994516,5.2580995593500326));
#10643=IFCCARTESIANPOINT((1.1030183727034175,0.38656496062991902,5.2593298925177248));
#10644=IFCCARTESIANPOINT((1.1030183727034175,0.38656496062991902,5.3919988491183997));
#10645=IFCCARTESIANPOINT((1.1095800524934432,0.39312664041994516,5.3915887463151364));
#10646=IFCCARTESIANPOINT((1.1095800524934432,0.39312664041994516,5.6585670943879185));
#10647=IFCCARTESIANPOINT((1.1030183727034175,0.38656496062991902,5.6573367623197521));
#10648=IFCCARTESIANPOINT((1.1030183727034175,0.38656496062991902,4.8613229990573243));
#10649=IFCCARTESIANPOINT((1.1095800524934432,0.39312664041994516,4.8576320501695722));
#10650=IFCCARTESIANPOINT((1.1095800524934432,0.39312664041994516,5.9255454424606997));
#10651=IFCCARTESIANPOINT((1.1030183727034173,0.38656496062991902,5.9226746991794768));
#10652=IFCCARTESIANPOINT((1.1030183727034173,0.38656496062991902,5.790005742578801));
#10653=IFCCARTESIANPOINT((1.1095800524934432,0.39312664041994516,5.7920562554955968));
#10654=IFCCARTESIANPOINT((1.1030183727034173,0.38656496062991896,6.0553436557801525));
#10655=IFCCARTESIANPOINT((1.1095800524934432,0.39312664041994516,6.059034603568378));
#10656=IFCCARTESIANPOINT((1.1095800524934432,0.39312664041994516,4.9911212112772514));
#10657=IFCCARTESIANPOINT((1.1030183727034175,0.38656496062991902,4.9939919556580001));
#10658=IFCCARTESIANPOINT((1.1030183727034177,0.38656496062991907,4.7286540424566486));
#10659=IFCCARTESIANPOINT((1.1095800524934432,0.39312664041994516,4.7241428632044693));
#10660=IFCCARTESIANPOINT((1.1074628795031241,0.38829942580132731,6.2855108532317709));
#10661=IFCCARTESIANPOINT((1.1030183727034171,0.38656496062991896,6.353848831790045));
#10662=IFCCARTESIANPOINT((1.1077182794088527,0.38854771929952392,6.2477361221769101));
#10663=IFCCARTESIANPOINT((1.1030183727034171,0.38656496062991896,6.1880126360392005));
#10664=IFCCARTESIANPOINT((1.1030183727034171,0.38656496062991902,6.2211798751893692));
#10665=IFCCARTESIANPOINT((1.1075697746120903,0.38840007905542628,6.2045962438077025));
#10666=IFCCARTESIANPOINT((1.1076250277155459,0.38845391409946933,6.1565041567143162));
#10667=IFCCARTESIANPOINT((1.1095800524934432,0.39312664041994516,6.2258960808104007));
#10668=IFCCARTESIANPOINT((1.1077391697707621,0.3885692599535166,6.322971570180246));
#10669=IFCCARTESIANPOINT((1.1077196169268611,0.38854909255909509,4.5347297485692355));
#10670=IFCCARTESIANPOINT((1.1030183727034177,0.38656496062991907,4.5959850621976006));
#10671=IFCCARTESIANPOINT((1.1030183727034177,0.38656496062991907,4.5628178230474319));
#10672=IFCCARTESIANPOINT((1.1075565526453803,0.38838738262138633,4.5794014506723499));
#10673=IFCCARTESIANPOINT((1.1076130409068177,0.3884421270228573,4.6272315094368439));
#10674=IFCCARTESIANPOINT((1.1095800524934432,0.39312664041994516,4.5572814118198712));
#10675=IFCCARTESIANPOINT((1.1030183727034175,0.38656496062991902,5.1266609122586768));
#10676=IFCCARTESIANPOINT((1.1075680186539558,0.38839838879893523,5.093493680550317));
#10677=IFCCARTESIANPOINT((1.1095800524934432,0.39312664041994516,5.5250779074228147));
#10678=IFCCARTESIANPOINT((1.103018372703418,0.38656496062991907,4.4964833447470935));
#10679=IFCCARTESIANPOINT((1.1077299724409166,0.38855975202844362,5.2247272753424205));
#10680=IFCCARTESIANPOINT((1.1077124692045592,0.38854176313643984,5.2914718615677483));
#10681=IFCCARTESIANPOINT((1.1076581811809012,0.38848683234642489,5.425166086956521));
#10682=IFCCARTESIANPOINT((1.1076398275619375,0.38846855104150935,5.3588316056707566));
#10683=IFCCARTESIANPOINT((1.1077299724596916,0.3885597520478134,5.6919393789928083));
#10684=IFCCARTESIANPOINT((1.1076216316829288,0.38845056851776244,5.6241695308448811));
#10685=IFCCARTESIANPOINT((1.1075159268250501,0.38834881156262724,4.8944902367236676));
#10686=IFCCARTESIANPOINT((1.1074989134735322,0.3883328531828879,4.8281557554496377));
#10687=IFCCARTESIANPOINT((1.1077970854169967,0.38863002541886815,5.9589177241873319));
#10688=IFCCARTESIANPOINT((1.1075504821830207,0.38838157716096477,5.8895074561840834));
#10689=IFCCARTESIANPOINT((1.1075857244092648,0.38841548981081281,5.7568384934788188));
#10690=IFCCARTESIANPOINT((1.1077641042105071,0.38859523069123481,5.8254285515378443));
#10691=IFCCARTESIANPOINT((1.1075159269409247,0.38834881167170432,6.022176419050429));
#10692=IFCCARTESIANPOINT((1.1078289348100476,0.38866411491468589,6.0924068970945822));
#10693=IFCCARTESIANPOINT((1.1077970853684973,0.38863002536732616,4.9577489304564164));
#10694=IFCCARTESIANPOINT((1.1077807374065389,0.38861271484442916,5.0244935166761788));
#10695=IFCCARTESIANPOINT((1.107482079737139,0.38831717463007415,4.7618212741761745));
#10696=IFCCARTESIANPOINT((1.1074654281331777,0.38830177361644957,4.69548679290319));
#10697=IFCCARTESIANPOINT((1.1030183727034171,0.38656496062991896,6.2875143534897067));
#10698=IFCCARTESIANPOINT((1.1095800524934432,0.39312664041994516,6.159151500256562));
#10699=IFCCARTESIANPOINT((1.1030183727034171,0.38656496062991902,6.1548453968890309));
#10700=IFCCARTESIANPOINT((1.1095800524934432,0.39312664041994516,4.6240259923737099));
#10701=IFCCARTESIANPOINT((1.103018372703418,0.38656496062991902,4.6291523013477693));
#10702=IFCCARTESIANPOINT((1.1077471833017531,0.38857757546196731,5.1579826891189384));
#10703=IFCCARTESIANPOINT((1.1030183727034175,0.38656496062991902,5.0934936731085081));
#10704=IFCCARTESIANPOINT((1.1095800524934432,0.39312664041994516,5.0912381079654345));
#10705=IFCCARTESIANPOINT((1.1076581812308826,0.38848683239640625,5.4915005682467291));
#10706=IFCCARTESIANPOINT((1.1076946711840296,0.38852361161414162,5.5584502064968593));
#10707=IFCCARTESIANPOINT((1.1095800524934432,0.39312664041994516,5.2247272690731137));
#10708=IFCCARTESIANPOINT((1.1030183727034175,0.38656496062991902,5.226162653367556));
#10709=IFCCARTESIANPOINT((1.1095800524934432,0.39312664041994516,5.2914718496269533));
#10710=IFCCARTESIANPOINT((1.1030183727034175,0.38656496062991902,5.2924971316678935));
#10711=IFCCARTESIANPOINT((1.1073390675731687,0.38818829682018019,5.258089537977698));
#10712=IFCCARTESIANPOINT((1.1030183727034175,0.38656496062991902,5.4251660882685693));
#10713=IFCCARTESIANPOINT((1.1095800524934432,0.39312664041994516,5.4249610365920562));
#10714=IFCCARTESIANPOINT((1.1030183727034175,0.38656496062991902,5.3588316099682309));
#10715=IFCCARTESIANPOINT((1.1073659537935221,0.38821195016197363,5.3251186394506433));
#10716=IFCCARTESIANPOINT((1.1095800524934432,0.39312664041994516,5.3582164560382166));
#10717=IFCCARTESIANPOINT((1.1079768837845323,0.38882910513500613,5.3919893416324367));
#10718=IFCCARTESIANPOINT((1.1095800524934432,0.39312664041994516,5.6919393846648374));
#10719=IFCCARTESIANPOINT((1.1030183727034175,0.38656496062991902,5.6905040014699217));
#10720=IFCCARTESIANPOINT((1.1030183727034175,0.38656496062991902,5.6241695231695834));
#10721=IFCCARTESIANPOINT((1.1095800524934432,0.39312664041994516,5.6251948041109987));
#10722=IFCCARTESIANPOINT((1.1079178038355824,0.38876187052360378,5.6580139082595107));
#10723=IFCCARTESIANPOINT((1.1030183727034177,0.38656496062991902,4.894490238207494));
#10724=IFCCARTESIANPOINT((1.1095800524934432,0.39312664041994516,4.8910043404464929));
#10725=IFCCARTESIANPOINT((1.1030183727034177,0.38656496062991907,4.8281557599071547));
#10726=IFCCARTESIANPOINT((1.1095800524934432,0.39312664041994516,4.8242597598926533));
#10727=IFCCARTESIANPOINT((1.1079790847698603,0.38883164595421138,4.8613108716347195));
#10728=IFCCARTESIANPOINT((1.1095800524934432,0.39312664041994516,5.9589177327376195));
#10729=IFCCARTESIANPOINT((1.1030183727034173,0.38656496062991902,5.9558419383296455));
#10730=IFCCARTESIANPOINT((1.1030183727034173,0.38656496062991902,5.8895074600293071));
#10731=IFCCARTESIANPOINT((1.1095800524934432,0.39312664041994516,5.8921731521837799));
#10732=IFCCARTESIANPOINT((1.1078455444339581,0.38868208703960366,5.9241497259964477));
#10733=IFCCARTESIANPOINT((1.1030183727034173,0.38656496062991902,5.7568385034286313));
#10734=IFCCARTESIANPOINT((1.1095800524934432,0.39312664041994516,5.758683965218677));
#10735=IFCCARTESIANPOINT((1.1095800524934432,0.39312664041994516,5.8254285457725157));
#10736=IFCCARTESIANPOINT((1.1030183727034173,0.38656496062991902,5.8231729817289697));
#10737=IFCCARTESIANPOINT((1.1074246884689456,0.38826453973800812,5.7911984537873797));
#10738=IFCCARTESIANPOINT((1.1030183727034173,0.38656496062991902,6.0221764166299829));
#10739=IFCCARTESIANPOINT((1.1095800524934432,0.39312664041994516,6.0256623132914582));
#10740=IFCCARTESIANPOINT((1.1095800524934432,0.39312664041994516,6.0924068938452978));
#10741=IFCCARTESIANPOINT((1.1030183727034173,0.38656496062991902,6.0885108949303213));
#10742=IFCCARTESIANPOINT((1.1075031246085154,0.38833679261270182,6.0573684588513759));
#10743=IFCCARTESIANPOINT((1.1095800524934432,0.39312664041994516,4.9577489210003316));
#10744=IFCCARTESIANPOINT((1.1030183727034175,0.38656496062991902,4.9608247165078314));
#10745=IFCCARTESIANPOINT((1.1095800524934432,0.39312664041994516,5.0244935015541712));
#10746=IFCCARTESIANPOINT((1.1078638387954756,0.38870203874097459,5.0590540923011655));
#10747=IFCCARTESIANPOINT((1.1030183727034175,0.38656496062991902,5.0271591948081689));
#10748=IFCCARTESIANPOINT((1.1073375841590227,0.38818699933292239,4.9911099060373623));
#10749=IFCCARTESIANPOINT((1.1030183727034177,0.38656496062991902,4.7618212816068173));
#10750=IFCCARTESIANPOINT((1.1095800524934432,0.39312664041994516,4.7575151534813891));
#10751=IFCCARTESIANPOINT((1.1079809549863351,0.38883380700224696,4.7949761009801772));
#10752=IFCCARTESIANPOINT((1.1030183727034177,0.38656496062991902,4.6954868033064798));
#10753=IFCCARTESIANPOINT((1.1074009305100079,0.38824311415926749,4.6613305900856421));
#10754=IFCCARTESIANPOINT((1.1095800524934432,0.39312664041994522,4.6907705729275504));
#10755=IFCCARTESIANPOINT((1.1079831730164735,0.38883637241918917,4.7286413394750317));
#10756=IFCCARTESIANPOINT((1.1095800524934432,0.39312664041994516,5.1579826885192741));
#10757=IFCCARTESIANPOINT((1.1079660669228169,0.38881665624617423,5.1913613077129082));
#10758=IFCCARTESIANPOINT((1.1030183727034175,0.38656496062991902,5.1598281514088455));
#10759=IFCCARTESIANPOINT((1.1030183727034175,0.38656496062991902,5.4915005665689076));
#10760=IFCCARTESIANPOINT((1.1073152276629368,0.38816753978336921,5.4583333276369448));
#10761=IFCCARTESIANPOINT((1.1095800524934432,0.39312664041994516,5.4917056171458949));
#10762=IFCCARTESIANPOINT((1.1095800524934432,0.39312664041994516,5.5584501976997345));
#10763=IFCCARTESIANPOINT((1.1030183727034175,0.38656496062991902,5.5578350448692451));
#10764=IFCCARTESIANPOINT((1.1073463978023559,0.38819471985998139,5.5249931444840588));
#10765=IFCCARTESIANPOINT((1.1095800524934436,0.40624999999999772,4.3904199475065608));
#10766=IFCCARTESIANPOINT((0.83411563069233452,0.40296916010498518,4.4560367454068235));
#10767=IFCCARTESIANPOINT((0.87500000000000622,0.38656496062991941,4.439632545931758));
#10768=IFCCARTESIANPOINT((0.91588437167677417,0.4029691601049849,4.4560367454068235));
#10769=IFCCARTESIANPOINT((0.87499999210770651,0.39183137071772012,4.4516761088590098));
#10770=IFCCARTESIANPOINT((0.93228857052725955,0.38656496062991924,4.439632545931758));
#10771=IFCCARTESIANPOINT((0.81771143325909568,0.38656496062991963,4.439632545931758));
#10772=IFCCARTESIANPOINT((0.96226370938333428,0.39314834032580775,4.4527721524434716));
#10773=IFCCARTESIANPOINT((0.78773628022881848,0.39314834050733533,4.4527721525791488));
#10774=IFCCARTESIANPOINT((0.80899002212038673,0.38656496062991996,4.3969816272965865));
#10775=IFCCARTESIANPOINT((0.87500000000000666,0.39312664041994594,4.39041994750656));
#10776=IFCCARTESIANPOINT((0.94757165515474229,0.39312664041994572,4.39041994750656));
#10777=IFCCARTESIANPOINT((0.75770997375328775,0.39312664041994627,4.39041994750656));
#10778=IFCCARTESIANPOINT((0.95600419741190223,0.38656496062991946,4.3969816272965865));
#10779=IFCCARTESIANPOINT((0.88249710976614459,0.38656496062991968,4.3969816272965865));
#10780=IFCCARTESIANPOINT((0.72798582273798695,0.38656496062992018,4.3969816272965874));
#10781=IFCCARTESIANPOINT((1.0285758521600212,0.39312664041994544,4.39041994750656));
#10782=IFCCARTESIANPOINT((1.02951128505766,0.38656496062991919,4.3969816272965865));
#10783=IFCCARTESIANPOINT((0.99275774123478122,0.38656496062991935,4.3969816272965865));
#10784=IFCCARTESIANPOINT((0.72142414783999198,0.39312664041994644,4.39041994750656));
#10785=IFCCARTESIANPOINT((0.6874837250172916,0.3865649606299203,4.3969816272965874));
#10786=IFCCARTESIANPOINT((1.0690779539908051,0.39312664041994527,4.39041994750656));
#10787=IFCCARTESIANPOINT((0.98807375365738181,0.39312664041994555,4.39041994750656));
#10788=IFCCARTESIANPOINT((0.68092204600920836,0.39312664041994655,4.39041994750656));
#10789=IFCCARTESIANPOINT((1.0625162749827224,0.38656496062991913,4.3969816272965865));
#10790=IFCCARTESIANPOINT((1.0460137780739895,0.38850839251722463,4.3923203583732295));
#10791=IFCCARTESIANPOINT((0.73956705844610426,0.38862084059228619,4.3922115738818022));
#10792=IFCCARTESIANPOINT((0.8163549868766472,0.39312664041994611,4.39041994750656));
#10793=IFCCARTESIANPOINT((0.84574356594326572,0.3865649606299198,4.3969816272965865));
#10794=IFCCARTESIANPOINT((0.78432230611656806,0.38855488458657017,4.3922747503843622));
#10795=IFCCARTESIANPOINT((0.9743809667276524,0.38838618312729989,4.3924447003274318));
#10796=IFCCARTESIANPOINT((0.82736679156847659,0.3883425264522713,4.3924907593168818));
#10797=IFCCARTESIANPOINT((0.93285782897512015,0.3882756466220752,4.3925630867185381));
#10798=IFCCARTESIANPOINT((0.76848792045868231,0.38656496062992007,4.3969816272965865));
#10799=IFCCARTESIANPOINT((1.0100963064346444,0.38905679205399984,4.3918345916502117));
#10800=IFCCARTESIANPOINT((0.91128582591330243,0.39312664041994583,4.39041994750656));
#10801=IFCCARTESIANPOINT((0.89314291141644009,0.38863534373542563,4.3921979157920683));
#10802=IFCCARTESIANPOINT((0.91925065358902347,0.38656496062991957,4.3969816272965865));
#10803=IFCCARTESIANPOINT((0.67946161963433671,0.38844486775611009,4.392384166433132));
#10804=IFCPOLYLOOP((#10246,#10247,#10248,#10249));
#10805=IFCFACEOUTERBOUND(#10804,.T.);
#10806=IFCFACE((#10805));
#10807=IFCPOLYLOOP((#10250,#10251,#10252,#10253,#10266,#10265,#10289,#10263,#10276,#10275,#10284,#10261,#10298,#10271,#10293,#10262,#10269,#10268,#10278));
#10808=IFCFACEOUTERBOUND(#10807,.T.);
#10809=IFCFACE((#10808));
#10810=IFCPOLYLOOP((#10286,#10277,#10264));
#10811=IFCFACEOUTERBOUND(#10810,.T.);
#10812=IFCFACE((#10811));
#10813=IFCPOLYLOOP((#10279,#10295,#10291));
#10814=IFCFACEOUTERBOUND(#10813,.T.);
#10815=IFCFACE((#10814));
#10816=IFCPOLYLOOP((#10278,#10302,#10303));
#10817=IFCFACEOUTERBOUND(#10816,.T.);
#10818=IFCFACE((#10817));
#10819=IFCPOLYLOOP((#10264,#10288,#10286));
#10820=IFCFACEOUTERBOUND(#10819,.T.);
#10821=IFCFACE((#10820));
#10822=IFCPOLYLOOP((#10302,#10278,#10268));
#10823=IFCFACEOUTERBOUND(#10822,.T.);
#10824=IFCFACE((#10823));
#10825=IFCPOLYLOOP((#10280,#10281,#10282));
#10826=IFCFACEOUTERBOUND(#10825,.T.);
#10827=IFCFACE((#10826));
#10828=IFCPOLYLOOP((#10269,#10262,#10291));
#10829=IFCFACEOUTERBOUND(#10828,.T.);
#10830=IFCFACE((#10829));
#10831=IFCPOLYLOOP((#10272,#10273,#10294));
#10832=IFCFACEOUTERBOUND(#10831,.T.);
#10833=IFCFACE((#10832));
#10834=IFCPOLYLOOP((#10283,#10285,#10304));
#10835=IFCFACEOUTERBOUND(#10834,.T.);
#10836=IFCFACE((#10835));
#10837=IFCPOLYLOOP((#10298,#10299,#10296));
#10838=IFCFACEOUTERBOUND(#10837,.T.);
#10839=IFCFACE((#10838));
#10840=IFCPOLYLOOP((#10301,#10288,#10287));
#10841=IFCFACEOUTERBOUND(#10840,.T.);
#10842=IFCFACE((#10841));
#10843=IFCPOLYLOOP((#10290,#10253,#10256));
#10844=IFCFACEOUTERBOUND(#10843,.T.);
#10845=IFCFACE((#10844));
#10846=IFCPOLYLOOP((#10277,#10286,#10290));
#10847=IFCFACEOUTERBOUND(#10846,.T.);
#10848=IFCFACE((#10847));
#10849=IFCPOLYLOOP((#10303,#10302,#10270));
#10850=IFCFACEOUTERBOUND(#10849,.T.);
#10851=IFCFACE((#10850));
#10852=IFCPOLYLOOP((#10272,#10294,#10296));
#10853=IFCFACEOUTERBOUND(#10852,.T.);
#10854=IFCFACE((#10853));
#10855=IFCPOLYLOOP((#10295,#10269,#10291));
#10856=IFCFACEOUTERBOUND(#10855,.T.);
#10857=IFCFACE((#10856));
#10858=IFCPOLYLOOP((#10250,#10278,#10303));
#10859=IFCFACEOUTERBOUND(#10858,.T.);
#10860=IFCFACE((#10859));
#10861=IFCPOLYLOOP((#10254,#10255,#10303));
#10862=IFCFACEOUTERBOUND(#10861,.T.);
#10863=IFCFACE((#10862));
#10864=IFCPOLYLOOP((#10292,#10259,#10291));
#10865=IFCFACEOUTERBOUND(#10864,.T.);
#10866=IFCFACE((#10865));
#10867=IFCPOLYLOOP((#10294,#10292,#10293));
#10868=IFCFACEOUTERBOUND(#10867,.T.);
#10869=IFCFACE((#10868));
#10870=IFCPOLYLOOP((#10260,#10280,#10282));
#10871=IFCFACEOUTERBOUND(#10870,.T.);
#10872=IFCFACE((#10871));
#10873=IFCPOLYLOOP((#10275,#10281,#10283));
#10874=IFCFACEOUTERBOUND(#10873,.T.);
#10875=IFCFACE((#10874));
#10876=IFCPOLYLOOP((#10275,#10276,#10281));
#10877=IFCFACEOUTERBOUND(#10876,.T.);
#10878=IFCFACE((#10877));
#10879=IFCPOLYLOOP((#10257,#10277,#10290));
#10880=IFCFACEOUTERBOUND(#10879,.T.);
#10881=IFCFACE((#10880));
#10882=IFCPOLYLOOP((#10286,#10265,#10266));
#10883=IFCFACEOUTERBOUND(#10882,.T.);
#10884=IFCFACE((#10883));
#10885=IFCPOLYLOOP((#10281,#10274,#10283));
#10886=IFCFACEOUTERBOUND(#10885,.T.);
#10887=IFCFACE((#10886));
#10888=IFCPOLYLOOP((#10295,#10267,#10302));
#10889=IFCFACEOUTERBOUND(#10888,.T.);
#10890=IFCFACE((#10889));
#10891=IFCPOLYLOOP((#10274,#10281,#10280));
#10892=IFCFACEOUTERBOUND(#10891,.T.);
#10893=IFCFACE((#10892));
#10894=IFCPOLYLOOP((#10282,#10281,#10276));
#10895=IFCFACEOUTERBOUND(#10894,.T.);
#10896=IFCFACE((#10895));
#10897=IFCPOLYLOOP((#10276,#10263,#10282));
#10898=IFCFACEOUTERBOUND(#10897,.T.);
#10899=IFCFACE((#10898));
#10900=IFCPOLYLOOP((#10282,#10263,#10301));
#10901=IFCFACEOUTERBOUND(#10900,.T.);
#10902=IFCFACE((#10901));
#10903=IFCPOLYLOOP((#10285,#10258,#10300));
#10904=IFCFACEOUTERBOUND(#10903,.T.);
#10905=IFCFACE((#10904));
#10906=IFCPOLYLOOP((#10283,#10274,#10285));
#10907=IFCFACEOUTERBOUND(#10906,.T.);
#10908=IFCFACE((#10907));
#10909=IFCPOLYLOOP((#10258,#10299,#10300));
#10910=IFCFACEOUTERBOUND(#10909,.T.);
#10911=IFCFACE((#10910));
#10912=IFCPOLYLOOP((#10284,#10275,#10283));
#10913=IFCFACEOUTERBOUND(#10912,.T.);
#10914=IFCFACE((#10913));
#10915=IFCPOLYLOOP((#10286,#10266,#10290));
#10916=IFCFACEOUTERBOUND(#10915,.T.);
#10917=IFCFACE((#10916));
#10918=IFCPOLYLOOP((#10253,#10290,#10266));
#10919=IFCFACEOUTERBOUND(#10918,.T.);
#10920=IFCFACE((#10919));
#10921=IFCPOLYLOOP((#10286,#10288,#10265));
#10922=IFCFACEOUTERBOUND(#10921,.T.);
#10923=IFCFACE((#10922));
#10924=IFCPOLYLOOP((#10264,#10287,#10288));
#10925=IFCFACEOUTERBOUND(#10924,.T.);
#10926=IFCFACE((#10925));
#10927=IFCPOLYLOOP((#10263,#10289,#10301));
#10928=IFCFACEOUTERBOUND(#10927,.T.);
#10929=IFCFACE((#10928));
#10930=IFCPOLYLOOP((#10260,#10301,#10287));
#10931=IFCFACEOUTERBOUND(#10930,.T.);
#10932=IFCFACE((#10931));
#10933=IFCPOLYLOOP((#10289,#10265,#10288));
#10934=IFCFACEOUTERBOUND(#10933,.T.);
#10935=IFCFACE((#10934));
#10936=IFCPOLYLOOP((#10257,#10290,#10256));
#10937=IFCFACEOUTERBOUND(#10936,.T.);
#10938=IFCFACE((#10937));
#10939=IFCPOLYLOOP((#10292,#10291,#10262));
#10940=IFCFACEOUTERBOUND(#10939,.T.);
#10941=IFCFACE((#10940));
#10942=IFCPOLYLOOP((#10279,#10291,#10259));
#10943=IFCFACEOUTERBOUND(#10942,.T.);
#10944=IFCFACE((#10943));
#10945=IFCPOLYLOOP((#10294,#10271,#10296));
#10946=IFCFACEOUTERBOUND(#10945,.T.);
#10947=IFCFACE((#10946));
#10948=IFCPOLYLOOP((#10273,#10259,#10292));
#10949=IFCFACEOUTERBOUND(#10948,.T.);
#10950=IFCFACE((#10949));
#10951=IFCPOLYLOOP((#10292,#10262,#10293));
#10952=IFCFACEOUTERBOUND(#10951,.T.);
#10953=IFCFACE((#10952));
#10954=IFCPOLYLOOP((#10294,#10293,#10271));
#10955=IFCFACEOUTERBOUND(#10954,.T.);
#10956=IFCFACE((#10955));
#10957=IFCPOLYLOOP((#10292,#10294,#10273));
#10958=IFCFACEOUTERBOUND(#10957,.T.);
#10959=IFCFACE((#10958));
#10960=IFCPOLYLOOP((#10267,#10295,#10279));
#10961=IFCFACEOUTERBOUND(#10960,.T.);
#10962=IFCFACE((#10961));
#10963=IFCPOLYLOOP((#10268,#10269,#10295));
#10964=IFCFACEOUTERBOUND(#10963,.T.);
#10965=IFCFACE((#10964));
#10966=IFCPOLYLOOP((#10299,#10298,#10261));
#10967=IFCFACEOUTERBOUND(#10966,.T.);
#10968=IFCFACE((#10967));
#10969=IFCPOLYLOOP((#10296,#10271,#10298));
#10970=IFCFACEOUTERBOUND(#10969,.T.);
#10971=IFCFACE((#10970));
#10972=IFCPOLYLOOP((#10299,#10258,#10297));
#10973=IFCFACEOUTERBOUND(#10972,.T.);
#10974=IFCFACE((#10973));
#10975=IFCPOLYLOOP((#10297,#10272,#10296));
#10976=IFCFACEOUTERBOUND(#10975,.T.);
#10977=IFCFACE((#10976));
#10978=IFCPOLYLOOP((#10299,#10261,#10300));
#10979=IFCFACEOUTERBOUND(#10978,.T.);
#10980=IFCFACE((#10979));
#10981=IFCPOLYLOOP((#10296,#10299,#10297));
#10982=IFCFACEOUTERBOUND(#10981,.T.);
#10983=IFCFACE((#10982));
#10984=IFCPOLYLOOP((#10261,#10284,#10300));
#10985=IFCFACEOUTERBOUND(#10984,.T.);
#10986=IFCFACE((#10985));
#10987=IFCPOLYLOOP((#10300,#10284,#10304));
#10988=IFCFACEOUTERBOUND(#10987,.T.);
#10989=IFCFACE((#10988));
#10990=IFCPOLYLOOP((#10301,#10289,#10288));
#10991=IFCFACEOUTERBOUND(#10990,.T.);
#10992=IFCFACE((#10991));
#10993=IFCPOLYLOOP((#10282,#10301,#10260));
#10994=IFCFACEOUTERBOUND(#10993,.T.);
#10995=IFCFACE((#10994));
#10996=IFCPOLYLOOP((#10295,#10302,#10268));
#10997=IFCFACEOUTERBOUND(#10996,.T.);
#10998=IFCFACE((#10997));
#10999=IFCPOLYLOOP((#10270,#10302,#10267));
#11000=IFCFACEOUTERBOUND(#10999,.T.);
#11001=IFCFACE((#11000));
#11002=IFCPOLYLOOP((#10254,#10303,#10270));
#11003=IFCFACEOUTERBOUND(#11002,.T.);
#11004=IFCFACE((#11003));
#11005=IFCPOLYLOOP((#10250,#10303,#10255));
#11006=IFCFACEOUTERBOUND(#11005,.T.);
#11007=IFCFACE((#11006));
#11008=IFCPOLYLOOP((#10300,#10304,#10285));
#11009=IFCFACEOUTERBOUND(#11008,.T.);
#11010=IFCFACE((#11009));
#11011=IFCPOLYLOOP((#10284,#10283,#10304));
#11012=IFCFACEOUTERBOUND(#11011,.T.);
#11013=IFCFACE((#11012));
#11014=IFCPOLYLOOP((#10339,#10357,#10358));
#11015=IFCFACEOUTERBOUND(#11014,.T.);
#11016=IFCFACE((#11015));
#11017=IFCPOLYLOOP((#10402,#10327,#10436));
#11018=IFCFACEOUTERBOUND(#11017,.T.);
#11019=IFCFACE((#11018));
#11020=IFCPOLYLOOP((#10471,#10446,#10406));
#11021=IFCFACEOUTERBOUND(#11020,.T.);
#11022=IFCFACE((#11021));
#11023=IFCPOLYLOOP((#10422,#10345,#10476));
#11024=IFCFACEOUTERBOUND(#11023,.T.);
#11025=IFCFACE((#11024));
#11026=IFCPOLYLOOP((#10359,#10380,#10388));
#11027=IFCFACEOUTERBOUND(#11026,.T.);
#11028=IFCFACE((#11027));
#11029=IFCPOLYLOOP((#10355,#10324,#10360));
#11030=IFCFACEOUTERBOUND(#11029,.T.);
#11031=IFCFACE((#11030));
#11032=IFCPOLYLOOP((#10408,#10371,#10450,#10332));
#11033=IFCFACEOUTERBOUND(#11032,.T.);
#11034=IFCFACE((#11033));
#11035=IFCPOLYLOOP((#10389,#10392,#10391));
#11036=IFCFACEOUTERBOUND(#11035,.T.);
#11037=IFCFACE((#11036));
#11038=IFCPOLYLOOP((#10352,#10351,#10337,#10353));
#11039=IFCFACEOUTERBOUND(#11038,.T.);
#11040=IFCFACE((#11039));
#11041=IFCPOLYLOOP((#10479,#10484,#10483,#10348));
#11042=IFCFACEOUTERBOUND(#11041,.T.);
#11043=IFCFACE((#11042));
#11044=IFCPOLYLOOP((#10473,#10474,#10416));
#11045=IFCFACEOUTERBOUND(#11044,.T.);
#11046=IFCFACE((#11045));
#11047=IFCPOLYLOOP((#10391,#10392,#10390));
#11048=IFCFACEOUTERBOUND(#11047,.T.);
#11049=IFCFACE((#11048));
#11050=IFCPOLYLOOP((#10475,#10470,#10415));
#11051=IFCFACEOUTERBOUND(#11050,.T.);
#11052=IFCFACE((#11051));
#11053=IFCPOLYLOOP((#10447,#10444,#10405));
#11054=IFCFACEOUTERBOUND(#11053,.T.);
#11055=IFCFACE((#11054));
#11056=IFCPOLYLOOP((#10382,#10322,#10380));
#11057=IFCFACEOUTERBOUND(#11056,.T.);
#11058=IFCFACE((#11057));
#11059=IFCPOLYLOOP((#10412,#10462,#10375));
#11060=IFCFACEOUTERBOUND(#11059,.T.);
#11061=IFCFACE((#11060));
#11062=IFCPOLYLOOP((#10324,#10355,#10353));
#11063=IFCFACEOUTERBOUND(#11062,.T.);
#11064=IFCFACE((#11063));
#11065=IFCPOLYLOOP((#10356,#10308,#10309));
#11066=IFCFACEOUTERBOUND(#11065,.T.);
#11067=IFCFACE((#11066));
#11068=IFCPOLYLOOP((#10306,#10307,#10351));
#11069=IFCFACEOUTERBOUND(#11068,.T.);
#11070=IFCFACE((#11069));
#11071=IFCPOLYLOOP((#10431,#10428,#10399));
#11072=IFCFACEOUTERBOUND(#11071,.T.);
#11073=IFCFACE((#11072));
#11074=IFCPOLYLOOP((#10466,#10467,#10414));
#11075=IFCFACEOUTERBOUND(#11074,.T.);
#11076=IFCFACE((#11075));
#11077=IFCPOLYLOOP((#10435,#10430,#10400));
#11078=IFCFACEOUTERBOUND(#11077,.T.);
#11079=IFCFACE((#11078));
#11080=IFCPOLYLOOP((#10437,#10433,#10401));
#11081=IFCFACEOUTERBOUND(#11080,.T.);
#11082=IFCFACE((#11081));
#11083=IFCPOLYLOOP((#10484,#10479,#10425));
#11084=IFCFACEOUTERBOUND(#11083,.T.);
#11085=IFCFACE((#11084));
#11086=IFCPOLYLOOP((#10410,#10457,#10373));
#11087=IFCFACEOUTERBOUND(#11086,.T.);
#11088=IFCFACE((#11087));
#11089=IFCPOLYLOOP((#10410,#10373,#10455,#10331));
#11090=IFCFACEOUTERBOUND(#11089,.T.);
#11091=IFCFACE((#11090));
#11092=IFCPOLYLOOP((#10408,#10452,#10371));
#11093=IFCFACEOUTERBOUND(#11092,.T.);
#11094=IFCFACE((#11093));
#11095=IFCPOLYLOOP((#10352,#10349,#10306));
#11096=IFCFACEOUTERBOUND(#11095,.T.);
#11097=IFCFACE((#11096));
#11098=IFCPOLYLOOP((#10356,#10357,#10339));
#11099=IFCFACEOUTERBOUND(#11098,.T.);
#11100=IFCFACE((#11099));
#11101=IFCPOLYLOOP((#10358,#10389,#10333));
#11102=IFCFACEOUTERBOUND(#11101,.T.);
#11103=IFCFACE((#11102));
#11104=IFCPOLYLOOP((#10336,#10352,#10355));
#11105=IFCFACEOUTERBOUND(#11104,.T.);
#11106=IFCFACE((#11105));
#11107=IFCPOLYLOOP((#10334,#10389,#10358));
#11108=IFCFACEOUTERBOUND(#11107,.T.);
#11109=IFCFACE((#11108));
#11110=IFCPOLYLOOP((#10309,#10357,#10356));
#11111=IFCFACEOUTERBOUND(#11110,.T.);
#11112=IFCFACE((#11111));
#11113=IFCPOLYLOOP((#10385,#10386,#10342));
#11114=IFCFACEOUTERBOUND(#11113,.T.);
#11115=IFCFACE((#11114));
#11116=IFCPOLYLOOP((#10412,#10375,#10460,#10341));
#11117=IFCFACEOUTERBOUND(#11116,.T.);
#11118=IFCFACE((#11117));
#11119=IFCPOLYLOOP((#10385,#10384,#10383));
#11120=IFCFACEOUTERBOUND(#11119,.T.);
#11121=IFCFACE((#11120));
#11122=IFCPOLYLOOP((#10477,#10478,#10422));
#11123=IFCFACEOUTERBOUND(#11122,.T.);
#11124=IFCFACE((#11123));
#11125=IFCPOLYLOOP((#10468,#10464,#10413));
#11126=IFCFACEOUTERBOUND(#11125,.T.);
#11127=IFCFACE((#11126));
#11128=IFCPOLYLOOP((#10466,#10424,#10396));
#11129=IFCFACEOUTERBOUND(#11128,.T.);
#11130=IFCFACE((#11129));
#11131=IFCPOLYLOOP((#10404,#10442,#10367));
#11132=IFCFACEOUTERBOUND(#11131,.T.);
#11133=IFCFACE((#11132));
#11134=IFCPOLYLOOP((#10404,#10367,#10440,#10347));
#11135=IFCFACEOUTERBOUND(#11134,.T.);
#11136=IFCFACE((#11135));
#11137=IFCPOLYLOOP((#10314,#10432,#10480,#10479));
#11138=IFCFACEOUTERBOUND(#11137,.T.);
#11139=IFCFACE((#11138));
#11140=IFCPOLYLOOP((#10349,#10305,#10306));
#11141=IFCFACEOUTERBOUND(#11140,.T.);
#11142=IFCFACE((#11141));
#11143=IFCPOLYLOOP((#10309,#10310,#10350));
#11144=IFCFACEOUTERBOUND(#11143,.T.);
#11145=IFCFACE((#11144));
#11146=IFCPOLYLOOP((#10351,#10352,#10306));
#11147=IFCFACEOUTERBOUND(#11146,.T.);
#11148=IFCFACE((#11147));
#11149=IFCPOLYLOOP((#10336,#10349,#10352));
#11150=IFCFACEOUTERBOUND(#11149,.T.);
#11151=IFCFACE((#11150));
#11152=IFCPOLYLOOP((#10355,#10323,#10354,#10336));
#11153=IFCFACEOUTERBOUND(#11152,.T.);
#11154=IFCFACE((#11153));
#11155=IFCPOLYLOOP((#10355,#10352,#10353));
#11156=IFCFACEOUTERBOUND(#11155,.T.);
#11157=IFCFACE((#11156));
#11158=IFCPOLYLOOP((#10477,#10427,#10399));
#11159=IFCFACEOUTERBOUND(#11158,.T.);
#11160=IFCFACE((#11159));
#11161=IFCPOLYLOOP((#10357,#10309,#10350));
#11162=IFCFACEOUTERBOUND(#11161,.T.);
#11163=IFCFACE((#11162));
#11164=IFCPOLYLOOP((#10350,#10338,#10357));
#11165=IFCFACEOUTERBOUND(#11164,.T.);
#11166=IFCFACE((#11165));
#11167=IFCPOLYLOOP((#10358,#10357,#10338));
#11168=IFCFACEOUTERBOUND(#11167,.T.);
#11169=IFCFACE((#11168));
#11170=IFCPOLYLOOP((#10334,#10358,#10338));
#11171=IFCFACEOUTERBOUND(#11170,.T.);
#11172=IFCFACE((#11171));
#11173=IFCPOLYLOOP((#10358,#10333,#10398,#10339));
#11174=IFCFACEOUTERBOUND(#11173,.T.);
#11175=IFCFACE((#11174));
#11176=IFCPOLYLOOP((#10355,#10360,#10323));
#11177=IFCFACEOUTERBOUND(#11176,.T.);
#11178=IFCFACE((#11177));
#11179=IFCPOLYLOOP((#10360,#10324,#10381));
#11180=IFCFACEOUTERBOUND(#11179,.T.);
#11181=IFCFACE((#11180));
#11182=IFCPOLYLOOP((#10380,#10321,#10382));
#11183=IFCFACEOUTERBOUND(#11182,.T.);
#11184=IFCFACE((#11183));
#11185=IFCPOLYLOOP((#10380,#10322,#10361));
#11186=IFCFACEOUTERBOUND(#11185,.T.);
#11187=IFCFACE((#11186));
#11188=IFCPOLYLOOP((#10360,#10388,#10323));
#11189=IFCFACEOUTERBOUND(#11188,.T.);
#11190=IFCFACE((#11189));
#11191=IFCPOLYLOOP((#10400,#10362,#10429,#10327));
#11192=IFCFACEOUTERBOUND(#11191,.T.);
#11193=IFCFACE((#11192));
#11194=IFCPOLYLOOP((#10480,#10432,#10401));
#11195=IFCFACEOUTERBOUND(#11194,.T.);
#11196=IFCFACE((#11195));
#11197=IFCPOLYLOOP((#10402,#10364,#10434));
#11198=IFCFACEOUTERBOUND(#11197,.T.);
#11199=IFCFACE((#11198));
#11200=IFCPOLYLOOP((#10438,#10442,#10441,#10366));
#11201=IFCFACEOUTERBOUND(#11200,.T.);
#11202=IFCFACE((#11201));
#11203=IFCPOLYLOOP((#10442,#10438,#10403));
#11204=IFCFACEOUTERBOUND(#11203,.T.);
#11205=IFCFACE((#11204));
#11206=IFCPOLYLOOP((#10405,#10316,#10443,#10368));
#11207=IFCFACEOUTERBOUND(#11206,.T.);
#11208=IFCFACE((#11207));
#11209=IFCPOLYLOOP((#10406,#10368,#10445,#10320));
#11210=IFCFACEOUTERBOUND(#11209,.T.);
#11211=IFCFACE((#11210));
#11212=IFCPOLYLOOP((#10370,#10407,#10452));
#11213=IFCFACEOUTERBOUND(#11212,.T.);
#11214=IFCFACE((#11213));
#11215=IFCPOLYLOOP((#10407,#10370,#10448,#10312));
#11216=IFCFACEOUTERBOUND(#11215,.T.);
#11217=IFCFACE((#11216));
#11218=IFCPOLYLOOP((#10453,#10457,#10456,#10372));
#11219=IFCFACEOUTERBOUND(#11218,.T.);
#11220=IFCFACE((#11219));
#11221=IFCPOLYLOOP((#10457,#10453,#10409));
#11222=IFCFACEOUTERBOUND(#11221,.T.);
#11223=IFCFACE((#11222));
#11224=IFCPOLYLOOP((#10374,#10411,#10462));
#11225=IFCFACEOUTERBOUND(#11224,.T.);
#11226=IFCFACE((#11225));
#11227=IFCPOLYLOOP((#10411,#10374,#10458,#10315));
#11228=IFCFACEOUTERBOUND(#11227,.T.);
#11229=IFCFACE((#11228));
#11230=IFCPOLYLOOP((#10413,#10313,#10463,#10376));
#11231=IFCFACEOUTERBOUND(#11230,.T.);
#11232=IFCFACE((#11231));
#11233=IFCPOLYLOOP((#10414,#10376,#10465,#10344));
#11234=IFCFACEOUTERBOUND(#11233,.T.);
#11235=IFCFACE((#11234));
#11236=IFCPOLYLOOP((#10415,#10320,#10469,#10378));
#11237=IFCFACEOUTERBOUND(#11236,.T.);
#11238=IFCFACE((#11237));
#11239=IFCPOLYLOOP((#10416,#10378,#10472,#10317));
#11240=IFCFACEOUTERBOUND(#11239,.T.);
#11241=IFCFACE((#11240));
#11242=IFCPOLYLOOP((#10388,#10380,#10361));
#11243=IFCFACEOUTERBOUND(#11242,.T.);
#11244=IFCFACE((#11243));
#11245=IFCPOLYLOOP((#10380,#10359,#10417,#10321));
#11246=IFCFACEOUTERBOUND(#11245,.T.);
#11247=IFCFACE((#11246));
#11248=IFCPOLYLOOP((#10386,#10341,#10418,#10342));
#11249=IFCFACEOUTERBOUND(#11248,.T.);
#11250=IFCFACE((#11249));
#11251=IFCPOLYLOOP((#10388,#10381,#10359));
#11252=IFCFACEOUTERBOUND(#11251,.T.);
#11253=IFCFACE((#11252));
#11254=IFCPOLYLOOP((#10385,#10387,#10382));
#11255=IFCFACEOUTERBOUND(#11254,.T.);
#11256=IFCFACE((#11255));
#11257=IFCPOLYLOOP((#10382,#10384,#10385));
#11258=IFCFACEOUTERBOUND(#11257,.T.);
#11259=IFCFACE((#11258));
#11260=IFCPOLYLOOP((#10382,#10321,#10384));
#11261=IFCFACEOUTERBOUND(#11260,.T.);
#11262=IFCFACE((#11261));
#11263=IFCPOLYLOOP((#10385,#10383,#10386));
#11264=IFCFACEOUTERBOUND(#11263,.T.);
#11265=IFCFACE((#11264));
#11266=IFCPOLYLOOP((#10323,#10388,#10361));
#11267=IFCFACEOUTERBOUND(#11266,.T.);
#11268=IFCFACE((#11267));
#11269=IFCPOLYLOOP((#10386,#10383,#10419,#10340));
#11270=IFCFACEOUTERBOUND(#11269,.T.);
#11271=IFCFACE((#11270));
#11272=IFCPOLYLOOP((#10412,#10386,#10340));
#11273=IFCFACEOUTERBOUND(#11272,.T.);
#11274=IFCFACE((#11273));
#11275=IFCPOLYLOOP((#10387,#10385,#10342));
#11276=IFCFACEOUTERBOUND(#11275,.T.);
#11277=IFCFACE((#11276));
#11278=IFCPOLYLOOP((#10387,#10322,#10382));
#11279=IFCFACEOUTERBOUND(#11278,.T.);
#11280=IFCFACE((#11279));
#11281=IFCPOLYLOOP((#10381,#10388,#10360));
#11282=IFCFACEOUTERBOUND(#11281,.T.);
#11283=IFCFACE((#11282));
#11284=IFCPOLYLOOP((#10392,#10394,#10335));
#11285=IFCFACEOUTERBOUND(#11284,.T.);
#11286=IFCFACE((#11285));
#11287=IFCPOLYLOOP((#10335,#10393,#10392));
#11288=IFCFACEOUTERBOUND(#11287,.T.);
#11289=IFCFACE((#11288));
#11290=IFCPOLYLOOP((#10392,#10393,#10390));
#11291=IFCFACEOUTERBOUND(#11290,.T.);
#11292=IFCFACE((#11291));
#11293=IFCPOLYLOOP((#10394,#10392,#10389));
#11294=IFCFACEOUTERBOUND(#11293,.T.);
#11295=IFCFACE((#11294));
#11296=IFCPOLYLOOP((#10391,#10333,#10389));
#11297=IFCFACEOUTERBOUND(#11296,.T.);
#11298=IFCFACE((#11297));
#11299=IFCPOLYLOOP((#10393,#10335,#10420,#10318));
#11300=IFCFACEOUTERBOUND(#11299,.T.);
#11301=IFCFACE((#11300));
#11302=IFCPOLYLOOP((#10470,#10475,#10379));
#11303=IFCFACEOUTERBOUND(#11302,.T.);
#11304=IFCFACE((#11303));
#11305=IFCPOLYLOOP((#10473,#10421,#10393));
#11306=IFCFACEOUTERBOUND(#11305,.T.);
#11307=IFCFACE((#11306));
#11308=IFCPOLYLOOP((#10389,#10334,#10394));
#11309=IFCFACEOUTERBOUND(#11308,.T.);
#11310=IFCFACE((#11309));
#11311=IFCPOLYLOOP((#10464,#10468,#10377));
#11312=IFCFACEOUTERBOUND(#11311,.T.);
#11313=IFCFACE((#11312));
#11314=IFCPOLYLOOP((#10396,#10395,#10423,#10343));
#11315=IFCFACEOUTERBOUND(#11314,.T.);
#11316=IFCFACE((#11315));
#11317=IFCPOLYLOOP((#10422,#10396,#10345));
#11318=IFCFACEOUTERBOUND(#11317,.T.);
#11319=IFCFACE((#11318));
#11320=IFCPOLYLOOP((#10362,#10400,#10431));
#11321=IFCFACEOUTERBOUND(#11320,.T.);
#11322=IFCFACE((#11321));
#11323=IFCPOLYLOOP((#10426,#10397,#10482,#10346));
#11324=IFCFACEOUTERBOUND(#11323,.T.);
#11325=IFCFACE((#11324));
#11326=IFCPOLYLOOP((#10311,#10480,#10401));
#11327=IFCFACEOUTERBOUND(#11326,.T.);
#11328=IFCFACE((#11327));
#11329=IFCPOLYLOOP((#10433,#10437,#10436,#10365));
#11330=IFCFACEOUTERBOUND(#11329,.T.);
#11331=IFCFACE((#11330));
#11332=IFCPOLYLOOP((#10400,#10430,#10431));
#11333=IFCFACEOUTERBOUND(#11332,.T.);
#11334=IFCFACE((#11333));
#11335=IFCPOLYLOOP((#10364,#10402,#10437));
#11336=IFCFACEOUTERBOUND(#11335,.T.);
#11337=IFCFACE((#11336));
#11338=IFCPOLYLOOP((#10480,#10311,#10425));
#11339=IFCFACEOUTERBOUND(#11338,.T.);
#11340=IFCFACE((#11339));
#11341=IFCPOLYLOOP((#10434,#10435,#10402));
#11342=IFCFACEOUTERBOUND(#11341,.T.);
#11343=IFCFACE((#11342));
#11344=IFCPOLYLOOP((#10402,#10436,#10437));
#11345=IFCFACEOUTERBOUND(#11344,.T.);
#11346=IFCFACE((#11345));
#11347=IFCPOLYLOOP((#10409,#10403,#10330));
#11348=IFCFACEOUTERBOUND(#11347,.T.);
#11349=IFCFACE((#11348));
#11350=IFCPOLYLOOP((#10403,#10329,#10439,#10367));
#11351=IFCFACEOUTERBOUND(#11350,.T.);
#11352=IFCFACE((#11351));
#11353=IFCPOLYLOOP((#10426,#10404,#10347));
#11354=IFCFACEOUTERBOUND(#11353,.T.);
#11355=IFCFACE((#11354));
#11356=IFCPOLYLOOP((#10404,#10346,#10441));
#11357=IFCFACEOUTERBOUND(#11356,.T.);
#11358=IFCFACE((#11357));
#11359=IFCPOLYLOOP((#10368,#10406,#10447));
#11360=IFCFACEOUTERBOUND(#11359,.T.);
#11361=IFCFACE((#11360));
#11362=IFCPOLYLOOP((#10413,#10405,#10313));
#11363=IFCFACEOUTERBOUND(#11362,.T.);
#11364=IFCFACE((#11363));
#11365=IFCPOLYLOOP((#10320,#10415,#10471));
#11366=IFCFACEOUTERBOUND(#11365,.T.);
#11367=IFCFACE((#11366));
#11368=IFCPOLYLOOP((#10447,#10406,#10369));
#11369=IFCFACEOUTERBOUND(#11368,.T.);
#11370=IFCFACE((#11369));
#11371=IFCPOLYLOOP((#10411,#10407,#10312));
#11372=IFCFACEOUTERBOUND(#11371,.T.);
#11373=IFCFACE((#11372));
#11374=IFCPOLYLOOP((#10407,#10315,#10449));
#11375=IFCFACEOUTERBOUND(#11374,.T.);
#11376=IFCFACE((#11375));
#11377=IFCPOLYLOOP((#10410,#10408,#10332));
#11378=IFCFACEOUTERBOUND(#11377,.T.);
#11379=IFCFACE((#11378));
#11380=IFCPOLYLOOP((#10408,#10331,#10451));
#11381=IFCFACEOUTERBOUND(#11380,.T.);
#11382=IFCFACE((#11381));
#11383=IFCPOLYLOOP((#10403,#10409,#10329));
#11384=IFCFACEOUTERBOUND(#11383,.T.);
#11385=IFCFACE((#11384));
#11386=IFCPOLYLOOP((#10409,#10330,#10454));
#11387=IFCFACEOUTERBOUND(#11386,.T.);
#11388=IFCFACE((#11387));
#11389=IFCPOLYLOOP((#10408,#10410,#10331));
#11390=IFCFACEOUTERBOUND(#11389,.T.);
#11391=IFCFACE((#11390));
#11392=IFCPOLYLOOP((#10410,#10332,#10456));
#11393=IFCFACEOUTERBOUND(#11392,.T.);
#11394=IFCFACE((#11393));
#11395=IFCPOLYLOOP((#10407,#10411,#10315));
#11396=IFCFACEOUTERBOUND(#11395,.T.);
#11397=IFCFACE((#11396));
#11398=IFCPOLYLOOP((#10411,#10312,#10459));
#11399=IFCFACEOUTERBOUND(#11398,.T.);
#11400=IFCFACE((#11399));
#11401=IFCPOLYLOOP((#10386,#10412,#10341));
#11402=IFCFACEOUTERBOUND(#11401,.T.);
#11403=IFCFACE((#11402));
#11404=IFCPOLYLOOP((#10412,#10340,#10461));
#11405=IFCFACEOUTERBOUND(#11404,.T.);
#11406=IFCFACE((#11405));
#11407=IFCPOLYLOOP((#10376,#10414,#10468));
#11408=IFCFACEOUTERBOUND(#11407,.T.);
#11409=IFCFACE((#11408));
#11410=IFCPOLYLOOP((#10405,#10413,#10316));
#11411=IFCFACEOUTERBOUND(#11410,.T.);
#11412=IFCFACE((#11411));
#11413=IFCPOLYLOOP((#10414,#10344,#10466));
#11414=IFCFACEOUTERBOUND(#11413,.T.);
#11415=IFCFACE((#11414));
#11416=IFCPOLYLOOP((#10468,#10414,#10377));
#11417=IFCFACEOUTERBOUND(#11416,.T.);
#11418=IFCFACE((#11417));
#11419=IFCPOLYLOOP((#10378,#10416,#10475));
#11420=IFCFACEOUTERBOUND(#11419,.T.);
#11421=IFCFACE((#11420));
#11422=IFCPOLYLOOP((#10471,#10415,#10319));
#11423=IFCFACEOUTERBOUND(#11422,.T.);
#11424=IFCFACE((#11423));
#11425=IFCPOLYLOOP((#10416,#10317,#10473));
#11426=IFCFACEOUTERBOUND(#11425,.T.);
#11427=IFCFACE((#11426));
#11428=IFCPOLYLOOP((#10475,#10416,#10379));
#11429=IFCFACEOUTERBOUND(#11428,.T.);
#11430=IFCFACE((#11429));
#11431=IFCPOLYLOOP((#10476,#10477,#10422));
#11432=IFCFACEOUTERBOUND(#11431,.T.);
#11433=IFCFACE((#11432));
#11434=IFCPOLYLOOP((#10421,#10390,#10393));
#11435=IFCFACEOUTERBOUND(#11434,.T.);
#11436=IFCFACE((#11435));
#11437=IFCPOLYLOOP((#10396,#10422,#10395));
#11438=IFCFACEOUTERBOUND(#11437,.T.);
#11439=IFCFACE((#11438));
#11440=IFCPOLYLOOP((#10425,#10311,#10481,#10397));
#11441=IFCFACEOUTERBOUND(#11440,.T.);
#11442=IFCFACE((#11441));
#11443=IFCPOLYLOOP((#10424,#10345,#10396));
#11444=IFCFACEOUTERBOUND(#11443,.T.);
#11445=IFCFACE((#11444));
#11446=IFCPOLYLOOP((#10484,#10397,#10426));
#11447=IFCFACEOUTERBOUND(#11446,.T.);
#11448=IFCFACE((#11447));
#11449=IFCPOLYLOOP((#10404,#10426,#10346));
#11450=IFCFACEOUTERBOUND(#11449,.T.);
#11451=IFCFACE((#11450));
#11452=IFCPOLYLOOP((#10426,#10347,#10483));
#11453=IFCFACEOUTERBOUND(#11452,.T.);
#11454=IFCFACE((#11453));
#11455=IFCPOLYLOOP((#10428,#10431,#10430,#10363));
#11456=IFCFACEOUTERBOUND(#11455,.T.);
#11457=IFCFACE((#11456));
#11458=IFCPOLYLOOP((#10362,#10399,#10427));
#11459=IFCFACEOUTERBOUND(#11458,.T.);
#11460=IFCFACE((#11459));
#11461=IFCPOLYLOOP((#10428,#10325,#10399));
#11462=IFCFACEOUTERBOUND(#11461,.T.);
#11463=IFCFACE((#11462));
#11464=IFCPOLYLOOP((#10362,#10431,#10399));
#11465=IFCFACEOUTERBOUND(#11464,.T.);
#11466=IFCFACE((#11465));
#11467=IFCPOLYLOOP((#10430,#10435,#10434,#10328));
#11468=IFCFACEOUTERBOUND(#11467,.T.);
#11469=IFCFACE((#11468));
#11470=IFCPOLYLOOP((#10364,#10401,#10432));
#11471=IFCFACEOUTERBOUND(#11470,.T.);
#11472=IFCFACE((#11471));
#11473=IFCPOLYLOOP((#10433,#10311,#10401));
#11474=IFCFACEOUTERBOUND(#11473,.T.);
#11475=IFCFACE((#11474));
#11476=IFCPOLYLOOP((#10327,#10435,#10400));
#11477=IFCFACEOUTERBOUND(#11476,.T.);
#11478=IFCFACE((#11477));
#11479=IFCPOLYLOOP((#10327,#10402,#10435));
#11480=IFCFACEOUTERBOUND(#11479,.T.);
#11481=IFCFACE((#11480));
#11482=IFCPOLYLOOP((#10364,#10437,#10401));
#11483=IFCFACEOUTERBOUND(#11482,.T.);
#11484=IFCFACE((#11483));
#11485=IFCPOLYLOOP((#10367,#10442,#10403));
#11486=IFCFACEOUTERBOUND(#11485,.T.);
#11487=IFCFACE((#11486));
#11488=IFCPOLYLOOP((#10438,#10330,#10403));
#11489=IFCFACEOUTERBOUND(#11488,.T.);
#11490=IFCFACE((#11489));
#11491=IFCPOLYLOOP((#10441,#10442,#10404));
#11492=IFCFACEOUTERBOUND(#11491,.T.);
#11493=IFCFACE((#11492));
#11494=IFCPOLYLOOP((#10444,#10447,#10369));
#11495=IFCFACEOUTERBOUND(#11494,.T.);
#11496=IFCFACE((#11495));
#11497=IFCPOLYLOOP((#10444,#10313,#10405));
#11498=IFCFACEOUTERBOUND(#11497,.T.);
#11499=IFCFACE((#11498));
#11500=IFCPOLYLOOP((#10446,#10369,#10406));
#11501=IFCFACEOUTERBOUND(#11500,.T.);
#11502=IFCFACE((#11501));
#11503=IFCPOLYLOOP((#10368,#10447,#10405));
#11504=IFCFACEOUTERBOUND(#11503,.T.);
#11505=IFCFACE((#11504));
#11506=IFCPOLYLOOP((#10452,#10407,#10449));
#11507=IFCFACEOUTERBOUND(#11506,.T.);
#11508=IFCFACE((#11507));
#11509=IFCPOLYLOOP((#10452,#10449,#10371));
#11510=IFCFACEOUTERBOUND(#11509,.T.);
#11511=IFCFACE((#11510));
#11512=IFCPOLYLOOP((#10452,#10451,#10370));
#11513=IFCFACEOUTERBOUND(#11512,.T.);
#11514=IFCFACE((#11513));
#11515=IFCPOLYLOOP((#10451,#10452,#10408));
#11516=IFCFACEOUTERBOUND(#11515,.T.);
#11517=IFCFACE((#11516));
#11518=IFCPOLYLOOP((#10457,#10409,#10454));
#11519=IFCFACEOUTERBOUND(#11518,.T.);
#11520=IFCFACE((#11519));
#11521=IFCPOLYLOOP((#10329,#10409,#10453));
#11522=IFCFACEOUTERBOUND(#11521,.T.);
#11523=IFCFACE((#11522));
#11524=IFCPOLYLOOP((#10457,#10454,#10373));
#11525=IFCFACEOUTERBOUND(#11524,.T.);
#11526=IFCFACE((#11525));
#11527=IFCPOLYLOOP((#10456,#10457,#10410));
#11528=IFCFACEOUTERBOUND(#11527,.T.);
#11529=IFCFACE((#11528));
#11530=IFCPOLYLOOP((#10462,#10411,#10459));
#11531=IFCFACEOUTERBOUND(#11530,.T.);
#11532=IFCFACE((#11531));
#11533=IFCPOLYLOOP((#10462,#10459,#10375));
#11534=IFCFACEOUTERBOUND(#11533,.T.);
#11535=IFCFACE((#11534));
#11536=IFCPOLYLOOP((#10462,#10461,#10374));
#11537=IFCFACEOUTERBOUND(#11536,.T.);
#11538=IFCFACE((#11537));
#11539=IFCPOLYLOOP((#10461,#10462,#10412));
#11540=IFCFACEOUTERBOUND(#11539,.T.);
#11541=IFCFACE((#11540));
#11542=IFCPOLYLOOP((#10424,#10466,#10344));
#11543=IFCFACEOUTERBOUND(#11542,.T.);
#11544=IFCFACE((#11543));
#11545=IFCPOLYLOOP((#10464,#10316,#10413));
#11546=IFCFACEOUTERBOUND(#11545,.T.);
#11547=IFCFACE((#11546));
#11548=IFCPOLYLOOP((#10343,#10466,#10396));
#11549=IFCFACEOUTERBOUND(#11548,.T.);
#11550=IFCFACE((#11549));
#11551=IFCPOLYLOOP((#10467,#10466,#10343));
#11552=IFCFACEOUTERBOUND(#11551,.T.);
#11553=IFCFACE((#11552));
#11554=IFCPOLYLOOP((#10467,#10377,#10414));
#11555=IFCFACEOUTERBOUND(#11554,.T.);
#11556=IFCFACE((#11555));
#11557=IFCPOLYLOOP((#10376,#10468,#10413));
#11558=IFCFACEOUTERBOUND(#11557,.T.);
#11559=IFCFACE((#11558));
#11560=IFCPOLYLOOP((#10446,#10471,#10319));
#11561=IFCFACEOUTERBOUND(#11560,.T.);
#11562=IFCFACE((#11561));
#11563=IFCPOLYLOOP((#10470,#10319,#10415));
#11564=IFCFACEOUTERBOUND(#11563,.T.);
#11565=IFCFACE((#11564));
#11566=IFCPOLYLOOP((#10320,#10471,#10406));
#11567=IFCFACEOUTERBOUND(#11566,.T.);
#11568=IFCFACE((#11567));
#11569=IFCPOLYLOOP((#10421,#10473,#10317));
#11570=IFCFACEOUTERBOUND(#11569,.T.);
#11571=IFCFACE((#11570));
#11572=IFCPOLYLOOP((#10318,#10473,#10393));
#11573=IFCFACEOUTERBOUND(#11572,.T.);
#11574=IFCFACE((#11573));
#11575=IFCPOLYLOOP((#10474,#10473,#10318));
#11576=IFCFACEOUTERBOUND(#11575,.T.);
#11577=IFCFACE((#11576));
#11578=IFCPOLYLOOP((#10474,#10379,#10416));
#11579=IFCFACEOUTERBOUND(#11578,.T.);
#11580=IFCFACE((#11579));
#11581=IFCPOLYLOOP((#10378,#10475,#10415));
#11582=IFCFACEOUTERBOUND(#11581,.T.);
#11583=IFCFACE((#11582));
#11584=IFCPOLYLOOP((#10427,#10477,#10476,#10326));
#11585=IFCFACEOUTERBOUND(#11584,.T.);
#11586=IFCFACE((#11585));
#11587=IFCPOLYLOOP((#10325,#10477,#10399));
#11588=IFCFACEOUTERBOUND(#11587,.T.);
#11589=IFCFACE((#11588));
#11590=IFCPOLYLOOP((#10478,#10477,#10325));
#11591=IFCFACEOUTERBOUND(#11590,.T.);
#11592=IFCFACE((#11591));
#11593=IFCPOLYLOOP((#10478,#10395,#10422));
#11594=IFCFACEOUTERBOUND(#11593,.T.);
#11595=IFCFACE((#11594));
#11596=IFCPOLYLOOP((#10479,#10480,#10425));
#11597=IFCFACEOUTERBOUND(#11596,.T.);
#11598=IFCFACE((#11597));
#11599=IFCPOLYLOOP((#10397,#10484,#10425));
#11600=IFCFACEOUTERBOUND(#11599,.T.);
#11601=IFCFACE((#11600));
#11602=IFCPOLYLOOP((#10483,#10484,#10426));
#11603=IFCFACEOUTERBOUND(#11602,.T.);
#11604=IFCFACE((#11603));
#11605=IFCPOLYLOOP((#10485,#10305,#10349,#10336,#10354,#10323,#10361,#10322,#10387,#10342,#10418,#10341,#10460,#10375,#10459,#10312,#10448,#10370,#10451,#10331,#10455,#10373,#10454,#10330,#10438,#10366,#10441,#10346,#10482,#10397,#10481,#10311,#10433,#10365,#10436,#10327,#10429,#10362,#10427,#10326,#10476,#10345,#10424,#10344,#10465,#10376,#10463,#10313,#10444,#10369,#10446,#10319,#10470,#10379,#10474,#10318,#10420,#10335,#10394,#10334,#10338,#10350,#10310,#10486));
#11606=IFCFACEOUTERBOUND(#11605,.T.);
#11607=IFCFACE((#11606));
#11608=IFCPOLYLOOP((#10249,#10248,#10487,#10488));
#11609=IFCFACEOUTERBOUND(#11608,.T.);
#11610=IFCFACE((#11609));
#11611=IFCPOLYLOOP((#10252,#10489,#10490,#10493,#10495,#10253));
#11612=IFCFACEOUTERBOUND(#11611,.T.);
#11613=IFCFACE((#11612));
#11614=IFCPOLYLOOP((#10496,#10498,#10494,#10497));
#11615=IFCFACEOUTERBOUND(#11614,.T.);
#11616=IFCFACE((#11615));
#11617=IFCPOLYLOOP((#10497,#10256,#10499));
#11618=IFCFACEOUTERBOUND(#11617,.T.);
#11619=IFCFACE((#11618));
#11620=IFCPOLYLOOP((#10490,#10491,#10500));
#11621=IFCFACEOUTERBOUND(#11620,.T.);
#11622=IFCFACE((#11621));
#11623=IFCPOLYLOOP((#10496,#10493,#10500));
#11624=IFCFACEOUTERBOUND(#11623,.T.);
#11625=IFCFACE((#11624));
#11626=IFCPOLYLOOP((#10253,#10495,#10499));
#11627=IFCFACEOUTERBOUND(#11626,.T.);
#11628=IFCFACE((#11627));
#11629=IFCPOLYLOOP((#10496,#10495,#10493));
#11630=IFCFACEOUTERBOUND(#11629,.T.);
#11631=IFCFACE((#11630));
#11632=IFCPOLYLOOP((#10498,#10496,#10500));
#11633=IFCFACEOUTERBOUND(#11632,.T.);
#11634=IFCFACE((#11633));
#11635=IFCPOLYLOOP((#10497,#10499,#10496));
#11636=IFCFACEOUTERBOUND(#11635,.T.);
#11637=IFCFACE((#11636));
#11638=IFCPOLYLOOP((#10499,#10495,#10496));
#11639=IFCFACEOUTERBOUND(#11638,.T.);
#11640=IFCFACE((#11639));
#11641=IFCPOLYLOOP((#10497,#10257,#10256));
#11642=IFCFACEOUTERBOUND(#11641,.T.);
#11643=IFCFACE((#11642));
#11644=IFCPOLYLOOP((#10491,#10492,#10498));
#11645=IFCFACEOUTERBOUND(#11644,.T.);
#11646=IFCFACE((#11645));
#11647=IFCPOLYLOOP((#10253,#10499,#10256));
#11648=IFCFACEOUTERBOUND(#11647,.T.);
#11649=IFCFACE((#11648));
#11650=IFCPOLYLOOP((#10490,#10500,#10493));
#11651=IFCFACEOUTERBOUND(#11650,.T.);
#11652=IFCFACE((#11651));
#11653=IFCPOLYLOOP((#10498,#10500,#10491));
#11654=IFCFACEOUTERBOUND(#11653,.T.);
#11655=IFCFACE((#11654));
#11656=IFCPOLYLOOP((#10511,#10516,#10520));
#11657=IFCFACEOUTERBOUND(#11656,.T.);
#11658=IFCFACE((#11657));
#11659=IFCPOLYLOOP((#10532,#10531,#10527));
#11660=IFCFACEOUTERBOUND(#11659,.T.);
#11661=IFCFACE((#11660));
#11662=IFCPOLYLOOP((#10521,#10533,#10514));
#11663=IFCFACEOUTERBOUND(#11662,.T.);
#11664=IFCFACE((#11663));
#11665=IFCPOLYLOOP((#10527,#10506,#10525));
#11666=IFCFACEOUTERBOUND(#11665,.T.);
#11667=IFCFACE((#11666));
#11668=IFCPOLYLOOP((#10507,#10521,#10514));
#11669=IFCFACEOUTERBOUND(#11668,.T.);
#11670=IFCFACE((#11669));
#11671=IFCPOLYLOOP((#10524,#10528,#10521));
#11672=IFCFACEOUTERBOUND(#11671,.T.);
#11673=IFCFACE((#11672));
#11674=IFCPOLYLOOP((#10502,#10518,#10533));
#11675=IFCFACEOUTERBOUND(#11674,.T.);
#11676=IFCFACE((#11675));
#11677=IFCPOLYLOOP((#10517,#10525,#10506));
#11678=IFCFACEOUTERBOUND(#11677,.T.);
#11679=IFCFACE((#11678));
#11680=IFCPOLYLOOP((#10508,#10525,#10513));
#11681=IFCFACEOUTERBOUND(#11680,.T.);
#11682=IFCFACE((#11681));
#11683=IFCPOLYLOOP((#10505,#10531,#10526));
#11684=IFCFACEOUTERBOUND(#11683,.T.);
#11685=IFCFACE((#11684));
#11686=IFCPOLYLOOP((#10524,#10521,#10507));
#11687=IFCFACEOUTERBOUND(#11686,.T.);
#11688=IFCFACE((#11687));
#11689=IFCPOLYLOOP((#10511,#10520,#10529));
#11690=IFCFACEOUTERBOUND(#11689,.T.);
#11691=IFCFACE((#11690));
#11692=IFCPOLYLOOP((#10512,#10513,#10529));
#11693=IFCFACEOUTERBOUND(#11692,.T.);
#11694=IFCFACE((#11693));
#11695=IFCPOLYLOOP((#10513,#10525,#10529));
#11696=IFCFACEOUTERBOUND(#11695,.T.);
#11697=IFCFACE((#11696));
#11698=IFCPOLYLOOP((#10501,#10502,#10533));
#11699=IFCFACEOUTERBOUND(#11698,.T.);
#11700=IFCFACE((#11699));
#11701=IFCPOLYLOOP((#10309,#10308,#10519));
#11702=IFCFACEOUTERBOUND(#11701,.T.);
#11703=IFCFACE((#11702));
#11704=IFCPOLYLOOP((#10512,#10520,#10519));
#11705=IFCFACEOUTERBOUND(#11704,.T.);
#11706=IFCFACE((#11705));
#11707=IFCPOLYLOOP((#10516,#10310,#10309));
#11708=IFCFACEOUTERBOUND(#11707,.T.);
#11709=IFCFACE((#11708));
#11710=IFCPOLYLOOP((#10502,#10503,#10518));
#11711=IFCFACEOUTERBOUND(#11710,.T.);
#11712=IFCFACE((#11711));
#11713=IFCPOLYLOOP((#10521,#10510,#10533));
#11714=IFCFACEOUTERBOUND(#11713,.T.);
#11715=IFCFACE((#11714));
#11716=IFCPOLYLOOP((#10519,#10520,#10309));
#11717=IFCFACEOUTERBOUND(#11716,.T.);
#11718=IFCFACE((#11717));
#11719=IFCPOLYLOOP((#10309,#10520,#10516));
#11720=IFCFACEOUTERBOUND(#11719,.T.);
#11721=IFCFACE((#11720));
#11722=IFCPOLYLOOP((#10510,#10521,#10528));
#11723=IFCFACEOUTERBOUND(#11722,.T.);
#11724=IFCFACE((#11723));
#11725=IFCPOLYLOOP((#10533,#10510,#10515,#10501));
#11726=IFCFACEOUTERBOUND(#11725,.T.);
#11727=IFCFACE((#11726));
#11728=IFCPOLYLOOP((#10507,#10522,#10524));
#11729=IFCFACEOUTERBOUND(#11728,.T.);
#11730=IFCFACE((#11729));
#11731=IFCPOLYLOOP((#10523,#10526,#10531));
#11732=IFCFACEOUTERBOUND(#11731,.T.);
#11733=IFCFACE((#11732));
#11734=IFCPOLYLOOP((#10504,#10526,#10523));
#11735=IFCFACEOUTERBOUND(#11734,.T.);
#11736=IFCFACE((#11735));
#11737=IFCPOLYLOOP((#10526,#10524,#10522));
#11738=IFCFACEOUTERBOUND(#11737,.T.);
#11739=IFCFACE((#11738));
#11740=IFCPOLYLOOP((#10525,#10508,#10527));
#11741=IFCFACEOUTERBOUND(#11740,.T.);
#11742=IFCFACE((#11741));
#11743=IFCPOLYLOOP((#10517,#10511,#10529));
#11744=IFCFACEOUTERBOUND(#11743,.T.);
#11745=IFCFACE((#11744));
#11746=IFCPOLYLOOP((#10524,#10526,#10504));
#11747=IFCFACEOUTERBOUND(#11746,.T.);
#11748=IFCFACE((#11747));
#11749=IFCPOLYLOOP((#10505,#10526,#10522));
#11750=IFCFACEOUTERBOUND(#11749,.T.);
#11751=IFCFACE((#11750));
#11752=IFCPOLYLOOP((#10531,#10532,#10509,#10523));
#11753=IFCFACEOUTERBOUND(#11752,.T.);
#11754=IFCFACE((#11753));
#11755=IFCPOLYLOOP((#10527,#10531,#10530));
#11756=IFCFACEOUTERBOUND(#11755,.T.);
#11757=IFCFACE((#11756));
#11758=IFCPOLYLOOP((#10524,#10504,#10528));
#11759=IFCFACEOUTERBOUND(#11758,.T.);
#11760=IFCFACE((#11759));
#11761=IFCPOLYLOOP((#10529,#10520,#10512));
#11762=IFCFACEOUTERBOUND(#11761,.T.);
#11763=IFCFACE((#11762));
#11764=IFCPOLYLOOP((#10517,#10529,#10525));
#11765=IFCFACEOUTERBOUND(#11764,.T.);
#11766=IFCFACE((#11765));
#11767=IFCPOLYLOOP((#10530,#10531,#10505));
#11768=IFCFACEOUTERBOUND(#11767,.T.);
#11769=IFCFACE((#11768));
#11770=IFCPOLYLOOP((#10530,#10506,#10527));
#11771=IFCFACEOUTERBOUND(#11770,.T.);
#11772=IFCFACE((#11771));
#11773=IFCPOLYLOOP((#10527,#10508,#10532));
#11774=IFCFACEOUTERBOUND(#11773,.T.);
#11775=IFCFACE((#11774));
#11776=IFCPOLYLOOP((#10533,#10518,#10514));
#11777=IFCFACEOUTERBOUND(#11776,.T.);
#11778=IFCFACE((#11777));
#11779=IFCPOLYLOOP((#10486,#10310,#10516,#10511,#10517,#10506,#10530,#10505,#10522,#10507,#10514,#10518,#10503,#10534));
#11780=IFCFACEOUTERBOUND(#11779,.T.);
#11781=IFCFACE((#11780));
#11782=IFCPOLYLOOP((#10488,#10487,#10535,#10536));
#11783=IFCFACEOUTERBOUND(#11782,.T.);
#11784=IFCFACE((#11783));
#11785=IFCPOLYLOOP((#10490,#10489,#10537,#10538,#10549,#10548,#10572,#10546,#10559,#10558,#10567,#10544,#10581,#10554,#10576,#10545,#10552,#10551,#10561));
#11786=IFCFACEOUTERBOUND(#11785,.T.);
#11787=IFCFACE((#11786));
#11788=IFCPOLYLOOP((#10569,#10560,#10547));
#11789=IFCFACEOUTERBOUND(#11788,.T.);
#11790=IFCFACE((#11789));
#11791=IFCPOLYLOOP((#10562,#10578,#10574));
#11792=IFCFACEOUTERBOUND(#11791,.T.);
#11793=IFCFACE((#11792));
#11794=IFCPOLYLOOP((#10561,#10585,#10586));
#11795=IFCFACEOUTERBOUND(#11794,.T.);
#11796=IFCFACE((#11795));
#11797=IFCPOLYLOOP((#10547,#10571,#10569));
#11798=IFCFACEOUTERBOUND(#11797,.T.);
#11799=IFCFACE((#11798));
#11800=IFCPOLYLOOP((#10585,#10561,#10551));
#11801=IFCFACEOUTERBOUND(#11800,.T.);
#11802=IFCFACE((#11801));
#11803=IFCPOLYLOOP((#10563,#10564,#10565));
#11804=IFCFACEOUTERBOUND(#11803,.T.);
#11805=IFCFACE((#11804));
#11806=IFCPOLYLOOP((#10552,#10545,#10574));
#11807=IFCFACEOUTERBOUND(#11806,.T.);
#11808=IFCFACE((#11807));
#11809=IFCPOLYLOOP((#10555,#10556,#10577));
#11810=IFCFACEOUTERBOUND(#11809,.T.);
#11811=IFCFACE((#11810));
#11812=IFCPOLYLOOP((#10566,#10568,#10587));
#11813=IFCFACEOUTERBOUND(#11812,.T.);
#11814=IFCFACE((#11813));
#11815=IFCPOLYLOOP((#10581,#10582,#10579));
#11816=IFCFACEOUTERBOUND(#11815,.T.);
#11817=IFCFACE((#11816));
#11818=IFCPOLYLOOP((#10584,#10571,#10570));
#11819=IFCFACEOUTERBOUND(#11818,.T.);
#11820=IFCFACE((#11819));
#11821=IFCPOLYLOOP((#10573,#10538,#10539));
#11822=IFCFACEOUTERBOUND(#11821,.T.);
#11823=IFCFACE((#11822));
#11824=IFCPOLYLOOP((#10560,#10569,#10573));
#11825=IFCFACEOUTERBOUND(#11824,.T.);
#11826=IFCFACE((#11825));
#11827=IFCPOLYLOOP((#10586,#10585,#10553));
#11828=IFCFACEOUTERBOUND(#11827,.T.);
#11829=IFCFACE((#11828));
#11830=IFCPOLYLOOP((#10555,#10577,#10579));
#11831=IFCFACEOUTERBOUND(#11830,.T.);
#11832=IFCFACE((#11831));
#11833=IFCPOLYLOOP((#10578,#10552,#10574));
#11834=IFCFACEOUTERBOUND(#11833,.T.);
#11835=IFCFACE((#11834));
#11836=IFCPOLYLOOP((#10490,#10561,#10586));
#11837=IFCFACEOUTERBOUND(#11836,.T.);
#11838=IFCFACE((#11837));
#11839=IFCPOLYLOOP((#10492,#10491,#10586));
#11840=IFCFACEOUTERBOUND(#11839,.T.);
#11841=IFCFACE((#11840));
#11842=IFCPOLYLOOP((#10575,#10542,#10574));
#11843=IFCFACEOUTERBOUND(#11842,.T.);
#11844=IFCFACE((#11843));
#11845=IFCPOLYLOOP((#10577,#10575,#10576));
#11846=IFCFACEOUTERBOUND(#11845,.T.);
#11847=IFCFACE((#11846));
#11848=IFCPOLYLOOP((#10543,#10563,#10565));
#11849=IFCFACEOUTERBOUND(#11848,.T.);
#11850=IFCFACE((#11849));
#11851=IFCPOLYLOOP((#10558,#10564,#10566));
#11852=IFCFACEOUTERBOUND(#11851,.T.);
#11853=IFCFACE((#11852));
#11854=IFCPOLYLOOP((#10558,#10559,#10564));
#11855=IFCFACEOUTERBOUND(#11854,.T.);
#11856=IFCFACE((#11855));
#11857=IFCPOLYLOOP((#10540,#10560,#10573));
#11858=IFCFACEOUTERBOUND(#11857,.T.);
#11859=IFCFACE((#11858));
#11860=IFCPOLYLOOP((#10569,#10548,#10549));
#11861=IFCFACEOUTERBOUND(#11860,.T.);
#11862=IFCFACE((#11861));
#11863=IFCPOLYLOOP((#10564,#10557,#10566));
#11864=IFCFACEOUTERBOUND(#11863,.T.);
#11865=IFCFACE((#11864));
#11866=IFCPOLYLOOP((#10578,#10550,#10585));
#11867=IFCFACEOUTERBOUND(#11866,.T.);
#11868=IFCFACE((#11867));
#11869=IFCPOLYLOOP((#10557,#10564,#10563));
#11870=IFCFACEOUTERBOUND(#11869,.T.);
#11871=IFCFACE((#11870));
#11872=IFCPOLYLOOP((#10565,#10564,#10559));
#11873=IFCFACEOUTERBOUND(#11872,.T.);
#11874=IFCFACE((#11873));
#11875=IFCPOLYLOOP((#10559,#10546,#10565));
#11876=IFCFACEOUTERBOUND(#11875,.T.);
#11877=IFCFACE((#11876));
#11878=IFCPOLYLOOP((#10565,#10546,#10584));
#11879=IFCFACEOUTERBOUND(#11878,.T.);
#11880=IFCFACE((#11879));
#11881=IFCPOLYLOOP((#10568,#10541,#10583));
#11882=IFCFACEOUTERBOUND(#11881,.T.);
#11883=IFCFACE((#11882));
#11884=IFCPOLYLOOP((#10566,#10557,#10568));
#11885=IFCFACEOUTERBOUND(#11884,.T.);
#11886=IFCFACE((#11885));
#11887=IFCPOLYLOOP((#10541,#10582,#10583));
#11888=IFCFACEOUTERBOUND(#11887,.T.);
#11889=IFCFACE((#11888));
#11890=IFCPOLYLOOP((#10567,#10558,#10566));
#11891=IFCFACEOUTERBOUND(#11890,.T.);
#11892=IFCFACE((#11891));
#11893=IFCPOLYLOOP((#10569,#10549,#10573));
#11894=IFCFACEOUTERBOUND(#11893,.T.);
#11895=IFCFACE((#11894));
#11896=IFCPOLYLOOP((#10538,#10573,#10549));
#11897=IFCFACEOUTERBOUND(#11896,.T.);
#11898=IFCFACE((#11897));
#11899=IFCPOLYLOOP((#10569,#10571,#10548));
#11900=IFCFACEOUTERBOUND(#11899,.T.);
#11901=IFCFACE((#11900));
#11902=IFCPOLYLOOP((#10547,#10570,#10571));
#11903=IFCFACEOUTERBOUND(#11902,.T.);
#11904=IFCFACE((#11903));
#11905=IFCPOLYLOOP((#10546,#10572,#10584));
#11906=IFCFACEOUTERBOUND(#11905,.T.);
#11907=IFCFACE((#11906));
#11908=IFCPOLYLOOP((#10543,#10584,#10570));
#11909=IFCFACEOUTERBOUND(#11908,.T.);
#11910=IFCFACE((#11909));
#11911=IFCPOLYLOOP((#10572,#10548,#10571));
#11912=IFCFACEOUTERBOUND(#11911,.T.);
#11913=IFCFACE((#11912));
#11914=IFCPOLYLOOP((#10540,#10573,#10539));
#11915=IFCFACEOUTERBOUND(#11914,.T.);
#11916=IFCFACE((#11915));
#11917=IFCPOLYLOOP((#10575,#10574,#10545));
#11918=IFCFACEOUTERBOUND(#11917,.T.);
#11919=IFCFACE((#11918));
#11920=IFCPOLYLOOP((#10562,#10574,#10542));
#11921=IFCFACEOUTERBOUND(#11920,.T.);
#11922=IFCFACE((#11921));
#11923=IFCPOLYLOOP((#10577,#10554,#10579));
#11924=IFCFACEOUTERBOUND(#11923,.T.);
#11925=IFCFACE((#11924));
#11926=IFCPOLYLOOP((#10556,#10542,#10575));
#11927=IFCFACEOUTERBOUND(#11926,.T.);
#11928=IFCFACE((#11927));
#11929=IFCPOLYLOOP((#10575,#10545,#10576));
#11930=IFCFACEOUTERBOUND(#11929,.T.);
#11931=IFCFACE((#11930));
#11932=IFCPOLYLOOP((#10577,#10576,#10554));
#11933=IFCFACEOUTERBOUND(#11932,.T.);
#11934=IFCFACE((#11933));
#11935=IFCPOLYLOOP((#10575,#10577,#10556));
#11936=IFCFACEOUTERBOUND(#11935,.T.);
#11937=IFCFACE((#11936));
#11938=IFCPOLYLOOP((#10550,#10578,#10562));
#11939=IFCFACEOUTERBOUND(#11938,.T.);
#11940=IFCFACE((#11939));
#11941=IFCPOLYLOOP((#10551,#10552,#10578));
#11942=IFCFACEOUTERBOUND(#11941,.T.);
#11943=IFCFACE((#11942));
#11944=IFCPOLYLOOP((#10582,#10581,#10544));
#11945=IFCFACEOUTERBOUND(#11944,.T.);
#11946=IFCFACE((#11945));
#11947=IFCPOLYLOOP((#10579,#10554,#10581));
#11948=IFCFACEOUTERBOUND(#11947,.T.);
#11949=IFCFACE((#11948));
#11950=IFCPOLYLOOP((#10582,#10541,#10580));
#11951=IFCFACEOUTERBOUND(#11950,.T.);
#11952=IFCFACE((#11951));
#11953=IFCPOLYLOOP((#10580,#10555,#10579));
#11954=IFCFACEOUTERBOUND(#11953,.T.);
#11955=IFCFACE((#11954));
#11956=IFCPOLYLOOP((#10582,#10544,#10583));
#11957=IFCFACEOUTERBOUND(#11956,.T.);
#11958=IFCFACE((#11957));
#11959=IFCPOLYLOOP((#10579,#10582,#10580));
#11960=IFCFACEOUTERBOUND(#11959,.T.);
#11961=IFCFACE((#11960));
#11962=IFCPOLYLOOP((#10544,#10567,#10583));
#11963=IFCFACEOUTERBOUND(#11962,.T.);
#11964=IFCFACE((#11963));
#11965=IFCPOLYLOOP((#10583,#10567,#10587));
#11966=IFCFACEOUTERBOUND(#11965,.T.);
#11967=IFCFACE((#11966));
#11968=IFCPOLYLOOP((#10584,#10572,#10571));
#11969=IFCFACEOUTERBOUND(#11968,.T.);
#11970=IFCFACE((#11969));
#11971=IFCPOLYLOOP((#10565,#10584,#10543));
#11972=IFCFACEOUTERBOUND(#11971,.T.);
#11973=IFCFACE((#11972));
#11974=IFCPOLYLOOP((#10578,#10585,#10551));
#11975=IFCFACEOUTERBOUND(#11974,.T.);
#11976=IFCFACE((#11975));
#11977=IFCPOLYLOOP((#10553,#10585,#10550));
#11978=IFCFACEOUTERBOUND(#11977,.T.);
#11979=IFCFACE((#11978));
#11980=IFCPOLYLOOP((#10492,#10586,#10553));
#11981=IFCFACEOUTERBOUND(#11980,.T.);
#11982=IFCFACE((#11981));
#11983=IFCPOLYLOOP((#10490,#10586,#10491));
#11984=IFCFACEOUTERBOUND(#11983,.T.);
#11985=IFCFACE((#11984));
#11986=IFCPOLYLOOP((#10583,#10587,#10568));
#11987=IFCFACEOUTERBOUND(#11986,.T.);
#11988=IFCFACE((#11987));
#11989=IFCPOLYLOOP((#10567,#10566,#10587));
#11990=IFCFACEOUTERBOUND(#11989,.T.);
#11991=IFCFACE((#11990));
#11992=IFCPOLYLOOP((#10619,#10637,#10638));
#11993=IFCFACEOUTERBOUND(#11992,.T.);
#11994=IFCFACE((#11993));
#11995=IFCPOLYLOOP((#10682,#10607,#10716));
#11996=IFCFACEOUTERBOUND(#11995,.T.);
#11997=IFCFACE((#11996));
#11998=IFCPOLYLOOP((#10751,#10726,#10686));
#11999=IFCFACEOUTERBOUND(#11998,.T.);
#12000=IFCFACE((#11999));
#12001=IFCPOLYLOOP((#10702,#10625,#10756));
#12002=IFCFACEOUTERBOUND(#12001,.T.);
#12003=IFCFACE((#12002));
#12004=IFCPOLYLOOP((#10639,#10660,#10668));
#12005=IFCFACEOUTERBOUND(#12004,.T.);
#12006=IFCFACE((#12005));
#12007=IFCPOLYLOOP((#10635,#10604,#10640));
#12008=IFCFACEOUTERBOUND(#12007,.T.);
#12009=IFCFACE((#12008));
#12010=IFCPOLYLOOP((#10688,#10651,#10730,#10612));
#12011=IFCFACEOUTERBOUND(#12010,.T.);
#12012=IFCFACE((#12011));
#12013=IFCPOLYLOOP((#10669,#10672,#10671));
#12014=IFCFACEOUTERBOUND(#12013,.T.);
#12015=IFCFACE((#12014));
#12016=IFCPOLYLOOP((#10632,#10631,#10617,#10633));
#12017=IFCFACEOUTERBOUND(#12016,.T.);
#12018=IFCFACE((#12017));
#12019=IFCPOLYLOOP((#10759,#10764,#10763,#10628));
#12020=IFCFACEOUTERBOUND(#12019,.T.);
#12021=IFCFACE((#12020));
#12022=IFCPOLYLOOP((#10753,#10754,#10696));
#12023=IFCFACEOUTERBOUND(#12022,.T.);
#12024=IFCFACE((#12023));
#12025=IFCPOLYLOOP((#10671,#10672,#10670));
#12026=IFCFACEOUTERBOUND(#12025,.T.);
#12027=IFCFACE((#12026));
#12028=IFCPOLYLOOP((#10755,#10750,#10695));
#12029=IFCFACEOUTERBOUND(#12028,.T.);
#12030=IFCFACE((#12029));
#12031=IFCPOLYLOOP((#10727,#10724,#10685));
#12032=IFCFACEOUTERBOUND(#12031,.T.);
#12033=IFCFACE((#12032));
#12034=IFCPOLYLOOP((#10662,#10602,#10660));
#12035=IFCFACEOUTERBOUND(#12034,.T.);
#12036=IFCFACE((#12035));
#12037=IFCPOLYLOOP((#10692,#10742,#10655));
#12038=IFCFACEOUTERBOUND(#12037,.T.);
#12039=IFCFACE((#12038));
#12040=IFCPOLYLOOP((#10604,#10635,#10633));
#12041=IFCFACEOUTERBOUND(#12040,.T.);
#12042=IFCFACE((#12041));
#12043=IFCPOLYLOOP((#10636,#10588,#10589));
#12044=IFCFACEOUTERBOUND(#12043,.T.);
#12045=IFCFACE((#12044));
#12046=IFCPOLYLOOP((#10502,#10501,#10631));
#12047=IFCFACEOUTERBOUND(#12046,.T.);
#12048=IFCFACE((#12047));
#12049=IFCPOLYLOOP((#10711,#10708,#10679));
#12050=IFCFACEOUTERBOUND(#12049,.T.);
#12051=IFCFACE((#12050));
#12052=IFCPOLYLOOP((#10746,#10747,#10694));
#12053=IFCFACEOUTERBOUND(#12052,.T.);
#12054=IFCFACE((#12053));
#12055=IFCPOLYLOOP((#10715,#10710,#10680));
#12056=IFCFACEOUTERBOUND(#12055,.T.);
#12057=IFCFACE((#12056));
#12058=IFCPOLYLOOP((#10717,#10713,#10681));
#12059=IFCFACEOUTERBOUND(#12058,.T.);
#12060=IFCFACE((#12059));
#12061=IFCPOLYLOOP((#10764,#10759,#10705));
#12062=IFCFACEOUTERBOUND(#12061,.T.);
#12063=IFCFACE((#12062));
#12064=IFCPOLYLOOP((#10690,#10737,#10653));
#12065=IFCFACEOUTERBOUND(#12064,.T.);
#12066=IFCFACE((#12065));
#12067=IFCPOLYLOOP((#10690,#10653,#10735,#10611));
#12068=IFCFACEOUTERBOUND(#12067,.T.);
#12069=IFCFACE((#12068));
#12070=IFCPOLYLOOP((#10688,#10732,#10651));
#12071=IFCFACEOUTERBOUND(#12070,.T.);
#12072=IFCFACE((#12071));
#12073=IFCPOLYLOOP((#10632,#10629,#10502));
#12074=IFCFACEOUTERBOUND(#12073,.T.);
#12075=IFCFACE((#12074));
#12076=IFCPOLYLOOP((#10636,#10637,#10619));
#12077=IFCFACEOUTERBOUND(#12076,.T.);
#12078=IFCFACE((#12077));
#12079=IFCPOLYLOOP((#10638,#10669,#10613));
#12080=IFCFACEOUTERBOUND(#12079,.T.);
#12081=IFCFACE((#12080));
#12082=IFCPOLYLOOP((#10616,#10632,#10635));
#12083=IFCFACEOUTERBOUND(#12082,.T.);
#12084=IFCFACE((#12083));
#12085=IFCPOLYLOOP((#10614,#10669,#10638));
#12086=IFCFACEOUTERBOUND(#12085,.T.);
#12087=IFCFACE((#12086));
#12088=IFCPOLYLOOP((#10589,#10637,#10636));
#12089=IFCFACEOUTERBOUND(#12088,.T.);
#12090=IFCFACE((#12089));
#12091=IFCPOLYLOOP((#10665,#10666,#10622));
#12092=IFCFACEOUTERBOUND(#12091,.T.);
#12093=IFCFACE((#12092));
#12094=IFCPOLYLOOP((#10692,#10655,#10740,#10621));
#12095=IFCFACEOUTERBOUND(#12094,.T.);
#12096=IFCFACE((#12095));
#12097=IFCPOLYLOOP((#10665,#10664,#10663));
#12098=IFCFACEOUTERBOUND(#12097,.T.);
#12099=IFCFACE((#12098));
#12100=IFCPOLYLOOP((#10757,#10758,#10702));
#12101=IFCFACEOUTERBOUND(#12100,.T.);
#12102=IFCFACE((#12101));
#12103=IFCPOLYLOOP((#10748,#10744,#10693));
#12104=IFCFACEOUTERBOUND(#12103,.T.);
#12105=IFCFACE((#12104));
#12106=IFCPOLYLOOP((#10746,#10704,#10676));
#12107=IFCFACEOUTERBOUND(#12106,.T.);
#12108=IFCFACE((#12107));
#12109=IFCPOLYLOOP((#10684,#10722,#10647));
#12110=IFCFACEOUTERBOUND(#12109,.T.);
#12111=IFCFACE((#12110));
#12112=IFCPOLYLOOP((#10684,#10647,#10720,#10627));
#12113=IFCFACEOUTERBOUND(#12112,.T.);
#12114=IFCFACE((#12113));
#12115=IFCPOLYLOOP((#10594,#10712,#10760,#10759));
#12116=IFCFACEOUTERBOUND(#12115,.T.);
#12117=IFCFACE((#12116));
#12118=IFCPOLYLOOP((#10629,#10503,#10502));
#12119=IFCFACEOUTERBOUND(#12118,.T.);
#12120=IFCFACE((#12119));
#12121=IFCPOLYLOOP((#10589,#10590,#10630));
#12122=IFCFACEOUTERBOUND(#12121,.T.);
#12123=IFCFACE((#12122));
#12124=IFCPOLYLOOP((#10631,#10632,#10502));
#12125=IFCFACEOUTERBOUND(#12124,.T.);
#12126=IFCFACE((#12125));
#12127=IFCPOLYLOOP((#10616,#10629,#10632));
#12128=IFCFACEOUTERBOUND(#12127,.T.);
#12129=IFCFACE((#12128));
#12130=IFCPOLYLOOP((#10635,#10603,#10634,#10616));
#12131=IFCFACEOUTERBOUND(#12130,.T.);
#12132=IFCFACE((#12131));
#12133=IFCPOLYLOOP((#10635,#10632,#10633));
#12134=IFCFACEOUTERBOUND(#12133,.T.);
#12135=IFCFACE((#12134));
#12136=IFCPOLYLOOP((#10757,#10707,#10679));
#12137=IFCFACEOUTERBOUND(#12136,.T.);
#12138=IFCFACE((#12137));
#12139=IFCPOLYLOOP((#10637,#10589,#10630));
#12140=IFCFACEOUTERBOUND(#12139,.T.);
#12141=IFCFACE((#12140));
#12142=IFCPOLYLOOP((#10630,#10618,#10637));
#12143=IFCFACEOUTERBOUND(#12142,.T.);
#12144=IFCFACE((#12143));
#12145=IFCPOLYLOOP((#10638,#10637,#10618));
#12146=IFCFACEOUTERBOUND(#12145,.T.);
#12147=IFCFACE((#12146));
#12148=IFCPOLYLOOP((#10614,#10638,#10618));
#12149=IFCFACEOUTERBOUND(#12148,.T.);
#12150=IFCFACE((#12149));
#12151=IFCPOLYLOOP((#10638,#10613,#10678,#10619));
#12152=IFCFACEOUTERBOUND(#12151,.T.);
#12153=IFCFACE((#12152));
#12154=IFCPOLYLOOP((#10635,#10640,#10603));
#12155=IFCFACEOUTERBOUND(#12154,.T.);
#12156=IFCFACE((#12155));
#12157=IFCPOLYLOOP((#10640,#10604,#10661));
#12158=IFCFACEOUTERBOUND(#12157,.T.);
#12159=IFCFACE((#12158));
#12160=IFCPOLYLOOP((#10660,#10601,#10662));
#12161=IFCFACEOUTERBOUND(#12160,.T.);
#12162=IFCFACE((#12161));
#12163=IFCPOLYLOOP((#10660,#10602,#10641));
#12164=IFCFACEOUTERBOUND(#12163,.T.);
#12165=IFCFACE((#12164));
#12166=IFCPOLYLOOP((#10640,#10668,#10603));
#12167=IFCFACEOUTERBOUND(#12166,.T.);
#12168=IFCFACE((#12167));
#12169=IFCPOLYLOOP((#10680,#10642,#10709,#10607));
#12170=IFCFACEOUTERBOUND(#12169,.T.);
#12171=IFCFACE((#12170));
#12172=IFCPOLYLOOP((#10760,#10712,#10681));
#12173=IFCFACEOUTERBOUND(#12172,.T.);
#12174=IFCFACE((#12173));
#12175=IFCPOLYLOOP((#10682,#10644,#10714));
#12176=IFCFACEOUTERBOUND(#12175,.T.);
#12177=IFCFACE((#12176));
#12178=IFCPOLYLOOP((#10718,#10722,#10721,#10646));
#12179=IFCFACEOUTERBOUND(#12178,.T.);
#12180=IFCFACE((#12179));
#12181=IFCPOLYLOOP((#10722,#10718,#10683));
#12182=IFCFACEOUTERBOUND(#12181,.T.);
#12183=IFCFACE((#12182));
#12184=IFCPOLYLOOP((#10685,#10596,#10723,#10648));
#12185=IFCFACEOUTERBOUND(#12184,.T.);
#12186=IFCFACE((#12185));
#12187=IFCPOLYLOOP((#10686,#10648,#10725,#10600));
#12188=IFCFACEOUTERBOUND(#12187,.T.);
#12189=IFCFACE((#12188));
#12190=IFCPOLYLOOP((#10650,#10687,#10732));
#12191=IFCFACEOUTERBOUND(#12190,.T.);
#12192=IFCFACE((#12191));
#12193=IFCPOLYLOOP((#10687,#10650,#10728,#10592));
#12194=IFCFACEOUTERBOUND(#12193,.T.);
#12195=IFCFACE((#12194));
#12196=IFCPOLYLOOP((#10733,#10737,#10736,#10652));
#12197=IFCFACEOUTERBOUND(#12196,.T.);
#12198=IFCFACE((#12197));
#12199=IFCPOLYLOOP((#10737,#10733,#10689));
#12200=IFCFACEOUTERBOUND(#12199,.T.);
#12201=IFCFACE((#12200));
#12202=IFCPOLYLOOP((#10654,#10691,#10742));
#12203=IFCFACEOUTERBOUND(#12202,.T.);
#12204=IFCFACE((#12203));
#12205=IFCPOLYLOOP((#10691,#10654,#10738,#10595));
#12206=IFCFACEOUTERBOUND(#12205,.T.);
#12207=IFCFACE((#12206));
#12208=IFCPOLYLOOP((#10693,#10593,#10743,#10656));
#12209=IFCFACEOUTERBOUND(#12208,.T.);
#12210=IFCFACE((#12209));
#12211=IFCPOLYLOOP((#10694,#10656,#10745,#10624));
#12212=IFCFACEOUTERBOUND(#12211,.T.);
#12213=IFCFACE((#12212));
#12214=IFCPOLYLOOP((#10695,#10600,#10749,#10658));
#12215=IFCFACEOUTERBOUND(#12214,.T.);
#12216=IFCFACE((#12215));
#12217=IFCPOLYLOOP((#10696,#10658,#10752,#10597));
#12218=IFCFACEOUTERBOUND(#12217,.T.);
#12219=IFCFACE((#12218));
#12220=IFCPOLYLOOP((#10668,#10660,#10641));
#12221=IFCFACEOUTERBOUND(#12220,.T.);
#12222=IFCFACE((#12221));
#12223=IFCPOLYLOOP((#10660,#10639,#10697,#10601));
#12224=IFCFACEOUTERBOUND(#12223,.T.);
#12225=IFCFACE((#12224));
#12226=IFCPOLYLOOP((#10666,#10621,#10698,#10622));
#12227=IFCFACEOUTERBOUND(#12226,.T.);
#12228=IFCFACE((#12227));
#12229=IFCPOLYLOOP((#10668,#10661,#10639));
#12230=IFCFACEOUTERBOUND(#12229,.T.);
#12231=IFCFACE((#12230));
#12232=IFCPOLYLOOP((#10665,#10667,#10662));
#12233=IFCFACEOUTERBOUND(#12232,.T.);
#12234=IFCFACE((#12233));
#12235=IFCPOLYLOOP((#10662,#10664,#10665));
#12236=IFCFACEOUTERBOUND(#12235,.T.);
#12237=IFCFACE((#12236));
#12238=IFCPOLYLOOP((#10662,#10601,#10664));
#12239=IFCFACEOUTERBOUND(#12238,.T.);
#12240=IFCFACE((#12239));
#12241=IFCPOLYLOOP((#10665,#10663,#10666));
#12242=IFCFACEOUTERBOUND(#12241,.T.);
#12243=IFCFACE((#12242));
#12244=IFCPOLYLOOP((#10603,#10668,#10641));
#12245=IFCFACEOUTERBOUND(#12244,.T.);
#12246=IFCFACE((#12245));
#12247=IFCPOLYLOOP((#10666,#10663,#10699,#10620));
#12248=IFCFACEOUTERBOUND(#12247,.T.);
#12249=IFCFACE((#12248));
#12250=IFCPOLYLOOP((#10692,#10666,#10620));
#12251=IFCFACEOUTERBOUND(#12250,.T.);
#12252=IFCFACE((#12251));
#12253=IFCPOLYLOOP((#10667,#10665,#10622));
#12254=IFCFACEOUTERBOUND(#12253,.T.);
#12255=IFCFACE((#12254));
#12256=IFCPOLYLOOP((#10667,#10602,#10662));
#12257=IFCFACEOUTERBOUND(#12256,.T.);
#12258=IFCFACE((#12257));
#12259=IFCPOLYLOOP((#10661,#10668,#10640));
#12260=IFCFACEOUTERBOUND(#12259,.T.);
#12261=IFCFACE((#12260));
#12262=IFCPOLYLOOP((#10672,#10674,#10615));
#12263=IFCFACEOUTERBOUND(#12262,.T.);
#12264=IFCFACE((#12263));
#12265=IFCPOLYLOOP((#10615,#10673,#10672));
#12266=IFCFACEOUTERBOUND(#12265,.T.);
#12267=IFCFACE((#12266));
#12268=IFCPOLYLOOP((#10672,#10673,#10670));
#12269=IFCFACEOUTERBOUND(#12268,.T.);
#12270=IFCFACE((#12269));
#12271=IFCPOLYLOOP((#10674,#10672,#10669));
#12272=IFCFACEOUTERBOUND(#12271,.T.);
#12273=IFCFACE((#12272));
#12274=IFCPOLYLOOP((#10671,#10613,#10669));
#12275=IFCFACEOUTERBOUND(#12274,.T.);
#12276=IFCFACE((#12275));
#12277=IFCPOLYLOOP((#10673,#10615,#10700,#10598));
#12278=IFCFACEOUTERBOUND(#12277,.T.);
#12279=IFCFACE((#12278));
#12280=IFCPOLYLOOP((#10750,#10755,#10659));
#12281=IFCFACEOUTERBOUND(#12280,.T.);
#12282=IFCFACE((#12281));
#12283=IFCPOLYLOOP((#10753,#10701,#10673));
#12284=IFCFACEOUTERBOUND(#12283,.T.);
#12285=IFCFACE((#12284));
#12286=IFCPOLYLOOP((#10669,#10614,#10674));
#12287=IFCFACEOUTERBOUND(#12286,.T.);
#12288=IFCFACE((#12287));
#12289=IFCPOLYLOOP((#10744,#10748,#10657));
#12290=IFCFACEOUTERBOUND(#12289,.T.);
#12291=IFCFACE((#12290));
#12292=IFCPOLYLOOP((#10676,#10675,#10703,#10623));
#12293=IFCFACEOUTERBOUND(#12292,.T.);
#12294=IFCFACE((#12293));
#12295=IFCPOLYLOOP((#10702,#10676,#10625));
#12296=IFCFACEOUTERBOUND(#12295,.T.);
#12297=IFCFACE((#12296));
#12298=IFCPOLYLOOP((#10642,#10680,#10711));
#12299=IFCFACEOUTERBOUND(#12298,.T.);
#12300=IFCFACE((#12299));
#12301=IFCPOLYLOOP((#10706,#10677,#10762,#10626));
#12302=IFCFACEOUTERBOUND(#12301,.T.);
#12303=IFCFACE((#12302));
#12304=IFCPOLYLOOP((#10591,#10760,#10681));
#12305=IFCFACEOUTERBOUND(#12304,.T.);
#12306=IFCFACE((#12305));
#12307=IFCPOLYLOOP((#10713,#10717,#10716,#10645));
#12308=IFCFACEOUTERBOUND(#12307,.T.);
#12309=IFCFACE((#12308));
#12310=IFCPOLYLOOP((#10680,#10710,#10711));
#12311=IFCFACEOUTERBOUND(#12310,.T.);
#12312=IFCFACE((#12311));
#12313=IFCPOLYLOOP((#10644,#10682,#10717));
#12314=IFCFACEOUTERBOUND(#12313,.T.);
#12315=IFCFACE((#12314));
#12316=IFCPOLYLOOP((#10760,#10591,#10705));
#12317=IFCFACEOUTERBOUND(#12316,.T.);
#12318=IFCFACE((#12317));
#12319=IFCPOLYLOOP((#10714,#10715,#10682));
#12320=IFCFACEOUTERBOUND(#12319,.T.);
#12321=IFCFACE((#12320));
#12322=IFCPOLYLOOP((#10682,#10716,#10717));
#12323=IFCFACEOUTERBOUND(#12322,.T.);
#12324=IFCFACE((#12323));
#12325=IFCPOLYLOOP((#10689,#10683,#10610));
#12326=IFCFACEOUTERBOUND(#12325,.T.);
#12327=IFCFACE((#12326));
#12328=IFCPOLYLOOP((#10683,#10609,#10719,#10647));
#12329=IFCFACEOUTERBOUND(#12328,.T.);
#12330=IFCFACE((#12329));
#12331=IFCPOLYLOOP((#10706,#10684,#10627));
#12332=IFCFACEOUTERBOUND(#12331,.T.);
#12333=IFCFACE((#12332));
#12334=IFCPOLYLOOP((#10684,#10626,#10721));
#12335=IFCFACEOUTERBOUND(#12334,.T.);
#12336=IFCFACE((#12335));
#12337=IFCPOLYLOOP((#10648,#10686,#10727));
#12338=IFCFACEOUTERBOUND(#12337,.T.);
#12339=IFCFACE((#12338));
#12340=IFCPOLYLOOP((#10693,#10685,#10593));
#12341=IFCFACEOUTERBOUND(#12340,.T.);
#12342=IFCFACE((#12341));
#12343=IFCPOLYLOOP((#10600,#10695,#10751));
#12344=IFCFACEOUTERBOUND(#12343,.T.);
#12345=IFCFACE((#12344));
#12346=IFCPOLYLOOP((#10727,#10686,#10649));
#12347=IFCFACEOUTERBOUND(#12346,.T.);
#12348=IFCFACE((#12347));
#12349=IFCPOLYLOOP((#10691,#10687,#10592));
#12350=IFCFACEOUTERBOUND(#12349,.T.);
#12351=IFCFACE((#12350));
#12352=IFCPOLYLOOP((#10687,#10595,#10729));
#12353=IFCFACEOUTERBOUND(#12352,.T.);
#12354=IFCFACE((#12353));
#12355=IFCPOLYLOOP((#10690,#10688,#10612));
#12356=IFCFACEOUTERBOUND(#12355,.T.);
#12357=IFCFACE((#12356));
#12358=IFCPOLYLOOP((#10688,#10611,#10731));
#12359=IFCFACEOUTERBOUND(#12358,.T.);
#12360=IFCFACE((#12359));
#12361=IFCPOLYLOOP((#10683,#10689,#10609));
#12362=IFCFACEOUTERBOUND(#12361,.T.);
#12363=IFCFACE((#12362));
#12364=IFCPOLYLOOP((#10689,#10610,#10734));
#12365=IFCFACEOUTERBOUND(#12364,.T.);
#12366=IFCFACE((#12365));
#12367=IFCPOLYLOOP((#10688,#10690,#10611));
#12368=IFCFACEOUTERBOUND(#12367,.T.);
#12369=IFCFACE((#12368));
#12370=IFCPOLYLOOP((#10690,#10612,#10736));
#12371=IFCFACEOUTERBOUND(#12370,.T.);
#12372=IFCFACE((#12371));
#12373=IFCPOLYLOOP((#10687,#10691,#10595));
#12374=IFCFACEOUTERBOUND(#12373,.T.);
#12375=IFCFACE((#12374));
#12376=IFCPOLYLOOP((#10691,#10592,#10739));
#12377=IFCFACEOUTERBOUND(#12376,.T.);
#12378=IFCFACE((#12377));
#12379=IFCPOLYLOOP((#10666,#10692,#10621));
#12380=IFCFACEOUTERBOUND(#12379,.T.);
#12381=IFCFACE((#12380));
#12382=IFCPOLYLOOP((#10692,#10620,#10741));
#12383=IFCFACEOUTERBOUND(#12382,.T.);
#12384=IFCFACE((#12383));
#12385=IFCPOLYLOOP((#10656,#10694,#10748));
#12386=IFCFACEOUTERBOUND(#12385,.T.);
#12387=IFCFACE((#12386));
#12388=IFCPOLYLOOP((#10685,#10693,#10596));
#12389=IFCFACEOUTERBOUND(#12388,.T.);
#12390=IFCFACE((#12389));
#12391=IFCPOLYLOOP((#10694,#10624,#10746));
#12392=IFCFACEOUTERBOUND(#12391,.T.);
#12393=IFCFACE((#12392));
#12394=IFCPOLYLOOP((#10748,#10694,#10657));
#12395=IFCFACEOUTERBOUND(#12394,.T.);
#12396=IFCFACE((#12395));
#12397=IFCPOLYLOOP((#10658,#10696,#10755));
#12398=IFCFACEOUTERBOUND(#12397,.T.);
#12399=IFCFACE((#12398));
#12400=IFCPOLYLOOP((#10751,#10695,#10599));
#12401=IFCFACEOUTERBOUND(#12400,.T.);
#12402=IFCFACE((#12401));
#12403=IFCPOLYLOOP((#10696,#10597,#10753));
#12404=IFCFACEOUTERBOUND(#12403,.T.);
#12405=IFCFACE((#12404));
#12406=IFCPOLYLOOP((#10755,#10696,#10659));
#12407=IFCFACEOUTERBOUND(#12406,.T.);
#12408=IFCFACE((#12407));
#12409=IFCPOLYLOOP((#10756,#10757,#10702));
#12410=IFCFACEOUTERBOUND(#12409,.T.);
#12411=IFCFACE((#12410));
#12412=IFCPOLYLOOP((#10701,#10670,#10673));
#12413=IFCFACEOUTERBOUND(#12412,.T.);
#12414=IFCFACE((#12413));
#12415=IFCPOLYLOOP((#10676,#10702,#10675));
#12416=IFCFACEOUTERBOUND(#12415,.T.);
#12417=IFCFACE((#12416));
#12418=IFCPOLYLOOP((#10705,#10591,#10761,#10677));
#12419=IFCFACEOUTERBOUND(#12418,.T.);
#12420=IFCFACE((#12419));
#12421=IFCPOLYLOOP((#10704,#10625,#10676));
#12422=IFCFACEOUTERBOUND(#12421,.T.);
#12423=IFCFACE((#12422));
#12424=IFCPOLYLOOP((#10764,#10677,#10706));
#12425=IFCFACEOUTERBOUND(#12424,.T.);
#12426=IFCFACE((#12425));
#12427=IFCPOLYLOOP((#10684,#10706,#10626));
#12428=IFCFACEOUTERBOUND(#12427,.T.);
#12429=IFCFACE((#12428));
#12430=IFCPOLYLOOP((#10706,#10627,#10763));
#12431=IFCFACEOUTERBOUND(#12430,.T.);
#12432=IFCFACE((#12431));
#12433=IFCPOLYLOOP((#10708,#10711,#10710,#10643));
#12434=IFCFACEOUTERBOUND(#12433,.T.);
#12435=IFCFACE((#12434));
#12436=IFCPOLYLOOP((#10642,#10679,#10707));
#12437=IFCFACEOUTERBOUND(#12436,.T.);
#12438=IFCFACE((#12437));
#12439=IFCPOLYLOOP((#10708,#10605,#10679));
#12440=IFCFACEOUTERBOUND(#12439,.T.);
#12441=IFCFACE((#12440));
#12442=IFCPOLYLOOP((#10642,#10711,#10679));
#12443=IFCFACEOUTERBOUND(#12442,.T.);
#12444=IFCFACE((#12443));
#12445=IFCPOLYLOOP((#10710,#10715,#10714,#10608));
#12446=IFCFACEOUTERBOUND(#12445,.T.);
#12447=IFCFACE((#12446));
#12448=IFCPOLYLOOP((#10644,#10681,#10712));
#12449=IFCFACEOUTERBOUND(#12448,.T.);
#12450=IFCFACE((#12449));
#12451=IFCPOLYLOOP((#10713,#10591,#10681));
#12452=IFCFACEOUTERBOUND(#12451,.T.);
#12453=IFCFACE((#12452));
#12454=IFCPOLYLOOP((#10607,#10715,#10680));
#12455=IFCFACEOUTERBOUND(#12454,.T.);
#12456=IFCFACE((#12455));
#12457=IFCPOLYLOOP((#10607,#10682,#10715));
#12458=IFCFACEOUTERBOUND(#12457,.T.);
#12459=IFCFACE((#12458));
#12460=IFCPOLYLOOP((#10644,#10717,#10681));
#12461=IFCFACEOUTERBOUND(#12460,.T.);
#12462=IFCFACE((#12461));
#12463=IFCPOLYLOOP((#10647,#10722,#10683));
#12464=IFCFACEOUTERBOUND(#12463,.T.);
#12465=IFCFACE((#12464));
#12466=IFCPOLYLOOP((#10718,#10610,#10683));
#12467=IFCFACEOUTERBOUND(#12466,.T.);
#12468=IFCFACE((#12467));
#12469=IFCPOLYLOOP((#10721,#10722,#10684));
#12470=IFCFACEOUTERBOUND(#12469,.T.);
#12471=IFCFACE((#12470));
#12472=IFCPOLYLOOP((#10724,#10727,#10649));
#12473=IFCFACEOUTERBOUND(#12472,.T.);
#12474=IFCFACE((#12473));
#12475=IFCPOLYLOOP((#10724,#10593,#10685));
#12476=IFCFACEOUTERBOUND(#12475,.T.);
#12477=IFCFACE((#12476));
#12478=IFCPOLYLOOP((#10726,#10649,#10686));
#12479=IFCFACEOUTERBOUND(#12478,.T.);
#12480=IFCFACE((#12479));
#12481=IFCPOLYLOOP((#10648,#10727,#10685));
#12482=IFCFACEOUTERBOUND(#12481,.T.);
#12483=IFCFACE((#12482));
#12484=IFCPOLYLOOP((#10732,#10687,#10729));
#12485=IFCFACEOUTERBOUND(#12484,.T.);
#12486=IFCFACE((#12485));
#12487=IFCPOLYLOOP((#10732,#10729,#10651));
#12488=IFCFACEOUTERBOUND(#12487,.T.);
#12489=IFCFACE((#12488));
#12490=IFCPOLYLOOP((#10732,#10731,#10650));
#12491=IFCFACEOUTERBOUND(#12490,.T.);
#12492=IFCFACE((#12491));
#12493=IFCPOLYLOOP((#10731,#10732,#10688));
#12494=IFCFACEOUTERBOUND(#12493,.T.);
#12495=IFCFACE((#12494));
#12496=IFCPOLYLOOP((#10737,#10689,#10734));
#12497=IFCFACEOUTERBOUND(#12496,.T.);
#12498=IFCFACE((#12497));
#12499=IFCPOLYLOOP((#10733,#10609,#10689));
#12500=IFCFACEOUTERBOUND(#12499,.T.);
#12501=IFCFACE((#12500));
#12502=IFCPOLYLOOP((#10737,#10734,#10653));
#12503=IFCFACEOUTERBOUND(#12502,.T.);
#12504=IFCFACE((#12503));
#12505=IFCPOLYLOOP((#10736,#10737,#10690));
#12506=IFCFACEOUTERBOUND(#12505,.T.);
#12507=IFCFACE((#12506));
#12508=IFCPOLYLOOP((#10742,#10691,#10739));
#12509=IFCFACEOUTERBOUND(#12508,.T.);
#12510=IFCFACE((#12509));
#12511=IFCPOLYLOOP((#10742,#10739,#10655));
#12512=IFCFACEOUTERBOUND(#12511,.T.);
#12513=IFCFACE((#12512));
#12514=IFCPOLYLOOP((#10742,#10741,#10654));
#12515=IFCFACEOUTERBOUND(#12514,.T.);
#12516=IFCFACE((#12515));
#12517=IFCPOLYLOOP((#10741,#10742,#10692));
#12518=IFCFACEOUTERBOUND(#12517,.T.);
#12519=IFCFACE((#12518));
#12520=IFCPOLYLOOP((#10704,#10746,#10624));
#12521=IFCFACEOUTERBOUND(#12520,.T.);
#12522=IFCFACE((#12521));
#12523=IFCPOLYLOOP((#10744,#10596,#10693));
#12524=IFCFACEOUTERBOUND(#12523,.T.);
#12525=IFCFACE((#12524));
#12526=IFCPOLYLOOP((#10623,#10746,#10676));
#12527=IFCFACEOUTERBOUND(#12526,.T.);
#12528=IFCFACE((#12527));
#12529=IFCPOLYLOOP((#10747,#10746,#10623));
#12530=IFCFACEOUTERBOUND(#12529,.T.);
#12531=IFCFACE((#12530));
#12532=IFCPOLYLOOP((#10747,#10657,#10694));
#12533=IFCFACEOUTERBOUND(#12532,.T.);
#12534=IFCFACE((#12533));
#12535=IFCPOLYLOOP((#10656,#10748,#10693));
#12536=IFCFACEOUTERBOUND(#12535,.T.);
#12537=IFCFACE((#12536));
#12538=IFCPOLYLOOP((#10726,#10751,#10599));
#12539=IFCFACEOUTERBOUND(#12538,.T.);
#12540=IFCFACE((#12539));
#12541=IFCPOLYLOOP((#10750,#10599,#10695));
#12542=IFCFACEOUTERBOUND(#12541,.T.);
#12543=IFCFACE((#12542));
#12544=IFCPOLYLOOP((#10600,#10751,#10686));
#12545=IFCFACEOUTERBOUND(#12544,.T.);
#12546=IFCFACE((#12545));
#12547=IFCPOLYLOOP((#10701,#10753,#10597));
#12548=IFCFACEOUTERBOUND(#12547,.T.);
#12549=IFCFACE((#12548));
#12550=IFCPOLYLOOP((#10598,#10753,#10673));
#12551=IFCFACEOUTERBOUND(#12550,.T.);
#12552=IFCFACE((#12551));
#12553=IFCPOLYLOOP((#10754,#10753,#10598));
#12554=IFCFACEOUTERBOUND(#12553,.T.);
#12555=IFCFACE((#12554));
#12556=IFCPOLYLOOP((#10754,#10659,#10696));
#12557=IFCFACEOUTERBOUND(#12556,.T.);
#12558=IFCFACE((#12557));
#12559=IFCPOLYLOOP((#10658,#10755,#10695));
#12560=IFCFACEOUTERBOUND(#12559,.T.);
#12561=IFCFACE((#12560));
#12562=IFCPOLYLOOP((#10707,#10757,#10756,#10606));
#12563=IFCFACEOUTERBOUND(#12562,.T.);
#12564=IFCFACE((#12563));
#12565=IFCPOLYLOOP((#10605,#10757,#10679));
#12566=IFCFACEOUTERBOUND(#12565,.T.);
#12567=IFCFACE((#12566));
#12568=IFCPOLYLOOP((#10758,#10757,#10605));
#12569=IFCFACEOUTERBOUND(#12568,.T.);
#12570=IFCFACE((#12569));
#12571=IFCPOLYLOOP((#10758,#10675,#10702));
#12572=IFCFACEOUTERBOUND(#12571,.T.);
#12573=IFCFACE((#12572));
#12574=IFCPOLYLOOP((#10759,#10760,#10705));
#12575=IFCFACEOUTERBOUND(#12574,.T.);
#12576=IFCFACE((#12575));
#12577=IFCPOLYLOOP((#10677,#10764,#10705));
#12578=IFCFACEOUTERBOUND(#12577,.T.);
#12579=IFCFACE((#12578));
#12580=IFCPOLYLOOP((#10763,#10764,#10706));
#12581=IFCFACEOUTERBOUND(#12580,.T.);
#12582=IFCFACE((#12581));
#12583=IFCPOLYLOOP((#10534,#10503,#10629,#10616,#10634,#10603,#10641,#10602,#10667,#10622,#10698,#10621,#10740,#10655,#10739,#10592,#10728,#10650,#10731,#10611,#10735,#10653,#10734,#10610,#10718,#10646,#10721,#10626,#10762,#10677,#10761,#10591,#10713,#10645,#10716,#10607,#10709,#10642,#10707,#10606,#10756,#10625,#10704,#10624,#10745,#10656,#10743,#10593,#10724,#10649,#10726,#10599,#10750,#10659,#10754,#10598,#10700,#10615,#10674,#10614,#10618,#10630,#10590,#10765));
#12584=IFCFACEOUTERBOUND(#12583,.T.);
#12585=IFCFACE((#12584));
#12586=IFCPOLYLOOP((#10765,#10535,#10534));
#12587=IFCFACEOUTERBOUND(#12586,.T.);
#12588=IFCFACE((#12587));
#12589=IFCPOLYLOOP((#10535,#10765,#10247));
#12590=IFCFACEOUTERBOUND(#12589,.T.);
#12591=IFCFACE((#12590));
#12592=IFCPOLYLOOP((#10485,#10247,#10765));
#12593=IFCFACEOUTERBOUND(#12592,.T.);
#12594=IFCFACE((#12593));
#12595=IFCPOLYLOOP((#10247,#10485,#10486));
#12596=IFCFACEOUTERBOUND(#12595,.T.);
#12597=IFCFACE((#12596));
#12598=IFCPOLYLOOP((#10248,#10486,#10534));
#12599=IFCFACEOUTERBOUND(#12598,.T.);
#12600=IFCFACE((#12599));
#12601=IFCPOLYLOOP((#10486,#10248,#10247));
#12602=IFCFACEOUTERBOUND(#12601,.T.);
#12603=IFCFACE((#12602));
#12604=IFCPOLYLOOP((#10487,#10534,#10535));
#12605=IFCFACEOUTERBOUND(#12604,.T.);
#12606=IFCFACE((#12605));
#12607=IFCPOLYLOOP((#10534,#10487,#10248));
#12608=IFCFACEOUTERBOUND(#12607,.T.);
#12609=IFCFACE((#12608));
#12610=IFCPOLYLOOP((#10536,#10535,#10247,#10246));
#12611=IFCFACEOUTERBOUND(#12610,.T.);
#12612=IFCFACE((#12611));
#12613=IFCPOLYLOOP((#10536,#10537,#10488));
#12614=IFCFACEOUTERBOUND(#12613,.T.);
#12615=IFCFACE((#12614));
#12616=IFCPOLYLOOP((#10537,#10536,#10251));
#12617=IFCFACEOUTERBOUND(#12616,.T.);
#12618=IFCFACE((#12617));
#12619=IFCPOLYLOOP((#10246,#10251,#10536));
#12620=IFCFACEOUTERBOUND(#12619,.T.);
#12621=IFCFACE((#12620));
#12622=IFCPOLYLOOP((#10251,#10246,#10249));
#12623=IFCFACEOUTERBOUND(#12622,.T.);
#12624=IFCFACE((#12623));
#12625=IFCPOLYLOOP((#10252,#10249,#10488));
#12626=IFCFACEOUTERBOUND(#12625,.T.);
#12627=IFCFACE((#12626));
#12628=IFCPOLYLOOP((#10249,#10252,#10251));
#12629=IFCFACEOUTERBOUND(#12628,.T.);
#12630=IFCFACE((#12629));
#12631=IFCPOLYLOOP((#10489,#10488,#10537));
#12632=IFCFACEOUTERBOUND(#12631,.T.);
#12633=IFCFACE((#12632));
#12634=IFCPOLYLOOP((#10488,#10489,#10252));
#12635=IFCFACEOUTERBOUND(#12634,.T.);
#12636=IFCFACE((#12635));
#12637=IFCPOLYLOOP((#10537,#10251,#10250,#10766,#10768,#10538));
#12638=IFCFACEOUTERBOUND(#12637,.T.);
#12639=IFCFACE((#12638));
#12640=IFCPOLYLOOP((#10769,#10771,#10767,#10770));
#12641=IFCFACEOUTERBOUND(#12640,.T.);
#12642=IFCFACE((#12641));
#12643=IFCPOLYLOOP((#10770,#10539,#10772));
#12644=IFCFACEOUTERBOUND(#12643,.T.);
#12645=IFCFACE((#12644));
#12646=IFCPOLYLOOP((#10250,#10255,#10773));
#12647=IFCFACEOUTERBOUND(#12646,.T.);
#12648=IFCFACE((#12647));
#12649=IFCPOLYLOOP((#10769,#10766,#10773));
#12650=IFCFACEOUTERBOUND(#12649,.T.);
#12651=IFCFACE((#12650));
#12652=IFCPOLYLOOP((#10538,#10768,#10772));
#12653=IFCFACEOUTERBOUND(#12652,.T.);
#12654=IFCFACE((#12653));
#12655=IFCPOLYLOOP((#10769,#10768,#10766));
#12656=IFCFACEOUTERBOUND(#12655,.T.);
#12657=IFCFACE((#12656));
#12658=IFCPOLYLOOP((#10771,#10769,#10773));
#12659=IFCFACEOUTERBOUND(#12658,.T.);
#12660=IFCFACE((#12659));
#12661=IFCPOLYLOOP((#10770,#10772,#10769));
#12662=IFCFACEOUTERBOUND(#12661,.T.);
#12663=IFCFACE((#12662));
#12664=IFCPOLYLOOP((#10772,#10768,#10769));
#12665=IFCFACEOUTERBOUND(#12664,.T.);
#12666=IFCFACE((#12665));
#12667=IFCPOLYLOOP((#10770,#10540,#10539));
#12668=IFCFACEOUTERBOUND(#12667,.T.);
#12669=IFCFACE((#12668));
#12670=IFCPOLYLOOP((#10255,#10254,#10771));
#12671=IFCFACEOUTERBOUND(#12670,.T.);
#12672=IFCFACE((#12671));
#12673=IFCPOLYLOOP((#10538,#10772,#10539));
#12674=IFCFACEOUTERBOUND(#12673,.T.);
#12675=IFCFACE((#12674));
#12676=IFCPOLYLOOP((#10250,#10773,#10766));
#12677=IFCFACEOUTERBOUND(#12676,.T.);
#12678=IFCFACE((#12677));
#12679=IFCPOLYLOOP((#10771,#10773,#10255));
#12680=IFCFACEOUTERBOUND(#12679,.T.);
#12681=IFCFACE((#12680));
#12682=IFCPOLYLOOP((#10492,#10588,#10636));
#12683=IFCFACEOUTERBOUND(#12682,.T.);
#12684=IFCFACE((#12683));
#12685=IFCPOLYLOOP((#10501,#10257,#10497));
#12686=IFCFACEOUTERBOUND(#12685,.T.);
#12687=IFCFACE((#12686));
#12688=IFCPOLYLOOP((#10588,#10540,#10770));
#12689=IFCFACEOUTERBOUND(#12688,.T.);
#12690=IFCFACE((#12689));
#12691=IFCPOLYLOOP((#10588,#10492,#10553));
#12692=IFCFACEOUTERBOUND(#12691,.T.);
#12693=IFCFACE((#12692));
#12694=IFCPOLYLOOP((#10257,#10308,#10356));
#12695=IFCFACEOUTERBOUND(#12694,.T.);
#12696=IFCFACE((#12695));
#12697=IFCPOLYLOOP((#10257,#10501,#10515));
#12698=IFCFACEOUTERBOUND(#12697,.T.);
#12699=IFCFACE((#12698));
#12700=IFCPOLYLOOP((#10254,#10307,#10785));
#12701=IFCFACEOUTERBOUND(#12700,.T.);
#12702=IFCFACE((#12701));
#12703=IFCPOLYLOOP((#10307,#10254,#10270));
#12704=IFCFACEOUTERBOUND(#12703,.T.);
#12705=IFCFACE((#12704));
#12706=IFCPOLYLOOP((#10492,#10636,#10619));
#12707=IFCFACEOUTERBOUND(#12706,.T.);
#12708=IFCFACE((#12707));
#12709=IFCPOLYLOOP((#10492,#10619,#10678));
#12710=IFCFACEOUTERBOUND(#12709,.T.);
#12711=IFCFACE((#12710));
#12712=IFCPOLYLOOP((#10492,#10678,#10613));
#12713=IFCFACEOUTERBOUND(#12712,.T.);
#12714=IFCFACE((#12713));
#12715=IFCPOLYLOOP((#10492,#10613,#10671));
#12716=IFCFACEOUTERBOUND(#12715,.T.);
#12717=IFCFACE((#12716));
#12718=IFCPOLYLOOP((#10492,#10671,#10670));
#12719=IFCFACEOUTERBOUND(#12718,.T.);
#12720=IFCFACE((#12719));
#12721=IFCPOLYLOOP((#10492,#10670,#10701));
#12722=IFCFACEOUTERBOUND(#12721,.T.);
#12723=IFCFACE((#12722));
#12724=IFCPOLYLOOP((#10492,#10701,#10597));
#12725=IFCFACEOUTERBOUND(#12724,.T.);
#12726=IFCFACE((#12725));
#12727=IFCPOLYLOOP((#10492,#10597,#10752));
#12728=IFCFACEOUTERBOUND(#12727,.T.);
#12729=IFCFACE((#12728));
#12730=IFCPOLYLOOP((#10492,#10752,#10658));
#12731=IFCFACEOUTERBOUND(#12730,.T.);
#12732=IFCFACE((#12731));
#12733=IFCPOLYLOOP((#10492,#10658,#10749));
#12734=IFCFACEOUTERBOUND(#12733,.T.);
#12735=IFCFACE((#12734));
#12736=IFCPOLYLOOP((#10492,#10749,#10600));
#12737=IFCFACEOUTERBOUND(#12736,.T.);
#12738=IFCFACE((#12737));
#12739=IFCPOLYLOOP((#10492,#10600,#10725));
#12740=IFCFACEOUTERBOUND(#12739,.T.);
#12741=IFCFACE((#12740));
#12742=IFCPOLYLOOP((#10492,#10725,#10648));
#12743=IFCFACEOUTERBOUND(#12742,.T.);
#12744=IFCFACE((#12743));
#12745=IFCPOLYLOOP((#10492,#10648,#10723));
#12746=IFCFACEOUTERBOUND(#12745,.T.);
#12747=IFCFACE((#12746));
#12748=IFCPOLYLOOP((#10492,#10723,#10596));
#12749=IFCFACEOUTERBOUND(#12748,.T.);
#12750=IFCFACE((#12749));
#12751=IFCPOLYLOOP((#10492,#10596,#10744));
#12752=IFCFACEOUTERBOUND(#12751,.T.);
#12753=IFCFACE((#12752));
#12754=IFCPOLYLOOP((#10492,#10744,#10657));
#12755=IFCFACEOUTERBOUND(#12754,.T.);
#12756=IFCFACE((#12755));
#12757=IFCPOLYLOOP((#10492,#10657,#10747));
#12758=IFCFACEOUTERBOUND(#12757,.T.);
#12759=IFCFACE((#12758));
#12760=IFCPOLYLOOP((#10492,#10747,#10623));
#12761=IFCFACEOUTERBOUND(#12760,.T.);
#12762=IFCFACE((#12761));
#12763=IFCPOLYLOOP((#10492,#10623,#10703));
#12764=IFCFACEOUTERBOUND(#12763,.T.);
#12765=IFCFACE((#12764));
#12766=IFCPOLYLOOP((#10492,#10703,#10675));
#12767=IFCFACEOUTERBOUND(#12766,.T.);
#12768=IFCFACE((#12767));
#12769=IFCPOLYLOOP((#10492,#10675,#10758));
#12770=IFCFACEOUTERBOUND(#12769,.T.);
#12771=IFCFACE((#12770));
#12772=IFCPOLYLOOP((#10492,#10758,#10605));
#12773=IFCFACEOUTERBOUND(#12772,.T.);
#12774=IFCFACE((#12773));
#12775=IFCPOLYLOOP((#10492,#10605,#10708));
#12776=IFCFACEOUTERBOUND(#12775,.T.);
#12777=IFCFACE((#12776));
#12778=IFCPOLYLOOP((#10492,#10708,#10643));
#12779=IFCFACEOUTERBOUND(#12778,.T.);
#12780=IFCFACE((#12779));
#12781=IFCPOLYLOOP((#10492,#10643,#10710));
#12782=IFCFACEOUTERBOUND(#12781,.T.);
#12783=IFCFACE((#12782));
#12784=IFCPOLYLOOP((#10492,#10710,#10608));
#12785=IFCFACEOUTERBOUND(#12784,.T.);
#12786=IFCFACE((#12785));
#12787=IFCPOLYLOOP((#10492,#10608,#10714));
#12788=IFCFACEOUTERBOUND(#12787,.T.);
#12789=IFCFACE((#12788));
#12790=IFCPOLYLOOP((#10492,#10714,#10644));
#12791=IFCFACEOUTERBOUND(#12790,.T.);
#12792=IFCFACE((#12791));
#12793=IFCPOLYLOOP((#10492,#10644,#10712));
#12794=IFCFACEOUTERBOUND(#12793,.T.);
#12795=IFCFACE((#12794));
#12796=IFCPOLYLOOP((#10492,#10712,#10594));
#12797=IFCFACEOUTERBOUND(#12796,.T.);
#12798=IFCFACE((#12797));
#12799=IFCPOLYLOOP((#10492,#10594,#10759));
#12800=IFCFACEOUTERBOUND(#12799,.T.);
#12801=IFCFACE((#12800));
#12802=IFCPOLYLOOP((#10492,#10759,#10628));
#12803=IFCFACEOUTERBOUND(#12802,.T.);
#12804=IFCFACE((#12803));
#12805=IFCPOLYLOOP((#10492,#10628,#10763));
#12806=IFCFACEOUTERBOUND(#12805,.T.);
#12807=IFCFACE((#12806));
#12808=IFCPOLYLOOP((#10492,#10763,#10627));
#12809=IFCFACEOUTERBOUND(#12808,.T.);
#12810=IFCFACE((#12809));
#12811=IFCPOLYLOOP((#10492,#10627,#10720));
#12812=IFCFACEOUTERBOUND(#12811,.T.);
#12813=IFCFACE((#12812));
#12814=IFCPOLYLOOP((#10492,#10720,#10647));
#12815=IFCFACEOUTERBOUND(#12814,.T.);
#12816=IFCFACE((#12815));
#12817=IFCPOLYLOOP((#10492,#10647,#10719));
#12818=IFCFACEOUTERBOUND(#12817,.T.);
#12819=IFCFACE((#12818));
#12820=IFCPOLYLOOP((#10492,#10719,#10609));
#12821=IFCFACEOUTERBOUND(#12820,.T.);
#12822=IFCFACE((#12821));
#12823=IFCPOLYLOOP((#10492,#10609,#10733));
#12824=IFCFACEOUTERBOUND(#12823,.T.);
#12825=IFCFACE((#12824));
#12826=IFCPOLYLOOP((#10492,#10733,#10652));
#12827=IFCFACEOUTERBOUND(#12826,.T.);
#12828=IFCFACE((#12827));
#12829=IFCPOLYLOOP((#10492,#10652,#10736));
#12830=IFCFACEOUTERBOUND(#12829,.T.);
#12831=IFCFACE((#12830));
#12832=IFCPOLYLOOP((#10492,#10736,#10612));
#12833=IFCFACEOUTERBOUND(#12832,.T.);
#12834=IFCFACE((#12833));
#12835=IFCPOLYLOOP((#10492,#10612,#10730));
#12836=IFCFACEOUTERBOUND(#12835,.T.);
#12837=IFCFACE((#12836));
#12838=IFCPOLYLOOP((#10492,#10730,#10651));
#12839=IFCFACEOUTERBOUND(#12838,.T.);
#12840=IFCFACE((#12839));
#12841=IFCPOLYLOOP((#10492,#10651,#10729));
#12842=IFCFACEOUTERBOUND(#12841,.T.);
#12843=IFCFACE((#12842));
#12844=IFCPOLYLOOP((#10492,#10729,#10595));
#12845=IFCFACEOUTERBOUND(#12844,.T.);
#12846=IFCFACE((#12845));
#12847=IFCPOLYLOOP((#10492,#10595,#10738));
#12848=IFCFACEOUTERBOUND(#12847,.T.);
#12849=IFCFACE((#12848));
#12850=IFCPOLYLOOP((#10492,#10738,#10654));
#12851=IFCFACEOUTERBOUND(#12850,.T.);
#12852=IFCFACE((#12851));
#12853=IFCPOLYLOOP((#10492,#10654,#10741));
#12854=IFCFACEOUTERBOUND(#12853,.T.);
#12855=IFCFACE((#12854));
#12856=IFCPOLYLOOP((#10492,#10741,#10620));
#12857=IFCFACEOUTERBOUND(#12856,.T.);
#12858=IFCFACE((#12857));
#12859=IFCPOLYLOOP((#10492,#10620,#10699));
#12860=IFCFACEOUTERBOUND(#12859,.T.);
#12861=IFCFACE((#12860));
#12862=IFCPOLYLOOP((#10492,#10699,#10663));
#12863=IFCFACEOUTERBOUND(#12862,.T.);
#12864=IFCFACE((#12863));
#12865=IFCPOLYLOOP((#10492,#10663,#10664));
#12866=IFCFACEOUTERBOUND(#12865,.T.);
#12867=IFCFACE((#12866));
#12868=IFCPOLYLOOP((#10492,#10664,#10601));
#12869=IFCFACEOUTERBOUND(#12868,.T.);
#12870=IFCFACE((#12869));
#12871=IFCPOLYLOOP((#10492,#10601,#10697));
#12872=IFCFACEOUTERBOUND(#12871,.T.);
#12873=IFCFACE((#12872));
#12874=IFCPOLYLOOP((#10492,#10697,#10639));
#12875=IFCFACEOUTERBOUND(#12874,.T.);
#12876=IFCFACE((#12875));
#12877=IFCPOLYLOOP((#10492,#10639,#10661));
#12878=IFCFACEOUTERBOUND(#12877,.T.);
#12879=IFCFACE((#12878));
#12880=IFCPOLYLOOP((#10492,#10661,#10604));
#12881=IFCFACEOUTERBOUND(#12880,.T.);
#12882=IFCFACE((#12881));
#12883=IFCPOLYLOOP((#10492,#10604,#10633));
#12884=IFCFACEOUTERBOUND(#12883,.T.);
#12885=IFCFACE((#12884));
#12886=IFCPOLYLOOP((#10492,#10633,#10617));
#12887=IFCFACEOUTERBOUND(#12886,.T.);
#12888=IFCFACE((#12887));
#12889=IFCPOLYLOOP((#10492,#10617,#10631));
#12890=IFCFACEOUTERBOUND(#12889,.T.);
#12891=IFCFACE((#12890));
#12892=IFCPOLYLOOP((#10492,#10631,#10501));
#12893=IFCFACEOUTERBOUND(#12892,.T.);
#12894=IFCFACE((#12893));
#12895=IFCPOLYLOOP((#10501,#10497,#10494));
#12896=IFCFACEOUTERBOUND(#12895,.T.);
#12897=IFCFACE((#12896));
#12898=IFCPOLYLOOP((#10501,#10494,#10498));
#12899=IFCFACEOUTERBOUND(#12898,.T.);
#12900=IFCFACE((#12899));
#12901=IFCPOLYLOOP((#10501,#10498,#10492));
#12902=IFCFACEOUTERBOUND(#12901,.T.);
#12903=IFCFACE((#12902));
#12904=IFCPOLYLOOP((#10588,#10770,#10767));
#12905=IFCFACEOUTERBOUND(#12904,.T.);
#12906=IFCFACE((#12905));
#12907=IFCPOLYLOOP((#10588,#10767,#10771));
#12908=IFCFACEOUTERBOUND(#12907,.T.);
#12909=IFCFACE((#12908));
#12910=IFCPOLYLOOP((#10588,#10771,#10254));
#12911=IFCFACEOUTERBOUND(#12910,.T.);
#12912=IFCFACE((#12911));
#12913=IFCPOLYLOOP((#10588,#10553,#10550));
#12914=IFCFACEOUTERBOUND(#12913,.T.);
#12915=IFCFACE((#12914));
#12916=IFCPOLYLOOP((#10588,#10550,#10562));
#12917=IFCFACEOUTERBOUND(#12916,.T.);
#12918=IFCFACE((#12917));
#12919=IFCPOLYLOOP((#10588,#10562,#10542));
#12920=IFCFACEOUTERBOUND(#12919,.T.);
#12921=IFCFACE((#12920));
#12922=IFCPOLYLOOP((#10588,#10542,#10556));
#12923=IFCFACEOUTERBOUND(#12922,.T.);
#12924=IFCFACE((#12923));
#12925=IFCPOLYLOOP((#10588,#10556,#10555));
#12926=IFCFACEOUTERBOUND(#12925,.T.);
#12927=IFCFACE((#12926));
#12928=IFCPOLYLOOP((#10588,#10555,#10580));
#12929=IFCFACEOUTERBOUND(#12928,.T.);
#12930=IFCFACE((#12929));
#12931=IFCPOLYLOOP((#10588,#10580,#10541));
#12932=IFCFACEOUTERBOUND(#12931,.T.);
#12933=IFCFACE((#12932));
#12934=IFCPOLYLOOP((#10588,#10541,#10568));
#12935=IFCFACEOUTERBOUND(#12934,.T.);
#12936=IFCFACE((#12935));
#12937=IFCPOLYLOOP((#10588,#10568,#10557));
#12938=IFCFACEOUTERBOUND(#12937,.T.);
#12939=IFCFACE((#12938));
#12940=IFCPOLYLOOP((#10588,#10557,#10563));
#12941=IFCFACEOUTERBOUND(#12940,.T.);
#12942=IFCFACE((#12941));
#12943=IFCPOLYLOOP((#10588,#10563,#10543));
#12944=IFCFACEOUTERBOUND(#12943,.T.);
#12945=IFCFACE((#12944));
#12946=IFCPOLYLOOP((#10588,#10543,#10570));
#12947=IFCFACEOUTERBOUND(#12946,.T.);
#12948=IFCFACE((#12947));
#12949=IFCPOLYLOOP((#10588,#10570,#10547));
#12950=IFCFACEOUTERBOUND(#12949,.T.);
#12951=IFCFACE((#12950));
#12952=IFCPOLYLOOP((#10588,#10547,#10560));
#12953=IFCFACEOUTERBOUND(#12952,.T.);
#12954=IFCFACE((#12953));
#12955=IFCPOLYLOOP((#10588,#10560,#10540));
#12956=IFCFACEOUTERBOUND(#12955,.T.);
#12957=IFCFACE((#12956));
#12958=IFCPOLYLOOP((#10257,#10356,#10339));
#12959=IFCFACEOUTERBOUND(#12958,.T.);
#12960=IFCFACE((#12959));
#12961=IFCPOLYLOOP((#10257,#10339,#10398));
#12962=IFCFACEOUTERBOUND(#12961,.T.);
#12963=IFCFACE((#12962));
#12964=IFCPOLYLOOP((#10257,#10398,#10333));
#12965=IFCFACEOUTERBOUND(#12964,.T.);
#12966=IFCFACE((#12965));
#12967=IFCPOLYLOOP((#10257,#10333,#10391));
#12968=IFCFACEOUTERBOUND(#12967,.T.);
#12969=IFCFACE((#12968));
#12970=IFCPOLYLOOP((#10257,#10391,#10390));
#12971=IFCFACEOUTERBOUND(#12970,.T.);
#12972=IFCFACE((#12971));
#12973=IFCPOLYLOOP((#10257,#10390,#10421));
#12974=IFCFACEOUTERBOUND(#12973,.T.);
#12975=IFCFACE((#12974));
#12976=IFCPOLYLOOP((#10257,#10421,#10317));
#12977=IFCFACEOUTERBOUND(#12976,.T.);
#12978=IFCFACE((#12977));
#12979=IFCPOLYLOOP((#10257,#10317,#10472));
#12980=IFCFACEOUTERBOUND(#12979,.T.);
#12981=IFCFACE((#12980));
#12982=IFCPOLYLOOP((#10257,#10472,#10378));
#12983=IFCFACEOUTERBOUND(#12982,.T.);
#12984=IFCFACE((#12983));
#12985=IFCPOLYLOOP((#10257,#10378,#10469));
#12986=IFCFACEOUTERBOUND(#12985,.T.);
#12987=IFCFACE((#12986));
#12988=IFCPOLYLOOP((#10257,#10469,#10320));
#12989=IFCFACEOUTERBOUND(#12988,.T.);
#12990=IFCFACE((#12989));
#12991=IFCPOLYLOOP((#10257,#10320,#10445));
#12992=IFCFACEOUTERBOUND(#12991,.T.);
#12993=IFCFACE((#12992));
#12994=IFCPOLYLOOP((#10257,#10445,#10368));
#12995=IFCFACEOUTERBOUND(#12994,.T.);
#12996=IFCFACE((#12995));
#12997=IFCPOLYLOOP((#10257,#10368,#10443));
#12998=IFCFACEOUTERBOUND(#12997,.T.);
#12999=IFCFACE((#12998));
#13000=IFCPOLYLOOP((#10257,#10443,#10316));
#13001=IFCFACEOUTERBOUND(#13000,.T.);
#13002=IFCFACE((#13001));
#13003=IFCPOLYLOOP((#10257,#10316,#10464));
#13004=IFCFACEOUTERBOUND(#13003,.T.);
#13005=IFCFACE((#13004));
#13006=IFCPOLYLOOP((#10257,#10464,#10377));
#13007=IFCFACEOUTERBOUND(#13006,.T.);
#13008=IFCFACE((#13007));
#13009=IFCPOLYLOOP((#10257,#10377,#10467));
#13010=IFCFACEOUTERBOUND(#13009,.T.);
#13011=IFCFACE((#13010));
#13012=IFCPOLYLOOP((#10257,#10467,#10343));
#13013=IFCFACEOUTERBOUND(#13012,.T.);
#13014=IFCFACE((#13013));
#13015=IFCPOLYLOOP((#10257,#10343,#10423));
#13016=IFCFACEOUTERBOUND(#13015,.T.);
#13017=IFCFACE((#13016));
#13018=IFCPOLYLOOP((#10257,#10423,#10395));
#13019=IFCFACEOUTERBOUND(#13018,.T.);
#13020=IFCFACE((#13019));
#13021=IFCPOLYLOOP((#10257,#10395,#10478));
#13022=IFCFACEOUTERBOUND(#13021,.T.);
#13023=IFCFACE((#13022));
#13024=IFCPOLYLOOP((#10257,#10478,#10325));
#13025=IFCFACEOUTERBOUND(#13024,.T.);
#13026=IFCFACE((#13025));
#13027=IFCPOLYLOOP((#10257,#10325,#10428));
#13028=IFCFACEOUTERBOUND(#13027,.T.);
#13029=IFCFACE((#13028));
#13030=IFCPOLYLOOP((#10257,#10428,#10363));
#13031=IFCFACEOUTERBOUND(#13030,.T.);
#13032=IFCFACE((#13031));
#13033=IFCPOLYLOOP((#10257,#10363,#10430));
#13034=IFCFACEOUTERBOUND(#13033,.T.);
#13035=IFCFACE((#13034));
#13036=IFCPOLYLOOP((#10257,#10430,#10328));
#13037=IFCFACEOUTERBOUND(#13036,.T.);
#13038=IFCFACE((#13037));
#13039=IFCPOLYLOOP((#10257,#10328,#10434));
#13040=IFCFACEOUTERBOUND(#13039,.T.);
#13041=IFCFACE((#13040));
#13042=IFCPOLYLOOP((#10257,#10434,#10364));
#13043=IFCFACEOUTERBOUND(#13042,.T.);
#13044=IFCFACE((#13043));
#13045=IFCPOLYLOOP((#10257,#10364,#10432));
#13046=IFCFACEOUTERBOUND(#13045,.T.);
#13047=IFCFACE((#13046));
#13048=IFCPOLYLOOP((#10257,#10432,#10314));
#13049=IFCFACEOUTERBOUND(#13048,.T.);
#13050=IFCFACE((#13049));
#13051=IFCPOLYLOOP((#10257,#10314,#10479));
#13052=IFCFACEOUTERBOUND(#13051,.T.);
#13053=IFCFACE((#13052));
#13054=IFCPOLYLOOP((#10257,#10479,#10348));
#13055=IFCFACEOUTERBOUND(#13054,.T.);
#13056=IFCFACE((#13055));
#13057=IFCPOLYLOOP((#10257,#10348,#10483));
#13058=IFCFACEOUTERBOUND(#13057,.T.);
#13059=IFCFACE((#13058));
#13060=IFCPOLYLOOP((#10257,#10483,#10347));
#13061=IFCFACEOUTERBOUND(#13060,.T.);
#13062=IFCFACE((#13061));
#13063=IFCPOLYLOOP((#10257,#10347,#10440));
#13064=IFCFACEOUTERBOUND(#13063,.T.);
#13065=IFCFACE((#13064));
#13066=IFCPOLYLOOP((#10257,#10440,#10367));
#13067=IFCFACEOUTERBOUND(#13066,.T.);
#13068=IFCFACE((#13067));
#13069=IFCPOLYLOOP((#10257,#10367,#10439));
#13070=IFCFACEOUTERBOUND(#13069,.T.);
#13071=IFCFACE((#13070));
#13072=IFCPOLYLOOP((#10257,#10439,#10329));
#13073=IFCFACEOUTERBOUND(#13072,.T.);
#13074=IFCFACE((#13073));
#13075=IFCPOLYLOOP((#10257,#10329,#10453));
#13076=IFCFACEOUTERBOUND(#13075,.T.);
#13077=IFCFACE((#13076));
#13078=IFCPOLYLOOP((#10257,#10453,#10372));
#13079=IFCFACEOUTERBOUND(#13078,.T.);
#13080=IFCFACE((#13079));
#13081=IFCPOLYLOOP((#10257,#10372,#10456));
#13082=IFCFACEOUTERBOUND(#13081,.T.);
#13083=IFCFACE((#13082));
#13084=IFCPOLYLOOP((#10257,#10456,#10332));
#13085=IFCFACEOUTERBOUND(#13084,.T.);
#13086=IFCFACE((#13085));
#13087=IFCPOLYLOOP((#10257,#10332,#10450));
#13088=IFCFACEOUTERBOUND(#13087,.T.);
#13089=IFCFACE((#13088));
#13090=IFCPOLYLOOP((#10257,#10450,#10371));
#13091=IFCFACEOUTERBOUND(#13090,.T.);
#13092=IFCFACE((#13091));
#13093=IFCPOLYLOOP((#10257,#10371,#10449));
#13094=IFCFACEOUTERBOUND(#13093,.T.);
#13095=IFCFACE((#13094));
#13096=IFCPOLYLOOP((#10257,#10449,#10315));
#13097=IFCFACEOUTERBOUND(#13096,.T.);
#13098=IFCFACE((#13097));
#13099=IFCPOLYLOOP((#10257,#10315,#10458));
#13100=IFCFACEOUTERBOUND(#13099,.T.);
#13101=IFCFACE((#13100));
#13102=IFCPOLYLOOP((#10257,#10458,#10374));
#13103=IFCFACEOUTERBOUND(#13102,.T.);
#13104=IFCFACE((#13103));
#13105=IFCPOLYLOOP((#10257,#10374,#10461));
#13106=IFCFACEOUTERBOUND(#13105,.T.);
#13107=IFCFACE((#13106));
#13108=IFCPOLYLOOP((#10257,#10461,#10340));
#13109=IFCFACEOUTERBOUND(#13108,.T.);
#13110=IFCFACE((#13109));
#13111=IFCPOLYLOOP((#10257,#10340,#10419));
#13112=IFCFACEOUTERBOUND(#13111,.T.);
#13113=IFCFACE((#13112));
#13114=IFCPOLYLOOP((#10257,#10419,#10383));
#13115=IFCFACEOUTERBOUND(#13114,.T.);
#13116=IFCFACE((#13115));
#13117=IFCPOLYLOOP((#10257,#10383,#10384));
#13118=IFCFACEOUTERBOUND(#13117,.T.);
#13119=IFCFACE((#13118));
#13120=IFCPOLYLOOP((#10257,#10384,#10321));
#13121=IFCFACEOUTERBOUND(#13120,.T.);
#13122=IFCFACE((#13121));
#13123=IFCPOLYLOOP((#10257,#10321,#10417));
#13124=IFCFACEOUTERBOUND(#13123,.T.);
#13125=IFCFACE((#13124));
#13126=IFCPOLYLOOP((#10257,#10417,#10359));
#13127=IFCFACEOUTERBOUND(#13126,.T.);
#13128=IFCFACE((#13127));
#13129=IFCPOLYLOOP((#10257,#10359,#10381));
#13130=IFCFACEOUTERBOUND(#13129,.T.);
#13131=IFCFACE((#13130));
#13132=IFCPOLYLOOP((#10257,#10381,#10324));
#13133=IFCFACEOUTERBOUND(#13132,.T.);
#13134=IFCFACE((#13133));
#13135=IFCPOLYLOOP((#10257,#10324,#10353));
#13136=IFCFACEOUTERBOUND(#13135,.T.);
#13137=IFCFACE((#13136));
#13138=IFCPOLYLOOP((#10257,#10353,#10337));
#13139=IFCFACEOUTERBOUND(#13138,.T.);
#13140=IFCFACE((#13139));
#13141=IFCPOLYLOOP((#10257,#10337,#10351));
#13142=IFCFACEOUTERBOUND(#13141,.T.);
#13143=IFCFACE((#13142));
#13144=IFCPOLYLOOP((#10257,#10351,#10307));
#13145=IFCFACEOUTERBOUND(#13144,.T.);
#13146=IFCFACE((#13145));
#13147=IFCPOLYLOOP((#10257,#10515,#10510));
#13148=IFCFACEOUTERBOUND(#13147,.T.);
#13149=IFCFACE((#13148));
#13150=IFCPOLYLOOP((#10257,#10510,#10528));
#13151=IFCFACEOUTERBOUND(#13150,.T.);
#13152=IFCFACE((#13151));
#13153=IFCPOLYLOOP((#10257,#10528,#10504));
#13154=IFCFACEOUTERBOUND(#13153,.T.);
#13155=IFCFACE((#13154));
#13156=IFCPOLYLOOP((#10257,#10504,#10523));
#13157=IFCFACEOUTERBOUND(#13156,.T.);
#13158=IFCFACE((#13157));
#13159=IFCPOLYLOOP((#10257,#10523,#10509));
#13160=IFCFACEOUTERBOUND(#13159,.T.);
#13161=IFCFACE((#13160));
#13162=IFCPOLYLOOP((#10257,#10509,#10532));
#13163=IFCFACEOUTERBOUND(#13162,.T.);
#13164=IFCFACE((#13163));
#13165=IFCPOLYLOOP((#10257,#10532,#10508));
#13166=IFCFACEOUTERBOUND(#13165,.T.);
#13167=IFCFACE((#13166));
#13168=IFCPOLYLOOP((#10257,#10508,#10513));
#13169=IFCFACEOUTERBOUND(#13168,.T.);
#13170=IFCFACE((#13169));
#13171=IFCPOLYLOOP((#10257,#10513,#10512));
#13172=IFCFACEOUTERBOUND(#13171,.T.);
#13173=IFCFACE((#13172));
#13174=IFCPOLYLOOP((#10257,#10512,#10519));
#13175=IFCFACEOUTERBOUND(#13174,.T.);
#13176=IFCFACE((#13175));
#13177=IFCPOLYLOOP((#10257,#10519,#10308));
#13178=IFCFACEOUTERBOUND(#13177,.T.);
#13179=IFCFACE((#13178));
#13180=IFCPOLYLOOP((#10254,#10785,#10780));
#13181=IFCFACEOUTERBOUND(#13180,.T.);
#13182=IFCFACE((#13181));
#13183=IFCPOLYLOOP((#10254,#10780,#10798));
#13184=IFCFACEOUTERBOUND(#13183,.T.);
#13185=IFCFACE((#13184));
#13186=IFCPOLYLOOP((#10254,#10798,#10774));
#13187=IFCFACEOUTERBOUND(#13186,.T.);
#13188=IFCFACE((#13187));
#13189=IFCPOLYLOOP((#10254,#10774,#10793));
#13190=IFCFACEOUTERBOUND(#13189,.T.);
#13191=IFCFACE((#13190));
#13192=IFCPOLYLOOP((#10254,#10793,#10779));
#13193=IFCFACEOUTERBOUND(#13192,.T.);
#13194=IFCFACE((#13193));
#13195=IFCPOLYLOOP((#10254,#10779,#10802));
#13196=IFCFACEOUTERBOUND(#13195,.T.);
#13197=IFCFACE((#13196));
#13198=IFCPOLYLOOP((#10254,#10802,#10778));
#13199=IFCFACEOUTERBOUND(#13198,.T.);
#13200=IFCFACE((#13199));
#13201=IFCPOLYLOOP((#10254,#10778,#10783));
#13202=IFCFACEOUTERBOUND(#13201,.T.);
#13203=IFCFACE((#13202));
#13204=IFCPOLYLOOP((#10254,#10783,#10782));
#13205=IFCFACEOUTERBOUND(#13204,.T.);
#13206=IFCFACE((#13205));
#13207=IFCPOLYLOOP((#10254,#10782,#10789));
#13208=IFCFACEOUTERBOUND(#13207,.T.);
#13209=IFCFACE((#13208));
#13210=IFCPOLYLOOP((#10254,#10789,#10588));
#13211=IFCFACEOUTERBOUND(#13210,.T.);
#13212=IFCFACE((#13211));
#13213=IFCPOLYLOOP((#10307,#10270,#10267));
#13214=IFCFACEOUTERBOUND(#13213,.T.);
#13215=IFCFACE((#13214));
#13216=IFCPOLYLOOP((#10307,#10267,#10279));
#13217=IFCFACEOUTERBOUND(#13216,.T.);
#13218=IFCFACE((#13217));
#13219=IFCPOLYLOOP((#10307,#10279,#10259));
#13220=IFCFACEOUTERBOUND(#13219,.T.);
#13221=IFCFACE((#13220));
#13222=IFCPOLYLOOP((#10307,#10259,#10273));
#13223=IFCFACEOUTERBOUND(#13222,.T.);
#13224=IFCFACE((#13223));
#13225=IFCPOLYLOOP((#10307,#10273,#10272));
#13226=IFCFACEOUTERBOUND(#13225,.T.);
#13227=IFCFACE((#13226));
#13228=IFCPOLYLOOP((#10307,#10272,#10297));
#13229=IFCFACEOUTERBOUND(#13228,.T.);
#13230=IFCFACE((#13229));
#13231=IFCPOLYLOOP((#10307,#10297,#10258));
#13232=IFCFACEOUTERBOUND(#13231,.T.);
#13233=IFCFACE((#13232));
#13234=IFCPOLYLOOP((#10307,#10258,#10285));
#13235=IFCFACEOUTERBOUND(#13234,.T.);
#13236=IFCFACE((#13235));
#13237=IFCPOLYLOOP((#10307,#10285,#10274));
#13238=IFCFACEOUTERBOUND(#13237,.T.);
#13239=IFCFACE((#13238));
#13240=IFCPOLYLOOP((#10307,#10274,#10280));
#13241=IFCFACEOUTERBOUND(#13240,.T.);
#13242=IFCFACE((#13241));
#13243=IFCPOLYLOOP((#10307,#10280,#10260));
#13244=IFCFACEOUTERBOUND(#13243,.T.);
#13245=IFCFACE((#13244));
#13246=IFCPOLYLOOP((#10307,#10260,#10287));
#13247=IFCFACEOUTERBOUND(#13246,.T.);
#13248=IFCFACE((#13247));
#13249=IFCPOLYLOOP((#10307,#10287,#10264));
#13250=IFCFACEOUTERBOUND(#13249,.T.);
#13251=IFCFACE((#13250));
#13252=IFCPOLYLOOP((#10307,#10264,#10277));
#13253=IFCFACEOUTERBOUND(#13252,.T.);
#13254=IFCFACE((#13253));
#13255=IFCPOLYLOOP((#10307,#10277,#10257));
#13256=IFCFACEOUTERBOUND(#13255,.T.);
#13257=IFCFACE((#13256));
#13258=IFCPOLYLOOP((#10781,#10786,#10790));
#13259=IFCFACEOUTERBOUND(#13258,.T.);
#13260=IFCFACE((#13259));
#13261=IFCPOLYLOOP((#10802,#10801,#10797));
#13262=IFCFACEOUTERBOUND(#13261,.T.);
#13263=IFCFACE((#13262));
#13264=IFCPOLYLOOP((#10791,#10803,#10784));
#13265=IFCFACEOUTERBOUND(#13264,.T.);
#13266=IFCFACE((#13265));
#13267=IFCPOLYLOOP((#10797,#10776,#10795));
#13268=IFCFACEOUTERBOUND(#13267,.T.);
#13269=IFCFACE((#13268));
#13270=IFCPOLYLOOP((#10777,#10791,#10784));
#13271=IFCFACEOUTERBOUND(#13270,.T.);
#13272=IFCFACE((#13271));
#13273=IFCPOLYLOOP((#10794,#10798,#10791));
#13274=IFCFACEOUTERBOUND(#13273,.T.);
#13275=IFCFACE((#13274));
#13276=IFCPOLYLOOP((#10306,#10788,#10803));
#13277=IFCFACEOUTERBOUND(#13276,.T.);
#13278=IFCFACE((#13277));
#13279=IFCPOLYLOOP((#10787,#10795,#10776));
#13280=IFCFACEOUTERBOUND(#13279,.T.);
#13281=IFCFACE((#13280));
#13282=IFCPOLYLOOP((#10778,#10795,#10783));
#13283=IFCFACEOUTERBOUND(#13282,.T.);
#13284=IFCFACE((#13283));
#13285=IFCPOLYLOOP((#10775,#10801,#10796));
#13286=IFCFACEOUTERBOUND(#13285,.T.);
#13287=IFCFACE((#13286));
#13288=IFCPOLYLOOP((#10794,#10791,#10777));
#13289=IFCFACEOUTERBOUND(#13288,.T.);
#13290=IFCFACE((#13289));
#13291=IFCPOLYLOOP((#10781,#10790,#10799));
#13292=IFCFACEOUTERBOUND(#13291,.T.);
#13293=IFCFACE((#13292));
#13294=IFCPOLYLOOP((#10782,#10783,#10799));
#13295=IFCFACEOUTERBOUND(#13294,.T.);
#13296=IFCFACE((#13295));
#13297=IFCPOLYLOOP((#10783,#10795,#10799));
#13298=IFCFACEOUTERBOUND(#13297,.T.);
#13299=IFCFACE((#13298));
#13300=IFCPOLYLOOP((#10307,#10306,#10803));
#13301=IFCFACEOUTERBOUND(#13300,.T.);
#13302=IFCFACE((#13301));
#13303=IFCPOLYLOOP((#10589,#10588,#10789));
#13304=IFCFACEOUTERBOUND(#13303,.T.);
#13305=IFCFACE((#13304));
#13306=IFCPOLYLOOP((#10782,#10790,#10789));
#13307=IFCFACEOUTERBOUND(#13306,.T.);
#13308=IFCFACE((#13307));
#13309=IFCPOLYLOOP((#10786,#10590,#10589));
#13310=IFCFACEOUTERBOUND(#13309,.T.);
#13311=IFCFACE((#13310));
#13312=IFCPOLYLOOP((#10306,#10305,#10788));
#13313=IFCFACEOUTERBOUND(#13312,.T.);
#13314=IFCFACE((#13313));
#13315=IFCPOLYLOOP((#10791,#10780,#10803));
#13316=IFCFACEOUTERBOUND(#13315,.T.);
#13317=IFCFACE((#13316));
#13318=IFCPOLYLOOP((#10789,#10790,#10589));
#13319=IFCFACEOUTERBOUND(#13318,.T.);
#13320=IFCFACE((#13319));
#13321=IFCPOLYLOOP((#10589,#10790,#10786));
#13322=IFCFACEOUTERBOUND(#13321,.T.);
#13323=IFCFACE((#13322));
#13324=IFCPOLYLOOP((#10780,#10791,#10798));
#13325=IFCFACEOUTERBOUND(#13324,.T.);
#13326=IFCFACE((#13325));
#13327=IFCPOLYLOOP((#10803,#10780,#10785,#10307));
#13328=IFCFACEOUTERBOUND(#13327,.T.);
#13329=IFCFACE((#13328));
#13330=IFCPOLYLOOP((#10777,#10792,#10794));
#13331=IFCFACEOUTERBOUND(#13330,.T.);
#13332=IFCFACE((#13331));
#13333=IFCPOLYLOOP((#10793,#10796,#10801));
#13334=IFCFACEOUTERBOUND(#13333,.T.);
#13335=IFCFACE((#13334));
#13336=IFCPOLYLOOP((#10774,#10796,#10793));
#13337=IFCFACEOUTERBOUND(#13336,.T.);
#13338=IFCFACE((#13337));
#13339=IFCPOLYLOOP((#10796,#10794,#10792));
#13340=IFCFACEOUTERBOUND(#13339,.T.);
#13341=IFCFACE((#13340));
#13342=IFCPOLYLOOP((#10795,#10778,#10797));
#13343=IFCFACEOUTERBOUND(#13342,.T.);
#13344=IFCFACE((#13343));
#13345=IFCPOLYLOOP((#10787,#10781,#10799));
#13346=IFCFACEOUTERBOUND(#13345,.T.);
#13347=IFCFACE((#13346));
#13348=IFCPOLYLOOP((#10794,#10796,#10774));
#13349=IFCFACEOUTERBOUND(#13348,.T.);
#13350=IFCFACE((#13349));
#13351=IFCPOLYLOOP((#10775,#10796,#10792));
#13352=IFCFACEOUTERBOUND(#13351,.T.);
#13353=IFCFACE((#13352));
#13354=IFCPOLYLOOP((#10801,#10802,#10779,#10793));
#13355=IFCFACEOUTERBOUND(#13354,.T.);
#13356=IFCFACE((#13355));
#13357=IFCPOLYLOOP((#10797,#10801,#10800));
#13358=IFCFACEOUTERBOUND(#13357,.T.);
#13359=IFCFACE((#13358));
#13360=IFCPOLYLOOP((#10794,#10774,#10798));
#13361=IFCFACEOUTERBOUND(#13360,.T.);
#13362=IFCFACE((#13361));
#13363=IFCPOLYLOOP((#10799,#10790,#10782));
#13364=IFCFACEOUTERBOUND(#13363,.T.);
#13365=IFCFACE((#13364));
#13366=IFCPOLYLOOP((#10787,#10799,#10795));
#13367=IFCFACEOUTERBOUND(#13366,.T.);
#13368=IFCFACE((#13367));
#13369=IFCPOLYLOOP((#10800,#10801,#10775));
#13370=IFCFACEOUTERBOUND(#13369,.T.);
#13371=IFCFACE((#13370));
#13372=IFCPOLYLOOP((#10800,#10776,#10797));
#13373=IFCFACEOUTERBOUND(#13372,.T.);
#13374=IFCFACE((#13373));
#13375=IFCPOLYLOOP((#10797,#10778,#10802));
#13376=IFCFACEOUTERBOUND(#13375,.T.);
#13377=IFCFACE((#13376));
#13378=IFCPOLYLOOP((#10803,#10788,#10784));
#13379=IFCFACEOUTERBOUND(#13378,.T.);
#13380=IFCFACE((#13379));
#13381=IFCPOLYLOOP((#10765,#10590,#10786,#10781,#10787,#10776,#10800,#10775,#10792,#10777,#10784,#10788,#10305,#10485));
#13382=IFCFACEOUTERBOUND(#13381,.T.);
#13383=IFCFACE((#13382));
#13384=IFCCARTESIANPOINT((0.66666666666667229,0.48958333333332982,6.5));
#13385=IFCCARTESIANPOINT((0.66666666666667229,0.55208333333332971,6.5));
#13386=IFCCARTESIANPOINT((0.66666666666667229,0.55208333333332971,4.4166666666666652));
#13387=IFCCARTESIANPOINT((0.66666666666667229,0.48958333333332982,4.4166666666666643));
#13388=IFCCARTESIANPOINT((0.70603674540682959,0.55536417322834297,6.4606299212598426));
#13389=IFCCARTESIANPOINT((0.7060367454068297,0.48958333333332993,6.4606299212598426));
#13390=IFCCARTESIANPOINT((0.7060367454068297,0.48958333333332993,4.4560367454068226));
#13391=IFCCARTESIANPOINT((0.70603674540682959,0.55536417322834297,4.4560367454068217));
#13392=IFCCARTESIANPOINT((0.68963254593176437,0.57176837270340863,6.477034120734908));
#13393=IFCCARTESIANPOINT((0.70123206662052007,0.56696369391709855,6.4654346000461524));
#13394=IFCCARTESIANPOINT((0.7012320666205204,0.56696369391709833,4.4512320666205127));
#13395=IFCCARTESIANPOINT((0.68963254593176426,0.57176837270340863,4.4396325459317563));
#13396=IFCCARTESIANPOINT((0.68963254593176437,0.57176837270340863,5.4524030741521434));
#13397=IFCCARTESIANPOINT((0.68963254593176426,0.57176837270340863,5.9647185728343945));
#13398=IFCCARTESIANPOINT((0.68963254593176426,0.57176837270340863,4.9519480938322697));
#13399=IFCCARTESIANPOINT((0.70603674540682992,0.55536417322834297,5.4583333333333321));
#13400=IFCCARTESIANPOINT((0.70603674540682992,0.55536417322834297,5.9594816272965874));
#13401=IFCCARTESIANPOINT((0.70603674540682992,0.55536417322834297,4.9571850393700778));
#13402=IFCCARTESIANPOINT((0.68963254593176426,0.57176837270340863,4.695790319882013));
#13403=IFCCARTESIANPOINT((0.70603674540682992,0.55536417322834297,4.7066108864680389));
#13404=IFCCARTESIANPOINT((0.70603674540682992,0.55536417322834297,4.5841156214424377));
#13405=IFCCARTESIANPOINT((0.68963254593176437,0.57176837270340863,6.2208763467846513));
#13406=IFCCARTESIANPOINT((0.70603674540682992,0.55536417322834297,6.2100557801986263));
#13407=IFCCARTESIANPOINT((0.70603674540682992,0.55536417322834297,6.0847686978271964));
#13408=IFCCARTESIANPOINT((0.68963254593176437,0.57176837270340863,6.3489552091506489));
#13409=IFCCARTESIANPOINT((0.70603674540682992,0.55536417322834297,5.7089074743945485));
#13410=IFCCARTESIANPOINT((0.68963254593176426,0.57176837270340863,5.7085608481024002));
#13411=IFCCARTESIANPOINT((0.68963254593176437,0.57176837270340863,5.8366397104683978));
#13412=IFCCARTESIANPOINT((0.68963254593176426,0.57176837270340863,5.2021756086013369));
#13413=IFCCARTESIANPOINT((0.70603674540682992,0.55536417322834297,5.2077591922721167));
#13414=IFCCARTESIANPOINT((0.70603674540682992,0.55536417322834297,5.0824721099006851));
#13415=IFCCARTESIANPOINT((0.68963254593176426,0.57176837270340863,4.5677114575160154));
#13416=IFCCARTESIANPOINT((0.70603674540682992,0.55536417322834297,6.3353428507292344));
#13417=IFCCARTESIANPOINT((0.68963254593176437,0.57176837270340863,6.0927974844186545));
#13418=IFCCARTESIANPOINT((0.68963254593176426,0.57176837270340863,5.0770618512168042));
#13419=IFCCARTESIANPOINT((0.70105523105683865,0.56713787379151126,5.1396186871118967));
#13420=IFCCARTESIANPOINT((0.70134958583869111,0.56684497181717064,5.0394862013020498));
#13421=IFCCARTESIANPOINT((0.70113576800094501,0.56705919962612672,5.2366559084090092));
#13422=IFCCARTESIANPOINT((0.70603674540682992,0.55536417322834297,5.3330462628027249));
#13423=IFCCARTESIANPOINT((0.68963254593176437,0.57176837270340863,5.3272893167676099));
#13424=IFCCARTESIANPOINT((0.7015548849083364,0.56663163051672227,4.6453632571397057));
#13425=IFCCARTESIANPOINT((0.68963254593176426,0.57176837270340863,4.8238691822480098));
#13426=IFCCARTESIANPOINT((0.70095115019518583,0.56723796613313127,4.748536007830122));
#13427=IFCCARTESIANPOINT((0.70603674540682992,0.55536417322834297,4.8318979688394696));
#13428=IFCCARTESIANPOINT((0.70146351099292337,0.56672753655701369,4.5496165765595382));
#13429=IFCCARTESIANPOINT((0.70140119253005395,0.56679206532016413,6.0221251480263414));
#13430=IFCCARTESIANPOINT((0.70111799586098444,0.5670766537658346,5.9221087301027264));
#13431=IFCCARTESIANPOINT((0.70603674540682992,0.55536417322834297,5.8341945567659792));
#13432=IFCCARTESIANPOINT((0.70122025776286279,0.56697549076500364,5.7715510034637845));
#13433=IFCCARTESIANPOINT((0.70136120008228331,0.56683310658045805,6.118624629111876));
#13434=IFCCARTESIANPOINT((0.70123873179633911,0.56695702490921462,5.6732499056050347));
#13435=IFCCARTESIANPOINT((0.68963254593176437,0.57176837270340863,5.5804819365181411));
#13436=IFCCARTESIANPOINT((0.70603674540682992,0.55536417322834297,5.5836204038639403));
#13437=IFCCARTESIANPOINT((0.70133549377768134,0.56685933621689999,5.5209768589771802));
#13438=IFCCARTESIANPOINT((0.70133229045568224,0.56686259653298765,5.4240514863113116));
#13439=IFCCARTESIANPOINT((0.70140119265663547,0.56679206518980829,4.8945414977801516));
#13440=IFCCARTESIANPOINT((0.70156283474483305,0.56662321267469495,6.2726992937981798));
#13441=IFCCARTESIANPOINT((0.70142321119105999,0.56676934631606857,6.3682738855441752));
#13442=IFCCARTESIANPOINT((0.70123762525748834,0.56695813261508377,5.3283859271514604));
#13443=IFCCARTESIANPOINT((0.64041994750656728,0.56520669291338244,6.5262467191601052));
#13444=IFCCARTESIANPOINT((0.64234181902109122,0.56984650118888447,6.5243248476455813));
#13445=IFCCARTESIANPOINT((0.64698162729659359,0.57176837270340863,6.5196850393700787));
#13446=IFCCARTESIANPOINT((0.64698162729659447,0.57176837270340863,4.3969816272965865));
#13447=IFCCARTESIANPOINT((0.64234181902109166,0.56984650118888491,4.3923418190210839));
#13448=IFCCARTESIANPOINT((0.64041994750656728,0.56520669291338232,4.3904199475065591));
#13449=IFCCARTESIANPOINT((0.64041994750656728,0.56520669291338232,5.4583333268689742));
#13450=IFCCARTESIANPOINT((0.64041994750656728,0.56520669291338232,5.9922900294788972));
#13451=IFCCARTESIANPOINT((0.6404199475065675,0.56520669291338232,4.9243766371877662));
#13452=IFCCARTESIANPOINT((0.64698162729659403,0.57176837270340863,5.4583333333333321));
#13453=IFCCARTESIANPOINT((0.64698162729659381,0.57176837270340863,5.9890091922662876));
#13454=IFCCARTESIANPOINT((0.64698162729659425,0.57176837270340863,4.9276574744003776));
#13455=IFCCARTESIANPOINT((0.64698162729659447,0.57176837270340863,4.6623195508484825));
#13456=IFCCARTESIANPOINT((0.64041994750656728,0.56520669291338232,4.6573982858828051));
#13457=IFCCARTESIANPOINT((0.64041994750656728,0.56520669291338232,4.7908874550709282));
#13458=IFCCARTESIANPOINT((0.64698162729659447,0.57176837270340863,4.79498851262443));
#13459=IFCCARTESIANPOINT((0.64698162729659381,0.57176837270340863,6.2543471158181827));
#13460=IFCCARTESIANPOINT((0.64041994750656728,0.56520669291338244,6.2592683678551442));
#13461=IFCCARTESIANPOINT((0.64041994750656728,0.56520669291338244,6.364238316100125));
#13462=IFCCARTESIANPOINT((0.64698162729659359,0.57176837270340852,6.3870160775941311));
#13463=IFCCARTESIANPOINT((0.64698162729659403,0.57176837270340863,5.1929953979522727));
#13464=IFCCARTESIANPOINT((0.64041994750656728,0.56520669291338232,5.1913549884927281));
#13465=IFCCARTESIANPOINT((0.64041994750656728,0.56520669291338232,5.3248441576808521));
#13466=IFCCARTESIANPOINT((0.64698162729659403,0.57176837270340863,5.3256643715573846));
#13467=IFCCARTESIANPOINT((0.64698162729659403,0.57176837270340863,5.7236712687143916));
#13468=IFCCARTESIANPOINT((0.64041994750656728,0.56520669291338232,5.7253116781739362));
#13469=IFCCARTESIANPOINT((0.64041994750656728,0.56520669291338232,5.8588008602907742));
#13470=IFCCARTESIANPOINT((0.64698162729659381,0.57176837270340863,5.8563402304903409));
#13471=IFCCARTESIANPOINT((0.64698162729659447,0.57176837270340852,4.529650589072534));
#13472=IFCCARTESIANPOINT((0.64041994750656728,0.56520669291338232,4.5239091166946812));
#13473=IFCCARTESIANPOINT((0.64041994750656728,0.56520669291338232,4.5906537012887441));
#13474=IFCCARTESIANPOINT((0.64041994750656728,0.56520669291338244,6.4452425111657572));
#13475=IFCCARTESIANPOINT((0.64698162729659359,0.57176837270340863,6.4533505643966871));
#13476=IFCCARTESIANPOINT((0.64041994750656728,0.56520669291338232,4.4714241425721912));
#13477=IFCCARTESIANPOINT((0.64698162729659447,0.57176837270340863,4.4633161022699781));
#13478=IFCCARTESIANPOINT((0.64698162729659381,0.57176837270340863,6.121678154042236));
#13479=IFCCARTESIANPOINT((0.64041994750656728,0.56520669291338232,6.1257791986670203));
#13480=IFCCARTESIANPOINT((0.64041994750656728,0.56520669291338232,6.1925237832610822));
#13481=IFCCARTESIANPOINT((0.64698162729659403,0.57176837270340863,5.0603264361763252));
#13482=IFCCARTESIANPOINT((0.64041994750656728,0.56520669291338232,5.057865819304606));
#13483=IFCCARTESIANPOINT((0.64041994750656728,0.56520669291338232,5.1246104038986671));
#13484=IFCCARTESIANPOINT((0.64041994750656728,0.56520669291338232,5.5918224960570972));
#13485=IFCCARTESIANPOINT((0.64698162729659403,0.57176837270340863,5.5910022951092806));
#13486=IFCCARTESIANPOINT((0.64698162729659403,0.57176837270340863,5.524667820135889));
#13487=IFCCARTESIANPOINT((0.64041994750656728,0.56520669291338244,6.4857446086985737));
#13488=IFCCARTESIANPOINT((0.64041994750656728,0.56520669291338232,4.4309220450393756));
#13489=IFCCARTESIANPOINT((0.64698162729659359,0.57176837270340863,6.479182951193212));
#13490=IFCCARTESIANPOINT((0.64220006281381714,0.56970027531096767,6.4662667483070235));
#13491=IFCCARTESIANPOINT((0.64698162729659359,0.57176837270340863,6.420183315080827));
#13492=IFCCARTESIANPOINT((0.64041994750656728,0.56520669291338232,6.4047404136329407));
#13493=IFCCARTESIANPOINT((0.64253092423998726,0.57002819516566372,6.4035996931361687));
#13494=IFCCARTESIANPOINT((0.64698162729659447,0.57176837270340863,4.4374837154734532));
#13495=IFCCARTESIANPOINT((0.64220006267770535,0.56970027516613309,4.4503999168334714));
#13496=IFCCARTESIANPOINT((0.64260963911929858,0.57009968392547627,4.4972339517904789));
#13497=IFCCARTESIANPOINT((0.64698162729659359,0.57176837270340863,6.3206815907915752));
#13498=IFCCARTESIANPOINT((0.64274539428196698,0.57021767799743772,6.3630619077888673));
#13499=IFCCARTESIANPOINT((0.64041994750656728,0.56520669291338244,6.3117533419776342));
#13500=IFCCARTESIANPOINT((0.64041994750656706,0.56520669291338232,5.2580995730867901));
#13501=IFCCARTESIANPOINT((0.64698162729659403,0.57176837270340863,5.2593298847548287));
#13502=IFCCARTESIANPOINT((0.64698162729659403,0.57176837270340863,5.3919988465307771));
#13503=IFCCARTESIANPOINT((0.64041994750656728,0.56520669291338232,5.3915887422749122));
#13504=IFCCARTESIANPOINT((0.64041994750656728,0.56520669291338232,5.6585670935798742));
#13505=IFCCARTESIANPOINT((0.64698162729659403,0.57176837270340852,5.6573367819118356));
#13506=IFCCARTESIANPOINT((0.64698162729659425,0.57176837270340863,4.861322999426986));
#13507=IFCCARTESIANPOINT((0.64041994750656728,0.56520669291338232,4.8576320525937051));
#13508=IFCCARTESIANPOINT((0.64041994750656728,0.56520669291338232,5.9255454448848361));
#13509=IFCCARTESIANPOINT((0.64698162729659381,0.57176837270340863,5.922674717292896));
#13510=IFCCARTESIANPOINT((0.64698162729659381,0.57176837270340863,5.7900057436877841));
#13511=IFCCARTESIANPOINT((0.64041994750656728,0.56520669291338232,5.7920562627679981));
#13512=IFCCARTESIANPOINT((0.64698162729659381,0.57176837270340863,6.0553436672396801));
#13513=IFCCARTESIANPOINT((0.64041994750656728,0.56520669291338232,6.0590346140729592));
#13514=IFCCARTESIANPOINT((0.64041994750656728,0.56520669291338232,4.9911212217818282));
#13515=IFCCARTESIANPOINT((0.64698162729659425,0.57176837270340863,4.9939919493737692));
#13516=IFCCARTESIANPOINT((0.64698162729659425,0.57176837270340863,4.7286540258218732));
#13517=IFCCARTESIANPOINT((0.64041994750656728,0.56520669291338232,4.7241428704768662));
#13518=IFCCARTESIANPOINT((0.64253712049688683,0.57003390753200034,6.2855108532317727));
#13519=IFCCARTESIANPOINT((0.64698162729659359,0.57176837270340863,6.3538488401074353));
#13520=IFCCARTESIANPOINT((0.64228172059115818,0.56978561403380379,6.2477361221769119));
#13521=IFCCARTESIANPOINT((0.64698162729659359,0.57176837270340863,6.1880126408447911));
#13522=IFCCARTESIANPOINT((0.64698162729659381,0.57176837270340863,6.2211798783314869));
#13523=IFCCARTESIANPOINT((0.64243022538792038,0.56993325427790142,6.2045962438077042));
#13524=IFCCARTESIANPOINT((0.64237497228446494,0.56987941923385832,6.1565041567143171));
#13525=IFCCARTESIANPOINT((0.64041994750656728,0.56520669291338244,6.2258960690937553));
#13526=IFCCARTESIANPOINT((0.64226083022924851,0.56976407337981105,6.3229715701802487));
#13527=IFCCARTESIANPOINT((0.64228038307315005,0.56978424077423295,4.5347297485692497));
#13528=IFCCARTESIANPOINT((0.64698162729659425,0.57176837270340863,4.59598507587509));
#13529=IFCCARTESIANPOINT((0.64698162729659447,0.57176837270340863,4.5628178265592307));
#13530=IFCCARTESIANPOINT((0.64244344735463099,0.56994595071194176,4.579401450672349));
#13531=IFCCARTESIANPOINT((0.64238695909319365,0.56989120631047119,4.6272315094368475));
#13532=IFCCARTESIANPOINT((0.64041994750656728,0.56520669291338232,4.5572814154560701));
#13533=IFCCARTESIANPOINT((0.64698162729659425,0.57176837270340863,5.1266609229788811));
#13534=IFCCARTESIANPOINT((0.64243198134605506,0.56993494453439275,5.0934936805503179));
#13535=IFCCARTESIANPOINT((0.64041994750656728,0.56520669291338232,5.5250779114630362));
#13536=IFCCARTESIANPOINT((0.64698162729659447,0.57176837270340863,4.4964833515858382));
#13537=IFCCARTESIANPOINT((0.64227002755909424,0.56977358130488431,5.2247272753424205));
#13538=IFCCARTESIANPOINT((0.64228753079545164,0.56979157019688809,5.2914718615677483));
#13539=IFCCARTESIANPOINT((0.64234181881910968,0.56984650098690304,5.4251660869565219));
#13540=IFCCARTESIANPOINT((0.64236017243807364,0.56986478229181858,5.3588316056707574));
#13541=IFCCARTESIANPOINT((0.64227002754031925,0.56977358128551447,5.6919393789928092));
#13542=IFCCARTESIANPOINT((0.64237836831708206,0.56988276481556532,5.624169530844882));
#13543=IFCCARTESIANPOINT((0.64248407317496103,0.5699845217707008,4.8944902367236676));
#13544=IFCCARTESIANPOINT((0.64250108652647886,0.57000048015044014,4.8281557554496377));
#13545=IFCCARTESIANPOINT((0.64220291458301415,0.56970330791445956,5.9589177241873328));
#13546=IFCCARTESIANPOINT((0.64244951781699022,0.56995175617236293,5.8895074561840843));
#13547=IFCCARTESIANPOINT((0.64241427559074604,0.56991784352251496,5.7568384934788197));
#13548=IFCCARTESIANPOINT((0.6422358957895038,0.5697381026420929,5.8254285515378452));
#13549=IFCCARTESIANPOINT((0.64248407305908617,0.56998452166162328,6.0221764190504308));
#13550=IFCCARTESIANPOINT((0.64217106518996325,0.56966921841864182,6.0924068970945839));
#13551=IFCCARTESIANPOINT((0.6422029146315138,0.56970330796600188,4.9577489304564146));
#13552=IFCCARTESIANPOINT((0.64221926259347217,0.56972061848889877,5.0244935166761788));
#13553=IFCCARTESIANPOINT((0.64251792026287213,0.57001615870325395,4.7618212741761745));
#13554=IFCCARTESIANPOINT((0.64253457186683338,0.57003155971687858,4.69548679290319));
#13555=IFCCARTESIANPOINT((0.64698162729659359,0.57176837270340863,6.2875143533048794));
#13556=IFCCARTESIANPOINT((0.64041994750656728,0.56520669291338244,6.1591514974284092));
#13557=IFCCARTESIANPOINT((0.64698162729659381,0.57176837270340863,6.154845391528931));
#13558=IFCCARTESIANPOINT((0.64041994750656728,0.56520669291338232,4.6240259871214162));
#13559=IFCCARTESIANPOINT((0.64698162729659447,0.57176837270340863,4.6291523133617858));
#13560=IFCCARTESIANPOINT((0.64225281669825773,0.56975575787136057,5.1579826891189384));
#13561=IFCCARTESIANPOINT((0.64698162729659425,0.57176837270340863,5.093493673663021));
#13562=IFCCARTESIANPOINT((0.64041994750656706,0.56520669291338232,5.0912381180659949));
#13563=IFCCARTESIANPOINT((0.64234181876912833,0.56984650093692157,5.4915005682467299));
#13564=IFCCARTESIANPOINT((0.64230532881598124,0.5698097217191862,5.5584502064968602));
#13565=IFCCARTESIANPOINT((0.64041994750656728,0.56520669291338232,5.2247272872541171));
#13566=IFCCARTESIANPOINT((0.64698162729659403,0.57176837270340863,5.2261626472681328));
#13567=IFCCARTESIANPOINT((0.64041994750656728,0.56520669291338232,5.2914718589194631));
#13568=IFCCARTESIANPOINT((0.64698162729659403,0.57176837270340863,5.2924971222415245));
#13569=IFCCARTESIANPOINT((0.64266093242684263,0.57014503651314807,5.258089537977698));
#13570=IFCCARTESIANPOINT((0.64698162729659403,0.57176837270340863,5.4251660958466363));
#13571=IFCCARTESIANPOINT((0.64041994750656728,0.56520669291338232,5.4249610281075862));
#13572=IFCCARTESIANPOINT((0.64698162729659403,0.57176837270340863,5.3588316090440813));
#13573=IFCCARTESIANPOINT((0.64263404620648923,0.57012138317135452,5.3251186394506433));
#13574=IFCCARTESIANPOINT((0.64041994750656728,0.56520669291338232,5.3582164564422401));
#13575=IFCCARTESIANPOINT((0.64202311621547836,0.56950422819832147,5.3919893416324376));
#13576=IFCCARTESIANPOINT((0.64041994750656728,0.56520669291338232,5.6919393923412631));
#13577=IFCCARTESIANPOINT((0.64698162729659403,0.57176837270340863,5.6905040193985315));
#13578=IFCCARTESIANPOINT((0.64698162729659403,0.57176837270340863,5.6241695444251398));
#13579=IFCCARTESIANPOINT((0.64041994750656728,0.56520669291338232,5.6251947948184862));
#13580=IFCCARTESIANPOINT((0.6420821961644283,0.56957146280972382,5.6580139082595116));
#13581=IFCCARTESIANPOINT((0.64698162729659425,0.57176837270340863,4.8944902369136809));
#13582=IFCCARTESIANPOINT((0.64041994750656728,0.56520669291338232,4.891004351355094));
#13583=IFCCARTESIANPOINT((0.64698162729659425,0.57176837270340863,4.8281557501111259));
#13584=IFCCARTESIANPOINT((0.64041994750656728,0.56520669291338232,4.8242597538323171));
#13585=IFCCARTESIANPOINT((0.64202091523015037,0.56950168737911622,4.8613108716347195));
#13586=IFCCARTESIANPOINT((0.64041994750656728,0.56520669291338232,5.9589177307175092));
#13587=IFCCARTESIANPOINT((0.64698162729659381,0.57176837270340863,5.9558419547795918));
#13588=IFCCARTESIANPOINT((0.64698162729659403,0.57176837270340863,5.8895074679770367));
#13589=IFCCARTESIANPOINT((0.64041994750656728,0.56520669291338232,5.8921731590521631));
#13590=IFCCARTESIANPOINT((0.64215445556605277,0.56965124629372388,5.9241497259964495));
#13591=IFCCARTESIANPOINT((0.64698162729659403,0.57176837270340863,5.7568385062010883));
#13592=IFCCARTESIANPOINT((0.64041994750656728,0.56520669291338232,5.7586839640066083));
#13593=IFCCARTESIANPOINT((0.64041994750656728,0.56520669291338232,5.8254285615293862));
#13594=IFCCARTESIANPOINT((0.64698162729659381,0.57176837270340863,5.8231729930036442));
#13595=IFCCARTESIANPOINT((0.64257531153106551,0.57006879359531992,5.7911984537873815));
#13596=IFCCARTESIANPOINT((0.64698162729659381,0.57176837270340863,6.0221764297529834));
#13597=IFCCARTESIANPOINT((0.64041994750656728,0.56520669291338232,6.0256623282402861));
#13598=IFCCARTESIANPOINT((0.64041994750656728,0.56520669291338232,6.0924068999056322));
#13599=IFCCARTESIANPOINT((0.64698162729659359,0.57176837270340863,6.0885109165555402));
#13600=IFCCARTESIANPOINT((0.64249687539149547,0.569996540720626,6.0573684588513776));
#13601=IFCCARTESIANPOINT((0.64041994750656728,0.56520669291338232,4.9577489230204392));
#13602=IFCCARTESIANPOINT((0.64698162729659425,0.57176837270340863,4.9608247118870734));
#13603=IFCCARTESIANPOINT((0.64041994750656706,0.56520669291338232,5.0244935205432171));
#13604=IFCCARTESIANPOINT((0.64213616120453509,0.56963129459235295,5.0590540923011655));
#13605=IFCCARTESIANPOINT((0.64698162729659425,0.57176837270340863,5.0271591986896293));
#13606=IFCCARTESIANPOINT((0.64266241584098882,0.57014633400040593,4.9911099060373614));
#13607=IFCCARTESIANPOINT((0.64698162729659425,0.57176837270340863,4.7618212751377333));
#13608=IFCCARTESIANPOINT((0.64041994750656728,0.56520669291338232,4.7575151563095401));
#13609=IFCCARTESIANPOINT((0.64201904501367557,0.5694995263310807,4.7949761009801772));
#13610=IFCCARTESIANPOINT((0.64698162729659447,0.57176837270340863,4.6954867883351774));
#13611=IFCCARTESIANPOINT((0.64259906949000412,0.57009021917406133,4.6613305900856439));
#13612=IFCCARTESIANPOINT((0.64041994750656728,0.56520669291338232,4.6907705846441932));
#13613=IFCCARTESIANPOINT((0.6420168269835369,0.56949696091413848,4.7286413394750317));
#13614=IFCCARTESIANPOINT((0.6404199475065675,0.56520669291338232,5.1579826897313392));
#13615=IFCCARTESIANPOINT((0.64203393307719381,0.56951667708715337,5.1913613077129073));
#13616=IFCCARTESIANPOINT((0.64698162729659403,0.57176837270340863,5.1598281604655769));
#13617=IFCCARTESIANPOINT((0.64698162729659403,0.57176837270340863,5.4915005708200288));
#13618=IFCCARTESIANPOINT((0.64268477233707433,0.57016579354995889,5.4583333276369457));
#13619=IFCCARTESIANPOINT((0.64041994750656728,0.56520669291338232,5.4917056256303631));
#13620=IFCCARTESIANPOINT((0.64041994750656728,0.56520669291338232,5.5584501972957092));
#13621=IFCCARTESIANPOINT((0.64698162729659403,0.57176837270340863,5.5578350576225848));
#13622=IFCCARTESIANPOINT((0.64265360219765522,0.57013861347334671,5.5249931444840596));
#13623=IFCCARTESIANPOINT((0.64041994750656706,0.55208333333332971,6.5262467191601052));
#13624=IFCCARTESIANPOINT((0.64041994750656706,0.55208333333332971,4.3904199475065591));
#13625=IFCCARTESIANPOINT((1.0833333333333417,0.55208333333332904,4.4166666666666652));
#13626=IFCCARTESIANPOINT((1.083333333333341,0.48958333333332915,4.4166666666666652));
#13627=IFCCARTESIANPOINT((1.0439632545931836,0.48958333333332937,4.4560367454068226));
#13628=IFCCARTESIANPOINT((1.0439632545931836,0.55536417322834242,4.4560367454068226));
#13629=IFCCARTESIANPOINT((1.0487679333794937,0.56696369391709811,4.4512320666205127));
#13630=IFCCARTESIANPOINT((1.0603674540682491,0.57176837270340808,4.4396325459317572));
#13631=IFCCARTESIANPOINT((0.91588436955626884,0.55536417322834264,4.4560367454068226));
#13632=IFCCARTESIANPOINT((0.8749999981068346,0.57176837270340841,4.4396325459317572));
#13633=IFCCARTESIANPOINT((0.83411562807465034,0.55536417322834275,4.4560367454068217));
#13634=IFCCARTESIANPOINT((0.87500000789230725,0.56650196261560737,4.4516761088590089));
#13635=IFCCARTESIANPOINT((0.81771142947658659,0.57176837270340841,4.4396325459317572));
#13636=IFCCARTESIANPOINT((0.9322885667370826,0.5717683727034083,4.4396325459317572));
#13637=IFCCARTESIANPOINT((0.78773629061667827,0.56518499300752012,4.4527721524434707));
#13638=IFCCARTESIANPOINT((0.96226371977119673,0.56518499282599277,4.4527721525791479));
#13639=IFCCARTESIANPOINT((1.10301837270342,0.57176837270340786,4.3969816272965865));
#13640=IFCCARTESIANPOINT((1.1076581809789223,0.5698465011888838,4.3923418190210839));
#13641=IFCCARTESIANPOINT((1.1095800524934463,0.56520669291338155,4.39041994750656));
#13642=IFCCARTESIANPOINT((0.94100997721255375,0.57176837270340808,4.3969816272965865));
#13643=IFCCARTESIANPOINT((0.87500000000000711,0.56520669291338199,4.39041994750656));
#13644=IFCCARTESIANPOINT((0.80242834556309994,0.5652066929133821,4.39041994750656));
#13645=IFCCARTESIANPOINT((0.9922900279107989,0.56520669291338177,4.39041994750656));
#13646=IFCCARTESIANPOINT((0.79399580422508154,0.57176837270340841,4.3969816272965865));
#13647=IFCCARTESIANPOINT((0.86750289268932512,0.57176837270340819,4.3969816272965865));
#13648=IFCCARTESIANPOINT((1.0220141729874792,0.57176837270340797,4.3969816272965865));
#13649=IFCCARTESIANPOINT((0.72142414487076179,0.56520669291338232,4.39041994750656));
#13650=IFCCARTESIANPOINT((0.72048871576083795,0.57176837270340841,4.3969816272965865));
#13651=IFCCARTESIANPOINT((0.7572422599929598,0.57176837270340841,4.3969816272965865));
#13652=IFCCARTESIANPOINT((1.0285758551292525,0.56520669291338166,4.39041994750656));
#13653=IFCCARTESIANPOINT((1.0625162728454496,0.57176837270340797,4.3969816272965865));
#13654=IFCCARTESIANPOINT((0.6809220445245926,0.56520669291338232,4.39041994750656));
#13655=IFCCARTESIANPOINT((0.76192624521693075,0.56520669291338221,4.39041994750656));
#13656=IFCCARTESIANPOINT((1.0690779554754215,0.56520669291338166,4.39041994750656));
#13657=IFCCARTESIANPOINT((0.68748372715456485,0.57176837270340852,4.3969816272965865));
#13658=IFCCARTESIANPOINT((0.70398622192602289,0.56982494081610302,4.3923203583732295));
#13659=IFCCARTESIANPOINT((1.0104329415539106,0.56971249274104174,4.3922115738818022));
#13660=IFCCARTESIANPOINT((0.93364501395540311,0.56520669291338188,4.39041994750656));
#13661=IFCCARTESIANPOINT((0.90425643692144697,0.57176837270340819,4.3969816272965865));
#13662=IFCCARTESIANPOINT((0.96567769388344871,0.56977844874675787,4.3922747503843622));
#13663=IFCCARTESIANPOINT((0.77561903327236115,0.56994715020602782,4.3924447003274318));
#13664=IFCCARTESIANPOINT((0.92263320843153895,0.56999080688105652,4.3924907593168818));
#13665=IFCCARTESIANPOINT((0.81714217102489195,0.57005768671125256,4.3925630867185381));
#13666=IFCCARTESIANPOINT((0.98151207707052401,0.57176837270340797,4.3969816272965865));
#13667=IFCCARTESIANPOINT((0.73990369356536845,0.56927654127932792,4.3918345916502117));
#13668=IFCCARTESIANPOINT((0.83871417278155347,0.5652066929133821,4.39041994750656));
#13669=IFCCARTESIANPOINT((0.85685708858357335,0.56969798959790219,4.3921979157920683));
#13670=IFCCARTESIANPOINT((0.8307493484572035,0.5717683727034083,4.3969816272965865));
#13671=IFCCARTESIANPOINT((1.0705383803656818,0.56988846557721795,4.392384166433132));
#13672=IFCCARTESIANPOINT((1.1095800524934463,0.55208333333332904,4.39041994750656));
#13673=IFCCARTESIANPOINT((1.0833333333333417,0.55208333333332904,6.5));
#13674=IFCCARTESIANPOINT((1.0833333333333415,0.48958333333332915,6.5));
#13675=IFCCARTESIANPOINT((1.0439632545931836,0.48958333333332937,6.4606299212598426));
#13676=IFCCARTESIANPOINT((1.0439632545931841,0.55536417322834253,6.4606299212598417));
#13677=IFCCARTESIANPOINT((1.0487679333794939,0.56696369391709833,6.4654346000461524));
#13678=IFCCARTESIANPOINT((1.0603674540682497,0.57176837270340819,6.477034120734908));
#13679=IFCCARTESIANPOINT((1.0603674540682495,0.57176837270340819,5.4642635885032593));
#13680=IFCCARTESIANPOINT((1.0603674540682493,0.57176837270340808,4.9519480426083931));
#13681=IFCCARTESIANPOINT((1.0603674540682495,0.57176837270340819,5.9647185748400435));
#13682=IFCCARTESIANPOINT((1.0439632545931838,0.55536417322834253,5.4583333333333321));
#13683=IFCCARTESIANPOINT((1.0439632545931838,0.55536417322834253,4.9571850393700778));
#13684=IFCCARTESIANPOINT((1.0439632545931838,0.55536417322834253,5.9594816272965874));
#13685=IFCCARTESIANPOINT((1.0603674540682497,0.57176837270340808,6.2208763723965896));
#13686=IFCCARTESIANPOINT((1.0439632545931838,0.55536417322834253,6.2100557801986263));
#13687=IFCCARTESIANPOINT((1.0439632545931838,0.55536417322834253,6.332551033383405));
#13688=IFCCARTESIANPOINT((1.0603674540682493,0.57176837270340808,4.6957902942700755));
#13689=IFCCARTESIANPOINT((1.0439632545931838,0.55536417322834253,4.706610886468038));
#13690=IFCCARTESIANPOINT((1.0439632545931838,0.55536417322834253,4.8318979688394696));
#13691=IFCCARTESIANPOINT((1.0603674540682491,0.57176837270340808,4.5677114201009159));
#13692=IFCCARTESIANPOINT((1.0439632545931838,0.55536417322834253,5.2077591922721167));
#13693=IFCCARTESIANPOINT((1.0603674540682495,0.57176837270340808,5.2081057909467114));
#13694=IFCCARTESIANPOINT((1.0603674540682493,0.57176837270340808,5.0800269167775527));
#13695=IFCCARTESIANPOINT((1.0603674540682495,0.57176837270340808,5.7144910816716505));
#13696=IFCCARTESIANPOINT((1.0439632545931838,0.55536417322834253,5.7089074743945485));
#13697=IFCCARTESIANPOINT((1.0439632545931838,0.55536417322834253,5.8341945567659792));
#13698=IFCCARTESIANPOINT((1.0603674540682497,0.57176837270340819,6.3489552465657493));
#13699=IFCCARTESIANPOINT((1.0439632545931841,0.55536417322834253,4.5813238159374308));
#13700=IFCCARTESIANPOINT((1.0603674540682493,0.57176837270340808,4.8238691684392343));
#13701=IFCCARTESIANPOINT((1.0603674540682495,0.57176837270340808,5.8396048036467327));
#13702=IFCCARTESIANPOINT((1.048944768943175,0.5671378737915107,5.7770479795547676));
#13703=IFCCARTESIANPOINT((1.0486504141613229,0.5668449718171702,5.8771804653646145));
#13704=IFCCARTESIANPOINT((1.0488642319990689,0.56705919962612605,5.6800107582576551));
#13705=IFCCARTESIANPOINT((1.0439632545931838,0.55536417322834253,5.5836204038639403));
#13706=IFCCARTESIANPOINT((1.0603674540682495,0.57176837270340808,5.5893773596965683));
#13707=IFCCARTESIANPOINT((1.0484451150916776,0.56663163051672183,6.2713034095269595));
#13708=IFCCARTESIANPOINT((1.0603674540682495,0.57176837270340819,6.0927974490092023));
#13709=IFCCARTESIANPOINT((1.049048849804828,0.56723796613313082,6.1681306588365432));
#13710=IFCCARTESIANPOINT((1.0439632545931838,0.55536417322834253,6.0847686978271964));
#13711=IFCCARTESIANPOINT((1.0485364890070905,0.56672753655701325,6.3670500901071279));
#13712=IFCCARTESIANPOINT((1.0485988074699599,0.56679206532016357,4.8945415186403238));
#13713=IFCCARTESIANPOINT((1.0488820041390294,0.56707665376583405,4.9945579365639379));
#13714=IFCCARTESIANPOINT((1.0439632545931838,0.55536417322834253,5.0824721099006851));
#13715=IFCCARTESIANPOINT((1.048779742237151,0.56697549076500309,5.1451156632028807));
#13716=IFCCARTESIANPOINT((1.0486387999177305,0.56683310658045749,4.7980420375547901));
#13717=IFCCARTESIANPOINT((1.0487612682036747,0.56695702490921396,5.2434167610616296));
#13718=IFCCARTESIANPOINT((1.0603674540682495,0.57176837270340808,5.3361847143340997));
#13719=IFCCARTESIANPOINT((1.0439632545931838,0.55536417322834253,5.3330462628027249));
#13720=IFCCARTESIANPOINT((1.0486645062223325,0.56685933621689943,5.395689807689485));
#13721=IFCCARTESIANPOINT((1.0486677095443315,0.5668625965329871,5.4926151803553536));
#13722=IFCCARTESIANPOINT((1.0485988073433785,0.56679206518980785,6.0221251688865136));
#13723=IFCCARTESIANPOINT((1.0484371652551807,0.5666232126746944,4.6439673728684854));
#13724=IFCCARTESIANPOINT((1.0485767888089537,0.5667693463160679,4.5483927811224909));
#13725=IFCCARTESIANPOINT((1.0487623747425254,0.56695813261508321,5.5882807395152048));
#13726=IFCCARTESIANPOINT((1.1030183727034215,0.57176837270340797,6.5196850393700796));
#13727=IFCCARTESIANPOINT((1.1076581809789232,0.56984650118888314,6.5243248476455822));
#13728=IFCCARTESIANPOINT((1.1095800524934463,0.56520669291338144,6.5262467191601043));
#13729=IFCCARTESIANPOINT((1.1095800524934463,0.56520669291338166,5.4583333397976901));
#13730=IFCCARTESIANPOINT((1.1095800524934463,0.56520669291338166,4.924376643652125));
#13731=IFCCARTESIANPOINT((1.1095800524934463,0.56520669291338155,5.9922900230145393));
#13732=IFCCARTESIANPOINT((1.1030183727034206,0.57176837270340797,5.458333333333333));
#13733=IFCCARTESIANPOINT((1.1030183727034204,0.57176837270340797,4.9276574862295579));
#13734=IFCCARTESIANPOINT((1.1030183727034211,0.57176837270340797,5.9890091804371082));
#13735=IFCCARTESIANPOINT((1.1030183727034213,0.57176837270340797,6.2543471099035948));
#13736=IFCCARTESIANPOINT((1.1095800524934463,0.56520669291338144,6.2592683775516793));
#13737=IFCCARTESIANPOINT((1.1095800524934463,0.56520669291338155,6.1257792002831097));
#13738=IFCCARTESIANPOINT((1.1030183727034211,0.57176837270340797,6.1216781451703515));
#13739=IFCCARTESIANPOINT((1.1030183727034202,0.57176837270340797,4.6623195567630722));
#13740=IFCCARTESIANPOINT((1.1095800524934463,0.56520669291338166,4.6573983020437009));
#13741=IFCCARTESIANPOINT((1.1095800524934463,0.56520669291338166,4.5524283474446152));
#13742=IFCCARTESIANPOINT((1.1030183727034202,0.57176837270340797,4.5296505920298298));
#13743=IFCCARTESIANPOINT((1.1030183727034208,0.57176837270340797,5.7236712509706233));
#13744=IFCCARTESIANPOINT((1.1095800524934463,0.56520669291338166,5.7253116814061151));
#13745=IFCCARTESIANPOINT((1.1095800524934463,0.56520669291338166,5.5918225170662605));
#13746=IFCCARTESIANPOINT((1.1030183727034208,0.57176837270340797,5.5910022980665754));
#13747=IFCCARTESIANPOINT((1.1030183727034206,0.57176837270340797,5.1929954156960436));
#13748=IFCCARTESIANPOINT((1.1095800524934463,0.56520669291338166,5.1913549852605492));
#13749=IFCCARTESIANPOINT((1.1095800524934463,0.56520669291338166,5.0578658079919787));
#13750=IFCCARTESIANPOINT((1.1030183727034204,0.57176837270340797,5.0603264509628003));
#13751=IFCCARTESIANPOINT((1.1030183727034215,0.57176837270340797,6.3870160746368363));
#13752=IFCCARTESIANPOINT((1.1095800524934463,0.56520669291338144,6.3927575548202498));
#13753=IFCCARTESIANPOINT((1.1095800524934463,0.56520669291338144,6.3260129661859645));
#13754=IFCCARTESIANPOINT((1.1095800524934463,0.56520669291338166,4.4714241474755871));
#13755=IFCCARTESIANPOINT((1.1030183727034202,0.57176837270340797,4.4633161155778058));
#13756=IFCCARTESIANPOINT((1.1095800524934463,0.56520669291338144,6.4452425321197921));
#13757=IFCCARTESIANPOINT((1.1030183727034215,0.57176837270340797,6.4533505510888602));
#13758=IFCCARTESIANPOINT((1.1030183727034202,0.57176837270340797,4.7949885214963146));
#13759=IFCCARTESIANPOINT((1.1095800524934463,0.56520669291338166,4.7908874793122713));
#13760=IFCCARTESIANPOINT((1.1095800524934463,0.56520669291338166,4.7241428906779861));
#13761=IFCCARTESIANPOINT((1.1030183727034211,0.57176837270340797,5.8563402157038649));
#13762=IFCCARTESIANPOINT((1.1095800524934465,0.56520669291338155,5.8588008457459679));
#13763=IFCCARTESIANPOINT((1.1095800524934463,0.56520669291338155,5.7920562700404004));
#13764=IFCCARTESIANPOINT((1.1095800524934463,0.56520669291338166,5.3248441625291196));
#13765=IFCCARTESIANPOINT((1.1030183727034206,0.57176837270340797,5.3256643686000906));
#13766=IFCCARTESIANPOINT((1.1030183727034206,0.57176837270340797,5.39199885688131));
#13767=IFCCARTESIANPOINT((1.1095800524934463,0.56520669291338166,4.430922047491074));
#13768=IFCCARTESIANPOINT((1.1095800524934463,0.56520669291338155,6.4857446321043071));
#13769=IFCCARTESIANPOINT((1.10301837270342,0.57176837270340797,4.4374837300816452));
#13770=IFCCARTESIANPOINT((1.1077999371861966,0.56970027531096701,4.4503999183596408));
#13771=IFCCARTESIANPOINT((1.1030183727034202,0.57176837270340797,4.4964833597184155));
#13772=IFCCARTESIANPOINT((1.1095800524934463,0.56520669291338166,4.5119262474601012));
#13773=IFCCARTESIANPOINT((1.1074690757600263,0.57002819516566305,4.5130669735304956));
#13774=IFCCARTESIANPOINT((1.1030183727034215,0.57176837270340797,6.4791829365850218));
#13775=IFCCARTESIANPOINT((1.1077999373223091,0.56970027516613153,6.4662667498331938));
#13776=IFCCARTESIANPOINT((1.1073903608807152,0.5700996839254755,6.4194327148761925));
#13777=IFCCARTESIANPOINT((1.1030183727034202,0.57176837270340797,4.5959850684818528));
#13778=IFCCARTESIANPOINT((1.1072546057180468,0.57021767799743706,4.5536047588777979));
#13779=IFCCARTESIANPOINT((1.1095800524934463,0.56520669291338166,4.6049133247441576));
#13780=IFCCARTESIANPOINT((1.1095800524934463,0.56520669291338155,5.658567092771829));
#13781=IFCCARTESIANPOINT((1.1030183727034208,0.57176837270340797,5.6573367745185994));
#13782=IFCCARTESIANPOINT((1.1030183727034208,0.57176837270340797,5.5246678097853561));
#13783=IFCCARTESIANPOINT((1.1095800524934463,0.56520669291338166,5.5250779284319753));
#13784=IFCCARTESIANPOINT((1.1095800524934463,0.56520669291338166,5.2580995738948353));
#13785=IFCCARTESIANPOINT((1.1030183727034206,0.57176837270340797,5.2593298921480667));
#13786=IFCCARTESIANPOINT((1.1030183727034211,0.57176837270340797,6.0553436687183275));
#13787=IFCCARTESIANPOINT((1.1095800524934463,0.56520669291338155,6.0590346116488245));
#13788=IFCCARTESIANPOINT((1.1095800524934463,0.56520669291338166,4.9911212322864102));
#13789=IFCCARTESIANPOINT((1.1030183727034204,0.57176837270340797,4.9939919745107773));
#13790=IFCCARTESIANPOINT((1.1030183727034206,0.57176837270340797,5.1266609274148234));
#13791=IFCCARTESIANPOINT((1.1095800524934463,0.56520669291338166,5.1246103966262639));
#13792=IFCCARTESIANPOINT((1.1030183727034202,0.57176837270340797,4.8613229979483386));
#13793=IFCCARTESIANPOINT((1.1095800524934463,0.56520669291338166,4.8576320550178398));
#13794=IFCCARTESIANPOINT((1.1095800524934463,0.56520669291338155,5.9255454343802541));
#13795=IFCCARTESIANPOINT((1.1030183727034211,0.57176837270340797,5.9226746921558888));
#13796=IFCCARTESIANPOINT((1.1030183727034213,0.57176837270340797,6.1880126216223745));
#13797=IFCCARTESIANPOINT((1.1095800524934463,0.56520669291338155,6.1925237889173941));
#13798=IFCCARTESIANPOINT((1.1074628795031269,0.57003390753199956,4.6311558134348916));
#13799=IFCCARTESIANPOINT((1.10301837270342,0.57176837270340797,4.5628178243412432));
#13800=IFCCARTESIANPOINT((1.1077182794088558,0.56978561403380301,4.6689305444897533));
#13801=IFCCARTESIANPOINT((1.1030183727034202,0.57176837270340797,4.7286540450442915));
#13802=IFCCARTESIANPOINT((1.1030183727034202,0.57176837270340797,4.6954868009036819));
#13803=IFCCARTESIANPOINT((1.1075697746120934,0.56993325427790065,4.7120704228589609));
#13804=IFCCARTESIANPOINT((1.1076250277155488,0.56987941923385765,4.7601625099523472));
#13805=IFCCARTESIANPOINT((1.1095800524934463,0.56520669291338166,4.6907706028252019));
#13806=IFCCARTESIANPOINT((1.107739169770765,0.56976407337981039,4.5936950964864156));
#13807=IFCCARTESIANPOINT((1.1077196169268644,0.56978424077423162,6.3819369180974332));
#13808=IFCCARTESIANPOINT((1.1030183727034215,0.57176837270340797,6.3206815981848132));
#13809=IFCCARTESIANPOINT((1.1030183727034215,0.57176837270340797,6.3538488423254238));
#13810=IFCCARTESIANPOINT((1.1075565526453837,0.56994595071194043,6.3372652159943161));
#13811=IFCCARTESIANPOINT((1.1076130409068212,0.5698912063104693,6.2894351572298222));
#13812=IFCCARTESIANPOINT((1.1095800524934463,0.56520669291338155,6.3593852540387497));
#13813=IFCCARTESIANPOINT((1.1030183727034211,0.57176837270340797,5.7900057392518418));
#13814=IFCCARTESIANPOINT((1.1075680186539594,0.56993494453439153,5.8231729861163473));
#13815=IFCCARTESIANPOINT((1.1095800524934463,0.56520669291338166,5.3915887511634049));
#13816=IFCCARTESIANPOINT((1.1030183727034215,0.57176837270340797,6.4201833069482506));
#13817=IFCCARTESIANPOINT((1.1077299724409198,0.5697735813048832,5.6919393913242438));
#13818=IFCCARTESIANPOINT((1.1077124692045626,0.56979157019688698,5.625194805098916));
#13819=IFCCARTESIANPOINT((1.1076581811809045,0.56984650098690193,5.4915005797101433));
#13820=IFCCARTESIANPOINT((1.1076398275619406,0.56986478229181747,5.5578350609959077));
#13821=IFCCARTESIANPOINT((1.1077299724596947,0.56977358128551336,5.2247272876738551));
#13822=IFCCARTESIANPOINT((1.1076216316829322,0.56988276481556444,5.2924971358217832));
#13823=IFCCARTESIANPOINT((1.1075159268250534,0.56998452177069947,6.0221764299429985));
#13824=IFCCARTESIANPOINT((1.1074989134735356,0.5700004801504388,6.0885109112170275));
#13825=IFCCARTESIANPOINT((1.1077970854169998,0.56970330791445867,4.9577489424793315));
#13826=IFCCARTESIANPOINT((1.1075504821830238,0.56995175617236216,5.02715921048258));
#13827=IFCCARTESIANPOINT((1.1075857244092679,0.56991784352251407,5.1598281731878455));
#13828=IFCCARTESIANPOINT((1.1077641042105104,0.56973810264209201,5.0912381151288191));
#13829=IFCCARTESIANPOINT((1.1075159269409278,0.56998452166162261,4.8944902476162344));
#13830=IFCCARTESIANPOINT((1.1078289348100507,0.56966921841864093,4.8242597695720804));
#13831=IFCCARTESIANPOINT((1.1077970853685004,0.56970330796600055,5.9589177362102488));
#13832=IFCCARTESIANPOINT((1.107780737406542,0.56972061848889766,5.8921731499904855));
#13833=IFCCARTESIANPOINT((1.1074820797371423,0.57001615870325262,6.1548453924904916));
#13834=IFCCARTESIANPOINT((1.1074654281331813,0.57003155971687713,6.221179873763476));
#13835=IFCCARTESIANPOINT((1.1030183727034202,0.57176837270340797,4.6291523126224625));
#13836=IFCCARTESIANPOINT((1.1095800524934463,0.56520669291338166,4.7575151785307703));
#13837=IFCCARTESIANPOINT((1.1030183727034202,0.57176837270340786,4.7618212891849012));
#13838=IFCCARTESIANPOINT((1.1095800524934463,0.56520669291338155,6.2926406783331812));
#13839=IFCCARTESIANPOINT((1.1030183727034213,0.57176837270340797,6.2875143540442036));
#13840=IFCCARTESIANPOINT((1.1077471833017565,0.56975575787135946,5.7586839775477259));
#13841=IFCCARTESIANPOINT((1.1030183727034211,0.57176837270340797,5.8231729833924524));
#13842=IFCCARTESIANPOINT((1.1095800524934463,0.56520669291338166,5.8254285578931846));
#13843=IFCCARTESIANPOINT((1.1076581812308857,0.56984650093692057,5.4251660984199352));
#13844=IFCCARTESIANPOINT((1.107694671184033,0.5698097217191852,5.3582164601698041));
#13845=IFCCARTESIANPOINT((1.1095800524934463,0.56520669291338155,5.69193939355333));
#13846=IFCCARTESIANPOINT((1.1030183727034208,0.57176837270340797,5.6905040068300128));
#13847=IFCCARTESIANPOINT((1.1095800524934463,0.56520669291338155,5.6251948049190457));
#13848=IFCCARTESIANPOINT((1.1030183727034208,0.57176837270340797,5.624169542207186));
#13849=IFCCARTESIANPOINT((1.107339067573172,0.57014503651314663,5.6585771286889663));
#13850=IFCCARTESIANPOINT((1.1030183727034206,0.57176837270340797,5.4915005656447464));
#13851=IFCCARTESIANPOINT((1.1095800524934463,0.56520669291338166,5.4917056405791911));
#13852=IFCCARTESIANPOINT((1.1030183727034208,0.57176837270340797,5.5578350539259658));
#13853=IFCCARTESIANPOINT((1.1073659537935252,0.57012138317135319,5.591548027216021));
#13854=IFCCARTESIANPOINT((1.1095800524934465,0.56520669291338166,5.5584502162847595));
#13855=IFCCARTESIANPOINT((1.1079768837845356,0.56950422819832069,5.5246773250342276));
#13856=IFCCARTESIANPOINT((1.1095800524934463,0.56520669291338166,5.2247272860420502));
#13857=IFCCARTESIANPOINT((1.1030183727034206,0.57176837270340797,5.2261626598366533));
#13858=IFCCARTESIANPOINT((1.1030183727034206,0.57176837270340786,5.2924971244594801));
#13859=IFCCARTESIANPOINT((1.1095800524934463,0.56520669291338166,5.2914718617476186));
#13860=IFCCARTESIANPOINT((1.1079178038355855,0.56957146280972304,5.2586527584071536));
#13861=IFCCARTESIANPOINT((1.1030183727034211,0.57176837270340797,6.0221764245777187));
#13862=IFCCARTESIANPOINT((1.1095800524934463,0.56520669291338155,6.0256623237960394));
#13863=IFCCARTESIANPOINT((1.1030183727034211,0.57176837270340797,6.0885109128589372));
#13864=IFCCARTESIANPOINT((1.1095800524934463,0.56520669291338155,6.0924068995016087));
#13865=IFCCARTESIANPOINT((1.1079790847698634,0.56950168737911544,6.0553557950319457));
#13866=IFCCARTESIANPOINT((1.1095800524934463,0.56520669291338166,4.9577489315049093));
#13867=IFCCARTESIANPOINT((1.1030183727034204,0.57176837270340797,4.9608247303701685));
#13868=IFCCARTESIANPOINT((1.1030183727034204,0.57176837270340786,5.0271592186513869));
#13869=IFCCARTESIANPOINT((1.1095800524934463,0.56520669291338166,5.0244935201391954));
#13870=IFCCARTESIANPOINT((1.1078455444339612,0.56965124629372321,4.9925169406702157));
#13871=IFCCARTESIANPOINT((1.1030183727034206,0.57176837270340797,5.1598281715554339));
#13872=IFCCARTESIANPOINT((1.1095800524934463,0.56520669291338166,5.1579826844790491));
#13873=IFCCARTESIANPOINT((1.1095800524934463,0.56520669291338166,5.0912381087734797));
#13874=IFCCARTESIANPOINT((1.1030183727034204,0.57176837270340797,5.0934936832742146));
#13875=IFCCARTESIANPOINT((1.1074246884689489,0.57006879359531881,5.1254682128792837));
#13876=IFCCARTESIANPOINT((1.1030183727034204,0.57176837270340797,4.8944902420889473));
#13877=IFCCARTESIANPOINT((1.1095800524934463,0.56520669291338166,4.8910043557993408));
#13878=IFCCARTESIANPOINT((1.1095800524934463,0.56520669291338166,4.8242597671650556));
#13879=IFCCARTESIANPOINT((1.1030183727034202,0.57176837270340797,4.8281557538077289));
#13880=IFCCARTESIANPOINT((1.1075031246085185,0.56999654072062511,4.8592982078152875));
#13881=IFCCARTESIANPOINT((1.1095800524934463,0.56520669291338155,5.9589177222330383));
#13882=IFCCARTESIANPOINT((1.1030183727034211,0.57176837270340797,5.9558419362964985));
#13883=IFCCARTESIANPOINT((1.1095800524934463,0.56520669291338155,5.8921731465274689));
#13884=IFCCARTESIANPOINT((1.1078638387954789,0.56963129459235218,5.8576125743654988));
#13885=IFCCARTESIANPOINT((1.1030183727034211,0.57176837270340797,5.8895074480152791));
#13886=IFCCARTESIANPOINT((1.1073375841590261,0.57014633400040426,5.925556760629302));
#13887=IFCCARTESIANPOINT((1.1030183727034213,0.57176837270340797,6.1548453774817649));
#13888=IFCCARTESIANPOINT((1.1095800524934463,0.56520669291338144,6.1591515010646098));
#13889=IFCCARTESIANPOINT((1.1079809549863384,0.56949952633107981,6.121690565686488));
#13890=IFCCARTESIANPOINT((1.1030183727034213,0.57176837270340797,6.2211798657629842));
#13891=IFCCARTESIANPOINT((1.1074009305100112,0.57009021917405911,6.2553360765810249));
#13892=IFCCARTESIANPOINT((1.1095800524934463,0.56520669291338155,6.2258960767701801));
#13893=IFCCARTESIANPOINT((1.1079831730164771,0.5694969609141376,6.1880253271916343));
#13894=IFCCARTESIANPOINT((1.1095800524934465,0.56520669291338155,5.7586839692588985));
#13895=IFCCARTESIANPOINT((1.10796606692282,0.56951667708715259,5.7253053589537561));
#13896=IFCCARTESIANPOINT((1.1030183727034211,0.57176837270340797,5.7568384951112321));
#13897=IFCCARTESIANPOINT((1.1030183727034206,0.57176837270340786,5.4251661010219188));
#13898=IFCCARTESIANPOINT((1.1073152276629401,0.57016579354995756,5.4583333390297195));
#13899=IFCCARTESIANPOINT((1.1095800524934463,0.56520669291338166,5.4249610390161891));
#13900=IFCCARTESIANPOINT((1.1095800524934463,0.56520669291338166,5.3582164633106206));
#13901=IFCCARTESIANPOINT((1.1030183727034206,0.57176837270340797,5.3588316127406994));
#13902=IFCCARTESIANPOINT((1.1073463978023592,0.57013861347334549,5.3916735221826055));
#13903=IFCCARTESIANPOINT((1.1095800524934465,0.55208333333332904,6.5262467191601043));
#13904=IFCCARTESIANPOINT((0.83411562824716246,0.55536417322834275,6.4606299212598426));
#13905=IFCCARTESIANPOINT((0.87499999810683526,0.57176837270340841,6.477034120734908));
#13906=IFCCARTESIANPOINT((0.91588436938375706,0.55536417322834264,6.4606299212598426));
#13907=IFCCARTESIANPOINT((0.87499999210770696,0.56650196261560759,6.4649905578076563));
#13908=IFCCARTESIANPOINT((0.93228856804899718,0.57176837270340841,6.477034120734908));
#13909=IFCCARTESIANPOINT((0.81771142816467335,0.57176837270340852,6.477034120734908));
#13910=IFCCARTESIANPOINT((0.96226370938333627,0.5651849930075199,6.4638945142231945));
#13911=IFCCARTESIANPOINT((0.78773628022881748,0.5651849928259931,6.4638945140875173));
#13912=IFCCARTESIANPOINT((0.80899002326128533,0.57176837270340841,6.5196850393700796));
#13913=IFCCARTESIANPOINT((0.87500000000000711,0.56520669291338199,6.5262467191601061));
#13914=IFCCARTESIANPOINT((0.94757165395836207,0.56520669291338188,6.5262467191601061));
#13915=IFCCARTESIANPOINT((0.75770997541735896,0.56520669291338221,6.5262467191601061));
#13916=IFCCARTESIANPOINT((0.95600419601184883,0.57176837270340819,6.5196850393700796));
#13917=IFCCARTESIANPOINT((0.88249710963656713,0.5717683727034083,6.5196850393700796));
#13918=IFCCARTESIANPOINT((0.7279858252789394,0.57176837270340863,6.5196850393700787));
#13919=IFCCARTESIANPOINT((1.0285758548899775,0.56520669291338188,6.5262467191601061));
#13920=IFCCARTESIANPOINT((1.0295112823871306,0.57176837270340808,6.5196850393700796));
#13921=IFCCARTESIANPOINT((0.99275773919948973,0.57176837270340808,6.5196850393700796));
#13922=IFCCARTESIANPOINT((0.72142414511003683,0.56520669291338221,6.5262467191601061));
#13923=IFCCARTESIANPOINT((0.68748372431726201,0.57176837270340863,6.5196850393700787));
#13924=IFCCARTESIANPOINT((1.0690779520276403,0.56520669291338177,6.5262467191601061));
#13925=IFCCARTESIANPOINT((0.98807375442416978,0.56520669291338188,6.5262467191601061));
#13926=IFCCARTESIANPOINT((0.68092204797237388,0.56520669291338232,6.5262467191601061));
#13927=IFCCARTESIANPOINT((1.062516271741744,0.57176837270340797,6.5196850393700796));
#13928=IFCCARTESIANPOINT((1.0460137780739922,0.56982494081610258,6.5243463082934365));
#13929=IFCCARTESIANPOINT((0.73956705844610238,0.56971249274104241,6.5244550927848639));
#13930=IFCCARTESIANPOINT((0.81635498770868298,0.5652066929133821,6.5262467191601061));
#13931=IFCCARTESIANPOINT((0.84574356644892623,0.57176837270340841,6.5196850393700796));
#13932=IFCCARTESIANPOINT((0.78432230611656606,0.56977844874675831,6.5243919162823039));
#13933=IFCCARTESIANPOINT((0.97438096672765329,0.5699471502060276,6.5242219663392342));
#13934=IFCCARTESIANPOINT((0.82736679156847437,0.56999080688105686,6.5241759073497843));
#13935=IFCCARTESIANPOINT((0.93285782897512015,0.57005768671125245,6.524103579948128));
#13936=IFCCARTESIANPOINT((0.76848792624061701,0.57176837270340841,6.5196850393700796));
#13937=IFCCARTESIANPOINT((1.0100963064346464,0.56927654127932747,6.5248320750164543));
#13938=IFCCARTESIANPOINT((0.91128582697918459,0.56520669291338199,6.5262467191601061));
#13939=IFCCARTESIANPOINT((0.89314291141644131,0.5696979895979023,6.5244687508745978));
#13940=IFCCARTESIANPOINT((0.91925065282420793,0.57176837270340819,6.5196850393700796));
#13941=IFCCARTESIANPOINT((0.67946161963433438,0.56988846557721884,6.5242825002335341));
#13942=IFCPOLYLOOP((#13384,#13385,#13386,#13387));
#13943=IFCFACEOUTERBOUND(#13942,.T.);
#13944=IFCFACE((#13943));
#13945=IFCPOLYLOOP((#13388,#13389,#13390,#13391,#13404,#13403,#13427,#13401,#13414,#13413,#13422,#13399,#13436,#13409,#13431,#13400,#13407,#13406,#13416));
#13946=IFCFACEOUTERBOUND(#13945,.T.);
#13947=IFCFACE((#13946));
#13948=IFCPOLYLOOP((#13424,#13415,#13402));
#13949=IFCFACEOUTERBOUND(#13948,.T.);
#13950=IFCFACE((#13949));
#13951=IFCPOLYLOOP((#13417,#13433,#13429));
#13952=IFCFACEOUTERBOUND(#13951,.T.);
#13953=IFCFACE((#13952));
#13954=IFCPOLYLOOP((#13416,#13440,#13441));
#13955=IFCFACEOUTERBOUND(#13954,.T.);
#13956=IFCFACE((#13955));
#13957=IFCPOLYLOOP((#13402,#13426,#13424));
#13958=IFCFACEOUTERBOUND(#13957,.T.);
#13959=IFCFACE((#13958));
#13960=IFCPOLYLOOP((#13440,#13416,#13406));
#13961=IFCFACEOUTERBOUND(#13960,.T.);
#13962=IFCFACE((#13961));
#13963=IFCPOLYLOOP((#13418,#13419,#13420));
#13964=IFCFACEOUTERBOUND(#13963,.T.);
#13965=IFCFACE((#13964));
#13966=IFCPOLYLOOP((#13407,#13400,#13429));
#13967=IFCFACEOUTERBOUND(#13966,.T.);
#13968=IFCFACE((#13967));
#13969=IFCPOLYLOOP((#13410,#13411,#13432));
#13970=IFCFACEOUTERBOUND(#13969,.T.);
#13971=IFCFACE((#13970));
#13972=IFCPOLYLOOP((#13421,#13423,#13442));
#13973=IFCFACEOUTERBOUND(#13972,.T.);
#13974=IFCFACE((#13973));
#13975=IFCPOLYLOOP((#13436,#13437,#13434));
#13976=IFCFACEOUTERBOUND(#13975,.T.);
#13977=IFCFACE((#13976));
#13978=IFCPOLYLOOP((#13439,#13426,#13425));
#13979=IFCFACEOUTERBOUND(#13978,.T.);
#13980=IFCFACE((#13979));
#13981=IFCPOLYLOOP((#13428,#13391,#13394));
#13982=IFCFACEOUTERBOUND(#13981,.T.);
#13983=IFCFACE((#13982));
#13984=IFCPOLYLOOP((#13415,#13424,#13428));
#13985=IFCFACEOUTERBOUND(#13984,.T.);
#13986=IFCFACE((#13985));
#13987=IFCPOLYLOOP((#13441,#13440,#13408));
#13988=IFCFACEOUTERBOUND(#13987,.T.);
#13989=IFCFACE((#13988));
#13990=IFCPOLYLOOP((#13410,#13432,#13434));
#13991=IFCFACEOUTERBOUND(#13990,.T.);
#13992=IFCFACE((#13991));
#13993=IFCPOLYLOOP((#13433,#13407,#13429));
#13994=IFCFACEOUTERBOUND(#13993,.T.);
#13995=IFCFACE((#13994));
#13996=IFCPOLYLOOP((#13388,#13416,#13441));
#13997=IFCFACEOUTERBOUND(#13996,.T.);
#13998=IFCFACE((#13997));
#13999=IFCPOLYLOOP((#13392,#13393,#13441));
#14000=IFCFACEOUTERBOUND(#13999,.T.);
#14001=IFCFACE((#14000));
#14002=IFCPOLYLOOP((#13430,#13397,#13429));
#14003=IFCFACEOUTERBOUND(#14002,.T.);
#14004=IFCFACE((#14003));
#14005=IFCPOLYLOOP((#13432,#13430,#13431));
#14006=IFCFACEOUTERBOUND(#14005,.T.);
#14007=IFCFACE((#14006));
#14008=IFCPOLYLOOP((#13398,#13418,#13420));
#14009=IFCFACEOUTERBOUND(#14008,.T.);
#14010=IFCFACE((#14009));
#14011=IFCPOLYLOOP((#13413,#13419,#13421));
#14012=IFCFACEOUTERBOUND(#14011,.T.);
#14013=IFCFACE((#14012));
#14014=IFCPOLYLOOP((#13413,#13414,#13419));
#14015=IFCFACEOUTERBOUND(#14014,.T.);
#14016=IFCFACE((#14015));
#14017=IFCPOLYLOOP((#13395,#13415,#13428));
#14018=IFCFACEOUTERBOUND(#14017,.T.);
#14019=IFCFACE((#14018));
#14020=IFCPOLYLOOP((#13424,#13403,#13404));
#14021=IFCFACEOUTERBOUND(#14020,.T.);
#14022=IFCFACE((#14021));
#14023=IFCPOLYLOOP((#13419,#13412,#13421));
#14024=IFCFACEOUTERBOUND(#14023,.T.);
#14025=IFCFACE((#14024));
#14026=IFCPOLYLOOP((#13433,#13405,#13440));
#14027=IFCFACEOUTERBOUND(#14026,.T.);
#14028=IFCFACE((#14027));
#14029=IFCPOLYLOOP((#13412,#13419,#13418));
#14030=IFCFACEOUTERBOUND(#14029,.T.);
#14031=IFCFACE((#14030));
#14032=IFCPOLYLOOP((#13420,#13419,#13414));
#14033=IFCFACEOUTERBOUND(#14032,.T.);
#14034=IFCFACE((#14033));
#14035=IFCPOLYLOOP((#13414,#13401,#13420));
#14036=IFCFACEOUTERBOUND(#14035,.T.);
#14037=IFCFACE((#14036));
#14038=IFCPOLYLOOP((#13420,#13401,#13439));
#14039=IFCFACEOUTERBOUND(#14038,.T.);
#14040=IFCFACE((#14039));
#14041=IFCPOLYLOOP((#13423,#13396,#13438));
#14042=IFCFACEOUTERBOUND(#14041,.T.);
#14043=IFCFACE((#14042));
#14044=IFCPOLYLOOP((#13421,#13412,#13423));
#14045=IFCFACEOUTERBOUND(#14044,.T.);
#14046=IFCFACE((#14045));
#14047=IFCPOLYLOOP((#13396,#13437,#13438));
#14048=IFCFACEOUTERBOUND(#14047,.T.);
#14049=IFCFACE((#14048));
#14050=IFCPOLYLOOP((#13422,#13413,#13421));
#14051=IFCFACEOUTERBOUND(#14050,.T.);
#14052=IFCFACE((#14051));
#14053=IFCPOLYLOOP((#13424,#13404,#13428));
#14054=IFCFACEOUTERBOUND(#14053,.T.);
#14055=IFCFACE((#14054));
#14056=IFCPOLYLOOP((#13391,#13428,#13404));
#14057=IFCFACEOUTERBOUND(#14056,.T.);
#14058=IFCFACE((#14057));
#14059=IFCPOLYLOOP((#13424,#13426,#13403));
#14060=IFCFACEOUTERBOUND(#14059,.T.);
#14061=IFCFACE((#14060));
#14062=IFCPOLYLOOP((#13402,#13425,#13426));
#14063=IFCFACEOUTERBOUND(#14062,.T.);
#14064=IFCFACE((#14063));
#14065=IFCPOLYLOOP((#13401,#13427,#13439));
#14066=IFCFACEOUTERBOUND(#14065,.T.);
#14067=IFCFACE((#14066));
#14068=IFCPOLYLOOP((#13398,#13439,#13425));
#14069=IFCFACEOUTERBOUND(#14068,.T.);
#14070=IFCFACE((#14069));
#14071=IFCPOLYLOOP((#13427,#13403,#13426));
#14072=IFCFACEOUTERBOUND(#14071,.T.);
#14073=IFCFACE((#14072));
#14074=IFCPOLYLOOP((#13395,#13428,#13394));
#14075=IFCFACEOUTERBOUND(#14074,.T.);
#14076=IFCFACE((#14075));
#14077=IFCPOLYLOOP((#13430,#13429,#13400));
#14078=IFCFACEOUTERBOUND(#14077,.T.);
#14079=IFCFACE((#14078));
#14080=IFCPOLYLOOP((#13417,#13429,#13397));
#14081=IFCFACEOUTERBOUND(#14080,.T.);
#14082=IFCFACE((#14081));
#14083=IFCPOLYLOOP((#13432,#13409,#13434));
#14084=IFCFACEOUTERBOUND(#14083,.T.);
#14085=IFCFACE((#14084));
#14086=IFCPOLYLOOP((#13411,#13397,#13430));
#14087=IFCFACEOUTERBOUND(#14086,.T.);
#14088=IFCFACE((#14087));
#14089=IFCPOLYLOOP((#13430,#13400,#13431));
#14090=IFCFACEOUTERBOUND(#14089,.T.);
#14091=IFCFACE((#14090));
#14092=IFCPOLYLOOP((#13432,#13431,#13409));
#14093=IFCFACEOUTERBOUND(#14092,.T.);
#14094=IFCFACE((#14093));
#14095=IFCPOLYLOOP((#13430,#13432,#13411));
#14096=IFCFACEOUTERBOUND(#14095,.T.);
#14097=IFCFACE((#14096));
#14098=IFCPOLYLOOP((#13405,#13433,#13417));
#14099=IFCFACEOUTERBOUND(#14098,.T.);
#14100=IFCFACE((#14099));
#14101=IFCPOLYLOOP((#13406,#13407,#13433));
#14102=IFCFACEOUTERBOUND(#14101,.T.);
#14103=IFCFACE((#14102));
#14104=IFCPOLYLOOP((#13437,#13436,#13399));
#14105=IFCFACEOUTERBOUND(#14104,.T.);
#14106=IFCFACE((#14105));
#14107=IFCPOLYLOOP((#13434,#13409,#13436));
#14108=IFCFACEOUTERBOUND(#14107,.T.);
#14109=IFCFACE((#14108));
#14110=IFCPOLYLOOP((#13437,#13396,#13435));
#14111=IFCFACEOUTERBOUND(#14110,.T.);
#14112=IFCFACE((#14111));
#14113=IFCPOLYLOOP((#13435,#13410,#13434));
#14114=IFCFACEOUTERBOUND(#14113,.T.);
#14115=IFCFACE((#14114));
#14116=IFCPOLYLOOP((#13437,#13399,#13438));
#14117=IFCFACEOUTERBOUND(#14116,.T.);
#14118=IFCFACE((#14117));
#14119=IFCPOLYLOOP((#13434,#13437,#13435));
#14120=IFCFACEOUTERBOUND(#14119,.T.);
#14121=IFCFACE((#14120));
#14122=IFCPOLYLOOP((#13399,#13422,#13438));
#14123=IFCFACEOUTERBOUND(#14122,.T.);
#14124=IFCFACE((#14123));
#14125=IFCPOLYLOOP((#13438,#13422,#13442));
#14126=IFCFACEOUTERBOUND(#14125,.T.);
#14127=IFCFACE((#14126));
#14128=IFCPOLYLOOP((#13439,#13427,#13426));
#14129=IFCFACEOUTERBOUND(#14128,.T.);
#14130=IFCFACE((#14129));
#14131=IFCPOLYLOOP((#13420,#13439,#13398));
#14132=IFCFACEOUTERBOUND(#14131,.T.);
#14133=IFCFACE((#14132));
#14134=IFCPOLYLOOP((#13433,#13440,#13406));
#14135=IFCFACEOUTERBOUND(#14134,.T.);
#14136=IFCFACE((#14135));
#14137=IFCPOLYLOOP((#13408,#13440,#13405));
#14138=IFCFACEOUTERBOUND(#14137,.T.);
#14139=IFCFACE((#14138));
#14140=IFCPOLYLOOP((#13392,#13441,#13408));
#14141=IFCFACEOUTERBOUND(#14140,.T.);
#14142=IFCFACE((#14141));
#14143=IFCPOLYLOOP((#13388,#13441,#13393));
#14144=IFCFACEOUTERBOUND(#14143,.T.);
#14145=IFCFACE((#14144));
#14146=IFCPOLYLOOP((#13438,#13442,#13423));
#14147=IFCFACEOUTERBOUND(#14146,.T.);
#14148=IFCFACE((#14147));
#14149=IFCPOLYLOOP((#13422,#13421,#13442));
#14150=IFCFACEOUTERBOUND(#14149,.T.);
#14151=IFCFACE((#14150));
#14152=IFCPOLYLOOP((#13477,#13495,#13496));
#14153=IFCFACEOUTERBOUND(#14152,.T.);
#14154=IFCFACE((#14153));
#14155=IFCPOLYLOOP((#13540,#13465,#13574));
#14156=IFCFACEOUTERBOUND(#14155,.T.);
#14157=IFCFACE((#14156));
#14158=IFCPOLYLOOP((#13609,#13584,#13544));
#14159=IFCFACEOUTERBOUND(#14158,.T.);
#14160=IFCFACE((#14159));
#14161=IFCPOLYLOOP((#13560,#13483,#13614));
#14162=IFCFACEOUTERBOUND(#14161,.T.);
#14163=IFCFACE((#14162));
#14164=IFCPOLYLOOP((#13497,#13518,#13526));
#14165=IFCFACEOUTERBOUND(#14164,.T.);
#14166=IFCFACE((#14165));
#14167=IFCPOLYLOOP((#13493,#13462,#13498));
#14168=IFCFACEOUTERBOUND(#14167,.T.);
#14169=IFCFACE((#14168));
#14170=IFCPOLYLOOP((#13546,#13509,#13588,#13470));
#14171=IFCFACEOUTERBOUND(#14170,.T.);
#14172=IFCFACE((#14171));
#14173=IFCPOLYLOOP((#13527,#13530,#13529));
#14174=IFCFACEOUTERBOUND(#14173,.T.);
#14175=IFCFACE((#14174));
#14176=IFCPOLYLOOP((#13490,#13489,#13475,#13491));
#14177=IFCFACEOUTERBOUND(#14176,.T.);
#14178=IFCFACE((#14177));
#14179=IFCPOLYLOOP((#13617,#13622,#13621,#13486));
#14180=IFCFACEOUTERBOUND(#14179,.T.);
#14181=IFCFACE((#14180));
#14182=IFCPOLYLOOP((#13611,#13612,#13554));
#14183=IFCFACEOUTERBOUND(#14182,.T.);
#14184=IFCFACE((#14183));
#14185=IFCPOLYLOOP((#13529,#13530,#13528));
#14186=IFCFACEOUTERBOUND(#14185,.T.);
#14187=IFCFACE((#14186));
#14188=IFCPOLYLOOP((#13613,#13608,#13553));
#14189=IFCFACEOUTERBOUND(#14188,.T.);
#14190=IFCFACE((#14189));
#14191=IFCPOLYLOOP((#13585,#13582,#13543));
#14192=IFCFACEOUTERBOUND(#14191,.T.);
#14193=IFCFACE((#14192));
#14194=IFCPOLYLOOP((#13520,#13460,#13518));
#14195=IFCFACEOUTERBOUND(#14194,.T.);
#14196=IFCFACE((#14195));
#14197=IFCPOLYLOOP((#13550,#13600,#13513));
#14198=IFCFACEOUTERBOUND(#14197,.T.);
#14199=IFCFACE((#14198));
#14200=IFCPOLYLOOP((#13462,#13493,#13491));
#14201=IFCFACEOUTERBOUND(#14200,.T.);
#14202=IFCFACE((#14201));
#14203=IFCPOLYLOOP((#13494,#13446,#13447));
#14204=IFCFACEOUTERBOUND(#14203,.T.);
#14205=IFCFACE((#14204));
#14206=IFCPOLYLOOP((#13444,#13445,#13489));
#14207=IFCFACEOUTERBOUND(#14206,.T.);
#14208=IFCFACE((#14207));
#14209=IFCPOLYLOOP((#13569,#13566,#13537));
#14210=IFCFACEOUTERBOUND(#14209,.T.);
#14211=IFCFACE((#14210));
#14212=IFCPOLYLOOP((#13604,#13605,#13552));
#14213=IFCFACEOUTERBOUND(#14212,.T.);
#14214=IFCFACE((#14213));
#14215=IFCPOLYLOOP((#13573,#13568,#13538));
#14216=IFCFACEOUTERBOUND(#14215,.T.);
#14217=IFCFACE((#14216));
#14218=IFCPOLYLOOP((#13575,#13571,#13539));
#14219=IFCFACEOUTERBOUND(#14218,.T.);
#14220=IFCFACE((#14219));
#14221=IFCPOLYLOOP((#13622,#13617,#13563));
#14222=IFCFACEOUTERBOUND(#14221,.T.);
#14223=IFCFACE((#14222));
#14224=IFCPOLYLOOP((#13548,#13595,#13511));
#14225=IFCFACEOUTERBOUND(#14224,.T.);
#14226=IFCFACE((#14225));
#14227=IFCPOLYLOOP((#13548,#13511,#13593,#13469));
#14228=IFCFACEOUTERBOUND(#14227,.T.);
#14229=IFCFACE((#14228));
#14230=IFCPOLYLOOP((#13546,#13590,#13509));
#14231=IFCFACEOUTERBOUND(#14230,.T.);
#14232=IFCFACE((#14231));
#14233=IFCPOLYLOOP((#13490,#13487,#13444));
#14234=IFCFACEOUTERBOUND(#14233,.T.);
#14235=IFCFACE((#14234));
#14236=IFCPOLYLOOP((#13494,#13495,#13477));
#14237=IFCFACEOUTERBOUND(#14236,.T.);
#14238=IFCFACE((#14237));
#14239=IFCPOLYLOOP((#13496,#13527,#13471));
#14240=IFCFACEOUTERBOUND(#14239,.T.);
#14241=IFCFACE((#14240));
#14242=IFCPOLYLOOP((#13474,#13490,#13493));
#14243=IFCFACEOUTERBOUND(#14242,.T.);
#14244=IFCFACE((#14243));
#14245=IFCPOLYLOOP((#13472,#13527,#13496));
#14246=IFCFACEOUTERBOUND(#14245,.T.);
#14247=IFCFACE((#14246));
#14248=IFCPOLYLOOP((#13447,#13495,#13494));
#14249=IFCFACEOUTERBOUND(#14248,.T.);
#14250=IFCFACE((#14249));
#14251=IFCPOLYLOOP((#13523,#13524,#13480));
#14252=IFCFACEOUTERBOUND(#14251,.T.);
#14253=IFCFACE((#14252));
#14254=IFCPOLYLOOP((#13550,#13513,#13598,#13479));
#14255=IFCFACEOUTERBOUND(#14254,.T.);
#14256=IFCFACE((#14255));
#14257=IFCPOLYLOOP((#13523,#13522,#13521));
#14258=IFCFACEOUTERBOUND(#14257,.T.);
#14259=IFCFACE((#14258));
#14260=IFCPOLYLOOP((#13615,#13616,#13560));
#14261=IFCFACEOUTERBOUND(#14260,.T.);
#14262=IFCFACE((#14261));
#14263=IFCPOLYLOOP((#13606,#13602,#13551));
#14264=IFCFACEOUTERBOUND(#14263,.T.);
#14265=IFCFACE((#14264));
#14266=IFCPOLYLOOP((#13604,#13562,#13534));
#14267=IFCFACEOUTERBOUND(#14266,.T.);
#14268=IFCFACE((#14267));
#14269=IFCPOLYLOOP((#13542,#13580,#13505));
#14270=IFCFACEOUTERBOUND(#14269,.T.);
#14271=IFCFACE((#14270));
#14272=IFCPOLYLOOP((#13542,#13505,#13578,#13485));
#14273=IFCFACEOUTERBOUND(#14272,.T.);
#14274=IFCFACE((#14273));
#14275=IFCPOLYLOOP((#13452,#13570,#13618,#13617));
#14276=IFCFACEOUTERBOUND(#14275,.T.);
#14277=IFCFACE((#14276));
#14278=IFCPOLYLOOP((#13487,#13443,#13444));
#14279=IFCFACEOUTERBOUND(#14278,.T.);
#14280=IFCFACE((#14279));
#14281=IFCPOLYLOOP((#13447,#13448,#13488));
#14282=IFCFACEOUTERBOUND(#14281,.T.);
#14283=IFCFACE((#14282));
#14284=IFCPOLYLOOP((#13489,#13490,#13444));
#14285=IFCFACEOUTERBOUND(#14284,.T.);
#14286=IFCFACE((#14285));
#14287=IFCPOLYLOOP((#13474,#13487,#13490));
#14288=IFCFACEOUTERBOUND(#14287,.T.);
#14289=IFCFACE((#14288));
#14290=IFCPOLYLOOP((#13493,#13461,#13492,#13474));
#14291=IFCFACEOUTERBOUND(#14290,.T.);
#14292=IFCFACE((#14291));
#14293=IFCPOLYLOOP((#13493,#13490,#13491));
#14294=IFCFACEOUTERBOUND(#14293,.T.);
#14295=IFCFACE((#14294));
#14296=IFCPOLYLOOP((#13615,#13565,#13537));
#14297=IFCFACEOUTERBOUND(#14296,.T.);
#14298=IFCFACE((#14297));
#14299=IFCPOLYLOOP((#13495,#13447,#13488));
#14300=IFCFACEOUTERBOUND(#14299,.T.);
#14301=IFCFACE((#14300));
#14302=IFCPOLYLOOP((#13488,#13476,#13495));
#14303=IFCFACEOUTERBOUND(#14302,.T.);
#14304=IFCFACE((#14303));
#14305=IFCPOLYLOOP((#13496,#13495,#13476));
#14306=IFCFACEOUTERBOUND(#14305,.T.);
#14307=IFCFACE((#14306));
#14308=IFCPOLYLOOP((#13472,#13496,#13476));
#14309=IFCFACEOUTERBOUND(#14308,.T.);
#14310=IFCFACE((#14309));
#14311=IFCPOLYLOOP((#13496,#13471,#13536,#13477));
#14312=IFCFACEOUTERBOUND(#14311,.T.);
#14313=IFCFACE((#14312));
#14314=IFCPOLYLOOP((#13493,#13498,#13461));
#14315=IFCFACEOUTERBOUND(#14314,.T.);
#14316=IFCFACE((#14315));
#14317=IFCPOLYLOOP((#13498,#13462,#13519));
#14318=IFCFACEOUTERBOUND(#14317,.T.);
#14319=IFCFACE((#14318));
#14320=IFCPOLYLOOP((#13518,#13459,#13520));
#14321=IFCFACEOUTERBOUND(#14320,.T.);
#14322=IFCFACE((#14321));
#14323=IFCPOLYLOOP((#13518,#13460,#13499));
#14324=IFCFACEOUTERBOUND(#14323,.T.);
#14325=IFCFACE((#14324));
#14326=IFCPOLYLOOP((#13498,#13526,#13461));
#14327=IFCFACEOUTERBOUND(#14326,.T.);
#14328=IFCFACE((#14327));
#14329=IFCPOLYLOOP((#13538,#13500,#13567,#13465));
#14330=IFCFACEOUTERBOUND(#14329,.T.);
#14331=IFCFACE((#14330));
#14332=IFCPOLYLOOP((#13618,#13570,#13539));
#14333=IFCFACEOUTERBOUND(#14332,.T.);
#14334=IFCFACE((#14333));
#14335=IFCPOLYLOOP((#13540,#13502,#13572));
#14336=IFCFACEOUTERBOUND(#14335,.T.);
#14337=IFCFACE((#14336));
#14338=IFCPOLYLOOP((#13576,#13580,#13579,#13504));
#14339=IFCFACEOUTERBOUND(#14338,.T.);
#14340=IFCFACE((#14339));
#14341=IFCPOLYLOOP((#13580,#13576,#13541));
#14342=IFCFACEOUTERBOUND(#14341,.T.);
#14343=IFCFACE((#14342));
#14344=IFCPOLYLOOP((#13543,#13454,#13581,#13506));
#14345=IFCFACEOUTERBOUND(#14344,.T.);
#14346=IFCFACE((#14345));
#14347=IFCPOLYLOOP((#13544,#13506,#13583,#13458));
#14348=IFCFACEOUTERBOUND(#14347,.T.);
#14349=IFCFACE((#14348));
#14350=IFCPOLYLOOP((#13508,#13545,#13590));
#14351=IFCFACEOUTERBOUND(#14350,.T.);
#14352=IFCFACE((#14351));
#14353=IFCPOLYLOOP((#13545,#13508,#13586,#13450));
#14354=IFCFACEOUTERBOUND(#14353,.T.);
#14355=IFCFACE((#14354));
#14356=IFCPOLYLOOP((#13591,#13595,#13594,#13510));
#14357=IFCFACEOUTERBOUND(#14356,.T.);
#14358=IFCFACE((#14357));
#14359=IFCPOLYLOOP((#13595,#13591,#13547));
#14360=IFCFACEOUTERBOUND(#14359,.T.);
#14361=IFCFACE((#14360));
#14362=IFCPOLYLOOP((#13512,#13549,#13600));
#14363=IFCFACEOUTERBOUND(#14362,.T.);
#14364=IFCFACE((#14363));
#14365=IFCPOLYLOOP((#13549,#13512,#13596,#13453));
#14366=IFCFACEOUTERBOUND(#14365,.T.);
#14367=IFCFACE((#14366));
#14368=IFCPOLYLOOP((#13551,#13451,#13601,#13514));
#14369=IFCFACEOUTERBOUND(#14368,.T.);
#14370=IFCFACE((#14369));
#14371=IFCPOLYLOOP((#13552,#13514,#13603,#13482));
#14372=IFCFACEOUTERBOUND(#14371,.T.);
#14373=IFCFACE((#14372));
#14374=IFCPOLYLOOP((#13553,#13458,#13607,#13516));
#14375=IFCFACEOUTERBOUND(#14374,.T.);
#14376=IFCFACE((#14375));
#14377=IFCPOLYLOOP((#13554,#13516,#13610,#13455));
#14378=IFCFACEOUTERBOUND(#14377,.T.);
#14379=IFCFACE((#14378));
#14380=IFCPOLYLOOP((#13526,#13518,#13499));
#14381=IFCFACEOUTERBOUND(#14380,.T.);
#14382=IFCFACE((#14381));
#14383=IFCPOLYLOOP((#13518,#13497,#13555,#13459));
#14384=IFCFACEOUTERBOUND(#14383,.T.);
#14385=IFCFACE((#14384));
#14386=IFCPOLYLOOP((#13524,#13479,#13556,#13480));
#14387=IFCFACEOUTERBOUND(#14386,.T.);
#14388=IFCFACE((#14387));
#14389=IFCPOLYLOOP((#13526,#13519,#13497));
#14390=IFCFACEOUTERBOUND(#14389,.T.);
#14391=IFCFACE((#14390));
#14392=IFCPOLYLOOP((#13523,#13525,#13520));
#14393=IFCFACEOUTERBOUND(#14392,.T.);
#14394=IFCFACE((#14393));
#14395=IFCPOLYLOOP((#13520,#13522,#13523));
#14396=IFCFACEOUTERBOUND(#14395,.T.);
#14397=IFCFACE((#14396));
#14398=IFCPOLYLOOP((#13520,#13459,#13522));
#14399=IFCFACEOUTERBOUND(#14398,.T.);
#14400=IFCFACE((#14399));
#14401=IFCPOLYLOOP((#13523,#13521,#13524));
#14402=IFCFACEOUTERBOUND(#14401,.T.);
#14403=IFCFACE((#14402));
#14404=IFCPOLYLOOP((#13461,#13526,#13499));
#14405=IFCFACEOUTERBOUND(#14404,.T.);
#14406=IFCFACE((#14405));
#14407=IFCPOLYLOOP((#13524,#13521,#13557,#13478));
#14408=IFCFACEOUTERBOUND(#14407,.T.);
#14409=IFCFACE((#14408));
#14410=IFCPOLYLOOP((#13550,#13524,#13478));
#14411=IFCFACEOUTERBOUND(#14410,.T.);
#14412=IFCFACE((#14411));
#14413=IFCPOLYLOOP((#13525,#13523,#13480));
#14414=IFCFACEOUTERBOUND(#14413,.T.);
#14415=IFCFACE((#14414));
#14416=IFCPOLYLOOP((#13525,#13460,#13520));
#14417=IFCFACEOUTERBOUND(#14416,.T.);
#14418=IFCFACE((#14417));
#14419=IFCPOLYLOOP((#13519,#13526,#13498));
#14420=IFCFACEOUTERBOUND(#14419,.T.);
#14421=IFCFACE((#14420));
#14422=IFCPOLYLOOP((#13530,#13532,#13473));
#14423=IFCFACEOUTERBOUND(#14422,.T.);
#14424=IFCFACE((#14423));
#14425=IFCPOLYLOOP((#13473,#13531,#13530));
#14426=IFCFACEOUTERBOUND(#14425,.T.);
#14427=IFCFACE((#14426));
#14428=IFCPOLYLOOP((#13530,#13531,#13528));
#14429=IFCFACEOUTERBOUND(#14428,.T.);
#14430=IFCFACE((#14429));
#14431=IFCPOLYLOOP((#13532,#13530,#13527));
#14432=IFCFACEOUTERBOUND(#14431,.T.);
#14433=IFCFACE((#14432));
#14434=IFCPOLYLOOP((#13529,#13471,#13527));
#14435=IFCFACEOUTERBOUND(#14434,.T.);
#14436=IFCFACE((#14435));
#14437=IFCPOLYLOOP((#13531,#13473,#13558,#13456));
#14438=IFCFACEOUTERBOUND(#14437,.T.);
#14439=IFCFACE((#14438));
#14440=IFCPOLYLOOP((#13608,#13613,#13517));
#14441=IFCFACEOUTERBOUND(#14440,.T.);
#14442=IFCFACE((#14441));
#14443=IFCPOLYLOOP((#13611,#13559,#13531));
#14444=IFCFACEOUTERBOUND(#14443,.T.);
#14445=IFCFACE((#14444));
#14446=IFCPOLYLOOP((#13527,#13472,#13532));
#14447=IFCFACEOUTERBOUND(#14446,.T.);
#14448=IFCFACE((#14447));
#14449=IFCPOLYLOOP((#13602,#13606,#13515));
#14450=IFCFACEOUTERBOUND(#14449,.T.);
#14451=IFCFACE((#14450));
#14452=IFCPOLYLOOP((#13534,#13533,#13561,#13481));
#14453=IFCFACEOUTERBOUND(#14452,.T.);
#14454=IFCFACE((#14453));
#14455=IFCPOLYLOOP((#13560,#13534,#13483));
#14456=IFCFACEOUTERBOUND(#14455,.T.);
#14457=IFCFACE((#14456));
#14458=IFCPOLYLOOP((#13500,#13538,#13569));
#14459=IFCFACEOUTERBOUND(#14458,.T.);
#14460=IFCFACE((#14459));
#14461=IFCPOLYLOOP((#13564,#13535,#13620,#13484));
#14462=IFCFACEOUTERBOUND(#14461,.T.);
#14463=IFCFACE((#14462));
#14464=IFCPOLYLOOP((#13449,#13618,#13539));
#14465=IFCFACEOUTERBOUND(#14464,.T.);
#14466=IFCFACE((#14465));
#14467=IFCPOLYLOOP((#13571,#13575,#13574,#13503));
#14468=IFCFACEOUTERBOUND(#14467,.T.);
#14469=IFCFACE((#14468));
#14470=IFCPOLYLOOP((#13538,#13568,#13569));
#14471=IFCFACEOUTERBOUND(#14470,.T.);
#14472=IFCFACE((#14471));
#14473=IFCPOLYLOOP((#13502,#13540,#13575));
#14474=IFCFACEOUTERBOUND(#14473,.T.);
#14475=IFCFACE((#14474));
#14476=IFCPOLYLOOP((#13618,#13449,#13563));
#14477=IFCFACEOUTERBOUND(#14476,.T.);
#14478=IFCFACE((#14477));
#14479=IFCPOLYLOOP((#13572,#13573,#13540));
#14480=IFCFACEOUTERBOUND(#14479,.T.);
#14481=IFCFACE((#14480));
#14482=IFCPOLYLOOP((#13540,#13574,#13575));
#14483=IFCFACEOUTERBOUND(#14482,.T.);
#14484=IFCFACE((#14483));
#14485=IFCPOLYLOOP((#13547,#13541,#13468));
#14486=IFCFACEOUTERBOUND(#14485,.T.);
#14487=IFCFACE((#14486));
#14488=IFCPOLYLOOP((#13541,#13467,#13577,#13505));
#14489=IFCFACEOUTERBOUND(#14488,.T.);
#14490=IFCFACE((#14489));
#14491=IFCPOLYLOOP((#13564,#13542,#13485));
#14492=IFCFACEOUTERBOUND(#14491,.T.);
#14493=IFCFACE((#14492));
#14494=IFCPOLYLOOP((#13542,#13484,#13579));
#14495=IFCFACEOUTERBOUND(#14494,.T.);
#14496=IFCFACE((#14495));
#14497=IFCPOLYLOOP((#13506,#13544,#13585));
#14498=IFCFACEOUTERBOUND(#14497,.T.);
#14499=IFCFACE((#14498));
#14500=IFCPOLYLOOP((#13551,#13543,#13451));
#14501=IFCFACEOUTERBOUND(#14500,.T.);
#14502=IFCFACE((#14501));
#14503=IFCPOLYLOOP((#13458,#13553,#13609));
#14504=IFCFACEOUTERBOUND(#14503,.T.);
#14505=IFCFACE((#14504));
#14506=IFCPOLYLOOP((#13585,#13544,#13507));
#14507=IFCFACEOUTERBOUND(#14506,.T.);
#14508=IFCFACE((#14507));
#14509=IFCPOLYLOOP((#13549,#13545,#13450));
#14510=IFCFACEOUTERBOUND(#14509,.T.);
#14511=IFCFACE((#14510));
#14512=IFCPOLYLOOP((#13545,#13453,#13587));
#14513=IFCFACEOUTERBOUND(#14512,.T.);
#14514=IFCFACE((#14513));
#14515=IFCPOLYLOOP((#13548,#13546,#13470));
#14516=IFCFACEOUTERBOUND(#14515,.T.);
#14517=IFCFACE((#14516));
#14518=IFCPOLYLOOP((#13546,#13469,#13589));
#14519=IFCFACEOUTERBOUND(#14518,.T.);
#14520=IFCFACE((#14519));
#14521=IFCPOLYLOOP((#13541,#13547,#13467));
#14522=IFCFACEOUTERBOUND(#14521,.T.);
#14523=IFCFACE((#14522));
#14524=IFCPOLYLOOP((#13547,#13468,#13592));
#14525=IFCFACEOUTERBOUND(#14524,.T.);
#14526=IFCFACE((#14525));
#14527=IFCPOLYLOOP((#13546,#13548,#13469));
#14528=IFCFACEOUTERBOUND(#14527,.T.);
#14529=IFCFACE((#14528));
#14530=IFCPOLYLOOP((#13548,#13470,#13594));
#14531=IFCFACEOUTERBOUND(#14530,.T.);
#14532=IFCFACE((#14531));
#14533=IFCPOLYLOOP((#13545,#13549,#13453));
#14534=IFCFACEOUTERBOUND(#14533,.T.);
#14535=IFCFACE((#14534));
#14536=IFCPOLYLOOP((#13549,#13450,#13597));
#14537=IFCFACEOUTERBOUND(#14536,.T.);
#14538=IFCFACE((#14537));
#14539=IFCPOLYLOOP((#13524,#13550,#13479));
#14540=IFCFACEOUTERBOUND(#14539,.T.);
#14541=IFCFACE((#14540));
#14542=IFCPOLYLOOP((#13550,#13478,#13599));
#14543=IFCFACEOUTERBOUND(#14542,.T.);
#14544=IFCFACE((#14543));
#14545=IFCPOLYLOOP((#13514,#13552,#13606));
#14546=IFCFACEOUTERBOUND(#14545,.T.);
#14547=IFCFACE((#14546));
#14548=IFCPOLYLOOP((#13543,#13551,#13454));
#14549=IFCFACEOUTERBOUND(#14548,.T.);
#14550=IFCFACE((#14549));
#14551=IFCPOLYLOOP((#13552,#13482,#13604));
#14552=IFCFACEOUTERBOUND(#14551,.T.);
#14553=IFCFACE((#14552));
#14554=IFCPOLYLOOP((#13606,#13552,#13515));
#14555=IFCFACEOUTERBOUND(#14554,.T.);
#14556=IFCFACE((#14555));
#14557=IFCPOLYLOOP((#13516,#13554,#13613));
#14558=IFCFACEOUTERBOUND(#14557,.T.);
#14559=IFCFACE((#14558));
#14560=IFCPOLYLOOP((#13609,#13553,#13457));
#14561=IFCFACEOUTERBOUND(#14560,.T.);
#14562=IFCFACE((#14561));
#14563=IFCPOLYLOOP((#13554,#13455,#13611));
#14564=IFCFACEOUTERBOUND(#14563,.T.);
#14565=IFCFACE((#14564));
#14566=IFCPOLYLOOP((#13613,#13554,#13517));
#14567=IFCFACEOUTERBOUND(#14566,.T.);
#14568=IFCFACE((#14567));
#14569=IFCPOLYLOOP((#13614,#13615,#13560));
#14570=IFCFACEOUTERBOUND(#14569,.T.);
#14571=IFCFACE((#14570));
#14572=IFCPOLYLOOP((#13559,#13528,#13531));
#14573=IFCFACEOUTERBOUND(#14572,.T.);
#14574=IFCFACE((#14573));
#14575=IFCPOLYLOOP((#13534,#13560,#13533));
#14576=IFCFACEOUTERBOUND(#14575,.T.);
#14577=IFCFACE((#14576));
#14578=IFCPOLYLOOP((#13563,#13449,#13619,#13535));
#14579=IFCFACEOUTERBOUND(#14578,.T.);
#14580=IFCFACE((#14579));
#14581=IFCPOLYLOOP((#13562,#13483,#13534));
#14582=IFCFACEOUTERBOUND(#14581,.T.);
#14583=IFCFACE((#14582));
#14584=IFCPOLYLOOP((#13622,#13535,#13564));
#14585=IFCFACEOUTERBOUND(#14584,.T.);
#14586=IFCFACE((#14585));
#14587=IFCPOLYLOOP((#13542,#13564,#13484));
#14588=IFCFACEOUTERBOUND(#14587,.T.);
#14589=IFCFACE((#14588));
#14590=IFCPOLYLOOP((#13564,#13485,#13621));
#14591=IFCFACEOUTERBOUND(#14590,.T.);
#14592=IFCFACE((#14591));
#14593=IFCPOLYLOOP((#13566,#13569,#13568,#13501));
#14594=IFCFACEOUTERBOUND(#14593,.T.);
#14595=IFCFACE((#14594));
#14596=IFCPOLYLOOP((#13500,#13537,#13565));
#14597=IFCFACEOUTERBOUND(#14596,.T.);
#14598=IFCFACE((#14597));
#14599=IFCPOLYLOOP((#13566,#13463,#13537));
#14600=IFCFACEOUTERBOUND(#14599,.T.);
#14601=IFCFACE((#14600));
#14602=IFCPOLYLOOP((#13500,#13569,#13537));
#14603=IFCFACEOUTERBOUND(#14602,.T.);
#14604=IFCFACE((#14603));
#14605=IFCPOLYLOOP((#13568,#13573,#13572,#13466));
#14606=IFCFACEOUTERBOUND(#14605,.T.);
#14607=IFCFACE((#14606));
#14608=IFCPOLYLOOP((#13570,#13502,#13539));
#14609=IFCFACEOUTERBOUND(#14608,.T.);
#14610=IFCFACE((#14609));
#14611=IFCPOLYLOOP((#13571,#13449,#13539));
#14612=IFCFACEOUTERBOUND(#14611,.T.);
#14613=IFCFACE((#14612));
#14614=IFCPOLYLOOP((#13465,#13573,#13538));
#14615=IFCFACEOUTERBOUND(#14614,.T.);
#14616=IFCFACE((#14615));
#14617=IFCPOLYLOOP((#13465,#13540,#13573));
#14618=IFCFACEOUTERBOUND(#14617,.T.);
#14619=IFCFACE((#14618));
#14620=IFCPOLYLOOP((#13502,#13575,#13539));
#14621=IFCFACEOUTERBOUND(#14620,.T.);
#14622=IFCFACE((#14621));
#14623=IFCPOLYLOOP((#13505,#13580,#13541));
#14624=IFCFACEOUTERBOUND(#14623,.T.);
#14625=IFCFACE((#14624));
#14626=IFCPOLYLOOP((#13576,#13468,#13541));
#14627=IFCFACEOUTERBOUND(#14626,.T.);
#14628=IFCFACE((#14627));
#14629=IFCPOLYLOOP((#13579,#13580,#13542));
#14630=IFCFACEOUTERBOUND(#14629,.T.);
#14631=IFCFACE((#14630));
#14632=IFCPOLYLOOP((#13582,#13585,#13507));
#14633=IFCFACEOUTERBOUND(#14632,.T.);
#14634=IFCFACE((#14633));
#14635=IFCPOLYLOOP((#13582,#13451,#13543));
#14636=IFCFACEOUTERBOUND(#14635,.T.);
#14637=IFCFACE((#14636));
#14638=IFCPOLYLOOP((#13584,#13507,#13544));
#14639=IFCFACEOUTERBOUND(#14638,.T.);
#14640=IFCFACE((#14639));
#14641=IFCPOLYLOOP((#13506,#13585,#13543));
#14642=IFCFACEOUTERBOUND(#14641,.T.);
#14643=IFCFACE((#14642));
#14644=IFCPOLYLOOP((#13590,#13545,#13587));
#14645=IFCFACEOUTERBOUND(#14644,.T.);
#14646=IFCFACE((#14645));
#14647=IFCPOLYLOOP((#13590,#13587,#13509));
#14648=IFCFACEOUTERBOUND(#14647,.T.);
#14649=IFCFACE((#14648));
#14650=IFCPOLYLOOP((#13590,#13589,#13508));
#14651=IFCFACEOUTERBOUND(#14650,.T.);
#14652=IFCFACE((#14651));
#14653=IFCPOLYLOOP((#13589,#13590,#13546));
#14654=IFCFACEOUTERBOUND(#14653,.T.);
#14655=IFCFACE((#14654));
#14656=IFCPOLYLOOP((#13595,#13547,#13592));
#14657=IFCFACEOUTERBOUND(#14656,.T.);
#14658=IFCFACE((#14657));
#14659=IFCPOLYLOOP((#13591,#13467,#13547));
#14660=IFCFACEOUTERBOUND(#14659,.T.);
#14661=IFCFACE((#14660));
#14662=IFCPOLYLOOP((#13595,#13592,#13511));
#14663=IFCFACEOUTERBOUND(#14662,.T.);
#14664=IFCFACE((#14663));
#14665=IFCPOLYLOOP((#13594,#13595,#13548));
#14666=IFCFACEOUTERBOUND(#14665,.T.);
#14667=IFCFACE((#14666));
#14668=IFCPOLYLOOP((#13600,#13549,#13597));
#14669=IFCFACEOUTERBOUND(#14668,.T.);
#14670=IFCFACE((#14669));
#14671=IFCPOLYLOOP((#13600,#13597,#13513));
#14672=IFCFACEOUTERBOUND(#14671,.T.);
#14673=IFCFACE((#14672));
#14674=IFCPOLYLOOP((#13600,#13599,#13512));
#14675=IFCFACEOUTERBOUND(#14674,.T.);
#14676=IFCFACE((#14675));
#14677=IFCPOLYLOOP((#13599,#13600,#13550));
#14678=IFCFACEOUTERBOUND(#14677,.T.);
#14679=IFCFACE((#14678));
#14680=IFCPOLYLOOP((#13562,#13604,#13482));
#14681=IFCFACEOUTERBOUND(#14680,.T.);
#14682=IFCFACE((#14681));
#14683=IFCPOLYLOOP((#13602,#13454,#13551));
#14684=IFCFACEOUTERBOUND(#14683,.T.);
#14685=IFCFACE((#14684));
#14686=IFCPOLYLOOP((#13481,#13604,#13534));
#14687=IFCFACEOUTERBOUND(#14686,.T.);
#14688=IFCFACE((#14687));
#14689=IFCPOLYLOOP((#13605,#13604,#13481));
#14690=IFCFACEOUTERBOUND(#14689,.T.);
#14691=IFCFACE((#14690));
#14692=IFCPOLYLOOP((#13605,#13515,#13552));
#14693=IFCFACEOUTERBOUND(#14692,.T.);
#14694=IFCFACE((#14693));
#14695=IFCPOLYLOOP((#13514,#13606,#13551));
#14696=IFCFACEOUTERBOUND(#14695,.T.);
#14697=IFCFACE((#14696));
#14698=IFCPOLYLOOP((#13584,#13609,#13457));
#14699=IFCFACEOUTERBOUND(#14698,.T.);
#14700=IFCFACE((#14699));
#14701=IFCPOLYLOOP((#13608,#13457,#13553));
#14702=IFCFACEOUTERBOUND(#14701,.T.);
#14703=IFCFACE((#14702));
#14704=IFCPOLYLOOP((#13458,#13609,#13544));
#14705=IFCFACEOUTERBOUND(#14704,.T.);
#14706=IFCFACE((#14705));
#14707=IFCPOLYLOOP((#13559,#13611,#13455));
#14708=IFCFACEOUTERBOUND(#14707,.T.);
#14709=IFCFACE((#14708));
#14710=IFCPOLYLOOP((#13456,#13611,#13531));
#14711=IFCFACEOUTERBOUND(#14710,.T.);
#14712=IFCFACE((#14711));
#14713=IFCPOLYLOOP((#13612,#13611,#13456));
#14714=IFCFACEOUTERBOUND(#14713,.T.);
#14715=IFCFACE((#14714));
#14716=IFCPOLYLOOP((#13612,#13517,#13554));
#14717=IFCFACEOUTERBOUND(#14716,.T.);
#14718=IFCFACE((#14717));
#14719=IFCPOLYLOOP((#13516,#13613,#13553));
#14720=IFCFACEOUTERBOUND(#14719,.T.);
#14721=IFCFACE((#14720));
#14722=IFCPOLYLOOP((#13565,#13615,#13614,#13464));
#14723=IFCFACEOUTERBOUND(#14722,.T.);
#14724=IFCFACE((#14723));
#14725=IFCPOLYLOOP((#13463,#13615,#13537));
#14726=IFCFACEOUTERBOUND(#14725,.T.);
#14727=IFCFACE((#14726));
#14728=IFCPOLYLOOP((#13616,#13615,#13463));
#14729=IFCFACEOUTERBOUND(#14728,.T.);
#14730=IFCFACE((#14729));
#14731=IFCPOLYLOOP((#13616,#13533,#13560));
#14732=IFCFACEOUTERBOUND(#14731,.T.);
#14733=IFCFACE((#14732));
#14734=IFCPOLYLOOP((#13617,#13618,#13563));
#14735=IFCFACEOUTERBOUND(#14734,.T.);
#14736=IFCFACE((#14735));
#14737=IFCPOLYLOOP((#13535,#13622,#13563));
#14738=IFCFACEOUTERBOUND(#14737,.T.);
#14739=IFCFACE((#14738));
#14740=IFCPOLYLOOP((#13621,#13622,#13564));
#14741=IFCFACEOUTERBOUND(#14740,.T.);
#14742=IFCFACE((#14741));
#14743=IFCPOLYLOOP((#13623,#13443,#13487,#13474,#13492,#13461,#13499,#13460,#13525,#13480,#13556,#13479,#13598,#13513,#13597,#13450,#13586,#13508,#13589,#13469,#13593,#13511,#13592,#13468,#13576,#13504,#13579,#13484,#13620,#13535,#13619,#13449,#13571,#13503,#13574,#13465,#13567,#13500,#13565,#13464,#13614,#13483,#13562,#13482,#13603,#13514,#13601,#13451,#13582,#13507,#13584,#13457,#13608,#13517,#13612,#13456,#13558,#13473,#13532,#13472,#13476,#13488,#13448,#13624));
#14744=IFCFACEOUTERBOUND(#14743,.T.);
#14745=IFCFACE((#14744));
#14746=IFCPOLYLOOP((#13387,#13386,#13625,#13626));
#14747=IFCFACEOUTERBOUND(#14746,.T.);
#14748=IFCFACE((#14747));
#14749=IFCPOLYLOOP((#13390,#13627,#13628,#13631,#13633,#13391));
#14750=IFCFACEOUTERBOUND(#14749,.T.);
#14751=IFCFACE((#14750));
#14752=IFCPOLYLOOP((#13634,#13636,#13632,#13635));
#14753=IFCFACEOUTERBOUND(#14752,.T.);
#14754=IFCFACE((#14753));
#14755=IFCPOLYLOOP((#13635,#13394,#13637));
#14756=IFCFACEOUTERBOUND(#14755,.T.);
#14757=IFCFACE((#14756));
#14758=IFCPOLYLOOP((#13628,#13629,#13638));
#14759=IFCFACEOUTERBOUND(#14758,.T.);
#14760=IFCFACE((#14759));
#14761=IFCPOLYLOOP((#13634,#13631,#13638));
#14762=IFCFACEOUTERBOUND(#14761,.T.);
#14763=IFCFACE((#14762));
#14764=IFCPOLYLOOP((#13391,#13633,#13637));
#14765=IFCFACEOUTERBOUND(#14764,.T.);
#14766=IFCFACE((#14765));
#14767=IFCPOLYLOOP((#13634,#13633,#13631));
#14768=IFCFACEOUTERBOUND(#14767,.T.);
#14769=IFCFACE((#14768));
#14770=IFCPOLYLOOP((#13636,#13634,#13638));
#14771=IFCFACEOUTERBOUND(#14770,.T.);
#14772=IFCFACE((#14771));
#14773=IFCPOLYLOOP((#13635,#13637,#13634));
#14774=IFCFACEOUTERBOUND(#14773,.T.);
#14775=IFCFACE((#14774));
#14776=IFCPOLYLOOP((#13637,#13633,#13634));
#14777=IFCFACEOUTERBOUND(#14776,.T.);
#14778=IFCFACE((#14777));
#14779=IFCPOLYLOOP((#13635,#13395,#13394));
#14780=IFCFACEOUTERBOUND(#14779,.T.);
#14781=IFCFACE((#14780));
#14782=IFCPOLYLOOP((#13629,#13630,#13636));
#14783=IFCFACEOUTERBOUND(#14782,.T.);
#14784=IFCFACE((#14783));
#14785=IFCPOLYLOOP((#13391,#13637,#13394));
#14786=IFCFACEOUTERBOUND(#14785,.T.);
#14787=IFCFACE((#14786));
#14788=IFCPOLYLOOP((#13628,#13638,#13631));
#14789=IFCFACEOUTERBOUND(#14788,.T.);
#14790=IFCFACE((#14789));
#14791=IFCPOLYLOOP((#13636,#13638,#13629));
#14792=IFCFACEOUTERBOUND(#14791,.T.);
#14793=IFCFACE((#14792));
#14794=IFCPOLYLOOP((#13649,#13654,#13658));
#14795=IFCFACEOUTERBOUND(#14794,.T.);
#14796=IFCFACE((#14795));
#14797=IFCPOLYLOOP((#13670,#13669,#13665));
#14798=IFCFACEOUTERBOUND(#14797,.T.);
#14799=IFCFACE((#14798));
#14800=IFCPOLYLOOP((#13659,#13671,#13652));
#14801=IFCFACEOUTERBOUND(#14800,.T.);
#14802=IFCFACE((#14801));
#14803=IFCPOLYLOOP((#13665,#13644,#13663));
#14804=IFCFACEOUTERBOUND(#14803,.T.);
#14805=IFCFACE((#14804));
#14806=IFCPOLYLOOP((#13645,#13659,#13652));
#14807=IFCFACEOUTERBOUND(#14806,.T.);
#14808=IFCFACE((#14807));
#14809=IFCPOLYLOOP((#13662,#13666,#13659));
#14810=IFCFACEOUTERBOUND(#14809,.T.);
#14811=IFCFACE((#14810));
#14812=IFCPOLYLOOP((#13640,#13656,#13671));
#14813=IFCFACEOUTERBOUND(#14812,.T.);
#14814=IFCFACE((#14813));
#14815=IFCPOLYLOOP((#13655,#13663,#13644));
#14816=IFCFACEOUTERBOUND(#14815,.T.);
#14817=IFCFACE((#14816));
#14818=IFCPOLYLOOP((#13646,#13663,#13651));
#14819=IFCFACEOUTERBOUND(#14818,.T.);
#14820=IFCFACE((#14819));
#14821=IFCPOLYLOOP((#13643,#13669,#13664));
#14822=IFCFACEOUTERBOUND(#14821,.T.);
#14823=IFCFACE((#14822));
#14824=IFCPOLYLOOP((#13662,#13659,#13645));
#14825=IFCFACEOUTERBOUND(#14824,.T.);
#14826=IFCFACE((#14825));
#14827=IFCPOLYLOOP((#13649,#13658,#13667));
#14828=IFCFACEOUTERBOUND(#14827,.T.);
#14829=IFCFACE((#14828));
#14830=IFCPOLYLOOP((#13650,#13651,#13667));
#14831=IFCFACEOUTERBOUND(#14830,.T.);
#14832=IFCFACE((#14831));
#14833=IFCPOLYLOOP((#13651,#13663,#13667));
#14834=IFCFACEOUTERBOUND(#14833,.T.);
#14835=IFCFACE((#14834));
#14836=IFCPOLYLOOP((#13639,#13640,#13671));
#14837=IFCFACEOUTERBOUND(#14836,.T.);
#14838=IFCFACE((#14837));
#14839=IFCPOLYLOOP((#13447,#13446,#13657));
#14840=IFCFACEOUTERBOUND(#14839,.T.);
#14841=IFCFACE((#14840));
#14842=IFCPOLYLOOP((#13650,#13658,#13657));
#14843=IFCFACEOUTERBOUND(#14842,.T.);
#14844=IFCFACE((#14843));
#14845=IFCPOLYLOOP((#13654,#13448,#13447));
#14846=IFCFACEOUTERBOUND(#14845,.T.);
#14847=IFCFACE((#14846));
#14848=IFCPOLYLOOP((#13640,#13641,#13656));
#14849=IFCFACEOUTERBOUND(#14848,.T.);
#14850=IFCFACE((#14849));
#14851=IFCPOLYLOOP((#13659,#13648,#13671));
#14852=IFCFACEOUTERBOUND(#14851,.T.);
#14853=IFCFACE((#14852));
#14854=IFCPOLYLOOP((#13657,#13658,#13447));
#14855=IFCFACEOUTERBOUND(#14854,.T.);
#14856=IFCFACE((#14855));
#14857=IFCPOLYLOOP((#13447,#13658,#13654));
#14858=IFCFACEOUTERBOUND(#14857,.T.);
#14859=IFCFACE((#14858));
#14860=IFCPOLYLOOP((#13648,#13659,#13666));
#14861=IFCFACEOUTERBOUND(#14860,.T.);
#14862=IFCFACE((#14861));
#14863=IFCPOLYLOOP((#13671,#13648,#13653,#13639));
#14864=IFCFACEOUTERBOUND(#14863,.T.);
#14865=IFCFACE((#14864));
#14866=IFCPOLYLOOP((#13645,#13660,#13662));
#14867=IFCFACEOUTERBOUND(#14866,.T.);
#14868=IFCFACE((#14867));
#14869=IFCPOLYLOOP((#13661,#13664,#13669));
#14870=IFCFACEOUTERBOUND(#14869,.T.);
#14871=IFCFACE((#14870));
#14872=IFCPOLYLOOP((#13642,#13664,#13661));
#14873=IFCFACEOUTERBOUND(#14872,.T.);
#14874=IFCFACE((#14873));
#14875=IFCPOLYLOOP((#13664,#13662,#13660));
#14876=IFCFACEOUTERBOUND(#14875,.T.);
#14877=IFCFACE((#14876));
#14878=IFCPOLYLOOP((#13663,#13646,#13665));
#14879=IFCFACEOUTERBOUND(#14878,.T.);
#14880=IFCFACE((#14879));
#14881=IFCPOLYLOOP((#13655,#13649,#13667));
#14882=IFCFACEOUTERBOUND(#14881,.T.);
#14883=IFCFACE((#14882));
#14884=IFCPOLYLOOP((#13662,#13664,#13642));
#14885=IFCFACEOUTERBOUND(#14884,.T.);
#14886=IFCFACE((#14885));
#14887=IFCPOLYLOOP((#13643,#13664,#13660));
#14888=IFCFACEOUTERBOUND(#14887,.T.);
#14889=IFCFACE((#14888));
#14890=IFCPOLYLOOP((#13669,#13670,#13647,#13661));
#14891=IFCFACEOUTERBOUND(#14890,.T.);
#14892=IFCFACE((#14891));
#14893=IFCPOLYLOOP((#13665,#13669,#13668));
#14894=IFCFACEOUTERBOUND(#14893,.T.);
#14895=IFCFACE((#14894));
#14896=IFCPOLYLOOP((#13662,#13642,#13666));
#14897=IFCFACEOUTERBOUND(#14896,.T.);
#14898=IFCFACE((#14897));
#14899=IFCPOLYLOOP((#13667,#13658,#13650));
#14900=IFCFACEOUTERBOUND(#14899,.T.);
#14901=IFCFACE((#14900));
#14902=IFCPOLYLOOP((#13655,#13667,#13663));
#14903=IFCFACEOUTERBOUND(#14902,.T.);
#14904=IFCFACE((#14903));
#14905=IFCPOLYLOOP((#13668,#13669,#13643));
#14906=IFCFACEOUTERBOUND(#14905,.T.);
#14907=IFCFACE((#14906));
#14908=IFCPOLYLOOP((#13668,#13644,#13665));
#14909=IFCFACEOUTERBOUND(#14908,.T.);
#14910=IFCFACE((#14909));
#14911=IFCPOLYLOOP((#13665,#13646,#13670));
#14912=IFCFACEOUTERBOUND(#14911,.T.);
#14913=IFCFACE((#14912));
#14914=IFCPOLYLOOP((#13671,#13656,#13652));
#14915=IFCFACEOUTERBOUND(#14914,.T.);
#14916=IFCFACE((#14915));
#14917=IFCPOLYLOOP((#13624,#13448,#13654,#13649,#13655,#13644,#13668,#13643,#13660,#13645,#13652,#13656,#13641,#13672));
#14918=IFCFACEOUTERBOUND(#14917,.T.);
#14919=IFCFACE((#14918));
#14920=IFCPOLYLOOP((#13626,#13625,#13673,#13674));
#14921=IFCFACEOUTERBOUND(#14920,.T.);
#14922=IFCFACE((#14921));
#14923=IFCPOLYLOOP((#13627,#13675,#13676,#13687,#13686,#13710,#13684,#13697,#13696,#13705,#13682,#13719,#13692,#13714,#13683,#13690,#13689,#13699,#13628));
#14924=IFCFACEOUTERBOUND(#14923,.T.);
#14925=IFCFACE((#14924));
#14926=IFCPOLYLOOP((#13707,#13698,#13685));
#14927=IFCFACEOUTERBOUND(#14926,.T.);
#14928=IFCFACE((#14927));
#14929=IFCPOLYLOOP((#13700,#13716,#13712));
#14930=IFCFACEOUTERBOUND(#14929,.T.);
#14931=IFCFACE((#14930));
#14932=IFCPOLYLOOP((#13699,#13723,#13724));
#14933=IFCFACEOUTERBOUND(#14932,.T.);
#14934=IFCFACE((#14933));
#14935=IFCPOLYLOOP((#13685,#13709,#13707));
#14936=IFCFACEOUTERBOUND(#14935,.T.);
#14937=IFCFACE((#14936));
#14938=IFCPOLYLOOP((#13723,#13699,#13689));
#14939=IFCFACEOUTERBOUND(#14938,.T.);
#14940=IFCFACE((#14939));
#14941=IFCPOLYLOOP((#13701,#13702,#13703));
#14942=IFCFACEOUTERBOUND(#14941,.T.);
#14943=IFCFACE((#14942));
#14944=IFCPOLYLOOP((#13690,#13683,#13712));
#14945=IFCFACEOUTERBOUND(#14944,.T.);
#14946=IFCFACE((#14945));
#14947=IFCPOLYLOOP((#13693,#13694,#13715));
#14948=IFCFACEOUTERBOUND(#14947,.T.);
#14949=IFCFACE((#14948));
#14950=IFCPOLYLOOP((#13704,#13706,#13725));
#14951=IFCFACEOUTERBOUND(#14950,.T.);
#14952=IFCFACE((#14951));
#14953=IFCPOLYLOOP((#13719,#13720,#13717));
#14954=IFCFACEOUTERBOUND(#14953,.T.);
#14955=IFCFACE((#14954));
#14956=IFCPOLYLOOP((#13722,#13709,#13708));
#14957=IFCFACEOUTERBOUND(#14956,.T.);
#14958=IFCFACE((#14957));
#14959=IFCPOLYLOOP((#13711,#13676,#13677));
#14960=IFCFACEOUTERBOUND(#14959,.T.);
#14961=IFCFACE((#14960));
#14962=IFCPOLYLOOP((#13698,#13707,#13711));
#14963=IFCFACEOUTERBOUND(#14962,.T.);
#14964=IFCFACE((#14963));
#14965=IFCPOLYLOOP((#13724,#13723,#13691));
#14966=IFCFACEOUTERBOUND(#14965,.T.);
#14967=IFCFACE((#14966));
#14968=IFCPOLYLOOP((#13693,#13715,#13717));
#14969=IFCFACEOUTERBOUND(#14968,.T.);
#14970=IFCFACE((#14969));
#14971=IFCPOLYLOOP((#13716,#13690,#13712));
#14972=IFCFACEOUTERBOUND(#14971,.T.);
#14973=IFCFACE((#14972));
#14974=IFCPOLYLOOP((#13628,#13699,#13724));
#14975=IFCFACEOUTERBOUND(#14974,.T.);
#14976=IFCFACE((#14975));
#14977=IFCPOLYLOOP((#13630,#13629,#13724));
#14978=IFCFACEOUTERBOUND(#14977,.T.);
#14979=IFCFACE((#14978));
#14980=IFCPOLYLOOP((#13713,#13680,#13712));
#14981=IFCFACEOUTERBOUND(#14980,.T.);
#14982=IFCFACE((#14981));
#14983=IFCPOLYLOOP((#13715,#13713,#13714));
#14984=IFCFACEOUTERBOUND(#14983,.T.);
#14985=IFCFACE((#14984));
#14986=IFCPOLYLOOP((#13681,#13701,#13703));
#14987=IFCFACEOUTERBOUND(#14986,.T.);
#14988=IFCFACE((#14987));
#14989=IFCPOLYLOOP((#13696,#13702,#13704));
#14990=IFCFACEOUTERBOUND(#14989,.T.);
#14991=IFCFACE((#14990));
#14992=IFCPOLYLOOP((#13696,#13697,#13702));
#14993=IFCFACEOUTERBOUND(#14992,.T.);
#14994=IFCFACE((#14993));
#14995=IFCPOLYLOOP((#13678,#13698,#13711));
#14996=IFCFACEOUTERBOUND(#14995,.T.);
#14997=IFCFACE((#14996));
#14998=IFCPOLYLOOP((#13707,#13686,#13687));
#14999=IFCFACEOUTERBOUND(#14998,.T.);
#15000=IFCFACE((#14999));
#15001=IFCPOLYLOOP((#13702,#13695,#13704));
#15002=IFCFACEOUTERBOUND(#15001,.T.);
#15003=IFCFACE((#15002));
#15004=IFCPOLYLOOP((#13716,#13688,#13723));
#15005=IFCFACEOUTERBOUND(#15004,.T.);
#15006=IFCFACE((#15005));
#15007=IFCPOLYLOOP((#13695,#13702,#13701));
#15008=IFCFACEOUTERBOUND(#15007,.T.);
#15009=IFCFACE((#15008));
#15010=IFCPOLYLOOP((#13703,#13702,#13697));
#15011=IFCFACEOUTERBOUND(#15010,.T.);
#15012=IFCFACE((#15011));
#15013=IFCPOLYLOOP((#13697,#13684,#13703));
#15014=IFCFACEOUTERBOUND(#15013,.T.);
#15015=IFCFACE((#15014));
#15016=IFCPOLYLOOP((#13703,#13684,#13722));
#15017=IFCFACEOUTERBOUND(#15016,.T.);
#15018=IFCFACE((#15017));
#15019=IFCPOLYLOOP((#13706,#13679,#13721));
#15020=IFCFACEOUTERBOUND(#15019,.T.);
#15021=IFCFACE((#15020));
#15022=IFCPOLYLOOP((#13704,#13695,#13706));
#15023=IFCFACEOUTERBOUND(#15022,.T.);
#15024=IFCFACE((#15023));
#15025=IFCPOLYLOOP((#13679,#13720,#13721));
#15026=IFCFACEOUTERBOUND(#15025,.T.);
#15027=IFCFACE((#15026));
#15028=IFCPOLYLOOP((#13705,#13696,#13704));
#15029=IFCFACEOUTERBOUND(#15028,.T.);
#15030=IFCFACE((#15029));
#15031=IFCPOLYLOOP((#13707,#13687,#13711));
#15032=IFCFACEOUTERBOUND(#15031,.T.);
#15033=IFCFACE((#15032));
#15034=IFCPOLYLOOP((#13676,#13711,#13687));
#15035=IFCFACEOUTERBOUND(#15034,.T.);
#15036=IFCFACE((#15035));
#15037=IFCPOLYLOOP((#13707,#13709,#13686));
#15038=IFCFACEOUTERBOUND(#15037,.T.);
#15039=IFCFACE((#15038));
#15040=IFCPOLYLOOP((#13685,#13708,#13709));
#15041=IFCFACEOUTERBOUND(#15040,.T.);
#15042=IFCFACE((#15041));
#15043=IFCPOLYLOOP((#13684,#13710,#13722));
#15044=IFCFACEOUTERBOUND(#15043,.T.);
#15045=IFCFACE((#15044));
#15046=IFCPOLYLOOP((#13681,#13722,#13708));
#15047=IFCFACEOUTERBOUND(#15046,.T.);
#15048=IFCFACE((#15047));
#15049=IFCPOLYLOOP((#13710,#13686,#13709));
#15050=IFCFACEOUTERBOUND(#15049,.T.);
#15051=IFCFACE((#15050));
#15052=IFCPOLYLOOP((#13678,#13711,#13677));
#15053=IFCFACEOUTERBOUND(#15052,.T.);
#15054=IFCFACE((#15053));
#15055=IFCPOLYLOOP((#13713,#13712,#13683));
#15056=IFCFACEOUTERBOUND(#15055,.T.);
#15057=IFCFACE((#15056));
#15058=IFCPOLYLOOP((#13700,#13712,#13680));
#15059=IFCFACEOUTERBOUND(#15058,.T.);
#15060=IFCFACE((#15059));
#15061=IFCPOLYLOOP((#13715,#13692,#13717));
#15062=IFCFACEOUTERBOUND(#15061,.T.);
#15063=IFCFACE((#15062));
#15064=IFCPOLYLOOP((#13694,#13680,#13713));
#15065=IFCFACEOUTERBOUND(#15064,.T.);
#15066=IFCFACE((#15065));
#15067=IFCPOLYLOOP((#13713,#13683,#13714));
#15068=IFCFACEOUTERBOUND(#15067,.T.);
#15069=IFCFACE((#15068));
#15070=IFCPOLYLOOP((#13715,#13714,#13692));
#15071=IFCFACEOUTERBOUND(#15070,.T.);
#15072=IFCFACE((#15071));
#15073=IFCPOLYLOOP((#13713,#13715,#13694));
#15074=IFCFACEOUTERBOUND(#15073,.T.);
#15075=IFCFACE((#15074));
#15076=IFCPOLYLOOP((#13688,#13716,#13700));
#15077=IFCFACEOUTERBOUND(#15076,.T.);
#15078=IFCFACE((#15077));
#15079=IFCPOLYLOOP((#13689,#13690,#13716));
#15080=IFCFACEOUTERBOUND(#15079,.T.);
#15081=IFCFACE((#15080));
#15082=IFCPOLYLOOP((#13720,#13719,#13682));
#15083=IFCFACEOUTERBOUND(#15082,.T.);
#15084=IFCFACE((#15083));
#15085=IFCPOLYLOOP((#13717,#13692,#13719));
#15086=IFCFACEOUTERBOUND(#15085,.T.);
#15087=IFCFACE((#15086));
#15088=IFCPOLYLOOP((#13720,#13679,#13718));
#15089=IFCFACEOUTERBOUND(#15088,.T.);
#15090=IFCFACE((#15089));
#15091=IFCPOLYLOOP((#13718,#13693,#13717));
#15092=IFCFACEOUTERBOUND(#15091,.T.);
#15093=IFCFACE((#15092));
#15094=IFCPOLYLOOP((#13720,#13682,#13721));
#15095=IFCFACEOUTERBOUND(#15094,.T.);
#15096=IFCFACE((#15095));
#15097=IFCPOLYLOOP((#13717,#13720,#13718));
#15098=IFCFACEOUTERBOUND(#15097,.T.);
#15099=IFCFACE((#15098));
#15100=IFCPOLYLOOP((#13682,#13705,#13721));
#15101=IFCFACEOUTERBOUND(#15100,.T.);
#15102=IFCFACE((#15101));
#15103=IFCPOLYLOOP((#13721,#13705,#13725));
#15104=IFCFACEOUTERBOUND(#15103,.T.);
#15105=IFCFACE((#15104));
#15106=IFCPOLYLOOP((#13722,#13710,#13709));
#15107=IFCFACEOUTERBOUND(#15106,.T.);
#15108=IFCFACE((#15107));
#15109=IFCPOLYLOOP((#13703,#13722,#13681));
#15110=IFCFACEOUTERBOUND(#15109,.T.);
#15111=IFCFACE((#15110));
#15112=IFCPOLYLOOP((#13716,#13723,#13689));
#15113=IFCFACEOUTERBOUND(#15112,.T.);
#15114=IFCFACE((#15113));
#15115=IFCPOLYLOOP((#13691,#13723,#13688));
#15116=IFCFACEOUTERBOUND(#15115,.T.);
#15117=IFCFACE((#15116));
#15118=IFCPOLYLOOP((#13630,#13724,#13691));
#15119=IFCFACEOUTERBOUND(#15118,.T.);
#15120=IFCFACE((#15119));
#15121=IFCPOLYLOOP((#13628,#13724,#13629));
#15122=IFCFACEOUTERBOUND(#15121,.T.);
#15123=IFCFACE((#15122));
#15124=IFCPOLYLOOP((#13721,#13725,#13706));
#15125=IFCFACEOUTERBOUND(#15124,.T.);
#15126=IFCFACE((#15125));
#15127=IFCPOLYLOOP((#13705,#13704,#13725));
#15128=IFCFACEOUTERBOUND(#15127,.T.);
#15129=IFCFACE((#15128));
#15130=IFCPOLYLOOP((#13757,#13775,#13776));
#15131=IFCFACEOUTERBOUND(#15130,.T.);
#15132=IFCFACE((#15131));
#15133=IFCPOLYLOOP((#13820,#13745,#13854));
#15134=IFCFACEOUTERBOUND(#15133,.T.);
#15135=IFCFACE((#15134));
#15136=IFCPOLYLOOP((#13889,#13864,#13824));
#15137=IFCFACEOUTERBOUND(#15136,.T.);
#15138=IFCFACE((#15137));
#15139=IFCPOLYLOOP((#13840,#13763,#13894));
#15140=IFCFACEOUTERBOUND(#15139,.T.);
#15141=IFCFACE((#15140));
#15142=IFCPOLYLOOP((#13777,#13798,#13806));
#15143=IFCFACEOUTERBOUND(#15142,.T.);
#15144=IFCFACE((#15143));
#15145=IFCPOLYLOOP((#13773,#13742,#13778));
#15146=IFCFACEOUTERBOUND(#15145,.T.);
#15147=IFCFACE((#15146));
#15148=IFCPOLYLOOP((#13826,#13789,#13868,#13750));
#15149=IFCFACEOUTERBOUND(#15148,.T.);
#15150=IFCFACE((#15149));
#15151=IFCPOLYLOOP((#13807,#13810,#13809));
#15152=IFCFACEOUTERBOUND(#15151,.T.);
#15153=IFCFACE((#15152));
#15154=IFCPOLYLOOP((#13770,#13769,#13755,#13771));
#15155=IFCFACEOUTERBOUND(#15154,.T.);
#15156=IFCFACE((#15155));
#15157=IFCPOLYLOOP((#13897,#13902,#13901,#13766));
#15158=IFCFACEOUTERBOUND(#15157,.T.);
#15159=IFCFACE((#15158));
#15160=IFCPOLYLOOP((#13891,#13892,#13834));
#15161=IFCFACEOUTERBOUND(#15160,.T.);
#15162=IFCFACE((#15161));
#15163=IFCPOLYLOOP((#13809,#13810,#13808));
#15164=IFCFACEOUTERBOUND(#15163,.T.);
#15165=IFCFACE((#15164));
#15166=IFCPOLYLOOP((#13893,#13888,#13833));
#15167=IFCFACEOUTERBOUND(#15166,.T.);
#15168=IFCFACE((#15167));
#15169=IFCPOLYLOOP((#13865,#13862,#13823));
#15170=IFCFACEOUTERBOUND(#15169,.T.);
#15171=IFCFACE((#15170));
#15172=IFCPOLYLOOP((#13800,#13740,#13798));
#15173=IFCFACEOUTERBOUND(#15172,.T.);
#15174=IFCFACE((#15173));
#15175=IFCPOLYLOOP((#13830,#13880,#13793));
#15176=IFCFACEOUTERBOUND(#15175,.T.);
#15177=IFCFACE((#15176));
#15178=IFCPOLYLOOP((#13742,#13773,#13771));
#15179=IFCFACEOUTERBOUND(#15178,.T.);
#15180=IFCFACE((#15179));
#15181=IFCPOLYLOOP((#13774,#13726,#13727));
#15182=IFCFACEOUTERBOUND(#15181,.T.);
#15183=IFCFACE((#15182));
#15184=IFCPOLYLOOP((#13640,#13639,#13769));
#15185=IFCFACEOUTERBOUND(#15184,.T.);
#15186=IFCFACE((#15185));
#15187=IFCPOLYLOOP((#13849,#13846,#13817));
#15188=IFCFACEOUTERBOUND(#15187,.T.);
#15189=IFCFACE((#15188));
#15190=IFCPOLYLOOP((#13884,#13885,#13832));
#15191=IFCFACEOUTERBOUND(#15190,.T.);
#15192=IFCFACE((#15191));
#15193=IFCPOLYLOOP((#13853,#13848,#13818));
#15194=IFCFACEOUTERBOUND(#15193,.T.);
#15195=IFCFACE((#15194));
#15196=IFCPOLYLOOP((#13855,#13851,#13819));
#15197=IFCFACEOUTERBOUND(#15196,.T.);
#15198=IFCFACE((#15197));
#15199=IFCPOLYLOOP((#13902,#13897,#13843));
#15200=IFCFACEOUTERBOUND(#15199,.T.);
#15201=IFCFACE((#15200));
#15202=IFCPOLYLOOP((#13828,#13875,#13791));
#15203=IFCFACEOUTERBOUND(#15202,.T.);
#15204=IFCFACE((#15203));
#15205=IFCPOLYLOOP((#13828,#13791,#13873,#13749));
#15206=IFCFACEOUTERBOUND(#15205,.T.);
#15207=IFCFACE((#15206));
#15208=IFCPOLYLOOP((#13826,#13870,#13789));
#15209=IFCFACEOUTERBOUND(#15208,.T.);
#15210=IFCFACE((#15209));
#15211=IFCPOLYLOOP((#13770,#13767,#13640));
#15212=IFCFACEOUTERBOUND(#15211,.T.);
#15213=IFCFACE((#15212));
#15214=IFCPOLYLOOP((#13774,#13775,#13757));
#15215=IFCFACEOUTERBOUND(#15214,.T.);
#15216=IFCFACE((#15215));
#15217=IFCPOLYLOOP((#13776,#13807,#13751));
#15218=IFCFACEOUTERBOUND(#15217,.T.);
#15219=IFCFACE((#15218));
#15220=IFCPOLYLOOP((#13754,#13770,#13773));
#15221=IFCFACEOUTERBOUND(#15220,.T.);
#15222=IFCFACE((#15221));
#15223=IFCPOLYLOOP((#13752,#13807,#13776));
#15224=IFCFACEOUTERBOUND(#15223,.T.);
#15225=IFCFACE((#15224));
#15226=IFCPOLYLOOP((#13727,#13775,#13774));
#15227=IFCFACEOUTERBOUND(#15226,.T.);
#15228=IFCFACE((#15227));
#15229=IFCPOLYLOOP((#13803,#13804,#13760));
#15230=IFCFACEOUTERBOUND(#15229,.T.);
#15231=IFCFACE((#15230));
#15232=IFCPOLYLOOP((#13830,#13793,#13878,#13759));
#15233=IFCFACEOUTERBOUND(#15232,.T.);
#15234=IFCFACE((#15233));
#15235=IFCPOLYLOOP((#13803,#13802,#13801));
#15236=IFCFACEOUTERBOUND(#15235,.T.);
#15237=IFCFACE((#15236));
#15238=IFCPOLYLOOP((#13895,#13896,#13840));
#15239=IFCFACEOUTERBOUND(#15238,.T.);
#15240=IFCFACE((#15239));
#15241=IFCPOLYLOOP((#13886,#13882,#13831));
#15242=IFCFACEOUTERBOUND(#15241,.T.);
#15243=IFCFACE((#15242));
#15244=IFCPOLYLOOP((#13884,#13842,#13814));
#15245=IFCFACEOUTERBOUND(#15244,.T.);
#15246=IFCFACE((#15245));
#15247=IFCPOLYLOOP((#13822,#13860,#13785));
#15248=IFCFACEOUTERBOUND(#15247,.T.);
#15249=IFCFACE((#15248));
#15250=IFCPOLYLOOP((#13822,#13785,#13858,#13765));
#15251=IFCFACEOUTERBOUND(#15250,.T.);
#15252=IFCFACE((#15251));
#15253=IFCPOLYLOOP((#13732,#13850,#13898,#13897));
#15254=IFCFACEOUTERBOUND(#15253,.T.);
#15255=IFCFACE((#15254));
#15256=IFCPOLYLOOP((#13767,#13641,#13640));
#15257=IFCFACEOUTERBOUND(#15256,.T.);
#15258=IFCFACE((#15257));
#15259=IFCPOLYLOOP((#13727,#13728,#13768));
#15260=IFCFACEOUTERBOUND(#15259,.T.);
#15261=IFCFACE((#15260));
#15262=IFCPOLYLOOP((#13769,#13770,#13640));
#15263=IFCFACEOUTERBOUND(#15262,.T.);
#15264=IFCFACE((#15263));
#15265=IFCPOLYLOOP((#13754,#13767,#13770));
#15266=IFCFACEOUTERBOUND(#15265,.T.);
#15267=IFCFACE((#15266));
#15268=IFCPOLYLOOP((#13773,#13741,#13772,#13754));
#15269=IFCFACEOUTERBOUND(#15268,.T.);
#15270=IFCFACE((#15269));
#15271=IFCPOLYLOOP((#13773,#13770,#13771));
#15272=IFCFACEOUTERBOUND(#15271,.T.);
#15273=IFCFACE((#15272));
#15274=IFCPOLYLOOP((#13895,#13845,#13817));
#15275=IFCFACEOUTERBOUND(#15274,.T.);
#15276=IFCFACE((#15275));
#15277=IFCPOLYLOOP((#13775,#13727,#13768));
#15278=IFCFACEOUTERBOUND(#15277,.T.);
#15279=IFCFACE((#15278));
#15280=IFCPOLYLOOP((#13768,#13756,#13775));
#15281=IFCFACEOUTERBOUND(#15280,.T.);
#15282=IFCFACE((#15281));
#15283=IFCPOLYLOOP((#13776,#13775,#13756));
#15284=IFCFACEOUTERBOUND(#15283,.T.);
#15285=IFCFACE((#15284));
#15286=IFCPOLYLOOP((#13752,#13776,#13756));
#15287=IFCFACEOUTERBOUND(#15286,.T.);
#15288=IFCFACE((#15287));
#15289=IFCPOLYLOOP((#13776,#13751,#13816,#13757));
#15290=IFCFACEOUTERBOUND(#15289,.T.);
#15291=IFCFACE((#15290));
#15292=IFCPOLYLOOP((#13773,#13778,#13741));
#15293=IFCFACEOUTERBOUND(#15292,.T.);
#15294=IFCFACE((#15293));
#15295=IFCPOLYLOOP((#13778,#13742,#13799));
#15296=IFCFACEOUTERBOUND(#15295,.T.);
#15297=IFCFACE((#15296));
#15298=IFCPOLYLOOP((#13798,#13739,#13800));
#15299=IFCFACEOUTERBOUND(#15298,.T.);
#15300=IFCFACE((#15299));
#15301=IFCPOLYLOOP((#13798,#13740,#13779));
#15302=IFCFACEOUTERBOUND(#15301,.T.);
#15303=IFCFACE((#15302));
#15304=IFCPOLYLOOP((#13778,#13806,#13741));
#15305=IFCFACEOUTERBOUND(#15304,.T.);
#15306=IFCFACE((#15305));
#15307=IFCPOLYLOOP((#13818,#13780,#13847,#13745));
#15308=IFCFACEOUTERBOUND(#15307,.T.);
#15309=IFCFACE((#15308));
#15310=IFCPOLYLOOP((#13898,#13850,#13819));
#15311=IFCFACEOUTERBOUND(#15310,.T.);
#15312=IFCFACE((#15311));
#15313=IFCPOLYLOOP((#13820,#13782,#13852));
#15314=IFCFACEOUTERBOUND(#15313,.T.);
#15315=IFCFACE((#15314));
#15316=IFCPOLYLOOP((#13856,#13860,#13859,#13784));
#15317=IFCFACEOUTERBOUND(#15316,.T.);
#15318=IFCFACE((#15317));
#15319=IFCPOLYLOOP((#13860,#13856,#13821));
#15320=IFCFACEOUTERBOUND(#15319,.T.);
#15321=IFCFACE((#15320));
#15322=IFCPOLYLOOP((#13823,#13734,#13861,#13786));
#15323=IFCFACEOUTERBOUND(#15322,.T.);
#15324=IFCFACE((#15323));
#15325=IFCPOLYLOOP((#13824,#13786,#13863,#13738));
#15326=IFCFACEOUTERBOUND(#15325,.T.);
#15327=IFCFACE((#15326));
#15328=IFCPOLYLOOP((#13788,#13825,#13870));
#15329=IFCFACEOUTERBOUND(#15328,.T.);
#15330=IFCFACE((#15329));
#15331=IFCPOLYLOOP((#13825,#13788,#13866,#13730));
#15332=IFCFACEOUTERBOUND(#15331,.T.);
#15333=IFCFACE((#15332));
#15334=IFCPOLYLOOP((#13871,#13875,#13874,#13790));
#15335=IFCFACEOUTERBOUND(#15334,.T.);
#15336=IFCFACE((#15335));
#15337=IFCPOLYLOOP((#13875,#13871,#13827));
#15338=IFCFACEOUTERBOUND(#15337,.T.);
#15339=IFCFACE((#15338));
#15340=IFCPOLYLOOP((#13792,#13829,#13880));
#15341=IFCFACEOUTERBOUND(#15340,.T.);
#15342=IFCFACE((#15341));
#15343=IFCPOLYLOOP((#13829,#13792,#13876,#13733));
#15344=IFCFACEOUTERBOUND(#15343,.T.);
#15345=IFCFACE((#15344));
#15346=IFCPOLYLOOP((#13831,#13731,#13881,#13794));
#15347=IFCFACEOUTERBOUND(#15346,.T.);
#15348=IFCFACE((#15347));
#15349=IFCPOLYLOOP((#13832,#13794,#13883,#13762));
#15350=IFCFACEOUTERBOUND(#15349,.T.);
#15351=IFCFACE((#15350));
#15352=IFCPOLYLOOP((#13833,#13738,#13887,#13796));
#15353=IFCFACEOUTERBOUND(#15352,.T.);
#15354=IFCFACE((#15353));
#15355=IFCPOLYLOOP((#13834,#13796,#13890,#13735));
#15356=IFCFACEOUTERBOUND(#15355,.T.);
#15357=IFCFACE((#15356));
#15358=IFCPOLYLOOP((#13806,#13798,#13779));
#15359=IFCFACEOUTERBOUND(#15358,.T.);
#15360=IFCFACE((#15359));
#15361=IFCPOLYLOOP((#13798,#13777,#13835,#13739));
#15362=IFCFACEOUTERBOUND(#15361,.T.);
#15363=IFCFACE((#15362));
#15364=IFCPOLYLOOP((#13804,#13759,#13836,#13760));
#15365=IFCFACEOUTERBOUND(#15364,.T.);
#15366=IFCFACE((#15365));
#15367=IFCPOLYLOOP((#13806,#13799,#13777));
#15368=IFCFACEOUTERBOUND(#15367,.T.);
#15369=IFCFACE((#15368));
#15370=IFCPOLYLOOP((#13803,#13805,#13800));
#15371=IFCFACEOUTERBOUND(#15370,.T.);
#15372=IFCFACE((#15371));
#15373=IFCPOLYLOOP((#13800,#13802,#13803));
#15374=IFCFACEOUTERBOUND(#15373,.T.);
#15375=IFCFACE((#15374));
#15376=IFCPOLYLOOP((#13800,#13739,#13802));
#15377=IFCFACEOUTERBOUND(#15376,.T.);
#15378=IFCFACE((#15377));
#15379=IFCPOLYLOOP((#13803,#13801,#13804));
#15380=IFCFACEOUTERBOUND(#15379,.T.);
#15381=IFCFACE((#15380));
#15382=IFCPOLYLOOP((#13741,#13806,#13779));
#15383=IFCFACEOUTERBOUND(#15382,.T.);
#15384=IFCFACE((#15383));
#15385=IFCPOLYLOOP((#13804,#13801,#13837,#13758));
#15386=IFCFACEOUTERBOUND(#15385,.T.);
#15387=IFCFACE((#15386));
#15388=IFCPOLYLOOP((#13830,#13804,#13758));
#15389=IFCFACEOUTERBOUND(#15388,.T.);
#15390=IFCFACE((#15389));
#15391=IFCPOLYLOOP((#13805,#13803,#13760));
#15392=IFCFACEOUTERBOUND(#15391,.T.);
#15393=IFCFACE((#15392));
#15394=IFCPOLYLOOP((#13805,#13740,#13800));
#15395=IFCFACEOUTERBOUND(#15394,.T.);
#15396=IFCFACE((#15395));
#15397=IFCPOLYLOOP((#13799,#13806,#13778));
#15398=IFCFACEOUTERBOUND(#15397,.T.);
#15399=IFCFACE((#15398));
#15400=IFCPOLYLOOP((#13810,#13812,#13753));
#15401=IFCFACEOUTERBOUND(#15400,.T.);
#15402=IFCFACE((#15401));
#15403=IFCPOLYLOOP((#13753,#13811,#13810));
#15404=IFCFACEOUTERBOUND(#15403,.T.);
#15405=IFCFACE((#15404));
#15406=IFCPOLYLOOP((#13810,#13811,#13808));
#15407=IFCFACEOUTERBOUND(#15406,.T.);
#15408=IFCFACE((#15407));
#15409=IFCPOLYLOOP((#13812,#13810,#13807));
#15410=IFCFACEOUTERBOUND(#15409,.T.);
#15411=IFCFACE((#15410));
#15412=IFCPOLYLOOP((#13809,#13751,#13807));
#15413=IFCFACEOUTERBOUND(#15412,.T.);
#15414=IFCFACE((#15413));
#15415=IFCPOLYLOOP((#13811,#13753,#13838,#13736));
#15416=IFCFACEOUTERBOUND(#15415,.T.);
#15417=IFCFACE((#15416));
#15418=IFCPOLYLOOP((#13888,#13893,#13797));
#15419=IFCFACEOUTERBOUND(#15418,.T.);
#15420=IFCFACE((#15419));
#15421=IFCPOLYLOOP((#13891,#13839,#13811));
#15422=IFCFACEOUTERBOUND(#15421,.T.);
#15423=IFCFACE((#15422));
#15424=IFCPOLYLOOP((#13807,#13752,#13812));
#15425=IFCFACEOUTERBOUND(#15424,.T.);
#15426=IFCFACE((#15425));
#15427=IFCPOLYLOOP((#13882,#13886,#13795));
#15428=IFCFACEOUTERBOUND(#15427,.T.);
#15429=IFCFACE((#15428));
#15430=IFCPOLYLOOP((#13814,#13813,#13841,#13761));
#15431=IFCFACEOUTERBOUND(#15430,.T.);
#15432=IFCFACE((#15431));
#15433=IFCPOLYLOOP((#13840,#13814,#13763));
#15434=IFCFACEOUTERBOUND(#15433,.T.);
#15435=IFCFACE((#15434));
#15436=IFCPOLYLOOP((#13780,#13818,#13849));
#15437=IFCFACEOUTERBOUND(#15436,.T.);
#15438=IFCFACE((#15437));
#15439=IFCPOLYLOOP((#13844,#13815,#13900,#13764));
#15440=IFCFACEOUTERBOUND(#15439,.T.);
#15441=IFCFACE((#15440));
#15442=IFCPOLYLOOP((#13729,#13898,#13819));
#15443=IFCFACEOUTERBOUND(#15442,.T.);
#15444=IFCFACE((#15443));
#15445=IFCPOLYLOOP((#13851,#13855,#13854,#13783));
#15446=IFCFACEOUTERBOUND(#15445,.T.);
#15447=IFCFACE((#15446));
#15448=IFCPOLYLOOP((#13818,#13848,#13849));
#15449=IFCFACEOUTERBOUND(#15448,.T.);
#15450=IFCFACE((#15449));
#15451=IFCPOLYLOOP((#13782,#13820,#13855));
#15452=IFCFACEOUTERBOUND(#15451,.T.);
#15453=IFCFACE((#15452));
#15454=IFCPOLYLOOP((#13898,#13729,#13843));
#15455=IFCFACEOUTERBOUND(#15454,.T.);
#15456=IFCFACE((#15455));
#15457=IFCPOLYLOOP((#13852,#13853,#13820));
#15458=IFCFACEOUTERBOUND(#15457,.T.);
#15459=IFCFACE((#15458));
#15460=IFCPOLYLOOP((#13820,#13854,#13855));
#15461=IFCFACEOUTERBOUND(#15460,.T.);
#15462=IFCFACE((#15461));
#15463=IFCPOLYLOOP((#13827,#13821,#13748));
#15464=IFCFACEOUTERBOUND(#15463,.T.);
#15465=IFCFACE((#15464));
#15466=IFCPOLYLOOP((#13821,#13747,#13857,#13785));
#15467=IFCFACEOUTERBOUND(#15466,.T.);
#15468=IFCFACE((#15467));
#15469=IFCPOLYLOOP((#13844,#13822,#13765));
#15470=IFCFACEOUTERBOUND(#15469,.T.);
#15471=IFCFACE((#15470));
#15472=IFCPOLYLOOP((#13822,#13764,#13859));
#15473=IFCFACEOUTERBOUND(#15472,.T.);
#15474=IFCFACE((#15473));
#15475=IFCPOLYLOOP((#13786,#13824,#13865));
#15476=IFCFACEOUTERBOUND(#15475,.T.);
#15477=IFCFACE((#15476));
#15478=IFCPOLYLOOP((#13831,#13823,#13731));
#15479=IFCFACEOUTERBOUND(#15478,.T.);
#15480=IFCFACE((#15479));
#15481=IFCPOLYLOOP((#13738,#13833,#13889));
#15482=IFCFACEOUTERBOUND(#15481,.T.);
#15483=IFCFACE((#15482));
#15484=IFCPOLYLOOP((#13865,#13824,#13787));
#15485=IFCFACEOUTERBOUND(#15484,.T.);
#15486=IFCFACE((#15485));
#15487=IFCPOLYLOOP((#13829,#13825,#13730));
#15488=IFCFACEOUTERBOUND(#15487,.T.);
#15489=IFCFACE((#15488));
#15490=IFCPOLYLOOP((#13825,#13733,#13867));
#15491=IFCFACEOUTERBOUND(#15490,.T.);
#15492=IFCFACE((#15491));
#15493=IFCPOLYLOOP((#13828,#13826,#13750));
#15494=IFCFACEOUTERBOUND(#15493,.T.);
#15495=IFCFACE((#15494));
#15496=IFCPOLYLOOP((#13826,#13749,#13869));
#15497=IFCFACEOUTERBOUND(#15496,.T.);
#15498=IFCFACE((#15497));
#15499=IFCPOLYLOOP((#13821,#13827,#13747));
#15500=IFCFACEOUTERBOUND(#15499,.T.);
#15501=IFCFACE((#15500));
#15502=IFCPOLYLOOP((#13827,#13748,#13872));
#15503=IFCFACEOUTERBOUND(#15502,.T.);
#15504=IFCFACE((#15503));
#15505=IFCPOLYLOOP((#13826,#13828,#13749));
#15506=IFCFACEOUTERBOUND(#15505,.T.);
#15507=IFCFACE((#15506));
#15508=IFCPOLYLOOP((#13828,#13750,#13874));
#15509=IFCFACEOUTERBOUND(#15508,.T.);
#15510=IFCFACE((#15509));
#15511=IFCPOLYLOOP((#13825,#13829,#13733));
#15512=IFCFACEOUTERBOUND(#15511,.T.);
#15513=IFCFACE((#15512));
#15514=IFCPOLYLOOP((#13829,#13730,#13877));
#15515=IFCFACEOUTERBOUND(#15514,.T.);
#15516=IFCFACE((#15515));
#15517=IFCPOLYLOOP((#13804,#13830,#13759));
#15518=IFCFACEOUTERBOUND(#15517,.T.);
#15519=IFCFACE((#15518));
#15520=IFCPOLYLOOP((#13830,#13758,#13879));
#15521=IFCFACEOUTERBOUND(#15520,.T.);
#15522=IFCFACE((#15521));
#15523=IFCPOLYLOOP((#13794,#13832,#13886));
#15524=IFCFACEOUTERBOUND(#15523,.T.);
#15525=IFCFACE((#15524));
#15526=IFCPOLYLOOP((#13823,#13831,#13734));
#15527=IFCFACEOUTERBOUND(#15526,.T.);
#15528=IFCFACE((#15527));
#15529=IFCPOLYLOOP((#13832,#13762,#13884));
#15530=IFCFACEOUTERBOUND(#15529,.T.);
#15531=IFCFACE((#15530));
#15532=IFCPOLYLOOP((#13886,#13832,#13795));
#15533=IFCFACEOUTERBOUND(#15532,.T.);
#15534=IFCFACE((#15533));
#15535=IFCPOLYLOOP((#13796,#13834,#13893));
#15536=IFCFACEOUTERBOUND(#15535,.T.);
#15537=IFCFACE((#15536));
#15538=IFCPOLYLOOP((#13889,#13833,#13737));
#15539=IFCFACEOUTERBOUND(#15538,.T.);
#15540=IFCFACE((#15539));
#15541=IFCPOLYLOOP((#13834,#13735,#13891));
#15542=IFCFACEOUTERBOUND(#15541,.T.);
#15543=IFCFACE((#15542));
#15544=IFCPOLYLOOP((#13893,#13834,#13797));
#15545=IFCFACEOUTERBOUND(#15544,.T.);
#15546=IFCFACE((#15545));
#15547=IFCPOLYLOOP((#13894,#13895,#13840));
#15548=IFCFACEOUTERBOUND(#15547,.T.);
#15549=IFCFACE((#15548));
#15550=IFCPOLYLOOP((#13839,#13808,#13811));
#15551=IFCFACEOUTERBOUND(#15550,.T.);
#15552=IFCFACE((#15551));
#15553=IFCPOLYLOOP((#13814,#13840,#13813));
#15554=IFCFACEOUTERBOUND(#15553,.T.);
#15555=IFCFACE((#15554));
#15556=IFCPOLYLOOP((#13843,#13729,#13899,#13815));
#15557=IFCFACEOUTERBOUND(#15556,.T.);
#15558=IFCFACE((#15557));
#15559=IFCPOLYLOOP((#13842,#13763,#13814));
#15560=IFCFACEOUTERBOUND(#15559,.T.);
#15561=IFCFACE((#15560));
#15562=IFCPOLYLOOP((#13902,#13815,#13844));
#15563=IFCFACEOUTERBOUND(#15562,.T.);
#15564=IFCFACE((#15563));
#15565=IFCPOLYLOOP((#13822,#13844,#13764));
#15566=IFCFACEOUTERBOUND(#15565,.T.);
#15567=IFCFACE((#15566));
#15568=IFCPOLYLOOP((#13844,#13765,#13901));
#15569=IFCFACEOUTERBOUND(#15568,.T.);
#15570=IFCFACE((#15569));
#15571=IFCPOLYLOOP((#13846,#13849,#13848,#13781));
#15572=IFCFACEOUTERBOUND(#15571,.T.);
#15573=IFCFACE((#15572));
#15574=IFCPOLYLOOP((#13845,#13780,#13817));
#15575=IFCFACEOUTERBOUND(#15574,.T.);
#15576=IFCFACE((#15575));
#15577=IFCPOLYLOOP((#13846,#13743,#13817));
#15578=IFCFACEOUTERBOUND(#15577,.T.);
#15579=IFCFACE((#15578));
#15580=IFCPOLYLOOP((#13780,#13849,#13817));
#15581=IFCFACEOUTERBOUND(#15580,.T.);
#15582=IFCFACE((#15581));
#15583=IFCPOLYLOOP((#13848,#13853,#13852,#13746));
#15584=IFCFACEOUTERBOUND(#15583,.T.);
#15585=IFCFACE((#15584));
#15586=IFCPOLYLOOP((#13782,#13819,#13850));
#15587=IFCFACEOUTERBOUND(#15586,.T.);
#15588=IFCFACE((#15587));
#15589=IFCPOLYLOOP((#13851,#13729,#13819));
#15590=IFCFACEOUTERBOUND(#15589,.T.);
#15591=IFCFACE((#15590));
#15592=IFCPOLYLOOP((#13745,#13853,#13818));
#15593=IFCFACEOUTERBOUND(#15592,.T.);
#15594=IFCFACE((#15593));
#15595=IFCPOLYLOOP((#13745,#13820,#13853));
#15596=IFCFACEOUTERBOUND(#15595,.T.);
#15597=IFCFACE((#15596));
#15598=IFCPOLYLOOP((#13782,#13855,#13819));
#15599=IFCFACEOUTERBOUND(#15598,.T.);
#15600=IFCFACE((#15599));
#15601=IFCPOLYLOOP((#13785,#13860,#13821));
#15602=IFCFACEOUTERBOUND(#15601,.T.);
#15603=IFCFACE((#15602));
#15604=IFCPOLYLOOP((#13856,#13748,#13821));
#15605=IFCFACEOUTERBOUND(#15604,.T.);
#15606=IFCFACE((#15605));
#15607=IFCPOLYLOOP((#13859,#13860,#13822));
#15608=IFCFACEOUTERBOUND(#15607,.T.);
#15609=IFCFACE((#15608));
#15610=IFCPOLYLOOP((#13862,#13865,#13787));
#15611=IFCFACEOUTERBOUND(#15610,.T.);
#15612=IFCFACE((#15611));
#15613=IFCPOLYLOOP((#13862,#13731,#13823));
#15614=IFCFACEOUTERBOUND(#15613,.T.);
#15615=IFCFACE((#15614));
#15616=IFCPOLYLOOP((#13864,#13787,#13824));
#15617=IFCFACEOUTERBOUND(#15616,.T.);
#15618=IFCFACE((#15617));
#15619=IFCPOLYLOOP((#13786,#13865,#13823));
#15620=IFCFACEOUTERBOUND(#15619,.T.);
#15621=IFCFACE((#15620));
#15622=IFCPOLYLOOP((#13870,#13825,#13867));
#15623=IFCFACEOUTERBOUND(#15622,.T.);
#15624=IFCFACE((#15623));
#15625=IFCPOLYLOOP((#13870,#13867,#13789));
#15626=IFCFACEOUTERBOUND(#15625,.T.);
#15627=IFCFACE((#15626));
#15628=IFCPOLYLOOP((#13870,#13869,#13788));
#15629=IFCFACEOUTERBOUND(#15628,.T.);
#15630=IFCFACE((#15629));
#15631=IFCPOLYLOOP((#13869,#13870,#13826));
#15632=IFCFACEOUTERBOUND(#15631,.T.);
#15633=IFCFACE((#15632));
#15634=IFCPOLYLOOP((#13875,#13827,#13872));
#15635=IFCFACEOUTERBOUND(#15634,.T.);
#15636=IFCFACE((#15635));
#15637=IFCPOLYLOOP((#13747,#13827,#13871));
#15638=IFCFACEOUTERBOUND(#15637,.T.);
#15639=IFCFACE((#15638));
#15640=IFCPOLYLOOP((#13875,#13872,#13791));
#15641=IFCFACEOUTERBOUND(#15640,.T.);
#15642=IFCFACE((#15641));
#15643=IFCPOLYLOOP((#13874,#13875,#13828));
#15644=IFCFACEOUTERBOUND(#15643,.T.);
#15645=IFCFACE((#15644));
#15646=IFCPOLYLOOP((#13880,#13829,#13877));
#15647=IFCFACEOUTERBOUND(#15646,.T.);
#15648=IFCFACE((#15647));
#15649=IFCPOLYLOOP((#13880,#13877,#13793));
#15650=IFCFACEOUTERBOUND(#15649,.T.);
#15651=IFCFACE((#15650));
#15652=IFCPOLYLOOP((#13880,#13879,#13792));
#15653=IFCFACEOUTERBOUND(#15652,.T.);
#15654=IFCFACE((#15653));
#15655=IFCPOLYLOOP((#13879,#13880,#13830));
#15656=IFCFACEOUTERBOUND(#15655,.T.);
#15657=IFCFACE((#15656));
#15658=IFCPOLYLOOP((#13842,#13884,#13762));
#15659=IFCFACEOUTERBOUND(#15658,.T.);
#15660=IFCFACE((#15659));
#15661=IFCPOLYLOOP((#13882,#13734,#13831));
#15662=IFCFACEOUTERBOUND(#15661,.T.);
#15663=IFCFACE((#15662));
#15664=IFCPOLYLOOP((#13761,#13884,#13814));
#15665=IFCFACEOUTERBOUND(#15664,.T.);
#15666=IFCFACE((#15665));
#15667=IFCPOLYLOOP((#13885,#13884,#13761));
#15668=IFCFACEOUTERBOUND(#15667,.T.);
#15669=IFCFACE((#15668));
#15670=IFCPOLYLOOP((#13885,#13795,#13832));
#15671=IFCFACEOUTERBOUND(#15670,.T.);
#15672=IFCFACE((#15671));
#15673=IFCPOLYLOOP((#13794,#13886,#13831));
#15674=IFCFACEOUTERBOUND(#15673,.T.);
#15675=IFCFACE((#15674));
#15676=IFCPOLYLOOP((#13864,#13889,#13737));
#15677=IFCFACEOUTERBOUND(#15676,.T.);
#15678=IFCFACE((#15677));
#15679=IFCPOLYLOOP((#13888,#13737,#13833));
#15680=IFCFACEOUTERBOUND(#15679,.T.);
#15681=IFCFACE((#15680));
#15682=IFCPOLYLOOP((#13738,#13889,#13824));
#15683=IFCFACEOUTERBOUND(#15682,.T.);
#15684=IFCFACE((#15683));
#15685=IFCPOLYLOOP((#13839,#13891,#13735));
#15686=IFCFACEOUTERBOUND(#15685,.T.);
#15687=IFCFACE((#15686));
#15688=IFCPOLYLOOP((#13736,#13891,#13811));
#15689=IFCFACEOUTERBOUND(#15688,.T.);
#15690=IFCFACE((#15689));
#15691=IFCPOLYLOOP((#13892,#13891,#13736));
#15692=IFCFACEOUTERBOUND(#15691,.T.);
#15693=IFCFACE((#15692));
#15694=IFCPOLYLOOP((#13892,#13797,#13834));
#15695=IFCFACEOUTERBOUND(#15694,.T.);
#15696=IFCFACE((#15695));
#15697=IFCPOLYLOOP((#13796,#13893,#13833));
#15698=IFCFACEOUTERBOUND(#15697,.T.);
#15699=IFCFACE((#15698));
#15700=IFCPOLYLOOP((#13845,#13895,#13894,#13744));
#15701=IFCFACEOUTERBOUND(#15700,.T.);
#15702=IFCFACE((#15701));
#15703=IFCPOLYLOOP((#13743,#13895,#13817));
#15704=IFCFACEOUTERBOUND(#15703,.T.);
#15705=IFCFACE((#15704));
#15706=IFCPOLYLOOP((#13896,#13895,#13743));
#15707=IFCFACEOUTERBOUND(#15706,.T.);
#15708=IFCFACE((#15707));
#15709=IFCPOLYLOOP((#13896,#13813,#13840));
#15710=IFCFACEOUTERBOUND(#15709,.T.);
#15711=IFCFACE((#15710));
#15712=IFCPOLYLOOP((#13897,#13898,#13843));
#15713=IFCFACEOUTERBOUND(#15712,.T.);
#15714=IFCFACE((#15713));
#15715=IFCPOLYLOOP((#13815,#13902,#13843));
#15716=IFCFACEOUTERBOUND(#15715,.T.);
#15717=IFCFACE((#15716));
#15718=IFCPOLYLOOP((#13901,#13902,#13844));
#15719=IFCFACEOUTERBOUND(#15718,.T.);
#15720=IFCFACE((#15719));
#15721=IFCPOLYLOOP((#13672,#13641,#13767,#13754,#13772,#13741,#13779,#13740,#13805,#13760,#13836,#13759,#13878,#13793,#13877,#13730,#13866,#13788,#13869,#13749,#13873,#13791,#13872,#13748,#13856,#13784,#13859,#13764,#13900,#13815,#13899,#13729,#13851,#13783,#13854,#13745,#13847,#13780,#13845,#13744,#13894,#13763,#13842,#13762,#13883,#13794,#13881,#13731,#13862,#13787,#13864,#13737,#13888,#13797,#13892,#13736,#13838,#13753,#13812,#13752,#13756,#13768,#13728,#13903));
#15722=IFCFACEOUTERBOUND(#15721,.T.);
#15723=IFCFACE((#15722));
#15724=IFCPOLYLOOP((#13903,#13673,#13672));
#15725=IFCFACEOUTERBOUND(#15724,.T.);
#15726=IFCFACE((#15725));
#15727=IFCPOLYLOOP((#13673,#13903,#13385));
#15728=IFCFACEOUTERBOUND(#15727,.T.);
#15729=IFCFACE((#15728));
#15730=IFCPOLYLOOP((#13623,#13385,#13903));
#15731=IFCFACEOUTERBOUND(#15730,.T.);
#15732=IFCFACE((#15731));
#15733=IFCPOLYLOOP((#13385,#13623,#13624));
#15734=IFCFACEOUTERBOUND(#15733,.T.);
#15735=IFCFACE((#15734));
#15736=IFCPOLYLOOP((#13386,#13624,#13672));
#15737=IFCFACEOUTERBOUND(#15736,.T.);
#15738=IFCFACE((#15737));
#15739=IFCPOLYLOOP((#13624,#13386,#13385));
#15740=IFCFACEOUTERBOUND(#15739,.T.);
#15741=IFCFACE((#15740));
#15742=IFCPOLYLOOP((#13625,#13672,#13673));
#15743=IFCFACEOUTERBOUND(#15742,.T.);
#15744=IFCFACE((#15743));
#15745=IFCPOLYLOOP((#13672,#13625,#13386));
#15746=IFCFACEOUTERBOUND(#15745,.T.);
#15747=IFCFACE((#15746));
#15748=IFCPOLYLOOP((#13674,#13673,#13385,#13384));
#15749=IFCFACEOUTERBOUND(#15748,.T.);
#15750=IFCFACE((#15749));
#15751=IFCPOLYLOOP((#13674,#13675,#13626));
#15752=IFCFACEOUTERBOUND(#15751,.T.);
#15753=IFCFACE((#15752));
#15754=IFCPOLYLOOP((#13675,#13674,#13389));
#15755=IFCFACEOUTERBOUND(#15754,.T.);
#15756=IFCFACE((#15755));
#15757=IFCPOLYLOOP((#13384,#13389,#13674));
#15758=IFCFACEOUTERBOUND(#15757,.T.);
#15759=IFCFACE((#15758));
#15760=IFCPOLYLOOP((#13389,#13384,#13387));
#15761=IFCFACEOUTERBOUND(#15760,.T.);
#15762=IFCFACE((#15761));
#15763=IFCPOLYLOOP((#13390,#13387,#13626));
#15764=IFCFACEOUTERBOUND(#15763,.T.);
#15765=IFCFACE((#15764));
#15766=IFCPOLYLOOP((#13387,#13390,#13389));
#15767=IFCFACEOUTERBOUND(#15766,.T.);
#15768=IFCFACE((#15767));
#15769=IFCPOLYLOOP((#13627,#13626,#13675));
#15770=IFCFACEOUTERBOUND(#15769,.T.);
#15771=IFCFACE((#15770));
#15772=IFCPOLYLOOP((#13626,#13627,#13390));
#15773=IFCFACEOUTERBOUND(#15772,.T.);
#15774=IFCFACE((#15773));
#15775=IFCPOLYLOOP((#13676,#13675,#13389,#13388,#13904,#13906));
#15776=IFCFACEOUTERBOUND(#15775,.T.);
#15777=IFCFACE((#15776));
#15778=IFCPOLYLOOP((#13907,#13909,#13905,#13908));
#15779=IFCFACEOUTERBOUND(#15778,.T.);
#15780=IFCFACE((#15779));
#15781=IFCPOLYLOOP((#13908,#13677,#13910));
#15782=IFCFACEOUTERBOUND(#15781,.T.);
#15783=IFCFACE((#15782));
#15784=IFCPOLYLOOP((#13388,#13393,#13911));
#15785=IFCFACEOUTERBOUND(#15784,.T.);
#15786=IFCFACE((#15785));
#15787=IFCPOLYLOOP((#13907,#13904,#13911));
#15788=IFCFACEOUTERBOUND(#15787,.T.);
#15789=IFCFACE((#15788));
#15790=IFCPOLYLOOP((#13676,#13906,#13910));
#15791=IFCFACEOUTERBOUND(#15790,.T.);
#15792=IFCFACE((#15791));
#15793=IFCPOLYLOOP((#13907,#13906,#13904));
#15794=IFCFACEOUTERBOUND(#15793,.T.);
#15795=IFCFACE((#15794));
#15796=IFCPOLYLOOP((#13909,#13907,#13911));
#15797=IFCFACEOUTERBOUND(#15796,.T.);
#15798=IFCFACE((#15797));
#15799=IFCPOLYLOOP((#13908,#13910,#13907));
#15800=IFCFACEOUTERBOUND(#15799,.T.);
#15801=IFCFACE((#15800));
#15802=IFCPOLYLOOP((#13910,#13906,#13907));
#15803=IFCFACEOUTERBOUND(#15802,.T.);
#15804=IFCFACE((#15803));
#15805=IFCPOLYLOOP((#13908,#13678,#13677));
#15806=IFCFACEOUTERBOUND(#15805,.T.);
#15807=IFCFACE((#15806));
#15808=IFCPOLYLOOP((#13393,#13392,#13909));
#15809=IFCFACEOUTERBOUND(#15808,.T.);
#15810=IFCFACE((#15809));
#15811=IFCPOLYLOOP((#13676,#13910,#13677));
#15812=IFCFACEOUTERBOUND(#15811,.T.);
#15813=IFCFACE((#15812));
#15814=IFCPOLYLOOP((#13388,#13911,#13904));
#15815=IFCFACEOUTERBOUND(#15814,.T.);
#15816=IFCFACE((#15815));
#15817=IFCPOLYLOOP((#13909,#13911,#13393));
#15818=IFCFACEOUTERBOUND(#15817,.T.);
#15819=IFCFACE((#15818));
#15820=IFCPOLYLOOP((#13630,#13726,#13774));
#15821=IFCFACEOUTERBOUND(#15820,.T.);
#15822=IFCFACE((#15821));
#15823=IFCPOLYLOOP((#13639,#13395,#13635));
#15824=IFCFACEOUTERBOUND(#15823,.T.);
#15825=IFCFACE((#15824));
#15826=IFCPOLYLOOP((#13726,#13678,#13908));
#15827=IFCFACEOUTERBOUND(#15826,.T.);
#15828=IFCFACE((#15827));
#15829=IFCPOLYLOOP((#13726,#13630,#13691));
#15830=IFCFACEOUTERBOUND(#15829,.T.);
#15831=IFCFACE((#15830));
#15832=IFCPOLYLOOP((#13395,#13446,#13494));
#15833=IFCFACEOUTERBOUND(#15832,.T.);
#15834=IFCFACE((#15833));
#15835=IFCPOLYLOOP((#13395,#13639,#13653));
#15836=IFCFACEOUTERBOUND(#15835,.T.);
#15837=IFCFACE((#15836));
#15838=IFCPOLYLOOP((#13392,#13445,#13923));
#15839=IFCFACEOUTERBOUND(#15838,.T.);
#15840=IFCFACE((#15839));
#15841=IFCPOLYLOOP((#13445,#13392,#13408));
#15842=IFCFACEOUTERBOUND(#15841,.T.);
#15843=IFCFACE((#15842));
#15844=IFCPOLYLOOP((#13630,#13774,#13757));
#15845=IFCFACEOUTERBOUND(#15844,.T.);
#15846=IFCFACE((#15845));
#15847=IFCPOLYLOOP((#13630,#13757,#13816));
#15848=IFCFACEOUTERBOUND(#15847,.T.);
#15849=IFCFACE((#15848));
#15850=IFCPOLYLOOP((#13630,#13816,#13751));
#15851=IFCFACEOUTERBOUND(#15850,.T.);
#15852=IFCFACE((#15851));
#15853=IFCPOLYLOOP((#13630,#13751,#13809));
#15854=IFCFACEOUTERBOUND(#15853,.T.);
#15855=IFCFACE((#15854));
#15856=IFCPOLYLOOP((#13630,#13809,#13808));
#15857=IFCFACEOUTERBOUND(#15856,.T.);
#15858=IFCFACE((#15857));
#15859=IFCPOLYLOOP((#13630,#13808,#13839));
#15860=IFCFACEOUTERBOUND(#15859,.T.);
#15861=IFCFACE((#15860));
#15862=IFCPOLYLOOP((#13630,#13839,#13735));
#15863=IFCFACEOUTERBOUND(#15862,.T.);
#15864=IFCFACE((#15863));
#15865=IFCPOLYLOOP((#13630,#13735,#13890));
#15866=IFCFACEOUTERBOUND(#15865,.T.);
#15867=IFCFACE((#15866));
#15868=IFCPOLYLOOP((#13630,#13890,#13796));
#15869=IFCFACEOUTERBOUND(#15868,.T.);
#15870=IFCFACE((#15869));
#15871=IFCPOLYLOOP((#13630,#13796,#13887));
#15872=IFCFACEOUTERBOUND(#15871,.T.);
#15873=IFCFACE((#15872));
#15874=IFCPOLYLOOP((#13630,#13887,#13738));
#15875=IFCFACEOUTERBOUND(#15874,.T.);
#15876=IFCFACE((#15875));
#15877=IFCPOLYLOOP((#13630,#13738,#13863));
#15878=IFCFACEOUTERBOUND(#15877,.T.);
#15879=IFCFACE((#15878));
#15880=IFCPOLYLOOP((#13630,#13863,#13786));
#15881=IFCFACEOUTERBOUND(#15880,.T.);
#15882=IFCFACE((#15881));
#15883=IFCPOLYLOOP((#13630,#13786,#13861));
#15884=IFCFACEOUTERBOUND(#15883,.T.);
#15885=IFCFACE((#15884));
#15886=IFCPOLYLOOP((#13630,#13861,#13734));
#15887=IFCFACEOUTERBOUND(#15886,.T.);
#15888=IFCFACE((#15887));
#15889=IFCPOLYLOOP((#13630,#13734,#13882));
#15890=IFCFACEOUTERBOUND(#15889,.T.);
#15891=IFCFACE((#15890));
#15892=IFCPOLYLOOP((#13630,#13882,#13795));
#15893=IFCFACEOUTERBOUND(#15892,.T.);
#15894=IFCFACE((#15893));
#15895=IFCPOLYLOOP((#13630,#13795,#13885));
#15896=IFCFACEOUTERBOUND(#15895,.T.);
#15897=IFCFACE((#15896));
#15898=IFCPOLYLOOP((#13630,#13885,#13761));
#15899=IFCFACEOUTERBOUND(#15898,.T.);
#15900=IFCFACE((#15899));
#15901=IFCPOLYLOOP((#13630,#13761,#13841));
#15902=IFCFACEOUTERBOUND(#15901,.T.);
#15903=IFCFACE((#15902));
#15904=IFCPOLYLOOP((#13630,#13841,#13813));
#15905=IFCFACEOUTERBOUND(#15904,.T.);
#15906=IFCFACE((#15905));
#15907=IFCPOLYLOOP((#13630,#13813,#13896));
#15908=IFCFACEOUTERBOUND(#15907,.T.);
#15909=IFCFACE((#15908));
#15910=IFCPOLYLOOP((#13630,#13896,#13743));
#15911=IFCFACEOUTERBOUND(#15910,.T.);
#15912=IFCFACE((#15911));
#15913=IFCPOLYLOOP((#13630,#13743,#13846));
#15914=IFCFACEOUTERBOUND(#15913,.T.);
#15915=IFCFACE((#15914));
#15916=IFCPOLYLOOP((#13630,#13846,#13781));
#15917=IFCFACEOUTERBOUND(#15916,.T.);
#15918=IFCFACE((#15917));
#15919=IFCPOLYLOOP((#13630,#13781,#13848));
#15920=IFCFACEOUTERBOUND(#15919,.T.);
#15921=IFCFACE((#15920));
#15922=IFCPOLYLOOP((#13630,#13848,#13746));
#15923=IFCFACEOUTERBOUND(#15922,.T.);
#15924=IFCFACE((#15923));
#15925=IFCPOLYLOOP((#13630,#13746,#13852));
#15926=IFCFACEOUTERBOUND(#15925,.T.);
#15927=IFCFACE((#15926));
#15928=IFCPOLYLOOP((#13630,#13852,#13782));
#15929=IFCFACEOUTERBOUND(#15928,.T.);
#15930=IFCFACE((#15929));
#15931=IFCPOLYLOOP((#13630,#13782,#13850));
#15932=IFCFACEOUTERBOUND(#15931,.T.);
#15933=IFCFACE((#15932));
#15934=IFCPOLYLOOP((#13630,#13850,#13732));
#15935=IFCFACEOUTERBOUND(#15934,.T.);
#15936=IFCFACE((#15935));
#15937=IFCPOLYLOOP((#13630,#13732,#13897));
#15938=IFCFACEOUTERBOUND(#15937,.T.);
#15939=IFCFACE((#15938));
#15940=IFCPOLYLOOP((#13630,#13897,#13766));
#15941=IFCFACEOUTERBOUND(#15940,.T.);
#15942=IFCFACE((#15941));
#15943=IFCPOLYLOOP((#13630,#13766,#13901));
#15944=IFCFACEOUTERBOUND(#15943,.T.);
#15945=IFCFACE((#15944));
#15946=IFCPOLYLOOP((#13630,#13901,#13765));
#15947=IFCFACEOUTERBOUND(#15946,.T.);
#15948=IFCFACE((#15947));
#15949=IFCPOLYLOOP((#13630,#13765,#13858));
#15950=IFCFACEOUTERBOUND(#15949,.T.);
#15951=IFCFACE((#15950));
#15952=IFCPOLYLOOP((#13630,#13858,#13785));
#15953=IFCFACEOUTERBOUND(#15952,.T.);
#15954=IFCFACE((#15953));
#15955=IFCPOLYLOOP((#13630,#13785,#13857));
#15956=IFCFACEOUTERBOUND(#15955,.T.);
#15957=IFCFACE((#15956));
#15958=IFCPOLYLOOP((#13630,#13857,#13747));
#15959=IFCFACEOUTERBOUND(#15958,.T.);
#15960=IFCFACE((#15959));
#15961=IFCPOLYLOOP((#13630,#13747,#13871));
#15962=IFCFACEOUTERBOUND(#15961,.T.);
#15963=IFCFACE((#15962));
#15964=IFCPOLYLOOP((#13630,#13871,#13790));
#15965=IFCFACEOUTERBOUND(#15964,.T.);
#15966=IFCFACE((#15965));
#15967=IFCPOLYLOOP((#13630,#13790,#13874));
#15968=IFCFACEOUTERBOUND(#15967,.T.);
#15969=IFCFACE((#15968));
#15970=IFCPOLYLOOP((#13630,#13874,#13750));
#15971=IFCFACEOUTERBOUND(#15970,.T.);
#15972=IFCFACE((#15971));
#15973=IFCPOLYLOOP((#13630,#13750,#13868));
#15974=IFCFACEOUTERBOUND(#15973,.T.);
#15975=IFCFACE((#15974));
#15976=IFCPOLYLOOP((#13630,#13868,#13789));
#15977=IFCFACEOUTERBOUND(#15976,.T.);
#15978=IFCFACE((#15977));
#15979=IFCPOLYLOOP((#13630,#13789,#13867));
#15980=IFCFACEOUTERBOUND(#15979,.T.);
#15981=IFCFACE((#15980));
#15982=IFCPOLYLOOP((#13630,#13867,#13733));
#15983=IFCFACEOUTERBOUND(#15982,.T.);
#15984=IFCFACE((#15983));
#15985=IFCPOLYLOOP((#13630,#13733,#13876));
#15986=IFCFACEOUTERBOUND(#15985,.T.);
#15987=IFCFACE((#15986));
#15988=IFCPOLYLOOP((#13630,#13876,#13792));
#15989=IFCFACEOUTERBOUND(#15988,.T.);
#15990=IFCFACE((#15989));
#15991=IFCPOLYLOOP((#13630,#13792,#13879));
#15992=IFCFACEOUTERBOUND(#15991,.T.);
#15993=IFCFACE((#15992));
#15994=IFCPOLYLOOP((#13630,#13879,#13758));
#15995=IFCFACEOUTERBOUND(#15994,.T.);
#15996=IFCFACE((#15995));
#15997=IFCPOLYLOOP((#13630,#13758,#13837));
#15998=IFCFACEOUTERBOUND(#15997,.T.);
#15999=IFCFACE((#15998));
#16000=IFCPOLYLOOP((#13630,#13837,#13801));
#16001=IFCFACEOUTERBOUND(#16000,.T.);
#16002=IFCFACE((#16001));
#16003=IFCPOLYLOOP((#13630,#13801,#13802));
#16004=IFCFACEOUTERBOUND(#16003,.T.);
#16005=IFCFACE((#16004));
#16006=IFCPOLYLOOP((#13630,#13802,#13739));
#16007=IFCFACEOUTERBOUND(#16006,.T.);
#16008=IFCFACE((#16007));
#16009=IFCPOLYLOOP((#13630,#13739,#13835));
#16010=IFCFACEOUTERBOUND(#16009,.T.);
#16011=IFCFACE((#16010));
#16012=IFCPOLYLOOP((#13630,#13835,#13777));
#16013=IFCFACEOUTERBOUND(#16012,.T.);
#16014=IFCFACE((#16013));
#16015=IFCPOLYLOOP((#13630,#13777,#13799));
#16016=IFCFACEOUTERBOUND(#16015,.T.);
#16017=IFCFACE((#16016));
#16018=IFCPOLYLOOP((#13630,#13799,#13742));
#16019=IFCFACEOUTERBOUND(#16018,.T.);
#16020=IFCFACE((#16019));
#16021=IFCPOLYLOOP((#13630,#13742,#13771));
#16022=IFCFACEOUTERBOUND(#16021,.T.);
#16023=IFCFACE((#16022));
#16024=IFCPOLYLOOP((#13630,#13771,#13755));
#16025=IFCFACEOUTERBOUND(#16024,.T.);
#16026=IFCFACE((#16025));
#16027=IFCPOLYLOOP((#13630,#13755,#13769));
#16028=IFCFACEOUTERBOUND(#16027,.T.);
#16029=IFCFACE((#16028));
#16030=IFCPOLYLOOP((#13630,#13769,#13639));
#16031=IFCFACEOUTERBOUND(#16030,.T.);
#16032=IFCFACE((#16031));
#16033=IFCPOLYLOOP((#13639,#13635,#13632));
#16034=IFCFACEOUTERBOUND(#16033,.T.);
#16035=IFCFACE((#16034));
#16036=IFCPOLYLOOP((#13639,#13632,#13636));
#16037=IFCFACEOUTERBOUND(#16036,.T.);
#16038=IFCFACE((#16037));
#16039=IFCPOLYLOOP((#13639,#13636,#13630));
#16040=IFCFACEOUTERBOUND(#16039,.T.);
#16041=IFCFACE((#16040));
#16042=IFCPOLYLOOP((#13726,#13908,#13905));
#16043=IFCFACEOUTERBOUND(#16042,.T.);
#16044=IFCFACE((#16043));
#16045=IFCPOLYLOOP((#13726,#13905,#13909));
#16046=IFCFACEOUTERBOUND(#16045,.T.);
#16047=IFCFACE((#16046));
#16048=IFCPOLYLOOP((#13726,#13909,#13392));
#16049=IFCFACEOUTERBOUND(#16048,.T.);
#16050=IFCFACE((#16049));
#16051=IFCPOLYLOOP((#13726,#13691,#13688));
#16052=IFCFACEOUTERBOUND(#16051,.T.);
#16053=IFCFACE((#16052));
#16054=IFCPOLYLOOP((#13726,#13688,#13700));
#16055=IFCFACEOUTERBOUND(#16054,.T.);
#16056=IFCFACE((#16055));
#16057=IFCPOLYLOOP((#13726,#13700,#13680));
#16058=IFCFACEOUTERBOUND(#16057,.T.);
#16059=IFCFACE((#16058));
#16060=IFCPOLYLOOP((#13726,#13680,#13694));
#16061=IFCFACEOUTERBOUND(#16060,.T.);
#16062=IFCFACE((#16061));
#16063=IFCPOLYLOOP((#13726,#13694,#13693));
#16064=IFCFACEOUTERBOUND(#16063,.T.);
#16065=IFCFACE((#16064));
#16066=IFCPOLYLOOP((#13726,#13693,#13718));
#16067=IFCFACEOUTERBOUND(#16066,.T.);
#16068=IFCFACE((#16067));
#16069=IFCPOLYLOOP((#13726,#13718,#13679));
#16070=IFCFACEOUTERBOUND(#16069,.T.);
#16071=IFCFACE((#16070));
#16072=IFCPOLYLOOP((#13726,#13679,#13706));
#16073=IFCFACEOUTERBOUND(#16072,.T.);
#16074=IFCFACE((#16073));
#16075=IFCPOLYLOOP((#13726,#13706,#13695));
#16076=IFCFACEOUTERBOUND(#16075,.T.);
#16077=IFCFACE((#16076));
#16078=IFCPOLYLOOP((#13726,#13695,#13701));
#16079=IFCFACEOUTERBOUND(#16078,.T.);
#16080=IFCFACE((#16079));
#16081=IFCPOLYLOOP((#13726,#13701,#13681));
#16082=IFCFACEOUTERBOUND(#16081,.T.);
#16083=IFCFACE((#16082));
#16084=IFCPOLYLOOP((#13726,#13681,#13708));
#16085=IFCFACEOUTERBOUND(#16084,.T.);
#16086=IFCFACE((#16085));
#16087=IFCPOLYLOOP((#13726,#13708,#13685));
#16088=IFCFACEOUTERBOUND(#16087,.T.);
#16089=IFCFACE((#16088));
#16090=IFCPOLYLOOP((#13726,#13685,#13698));
#16091=IFCFACEOUTERBOUND(#16090,.T.);
#16092=IFCFACE((#16091));
#16093=IFCPOLYLOOP((#13726,#13698,#13678));
#16094=IFCFACEOUTERBOUND(#16093,.T.);
#16095=IFCFACE((#16094));
#16096=IFCPOLYLOOP((#13395,#13494,#13477));
#16097=IFCFACEOUTERBOUND(#16096,.T.);
#16098=IFCFACE((#16097));
#16099=IFCPOLYLOOP((#13395,#13477,#13536));
#16100=IFCFACEOUTERBOUND(#16099,.T.);
#16101=IFCFACE((#16100));
#16102=IFCPOLYLOOP((#13395,#13536,#13471));
#16103=IFCFACEOUTERBOUND(#16102,.T.);
#16104=IFCFACE((#16103));
#16105=IFCPOLYLOOP((#13395,#13471,#13529));
#16106=IFCFACEOUTERBOUND(#16105,.T.);
#16107=IFCFACE((#16106));
#16108=IFCPOLYLOOP((#13395,#13529,#13528));
#16109=IFCFACEOUTERBOUND(#16108,.T.);
#16110=IFCFACE((#16109));
#16111=IFCPOLYLOOP((#13395,#13528,#13559));
#16112=IFCFACEOUTERBOUND(#16111,.T.);
#16113=IFCFACE((#16112));
#16114=IFCPOLYLOOP((#13395,#13559,#13455));
#16115=IFCFACEOUTERBOUND(#16114,.T.);
#16116=IFCFACE((#16115));
#16117=IFCPOLYLOOP((#13395,#13455,#13610));
#16118=IFCFACEOUTERBOUND(#16117,.T.);
#16119=IFCFACE((#16118));
#16120=IFCPOLYLOOP((#13395,#13610,#13516));
#16121=IFCFACEOUTERBOUND(#16120,.T.);
#16122=IFCFACE((#16121));
#16123=IFCPOLYLOOP((#13395,#13516,#13607));
#16124=IFCFACEOUTERBOUND(#16123,.T.);
#16125=IFCFACE((#16124));
#16126=IFCPOLYLOOP((#13395,#13607,#13458));
#16127=IFCFACEOUTERBOUND(#16126,.T.);
#16128=IFCFACE((#16127));
#16129=IFCPOLYLOOP((#13395,#13458,#13583));
#16130=IFCFACEOUTERBOUND(#16129,.T.);
#16131=IFCFACE((#16130));
#16132=IFCPOLYLOOP((#13395,#13583,#13506));
#16133=IFCFACEOUTERBOUND(#16132,.T.);
#16134=IFCFACE((#16133));
#16135=IFCPOLYLOOP((#13395,#13506,#13581));
#16136=IFCFACEOUTERBOUND(#16135,.T.);
#16137=IFCFACE((#16136));
#16138=IFCPOLYLOOP((#13395,#13581,#13454));
#16139=IFCFACEOUTERBOUND(#16138,.T.);
#16140=IFCFACE((#16139));
#16141=IFCPOLYLOOP((#13395,#13454,#13602));
#16142=IFCFACEOUTERBOUND(#16141,.T.);
#16143=IFCFACE((#16142));
#16144=IFCPOLYLOOP((#13395,#13602,#13515));
#16145=IFCFACEOUTERBOUND(#16144,.T.);
#16146=IFCFACE((#16145));
#16147=IFCPOLYLOOP((#13395,#13515,#13605));
#16148=IFCFACEOUTERBOUND(#16147,.T.);
#16149=IFCFACE((#16148));
#16150=IFCPOLYLOOP((#13395,#13605,#13481));
#16151=IFCFACEOUTERBOUND(#16150,.T.);
#16152=IFCFACE((#16151));
#16153=IFCPOLYLOOP((#13395,#13481,#13561));
#16154=IFCFACEOUTERBOUND(#16153,.T.);
#16155=IFCFACE((#16154));
#16156=IFCPOLYLOOP((#13395,#13561,#13533));
#16157=IFCFACEOUTERBOUND(#16156,.T.);
#16158=IFCFACE((#16157));
#16159=IFCPOLYLOOP((#13395,#13533,#13616));
#16160=IFCFACEOUTERBOUND(#16159,.T.);
#16161=IFCFACE((#16160));
#16162=IFCPOLYLOOP((#13395,#13616,#13463));
#16163=IFCFACEOUTERBOUND(#16162,.T.);
#16164=IFCFACE((#16163));
#16165=IFCPOLYLOOP((#13395,#13463,#13566));
#16166=IFCFACEOUTERBOUND(#16165,.T.);
#16167=IFCFACE((#16166));
#16168=IFCPOLYLOOP((#13395,#13566,#13501));
#16169=IFCFACEOUTERBOUND(#16168,.T.);
#16170=IFCFACE((#16169));
#16171=IFCPOLYLOOP((#13395,#13501,#13568));
#16172=IFCFACEOUTERBOUND(#16171,.T.);
#16173=IFCFACE((#16172));
#16174=IFCPOLYLOOP((#13395,#13568,#13466));
#16175=IFCFACEOUTERBOUND(#16174,.T.);
#16176=IFCFACE((#16175));
#16177=IFCPOLYLOOP((#13395,#13466,#13572));
#16178=IFCFACEOUTERBOUND(#16177,.T.);
#16179=IFCFACE((#16178));
#16180=IFCPOLYLOOP((#13395,#13572,#13502));
#16181=IFCFACEOUTERBOUND(#16180,.T.);
#16182=IFCFACE((#16181));
#16183=IFCPOLYLOOP((#13395,#13502,#13570));
#16184=IFCFACEOUTERBOUND(#16183,.T.);
#16185=IFCFACE((#16184));
#16186=IFCPOLYLOOP((#13395,#13570,#13452));
#16187=IFCFACEOUTERBOUND(#16186,.T.);
#16188=IFCFACE((#16187));
#16189=IFCPOLYLOOP((#13395,#13452,#13617));
#16190=IFCFACEOUTERBOUND(#16189,.T.);
#16191=IFCFACE((#16190));
#16192=IFCPOLYLOOP((#13395,#13617,#13486));
#16193=IFCFACEOUTERBOUND(#16192,.T.);
#16194=IFCFACE((#16193));
#16195=IFCPOLYLOOP((#13395,#13486,#13621));
#16196=IFCFACEOUTERBOUND(#16195,.T.);
#16197=IFCFACE((#16196));
#16198=IFCPOLYLOOP((#13395,#13621,#13485));
#16199=IFCFACEOUTERBOUND(#16198,.T.);
#16200=IFCFACE((#16199));
#16201=IFCPOLYLOOP((#13395,#13485,#13578));
#16202=IFCFACEOUTERBOUND(#16201,.T.);
#16203=IFCFACE((#16202));
#16204=IFCPOLYLOOP((#13395,#13578,#13505));
#16205=IFCFACEOUTERBOUND(#16204,.T.);
#16206=IFCFACE((#16205));
#16207=IFCPOLYLOOP((#13395,#13505,#13577));
#16208=IFCFACEOUTERBOUND(#16207,.T.);
#16209=IFCFACE((#16208));
#16210=IFCPOLYLOOP((#13395,#13577,#13467));
#16211=IFCFACEOUTERBOUND(#16210,.T.);
#16212=IFCFACE((#16211));
#16213=IFCPOLYLOOP((#13395,#13467,#13591));
#16214=IFCFACEOUTERBOUND(#16213,.T.);
#16215=IFCFACE((#16214));
#16216=IFCPOLYLOOP((#13395,#13591,#13510));
#16217=IFCFACEOUTERBOUND(#16216,.T.);
#16218=IFCFACE((#16217));
#16219=IFCPOLYLOOP((#13395,#13510,#13594));
#16220=IFCFACEOUTERBOUND(#16219,.T.);
#16221=IFCFACE((#16220));
#16222=IFCPOLYLOOP((#13395,#13594,#13470));
#16223=IFCFACEOUTERBOUND(#16222,.T.);
#16224=IFCFACE((#16223));
#16225=IFCPOLYLOOP((#13395,#13470,#13588));
#16226=IFCFACEOUTERBOUND(#16225,.T.);
#16227=IFCFACE((#16226));
#16228=IFCPOLYLOOP((#13395,#13588,#13509));
#16229=IFCFACEOUTERBOUND(#16228,.T.);
#16230=IFCFACE((#16229));
#16231=IFCPOLYLOOP((#13395,#13509,#13587));
#16232=IFCFACEOUTERBOUND(#16231,.T.);
#16233=IFCFACE((#16232));
#16234=IFCPOLYLOOP((#13395,#13587,#13453));
#16235=IFCFACEOUTERBOUND(#16234,.T.);
#16236=IFCFACE((#16235));
#16237=IFCPOLYLOOP((#13395,#13453,#13596));
#16238=IFCFACEOUTERBOUND(#16237,.T.);
#16239=IFCFACE((#16238));
#16240=IFCPOLYLOOP((#13395,#13596,#13512));
#16241=IFCFACEOUTERBOUND(#16240,.T.);
#16242=IFCFACE((#16241));
#16243=IFCPOLYLOOP((#13395,#13512,#13599));
#16244=IFCFACEOUTERBOUND(#16243,.T.);
#16245=IFCFACE((#16244));
#16246=IFCPOLYLOOP((#13395,#13599,#13478));
#16247=IFCFACEOUTERBOUND(#16246,.T.);
#16248=IFCFACE((#16247));
#16249=IFCPOLYLOOP((#13395,#13478,#13557));
#16250=IFCFACEOUTERBOUND(#16249,.T.);
#16251=IFCFACE((#16250));
#16252=IFCPOLYLOOP((#13395,#13557,#13521));
#16253=IFCFACEOUTERBOUND(#16252,.T.);
#16254=IFCFACE((#16253));
#16255=IFCPOLYLOOP((#13395,#13521,#13522));
#16256=IFCFACEOUTERBOUND(#16255,.T.);
#16257=IFCFACE((#16256));
#16258=IFCPOLYLOOP((#13395,#13522,#13459));
#16259=IFCFACEOUTERBOUND(#16258,.T.);
#16260=IFCFACE((#16259));
#16261=IFCPOLYLOOP((#13395,#13459,#13555));
#16262=IFCFACEOUTERBOUND(#16261,.T.);
#16263=IFCFACE((#16262));
#16264=IFCPOLYLOOP((#13395,#13555,#13497));
#16265=IFCFACEOUTERBOUND(#16264,.T.);
#16266=IFCFACE((#16265));
#16267=IFCPOLYLOOP((#13395,#13497,#13519));
#16268=IFCFACEOUTERBOUND(#16267,.T.);
#16269=IFCFACE((#16268));
#16270=IFCPOLYLOOP((#13395,#13519,#13462));
#16271=IFCFACEOUTERBOUND(#16270,.T.);
#16272=IFCFACE((#16271));
#16273=IFCPOLYLOOP((#13395,#13462,#13491));
#16274=IFCFACEOUTERBOUND(#16273,.T.);
#16275=IFCFACE((#16274));
#16276=IFCPOLYLOOP((#13395,#13491,#13475));
#16277=IFCFACEOUTERBOUND(#16276,.T.);
#16278=IFCFACE((#16277));
#16279=IFCPOLYLOOP((#13395,#13475,#13489));
#16280=IFCFACEOUTERBOUND(#16279,.T.);
#16281=IFCFACE((#16280));
#16282=IFCPOLYLOOP((#13395,#13489,#13445));
#16283=IFCFACEOUTERBOUND(#16282,.T.);
#16284=IFCFACE((#16283));
#16285=IFCPOLYLOOP((#13395,#13653,#13648));
#16286=IFCFACEOUTERBOUND(#16285,.T.);
#16287=IFCFACE((#16286));
#16288=IFCPOLYLOOP((#13395,#13648,#13666));
#16289=IFCFACEOUTERBOUND(#16288,.T.);
#16290=IFCFACE((#16289));
#16291=IFCPOLYLOOP((#13395,#13666,#13642));
#16292=IFCFACEOUTERBOUND(#16291,.T.);
#16293=IFCFACE((#16292));
#16294=IFCPOLYLOOP((#13395,#13642,#13661));
#16295=IFCFACEOUTERBOUND(#16294,.T.);
#16296=IFCFACE((#16295));
#16297=IFCPOLYLOOP((#13395,#13661,#13647));
#16298=IFCFACEOUTERBOUND(#16297,.T.);
#16299=IFCFACE((#16298));
#16300=IFCPOLYLOOP((#13395,#13647,#13670));
#16301=IFCFACEOUTERBOUND(#16300,.T.);
#16302=IFCFACE((#16301));
#16303=IFCPOLYLOOP((#13395,#13670,#13646));
#16304=IFCFACEOUTERBOUND(#16303,.T.);
#16305=IFCFACE((#16304));
#16306=IFCPOLYLOOP((#13395,#13646,#13651));
#16307=IFCFACEOUTERBOUND(#16306,.T.);
#16308=IFCFACE((#16307));
#16309=IFCPOLYLOOP((#13395,#13651,#13650));
#16310=IFCFACEOUTERBOUND(#16309,.T.);
#16311=IFCFACE((#16310));
#16312=IFCPOLYLOOP((#13395,#13650,#13657));
#16313=IFCFACEOUTERBOUND(#16312,.T.);
#16314=IFCFACE((#16313));
#16315=IFCPOLYLOOP((#13395,#13657,#13446));
#16316=IFCFACEOUTERBOUND(#16315,.T.);
#16317=IFCFACE((#16316));
#16318=IFCPOLYLOOP((#13392,#13923,#13918));
#16319=IFCFACEOUTERBOUND(#16318,.T.);
#16320=IFCFACE((#16319));
#16321=IFCPOLYLOOP((#13392,#13918,#13936));
#16322=IFCFACEOUTERBOUND(#16321,.T.);
#16323=IFCFACE((#16322));
#16324=IFCPOLYLOOP((#13392,#13936,#13912));
#16325=IFCFACEOUTERBOUND(#16324,.T.);
#16326=IFCFACE((#16325));
#16327=IFCPOLYLOOP((#13392,#13912,#13931));
#16328=IFCFACEOUTERBOUND(#16327,.T.);
#16329=IFCFACE((#16328));
#16330=IFCPOLYLOOP((#13392,#13931,#13917));
#16331=IFCFACEOUTERBOUND(#16330,.T.);
#16332=IFCFACE((#16331));
#16333=IFCPOLYLOOP((#13392,#13917,#13940));
#16334=IFCFACEOUTERBOUND(#16333,.T.);
#16335=IFCFACE((#16334));
#16336=IFCPOLYLOOP((#13392,#13940,#13916));
#16337=IFCFACEOUTERBOUND(#16336,.T.);
#16338=IFCFACE((#16337));
#16339=IFCPOLYLOOP((#13392,#13916,#13921));
#16340=IFCFACEOUTERBOUND(#16339,.T.);
#16341=IFCFACE((#16340));
#16342=IFCPOLYLOOP((#13392,#13921,#13920));
#16343=IFCFACEOUTERBOUND(#16342,.T.);
#16344=IFCFACE((#16343));
#16345=IFCPOLYLOOP((#13392,#13920,#13927));
#16346=IFCFACEOUTERBOUND(#16345,.T.);
#16347=IFCFACE((#16346));
#16348=IFCPOLYLOOP((#13392,#13927,#13726));
#16349=IFCFACEOUTERBOUND(#16348,.T.);
#16350=IFCFACE((#16349));
#16351=IFCPOLYLOOP((#13445,#13408,#13405));
#16352=IFCFACEOUTERBOUND(#16351,.T.);
#16353=IFCFACE((#16352));
#16354=IFCPOLYLOOP((#13445,#13405,#13417));
#16355=IFCFACEOUTERBOUND(#16354,.T.);
#16356=IFCFACE((#16355));
#16357=IFCPOLYLOOP((#13445,#13417,#13397));
#16358=IFCFACEOUTERBOUND(#16357,.T.);
#16359=IFCFACE((#16358));
#16360=IFCPOLYLOOP((#13445,#13397,#13411));
#16361=IFCFACEOUTERBOUND(#16360,.T.);
#16362=IFCFACE((#16361));
#16363=IFCPOLYLOOP((#13445,#13411,#13410));
#16364=IFCFACEOUTERBOUND(#16363,.T.);
#16365=IFCFACE((#16364));
#16366=IFCPOLYLOOP((#13445,#13410,#13435));
#16367=IFCFACEOUTERBOUND(#16366,.T.);
#16368=IFCFACE((#16367));
#16369=IFCPOLYLOOP((#13445,#13435,#13396));
#16370=IFCFACEOUTERBOUND(#16369,.T.);
#16371=IFCFACE((#16370));
#16372=IFCPOLYLOOP((#13445,#13396,#13423));
#16373=IFCFACEOUTERBOUND(#16372,.T.);
#16374=IFCFACE((#16373));
#16375=IFCPOLYLOOP((#13445,#13423,#13412));
#16376=IFCFACEOUTERBOUND(#16375,.T.);
#16377=IFCFACE((#16376));
#16378=IFCPOLYLOOP((#13445,#13412,#13418));
#16379=IFCFACEOUTERBOUND(#16378,.T.);
#16380=IFCFACE((#16379));
#16381=IFCPOLYLOOP((#13445,#13418,#13398));
#16382=IFCFACEOUTERBOUND(#16381,.T.);
#16383=IFCFACE((#16382));
#16384=IFCPOLYLOOP((#13445,#13398,#13425));
#16385=IFCFACEOUTERBOUND(#16384,.T.);
#16386=IFCFACE((#16385));
#16387=IFCPOLYLOOP((#13445,#13425,#13402));
#16388=IFCFACEOUTERBOUND(#16387,.T.);
#16389=IFCFACE((#16388));
#16390=IFCPOLYLOOP((#13445,#13402,#13415));
#16391=IFCFACEOUTERBOUND(#16390,.T.);
#16392=IFCFACE((#16391));
#16393=IFCPOLYLOOP((#13445,#13415,#13395));
#16394=IFCFACEOUTERBOUND(#16393,.T.);
#16395=IFCFACE((#16394));
#16396=IFCPOLYLOOP((#13919,#13924,#13928));
#16397=IFCFACEOUTERBOUND(#16396,.T.);
#16398=IFCFACE((#16397));
#16399=IFCPOLYLOOP((#13940,#13939,#13935));
#16400=IFCFACEOUTERBOUND(#16399,.T.);
#16401=IFCFACE((#16400));
#16402=IFCPOLYLOOP((#13929,#13941,#13922));
#16403=IFCFACEOUTERBOUND(#16402,.T.);
#16404=IFCFACE((#16403));
#16405=IFCPOLYLOOP((#13935,#13914,#13933));
#16406=IFCFACEOUTERBOUND(#16405,.T.);
#16407=IFCFACE((#16406));
#16408=IFCPOLYLOOP((#13915,#13929,#13922));
#16409=IFCFACEOUTERBOUND(#16408,.T.);
#16410=IFCFACE((#16409));
#16411=IFCPOLYLOOP((#13932,#13936,#13929));
#16412=IFCFACEOUTERBOUND(#16411,.T.);
#16413=IFCFACE((#16412));
#16414=IFCPOLYLOOP((#13444,#13926,#13941));
#16415=IFCFACEOUTERBOUND(#16414,.T.);
#16416=IFCFACE((#16415));
#16417=IFCPOLYLOOP((#13925,#13933,#13914));
#16418=IFCFACEOUTERBOUND(#16417,.T.);
#16419=IFCFACE((#16418));
#16420=IFCPOLYLOOP((#13916,#13933,#13921));
#16421=IFCFACEOUTERBOUND(#16420,.T.);
#16422=IFCFACE((#16421));
#16423=IFCPOLYLOOP((#13913,#13939,#13934));
#16424=IFCFACEOUTERBOUND(#16423,.T.);
#16425=IFCFACE((#16424));
#16426=IFCPOLYLOOP((#13932,#13929,#13915));
#16427=IFCFACEOUTERBOUND(#16426,.T.);
#16428=IFCFACE((#16427));
#16429=IFCPOLYLOOP((#13919,#13928,#13937));
#16430=IFCFACEOUTERBOUND(#16429,.T.);
#16431=IFCFACE((#16430));
#16432=IFCPOLYLOOP((#13920,#13921,#13937));
#16433=IFCFACEOUTERBOUND(#16432,.T.);
#16434=IFCFACE((#16433));
#16435=IFCPOLYLOOP((#13921,#13933,#13937));
#16436=IFCFACEOUTERBOUND(#16435,.T.);
#16437=IFCFACE((#16436));
#16438=IFCPOLYLOOP((#13445,#13444,#13941));
#16439=IFCFACEOUTERBOUND(#16438,.T.);
#16440=IFCFACE((#16439));
#16441=IFCPOLYLOOP((#13727,#13726,#13927));
#16442=IFCFACEOUTERBOUND(#16441,.T.);
#16443=IFCFACE((#16442));
#16444=IFCPOLYLOOP((#13920,#13928,#13927));
#16445=IFCFACEOUTERBOUND(#16444,.T.);
#16446=IFCFACE((#16445));
#16447=IFCPOLYLOOP((#13924,#13728,#13727));
#16448=IFCFACEOUTERBOUND(#16447,.T.);
#16449=IFCFACE((#16448));
#16450=IFCPOLYLOOP((#13444,#13443,#13926));
#16451=IFCFACEOUTERBOUND(#16450,.T.);
#16452=IFCFACE((#16451));
#16453=IFCPOLYLOOP((#13929,#13918,#13941));
#16454=IFCFACEOUTERBOUND(#16453,.T.);
#16455=IFCFACE((#16454));
#16456=IFCPOLYLOOP((#13927,#13928,#13727));
#16457=IFCFACEOUTERBOUND(#16456,.T.);
#16458=IFCFACE((#16457));
#16459=IFCPOLYLOOP((#13727,#13928,#13924));
#16460=IFCFACEOUTERBOUND(#16459,.T.);
#16461=IFCFACE((#16460));
#16462=IFCPOLYLOOP((#13918,#13929,#13936));
#16463=IFCFACEOUTERBOUND(#16462,.T.);
#16464=IFCFACE((#16463));
#16465=IFCPOLYLOOP((#13941,#13918,#13923,#13445));
#16466=IFCFACEOUTERBOUND(#16465,.T.);
#16467=IFCFACE((#16466));
#16468=IFCPOLYLOOP((#13915,#13930,#13932));
#16469=IFCFACEOUTERBOUND(#16468,.T.);
#16470=IFCFACE((#16469));
#16471=IFCPOLYLOOP((#13931,#13934,#13939));
#16472=IFCFACEOUTERBOUND(#16471,.T.);
#16473=IFCFACE((#16472));
#16474=IFCPOLYLOOP((#13912,#13934,#13931));
#16475=IFCFACEOUTERBOUND(#16474,.T.);
#16476=IFCFACE((#16475));
#16477=IFCPOLYLOOP((#13934,#13932,#13930));
#16478=IFCFACEOUTERBOUND(#16477,.T.);
#16479=IFCFACE((#16478));
#16480=IFCPOLYLOOP((#13933,#13916,#13935));
#16481=IFCFACEOUTERBOUND(#16480,.T.);
#16482=IFCFACE((#16481));
#16483=IFCPOLYLOOP((#13925,#13919,#13937));
#16484=IFCFACEOUTERBOUND(#16483,.T.);
#16485=IFCFACE((#16484));
#16486=IFCPOLYLOOP((#13932,#13934,#13912));
#16487=IFCFACEOUTERBOUND(#16486,.T.);
#16488=IFCFACE((#16487));
#16489=IFCPOLYLOOP((#13913,#13934,#13930));
#16490=IFCFACEOUTERBOUND(#16489,.T.);
#16491=IFCFACE((#16490));
#16492=IFCPOLYLOOP((#13939,#13940,#13917,#13931));
#16493=IFCFACEOUTERBOUND(#16492,.T.);
#16494=IFCFACE((#16493));
#16495=IFCPOLYLOOP((#13935,#13939,#13938));
#16496=IFCFACEOUTERBOUND(#16495,.T.);
#16497=IFCFACE((#16496));
#16498=IFCPOLYLOOP((#13932,#13912,#13936));
#16499=IFCFACEOUTERBOUND(#16498,.T.);
#16500=IFCFACE((#16499));
#16501=IFCPOLYLOOP((#13937,#13928,#13920));
#16502=IFCFACEOUTERBOUND(#16501,.T.);
#16503=IFCFACE((#16502));
#16504=IFCPOLYLOOP((#13925,#13937,#13933));
#16505=IFCFACEOUTERBOUND(#16504,.T.);
#16506=IFCFACE((#16505));
#16507=IFCPOLYLOOP((#13938,#13939,#13913));
#16508=IFCFACEOUTERBOUND(#16507,.T.);
#16509=IFCFACE((#16508));
#16510=IFCPOLYLOOP((#13938,#13914,#13935));
#16511=IFCFACEOUTERBOUND(#16510,.T.);
#16512=IFCFACE((#16511));
#16513=IFCPOLYLOOP((#13935,#13916,#13940));
#16514=IFCFACEOUTERBOUND(#16513,.T.);
#16515=IFCFACE((#16514));
#16516=IFCPOLYLOOP((#13941,#13926,#13922));
#16517=IFCFACEOUTERBOUND(#16516,.T.);
#16518=IFCFACE((#16517));
#16519=IFCPOLYLOOP((#13903,#13728,#13924,#13919,#13925,#13914,#13938,#13913,#13930,#13915,#13922,#13926,#13443,#13623));
#16520=IFCFACEOUTERBOUND(#16519,.T.);
#16521=IFCFACE((#16520));
#16522=IFCCLOSEDSHELL((#8758,#8761,#8764,#8767,#8770,#8773,#8776,#8779,#8782,#8785,#8788,#8791,#8794,#8797,#8800,#8803,#8806,#8809,#8812,#8815,#8818,#8821,#8824,#8827,#8830,#8833,#8836,#8839,#8842,#8845,#8848,#8851,#8854,#8857,#8860,#8863,#8866,#8869,#8872,#8875,#8878,#8881,#8884,#8887,#8890,#8893,#8896,#8899,#8902,#8905,#8908,#8911,#8914,#8917,#8920,#8923,#8926,#8929,#8932,#8935,#8938,#8941,#8944,#8947,#8950,#8953,#8956,#8959,#8962,#8965,#8968,#8971,#8974,#8977,#8980,#8983,#8986,#8989,#8992,#8995,#8998,#9001,#9004,#9007,#9010,#9013,#9016,#9019,#9022,#9025,#9028,#9031,#9034,#9037,#9040,#9043,#9046,#9049,#9052,#9055,#9058,#9061,#9064,#9067,#9070,#9073,#9076,#9079,#9082,#9085,#9088,#9091,#9094,#9097,#9100,#9103,#9106,#9109,#9112,#9115,#9118,#9121,#9124,#9127,#9130,#9133,#9136,#9139,#9142,#9145,#9148,#9151,#9154,#9157,#9160,#9163,#9166,#9169,#9172,#9175,#9178,#9181,#9184,#9187,#9190,#9193,#9196,#9199,#9202,#9205,#9208,#9211,#9214,#9217,#9220,#9223,#9226,#9229));
#16523=IFCFACETEDBREP(#16522);
#16524=IFCSTYLEDITEM(#16523,(#8550),$);
#16525=IFCCLOSEDSHELL((#9280,#9283,#9286,#9289,#9292,#9295,#9298,#9301,#9304,#9307,#9310,#9313,#9316,#9319,#9322,#9325,#9328,#9331,#9334,#9337,#9340,#9343,#9346,#9349,#9352,#9355));
#16526=IFCFACETEDBREP(#16525);
#16527=IFCSTYLEDITEM(#16526,(#8550),$);
#16528=IFCCLOSEDSHELL((#9486,#9489,#9492,#9495,#9498,#9501,#9504,#9507,#9510,#9513,#9516,#9519,#9522,#9525,#9528,#9531,#9534,#9537,#9540,#9543,#9546,#9549,#9552,#9555,#9558,#9561,#9564,#9567,#9570,#9573,#9576,#9579,#9582,#9585,#9588,#9591,#9594,#9597,#9600,#9603,#9606,#9609,#9612,#9615,#9618,#9621,#9624,#9627,#9630,#9633,#9636,#9639,#9642,#9645,#9648,#9651,#9654,#9657,#9660,#9663,#9666,#9669,#9672,#9675,#9678,#9681,#9684,#9687,#9690,#9693,#9696,#9699,#9702,#9705,#9708,#9711,#9714,#9717,#9720,#9723,#9726,#9729,#9732,#9735,#9738,#9741,#9744,#9747,#9750,#9753,#9756,#9759,#9762,#9765,#9768,#9771,#9774,#9777,#9780,#9783,#9786,#9789,#9792,#9795,#9798,#9801,#9804,#9807,#9810,#9813,#9816,#9819,#9822,#9825,#9828,#9831,#9834,#9837,#9840,#9843,#9846,#9849,#9852,#9855,#9858,#9861,#9864,#9867,#9870,#9873,#9876,#9879,#9882,#9885,#9888,#9891,#9894,#9897,#9900,#9903,#9906,#9909,#9912,#9915,#9918,#9921,#9924,#9927,#9930,#9933,#9936,#9939,#9942,#9945,#9948,#9951,#9954,#9957));
#16529=IFCFACETEDBREP(#16528);
#16530=IFCSTYLEDITEM(#16529,(#8550),$);
#16531=IFCCLOSEDSHELL((#10008,#10011,#10014,#10017,#10020,#10023,#10026,#10029,#10032,#10035,#10038,#10041,#10044,#10047,#10050,#10053,#10056,#10059,#10062,#10065,#10068,#10071,#10074,#10077,#10080,#10083));
#16532=IFCFACETEDBREP(#16531);
#16533=IFCSTYLEDITEM(#16532,(#8550),$);
#16534=IFCCLOSEDSHELL((#10094,#10099,#10107,#10111,#10119,#10123,#10131,#10135,#10142,#10145,#10148,#10151,#10154,#10157,#10160,#10163,#10166,#10169));
#16535=IFCFACETEDBREP(#16534);
#16536=IFCSTYLEDITEM(#16535,(#8566),$);
#16537=IFCCLOSEDSHELL((#10182,#10195,#10198,#10201,#10204,#10207,#10210,#10213,#10216,#10219));
#16538=IFCFACETEDBREP(#16537);
#16539=IFCSTYLEDITEM(#16538,(#8573),$);
#16540=IFCCLOSEDSHELL((#10226,#10233,#10236,#10239,#10242,#10245));
#16541=IFCFACETEDBREP(#16540);
#16542=IFCSTYLEDITEM(#16541,(#8580),$);
#16543=IFCCLOSEDSHELL((#10806,#10809,#10812,#10815,#10818,#10821,#10824,#10827,#10830,#10833,#10836,#10839,#10842,#10845,#10848,#10851,#10854,#10857,#10860,#10863,#10866,#10869,#10872,#10875,#10878,#10881,#10884,#10887,#10890,#10893,#10896,#10899,#10902,#10905,#10908,#10911,#10914,#10917,#10920,#10923,#10926,#10929,#10932,#10935,#10938,#10941,#10944,#10947,#10950,#10953,#10956,#10959,#10962,#10965,#10968,#10971,#10974,#10977,#10980,#10983,#10986,#10989,#10992,#10995,#10998,#11001,#11004,#11007,#11010,#11013,#11016,#11019,#11022,#11025,#11028,#11031,#11034,#11037,#11040,#11043,#11046,#11049,#11052,#11055,#11058,#11061,#11064,#11067,#11070,#11073,#11076,#11079,#11082,#11085,#11088,#11091,#11094,#11097,#11100,#11103,#11106,#11109,#11112,#11115,#11118,#11121,#11124,#11127,#11130,#11133,#11136,#11139,#11142,#11145,#11148,#11151,#11154,#11157,#11160,#11163,#11166,#11169,#11172,#11175,#11178,#11181,#11184,#11187,#11190,#11193,#11196,#11199,#11202,#11205,#11208,#11211,#11214,#11217,#11220,#11223,#11226,#11229,#11232,#11235,#11238,#11241,#11244,#11247,#11250,#11253,#11256,#11259,#11262,#11265,#11268,#11271,#11274,#11277,#11280,#11283,#11286,#11289,#11292,#11295,#11298,#11301,#11304,#11307,#11310,#11313,#11316,#11319,#11322,#11325,#11328,#11331,#11334,#11337,#11340,#11343,#11346,#11349,#11352,#11355,#11358,#11361,#11364,#11367,#11370,#11373,#11376,#11379,#11382,#11385,#11388,#11391,#11394,#11397,#11400,#11403,#11406,#11409,#11412,#11415,#11418,#11421,#11424,#11427,#11430,#11433,#11436,#11439,#11442,#11445,#11448,#11451,#11454,#11457,#11460,#11463,#11466,#11469,#11472,#11475,#11478,#11481,#11484,#11487,#11490,#11493,#11496,#11499,#11502,#11505,#11508,#11511,#11514,#11517,#11520,#11523,#11526,#11529,#11532,#11535,#11538,#11541,#11544,#11547,#11550,#11553,#11556,#11559,#11562,#11565,#11568,#11571,#11574,#11577,#11580,#11583,#11586,#11589,#11592,#11595,#11598,#11601,#11604,#11607,#11610,#11613,#11616,#11619,#11622,#11625,#11628,#11631,#11634,#11637,#11640,#11643,#11646,#11649,#11652,#11655,#11658,#11661,#11664,#11667,#11670,#11673,#11676,#11679,#11682,#11685,#11688,#11691,#11694,#11697,#11700,#11703,#11706,#11709,#11712,#11715,#11718,#11721,#11724,#11727,#11730,#11733,#11736,#11739,#11742,#11745,#11748,#11751,#11754,#11757,#11760,#11763,#11766,#11769,#11772,#11775,#11778,#11781,#11784,#11787,#11790,#11793,#11796,#11799,#11802,#11805,#11808,#11811,#11814,#11817,#11820,#11823,#11826,#11829,#11832,#11835,#11838,#11841,#11844,#11847,#11850,#11853,#11856,#11859,#11862,#11865,#11868,#11871,#11874,#11877,#11880,#11883,#11886,#11889,#11892,#11895,#11898,#11901,#11904,#11907,#11910,#11913,#11916,#11919,#11922,#11925,#11928,#11931,#11934,#11937,#11940,#11943,#11946,#11949,#11952,#11955,#11958,#11961,#11964,#11967,#11970,#11973,#11976,#11979,#11982,#11985,#11988,#11991,#11994,#11997,#12000,#12003,#12006,#12009,#12012,#12015,#12018,#12021,#12024,#12027,#12030,#12033,#12036,#12039,#12042,#12045,#12048,#12051,#12054,#12057,#12060,#12063,#12066,#12069,#12072,#12075,#12078,#12081,#12084,#12087,#12090,#12093,#12096,#12099,#12102,#12105,#12108,#12111,#12114,#12117,#12120,#12123,#12126,#12129,#12132,#12135,#12138,#12141,#12144,#12147,#12150,#12153,#12156,#12159,#12162,#12165,#12168,#12171,#12174,#12177,#12180,#12183,#12186,#12189,#12192,#12195,#12198,#12201,#12204,#12207,#12210,#12213,#12216,#12219,#12222,#12225,#12228,#12231,#12234,#12237,#12240,#12243,#12246,#12249,#12252,#12255,#12258,#12261,#12264,#12267,#12270,#12273,#12276,#12279,#12282,#12285,#12288,#12291,#12294,#12297,#12300,#12303,#12306,#12309,#12312,#12315,#12318,#12321,#12324,#12327,#12330,#12333,#12336,#12339,#12342,#12345,#12348,#12351,#12354,#12357,#12360,#12363,#12366,#12369,#12372,#12375,#12378,#12381,#12384,#12387,#12390,#12393,#12396,#12399,#12402,#12405,#12408,#12411,#12414,#12417,#12420,#12423,#12426,#12429,#12432,#12435,#12438,#12441,#12444,#12447,#12450,#12453,#12456,#12459,#12462,#12465,#12468,#12471,#12474,#12477,#12480,#12483,#12486,#12489,#12492,#12495,#12498,#12501,#12504,#12507,#12510,#12513,#12516,#12519,#12522,#12525,#12528,#12531,#12534,#12537,#12540,#12543,#12546,#12549,#12552,#12555,#12558,#12561,#12564,#12567,#12570,#12573,#12576,#12579,#12582,#12585,#12588,#12591,#12594,#12597,#12600,#12603,#12606,#12609,#12612,#12615,#12618,#12621,#12624,#12627,#12630,#12633,#12636,#12639,#12642,#12645,#12648,#12651,#12654,#12657,#12660,#12663,#12666,#12669,#12672,#12675,#12678,#12681,#12684,#12687,#12690,#12693,#12696,#12699,#12702,#12705,#12708,#12711,#12714,#12717,#12720,#12723,#12726,#12729,#12732,#12735,#12738,#12741,#12744,#12747,#12750,#12753,#12756,#12759,#12762,#12765,#12768,#12771,#12774,#12777,#12780,#12783,#12786,#12789,#12792,#12795,#12798,#12801,#12804,#12807,#12810,#12813,#12816,#12819,#12822,#12825,#12828,#12831,#12834,#12837,#12840,#12843,#12846,#12849,#12852,#12855,#12858,#12861,#12864,#12867,#12870,#12873,#12876,#12879,#12882,#12885,#12888,#12891,#12894,#12897,#12900,#12903,#12906,#12909,#12912,#12915,#12918,#12921,#12924,#12927,#12930,#12933,#12936,#12939,#12942,#12945,#12948,#12951,#12954,#12957,#12960,#12963,#12966,#12969,#12972,#12975,#12978,#12981,#12984,#12987,#12990,#12993,#12996,#12999,#13002,#13005,#13008,#13011,#13014,#13017,#13020,#13023,#13026,#13029,#13032,#13035,#13038,#13041,#13044,#13047,#13050,#13053,#13056,#13059,#13062,#13065,#13068,#13071,#13074,#13077,#13080,#13083,#13086,#13089,#13092,#13095,#13098,#13101,#13104,#13107,#13110,#13113,#13116,#13119,#13122,#13125,#13128,#13131,#13134,#13137,#13140,#13143,#13146,#13149,#13152,#13155,#13158,#13161,#13164,#13167,#13170,#13173,#13176,#13179,#13182,#13185,#13188,#13191,#13194,#13197,#13200,#13203,#13206,#13209,#13212,#13215,#13218,#13221,#13224,#13227,#13230,#13233,#13236,#13239,#13242,#13245,#13248,#13251,#13254,#13257,#13260,#13263,#13266,#13269,#13272,#13275,#13278,#13281,#13284,#13287,#13290,#13293,#13296,#13299,#13302,#13305,#13308,#13311,#13314,#13317,#13320,#13323,#13326,#13329,#13332,#13335,#13338,#13341,#13344,#13347,#13350,#13353,#13356,#13359,#13362,#13365,#13368,#13371,#13374,#13377,#13380,#13383));
#16544=IFCFACETEDBREP(#16543);
#16545=IFCSTYLEDITEM(#16544,(#8566),$);
#16546=IFCCLOSEDSHELL((#13944,#13947,#13950,#13953,#13956,#13959,#13962,#13965,#13968,#13971,#13974,#13977,#13980,#13983,#13986,#13989,#13992,#13995,#13998,#14001,#14004,#14007,#14010,#14013,#14016,#14019,#14022,#14025,#14028,#14031,#14034,#14037,#14040,#14043,#14046,#14049,#14052,#14055,#14058,#14061,#14064,#14067,#14070,#14073,#14076,#14079,#14082,#14085,#14088,#14091,#14094,#14097,#14100,#14103,#14106,#14109,#14112,#14115,#14118,#14121,#14124,#14127,#14130,#14133,#14136,#14139,#14142,#14145,#14148,#14151,#14154,#14157,#14160,#14163,#14166,#14169,#14172,#14175,#14178,#14181,#14184,#14187,#14190,#14193,#14196,#14199,#14202,#14205,#14208,#14211,#14214,#14217,#14220,#14223,#14226,#14229,#14232,#14235,#14238,#14241,#14244,#14247,#14250,#14253,#14256,#14259,#14262,#14265,#14268,#14271,#14274,#14277,#14280,#14283,#14286,#14289,#14292,#14295,#14298,#14301,#14304,#14307,#14310,#14313,#14316,#14319,#14322,#14325,#14328,#14331,#14334,#14337,#14340,#14343,#14346,#14349,#14352,#14355,#14358,#14361,#14364,#14367,#14370,#14373,#14376,#14379,#14382,#14385,#14388,#14391,#14394,#14397,#14400,#14403,#14406,#14409,#14412,#14415,#14418,#14421,#14424,#14427,#14430,#14433,#14436,#14439,#14442,#14445,#14448,#14451,#14454,#14457,#14460,#14463,#14466,#14469,#14472,#14475,#14478,#14481,#14484,#14487,#14490,#14493,#14496,#14499,#14502,#14505,#14508,#14511,#14514,#14517,#14520,#14523,#14526,#14529,#14532,#14535,#14538,#14541,#14544,#14547,#14550,#14553,#14556,#14559,#14562,#14565,#14568,#14571,#14574,#14577,#14580,#14583,#14586,#14589,#14592,#14595,#14598,#14601,#14604,#14607,#14610,#14613,#14616,#14619,#14622,#14625,#14628,#14631,#14634,#14637,#14640,#14643,#14646,#14649,#14652,#14655,#14658,#14661,#14664,#14667,#14670,#14673,#14676,#14679,#14682,#14685,#14688,#14691,#14694,#14697,#14700,#14703,#14706,#14709,#14712,#14715,#14718,#14721,#14724,#14727,#14730,#14733,#14736,#14739,#14742,#14745,#14748,#14751,#14754,#14757,#14760,#14763,#14766,#14769,#14772,#14775,#14778,#14781,#14784,#14787,#14790,#14793,#14796,#14799,#14802,#14805,#14808,#14811,#14814,#14817,#14820,#14823,#14826,#14829,#14832,#14835,#14838,#14841,#14844,#14847,#14850,#14853,#14856,#14859,#14862,#14865,#14868,#14871,#14874,#14877,#14880,#14883,#14886,#14889,#14892,#14895,#14898,#14901,#14904,#14907,#14910,#14913,#14916,#14919,#14922,#14925,#14928,#14931,#14934,#14937,#14940,#14943,#14946,#14949,#14952,#14955,#14958,#14961,#14964,#14967,#14970,#14973,#14976,#14979,#14982,#14985,#14988,#14991,#14994,#14997,#15000,#15003,#15006,#15009,#15012,#15015,#15018,#15021,#15024,#15027,#15030,#15033,#15036,#15039,#15042,#15045,#15048,#15051,#15054,#15057,#15060,#15063,#15066,#15069,#15072,#15075,#15078,#15081,#15084,#15087,#15090,#15093,#15096,#15099,#15102,#15105,#15108,#15111,#15114,#15117,#15120,#15123,#15126,#15129,#15132,#15135,#15138,#15141,#15144,#15147,#15150,#15153,#15156,#15159,#15162,#15165,#15168,#15171,#15174,#15177,#15180,#15183,#15186,#15189,#15192,#15195,#15198,#15201,#15204,#15207,#15210,#15213,#15216,#15219,#15222,#15225,#15228,#15231,#15234,#15237,#15240,#15243,#15246,#15249,#15252,#15255,#15258,#15261,#15264,#15267,#15270,#15273,#15276,#15279,#15282,#15285,#15288,#15291,#15294,#15297,#15300,#15303,#15306,#15309,#15312,#15315,#15318,#15321,#15324,#15327,#15330,#15333,#15336,#15339,#15342,#15345,#15348,#15351,#15354,#15357,#15360,#15363,#15366,#15369,#15372,#15375,#15378,#15381,#15384,#15387,#15390,#15393,#15396,#15399,#15402,#15405,#15408,#15411,#15414,#15417,#15420,#15423,#15426,#15429,#15432,#15435,#15438,#15441,#15444,#15447,#15450,#15453,#15456,#15459,#15462,#15465,#15468,#15471,#15474,#15477,#15480,#15483,#15486,#15489,#15492,#15495,#15498,#15501,#15504,#15507,#15510,#15513,#15516,#15519,#15522,#15525,#15528,#15531,#15534,#15537,#15540,#15543,#15546,#15549,#15552,#15555,#15558,#15561,#15564,#15567,#15570,#15573,#15576,#15579,#15582,#15585,#15588,#15591,#15594,#15597,#15600,#15603,#15606,#15609,#15612,#15615,#15618,#15621,#15624,#15627,#15630,#15633,#15636,#15639,#15642,#15645,#15648,#15651,#15654,#15657,#15660,#15663,#15666,#15669,#15672,#15675,#15678,#15681,#15684,#15687,#15690,#15693,#15696,#15699,#15702,#15705,#15708,#15711,#15714,#15717,#15720,#15723,#15726,#15729,#15732,#15735,#15738,#15741,#15744,#15747,#15750,#15753,#15756,#15759,#15762,#15765,#15768,#15771,#15774,#15777,#15780,#15783,#15786,#15789,#15792,#15795,#15798,#15801,#15804,#15807,#15810,#15813,#15816,#15819,#15822,#15825,#15828,#15831,#15834,#15837,#15840,#15843,#15846,#15849,#15852,#15855,#15858,#15861,#15864,#15867,#15870,#15873,#15876,#15879,#15882,#15885,#15888,#15891,#15894,#15897,#15900,#15903,#15906,#15909,#15912,#15915,#15918,#15921,#15924,#15927,#15930,#15933,#15936,#15939,#15942,#15945,#15948,#15951,#15954,#15957,#15960,#15963,#15966,#15969,#15972,#15975,#15978,#15981,#15984,#15987,#15990,#15993,#15996,#15999,#16002,#16005,#16008,#16011,#16014,#16017,#16020,#16023,#16026,#16029,#16032,#16035,#16038,#16041,#16044,#16047,#16050,#16053,#16056,#16059,#16062,#16065,#16068,#16071,#16074,#16077,#16080,#16083,#16086,#16089,#16092,#16095,#16098,#16101,#16104,#16107,#16110,#16113,#16116,#16119,#16122,#16125,#16128,#16131,#16134,#16137,#16140,#16143,#16146,#16149,#16152,#16155,#16158,#16161,#16164,#16167,#16170,#16173,#16176,#16179,#16182,#16185,#16188,#16191,#16194,#16197,#16200,#16203,#16206,#16209,#16212,#16215,#16218,#16221,#16224,#16227,#16230,#16233,#16236,#16239,#16242,#16245,#16248,#16251,#16254,#16257,#16260,#16263,#16266,#16269,#16272,#16275,#16278,#16281,#16284,#16287,#16290,#16293,#16296,#16299,#16302,#16305,#16308,#16311,#16314,#16317,#16320,#16323,#16326,#16329,#16332,#16335,#16338,#16341,#16344,#16347,#16350,#16353,#16356,#16359,#16362,#16365,#16368,#16371,#16374,#16377,#16380,#16383,#16386,#16389,#16392,#16395,#16398,#16401,#16404,#16407,#16410,#16413,#16416,#16419,#16422,#16425,#16428,#16431,#16434,#16437,#16440,#16443,#16446,#16449,#16452,#16455,#16458,#16461,#16464,#16467,#16470,#16473,#16476,#16479,#16482,#16485,#16488,#16491,#16494,#16497,#16500,#16503,#16506,#16509,#16512,#16515,#16518,#16521));
#16547=IFCFACETEDBREP(#16546);
#16548=IFCSTYLEDITEM(#16547,(#8566),$);
#16549=IFCSHAPEREPRESENTATION(#24,'Body','Brep',(#16523,#16526,#16529,#16532,#16535,#16538,#16541,#16544,#16547));
#16550=IFCAXIS2PLACEMENT3D(#19,$,$);
#16551=IFCREPRESENTATIONMAP(#16550,#16549);
#16552=IFCDOORLININGPROPERTIES('26jjhu0DH0Lxf54dPa$Ko9',#6,'Door-Passage-Single-Vision_Lite:36" x 84":1240525',$,$,$,$,$,$,$,$,$,$,$,$);
#16553=IFCDOORPANELPROPERTIES('26jjhu0DH0Lxf54dLa$Ko9',#6,'Door-Passage-Single-Vision_Lite:36" x 84":1240525:1',$,$,.SWINGING.,$,.NOTDEFINED.,$);
#16554=IFCDOORSTYLE('0fM3ol0t1$ItxZT8_nXFYN',#6,'Door-Passage-Single-Vision_Lite:36" x 84"',$,$,(#16552,#16553),(#16551),'459553',.SINGLE_SWING_RIGHT.,.NOTDEFINED.,.F.,.F.);
#16555=IFCMAPPEDITEM(#16551,#8615);
#16556=IFCSHAPEREPRESENTATION(#24,'Body','MappedRepresentation',(#16555));
#16557=IFCPRODUCTDEFINITIONSHAPE($,$,(#16556));
#16558=IFCCARTESIANPOINT((-87.883436449093452,37.948632394751471,0.));
#16559=IFCAXIS2PLACEMENT3D(#16558,$,$);
#16561=IFCDOOR('26jjhu0DH0Lxf54dTa$Ko9',#6,'Door-Passage-Single-Vision_Lite:36" x 84":1240525',$,$,#16946,#16557,'1240525',7.333333333333333,3.3333333333333286);
#16562=IFCPROPERTYSET('3TzIq4y1eDb6qCOLn9d0wL',#6,'Pset_DoorCommon',$,(#77,#8623));
#16563=IFCPROPERTYSET('3Lmj82RmFaoz9JTc5tDhtm',#6,'Pset_QuantityTakeOff',$,(#8623));
#16564=IFCRELDEFINESBYPROPERTIES('3SwTi1i8HzzhZO8iCuSOTV',#6,$,$,(#16561),#16562);
#16565=IFCRELDEFINESBYPROPERTIES('0sul9E77M$XhlQABAq6ZCu',#6,$,$,(#16561),#16563);
#16566=IFCMAPPEDITEM(#8590,#8615);
#16567=IFCSHAPEREPRESENTATION(#24,'Body','MappedRepresentation',(#16566));
#16568=IFCPRODUCTDEFINITIONSHAPE($,$,(#16567));
#16569=IFCCARTESIANPOINT((-82.914686449093452,33.65696572808482,0.));
#16570=IFCAXIS2PLACEMENT3D(#16569,$,$);
#16572=IFCDOOR('26jjhu0DH0Lxf54dTa$KoA',#6,'Door-Passage-Single-Vision_Lite:36" x 84":1240526',$,$,#16962,#16568,'1240526',7.333333333333333,3.3333333333333286);
#16573=IFCPROPERTYSET('2DH6WJXu9OVYbx1cXtB5zr',#6,'Pset_DoorCommon',$,(#77,#8623));
#16574=IFCPROPERTYSET('38FBm9NXEU1WYmupEuHbP0',#6,'Pset_QuantityTakeOff',$,(#8623));
#16575=IFCRELDEFINESBYPROPERTIES('1fVAIx740ot0ufQw1ehMFM',#6,$,$,(#16572),#16573);
#16576=IFCRELDEFINESBYPROPERTIES('2WF5N2TG41qFtXzGg1dhQe',#6,$,$,(#16572),#16574);
#16577=IFCMAPPEDITEM(#16551,#8615);
#16578=IFCSHAPEREPRESENTATION(#24,'Body','MappedRepresentation',(#16577));
#16579=IFCPRODUCTDEFINITIONSHAPE($,$,(#16578));
#16580=IFCCARTESIANPOINT((-78.383436449093495,32.198632394751499,0.));
#16581=IFCAXIS2PLACEMENT3D(#16580,#55,#96);
#16583=IFCDOOR('26jjhu0DH0Lxf54dTa$KoB',#6,'Door-Passage-Single-Vision_Lite:36" x 84":1240527',$,$,#16977,#16579,'1240527',7.333333333333333,3.3333333333333321);
#16584=IFCPROPERTYSET('3A4QWazjh_d6ULoYOK170q',#6,'Pset_DoorCommon',$,(#77,#8623));
#16585=IFCPROPERTYSET('3ll9u0dmpu9MnkmcrSRHJ2',#6,'Pset_QuantityTakeOff',$,(#8623));
#16586=IFCRELDEFINESBYPROPERTIES('0LBhgPQ8TsEqSu6RPBfaN$',#6,$,$,(#16583),#16584);
#16587=IFCRELDEFINESBYPROPERTIES('1pg9NLXD70xyXMDyd9jKFb',#6,$,$,(#16583),#16585);
#16588=IFCMAPPEDITEM(#16551,#8615);
#16589=IFCSHAPEREPRESENTATION(#24,'Body','MappedRepresentation',(#16588));
#16590=IFCPRODUCTDEFINITIONSHAPE($,$,(#16589));
#16591=IFCCARTESIANPOINT((-93.883436449093438,28.584049061418067,0.));
#16592=IFCAXIS2PLACEMENT3D(#16591,#55,#236);
#16594=IFCDOOR('26jjhu0DH0Lxf54dTa$KoK',#6,'Door-Passage-Single-Vision_Lite:36" x 84":1240528',$,$,#16915,#16590,'1240528',7.333333333333333,3.3333333333333321);
#16595=IFCPROPERTYSET('0StPEvZCo7NwuwpQTaf1U6',#6,'Pset_DoorCommon',$,(#77,#8623));
#16596=IFCPROPERTYSET('0Vhw6UlMqH4lxlDG5jmum4',#6,'Pset_QuantityTakeOff',$,(#8623));
#16597=IFCRELDEFINESBYPROPERTIES('1rMz3I_AKoF7jtO00UcVuA',#6,$,$,(#16594),#16595);
#16598=IFCRELDEFINESBYPROPERTIES('15fC_jpqBihK8MTUjZieAS',#6,$,$,(#16594),#16596);
#16599=IFCMAPPEDITEM(#16551,#8615);
#16600=IFCSHAPEREPRESENTATION(#24,'Body','MappedRepresentation',(#16599));
#16601=IFCPRODUCTDEFINITIONSHAPE($,$,(#16600));
#16602=IFCCARTESIANPOINT((-44.383436449093452,25.948632394751055,0.));
#16603=IFCAXIS2PLACEMENT3D(#16602,$,$);
#16605=IFCDOOR('26jjhu0DH0Lxf54dTa$KoL',#6,'Door-Passage-Single-Vision_Lite:36" x 84":1240529',$,$,#16992,#16601,'1240529',7.333333333333333,3.3333333333333357);
#16606=IFCPROPERTYSET('1yxMoOjVC_cAMh5XVrRR8_',#6,'Pset_DoorCommon',$,(#77,#8623));
#16607=IFCPROPERTYSET('0ue_M2lVtGfWRcDw$VXpgj',#6,'Pset_QuantityTakeOff',$,(#8623));
#16608=IFCRELDEFINESBYPROPERTIES('1GMbvgL_XZDbPj$HdIeTrE',#6,$,$,(#16605),#16606);
#16609=IFCRELDEFINESBYPROPERTIES('09B8z3U8jUGub$J6hfNn$l',#6,$,$,(#16605),#16607);
#16610=IFCMAPPEDITEM(#16551,#8615);
#16611=IFCSHAPEREPRESENTATION(#24,'Body','MappedRepresentation',(#16610));
#16612=IFCPRODUCTDEFINITIONSHAPE($,$,(#16611));
#16613=IFCCARTESIANPOINT((-41.102186449093367,19.113105322415997,0.));
#16614=IFCAXIS2PLACEMENT3D(#16613,#55,#166);
#16616=IFCDOOR('26jjhu0DH0Lxf54dTa$KoM',#6,'Door-Passage-Single-Vision_Lite:36" x 84":1240530',$,$,#16900,#16612,'1240530',7.333333333333333,3.3333333333333357);
#16617=IFCPROPERTYSET('03wxKAA_cyiiLJzK7csczN',#6,'Pset_DoorCommon',$,(#77,#8623));
#16618=IFCPROPERTYSET('2J$jBemiZxGi9y8YZuLGfR',#6,'Pset_QuantityTakeOff',$,(#8623));
#16619=IFCRELDEFINESBYPROPERTIES('3BMzXVWvLQ7jAn9DBKpBtt',#6,$,$,(#16616),#16617);
#16620=IFCRELDEFINESBYPROPERTIES('1MiW8UGojbf6TDVMzYnj_C',#6,$,$,(#16616),#16618);
#16621=IFCMAPPEDITEM(#16551,#8615);
#16622=IFCSHAPEREPRESENTATION(#24,'Body','MappedRepresentation',(#16621));
#16623=IFCPRODUCTDEFINITIONSHAPE($,$,(#16622));
#16624=IFCCARTESIANPOINT((-4.550103115760141,25.948632394750984,0.));
#16625=IFCAXIS2PLACEMENT3D(#16624,$,$);
#16627=IFCDOOR('26jjhu0DH0Lxf54dTa$KoN',#6,'Door-Passage-Single-Vision_Lite:36" x 84":1240531',$,$,#16839,#16623,'1240531',7.333333333333333,3.333333333333333);
#16628=IFCPROPERTYSET('15Sj2jiE1qP_M5FfJRORpN',#6,'Pset_DoorCommon',$,(#77,#8623));
#16629=IFCPROPERTYSET('3CU5014pj6LO4Ih_cDS6SC',#6,'Pset_QuantityTakeOff',$,(#8623));
#16630=IFCRELDEFINESBYPROPERTIES('0X_e3XSiTjoR7iMnvnfwZI',#6,$,$,(#16627),#16628);
#16631=IFCRELDEFINESBYPROPERTIES('0AN_LhcQmhAL1pSQn28GvA',#6,$,$,(#16627),#16629);
#16632=IFCMAPPEDITEM(#16551,#8615);
#16633=IFCSHAPEREPRESENTATION(#24,'Body','MappedRepresentation',(#16632));
#16634=IFCPRODUCTDEFINITIONSHAPE($,$,(#16633));
#16635=IFCCARTESIANPOINT((36.699896884239948,25.948632394750984,0.));
#16636=IFCAXIS2PLACEMENT3D(#16635,$,$);
#16638=IFCDOOR('26jjhu0DH0Lxf54dTa$KoG',#6,'Door-Passage-Single-Vision_Lite:36" x 84":1240532',$,$,#16854,#16634,'1240532',7.333333333333333,3.3333333333333357);
#16639=IFCPROPERTYSET('3KqGbCD7K4c4b4_8n7gtDk',#6,'Pset_DoorCommon',$,(#77,#8623));
#16640=IFCPROPERTYSET('2q3L0Gk_Ts$rWfFMJlA$Xn',#6,'Pset_QuantityTakeOff',$,(#8623));
#16641=IFCRELDEFINESBYPROPERTIES('0JCvm24fMPbhGZOmicbiUd',#6,$,$,(#16638),#16639);
#16642=IFCRELDEFINESBYPROPERTIES('32_bU$3Zsw0nKMIU72mtj9',#6,$,$,(#16638),#16640);
#16643=IFCMAPPEDITEM(#16551,#8615);
#16644=IFCSHAPEREPRESENTATION(#24,'Body','MappedRepresentation',(#16643));
#16645=IFCPRODUCTDEFINITIONSHAPE($,$,(#16644));
#16646=IFCCARTESIANPOINT((-17.63343644909342,-18.720228010917435,0.));
#16647=IFCAXIS2PLACEMENT3D(#16646,#55,#166);
#16649=IFCDOOR('26jjhu0DH0Lxf54dTa$KoH',#6,'Door-Passage-Single-Vision_Lite:36" x 84":1240533',$,$,#16869,#16645,'1240533',7.333333333333333,3.3333333333333321);
#16650=IFCPROPERTYSET('1ZRUbcjULOlElFE3gXfPtg',#6,'Pset_DoorCommon',$,(#77,#8623));
#16651=IFCPROPERTYSET('0QU$fXN7EgK8sMwiUGGxTC',#6,'Pset_QuantityTakeOff',$,(#8623));
#16652=IFCRELDEFINESBYPROPERTIES('0gEFtmKcSaM2AkuwmPbe1i',#6,$,$,(#16649),#16650);
#16653=IFCRELDEFINESBYPROPERTIES('1BSIpNkzA5BNDLXXqE$27F',#6,$,$,(#16649),#16651);
#16654=IFCMAPPEDITEM(#8590,#8615);
#16655=IFCSHAPEREPRESENTATION(#24,'Body','MappedRepresentation',(#16654));
#16656=IFCPRODUCTDEFINITIONSHAPE($,$,(#16655));
#16657=IFCCARTESIANPOINT((48.533230217573205,-18.678561344250788,0.));
#16658=IFCAXIS2PLACEMENT3D(#16657,#55,#166);
#16660=IFCDOOR('26jjhu0DH0Lxf54dTa$KoI',#6,'Door-Passage-Single-Vision_Lite:36" x 84":1240534',$,$,#16885,#16656,'1240534',7.333333333333333,3.3333333333333357);
#16661=IFCPROPERTYSET('1PnA9bI$HMDbQay_3LEUg_',#6,'Pset_DoorCommon',$,(#77,#8623));
#16662=IFCPROPERTYSET('3X_$d215gk5fuLOfe30oRc',#6,'Pset_QuantityTakeOff',$,(#8623));
#16663=IFCRELDEFINESBYPROPERTIES('1kAt9mZLMC7ndJ5Oq3d3Uo',#6,$,$,(#16660),#16661);
#16664=IFCRELDEFINESBYPROPERTIES('3_ser7kCf7DZwESQbL8ifs',#6,$,$,(#16660),#16662);
#16665=IFCMAPPEDITEM(#16551,#8615);
#16666=IFCSHAPEREPRESENTATION(#24,'Body','MappedRepresentation',(#16665));
#16667=IFCPRODUCTDEFINITIONSHAPE($,$,(#16666));
#16668=IFCCARTESIANPOINT((65.835313550906633,8.430813655749251,0.));
#16669=IFCAXIS2PLACEMENT3D(#16668,#55,#96);
#16671=IFCDOOR('26jjhu0DH0Lxf54dTa$KoJ',#6,'Door-Passage-Single-Vision_Lite:36" x 84":1240535',$,$,#16794,#16667,'1240535',7.333333333333333,3.333333333333333);
#16672=IFCPROPERTYSET('3ziWDidqpqJjv7K0OwVD4B',#6,'Pset_DoorCommon',$,(#77,#8623));
#16673=IFCPROPERTYSET('3I$Wd2bwm7pcfXzwTLM0zZ',#6,'Pset_QuantityTakeOff',$,(#8623));
#16674=IFCRELDEFINESBYPROPERTIES('3scYwujavY5enaS8JY2cYk',#6,$,$,(#16671),#16672);
#16675=IFCRELDEFINESBYPROPERTIES('2Ykgo8oMjy_av8KNsjKYtg',#6,$,$,(#16671),#16673);
#16676=IFCMAPPEDITEM(#16551,#8615);
#16677=IFCSHAPEREPRESENTATION(#24,'Body','MappedRepresentation',(#16676));
#16678=IFCPRODUCTDEFINITIONSHAPE($,$,(#16677));
#16679=IFCCARTESIANPOINT((55.001980217573177,-31.454603010917587,0.));
#16680=IFCAXIS2PLACEMENT3D(#16679,#55,#166);
#16682=IFCDOOR('26jjhu0DH0Lxf54dTa$KoS',#6,'Door-Passage-Single-Vision_Lite:36" x 84":1240536',$,$,#16824,#16678,'1240536',7.333333333333333,3.3333333333333357);
#16683=IFCPROPERTYSET('1u3sJvx_SgQtaqFw90TwgD',#6,'Pset_DoorCommon',$,(#77,#8623));
#16684=IFCPROPERTYSET('0QrBFvoaN6naRr9caasU8S',#6,'Pset_QuantityTakeOff',$,(#8623));
#16685=IFCRELDEFINESBYPROPERTIES('0fSDggCavz5GMCl8Sxkf8Q',#6,$,$,(#16682),#16683);
#16686=IFCRELDEFINESBYPROPERTIES('1P12zXCg5DfPJNPvvcoMPi',#6,$,$,(#16682),#16684);
#16687=IFCMAPPEDITEM(#16551,#8615);
#16688=IFCSHAPEREPRESENTATION(#24,'Body','MappedRepresentation',(#16687));
#16689=IFCPRODUCTDEFINITIONSHAPE($,$,(#16688));
#16690=IFCCARTESIANPOINT((101.33531355090662,-0.62126967758421969,0.));
#16691=IFCAXIS2PLACEMENT3D(#16690,#55,#96);
#16693=IFCDOOR('26jjhu0DH0Lxf54dTa$KoT',#6,'Door-Passage-Single-Vision_Lite:36" x 84":1240537',$,$,#16809,#16689,'1240537',7.333333333333333,3.333333333333333);
#16694=IFCPROPERTYSET('3VnuMigidrsF0$fiCKBBvt',#6,'Pset_DoorCommon',$,(#77,#8623));
#16695=IFCPROPERTYSET('0eJU9g6K8EgjjZlIOO_i3L',#6,'Pset_QuantityTakeOff',$,(#8623));
#16696=IFCRELDEFINESBYPROPERTIES('2jz6RWu3ZkUSiBS6PWjj8k',#6,$,$,(#16693),#16694);
#16697=IFCRELDEFINESBYPROPERTIES('14hc9sQxJn2uYttlL5xzOW',#6,$,$,(#16693),#16695);
#16698=IFCPROPERTYSINGLEVALUE('Name',$,IFCLABEL('L1'),$);
#16699=IFCPROPERTYSET('2l4vqu11LCaZAypUbzwyea',#6,'Pset_AirSideSystemInformation',$,(#16698));
#16700=IFCPROPERTYSINGLEVALUE('AboveGround',$,IFCLOGICAL(.U.),$);
#16701=IFCPROPERTYSET('16L50AfyZF4hYq5TGET4H4',#6,'Pset_BuildingStoreyCommon',$,(#16700));
#16702=IFCPROPERTYSINGLEVALUE('Name',$,IFCLABEL('L1'),$);
#16703=IFCPROPERTYSET('0Fxv$pCHYe$d1NPq668uup',#6,'Pset_ProductRequirements',$,(#16702));
#16704=IFCRELDEFINESBYPROPERTIES('3NFes7CBV81H0RHVpWu5ZF',#6,$,$,(#34),#16699);
#16705=IFCRELDEFINESBYPROPERTIES('2VdfSfkgzGoZi_3SgzE8$0',#6,$,$,(#34),#16701);
#16706=IFCRELDEFINESBYPROPERTIES('0Vxl9G1EBUZpUdM$cyum7J',#6,$,$,(#34),#16703);
#16707=IFCRELCONTAINEDINSPATIALSTRUCTURE('2JF4e6axWHqu3u0C5FZlmi',#6,$,$,(#63,#110,#133,#156,#180,#203,#226,#250,#273,#296,#319,#342,#365,#388,#411,#435,#458,#481,#504,#527,#550,#573,#596,#619,#642,#8622,#16561,#16572,#16583,#16594,#16605,#16616,#16627,#16638,#16649,#16660,#16671,#16682,#16693),#34);
#16708=IFCPROPERTYSINGLEVALUE('Name',$,IFCLABEL('L2'),$);
#16709=IFCPROPERTYSET('2rmMSkA7gc4STb1LnLF8UH',#6,'Pset_AirSideSystemInformation',$,(#16708));
#16710=IFCPROPERTYSET('1n34enW33Z_3Qq2Pm1kjQZ',#6,'Pset_BuildingStoreyCommon',$,(#16700));
#16711=IFCPROPERTYSINGLEVALUE('Name',$,IFCLABEL('L2'),$);
#16712=IFCPROPERTYSET('3b2aIDv9vaOvbWU0hVWzaG',#6,'Pset_ProductRequirements',$,(#16711));
#16713=IFCRELDEFINESBYPROPERTIES('1kaSOYlg8iono8iflzrHRz',#6,$,$,(#38),#16709);
#16714=IFCRELDEFINESBYPROPERTIES('36oM8gyLQ5_Z6XoGK5uP1E',#6,$,$,(#38),#16710);
#16715=IFCRELDEFINESBYPROPERTIES('2r$5AllCk4VpjESRla$JzH',#6,$,$,(#38),#16712);
#16716=IFCRELAGGREGATES('2f3Ca9sMjCrr95Hw09Jfx9',#6,$,$,#27,(#41));
#16717=IFCRELAGGREGATES('0OS35rVwsPwwQiqkCjVA2L',#6,$,$,#41,(#31));
#16718=IFCRELAGGREGATES('1yhDISh1T5aQqAoygxGIhP',#6,$,$,#31,(#34,#38));
#16719=IFCPROPERTYSINGLEVALUE('NumberOfStoreys',$,IFCINTEGER(2),$);
#16720=IFCPROPERTYSINGLEVALUE('IsLandmarked',$,IFCLOGICAL(.U.),$);
#16721=IFCPROPERTYSET('3m0IhHn2XyBnWXfYhuBUdv',#6,'Pset_BuildingCommon',$,(#16719,#16720));
#16722=IFCRELDEFINESBYPROPERTIES('2AHT4RymM0anUxfHiZbxav',#6,$,$,(#31),#16721);
#16723=IFCRELASSOCIATESMATERIAL('08kqbIQaJVjiop7XQHc$Ei',#6,$,$,(#63),#71);
#16724=IFCRELASSOCIATESMATERIAL('2iGENA174t_8EMsJu8JXnV',#6,$,$,(#110),#111);
#16725=IFCRELASSOCIATESMATERIAL('1ofBS1oL8FfRdh$xABqHk4',#6,$,$,(#133),#134);
#16726=IFCRELASSOCIATESMATERIAL('0_TOuq7bSKTuBt5WTmzMtN',#6,$,$,(#156),#157);
#16727=IFCRELASSOCIATESMATERIAL('19svUy_uaAYY0TLE$aBdEa',#6,$,$,(#180),#181);
#16728=IFCRELASSOCIATESMATERIAL('28gJjvEqENmvJHe1Kg9jMf',#6,$,$,(#203),#204);
#16729=IFCRELASSOCIATESMATERIAL('1NRU7KhqFYilaeFPKtt$iS',#6,$,$,(#226),#227);
#16730=IFCRELASSOCIATESMATERIAL('0ekeQGD6K0K9alRVkejfgG',#6,$,$,(#250),#251);
#16731=IFCRELASSOCIATESMATERIAL('2v8oE7rTKnJTCf9Xus73Xj',#6,$,$,(#273),#274);
#16732=IFCRELASSOCIATESMATERIAL('2Uh3H$R$XZqsRN6VZclwU$',#6,$,$,(#296),#297);
#16733=IFCRELASSOCIATESMATERIAL('07LnVaSqi9HzAEEzy9ZMkr',#6,$,$,(#319),#320);
#16734=IFCRELASSOCIATESMATERIAL('2mHR6y4$6nc2HR5KqMFG7e',#6,$,$,(#342),#343);
#16735=IFCRELASSOCIATESMATERIAL('3eOjYgVehtf_HqDfSJiZfR',#6,$,$,(#365),#366);
#16736=IFCRELASSOCIATESMATERIAL('3J1GBZtZT31Wwofsux9Vvq',#6,$,$,(#388),#389);
#16737=IFCRELASSOCIATESMATERIAL('2YMRrYFfzu0NsRkDtfVpDk',#6,$,$,(#411),#412);
#16738=IFCRELASSOCIATESMATERIAL('2LDNxUJr6d9BCSmZgkokjO',#6,$,$,(#435),#436);
#16739=IFCRELASSOCIATESMATERIAL('3UYLL4jTruhapqA$VJ_0Vu',#6,$,$,(#458),#459);
#16740=IFCRELASSOCIATESMATERIAL('0gvcYBE$CSzHDc3zXuYfU_',#6,$,$,(#481),#482);
#16741=IFCRELASSOCIATESMATERIAL('3uYPZr4XWsx8VdvVbF32xt',#6,$,$,(#504),#505);
#16742=IFCRELASSOCIATESMATERIAL('2c6pPwD_PGXVH6fUKiZh3y',#6,$,$,(#527),#528);
#16743=IFCRELASSOCIATESMATERIAL('0MEN$Xeqizj091FdCx$n4X',#6,$,$,(#550),#551);
#16744=IFCRELASSOCIATESMATERIAL('1nPuXym4cyfn6sy2mcDhql',#6,$,$,(#573),#574);
#16745=IFCRELASSOCIATESMATERIAL('0WfUYr9XTKBHt2w2KggSgb',#6,$,$,(#596),#597);
#16746=IFCRELASSOCIATESMATERIAL('1f1734hitZc10naUP_Ze44',#6,$,$,(#619),#620);
#16747=IFCRELASSOCIATESMATERIAL('2pLmjnSvK7bjzFUoEtKwaO',#6,$,$,(#642),#643);
#16748=IFCRELASSOCIATESMATERIAL('1NyiZI9bErtZ4oy7bez0y5',#6,$,$,(#8593,#8622,#16554,#16561,#16572,#16583,#16594,#16605,#16616,#16627,#16638,#16649,#16660,#16671,#16682,#16693),#8614);
#16749=IFCRELASSOCIATESMATERIAL('0JQVC24iTfUA4cK1NUl0Fa',#6,$,$,(#72),#70);
#16750=IFCRELDEFINESBYTYPE('0PT2qVbORcsoZnrRlIpwj4',#6,$,$,(#63,#110,#133,#156,#180,#203,#226,#250,#273,#296,#319,#342,#365,#388,#411,#435,#458,#481,#504,#527,#550,#573,#596,#619,#642),#72);
#16751=IFCRELDEFINESBYTYPE('33axAKgK5c5DC2UMeJvoIr',#6,$,$,(#8622,#16572,#16660),#8593);
#16752=IFCRELDEFINESBYTYPE('1crsVA8RijwipU6x617kUr',#6,$,$,(#16561,#16583,#16594,#16605,#16616,#16627,#16638,#16649,#16671,#16682,#16693),#16554);
#16753=IFCRELCONNECTSPATHELEMENTS('1tGWfFCAhEtn$gT77YGZgH',#6,'26jjhu0DH0Lxf54dTa$KpQ|26jjhu0DH0Lxf54dTa$KpY','Structural',$,#63,#273,(),(),.ATSTART.,.ATSTART.);
#16754=IFCRELCONNECTSPATHELEMENTS('1zO$QatzAj7NzGx3WsEjQ8',#6,'26jjhu0DH0Lxf54dTa$KpQ|26jjhu0DH0Lxf54dTa$KpR','Structural',$,#63,#110,(),(),.ATSTART.,.ATEND.);
#16755=IFCRELCONNECTSPATHELEMENTS('13G6ZpFbTV4coQQfb25_St',#6,'26jjhu0DH0Lxf54dTa$KpR|26jjhu0DH0Lxf54dTa$Kpa','Structural',$,#110,#133,(),(),.ATSTART.,.ATEND.);
#16756=IFCRELCONNECTSPATHELEMENTS('2YD4x$ror0LfaOudmNmdUf',#6,'26jjhu0DH0Lxf54dTa$Kpa|26jjhu0DH0Lxf54dTa$Kpb','Structural',$,#133,#156,(),(),.ATSTART.,.ATEND.);
#16757=IFCRELCONNECTSPATHELEMENTS('0erfEENsMpL20A1gI1MCCH',#6,'26jjhu0DH0Lxf54dTa$Kpb|26jjhu0DH0Lxf54dTa$Kpc','Structural',$,#156,#180,(),(),.ATSTART.,.ATEND.);
#16758=IFCRELCONNECTSPATHELEMENTS('3_LrmWmb8Tf4euwysaHWU_',#6,'26jjhu0DH0Lxf54dTa$Kpc|26jjhu0DH0Lxf54dTa$Kpd','Structural',$,#180,#203,(),(),.ATSTART.,.ATEND.);
#16759=IFCRELCONNECTSPATHELEMENTS('37cV2lAD0HndWYHWsbqMBP',#6,'26jjhu0DH0Lxf54dTa$Kpd|26jjhu0DH0Lxf54dTa$KpW','Structural',$,#203,#226,(),(),.ATSTART.,.ATEND.);
#16760=IFCRELCONNECTSPATHELEMENTS('02qzSGrZOEvrcCjlDB2kBs',#6,'26jjhu0DH0Lxf54dTa$KpW|26jjhu0DH0Lxf54dTa$KpX','Structural',$,#226,#250,(),(),.ATSTART.,.ATEND.);
#16761=IFCRELCONNECTSPATHELEMENTS('0b8wbGo7ToqyMFJNtKdRO7',#6,'26jjhu0DH0Lxf54dTa$KpY|26jjhu0DH0Lxf54dTa$KpZ','Structural',$,#273,#296,(),(),.ATSTART.,.ATPATH.);
#16762=IFCRELCONNECTSPATHELEMENTS('1ETNCEAuNlekU0gTEXBYmT',#6,'26jjhu0DH0Lxf54dTa$KpZ|26jjhu0DH0Lxf54dTa$Kps','Structural',$,#296,#550,(),(),.ATSTART.,.ATEND.);
#16763=IFCRELCONNECTSPATHELEMENTS('3v2SYo22WMyHEqO1o$JsqG',#6,'26jjhu0DH0Lxf54dTa$KpX|26jjhu0DH0Lxf54dTa$Kpi','Structural',$,#250,#319,(),(),.ATSTART.,.ATPATH.);
#16764=IFCRELCONNECTSPATHELEMENTS('22nMoIgtBBFc6VT$cSZlYK',#6,'26jjhu0DH0Lxf54dTa$Kpi|26jjhu0DH0Lxf54dTa$Kpj','Structural',$,#319,#342,(),(),.ATEND.,.ATEND.);
#16765=IFCRELCONNECTSPATHELEMENTS('0FsX168wMrreCMgow7t_xb',#6,'26jjhu0DH0Lxf54dTa$Kpj|26jjhu0DH0Lxf54dTa$Kpk','Structural',$,#342,#365,(),(),.ATSTART.,.ATSTART.);
#16766=IFCRELCONNECTSPATHELEMENTS('14nd$3SUybzraoypndccL9',#6,'26jjhu0DH0Lxf54dTa$Kpk|26jjhu0DH0Lxf54dTa$Kpl','Structural',$,#365,#388,(),(),.ATSTART.,.ATEND.);
#16767=IFCRELCONNECTSPATHELEMENTS('0F_CzudqCe1Rou6f9EiFFk',#6,'26jjhu0DH0Lxf54dTa$Kpl|26jjhu0DH0Lxf54dTa$Kpe','Structural',$,#388,#411,(),(),.ATSTART.,.ATEND.);
#16768=IFCRELCONNECTSPATHELEMENTS('21dq2BAYFOYDRp8agQrfPM',#6,'26jjhu0DH0Lxf54dTa$Kpe|26jjhu0DH0Lxf54dTa$Kpf','Structural',$,#411,#435,(),(),.ATSTART.,.ATPATH.);
#16769=IFCRELCONNECTSPATHELEMENTS('3X12BblJq2sH$H2XLZgtMq',#6,'26jjhu0DH0Lxf54dTa$Kpf|26jjhu0DH0Lxf54dTa$Kpg','Structural',$,#435,#458,(),(),.ATSTART.,.ATEND.);
#16770=IFCRELCONNECTSPATHELEMENTS('0XOQKQa3TazsOSbssS89Ao',#6,'26jjhu0DH0Lxf54dTa$Kpg|26jjhu0DH0Lxf54dTa$Kph','Structural',$,#458,#481,(),(),.ATSTART.,.ATEND.);
#16771=IFCRELCONNECTSPATHELEMENTS('0jkajM8sFm5ycXLjYEbGwA',#6,'26jjhu0DH0Lxf54dTa$Kph|26jjhu0DH0Lxf54dTa$Kpq','Structural',$,#481,#504,(),(),.ATSTART.,.ATEND.);
#16772=IFCRELCONNECTSPATHELEMENTS('3Ta4q6R4HTV9ypHUuBi4uR',#6,'26jjhu0DH0Lxf54dTa$Kpq|26jjhu0DH0Lxf54dTa$Kpr','Structural',$,#504,#527,(),(),.ATSTART.,.ATEND.);
#16773=IFCRELCONNECTSPATHELEMENTS('1QiYHe3vGe3w7JSrkcJg6j',#6,'26jjhu0DH0Lxf54dTa$Kpr|26jjhu0DH0Lxf54dTa$Kps','Structural',$,#527,#550,(),(),.ATPATH.,.ATEND.);
#16774=IFCRELCONNECTSPATHELEMENTS('0wKa8c3uPke7ffNpbUuQH4',#6,'26jjhu0DH0Lxf54dTa$Kpt|26jjhu0DH0Lxf54dTa$Kpo','Structural',$,#573,#642,(),(),.ATEND.,.ATSTART.);
#16775=IFCRELCONNECTSPATHELEMENTS('3Ygq5g0eD9ixVxXXHkM1Lb',#6,'26jjhu0DH0Lxf54dTa$Kpt|26jjhu0DH0Lxf54dTa$Kpm','Structural',$,#573,#596,(),(),.ATSTART.,.ATEND.);
#16776=IFCRELCONNECTSPATHELEMENTS('0U9kuQI7AaIOVF8Z_i2WIM',#6,'26jjhu0DH0Lxf54dTa$Kpm|26jjhu0DH0Lxf54dTa$Kpn','Structural',$,#596,#619,(),(),.ATSTART.,.ATEND.);
#16777=IFCRELCONNECTSPATHELEMENTS('1w2kSXFtLHEqsncAYQo9xO',#6,'26jjhu0DH0Lxf54dTa$Kpn|26jjhu0DH0Lxf54dTa$Kpo','Structural',$,#619,#642,(),(),.ATSTART.,.ATEND.);
#16778=IFCPRESENTATIONLAYERASSIGNMENT('A-WALL',$,(#48,#62,#101,#109,#124,#132,#147,#155,#171,#179,#194,#202,#217,#225,#241,#249,#264,#272,#287,#295,#310,#318,#333,#341,#356,#364,#379,#387,#402,#410,#425,#434,#449,#457,#472,#480,#495,#503,#518,#526,#541,#549,#564,#572,#587,#595,#610,#618,#633,#641),$);
#16779=IFCPRESENTATIONLAYERASSIGNMENT('A-DOOR',$,(#8588,#8617,#16549,#16556,#16567,#16578,#16589,#16600,#16611,#16622,#16633,#16644,#16655,#16666,#16677,#16688),$);
#16780=IFCCARTESIANPOINT((3.6666666666666661,1.6666666666666665));
#16781=IFCAXIS2PLACEMENT2D(#16780,#428);
#16782=IFCRECTANGLEPROFILEDEF(.AREA.,$,#16781,7.333333333333333,3.333333333333333);
#16783=IFCAXIS2PLACEMENT3D(#19,#236,#55);
#16784=IFCEXTRUDEDAREASOLID(#16782,#16783,#55,0.63541666666666663);
#16785=IFCSHAPEREPRESENTATION(#24,'Body','SweptSolid',(#16784));
#16786=IFCPRODUCTDEFINITIONSHAPE($,$,(#16785));
#16787=IFCCARTESIANPOINT((23.114583333333325,-0.31770833333338544,12.));
#16788=IFCAXIS2PLACEMENT3D(#16787,$,$);
#16789=IFCLOCALPLACEMENT(#98,#16788);
#16790=IFCOPENINGELEMENT('2jA_N3whP9RlTkWIDlzbWL',#6,'Door-Passage-Single-Vision_Lite:36" x 84":1240535:1',$,'Opening',#16789,#16786,'1240535');
#16791=IFCRELVOIDSELEMENT('26jjhu0DH0Lxf54cDa$KoJ',#6,$,$,#110,#16790);
#16792=IFCRELFILLSELEMENT('07n3GPY2DJYQSRWrrpRcYc',#6,$,$,#16790,#16671);
#16793=IFCAXIS2PLACEMENT3D(#19,$,$);
#16794=IFCLOCALPLACEMENT(#16789,#16793);
#16795=IFCCARTESIANPOINT((3.6666666666666661,1.6666666666666665));
#16796=IFCAXIS2PLACEMENT2D(#16795,#428);
#16797=IFCRECTANGLEPROFILEDEF(.AREA.,$,#16796,7.333333333333333,3.333333333333333);
#16798=IFCAXIS2PLACEMENT3D(#19,#236,#55);
#16799=IFCEXTRUDEDAREASOLID(#16797,#16798,#55,0.63541666666666663);
#16800=IFCSHAPEREPRESENTATION(#24,'Body','SweptSolid',(#16799));
#16801=IFCPRODUCTDEFINITIONSHAPE($,$,(#16800));
#16802=IFCCARTESIANPOINT((4.0833333333333695,-0.31770833333334281,12.));
#16803=IFCAXIS2PLACEMENT3D(#16802,$,$);
#16804=IFCLOCALPLACEMENT(#144,#16803);
#16805=IFCOPENINGELEMENT('3rofZPNZjs58vd3_jMPZxX',#6,'Door-Passage-Single-Vision_Lite:36" x 84":1240537:1',$,'Opening',#16804,#16801,'1240537');
#16806=IFCRELVOIDSELEMENT('26jjhu0DH0Lxf54cDa$KoT',#6,$,$,#156,#16805);
#16807=IFCRELFILLSELEMENT('0PKSh7K_m9XrjhUFXHbynf',#6,$,$,#16805,#16693);
#16808=IFCAXIS2PLACEMENT3D(#19,$,$);
#16809=IFCLOCALPLACEMENT(#16804,#16808);
#16810=IFCCARTESIANPOINT((3.6666666666666661,1.6666666666666665));
#16811=IFCAXIS2PLACEMENT2D(#16810,#428);
#16812=IFCRECTANGLEPROFILEDEF(.AREA.,$,#16811,7.333333333333333,3.333333333333333);
#16813=IFCAXIS2PLACEMENT3D(#19,#236,#55);
#16814=IFCEXTRUDEDAREASOLID(#16812,#16813,#55,0.63541666666666663);
#16815=IFCSHAPEREPRESENTATION(#24,'Body','SweptSolid',(#16814));
#16816=IFCPRODUCTDEFINITIONSHAPE($,$,(#16815));
#16817=IFCCARTESIANPOINT((10.833333333333371,-0.31770833333336762,12.));
#16818=IFCAXIS2PLACEMENT3D(#16817,$,$);
#16819=IFCLOCALPLACEMENT(#214,#16818);
#16820=IFCOPENINGELEMENT('3l1UhOj7aB7UUsW7i$T1eK',#6,'Door-Passage-Single-Vision_Lite:36" x 84":1240536:1',$,'Opening',#16819,#16816,'1240536');
#16821=IFCRELVOIDSELEMENT('26jjhu0DH0Lxf54cDa$KoS',#6,$,$,#226,#16820);
#16822=IFCRELFILLSELEMENT('3WCWV89LD1Lq4YWiaSeVNI',#6,$,$,#16820,#16682);
#16823=IFCAXIS2PLACEMENT3D(#19,$,$);
#16824=IFCLOCALPLACEMENT(#16819,#16823);
#16825=IFCCARTESIANPOINT((3.6666666666666661,1.6666666666666665));
#16826=IFCAXIS2PLACEMENT2D(#16825,#428);
#16827=IFCRECTANGLEPROFILEDEF(.AREA.,$,#16826,7.333333333333333,3.333333333333333);
#16828=IFCAXIS2PLACEMENT3D(#19,#96,#55);
#16829=IFCEXTRUDEDAREASOLID(#16827,#16828,#55,0.63541666666666663);
#16830=IFCSHAPEREPRESENTATION(#24,'Body','SweptSolid',(#16829));
#16831=IFCPRODUCTDEFINITIONSHAPE($,$,(#16830));
#16832=IFCCARTESIANPOINT((54.0833333333334,0.31770833333333215,12.));
#16833=IFCAXIS2PLACEMENT3D(#16832,$,$);
#16834=IFCLOCALPLACEMENT(#284,#16833);
#16835=IFCOPENINGELEMENT('3EZ8fEZ5QsIWaFK1br57oY',#6,'Door-Passage-Single-Vision_Lite:36" x 84":1240531:1',$,'Opening',#16834,#16831,'1240531');
#16836=IFCRELVOIDSELEMENT('26jjhu0DH0Lxf54cDa$KoN',#6,$,$,#296,#16835);
#16837=IFCRELFILLSELEMENT('37uFouvIIlhj2vip3r1mKr',#6,$,$,#16835,#16627);
#16838=IFCAXIS2PLACEMENT3D(#19,#55,#166);
#16839=IFCLOCALPLACEMENT(#16834,#16838);
#16840=IFCCARTESIANPOINT((3.6666666666666661,1.6666666666666665));
#16841=IFCAXIS2PLACEMENT2D(#16840,#428);
#16842=IFCRECTANGLEPROFILEDEF(.AREA.,$,#16841,7.333333333333333,3.333333333333333);
#16843=IFCAXIS2PLACEMENT3D(#19,#96,#55);
#16844=IFCEXTRUDEDAREASOLID(#16842,#16843,#55,0.63541666666666663);
#16845=IFCSHAPEREPRESENTATION(#24,'Body','SweptSolid',(#16844));
#16846=IFCPRODUCTDEFINITIONSHAPE($,$,(#16845));
#16847=IFCCARTESIANPOINT((12.833333333333307,0.31770833333333215,12.));
#16848=IFCAXIS2PLACEMENT3D(#16847,$,$);
#16849=IFCLOCALPLACEMENT(#284,#16848);
#16850=IFCOPENINGELEMENT('0xhHgbMC2mCyLmjkwyiIMV',#6,'Door-Passage-Single-Vision_Lite:36" x 84":1240532:1',$,'Opening',#16849,#16846,'1240532');
#16851=IFCRELVOIDSELEMENT('26jjhu0DH0Lxf54cDa$KoG',#6,$,$,#296,#16850);
#16852=IFCRELFILLSELEMENT('1OZ4Rqhu_mQ3IZXeRC0Hv5',#6,$,$,#16850,#16638);
#16853=IFCAXIS2PLACEMENT3D(#19,#55,#166);
#16854=IFCLOCALPLACEMENT(#16849,#16853);
#16855=IFCCARTESIANPOINT((3.6666666666666661,1.6666666666666665));
#16856=IFCAXIS2PLACEMENT2D(#16855,#428);
#16857=IFCRECTANGLEPROFILEDEF(.AREA.,$,#16856,7.333333333333333,3.333333333333333);
#16858=IFCAXIS2PLACEMENT3D(#19,#236,#55);
#16859=IFCEXTRUDEDAREASOLID(#16857,#16858,#55,0.63541666666666663);
#16860=IFCSHAPEREPRESENTATION(#24,'Body','SweptSolid',(#16859));
#16861=IFCPRODUCTDEFINITIONSHAPE($,$,(#16860));
#16862=IFCCARTESIANPOINT((67.166666666666671,-0.31770833333333215,12.));
#16863=IFCAXIS2PLACEMENT3D(#16862,$,$);
#16864=IFCLOCALPLACEMENT(#307,#16863);
#16865=IFCOPENINGELEMENT('0byPNBPAzPn0jsEhNyYwjI',#6,'Door-Passage-Single-Vision_Lite:36" x 84":1240533:1',$,'Opening',#16864,#16861,'1240533');
#16866=IFCRELVOIDSELEMENT('26jjhu0DH0Lxf54cDa$KoH',#6,$,$,#319,#16865);
#16867=IFCRELFILLSELEMENT('1SOIdxJm5DRUW2ZGdezJOr',#6,$,$,#16865,#16649);
#16868=IFCAXIS2PLACEMENT3D(#19,$,$);
#16869=IFCLOCALPLACEMENT(#16864,#16868);
#16870=IFCCARTESIANPOINT((3.6666666666666661,1.6666666666666665));
#16871=IFCAXIS2PLACEMENT2D(#16870,#428);
#16872=IFCRECTANGLEPROFILEDEF(.AREA.,$,#16871,7.333333333333333,3.333333333333333);
#16873=IFCAXIS2PLACEMENT3D(#19,#236,#55);
#16874=IFCEXTRUDEDAREASOLID(#16872,#16873,#55,0.63541666666666663);
#16875=IFCSHAPEREPRESENTATION(#24,'Body','SweptSolid',(#16874));
#16876=IFCPRODUCTDEFINITIONSHAPE($,$,(#16875));
#16877=IFCCARTESIANPOINT((1.,-0.31770833333333215,12.));
#16878=IFCAXIS2PLACEMENT3D(#16877,$,$);
#16879=IFCLOCALPLACEMENT(#307,#16878);
#16880=IFCOPENINGELEMENT('1mn0YRXfkipOvDt_WcqsxN',#6,'Door-Passage-Single-Vision_Lite:36" x 84":1240534:1',$,'Opening',#16879,#16876,'1240534');
#16881=IFCRELVOIDSELEMENT('26jjhu0DH0Lxf54cDa$KoI',#6,$,$,#319,#16880);
#16882=IFCRELFILLSELEMENT('3sI0xduZaMqIo3vCQsNySA',#6,$,$,#16880,#16660);
#16883=IFCCARTESIANPOINT((0.,-0.041666666666646535,0.));
#16884=IFCAXIS2PLACEMENT3D(#16883,$,$);
#16885=IFCLOCALPLACEMENT(#16879,#16884);
#16886=IFCCARTESIANPOINT((3.6666666666666661,1.6666666666666665));
#16887=IFCAXIS2PLACEMENT2D(#16886,#428);
#16888=IFCRECTANGLEPROFILEDEF(.AREA.,$,#16887,7.333333333333333,3.333333333333333);
#16889=IFCAXIS2PLACEMENT3D(#19,#236,#55);
#16890=IFCEXTRUDEDAREASOLID(#16888,#16889,#55,0.63541666666666663);
#16891=IFCSHAPEREPRESENTATION(#24,'Body','SweptSolid',(#16890));
#16892=IFCPRODUCTDEFINITIONSHAPE($,$,(#16891));
#16893=IFCCARTESIANPOINT((18.499999999999972,-0.31770833333339249,12.));
#16894=IFCAXIS2PLACEMENT3D(#16893,$,$);
#16895=IFCLOCALPLACEMENT(#353,#16894);
#16896=IFCOPENINGELEMENT('2LjUEocG4nikjVlX9Mf5h6',#6,'Door-Passage-Single-Vision_Lite:36" x 84":1240530:1',$,'Opening',#16895,#16892,'1240530');
#16897=IFCRELVOIDSELEMENT('26jjhu0DH0Lxf54cDa$KoM',#6,$,$,#365,#16896);
#16898=IFCRELFILLSELEMENT('01mpphkD2TaL$JGVVrgIrH',#6,$,$,#16896,#16616);
#16899=IFCAXIS2PLACEMENT3D(#19,$,$);
#16900=IFCLOCALPLACEMENT(#16895,#16899);
#16901=IFCCARTESIANPOINT((3.6666666666666665,1.6666666666666665));
#16902=IFCAXIS2PLACEMENT2D(#16901,#428);
#16903=IFCRECTANGLEPROFILEDEF(.AREA.,$,#16902,7.333333333333333,3.333333333333333);
#16904=IFCAXIS2PLACEMENT3D(#19,#236,#55);
#16905=IFCEXTRUDEDAREASOLID(#16903,#16904,#55,0.63541666666666663);
#16906=IFCSHAPEREPRESENTATION(#24,'Body','SweptSolid',(#16905));
#16907=IFCPRODUCTDEFINITIONSHAPE($,$,(#16906));
#16908=IFCCARTESIANPOINT((2.,-0.31770833333334281,0.));
#16909=IFCAXIS2PLACEMENT3D(#16908,$,$);
#16910=IFCLOCALPLACEMENT(#422,#16909);
#16911=IFCOPENINGELEMENT('1Lo1jvBZ1oN7GxH53VV6t6',#6,'Door-Passage-Single-Vision_Lite:36" x 84":1240528:1',$,'Opening',#16910,#16907,'1240528');
#16912=IFCRELVOIDSELEMENT('26jjhu0DH0Lxf54cDa$KoK',#6,$,$,#435,#16911);
#16913=IFCRELFILLSELEMENT('1xMc2PtwU7ikKF8zPAZmtc',#6,$,$,#16911,#16594);
#16914=IFCAXIS2PLACEMENT3D(#19,$,$);
#16915=IFCLOCALPLACEMENT(#16910,#16914);
#16916=IFCCARTESIANPOINT((3.6666666666666665,1.6666666666666665));
#16917=IFCAXIS2PLACEMENT2D(#16916,#428);
#16918=IFCRECTANGLEPROFILEDEF(.AREA.,$,#16917,7.333333333333333,3.333333333333333);
#16919=IFCAXIS2PLACEMENT3D(#19,#236,#55);
#16920=IFCEXTRUDEDAREASOLID(#16918,#16919,#55,0.63541666666666663);
#16921=IFCSHAPEREPRESENTATION(#24,'Body','SweptSolid',(#16920));
#16922=IFCPRODUCTDEFINITIONSHAPE($,$,(#16921));
#16923=IFCCARTESIANPOINT((0.50000000000010925,-0.3177083333333286,0.));
#16924=IFCAXIS2PLACEMENT3D(#16923,$,$);
#16925=IFCLOCALPLACEMENT(#446,#16924);
#16926=IFCOPENINGELEMENT('1eKcaODcwpA4j8J9fy4bHC',#6,'Door-Passage-Single-Vision_Lite:36" x 84":1240524:1',$,'Opening',#16925,#16922,'1240524');
#16927=IFCRELVOIDSELEMENT('26jjhu0DH0Lxf54cDa$Ko8',#6,$,$,#458,#16926);
#16928=IFCRELFILLSELEMENT('3TWJgDd8e6rsw9LNyKcIe3',#6,$,$,#16926,#8622);
#16929=IFCCARTESIANPOINT((-0.,-0.041666666666650087,0.));
#16930=IFCAXIS2PLACEMENT3D(#16929,$,$);
#16931=IFCLOCALPLACEMENT(#16925,#16930);
#16932=IFCCARTESIANPOINT((3.6666666666666665,1.6666666666666665));
#16933=IFCAXIS2PLACEMENT2D(#16932,#428);
#16934=IFCRECTANGLEPROFILEDEF(.AREA.,$,#16933,7.333333333333333,3.333333333333333);
#16935=IFCAXIS2PLACEMENT3D(#19,#236,#55);
#16936=IFCEXTRUDEDAREASOLID(#16934,#16935,#55,0.63541666666666663);
#16937=IFCSHAPEREPRESENTATION(#24,'Body','SweptSolid',(#16936));
#16938=IFCPRODUCTDEFINITIONSHAPE($,$,(#16937));
#16939=IFCCARTESIANPOINT((6.,-0.3177083333333286,0.));
#16940=IFCAXIS2PLACEMENT3D(#16939,$,$);
#16941=IFCLOCALPLACEMENT(#446,#16940);
#16942=IFCOPENINGELEMENT('1b1MQpolStjzuZ8$vug8Nq',#6,'Door-Passage-Single-Vision_Lite:36" x 84":1240525:1',$,'Opening',#16941,#16938,'1240525');
#16943=IFCRELVOIDSELEMENT('26jjhu0DH0Lxf54cDa$Ko9',#6,$,$,#458,#16942);
#16944=IFCRELFILLSELEMENT('3KnwwqDEhW5m5A1wJB9amd',#6,$,$,#16942,#16561);
#16945=IFCAXIS2PLACEMENT3D(#19,$,$);
#16946=IFCLOCALPLACEMENT(#16941,#16945);
#16947=IFCCARTESIANPOINT((3.6666666666666665,1.6666666666666665));
#16948=IFCAXIS2PLACEMENT2D(#16947,#428);
#16949=IFCRECTANGLEPROFILEDEF(.AREA.,$,#16948,7.333333333333333,3.333333333333333);
#16950=IFCAXIS2PLACEMENT3D(#19,#236,#55);
#16951=IFCEXTRUDEDAREASOLID(#16949,#16950,#55,0.63541666666666663);
#16952=IFCSHAPEREPRESENTATION(#24,'Body','SweptSolid',(#16951));
#16953=IFCPRODUCTDEFINITIONSHAPE($,$,(#16952));
#16954=IFCCARTESIANPOINT((0.50000000000000977,-0.3177083333333286,0.));
#16955=IFCAXIS2PLACEMENT3D(#16954,$,$);
#16956=IFCLOCALPLACEMENT(#492,#16955);
#16957=IFCOPENINGELEMENT('003fQCsjsDA50oKRmx60Wj',#6,'Door-Passage-Single-Vision_Lite:36" x 84":1240526:1',$,'Opening',#16956,#16953,'1240526');
#16958=IFCRELVOIDSELEMENT('26jjhu0DH0Lxf54cDa$KoA',#6,$,$,#504,#16957);
#16959=IFCRELFILLSELEMENT('147MEUm4OQuH8JXlqCCz0z',#6,$,$,#16957,#16572);
#16960=IFCCARTESIANPOINT((-0.,-0.041666666666650087,0.));
#16961=IFCAXIS2PLACEMENT3D(#16960,$,$);
#16962=IFCLOCALPLACEMENT(#16956,#16961);
#16963=IFCCARTESIANPOINT((3.6666666666666665,1.6666666666666665));
#16964=IFCAXIS2PLACEMENT2D(#16963,#428);
#16965=IFCRECTANGLEPROFILEDEF(.AREA.,$,#16964,7.333333333333333,3.333333333333333);
#16966=IFCAXIS2PLACEMENT3D(#19,#236,#55);
#16967=IFCEXTRUDEDAREASOLID(#16965,#16966,#55,0.63541666666666663);
#16968=IFCSHAPEREPRESENTATION(#24,'Body','SweptSolid',(#16967));
#16969=IFCPRODUCTDEFINITIONSHAPE($,$,(#16968));
#16970=IFCCARTESIANPOINT((1.4999999999999716,-0.31770833333334281,0.));
#16971=IFCAXIS2PLACEMENT3D(#16970,$,$);
#16972=IFCLOCALPLACEMENT(#515,#16971);
#16973=IFCOPENINGELEMENT('1vAurKDZQTrKTf4RSIez1N',#6,'Door-Passage-Single-Vision_Lite:36" x 84":1240527:1',$,'Opening',#16972,#16969,'1240527');
#16974=IFCRELVOIDSELEMENT('26jjhu0DH0Lxf54cDa$KoB',#6,$,$,#527,#16973);
#16975=IFCRELFILLSELEMENT('0Bly8RaihRshQJZa_8CKe2',#6,$,$,#16973,#16583);
#16976=IFCAXIS2PLACEMENT3D(#19,$,$);
#16977=IFCLOCALPLACEMENT(#16972,#16976);
#16978=IFCCARTESIANPOINT((3.6666666666666665,1.6666666666666665));
#16979=IFCAXIS2PLACEMENT2D(#16978,#428);
#16980=IFCRECTANGLEPROFILEDEF(.AREA.,$,#16979,7.333333333333333,3.333333333333333);
#16981=IFCAXIS2PLACEMENT3D(#19,#96,#55);
#16982=IFCEXTRUDEDAREASOLID(#16980,#16981,#55,0.63541666666666663);
#16983=IFCSHAPEREPRESENTATION(#24,'Body','SweptSolid',(#16982));
#16984=IFCPRODUCTDEFINITIONSHAPE($,$,(#16983));
#16985=IFCCARTESIANPOINT((20.833333333333346,0.31770833333326448,0.));
#16986=IFCAXIS2PLACEMENT3D(#16985,$,$);
#16987=IFCLOCALPLACEMENT(#538,#16986);
#16988=IFCOPENINGELEMENT('0ZNmrLI6Pefn2hMRtQLeJD',#6,'Door-Passage-Single-Vision_Lite:36" x 84":1240529:1',$,'Opening',#16987,#16984,'1240529');
#16989=IFCRELVOIDSELEMENT('26jjhu0DH0Lxf54cDa$KoL',#6,$,$,#550,#16988);
#16990=IFCRELFILLSELEMENT('29gprUX9UjfFnIIxjRwPtC',#6,$,$,#16988,#16605);
#16991=IFCAXIS2PLACEMENT3D(#19,#55,#166);
#16992=IFCLOCALPLACEMENT(#16987,#16991);
#16993=IFCUNITASSIGNMENT((#10,#14,#18,#92));
ENDSEC;

END-ISO-10303-21;