ISO-10303-21;
HEADER;
FILE_DESCRIPTION(('ViewDefinition [CoordinationView_V2.0]','RevitIdentifiers [ContentGUID: 8411928e-2dfa-43c8-95c6-f0f17360b8df, VersionGUID: f60729bf-1fc2-4fb9-a18c-45ff1ca4075d, NumberOfSaves: 21]','CoordinateReference [CoordinateBase: Shared Coordinates]'),'2;1');
FILE_NAME('floor_4_sankha.ifc','2026-06-28T22:01:03+05:30',(''),(''),'ODA SDAI 25.12','Autodesk - Revit 26.4.10.51 (ENU) - 26.4.10.51','');
FILE_SCHEMA(('IFC2X3'));
ENDSEC;

DATA;
#1=IFCORGANIZATION($,'Autodesk Revit 2026 (ENU)',$,$,$);
#2=IFCAPPLICATION(#1,'2026','Autodesk Revit 2026 (ENU)','Revit');
#3=IFCPERSON($,'','manameththp.21',$,$,$,$,$);
#4=IFCORGANIZATION($,'Organization Name','Organization Description',$,$);
#5=IFCPERSONANDORGANIZATION(#3,#4,$);
#6=IFCOWNERHISTORY(#5,#2,$,.NOCHANGE.,$,$,$,1782293031);
#7=IFCSIUNIT(*,.LENGTHUNIT.,$,.METRE.);
#8=IFCDIMENSIONALEXPONENTS(1,0,0,0,0,0,0);
#9=IFCMEASUREWITHUNIT(IFCLENGTHMEASURE(0.30480000000000002),#7);
#10=IFCCONVERSIONBASEDUNIT(#8,.LENGTHUNIT.,'FOOT',#9);
#11=IFCSIUNIT(*,.AREAUNIT.,$,.SQUARE_METRE.);
#12=IFCDIMENSIONALEXPONENTS(2,0,0,0,0,0,0);
#13=IFCMEASUREWITHUNIT(IFCAREAMEASURE(0.092903040000000006),#11);
#14=IFCCONVERSIONBASEDUNIT(#12,.AREAUNIT.,'SQUARE FOOT',#13);
#15=IFCSIUNIT(*,.VOLUMEUNIT.,$,.CUBIC_METRE.);
#16=IFCDIMENSIONALEXPONENTS(3,0,0,0,0,0,0);
#17=IFCMEASUREWITHUNIT(IFCVOLUMEMEASURE(0.028316846592000004),#15);
#18=IFCCONVERSIONBASEDUNIT(#16,.VOLUMEUNIT.,'CUBIC FOOT',#17);
#19=IFCCARTESIANPOINT((0.,0.,0.));
#20=IFCAXIS2PLACEMENT3D(#19,$,$);
#21=IFCDIRECTION((0.,1.));
#22=IFCGEOMETRICREPRESENTATIONCONTEXT($,'Model',3,0.0001,#20,#21);
#23=IFCGEOMETRICREPRESENTATIONSUBCONTEXT('Axis','Model',*,*,*,*,#22,$,.GRAPH_VIEW.,$);
#24=IFCGEOMETRICREPRESENTATIONSUBCONTEXT('Body','Model',*,*,*,*,#22,$,.MODEL_VIEW.,$);
#25=IFCGEOMETRICREPRESENTATIONSUBCONTEXT('Box','Model',*,*,*,*,#22,$,.MODEL_VIEW.,$);
#26=IFCGEOMETRICREPRESENTATIONSUBCONTEXT('FootPrint','Model',*,*,*,*,#22,$,.MODEL_VIEW.,$);
#27=IFCPROJECT('244PAEBVf3o9N6yF6CdqSl',#6,'Project Number',$,$,'Project Name','Project Status',(#22),#17829);
#28=IFCPOSTALADDRESS($,$,$,$,('Enter address here\X\0D\X\0AAddress Line 2'),$,'','Boston','','MA');
#29=IFCAXIS2PLACEMENT3D(#19,$,$);
#30=IFCLOCALPLACEMENT(#40,#29);
#31=IFCBUILDING('244PAEBVf3o9N6yF6CdqSk',#6,'Building Name',$,$,#30,$,'Building Name',.ELEMENT.,$,$,#28);
#32=IFCAXIS2PLACEMENT3D(#19,$,$);
#33=IFCLOCALPLACEMENT(#30,#32);
#34=IFCBUILDINGSTOREY('2JF4e6axWHqu3u0C1FZlmi',#6,'L1',$,$,#33,$,'L1',.ELEMENT.,0.);
#35=IFCCARTESIANPOINT((0.,0.,12.));
#36=IFCAXIS2PLACEMENT3D(#35,$,$);
#37=IFCLOCALPLACEMENT(#30,#36);
#38=IFCBUILDINGSTOREY('1ZGO8hrFCHqw0v0026FpFv',#6,'L2',$,$,#37,$,'L2',.ELEMENT.,12.);
#39=IFCAXIS2PLACEMENT3D(#19,$,$);
#40=IFCLOCALPLACEMENT($,#39);
#41=IFCSITE('244PAEBVf3o9N6yF6CdqSj',#6,'Default',$,$,#40,$,$,.ELEMENT.,(42,21,31,401672),(-71,-3,-24,-345703),0.,$,$);
#42=IFCCARTESIANPOINT((49.850938550906505,26.266340728084316,0.));
#43=IFCDIRECTION((0.,0.,1.));
#44=IFCDIRECTION((-1.,0.,0.));
#45=IFCAXIS2PLACEMENT3D(#42,#43,#44);
#46=IFCLOCALPLACEMENT(#33,#45);
#47=IFCCARTESIANPOINT((0.,0.));
#48=IFCCARTESIANPOINT((73.401041666666629,0.));
#49=IFCPOLYLINE((#47,#48));
#50=IFCSHAPEREPRESENTATION(#23,'Axis','Curve2D',(#49));
#51=IFCPRODUCTDEFINITIONSHAPE($,$,(#50,#63));
#52=IFCCARTESIANPOINT((36.700520833333314,-1.7763568394002505E-015));
#53=IFCDIRECTION((1.,0.));
#54=IFCAXIS2PLACEMENT2D(#52,#53);
#55=IFCRECTANGLEPROFILEDEF(.AREA.,$,#54,73.401041666666629,0.63541666666666785);
#56=IFCAXIS2PLACEMENT3D(#19,$,$);
#57=IFCEXTRUDEDAREASOLID(#55,#56,#43,12.);
#58=IFCCOLOURRGB($,0.59999999999999998,0.58823529411764708,0.55686274509803924);
#59=IFCSURFACESTYLERENDERING(#58,0.,$,$,$,$,IFCNORMALISEDRATIOMEASURE(0.5),IFCSPECULAREXPONENT(128.),.NOTDEFINED.);
#60=IFCSURFACESTYLE('Concrete Masonry Units',.BOTH.,(#59));
#61=IFCPRESENTATIONSTYLEASSIGNMENT((#60));
#62=IFCSTYLEDITEM(#57,(#61),$);
#63=IFCSHAPEREPRESENTATION(#24,'Body','SweptSolid',(#57));
#64=IFCWALLSTANDARDCASE('26jjhu0DH0Lxf54dTa$KpZ',#6,'Basic Wall:Generic - 8" Masonry:1240487',$,$,#46,#51,'1240487');
#65=IFCMATERIAL('Concrete Masonry Units');
#66=IFCPRESENTATIONSTYLEASSIGNMENT((#60));
#67=IFCSTYLEDITEM($,(#66),$);
#68=IFCSTYLEDREPRESENTATION(#22,'Style','Material',(#67));
#69=IFCMATERIALDEFINITIONREPRESENTATION($,$,(#68),#65);
#70=IFCMATERIALLAYER(#65,0.63541666666666663,$);
#71=IFCMATERIALLAYERSET((#70),'Basic Wall:Generic - 8" Masonry');
#72=IFCMATERIALLAYERSETUSAGE(#71,.AXIS2.,.NEGATIVE.,0.31770833333333331);
#73=IFCWALLTYPE('1xZrMVYp52mhf4uMzw11Hr',#6,'Basic Wall:Generic - 8" Masonry',$,$,(#86,#95),$,'441456',$,.STANDARD.);
#74=IFCPROPERTYSINGLEVALUE('Reference',$,IFCIDENTIFIER('Generic - 8" Masonry'),$);
#75=IFCPROPERTYSET('0b3DBtxezqRckGCsZUHmch',#6,'Pset_QuantityTakeOff',$,(#74));
#76=IFCPROPERTYSINGLEVALUE('Reference',$,IFCLABEL('Generic - 8" Masonry'),$);
#77=IFCPROPERTYSET('3o0RwMnGmHybJNmnS3Bndh',#6,'Pset_ReinforcementBarPitchOfWall',$,(#76));
#78=IFCPROPERTYSINGLEVALUE('IsExternal',$,IFCBOOLEAN(.T.),$);
#79=IFCPROPERTYSINGLEVALUE('ExtendToStructure',$,IFCBOOLEAN(.F.),$);
#80=IFCPROPERTYSINGLEVALUE('LoadBearing',$,IFCBOOLEAN(.F.),$);
#81=IFCPROPERTYSET('3kdeN_r3_hDtZaKqfJg9_g',#6,'Pset_WallCommon',$,(#74,#78,#79,#80));
#82=IFCRELDEFINESBYPROPERTIES('2BZ0VPzIquqLE1wXARbljf',#6,$,$,(#64),#75);
#83=IFCRELDEFINESBYPROPERTIES('21mlVgUsylfFjpKnqappOu',#6,$,$,(#64),#77);
#84=IFCRELDEFINESBYPROPERTIES('1Jatldz6uiIMWp$v5WHs3i',#6,$,$,(#64),#81);
#85=IFCPROPERTYSINGLEVALUE('Description',$,IFCTEXT('Generic Wall (Material By Category), 8" thick, Masonry pattern'),$);
#86=IFCPROPERTYSET('2s6eAtIJTD0aGZTWL56Grg',#6,'Pset_ReinforcementBarPitchOfWall',$,(#85));
#87=IFCSIUNIT(*,.MASSUNIT.,.KILO.,.GRAM.);
#88=IFCDERIVEDUNITELEMENT(#87,1);
#89=IFCSIUNIT(*,.THERMODYNAMICTEMPERATUREUNIT.,$,.KELVIN.);
#90=IFCDERIVEDUNITELEMENT(#89,-1);
#91=IFCSIUNIT(*,.TIMEUNIT.,$,.SECOND.);
#92=IFCDERIVEDUNITELEMENT(#91,-3);
#93=IFCDERIVEDUNIT((#88,#90,#92),.THERMALTRANSMITTANCEUNIT.,$);
#94=IFCPROPERTYSINGLEVALUE('ThermalTransmittance',$,IFCTHERMALTRANSMITTANCEMEASURE(6.7122757196334071),$);
#95=IFCPROPERTYSET('21WhhWuEpTriHH3rgRfvZ2',#6,'Pset_WallCommon',$,(#94));
#96=IFCCARTESIANPOINT((49.850938550906505,-19.037936344250767,0.));
#97=IFCAXIS2PLACEMENT3D(#96,#43,#44);
#98=IFCLOCALPLACEMENT(#33,#97);
#99=IFCCARTESIANPOINT((72.453124999999972,0.));
#100=IFCPOLYLINE((#47,#99));
#101=IFCSHAPEREPRESENTATION(#23,'Axis','Curve2D',(#100));
#102=IFCPRODUCTDEFINITIONSHAPE($,$,(#101,#109));
#103=IFCCARTESIANPOINT((36.226562499999986,-1.7763568394002505E-015));
#104=IFCAXIS2PLACEMENT2D(#103,#53);
#105=IFCRECTANGLEPROFILEDEF(.AREA.,$,#104,72.453124999999957,0.63541666666666785);
#106=IFCAXIS2PLACEMENT3D(#19,$,$);
#107=IFCEXTRUDEDAREASOLID(#105,#106,#43,12.);
#108=IFCSTYLEDITEM(#107,(#61),$);
#109=IFCSHAPEREPRESENTATION(#24,'Body','SweptSolid',(#107));
#110=IFCWALLSTANDARDCASE('26jjhu0DH0Lxf54dTa$Kpi',#6,'Basic Wall:Generic - 8" Masonry:1240488',$,$,#98,#102,'1240488');
#111=IFCMATERIALLAYERSETUSAGE(#71,.AXIS2.,.NEGATIVE.,0.31770833333333331);
#112=IFCPROPERTYSET('2_ZkG8Ckfjtdlo1J5TyePw',#6,'Pset_QuantityTakeOff',$,(#74));
#113=IFCPROPERTYSINGLEVALUE('Reference',$,IFCLABEL('Generic - 8" Masonry'),$);
#114=IFCPROPERTYSET('2brsHS7GO8lPOHkYyEjlrI',#6,'Pset_ReinforcementBarPitchOfWall',$,(#113));
#115=IFCPROPERTYSET('1YAU9PMFk9DxJeHE8gEnSS',#6,'Pset_WallCommon',$,(#74,#78,#79,#80));
#116=IFCRELDEFINESBYPROPERTIES('2NBte93YUhAgdOUnx_GZHg',#6,$,$,(#110),#112);
#117=IFCRELDEFINESBYPROPERTIES('0EHarfF3XbMr0Fx1q2fEQV',#6,$,$,(#110),#114);
#118=IFCRELDEFINESBYPROPERTIES('0lfV7k1DJYi52DMNUKvXWr',#6,$,$,(#110),#115);
#119=IFCCARTESIANPOINT((-22.284478115760066,19.113105322415944,0.));
#120=IFCDIRECTION((0.,-1.,0.));
#121=IFCAXIS2PLACEMENT3D(#119,#43,#120);
#122=IFCLOCALPLACEMENT(#33,#121);
#123=IFCCARTESIANPOINT((37.833333333333371,0.));
#124=IFCPOLYLINE((#47,#123));
#125=IFCSHAPEREPRESENTATION(#23,'Axis','Curve2D',(#124));
#126=IFCPRODUCTDEFINITIONSHAPE($,$,(#125,#134));
#127=IFCCARTESIANPOINT((18.916666666666686,8.8817841970012523E-016));
#128=IFCDIRECTION((-1.,0.));
#129=IFCAXIS2PLACEMENT2D(#127,#128);
#130=IFCRECTANGLEPROFILEDEF(.AREA.,$,#129,37.833333333333371,0.6354166666666643);
#131=IFCAXIS2PLACEMENT3D(#19,$,$);
#132=IFCEXTRUDEDAREASOLID(#130,#131,#43,12.);
#133=IFCSTYLEDITEM(#132,(#61),$);
#134=IFCSHAPEREPRESENTATION(#24,'Body','SweptSolid',(#132));
#135=IFCWALLSTANDARDCASE('26jjhu0DH0Lxf54dTa$Kpj',#6,'Basic Wall:Generic - 8" Masonry:1240489',$,$,#122,#126,'1240489');
#136=IFCMATERIALLAYERSETUSAGE(#71,.AXIS2.,.NEGATIVE.,0.31770833333333331);
#137=IFCPROPERTYSET('0SaGVZ_CeIt57YL9ilJKGS',#6,'Pset_QuantityTakeOff',$,(#74));
#138=IFCPROPERTYSINGLEVALUE('Reference',$,IFCLABEL('Generic - 8" Masonry'),$);
#139=IFCPROPERTYSET('31ExIhJB10UbByqUpb8tkx',#6,'Pset_ReinforcementBarPitchOfWall',$,(#138));
#140=IFCPROPERTYSET('12lqJHDSVkCKkohIs7i9sN',#6,'Pset_WallCommon',$,(#74,#78,#79,#80));
#141=IFCRELDEFINESBYPROPERTIES('2tmDk53HdsaHbpkMeqx27H',#6,$,$,(#135),#137);
#142=IFCRELDEFINESBYPROPERTIES('3AbVae37LvwtLfYtOeSNqb',#6,$,$,(#135),#139);
#143=IFCRELDEFINESBYPROPERTIES('3o4osy0A$L$S1jBxTDplUn',#6,$,$,(#135),#140);
#144=IFCCARTESIANPOINT((-22.602186449093395,18.795396989082608,0.));
#145=IFCAXIS2PLACEMENT3D(#144,#43,#44);
#146=IFCLOCALPLACEMENT(#33,#145);
#147=IFCCARTESIANPOINT((83.166666666666714,0.));
#148=IFCPOLYLINE((#47,#147));
#149=IFCSHAPEREPRESENTATION(#23,'Axis','Curve2D',(#148));
#150=IFCPRODUCTDEFINITIONSHAPE($,$,(#149,#157));
#151=IFCCARTESIANPOINT((41.583333333333357,-9.9920072216264089E-016));
#152=IFCAXIS2PLACEMENT2D(#151,#53);
#153=IFCRECTANGLEPROFILEDEF(.AREA.,$,#152,83.166666666666714,0.63541666666666785);
#154=IFCAXIS2PLACEMENT3D(#19,$,$);
#155=IFCEXTRUDEDAREASOLID(#153,#154,#43,12.);
#156=IFCSTYLEDITEM(#155,(#61),$);
#157=IFCSHAPEREPRESENTATION(#24,'Body','SweptSolid',(#155));
#158=IFCWALLSTANDARDCASE('26jjhu0DH0Lxf54dTa$Kpk',#6,'Basic Wall:Generic - 8" Masonry:1240490',$,$,#146,#150,'1240490');
#159=IFCMATERIALLAYERSETUSAGE(#71,.AXIS2.,.NEGATIVE.,0.31770833333333331);
#160=IFCPROPERTYSET('1gCdfsE_Iw2h$C6TqnST4Z',#6,'Pset_QuantityTakeOff',$,(#74));
#161=IFCPROPERTYSINGLEVALUE('Reference',$,IFCLABEL('Generic - 8" Masonry'),$);
#162=IFCPROPERTYSET('0jqREnZiRcsXtgwVynbPJ2',#6,'Pset_ReinforcementBarPitchOfWall',$,(#161));
#163=IFCPROPERTYSET('2rLj35NFwKx628wrr9fe4U',#6,'Pset_WallCommon',$,(#74,#78,#79,#80));
#164=IFCRELDEFINESBYPROPERTIES('26FTUwe0gdmfTbP7nWsLwq',#6,$,$,(#158),#160);
#165=IFCRELDEFINESBYPROPERTIES('1Ewa4KgIpTuHr7YewJJg1P',#6,$,$,(#158),#162);
#166=IFCRELDEFINESBYPROPERTIES('1jJjzPdJm7_NWpVDTI9Hut',#6,$,$,(#158),#163);
#167=IFCCARTESIANPOINT((-105.45114478242678,19.11310532241621,0.));
#168=IFCDIRECTION((0.,1.,0.));
#169=IFCAXIS2PLACEMENT3D(#167,#43,#168);
#170=IFCLOCALPLACEMENT(#33,#169);
#171=IFCCARTESIANPOINT((7.4709437390018998,0.));
#172=IFCPOLYLINE((#47,#171));
#173=IFCSHAPEREPRESENTATION(#23,'Axis','Curve2D',(#172));
#174=IFCPRODUCTDEFINITIONSHAPE($,$,(#173,#181));
#175=IFCCARTESIANPOINT((3.7354718695009499,0.));
#176=IFCAXIS2PLACEMENT2D(#175,#128);
#177=IFCRECTANGLEPROFILEDEF(.AREA.,$,#176,7.4709437390018998,0.63541666666665719);
#178=IFCAXIS2PLACEMENT3D(#19,$,$);
#179=IFCEXTRUDEDAREASOLID(#177,#178,#43,12.);
#180=IFCSTYLEDITEM(#179,(#61),$);
#181=IFCSHAPEREPRESENTATION(#24,'Body','SweptSolid',(#179));
#182=IFCWALLSTANDARDCASE('26jjhu0DH0Lxf54dTa$Kpl',#6,'Basic Wall:Generic - 8" Masonry:1240491',$,$,#170,#174,'1240491');
#183=IFCMATERIALLAYERSETUSAGE(#71,.AXIS2.,.NEGATIVE.,0.31770833333333331);
#184=IFCPROPERTYSET('3E52Q_YbabOSO3wQ_OffwY',#6,'Pset_QuantityTakeOff',$,(#74));
#185=IFCPROPERTYSINGLEVALUE('Reference',$,IFCLABEL('Generic - 8" Masonry'),$);
#186=IFCPROPERTYSET('0gQ26ky2$Z8wvsuYJmbqoF',#6,'Pset_ReinforcementBarPitchOfWall',$,(#185));
#187=IFCPROPERTYSET('0igpQuDd8qmVbHG9wTkyYt',#6,'Pset_WallCommon',$,(#74,#78,#79,#80));
#188=IFCRELDEFINESBYPROPERTIES('2Koge9yRm$DLO0Zr3WB3WV',#6,$,$,(#182),#184);
#189=IFCRELDEFINESBYPROPERTIES('1a3d6l1wJQCS1n9kHZxYVW',#6,$,$,(#182),#186);
#190=IFCRELDEFINESBYPROPERTIES('23y3Rrw8VrkymxwSr4doYV',#6,$,$,(#182),#187);
#191=IFCCARTESIANPOINT((-105.13343644909344,26.266340728084767,0.));
#192=IFCAXIS2PLACEMENT3D(#191,$,$);
#193=IFCLOCALPLACEMENT(#33,#192);
#194=IFCCARTESIANPOINT((13.666666666666686,0.));
#195=IFCPOLYLINE((#47,#194));
#196=IFCSHAPEREPRESENTATION(#23,'Axis','Curve2D',(#195));
#197=IFCPRODUCTDEFINITIONSHAPE($,$,(#196,#204));
#198=IFCCARTESIANPOINT((6.8333333333333428,8.0491169285323849E-016));
#199=IFCAXIS2PLACEMENT2D(#198,#128);
#200=IFCRECTANGLEPROFILEDEF(.AREA.,$,#199,13.666666666666686,0.6354166666666643);
#201=IFCAXIS2PLACEMENT3D(#19,$,$);
#202=IFCEXTRUDEDAREASOLID(#200,#201,#43,12.);
#203=IFCSTYLEDITEM(#202,(#61),$);
#204=IFCSHAPEREPRESENTATION(#24,'Body','SweptSolid',(#202));
#205=IFCWALLSTANDARDCASE('26jjhu0DH0Lxf54dTa$Kpe',#6,'Basic Wall:Generic - 8" Masonry:1240492',$,$,#193,#197,'1240492');
#206=IFCMATERIALLAYERSETUSAGE(#71,.AXIS2.,.NEGATIVE.,0.31770833333333331);
#207=IFCPROPERTYSET('12hcAjy8tggC2W1fHpuRE$',#6,'Pset_QuantityTakeOff',$,(#74));
#208=IFCPROPERTYSINGLEVALUE('Reference',$,IFCLABEL('Generic - 8" Masonry'),$);
#209=IFCPROPERTYSET('0oCmLosd7lQBQdv4mx0wfg',#6,'Pset_ReinforcementBarPitchOfWall',$,(#208));
#210=IFCPROPERTYSET('3$dOHdeLWb_FQymuvccBQT',#6,'Pset_WallCommon',$,(#74,#78,#79,#80));
#211=IFCRELDEFINESBYPROPERTIES('0NzXsA_XRoT4GLe3C1aFIh',#6,$,$,(#205),#207);
#212=IFCRELDEFINESBYPROPERTIES('3PcomrtCeihH3FK6LzLXNc',#6,$,$,(#205),#209);
#213=IFCRELDEFINESBYPROPERTIES('3MwMjW0zKxCRsMHq8AdiIf',#6,$,$,(#205),#210);
#214=IFCCARTESIANPOINT((-94.20114478242678,26.584049061417907,0.));
#215=IFCAXIS2PLACEMENT3D(#214,#43,#168);
#216=IFCLOCALPLACEMENT(#33,#215);
#217=IFCCARTESIANPOINT((12.,0.));
#218=IFCPOLYLINE((#47,#217));
#219=IFCSHAPEREPRESENTATION(#23,'Axis','Curve2D',(#218));
#220=IFCPRODUCTDEFINITIONSHAPE($,$,(#219,#227));
#221=IFCCARTESIANPOINT((6.0000000000001137,-7.1054273576010019E-015));
#222=IFCAXIS2PLACEMENT2D(#221,#53);
#223=IFCRECTANGLEPROFILEDEF(.AREA.,$,#222,12.000000000000227,0.6354166666666714);
#224=IFCAXIS2PLACEMENT3D(#19,$,$);
#225=IFCEXTRUDEDAREASOLID(#223,#224,#43,12.);
#226=IFCSTYLEDITEM(#225,(#61),$);
#227=IFCSHAPEREPRESENTATION(#24,'Body','SweptSolid',(#225));
#228=IFCWALLSTANDARDCASE('26jjhu0DH0Lxf54dTa$Kpf',#6,'Basic Wall:Generic - 8" Masonry:1240493',$,$,#216,#220,'1240493');
#229=IFCMATERIALLAYERSETUSAGE(#71,.AXIS2.,.NEGATIVE.,0.31770833333333331);
#230=IFCPROPERTYSET('06MPLQd5Dm$P7JLbF7XyB0',#6,'Pset_QuantityTakeOff',$,(#74));
#231=IFCPROPERTYSINGLEVALUE('Reference',$,IFCLABEL('Generic - 8" Masonry'),$);
#232=IFCPROPERTYSET('23LxnFr4VFernCGJmQBPPK',#6,'Pset_ReinforcementBarPitchOfWall',$,(#231));
#233=IFCPROPERTYSET('1XqWTtLPnrOkm6z9loeqQY',#6,'Pset_WallCommon',$,(#74,#78,#79,#80));
#234=IFCRELDEFINESBYPROPERTIES('1GffB$vOMROT89VTxYLtPE',#6,$,$,(#228),#230);
#235=IFCRELDEFINESBYPROPERTIES('2_lh2JeeCgxZCtFk9toUXf',#6,$,$,(#228),#232);
#236=IFCRELDEFINESBYPROPERTIES('0Tz2f1iR5Rhr4r3sKy8Fo_',#6,$,$,(#228),#233);
#237=IFCCARTESIANPOINT((-93.883436449093438,38.266340728084799,0.));
#238=IFCAXIS2PLACEMENT3D(#237,$,$);
#239=IFCLOCALPLACEMENT(#33,#238);
#240=IFCCARTESIANPOINT((10.468749999999986,0.));
#241=IFCPOLYLINE((#47,#240));
#242=IFCSHAPEREPRESENTATION(#23,'Axis','Curve2D',(#241));
#243=IFCPRODUCTDEFINITIONSHAPE($,$,(#242,#250));
#244=IFCCARTESIANPOINT((5.2343749999999929,0.));
#245=IFCAXIS2PLACEMENT2D(#244,#128);
#246=IFCRECTANGLEPROFILEDEF(.AREA.,$,#245,10.468749999999986,0.6354166666666714);
#247=IFCAXIS2PLACEMENT3D(#19,$,$);
#248=IFCEXTRUDEDAREASOLID(#246,#247,#43,12.);
#249=IFCSTYLEDITEM(#248,(#61),$);
#250=IFCSHAPEREPRESENTATION(#24,'Body','SweptSolid',(#248));
#251=IFCWALLSTANDARDCASE('26jjhu0DH0Lxf54dTa$Kpg',#6,'Basic Wall:Generic - 8" Masonry:1240494',$,$,#239,#243,'1240494');
#252=IFCMATERIALLAYERSETUSAGE(#71,.AXIS2.,.NEGATIVE.,0.31770833333333331);
#253=IFCPROPERTYSET('3$0jgVZCEgmxxle1tVgqRt',#6,'Pset_QuantityTakeOff',$,(#74));
#254=IFCPROPERTYSINGLEVALUE('Reference',$,IFCLABEL('Generic - 8" Masonry'),$);
#255=IFCPROPERTYSET('1_NWp9d$wLW1eqWgR85udi',#6,'Pset_ReinforcementBarPitchOfWall',$,(#254));
#256=IFCPROPERTYSET('1Ktx4MV$pxfUbyqW6S7bG5',#6,'Pset_WallCommon',$,(#74,#78,#79,#80));
#257=IFCRELDEFINESBYPROPERTIES('2bJkfdj9lvyUcRuR_cvlIM',#6,$,$,(#251),#253);
#258=IFCRELDEFINESBYPROPERTIES('0Q1Wz9sFKEFCeXfF3ZuCnt',#6,$,$,(#251),#255);
#259=IFCRELDEFINESBYPROPERTIES('1tEKFSMFfo1P_sWiRB8lAm',#6,$,$,(#251),#256);
#260=IFCCARTESIANPOINT((-83.73239478242678,37.948632394751471,0.));
#261=IFCAXIS2PLACEMENT3D(#260,#43,#120);
#262=IFCLOCALPLACEMENT(#33,#261);
#263=IFCCARTESIANPOINT((4.25,0.));
#264=IFCPOLYLINE((#47,#263));
#265=IFCSHAPEREPRESENTATION(#23,'Axis','Curve2D',(#264));
#266=IFCPRODUCTDEFINITIONSHAPE($,$,(#265,#273));
#267=IFCCARTESIANPOINT((2.125,0.));
#268=IFCAXIS2PLACEMENT2D(#267,#128);
#269=IFCRECTANGLEPROFILEDEF(.AREA.,$,#268,4.25,0.63541666666665719);
#270=IFCAXIS2PLACEMENT3D(#19,$,$);
#271=IFCEXTRUDEDAREASOLID(#269,#270,#43,12.);
#272=IFCSTYLEDITEM(#271,(#61),$);
#273=IFCSHAPEREPRESENTATION(#24,'Body','SweptSolid',(#271));
#274=IFCWALLSTANDARDCASE('26jjhu0DH0Lxf54dTa$Kph',#6,'Basic Wall:Generic - 8" Masonry:1240495',$,$,#262,#266,'1240495');
#275=IFCMATERIALLAYERSETUSAGE(#71,.AXIS2.,.NEGATIVE.,0.31770833333333331);
#276=IFCPROPERTYSET('0ESCR0mH2X4_cii701wsfn',#6,'Pset_QuantityTakeOff',$,(#74));
#277=IFCPROPERTYSINGLEVALUE('Reference',$,IFCLABEL('Generic - 8" Masonry'),$);
#278=IFCPROPERTYSET('1b3S5B4hnJn1ahxRgnBhj0',#6,'Pset_ReinforcementBarPitchOfWall',$,(#277));
#279=IFCPROPERTYSET('1n6sUSzZuFLrkGNjwTxICX',#6,'Pset_WallCommon',$,(#74,#78,#79,#80));
#280=IFCRELDEFINESBYPROPERTIES('00mPw3SBvHp0tYRc706OOf',#6,$,$,(#274),#276);
#281=IFCRELDEFINESBYPROPERTIES('3EwlevbAnJQUPQwL0gfN0e',#6,$,$,(#274),#278);
#282=IFCRELDEFINESBYPROPERTIES('2rMAOrH63_$6VbMDhvTyh8',#6,$,$,(#274),#279);
#283=IFCCARTESIANPOINT((-83.414686449093452,34.016340728084799,0.));
#284=IFCAXIS2PLACEMENT3D(#283,$,$);
#285=IFCLOCALPLACEMENT(#33,#284);
#286=IFCCARTESIANPOINT((5.6666666666666288,0.));
#287=IFCPOLYLINE((#47,#286));
#288=IFCSHAPEREPRESENTATION(#23,'Axis','Curve2D',(#287));
#289=IFCPRODUCTDEFINITIONSHAPE($,$,(#288,#296));
#290=IFCCARTESIANPOINT((2.8333333333333144,0.));
#291=IFCAXIS2PLACEMENT2D(#290,#128);
#292=IFCRECTANGLEPROFILEDEF(.AREA.,$,#291,5.6666666666666288,0.6354166666666714);
#293=IFCAXIS2PLACEMENT3D(#19,$,$);
#294=IFCEXTRUDEDAREASOLID(#292,#293,#43,12.);
#295=IFCSTYLEDITEM(#294,(#61),$);
#296=IFCSHAPEREPRESENTATION(#24,'Body','SweptSolid',(#294));
#297=IFCWALLSTANDARDCASE('26jjhu0DH0Lxf54dTa$Kpq',#6,'Basic Wall:Generic - 8" Masonry:1240496',$,$,#285,#289,'1240496');
#298=IFCMATERIALLAYERSETUSAGE(#71,.AXIS2.,.NEGATIVE.,0.31770833333333331);
#299=IFCPROPERTYSET('1Am0YBlqH9FhtyV1dEfQy7',#6,'Pset_QuantityTakeOff',$,(#74));
#300=IFCPROPERTYSINGLEVALUE('Reference',$,IFCLABEL('Generic - 8" Masonry'),$);
#301=IFCPROPERTYSET('0sy$xid5QRa7wJZ7UpbzKm',#6,'Pset_ReinforcementBarPitchOfWall',$,(#300));
#302=IFCPROPERTYSET('1GcNzMnmouTiOGrLp3AZVZ',#6,'Pset_WallCommon',$,(#74,#78,#79,#80));
#303=IFCRELDEFINESBYPROPERTIES('3YWvsK_KBKub97l0c80dxu',#6,$,$,(#297),#299);
#304=IFCRELDEFINESBYPROPERTIES('2tc47DAQ8avBIm6FkWC8QM',#6,$,$,(#297),#301);
#305=IFCRELDEFINESBYPROPERTIES('1lu2a3aqsIJI45JteLKbxH',#6,$,$,(#297),#302);
#306=IFCCARTESIANPOINT((-78.065728115760152,33.698632394751471,0.));
#307=IFCAXIS2PLACEMENT3D(#306,#43,#120);
#308=IFCLOCALPLACEMENT(#33,#307);
#309=IFCCARTESIANPOINT((7.1145833333336448,0.));
#310=IFCPOLYLINE((#47,#309));
#311=IFCSHAPEREPRESENTATION(#23,'Axis','Curve2D',(#310));
#312=IFCPRODUCTDEFINITIONSHAPE($,$,(#311,#319));
#313=IFCCARTESIANPOINT((3.5572916666668206,-7.1054273576010019E-015));
#314=IFCAXIS2PLACEMENT2D(#313,#53);
#315=IFCRECTANGLEPROFILEDEF(.AREA.,$,#314,7.1145833333336412,0.6354166666666714);
#316=IFCAXIS2PLACEMENT3D(#19,$,$);
#317=IFCEXTRUDEDAREASOLID(#315,#316,#43,12.);
#318=IFCSTYLEDITEM(#317,(#61),$);
#319=IFCSHAPEREPRESENTATION(#24,'Body','SweptSolid',(#317));
#320=IFCWALLSTANDARDCASE('26jjhu0DH0Lxf54dTa$Kpr',#6,'Basic Wall:Generic - 8" Masonry:1240497',$,$,#308,#312,'1240497');
#321=IFCMATERIALLAYERSETUSAGE(#71,.AXIS2.,.NEGATIVE.,0.31770833333333331);
#322=IFCPROPERTYSET('2PF6puWJM28TI7jRZQQbrY',#6,'Pset_QuantityTakeOff',$,(#74));
#323=IFCPROPERTYSINGLEVALUE('Reference',$,IFCLABEL('Generic - 8" Masonry'),$);
#324=IFCPROPERTYSET('1kr5oEUEaLQdPXjI0R1_dT',#6,'Pset_ReinforcementBarPitchOfWall',$,(#323));
#325=IFCPROPERTYSET('0KahUnalF7BquSovcx9r$b',#6,'Pset_WallCommon',$,(#74,#78,#79,#80));
#326=IFCRELDEFINESBYPROPERTIES('0NfIRMQofuEiU43AUEckBA',#6,$,$,(#320),#322);
#327=IFCRELDEFINESBYPROPERTIES('2RsBWTlxt2LM3nh5YQrunU',#6,$,$,(#320),#324);
#328=IFCRELDEFINESBYPROPERTIES('1qgkbAV$Tdmku3xLBiCVmp',#6,$,$,(#320),#325);
#329=IFCCARTESIANPOINT((-23.550103115760106,26.266340728084316,0.));
#330=IFCAXIS2PLACEMENT3D(#329,#43,#44);
#331=IFCLOCALPLACEMENT(#33,#330);
#332=IFCCARTESIANPOINT((62.5,0.));
#333=IFCPOLYLINE((#47,#332));
#334=IFCSHAPEREPRESENTATION(#23,'Axis','Curve2D',(#333));
#335=IFCPRODUCTDEFINITIONSHAPE($,$,(#334,#342));
#336=IFCCARTESIANPOINT((31.25,-1.6375789613221059E-015));
#337=IFCAXIS2PLACEMENT2D(#336,#53);
#338=IFCRECTANGLEPROFILEDEF(.AREA.,$,#337,62.5,0.63541666666666785);
#339=IFCAXIS2PLACEMENT3D(#19,$,$);
#340=IFCEXTRUDEDAREASOLID(#338,#339,#43,12.);
#341=IFCSTYLEDITEM(#340,(#61),$);
#342=IFCSHAPEREPRESENTATION(#24,'Body','SweptSolid',(#340));
#343=IFCWALLSTANDARDCASE('26jjhu0DH0Lxf54dTa$Kps',#6,'Basic Wall:Generic - 8" Masonry:1240498',$,$,#331,#335,'1240498');
#344=IFCMATERIALLAYERSETUSAGE(#71,.AXIS2.,.NEGATIVE.,0.31770833333333331);
#345=IFCPROPERTYSET('1VCwgCpLTycrXOL2wLDjuR',#6,'Pset_QuantityTakeOff',$,(#74));
#346=IFCPROPERTYSINGLEVALUE('Reference',$,IFCLABEL('Generic - 8" Masonry'),$);
#347=IFCPROPERTYSET('2RDxryFLMRrYwPth3KlUc6',#6,'Pset_ReinforcementBarPitchOfWall',$,(#346));
#348=IFCPROPERTYSET('22OBGV7nnPrKXM671Wc_nM',#6,'Pset_WallCommon',$,(#74,#78,#79,#80));
#349=IFCRELDEFINESBYPROPERTIES('2u6wKkC52JxBPLWIRWrdQ8',#6,$,$,(#343),#345);
#350=IFCRELDEFINESBYPROPERTIES('2I4P3AjA22SeAg2XpD_moD',#6,$,$,(#343),#347);
#351=IFCRELDEFINESBYPROPERTIES('2Iql_yBMKig2sv69V1fKG1',#6,$,$,(#343),#348);
#352=IFCCARTESIANPOINT((-13.149061449093466,-5.5014780109173937,0.));
#353=IFCAXIS2PLACEMENT3D(#352,#43,#168);
#354=IFCLOCALPLACEMENT(#33,#353);
#355=IFCCARTESIANPOINT((21.812500000000007,-0.));
#356=IFCPOLYLINE((#47,#355));
#357=IFCSHAPEREPRESENTATION(#23,'Axis','Curve2D',(#356));
#358=IFCPRODUCTDEFINITIONSHAPE($,$,(#357,#365));
#359=IFCCARTESIANPOINT((10.906250000000004,-2.2204460492503131E-016));
#360=IFCAXIS2PLACEMENT2D(#359,#128);
#361=IFCRECTANGLEPROFILEDEF(.AREA.,$,#360,21.812500000000007,0.63541666666666785);
#362=IFCAXIS2PLACEMENT3D(#19,$,$);
#363=IFCEXTRUDEDAREASOLID(#361,#362,#43,3.);
#364=IFCSTYLEDITEM(#363,(#61),$);
#365=IFCSHAPEREPRESENTATION(#24,'Body','SweptSolid',(#363));
#366=IFCWALLSTANDARDCASE('26jjhu0DH0Lxf54dTa$Kpt',#6,'Basic Wall:Generic - 8" Masonry:1240499',$,$,#354,#358,'1240499');
#367=IFCMATERIALLAYERSETUSAGE(#71,.AXIS2.,.NEGATIVE.,0.31770833333333331);
#368=IFCPROPERTYSET('2LdNpbwaoZbBcRHUXab2jD',#6,'Pset_QuantityTakeOff',$,(#74));
#369=IFCPROPERTYSINGLEVALUE('Reference',$,IFCLABEL('Generic - 8" Masonry'),$);
#370=IFCPROPERTYSET('0NoVJlKxYO2Twcvww5mPKx',#6,'Pset_ReinforcementBarPitchOfWall',$,(#369));
#371=IFCPROPERTYSET('36FEukL3TEujBZA2RPieC5',#6,'Pset_WallCommon',$,(#74,#78,#79,#80));
#372=IFCRELDEFINESBYPROPERTIES('3RHB$fJ8YEFnCmVQ$jdMuO',#6,$,$,(#366),#368);
#373=IFCRELDEFINESBYPROPERTIES('2$fwqYK7Y1DA_PfIRdWBjs',#6,$,$,(#366),#370);
#374=IFCRELDEFINESBYPROPERTIES('3UQLMhBoLxmARQJzZ1ILUS',#6,$,$,(#366),#371);
#375=IFCCARTESIANPOINT((-13.466769782426764,16.628730322415947,0.));
#376=IFCAXIS2PLACEMENT3D(#375,$,$);
#377=IFCLOCALPLACEMENT(#33,#376);
#378=IFCCARTESIANPOINT((56.,0.));
#379=IFCPOLYLINE((#47,#378));
#380=IFCSHAPEREPRESENTATION(#23,'Axis','Curve2D',(#379));
#381=IFCPRODUCTDEFINITIONSHAPE($,$,(#380,#388));
#382=IFCCARTESIANPOINT((28.000000000000018,0.));
#383=IFCAXIS2PLACEMENT2D(#382,#128);
#384=IFCRECTANGLEPROFILEDEF(.AREA.,$,#383,56.000000000000036,0.6354166666666643);
#385=IFCAXIS2PLACEMENT3D(#19,$,$);
#386=IFCEXTRUDEDAREASOLID(#384,#385,#43,3.);
#387=IFCSTYLEDITEM(#386,(#61),$);
#388=IFCSHAPEREPRESENTATION(#24,'Body','SweptSolid',(#386));
#389=IFCWALLSTANDARDCASE('26jjhu0DH0Lxf54dTa$Kpm',#6,'Basic Wall:Generic - 8" Masonry:1240500',$,$,#377,#381,'1240500');
#390=IFCMATERIALLAYERSETUSAGE(#71,.AXIS2.,.NEGATIVE.,0.31770833333333331);
#391=IFCPROPERTYSET('2xgOixzofCd_Cg7ECsY7sn',#6,'Pset_QuantityTakeOff',$,(#74));
#392=IFCPROPERTYSINGLEVALUE('Reference',$,IFCLABEL('Generic - 8" Masonry'),$);
#393=IFCPROPERTYSET('3HH0u8Cv6WVq8yiNIfDk$g',#6,'Pset_ReinforcementBarPitchOfWall',$,(#392));
#394=IFCPROPERTYSET('0CFqfA68TjyAO3Tv7nHaGX',#6,'Pset_WallCommon',$,(#74,#78,#79,#80));
#395=IFCRELDEFINESBYPROPERTIES('3aACX7fD3xWpwhfANt4jPM',#6,$,$,(#389),#391);
#396=IFCRELDEFINESBYPROPERTIES('38nLXYllay_CdBi8EQ$5oa',#6,$,$,(#389),#393);
#397=IFCRELDEFINESBYPROPERTIES('1_joWib3jdJmarwGbR5q7U',#6,$,$,(#389),#394);
#398=IFCCARTESIANPOINT((42.215521884239934,16.311021989082437,0.));
#399=IFCAXIS2PLACEMENT3D(#398,#43,#120);
#400=IFCLOCALPLACEMENT(#33,#399);
#401=IFCCARTESIANPOINT((22.447916666666679,0.));
#402=IFCPOLYLINE((#47,#401));
#403=IFCSHAPEREPRESENTATION(#23,'Axis','Curve2D',(#402));
#404=IFCPRODUCTDEFINITIONSHAPE($,$,(#403,#411));
#405=IFCCARTESIANPOINT((11.223958333333339,0.));
#406=IFCAXIS2PLACEMENT2D(#405,#128);
#407=IFCRECTANGLEPROFILEDEF(.AREA.,$,#406,22.447916666666679,0.6354166666666714);
#408=IFCAXIS2PLACEMENT3D(#19,$,$);
#409=IFCEXTRUDEDAREASOLID(#407,#408,#43,3.);
#410=IFCSTYLEDITEM(#409,(#61),$);
#411=IFCSHAPEREPRESENTATION(#24,'Body','SweptSolid',(#409));
#412=IFCWALLSTANDARDCASE('26jjhu0DH0Lxf54dTa$Kpn',#6,'Basic Wall:Generic - 8" Masonry:1240501',$,$,#400,#404,'1240501');
#413=IFCMATERIALLAYERSETUSAGE(#71,.AXIS2.,.NEGATIVE.,0.31770833333333331);
#414=IFCPROPERTYSET('00KdGp6HI_MeTli2zP802p',#6,'Pset_QuantityTakeOff',$,(#74));
#415=IFCPROPERTYSINGLEVALUE('Reference',$,IFCLABEL('Generic - 8" Masonry'),$);
#416=IFCPROPERTYSET('1BcoXXwvkjhdik_ULlTnQ7',#6,'Pset_ReinforcementBarPitchOfWall',$,(#415));
#417=IFCPROPERTYSET('1FXHhP1PmIUqFBAKo16RpR',#6,'Pset_WallCommon',$,(#74,#78,#79,#80));
#418=IFCRELDEFINESBYPROPERTIES('3$ZyTtb9aKbygRzuFs0X$9',#6,$,$,(#412),#414);
#419=IFCRELDEFINESBYPROPERTIES('0LS877$1sQGP21TJSlhsHg',#6,$,$,(#412),#416);
#420=IFCRELDEFINESBYPROPERTIES('3Caj$Er7KYQeqWvLYlqg9C',#6,$,$,(#412),#417);
#421=IFCCARTESIANPOINT((41.897813550906605,-5.8191863442509062,0.));
#422=IFCAXIS2PLACEMENT3D(#421,#43,#44);
#423=IFCLOCALPLACEMENT(#33,#422);
#424=IFCCARTESIANPOINT((55.364583333333407,0.));
#425=IFCPOLYLINE((#47,#424));
#426=IFCSHAPEREPRESENTATION(#23,'Axis','Curve2D',(#425));
#427=IFCPRODUCTDEFINITIONSHAPE($,$,(#426,#434));
#428=IFCCARTESIANPOINT((27.682291666666703,-1.3877787807814457E-016));
#429=IFCAXIS2PLACEMENT2D(#428,#128);
#430=IFCRECTANGLEPROFILEDEF(.AREA.,$,#429,55.364583333333407,0.63541666666666607);
#431=IFCAXIS2PLACEMENT3D(#19,$,$);
#432=IFCEXTRUDEDAREASOLID(#430,#431,#43,3.);
#433=IFCSTYLEDITEM(#432,(#61),$);
#434=IFCSHAPEREPRESENTATION(#24,'Body','SweptSolid',(#432));
#435=IFCWALLSTANDARDCASE('26jjhu0DH0Lxf54dTa$Kpo',#6,'Basic Wall:Generic - 8" Masonry:1240502',$,$,#423,#427,'1240502');
#436=IFCMATERIALLAYERSETUSAGE(#71,.AXIS2.,.NEGATIVE.,0.31770833333333331);
#437=IFCPROPERTYSET('3T4Hx1uDildi1ZA2PdMNXk',#6,'Pset_QuantityTakeOff',$,(#74));
#438=IFCPROPERTYSINGLEVALUE('Reference',$,IFCLABEL('Generic - 8" Masonry'),$);
#439=IFCPROPERTYSET('0ZaV0Ep3N8s2ENvxC9GWpu',#6,'Pset_ReinforcementBarPitchOfWall',$,(#438));
#440=IFCPROPERTYSET('1e3k$BnJ72I5AY3ykdCCl3',#6,'Pset_WallCommon',$,(#74,#78,#79,#80));
#441=IFCRELDEFINESBYPROPERTIES('0JPyyZLjRLXQ6v6Y$Mj5Ki',#6,$,$,(#435),#437);
#442=IFCRELDEFINESBYPROPERTIES('2tAKcSAj1ZQAr0k2Rp$dby',#6,$,$,(#435),#439);
#443=IFCRELDEFINESBYPROPERTIES('1d7z62iI_JXtb6glRzrSJf',#6,$,$,(#435),#440);
#444=IFCCARTESIANPOINT((2.9533813156168627,0.42166994750654091,3.3333333333333415));
#445=IFCCARTESIANPOINT((2.9522633965318583,0.42166994750654091,3.3248418948457261));
#446=IFCCARTESIANPOINT((2.9489858236150397,0.42166994750654091,3.316929133858276));
#447=IFCCARTESIANPOINT((2.943771958044243,0.42166994750654091,3.3101342919558303));
#448=IFCCARTESIANPOINT((2.9369771161417972,0.42166994750654091,3.3049204263850331));
#449=IFCCARTESIANPOINT((2.9290643551543472,0.42166994750654091,3.3016428534682145));
#450=IFCCARTESIANPOINT((2.9205729166667314,0.42166994750654091,3.3005249343832097));
#451=IFCCARTESIANPOINT((2.912081478179116,0.42166994750654091,3.3016428534682141));
#452=IFCCARTESIANPOINT((2.9041687171916655,0.42166994750654091,3.3049204263850327));
#453=IFCCARTESIANPOINT((2.8973738752892197,0.42166994750654091,3.3101342919558294));
#454=IFCCARTESIANPOINT((2.8921600097184226,0.42166994750654091,3.3169291338582751));
#455=IFCCARTESIANPOINT((2.8888824368016039,0.42166994750654091,3.3248418948457252));
#456=IFCCARTESIANPOINT((2.8877645177165996,0.42166994750654091,3.333333333333341));
#457=IFCCARTESIANPOINT((2.8888824368016035,0.42166994750654091,3.3418247718209568));
#458=IFCCARTESIANPOINT((2.8921600097184221,0.42166994750654091,3.3497375328084069));
#459=IFCCARTESIANPOINT((2.8973738752892193,0.42166994750654091,3.3565323747108531));
#460=IFCCARTESIANPOINT((2.904168717191665,0.42166994750654091,3.3617462402816498));
#461=IFCCARTESIANPOINT((2.9120814781791151,0.42166994750654091,3.3650238131984684));
#462=IFCCARTESIANPOINT((2.9205729166667309,0.42166994750654091,3.3661417322834732));
#463=IFCCARTESIANPOINT((2.9290643551543463,0.42166994750654091,3.3650238131984689));
#464=IFCCARTESIANPOINT((2.9369771161417964,0.42166994750654091,3.3617462402816503));
#465=IFCCARTESIANPOINT((2.9437719580442425,0.42166994750654091,3.3565323747108535));
#466=IFCCARTESIANPOINT((2.9489858236150397,0.42166994750654091,3.3497375328084078));
#467=IFCCARTESIANPOINT((2.9522633965318583,0.42166994750654091,3.3418247718209573));
#468=IFCCARTESIANPOINT((2.9533813156168627,0.32324475065614838,3.3333333333333419));
#469=IFCCARTESIANPOINT((2.9522633965318583,0.32324475065614838,3.3248418948457261));
#470=IFCCARTESIANPOINT((2.9489858236150397,0.32324475065614838,3.316929133858276));
#471=IFCCARTESIANPOINT((2.943771958044243,0.32324475065614838,3.3101342919558303));
#472=IFCCARTESIANPOINT((2.9369771161417972,0.32324475065614838,3.3049204263850331));
#473=IFCCARTESIANPOINT((2.9290643551543472,0.32324475065614838,3.3016428534682145));
#474=IFCCARTESIANPOINT((2.9205729166667314,0.32324475065614838,3.3005249343832097));
#475=IFCCARTESIANPOINT((2.9120814781791156,0.32324475065614838,3.3016428534682141));
#476=IFCCARTESIANPOINT((2.9041687171916655,0.32324475065614838,3.3049204263850327));
#477=IFCCARTESIANPOINT((2.8973738752892197,0.32324475065614838,3.3101342919558294));
#478=IFCCARTESIANPOINT((2.8921600097184226,0.32324475065614838,3.3169291338582751));
#479=IFCCARTESIANPOINT((2.8888824368016035,0.32324475065614838,3.3248418948457252));
#480=IFCCARTESIANPOINT((2.8877645177165991,0.32324475065614838,3.333333333333341));
#481=IFCCARTESIANPOINT((2.8888824368016035,0.32324475065614838,3.3418247718209568));
#482=IFCCARTESIANPOINT((2.8921600097184221,0.32324475065614838,3.3497375328084069));
#483=IFCCARTESIANPOINT((2.8973738752892189,0.32324475065614838,3.3565323747108531));
#484=IFCCARTESIANPOINT((2.904168717191665,0.32324475065614838,3.3617462402816498));
#485=IFCCARTESIANPOINT((2.9120814781791151,0.32324475065614838,3.3650238131984684));
#486=IFCCARTESIANPOINT((2.9205729166667309,0.32324475065614838,3.3661417322834732));
#487=IFCCARTESIANPOINT((2.9290643551543463,0.32324475065614838,3.3650238131984689));
#488=IFCCARTESIANPOINT((2.9369771161417964,0.32324475065614838,3.3617462402816503));
#489=IFCCARTESIANPOINT((2.9437719580442421,0.32324475065614838,3.3565323747108535));
#490=IFCCARTESIANPOINT((2.9489858236150397,0.32324475065614838,3.3497375328084074));
#491=IFCCARTESIANPOINT((2.9522633965318583,0.32324475065614838,3.3418247718209573));
#492=IFCCARTESIANPOINT((2.8713603182415111,0.3068405511810598,3.333333333333341));
#493=IFCCARTESIANPOINT((2.8829598389302831,0.31164522996737648,3.333333333333341));
#494=IFCCARTESIANPOINT((2.9423925856123025,0.28223425196847257,3.3333333333333415));
#495=IFCCARTESIANPOINT((2.9123708169291866,0.25221248328535706,3.3333333333333415));
#496=IFCCARTESIANPOINT((2.8713603182415111,0.24122375328079668,3.333333333333341));
#497=IFCCARTESIANPOINT((2.8713603182415111,0.2423416723658009,3.3248418948457261));
#498=IFCCARTESIANPOINT((2.8713603182415111,0.24561924528261936,3.3169291338582756));
#499=IFCCARTESIANPOINT((2.8713603182415111,0.25083311085341631,3.3101342919558299));
#500=IFCCARTESIANPOINT((2.8713603182415111,0.25762795275586214,3.3049204263850327));
#501=IFCCARTESIANPOINT((2.8713603182415111,0.26554071374331223,3.3016428534682141));
#502=IFCCARTESIANPOINT((2.8713603182415111,0.27403215223092786,3.3005249343832093));
#503=IFCCARTESIANPOINT((2.8713603182415111,0.28252359071854349,3.3016428534682136));
#504=IFCCARTESIANPOINT((2.8713603182415111,0.29043635170599369,3.3049204263850323));
#505=IFCCARTESIANPOINT((2.8713603182415111,0.29723119360843958,3.310134291955829));
#506=IFCCARTESIANPOINT((2.8713603182415111,0.30244505917923664,3.3169291338582747));
#507=IFCCARTESIANPOINT((2.8713603182415111,0.30572263209605532,3.3248418948457248));
#508=IFCCARTESIANPOINT((2.9477848013665859,0.30235827512883146,3.3333333333333415));
#509=IFCCARTESIANPOINT((2.8922467939020935,0.24682026756678205,3.333333333333341));
#510=IFCCARTESIANPOINT((2.9505830584917243,0.31280151289248992,3.3333333333333419));
#511=IFCCARTESIANPOINT((2.8818035560718025,0.24402201042378935,3.333333333333341));
#512=IFCCARTESIANPOINT((2.9519821870542935,0.31802313177431918,3.3333333333333415));
#513=IFCCARTESIANPOINT((2.8765819371566566,0.24262288185229303,3.333333333333341));
#514=IFCCARTESIANPOINT((2.9273817012707446,0.26722336762691479,3.3333333333333415));
#515=IFCCARTESIANPOINT((2.9026518927006362,0.27812363829821052,3.3010233682916836));
#516=IFCCARTESIANPOINT((2.9164814285166836,0.29195317857671177,3.3010233677507834));
#517=IFCCARTESIANPOINT((2.9450886934894438,0.29229626354865201,3.3333333333333415));
#518=IFCCARTESIANPOINT((2.8943610328387335,0.26199023517617226,3.3048136707432807));
#519=IFCCARTESIANPOINT((2.9239688704517688,0.30164410896614269,3.3014311636391001));
#520=IFCCARTESIANPOINT((2.9370700877310227,0.30369050026036826,3.3068349839339723));
#521=IFCCARTESIANPOINT((2.8845442340481866,0.29904406376151726,3.3086857132680367));
#522=IFCCARTESIANPOINT((2.8955610060960524,0.31006083459603351,3.3086857124209672));
#523=IFCCARTESIANPOINT((2.8992516664464754,0.29535340356094919,3.3020128636738959));
#524=IFCCARTESIANPOINT((2.9203121215180139,0.27510904898443989,3.3069053892866558));
#525=IFCCARTESIANPOINT((2.9023088054156401,0.24951637542606953,3.3333333333333415));
#526=IFCCARTESIANPOINT((2.9198762590999658,0.25971792545613592,3.3333333333333415));
#527=IFCCARTESIANPOINT((2.9348871434415233,0.27472880979769365,3.3333333333333415));
#528=IFCCARTESIANPOINT((2.8713603182415111,0.30572263209605549,3.3418247718209564));
#529=IFCCARTESIANPOINT((2.8713603182415111,0.30244505917923697,3.3497375328084069));
#530=IFCCARTESIANPOINT((2.8713603182415106,0.29723119360844003,3.3565323747108526));
#531=IFCCARTESIANPOINT((2.8713603182415106,0.29043635170599419,3.3617462402816494));
#532=IFCCARTESIANPOINT((2.8713603182415106,0.28252359071854405,3.3650238131984684));
#533=IFCCARTESIANPOINT((2.8713603182415106,0.27403215223092847,3.3661417322834728));
#534=IFCCARTESIANPOINT((2.8713603182415106,0.2655407137433129,3.3650238131984684));
#535=IFCCARTESIANPOINT((2.8713603182415106,0.25762795275586264,3.3617462402816498));
#536=IFCCARTESIANPOINT((2.8713603182415106,0.25083311085341675,3.3565323747108526));
#537=IFCCARTESIANPOINT((2.8713603182415111,0.24561924528261969,3.3497375328084069));
#538=IFCCARTESIANPOINT((2.8713603182415111,0.24234167236580106,3.3418247718209568));
#539=IFCCARTESIANPOINT((2.9164814285170513,0.29195317857631992,3.3656432989158063));
#540=IFCCARTESIANPOINT((2.9026518927021439,0.27812363829784953,3.3656432983747946));
#541=IFCCARTESIANPOINT((2.8943610328390093,0.26199023517605502,3.3618529959232841));
#542=IFCCARTESIANPOINT((2.9239688704518354,0.30164410896604721,3.3652355030275589));
#543=IFCCARTESIANPOINT((2.9370700877310432,0.30369050026030031,3.3598316827326817));
#544=IFCCARTESIANPOINT((2.895561006096278,0.31006083459589839,3.3579809542459458));
#545=IFCCARTESIANPOINT((2.8845442340481551,0.29904406376153642,3.3579809533986174));
#546=IFCCARTESIANPOINT((2.8992516664477588,0.29535340355983208,3.3646538029933155));
#547=IFCCARTESIANPOINT((2.9194960212038543,0.27429294847192304,3.3597612772872703));
#548=IFCCARTESIANPOINT((2.526872129265108,0.24122375328079693,3.3333333333333401));
#549=IFCCARTESIANPOINT((2.526872129265108,0.24234167236580129,3.3418247718209559));
#550=IFCCARTESIANPOINT((2.526872129265108,0.24561924528261991,3.349737532808406));
#551=IFCCARTESIANPOINT((2.526872129265108,0.25083311085341692,3.3565323747108518));
#552=IFCCARTESIANPOINT((2.526872129265108,0.25762795275586275,3.3617462402816489));
#553=IFCCARTESIANPOINT((2.526872129265108,0.26554071374331295,3.3650238131984676));
#554=IFCCARTESIANPOINT((2.526872129265108,0.27403215223092858,3.3661417322834719));
#555=IFCCARTESIANPOINT((2.526872129265108,0.28252359071854416,3.3650238131984676));
#556=IFCCARTESIANPOINT((2.526872129265108,0.2904363517059943,3.3617462402816489));
#557=IFCCARTESIANPOINT((2.526872129265108,0.29723119360844019,3.3565323747108518));
#558=IFCCARTESIANPOINT((2.526872129265108,0.3024450591792372,3.349737532808406));
#559=IFCCARTESIANPOINT((2.526872129265108,0.30572263209605577,3.3418247718209559));
#560=IFCCARTESIANPOINT((2.526872129265108,0.30684055118106007,3.3333333333333397));
#561=IFCCARTESIANPOINT((2.526872129265108,0.30572263209605566,3.3248418948457243));
#562=IFCCARTESIANPOINT((2.526872129265108,0.30244505917923697,3.3169291338582738));
#563=IFCCARTESIANPOINT((2.526872129265108,0.29723119360843991,3.3101342919558281));
#564=IFCCARTESIANPOINT((2.526872129265108,0.29043635170599397,3.3049204263850314));
#565=IFCCARTESIANPOINT((2.526872129265108,0.28252359071854377,3.3016428534682127));
#566=IFCCARTESIANPOINT((2.526872129265108,0.27403215223092814,3.3005249343832084));
#567=IFCCARTESIANPOINT((2.526872129265108,0.26554071374331256,3.3016428534682132));
#568=IFCCARTESIANPOINT((2.526872129265108,0.25762795275586242,3.3049204263850318));
#569=IFCCARTESIANPOINT((2.526872129265108,0.25083311085341664,3.3101342919558285));
#570=IFCCARTESIANPOINT((2.526872129265108,0.24561924528261969,3.3169291338582747));
#571=IFCCARTESIANPOINT((2.526872129265108,0.24234167236580118,3.3248418948457248));
#572=IFCPOLYLOOP((#449,#450,#451,#452,#453,#454,#455,#456,#457,#458,#459,#460,#461,#462,#463,#464,#465,#466,#467,#444,#445,#446,#447,#448));
#573=IFCFACEOUTERBOUND(#572,.T.);
#574=IFCFACE((#573));
#575=IFCPOLYLOOP((#469,#445,#444,#468));
#576=IFCFACEOUTERBOUND(#575,.T.);
#577=IFCFACE((#576));
#578=IFCPOLYLOOP((#470,#446,#445,#469));
#579=IFCFACEOUTERBOUND(#578,.T.);
#580=IFCFACE((#579));
#581=IFCPOLYLOOP((#447,#471,#472,#448));
#582=IFCFACEOUTERBOUND(#581,.T.);
#583=IFCFACE((#582));
#584=IFCPOLYLOOP((#470,#471,#447,#446));
#585=IFCFACEOUTERBOUND(#584,.T.);
#586=IFCFACE((#585));
#587=IFCPOLYLOOP((#448,#472,#473,#449));
#588=IFCFACEOUTERBOUND(#587,.T.);
#589=IFCFACE((#588));
#590=IFCPOLYLOOP((#449,#473,#474,#450));
#591=IFCFACEOUTERBOUND(#590,.T.);
#592=IFCFACE((#591));
#593=IFCPOLYLOOP((#476,#452,#451,#475));
#594=IFCFACEOUTERBOUND(#593,.T.);
#595=IFCFACE((#594));
#596=IFCPOLYLOOP((#477,#453,#452,#476));
#597=IFCFACEOUTERBOUND(#596,.T.);
#598=IFCFACE((#597));
#599=IFCPOLYLOOP((#454,#478,#479,#455));
#600=IFCFACEOUTERBOUND(#599,.T.);
#601=IFCFACE((#600));
#602=IFCPOLYLOOP((#477,#478,#454,#453));
#603=IFCFACEOUTERBOUND(#602,.T.);
#604=IFCFACE((#603));
#605=IFCPOLYLOOP((#455,#479,#480,#456));
#606=IFCFACEOUTERBOUND(#605,.T.);
#607=IFCFACE((#606));
#608=IFCPOLYLOOP((#451,#450,#474,#475));
#609=IFCFACEOUTERBOUND(#608,.T.);
#610=IFCFACE((#609));
#611=IFCPOLYLOOP((#481,#457,#456,#480));
#612=IFCFACEOUTERBOUND(#611,.T.);
#613=IFCFACE((#612));
#614=IFCPOLYLOOP((#482,#458,#457,#481));
#615=IFCFACEOUTERBOUND(#614,.T.);
#616=IFCFACE((#615));
#617=IFCPOLYLOOP((#459,#483,#484,#460));
#618=IFCFACEOUTERBOUND(#617,.T.);
#619=IFCFACE((#618));
#620=IFCPOLYLOOP((#482,#483,#459,#458));
#621=IFCFACEOUTERBOUND(#620,.T.);
#622=IFCFACE((#621));
#623=IFCPOLYLOOP((#460,#484,#485,#461));
#624=IFCFACEOUTERBOUND(#623,.T.);
#625=IFCFACE((#624));
#626=IFCPOLYLOOP((#461,#485,#486,#462));
#627=IFCFACEOUTERBOUND(#626,.T.);
#628=IFCFACE((#627));
#629=IFCPOLYLOOP((#488,#464,#463,#487));
#630=IFCFACEOUTERBOUND(#629,.T.);
#631=IFCFACE((#630));
#632=IFCPOLYLOOP((#489,#465,#464,#488));
#633=IFCFACEOUTERBOUND(#632,.T.);
#634=IFCFACE((#633));
#635=IFCPOLYLOOP((#466,#490,#491,#467));
#636=IFCFACEOUTERBOUND(#635,.T.);
#637=IFCFACE((#636));
#638=IFCPOLYLOOP((#489,#490,#466,#465));
#639=IFCFACEOUTERBOUND(#638,.T.);
#640=IFCFACE((#639));
#641=IFCPOLYLOOP((#467,#491,#468,#444));
#642=IFCFACEOUTERBOUND(#641,.T.);
#643=IFCFACE((#642));
#644=IFCPOLYLOOP((#463,#462,#486,#487));
#645=IFCFACEOUTERBOUND(#644,.T.);
#646=IFCFACE((#645));
#647=IFCPOLYLOOP((#469,#512,#470));
#648=IFCFACEOUTERBOUND(#647,.T.);
#649=IFCFACE((#648));
#650=IFCPOLYLOOP((#520,#473,#508));
#651=IFCFACEOUTERBOUND(#650,.T.);
#652=IFCFACE((#651));
#653=IFCPOLYLOOP((#519,#516,#522));
#654=IFCFACEOUTERBOUND(#653,.T.);
#655=IFCFACE((#654));
#656=IFCPOLYLOOP((#508,#517,#494,#520));
#657=IFCFACEOUTERBOUND(#656,.T.);
#658=IFCFACE((#657));
#659=IFCPOLYLOOP((#508,#472,#471));
#660=IFCFACEOUTERBOUND(#659,.T.);
#661=IFCFACE((#660));
#662=IFCPOLYLOOP((#470,#510,#471));
#663=IFCFACEOUTERBOUND(#662,.T.);
#664=IFCFACE((#663));
#665=IFCPOLYLOOP((#472,#508,#473));
#666=IFCFACEOUTERBOUND(#665,.T.);
#667=IFCFACE((#666));
#668=IFCPOLYLOOP((#494,#519,#520));
#669=IFCFACEOUTERBOUND(#668,.T.);
#670=IFCFACE((#669));
#671=IFCPOLYLOOP((#520,#476,#475));
#672=IFCFACEOUTERBOUND(#671,.T.);
#673=IFCFACE((#672));
#674=IFCPOLYLOOP((#524,#515,#523));
#675=IFCFACEOUTERBOUND(#674,.T.);
#676=IFCFACE((#675));
#677=IFCPOLYLOOP((#495,#518,#515));
#678=IFCFACEOUTERBOUND(#677,.T.);
#679=IFCFACE((#678));
#680=IFCPOLYLOOP((#520,#474,#473));
#681=IFCFACEOUTERBOUND(#680,.T.);
#682=IFCFACE((#681));
#683=IFCPOLYLOOP((#520,#475,#474));
#684=IFCFACEOUTERBOUND(#683,.T.);
#685=IFCFACE((#684));
#686=IFCPOLYLOOP((#492,#493,#521));
#687=IFCFACEOUTERBOUND(#686,.T.);
#688=IFCFACE((#687));
#689=IFCPOLYLOOP((#476,#520,#519));
#690=IFCFACEOUTERBOUND(#689,.T.);
#691=IFCFACE((#690));
#692=IFCPOLYLOOP((#507,#521,#506));
#693=IFCFACEOUTERBOUND(#692,.T.);
#694=IFCFACE((#693));
#695=IFCPOLYLOOP((#525,#509,#501));
#696=IFCFACEOUTERBOUND(#695,.T.);
#697=IFCFACE((#696));
#698=IFCPOLYLOOP((#469,#468,#512));
#699=IFCFACEOUTERBOUND(#698,.T.);
#700=IFCFACE((#699));
#701=IFCPOLYLOOP((#519,#522,#478));
#702=IFCFACEOUTERBOUND(#701,.T.);
#703=IFCFACE((#702));
#704=IFCPOLYLOOP((#519,#477,#476));
#705=IFCFACEOUTERBOUND(#704,.T.);
#706=IFCFACE((#705));
#707=IFCPOLYLOOP((#516,#524,#523));
#708=IFCFACEOUTERBOUND(#707,.T.);
#709=IFCFACE((#708));
#710=IFCPOLYLOOP((#505,#518,#504));
#711=IFCFACEOUTERBOUND(#710,.T.);
#712=IFCFACE((#711));
#713=IFCPOLYLOOP((#493,#522,#523));
#714=IFCFACEOUTERBOUND(#713,.T.);
#715=IFCFACE((#714));
#716=IFCPOLYLOOP((#516,#527,#524));
#717=IFCFACEOUTERBOUND(#716,.T.);
#718=IFCFACE((#717));
#719=IFCPOLYLOOP((#524,#526,#515));
#720=IFCFACEOUTERBOUND(#719,.T.);
#721=IFCFACE((#720));
#722=IFCPOLYLOOP((#509,#500,#501));
#723=IFCFACEOUTERBOUND(#722,.T.);
#724=IFCFACE((#723));
#725=IFCPOLYLOOP((#522,#516,#523));
#726=IFCFACEOUTERBOUND(#725,.T.);
#727=IFCFACE((#726));
#728=IFCPOLYLOOP((#525,#502,#518));
#729=IFCFACEOUTERBOUND(#728,.T.);
#730=IFCFACE((#729));
#731=IFCPOLYLOOP((#501,#502,#525));
#732=IFCFACEOUTERBOUND(#731,.T.);
#733=IFCFACE((#732));
#734=IFCPOLYLOOP((#511,#499,#509));
#735=IFCFACEOUTERBOUND(#734,.T.);
#736=IFCFACE((#735));
#737=IFCPOLYLOOP((#495,#515,#526));
#738=IFCFACEOUTERBOUND(#737,.T.);
#739=IFCFACE((#738));
#740=IFCPOLYLOOP((#509,#499,#500));
#741=IFCFACEOUTERBOUND(#740,.T.);
#742=IFCFACE((#741));
#743=IFCPOLYLOOP((#518,#495,#525));
#744=IFCFACEOUTERBOUND(#743,.T.);
#745=IFCFACE((#744));
#746=IFCPOLYLOOP((#497,#513,#496));
#747=IFCFACEOUTERBOUND(#746,.T.);
#748=IFCFACE((#747));
#749=IFCPOLYLOOP((#515,#521,#523));
#750=IFCFACEOUTERBOUND(#749,.T.);
#751=IFCFACE((#750));
#752=IFCPOLYLOOP((#519,#527,#516));
#753=IFCFACEOUTERBOUND(#752,.T.);
#754=IFCFACE((#753));
#755=IFCPOLYLOOP((#508,#471,#510));
#756=IFCFACEOUTERBOUND(#755,.T.);
#757=IFCFACE((#756));
#758=IFCPOLYLOOP((#522,#480,#479));
#759=IFCFACEOUTERBOUND(#758,.T.);
#760=IFCFACE((#759));
#761=IFCPOLYLOOP((#514,#526,#524,#527));
#762=IFCFACEOUTERBOUND(#761,.T.);
#763=IFCFACE((#762));
#764=IFCPOLYLOOP((#506,#521,#515));
#765=IFCFACEOUTERBOUND(#764,.T.);
#766=IFCFACE((#765));
#767=IFCPOLYLOOP((#511,#498,#499));
#768=IFCFACEOUTERBOUND(#767,.T.);
#769=IFCFACE((#768));
#770=IFCPOLYLOOP((#507,#492,#521));
#771=IFCFACEOUTERBOUND(#770,.T.);
#772=IFCFACE((#771));
#773=IFCPOLYLOOP((#498,#513,#497));
#774=IFCFACEOUTERBOUND(#773,.T.);
#775=IFCFACE((#774));
#776=IFCPOLYLOOP((#518,#505,#515));
#777=IFCFACEOUTERBOUND(#776,.T.);
#778=IFCFACE((#777));
#779=IFCPOLYLOOP((#512,#510,#470));
#780=IFCFACEOUTERBOUND(#779,.T.);
#781=IFCFACE((#780));
#782=IFCPOLYLOOP((#505,#506,#515));
#783=IFCFACEOUTERBOUND(#782,.T.);
#784=IFCFACE((#783));
#785=IFCPOLYLOOP((#511,#513,#498));
#786=IFCFACEOUTERBOUND(#785,.T.);
#787=IFCFACE((#786));
#788=IFCPOLYLOOP((#504,#518,#503));
#789=IFCFACEOUTERBOUND(#788,.T.);
#790=IFCFACE((#789));
#791=IFCPOLYLOOP((#502,#503,#518));
#792=IFCFACEOUTERBOUND(#791,.T.);
#793=IFCFACE((#792));
#794=IFCPOLYLOOP((#478,#477,#519));
#795=IFCFACEOUTERBOUND(#794,.T.);
#796=IFCFACE((#795));
#797=IFCPOLYLOOP((#493,#523,#521));
#798=IFCFACEOUTERBOUND(#797,.T.);
#799=IFCFACE((#798));
#800=IFCPOLYLOOP((#479,#478,#522));
#801=IFCFACEOUTERBOUND(#800,.T.);
#802=IFCFACE((#801));
#803=IFCPOLYLOOP((#527,#519,#494));
#804=IFCFACEOUTERBOUND(#803,.T.);
#805=IFCFACE((#804));
#806=IFCPOLYLOOP((#493,#480,#522));
#807=IFCFACEOUTERBOUND(#806,.T.);
#808=IFCFACE((#807));
#809=IFCPOLYLOOP((#543,#494,#517,#508));
#810=IFCFACEOUTERBOUND(#809,.T.);
#811=IFCFACE((#810));
#812=IFCPOLYLOOP((#539,#544,#546));
#813=IFCFACEOUTERBOUND(#812,.T.);
#814=IFCFACE((#813));
#815=IFCPOLYLOOP((#493,#492,#545));
#816=IFCFACEOUTERBOUND(#815,.T.);
#817=IFCFACE((#816));
#818=IFCPOLYLOOP((#542,#483,#482));
#819=IFCFACEOUTERBOUND(#818,.T.);
#820=IFCFACE((#819));
#821=IFCPOLYLOOP((#539,#542,#544));
#822=IFCFACEOUTERBOUND(#821,.T.);
#823=IFCFACE((#822));
#824=IFCPOLYLOOP((#529,#540,#545));
#825=IFCFACEOUTERBOUND(#824,.T.);
#826=IFCFACE((#825));
#827=IFCPOLYLOOP((#482,#544,#542));
#828=IFCFACEOUTERBOUND(#827,.T.);
#829=IFCFACE((#828));
#830=IFCPOLYLOOP((#547,#539,#546));
#831=IFCFACEOUTERBOUND(#830,.T.);
#832=IFCFACE((#831));
#833=IFCPOLYLOOP((#481,#544,#482));
#834=IFCFACEOUTERBOUND(#833,.T.);
#835=IFCFACE((#834));
#836=IFCPOLYLOOP((#493,#545,#546));
#837=IFCFACEOUTERBOUND(#836,.T.);
#838=IFCFACE((#837));
#839=IFCPOLYLOOP((#547,#546,#540));
#840=IFCFACEOUTERBOUND(#839,.T.);
#841=IFCFACE((#840));
#842=IFCPOLYLOOP((#545,#492,#528));
#843=IFCFACEOUTERBOUND(#842,.T.);
#844=IFCFACE((#843));
#845=IFCPOLYLOOP((#512,#468,#491));
#846=IFCFACEOUTERBOUND(#845,.T.);
#847=IFCFACE((#846));
#848=IFCPOLYLOOP((#495,#540,#541));
#849=IFCFACEOUTERBOUND(#848,.T.);
#850=IFCFACE((#849));
#851=IFCPOLYLOOP((#525,#495,#541));
#852=IFCFACEOUTERBOUND(#851,.T.);
#853=IFCFACE((#852));
#854=IFCPOLYLOOP((#489,#508,#510));
#855=IFCFACEOUTERBOUND(#854,.T.);
#856=IFCFACE((#855));
#857=IFCPOLYLOOP((#486,#543,#487));
#858=IFCFACEOUTERBOUND(#857,.T.);
#859=IFCFACE((#858));
#860=IFCPOLYLOOP((#540,#495,#526));
#861=IFCFACEOUTERBOUND(#860,.T.);
#862=IFCFACE((#861));
#863=IFCPOLYLOOP((#508,#489,#488));
#864=IFCFACEOUTERBOUND(#863,.T.);
#865=IFCFACE((#864));
#866=IFCPOLYLOOP((#488,#487,#508));
#867=IFCFACEOUTERBOUND(#866,.T.);
#868=IFCFACE((#867));
#869=IFCPOLYLOOP((#542,#527,#494));
#870=IFCFACEOUTERBOUND(#869,.T.);
#871=IFCFACE((#870));
#872=IFCPOLYLOOP((#533,#534,#525));
#873=IFCFACEOUTERBOUND(#872,.T.);
#874=IFCFACE((#873));
#875=IFCPOLYLOOP((#487,#543,#508));
#876=IFCFACEOUTERBOUND(#875,.T.);
#877=IFCFACE((#876));
#878=IFCPOLYLOOP((#546,#545,#540));
#879=IFCFACEOUTERBOUND(#878,.T.);
#880=IFCFACE((#879));
#881=IFCPOLYLOOP((#493,#546,#544));
#882=IFCFACEOUTERBOUND(#881,.T.);
#883=IFCFACE((#882));
#884=IFCPOLYLOOP((#529,#545,#528));
#885=IFCFACEOUTERBOUND(#884,.T.);
#886=IFCFACE((#885));
#887=IFCPOLYLOOP((#540,#529,#530));
#888=IFCFACEOUTERBOUND(#887,.T.);
#889=IFCFACE((#888));
#890=IFCPOLYLOOP((#509,#536,#511));
#891=IFCFACEOUTERBOUND(#890,.T.);
#892=IFCFACE((#891));
#893=IFCPOLYLOOP((#526,#547,#540));
#894=IFCFACEOUTERBOUND(#893,.T.);
#895=IFCFACE((#894));
#896=IFCPOLYLOOP((#481,#480,#544));
#897=IFCFACEOUTERBOUND(#896,.T.);
#898=IFCFACE((#897));
#899=IFCPOLYLOOP((#510,#490,#489));
#900=IFCFACEOUTERBOUND(#899,.T.);
#901=IFCFACE((#900));
#902=IFCPOLYLOOP((#532,#541,#531));
#903=IFCFACEOUTERBOUND(#902,.T.);
#904=IFCFACE((#903));
#905=IFCPOLYLOOP((#510,#512,#490));
#906=IFCFACEOUTERBOUND(#905,.T.);
#907=IFCFACE((#906));
#908=IFCPOLYLOOP((#513,#511,#537));
#909=IFCFACEOUTERBOUND(#908,.T.);
#910=IFCFACE((#909));
#911=IFCPOLYLOOP((#541,#530,#531));
#912=IFCFACEOUTERBOUND(#911,.T.);
#913=IFCFACE((#912));
#914=IFCPOLYLOOP((#490,#512,#491));
#915=IFCFACEOUTERBOUND(#914,.T.);
#916=IFCFACE((#915));
#917=IFCPOLYLOOP((#532,#533,#541));
#918=IFCFACEOUTERBOUND(#917,.T.);
#919=IFCFACE((#918));
#920=IFCPOLYLOOP((#547,#527,#539));
#921=IFCFACEOUTERBOUND(#920,.T.);
#922=IFCFACE((#921));
#923=IFCPOLYLOOP((#514,#527,#547,#526));
#924=IFCFACEOUTERBOUND(#923,.T.);
#925=IFCFACE((#924));
#926=IFCPOLYLOOP((#535,#536,#509));
#927=IFCFACEOUTERBOUND(#926,.T.);
#928=IFCFACE((#927));
#929=IFCPOLYLOOP((#509,#534,#535));
#930=IFCFACEOUTERBOUND(#929,.T.);
#931=IFCFACE((#930));
#932=IFCPOLYLOOP((#484,#543,#485));
#933=IFCFACEOUTERBOUND(#932,.T.);
#934=IFCFACE((#933));
#935=IFCPOLYLOOP((#525,#534,#509));
#936=IFCFACEOUTERBOUND(#935,.T.);
#937=IFCFACE((#936));
#938=IFCPOLYLOOP((#537,#538,#513));
#939=IFCFACEOUTERBOUND(#938,.T.);
#940=IFCFACE((#939));
#941=IFCPOLYLOOP((#542,#539,#527));
#942=IFCFACEOUTERBOUND(#941,.T.);
#943=IFCFACE((#942));
#944=IFCPOLYLOOP((#533,#525,#541));
#945=IFCFACEOUTERBOUND(#944,.T.);
#946=IFCFACE((#945));
#947=IFCPOLYLOOP((#543,#486,#485));
#948=IFCFACEOUTERBOUND(#947,.T.);
#949=IFCFACE((#948));
#950=IFCPOLYLOOP((#530,#541,#540));
#951=IFCFACEOUTERBOUND(#950,.T.);
#952=IFCFACE((#951));
#953=IFCPOLYLOOP((#537,#511,#536));
#954=IFCFACEOUTERBOUND(#953,.T.);
#955=IFCFACE((#954));
#956=IFCPOLYLOOP((#538,#496,#513));
#957=IFCFACEOUTERBOUND(#956,.T.);
#958=IFCFACE((#957));
#959=IFCPOLYLOOP((#494,#543,#542));
#960=IFCFACEOUTERBOUND(#959,.T.);
#961=IFCFACE((#960));
#962=IFCPOLYLOOP((#484,#483,#542));
#963=IFCFACEOUTERBOUND(#962,.T.);
#964=IFCFACE((#963));
#965=IFCPOLYLOOP((#480,#493,#544));
#966=IFCFACEOUTERBOUND(#965,.T.);
#967=IFCFACE((#966));
#968=IFCPOLYLOOP((#484,#542,#543));
#969=IFCFACEOUTERBOUND(#968,.T.);
#970=IFCFACE((#969));
#971=IFCPOLYLOOP((#569,#570,#571,#548,#549,#550,#551,#552,#553,#554,#555,#556,#557,#558,#559,#560,#561,#562,#563,#564,#565,#566,#567,#568));
#972=IFCFACEOUTERBOUND(#971,.T.);
#973=IFCFACE((#972));
#974=IFCPOLYLOOP((#571,#497,#496,#548));
#975=IFCFACEOUTERBOUND(#974,.T.);
#976=IFCFACE((#975));
#977=IFCPOLYLOOP((#570,#498,#497,#571));
#978=IFCFACEOUTERBOUND(#977,.T.);
#979=IFCFACE((#978));
#980=IFCPOLYLOOP((#568,#500,#499,#569));
#981=IFCFACEOUTERBOUND(#980,.T.);
#982=IFCFACE((#981));
#983=IFCPOLYLOOP((#569,#499,#498,#570));
#984=IFCFACEOUTERBOUND(#983,.T.);
#985=IFCFACE((#984));
#986=IFCPOLYLOOP((#567,#501,#500,#568));
#987=IFCFACEOUTERBOUND(#986,.T.);
#988=IFCFACE((#987));
#989=IFCPOLYLOOP((#501,#567,#566,#502));
#990=IFCFACEOUTERBOUND(#989,.T.);
#991=IFCFACE((#990));
#992=IFCPOLYLOOP((#564,#563,#505,#504));
#993=IFCFACEOUTERBOUND(#992,.T.);
#994=IFCFACE((#993));
#995=IFCPOLYLOOP((#565,#564,#504,#503));
#996=IFCFACEOUTERBOUND(#995,.T.);
#997=IFCFACE((#996));
#998=IFCPOLYLOOP((#561,#560,#492,#507));
#999=IFCFACEOUTERBOUND(#998,.T.);
#1000=IFCFACE((#999));
#1001=IFCPOLYLOOP((#562,#561,#507,#506));
#1002=IFCFACEOUTERBOUND(#1001,.T.);
#1003=IFCFACE((#1002));
#1004=IFCPOLYLOOP((#563,#562,#506,#505));
#1005=IFCFACEOUTERBOUND(#1004,.T.);
#1006=IFCFACE((#1005));
#1007=IFCPOLYLOOP((#503,#502,#566,#565));
#1008=IFCFACEOUTERBOUND(#1007,.T.);
#1009=IFCFACE((#1008));
#1010=IFCPOLYLOOP((#492,#560,#559,#528));
#1011=IFCFACEOUTERBOUND(#1010,.T.);
#1012=IFCFACE((#1011));
#1013=IFCPOLYLOOP((#558,#529,#528,#559));
#1014=IFCFACEOUTERBOUND(#1013,.T.);
#1015=IFCFACE((#1014));
#1016=IFCPOLYLOOP((#556,#555,#532,#531));
#1017=IFCFACEOUTERBOUND(#1016,.T.);
#1018=IFCFACE((#1017));
#1019=IFCPOLYLOOP((#557,#556,#531,#530));
#1020=IFCFACEOUTERBOUND(#1019,.T.);
#1021=IFCFACE((#1020));
#1022=IFCPOLYLOOP((#529,#558,#557,#530));
#1023=IFCFACEOUTERBOUND(#1022,.T.);
#1024=IFCFACE((#1023));
#1025=IFCPOLYLOOP((#532,#555,#554,#533));
#1026=IFCFACEOUTERBOUND(#1025,.T.);
#1027=IFCFACE((#1026));
#1028=IFCPOLYLOOP((#552,#551,#536,#535));
#1029=IFCFACEOUTERBOUND(#1028,.T.);
#1030=IFCFACE((#1029));
#1031=IFCPOLYLOOP((#553,#552,#535,#534));
#1032=IFCFACEOUTERBOUND(#1031,.T.);
#1033=IFCFACE((#1032));
#1034=IFCPOLYLOOP((#549,#548,#496,#538));
#1035=IFCFACEOUTERBOUND(#1034,.T.);
#1036=IFCFACE((#1035));
#1037=IFCPOLYLOOP((#550,#549,#538,#537));
#1038=IFCFACEOUTERBOUND(#1037,.T.);
#1039=IFCFACE((#1038));
#1040=IFCPOLYLOOP((#551,#550,#537,#536));
#1041=IFCFACEOUTERBOUND(#1040,.T.);
#1042=IFCFACE((#1041));
#1043=IFCPOLYLOOP((#553,#534,#533,#554));
#1044=IFCFACEOUTERBOUND(#1043,.T.);
#1045=IFCFACE((#1044));
#1046=IFCCARTESIANPOINT((3.0272002132546572,0.42166994750654091,3.3333333333333424));
#1047=IFCCARTESIANPOINT((3.0238464559996441,0.42166994750654091,3.3588076487961889));
#1048=IFCCARTESIANPOINT((3.0140137372491886,0.42166994750654091,3.3825459317585391));
#1049=IFCCARTESIANPOINT((2.998372140536798,0.42166994750654091,3.4029304574658767));
#1050=IFCCARTESIANPOINT((2.9779876148294608,0.42166994750654091,3.4185720541782678));
#1051=IFCCARTESIANPOINT((2.9542493318671106,0.42166994750654091,3.4284047729287233));
#1052=IFCCARTESIANPOINT((2.9287750164042641,0.42166994750654091,3.4317585301837363));
#1053=IFCCARTESIANPOINT((2.9033007009414176,0.42166994750654091,3.4284047729287237));
#1054=IFCCARTESIANPOINT((2.8795624179790673,0.42166994750654091,3.4185720541782683));
#1055=IFCCARTESIANPOINT((2.8591778922717297,0.42166994750654091,3.4029304574658772));
#1056=IFCCARTESIANPOINT((2.8435362955593386,0.42166994750654091,3.38254593175854));
#1057=IFCCARTESIANPOINT((2.8337035768088832,0.42166994750654091,3.3588076487961898));
#1058=IFCCARTESIANPOINT((2.8303498195538701,0.42166994750654091,3.3333333333333428));
#1059=IFCCARTESIANPOINT((2.8337035768088827,0.42166994750654091,3.3078590178704963));
#1060=IFCCARTESIANPOINT((2.8435362955593382,0.42166994750654091,3.284120734908146));
#1061=IFCCARTESIANPOINT((2.8591778922717292,0.42166994750654091,3.2637362092008089));
#1062=IFCCARTESIANPOINT((2.8795624179790664,0.42166994750654091,3.2480946124884178));
#1063=IFCCARTESIANPOINT((2.9033007009414167,0.42166994750654091,3.2382618937379619));
#1064=IFCCARTESIANPOINT((2.9287750164042636,0.42166994750654091,3.2349081364829493));
#1065=IFCCARTESIANPOINT((2.9542493318671097,0.42166994750654091,3.2382618937379619));
#1066=IFCCARTESIANPOINT((2.97798761482946,0.42166994750654091,3.2480946124884178));
#1067=IFCCARTESIANPOINT((2.9983721405367976,0.42166994750654091,3.2637362092008084));
#1068=IFCCARTESIANPOINT((3.0140137372491882,0.42166994750654091,3.2841207349081456));
#1069=IFCCARTESIANPOINT((3.0238464559996441,0.42166994750654091,3.3078590178704959));
#1070=IFCCARTESIANPOINT((3.0272002132546572,0.44791666666664592,3.3333333333333424));
#1071=IFCCARTESIANPOINT((3.0238464559996441,0.44791666666664592,3.3078590178704959));
#1072=IFCCARTESIANPOINT((3.0140137372491882,0.44791666666664592,3.2841207349081456));
#1073=IFCCARTESIANPOINT((2.9983721405367976,0.44791666666664592,3.2637362092008084));
#1074=IFCCARTESIANPOINT((2.97798761482946,0.44791666666664592,3.2480946124884178));
#1075=IFCCARTESIANPOINT((2.9542493318671097,0.44791666666664592,3.2382618937379619));
#1076=IFCCARTESIANPOINT((2.9287750164042636,0.44791666666664592,3.2349081364829493));
#1077=IFCCARTESIANPOINT((2.9033007009414167,0.44791666666664592,3.2382618937379619));
#1078=IFCCARTESIANPOINT((2.8795624179790664,0.44791666666664592,3.2480946124884178));
#1079=IFCCARTESIANPOINT((2.8591778922717292,0.44791666666664592,3.2637362092008089));
#1080=IFCCARTESIANPOINT((2.8435362955593382,0.44791666666664592,3.284120734908146));
#1081=IFCCARTESIANPOINT((2.8337035768088827,0.44791666666664592,3.3078590178704963));
#1082=IFCCARTESIANPOINT((2.8303498195538701,0.44791666666664592,3.3333333333333433));
#1083=IFCCARTESIANPOINT((2.8337035768088832,0.44791666666664592,3.3588076487961898));
#1084=IFCCARTESIANPOINT((2.8435362955593386,0.44791666666664592,3.38254593175854));
#1085=IFCCARTESIANPOINT((2.8591778922717297,0.44791666666664592,3.4029304574658772));
#1086=IFCCARTESIANPOINT((2.8795624179790673,0.44791666666664592,3.4185720541782683));
#1087=IFCCARTESIANPOINT((2.9033007009414176,0.44791666666664592,3.4284047729287237));
#1088=IFCCARTESIANPOINT((2.9287750164042641,0.44791666666664592,3.4317585301837363));
#1089=IFCCARTESIANPOINT((2.9542493318671106,0.44791666666664592,3.4284047729287233));
#1090=IFCCARTESIANPOINT((2.9779876148294608,0.44791666666664592,3.4185720541782678));
#1091=IFCCARTESIANPOINT((2.998372140536798,0.44791666666664592,3.4029304574658767));
#1092=IFCCARTESIANPOINT((3.0140137372491886,0.44791666666664592,3.3825459317585391));
#1093=IFCCARTESIANPOINT((3.0238464559996441,0.44791666666664592,3.3588076487961889));
#1094=IFCPOLYLOOP((#1053,#1054,#1055,#1056,#1057,#1058,#1059,#1060,#1061,#1062,#1063,#1064,#1065,#1066,#1067,#1068,#1069,#1046,#1047,#1048,#1049,#1050,#1051,#1052));
#1095=IFCFACEOUTERBOUND(#1094,.T.);
#1096=IFCFACE((#1095));
#1097=IFCPOLYLOOP((#1077,#1078,#1079,#1080,#1081,#1082,#1083,#1084,#1085,#1086,#1087,#1088,#1089,#1090,#1091,#1092,#1093,#1070,#1071,#1072,#1073,#1074,#1075,#1076));
#1098=IFCFACEOUTERBOUND(#1097,.T.);
#1099=IFCFACE((#1098));
#1100=IFCPOLYLOOP((#1093,#1047,#1046,#1070));
#1101=IFCFACEOUTERBOUND(#1100,.T.);
#1102=IFCFACE((#1101));
#1103=IFCPOLYLOOP((#1092,#1048,#1047,#1093));
#1104=IFCFACEOUTERBOUND(#1103,.T.);
#1105=IFCFACE((#1104));
#1106=IFCPOLYLOOP((#1050,#1049,#1091,#1090));
#1107=IFCFACEOUTERBOUND(#1106,.T.);
#1108=IFCFACE((#1107));
#1109=IFCPOLYLOOP((#1092,#1091,#1049,#1048));
#1110=IFCFACEOUTERBOUND(#1109,.T.);
#1111=IFCFACE((#1110));
#1112=IFCPOLYLOOP((#1051,#1050,#1090,#1089));
#1113=IFCFACEOUTERBOUND(#1112,.T.);
#1114=IFCFACE((#1113));
#1115=IFCPOLYLOOP((#1052,#1051,#1089,#1088));
#1116=IFCFACEOUTERBOUND(#1115,.T.);
#1117=IFCFACE((#1116));
#1118=IFCPOLYLOOP((#1087,#1053,#1052,#1088));
#1119=IFCFACEOUTERBOUND(#1118,.T.);
#1120=IFCFACE((#1119));
#1121=IFCPOLYLOOP((#1086,#1054,#1053,#1087));
#1122=IFCFACEOUTERBOUND(#1121,.T.);
#1123=IFCFACE((#1122));
#1124=IFCPOLYLOOP((#1056,#1055,#1085,#1084));
#1125=IFCFACEOUTERBOUND(#1124,.T.);
#1126=IFCFACE((#1125));
#1127=IFCPOLYLOOP((#1086,#1085,#1055,#1054));
#1128=IFCFACEOUTERBOUND(#1127,.T.);
#1129=IFCFACE((#1128));
#1130=IFCPOLYLOOP((#1057,#1056,#1084,#1083));
#1131=IFCFACEOUTERBOUND(#1130,.T.);
#1132=IFCFACE((#1131));
#1133=IFCPOLYLOOP((#1058,#1057,#1083,#1082));
#1134=IFCFACEOUTERBOUND(#1133,.T.);
#1135=IFCFACE((#1134));
#1136=IFCPOLYLOOP((#1081,#1059,#1058,#1082));
#1137=IFCFACEOUTERBOUND(#1136,.T.);
#1138=IFCFACE((#1137));
#1139=IFCPOLYLOOP((#1080,#1060,#1059,#1081));
#1140=IFCFACEOUTERBOUND(#1139,.T.);
#1141=IFCFACE((#1140));
#1142=IFCPOLYLOOP((#1062,#1061,#1079,#1078));
#1143=IFCFACEOUTERBOUND(#1142,.T.);
#1144=IFCFACE((#1143));
#1145=IFCPOLYLOOP((#1080,#1079,#1061,#1060));
#1146=IFCFACEOUTERBOUND(#1145,.T.);
#1147=IFCFACE((#1146));
#1148=IFCPOLYLOOP((#1063,#1062,#1078,#1077));
#1149=IFCFACEOUTERBOUND(#1148,.T.);
#1150=IFCFACE((#1149));
#1151=IFCPOLYLOOP((#1064,#1063,#1077,#1076));
#1152=IFCFACEOUTERBOUND(#1151,.T.);
#1153=IFCFACE((#1152));
#1154=IFCPOLYLOOP((#1075,#1065,#1064,#1076));
#1155=IFCFACEOUTERBOUND(#1154,.T.);
#1156=IFCFACE((#1155));
#1157=IFCPOLYLOOP((#1074,#1066,#1065,#1075));
#1158=IFCFACEOUTERBOUND(#1157,.T.);
#1159=IFCFACE((#1158));
#1160=IFCPOLYLOOP((#1068,#1067,#1073,#1072));
#1161=IFCFACEOUTERBOUND(#1160,.T.);
#1162=IFCFACE((#1161));
#1163=IFCPOLYLOOP((#1074,#1073,#1067,#1066));
#1164=IFCFACEOUTERBOUND(#1163,.T.);
#1165=IFCFACE((#1164));
#1166=IFCPOLYLOOP((#1069,#1068,#1072,#1071));
#1167=IFCFACEOUTERBOUND(#1166,.T.);
#1168=IFCFACE((#1167));
#1169=IFCPOLYLOOP((#1046,#1069,#1071,#1070));
#1170=IFCFACEOUTERBOUND(#1169,.T.);
#1171=IFCFACE((#1170));
#1172=IFCCARTESIANPOINT((2.9533813156168622,0.61999671916008103,3.3333333333333419));
#1173=IFCCARTESIANPOINT((2.9522633965318579,0.61999671916008103,3.3418247718209573));
#1174=IFCCARTESIANPOINT((2.9489858236150392,0.61999671916008103,3.3497375328084078));
#1175=IFCCARTESIANPOINT((2.9437719580442421,0.61999671916008103,3.3565323747108535));
#1176=IFCCARTESIANPOINT((2.9369771161417964,0.61999671916008103,3.3617462402816503));
#1177=IFCCARTESIANPOINT((2.9290643551543463,0.61999671916008103,3.3650238131984689));
#1178=IFCCARTESIANPOINT((2.9205729166667305,0.61999671916008103,3.3661417322834732));
#1179=IFCCARTESIANPOINT((2.9120814781791147,0.61999671916008103,3.3650238131984684));
#1180=IFCCARTESIANPOINT((2.9041687171916646,0.61999671916008103,3.3617462402816498));
#1181=IFCCARTESIANPOINT((2.8973738752892189,0.61999671916008103,3.3565323747108531));
#1182=IFCCARTESIANPOINT((2.8921600097184221,0.61999671916008103,3.3497375328084069));
#1183=IFCCARTESIANPOINT((2.8888824368016035,0.61999671916008103,3.3418247718209568));
#1184=IFCCARTESIANPOINT((2.8877645177165991,0.61999671916008103,3.333333333333341));
#1185=IFCCARTESIANPOINT((2.8888824368016035,0.61999671916008103,3.3248418948457252));
#1186=IFCCARTESIANPOINT((2.8921600097184226,0.61999671916008103,3.3169291338582751));
#1187=IFCCARTESIANPOINT((2.8973738752892197,0.61999671916008103,3.3101342919558294));
#1188=IFCCARTESIANPOINT((2.9041687171916655,0.61999671916008103,3.3049204263850327));
#1189=IFCCARTESIANPOINT((2.9120814781791156,0.61999671916008103,3.3016428534682141));
#1190=IFCCARTESIANPOINT((2.9205729166667314,0.61999671916008103,3.3005249343832097));
#1191=IFCCARTESIANPOINT((2.9290643551543467,0.61999671916008103,3.3016428534682145));
#1192=IFCCARTESIANPOINT((2.9369771161417972,0.61999671916008103,3.3049204263850331));
#1193=IFCCARTESIANPOINT((2.943771958044243,0.61999671916008103,3.3101342919558303));
#1194=IFCCARTESIANPOINT((2.9489858236150397,0.61999671916008103,3.316929133858276));
#1195=IFCCARTESIANPOINT((2.9522633965318583,0.61999671916008103,3.3248418948457261));
#1196=IFCCARTESIANPOINT((2.8877645177165991,0.71842191601047356,3.333333333333341));
#1197=IFCCARTESIANPOINT((2.8888824368016035,0.71842191601047356,3.3248418948457252));
#1198=IFCCARTESIANPOINT((2.8921600097184226,0.71842191601047356,3.3169291338582751));
#1199=IFCCARTESIANPOINT((2.8973738752892197,0.71842191601047356,3.3101342919558294));
#1200=IFCCARTESIANPOINT((2.9041687171916655,0.71842191601047356,3.3049204263850327));
#1201=IFCCARTESIANPOINT((2.9120814781791156,0.71842191601047356,3.3016428534682141));
#1202=IFCCARTESIANPOINT((2.9205729166667314,0.71842191601047356,3.3005249343832097));
#1203=IFCCARTESIANPOINT((2.9290643551543472,0.71842191601047356,3.3016428534682145));
#1204=IFCCARTESIANPOINT((2.9369771161417972,0.71842191601047356,3.3049204263850331));
#1205=IFCCARTESIANPOINT((2.943771958044243,0.71842191601047356,3.3101342919558303));
#1206=IFCCARTESIANPOINT((2.9489858236150397,0.71842191601047356,3.316929133858276));
#1207=IFCCARTESIANPOINT((2.9522633965318583,0.71842191601047356,3.3248418948457261));
#1208=IFCCARTESIANPOINT((2.9533813156168627,0.71842191601047356,3.3333333333333415));
#1209=IFCCARTESIANPOINT((2.9522633965318583,0.71842191601047356,3.3418247718209573));
#1210=IFCCARTESIANPOINT((2.9489858236150397,0.71842191601047356,3.3497375328084074));
#1211=IFCCARTESIANPOINT((2.9437719580442421,0.71842191601047356,3.3565323747108535));
#1212=IFCCARTESIANPOINT((2.9369771161417964,0.71842191601047356,3.3617462402816503));
#1213=IFCCARTESIANPOINT((2.9290643551543463,0.71842191601047356,3.3650238131984689));
#1214=IFCCARTESIANPOINT((2.9205729166667309,0.71842191601047356,3.3661417322834732));
#1215=IFCCARTESIANPOINT((2.9120814781791151,0.71842191601047356,3.3650238131984684));
#1216=IFCCARTESIANPOINT((2.904168717191665,0.71842191601047356,3.3617462402816498));
#1217=IFCCARTESIANPOINT((2.8973738752892189,0.71842191601047356,3.3565323747108531));
#1218=IFCCARTESIANPOINT((2.8921600097184221,0.71842191601047356,3.3497375328084069));
#1219=IFCCARTESIANPOINT((2.8888824368016035,0.71842191601047356,3.3418247718209568));
#1220=IFCCARTESIANPOINT((2.8713603182415106,0.73482611548556209,3.3333333333333406));
#1221=IFCCARTESIANPOINT((2.8713603182415106,0.73594403457056656,3.3248418948457248));
#1222=IFCCARTESIANPOINT((2.8713603182415106,0.7392216074873853,3.3169291338582747));
#1223=IFCCARTESIANPOINT((2.8713603182415106,0.74443547305818236,3.310134291955829));
#1224=IFCCARTESIANPOINT((2.8713603182415106,0.75123031496062831,3.3049204263850323));
#1225=IFCCARTESIANPOINT((2.8713603182415106,0.75914307594807839,3.3016428534682136));
#1226=IFCCARTESIANPOINT((2.8713603182415106,0.76763451443569408,3.3005249343832093));
#1227=IFCCARTESIANPOINT((2.8713603182415106,0.77612595292330966,3.3016428534682141));
#1228=IFCCARTESIANPOINT((2.8713603182415106,0.78403871391075985,3.3049204263850327));
#1229=IFCCARTESIANPOINT((2.8713603182415111,0.79083355581320558,3.3101342919558299));
#1230=IFCCARTESIANPOINT((2.8713603182415106,0.79604742138400253,3.3169291338582756));
#1231=IFCCARTESIANPOINT((2.8713603182415106,0.79932499430082105,3.3248418948457261));
#1232=IFCCARTESIANPOINT((2.8713603182415106,0.80044291338582529,3.333333333333341));
#1233=IFCCARTESIANPOINT((2.9123708169291866,0.78945418338126494,3.3333333333333415));
#1234=IFCCARTESIANPOINT((2.9423925856123021,0.75943241469814937,3.3333333333333415));
#1235=IFCCARTESIANPOINT((2.8829598389302831,0.73002143669924546,3.333333333333341));
#1236=IFCCARTESIANPOINT((2.8922467939020935,0.7948463990998399,3.333333333333341));
#1237=IFCCARTESIANPOINT((2.9477848013665855,0.73930839153779049,3.3333333333333415));
#1238=IFCCARTESIANPOINT((2.8818035560718021,0.79764465624283265,3.333333333333341));
#1239=IFCCARTESIANPOINT((2.9505830584917239,0.72886515377413197,3.333333333333341));
#1240=IFCCARTESIANPOINT((2.8765819371566561,0.79904378481432903,3.333333333333341));
#1241=IFCCARTESIANPOINT((2.951982187054293,0.72364353489230271,3.3333333333333415));
#1242=IFCCARTESIANPOINT((2.9273817012707442,0.7744432990397071,3.3333333333333415));
#1243=IFCCARTESIANPOINT((2.9026518927006357,0.76354302836841148,3.3010233682916836));
#1244=IFCCARTESIANPOINT((2.9164814285166836,0.74971348808991012,3.3010233677507834));
#1245=IFCCARTESIANPOINT((2.9450886934894438,0.74937040311796999,3.3333333333333415));
#1246=IFCCARTESIANPOINT((2.8943610328387335,0.77967643149044974,3.3048136707432807));
#1247=IFCCARTESIANPOINT((2.9239688704517688,0.74002255770047931,3.3014311636391001));
#1248=IFCCARTESIANPOINT((2.9370700877310227,0.73797616640625363,3.3068349839339719));
#1249=IFCCARTESIANPOINT((2.8845442340481862,0.74262260290510484,3.3086857132680367));
#1250=IFCCARTESIANPOINT((2.8955610060960524,0.73160583207058849,3.3086857124209672));
#1251=IFCCARTESIANPOINT((2.8992516664464749,0.74631326310567259,3.3020128636738963));
#1252=IFCCARTESIANPOINT((2.9203121215180134,0.766557617682182,3.3069053892866558));
#1253=IFCCARTESIANPOINT((2.9023088054156401,0.79215029124055236,3.3333333333333415));
#1254=IFCCARTESIANPOINT((2.9198762590999654,0.78194874121048596,3.3333333333333415));
#1255=IFCCARTESIANPOINT((2.9348871434415233,0.76693785686892824,3.3333333333333415));
#1256=IFCCARTESIANPOINT((2.8713603182415106,0.79932499430082093,3.3418247718209568));
#1257=IFCCARTESIANPOINT((2.8713603182415106,0.79604742138400231,3.3497375328084069));
#1258=IFCCARTESIANPOINT((2.8713603182415106,0.79083355581320514,3.3565323747108526));
#1259=IFCCARTESIANPOINT((2.8713603182415106,0.7840387139107593,3.3617462402816498));
#1260=IFCCARTESIANPOINT((2.8713603182415106,0.7761259529233091,3.3650238131984684));
#1261=IFCCARTESIANPOINT((2.8713603182415106,0.76763451443569342,3.3661417322834728));
#1262=IFCCARTESIANPOINT((2.8713603182415106,0.75914307594807795,3.3650238131984684));
#1263=IFCCARTESIANPOINT((2.8713603182415106,0.75123031496062775,3.3617462402816494));
#1264=IFCCARTESIANPOINT((2.8713603182415106,0.74443547305818192,3.3565323747108526));
#1265=IFCCARTESIANPOINT((2.8713603182415106,0.73922160748738497,3.3497375328084069));
#1266=IFCCARTESIANPOINT((2.8713603182415106,0.73594403457056645,3.3418247718209564));
#1267=IFCCARTESIANPOINT((2.9164814285170513,0.74971348809030203,3.3656432989158063));
#1268=IFCCARTESIANPOINT((2.902651892702143,0.76354302836877241,3.3656432983747946));
#1269=IFCCARTESIANPOINT((2.8943610328390088,0.77967643149056687,3.3618529959232841));
#1270=IFCCARTESIANPOINT((2.9239688704518354,0.74002255770057479,3.3652355030275589));
#1271=IFCCARTESIANPOINT((2.9370700877310432,0.73797616640632158,3.3598316827326817));
#1272=IFCCARTESIANPOINT((2.895561006096278,0.73160583207072361,3.3579809542459458));
#1273=IFCCARTESIANPOINT((2.8845442340481546,0.74262260290508553,3.3579809533986174));
#1274=IFCCARTESIANPOINT((2.8992516664477583,0.74631326310678991,3.3646538029933155));
#1275=IFCCARTESIANPOINT((2.9194960212038539,0.76737371819469891,3.3597612772872703));
#1276=IFCCARTESIANPOINT((2.526872129265108,0.80044291338582496,3.3333333333333401));
#1277=IFCCARTESIANPOINT((2.526872129265108,0.79932499430082071,3.3248418948457248));
#1278=IFCCARTESIANPOINT((2.526872129265108,0.79604742138400231,3.3169291338582747));
#1279=IFCCARTESIANPOINT((2.526872129265108,0.79083355581320525,3.3101342919558285));
#1280=IFCCARTESIANPOINT((2.526872129265108,0.78403871391075952,3.3049204263850318));
#1281=IFCCARTESIANPOINT((2.526872129265108,0.77612595292330933,3.3016428534682132));
#1282=IFCCARTESIANPOINT((2.526872129265108,0.76763451443569375,3.3005249343832084));
#1283=IFCCARTESIANPOINT((2.526872129265108,0.75914307594807817,3.3016428534682127));
#1284=IFCCARTESIANPOINT((2.526872129265108,0.75123031496062798,3.3049204263850314));
#1285=IFCCARTESIANPOINT((2.526872129265108,0.74443547305818203,3.3101342919558281));
#1286=IFCCARTESIANPOINT((2.526872129265108,0.73922160748738497,3.3169291338582738));
#1287=IFCCARTESIANPOINT((2.526872129265108,0.73594403457056634,3.3248418948457243));
#1288=IFCCARTESIANPOINT((2.526872129265108,0.73482611548556187,3.3333333333333401));
#1289=IFCCARTESIANPOINT((2.526872129265108,0.73594403457056612,3.3418247718209559));
#1290=IFCCARTESIANPOINT((2.526872129265108,0.73922160748738475,3.349737532808406));
#1291=IFCCARTESIANPOINT((2.5268721292651075,0.7444354730581817,3.3565323747108518));
#1292=IFCCARTESIANPOINT((2.5268721292651075,0.75123031496062764,3.3617462402816489));
#1293=IFCCARTESIANPOINT((2.5268721292651075,0.75914307594807773,3.3650238131984676));
#1294=IFCCARTESIANPOINT((2.5268721292651075,0.7676345144356933,3.3661417322834719));
#1295=IFCCARTESIANPOINT((2.5268721292651075,0.77612595292330899,3.3650238131984676));
#1296=IFCCARTESIANPOINT((2.5268721292651075,0.78403871391075919,3.3617462402816489));
#1297=IFCCARTESIANPOINT((2.5268721292651075,0.79083355581320502,3.3565323747108518));
#1298=IFCCARTESIANPOINT((2.526872129265108,0.79604742138400209,3.349737532808406));
#1299=IFCCARTESIANPOINT((2.526872129265108,0.7993249943008206,3.3418247718209559));
#1300=IFCPOLYLOOP((#1193,#1194,#1195,#1172,#1173,#1174,#1175,#1176,#1177,#1178,#1179,#1180,#1181,#1182,#1183,#1184,#1185,#1186,#1187,#1188,#1189,#1190,#1191,#1192));
#1301=IFCFACEOUTERBOUND(#1300,.T.);
#1302=IFCFACE((#1301));
#1303=IFCPOLYLOOP((#1208,#1172,#1195,#1207));
#1304=IFCFACEOUTERBOUND(#1303,.T.);
#1305=IFCFACE((#1304));
#1306=IFCPOLYLOOP((#1207,#1195,#1194,#1206));
#1307=IFCFACEOUTERBOUND(#1306,.T.);
#1308=IFCFACE((#1307));
#1309=IFCPOLYLOOP((#1204,#1205,#1193,#1192));
#1310=IFCFACEOUTERBOUND(#1309,.T.);
#1311=IFCFACE((#1310));
#1312=IFCPOLYLOOP((#1194,#1193,#1205,#1206));
#1313=IFCFACEOUTERBOUND(#1312,.T.);
#1314=IFCFACE((#1313));
#1315=IFCPOLYLOOP((#1203,#1204,#1192,#1191));
#1316=IFCFACEOUTERBOUND(#1315,.T.);
#1317=IFCFACE((#1316));
#1318=IFCPOLYLOOP((#1190,#1202,#1203,#1191));
#1319=IFCFACEOUTERBOUND(#1318,.T.);
#1320=IFCFACE((#1319));
#1321=IFCPOLYLOOP((#1201,#1189,#1188,#1200));
#1322=IFCFACEOUTERBOUND(#1321,.T.);
#1323=IFCFACE((#1322));
#1324=IFCPOLYLOOP((#1200,#1188,#1187,#1199));
#1325=IFCFACEOUTERBOUND(#1324,.T.);
#1326=IFCFACE((#1325));
#1327=IFCPOLYLOOP((#1197,#1198,#1186,#1185));
#1328=IFCFACEOUTERBOUND(#1327,.T.);
#1329=IFCFACE((#1328));
#1330=IFCPOLYLOOP((#1187,#1186,#1198,#1199));
#1331=IFCFACEOUTERBOUND(#1330,.T.);
#1332=IFCFACE((#1331));
#1333=IFCPOLYLOOP((#1196,#1197,#1185,#1184));
#1334=IFCFACEOUTERBOUND(#1333,.T.);
#1335=IFCFACE((#1334));
#1336=IFCPOLYLOOP((#1201,#1202,#1190,#1189));
#1337=IFCFACEOUTERBOUND(#1336,.T.);
#1338=IFCFACE((#1337));
#1339=IFCPOLYLOOP((#1196,#1184,#1183,#1219));
#1340=IFCFACEOUTERBOUND(#1339,.T.);
#1341=IFCFACE((#1340));
#1342=IFCPOLYLOOP((#1219,#1183,#1182,#1218));
#1343=IFCFACEOUTERBOUND(#1342,.T.);
#1344=IFCFACE((#1343));
#1345=IFCPOLYLOOP((#1216,#1217,#1181,#1180));
#1346=IFCFACEOUTERBOUND(#1345,.T.);
#1347=IFCFACE((#1346));
#1348=IFCPOLYLOOP((#1182,#1181,#1217,#1218));
#1349=IFCFACEOUTERBOUND(#1348,.T.);
#1350=IFCFACE((#1349));
#1351=IFCPOLYLOOP((#1215,#1216,#1180,#1179));
#1352=IFCFACEOUTERBOUND(#1351,.T.);
#1353=IFCFACE((#1352));
#1354=IFCPOLYLOOP((#1178,#1214,#1215,#1179));
#1355=IFCFACEOUTERBOUND(#1354,.T.);
#1356=IFCFACE((#1355));
#1357=IFCPOLYLOOP((#1213,#1177,#1176,#1212));
#1358=IFCFACEOUTERBOUND(#1357,.T.);
#1359=IFCFACE((#1358));
#1360=IFCPOLYLOOP((#1212,#1176,#1175,#1211));
#1361=IFCFACEOUTERBOUND(#1360,.T.);
#1362=IFCFACE((#1361));
#1363=IFCPOLYLOOP((#1209,#1210,#1174,#1173));
#1364=IFCFACEOUTERBOUND(#1363,.T.);
#1365=IFCFACE((#1364));
#1366=IFCPOLYLOOP((#1175,#1174,#1210,#1211));
#1367=IFCFACEOUTERBOUND(#1366,.T.);
#1368=IFCFACE((#1367));
#1369=IFCPOLYLOOP((#1208,#1209,#1173,#1172));
#1370=IFCFACEOUTERBOUND(#1369,.T.);
#1371=IFCFACE((#1370));
#1372=IFCPOLYLOOP((#1213,#1214,#1178,#1177));
#1373=IFCFACEOUTERBOUND(#1372,.T.);
#1374=IFCFACE((#1373));
#1375=IFCPOLYLOOP((#1206,#1241,#1207));
#1376=IFCFACEOUTERBOUND(#1375,.T.);
#1377=IFCFACE((#1376));
#1378=IFCPOLYLOOP((#1237,#1203,#1248));
#1379=IFCFACEOUTERBOUND(#1378,.T.);
#1380=IFCFACE((#1379));
#1381=IFCPOLYLOOP((#1250,#1244,#1247));
#1382=IFCFACEOUTERBOUND(#1381,.T.);
#1383=IFCFACE((#1382));
#1384=IFCPOLYLOOP((#1248,#1234,#1245,#1237));
#1385=IFCFACEOUTERBOUND(#1384,.T.);
#1386=IFCFACE((#1385));
#1387=IFCPOLYLOOP((#1205,#1204,#1237));
#1388=IFCFACEOUTERBOUND(#1387,.T.);
#1389=IFCFACE((#1388));
#1390=IFCPOLYLOOP((#1205,#1239,#1206));
#1391=IFCFACEOUTERBOUND(#1390,.T.);
#1392=IFCFACE((#1391));
#1393=IFCPOLYLOOP((#1203,#1237,#1204));
#1394=IFCFACEOUTERBOUND(#1393,.T.);
#1395=IFCFACE((#1394));
#1396=IFCPOLYLOOP((#1248,#1247,#1234));
#1397=IFCFACEOUTERBOUND(#1396,.T.);
#1398=IFCFACE((#1397));
#1399=IFCPOLYLOOP((#1201,#1200,#1248));
#1400=IFCFACEOUTERBOUND(#1399,.T.);
#1401=IFCFACE((#1400));
#1402=IFCPOLYLOOP((#1251,#1243,#1252));
#1403=IFCFACEOUTERBOUND(#1402,.T.);
#1404=IFCFACE((#1403));
#1405=IFCPOLYLOOP((#1243,#1246,#1233));
#1406=IFCFACEOUTERBOUND(#1405,.T.);
#1407=IFCFACE((#1406));
#1408=IFCPOLYLOOP((#1203,#1202,#1248));
#1409=IFCFACEOUTERBOUND(#1408,.T.);
#1410=IFCFACE((#1409));
#1411=IFCPOLYLOOP((#1202,#1201,#1248));
#1412=IFCFACEOUTERBOUND(#1411,.T.);
#1413=IFCFACE((#1412));
#1414=IFCPOLYLOOP((#1249,#1235,#1220));
#1415=IFCFACEOUTERBOUND(#1414,.T.);
#1416=IFCFACE((#1415));
#1417=IFCPOLYLOOP((#1247,#1248,#1200));
#1418=IFCFACEOUTERBOUND(#1417,.T.);
#1419=IFCFACE((#1418));
#1420=IFCPOLYLOOP((#1222,#1249,#1221));
#1421=IFCFACEOUTERBOUND(#1420,.T.);
#1422=IFCFACE((#1421));
#1423=IFCPOLYLOOP((#1227,#1236,#1253));
#1424=IFCFACEOUTERBOUND(#1423,.T.);
#1425=IFCFACE((#1424));
#1426=IFCPOLYLOOP((#1231,#1240,#1230));
#1427=IFCFACEOUTERBOUND(#1426,.T.);
#1428=IFCFACE((#1427));
#1429=IFCPOLYLOOP((#1198,#1250,#1247));
#1430=IFCFACEOUTERBOUND(#1429,.T.);
#1431=IFCFACE((#1430));
#1432=IFCPOLYLOOP((#1200,#1199,#1247));
#1433=IFCFACEOUTERBOUND(#1432,.T.);
#1434=IFCFACE((#1433));
#1435=IFCPOLYLOOP((#1251,#1252,#1244));
#1436=IFCFACEOUTERBOUND(#1435,.T.);
#1437=IFCFACE((#1436));
#1438=IFCPOLYLOOP((#1224,#1246,#1223));
#1439=IFCFACEOUTERBOUND(#1438,.T.);
#1440=IFCFACE((#1439));
#1441=IFCPOLYLOOP((#1251,#1250,#1235));
#1442=IFCFACEOUTERBOUND(#1441,.T.);
#1443=IFCFACE((#1442));
#1444=IFCPOLYLOOP((#1252,#1255,#1244));
#1445=IFCFACEOUTERBOUND(#1444,.T.);
#1446=IFCFACE((#1445));
#1447=IFCPOLYLOOP((#1243,#1254,#1252));
#1448=IFCFACEOUTERBOUND(#1447,.T.);
#1449=IFCFACE((#1448));
#1450=IFCPOLYLOOP((#1227,#1228,#1236));
#1451=IFCFACEOUTERBOUND(#1450,.T.);
#1452=IFCFACE((#1451));
#1453=IFCPOLYLOOP((#1251,#1244,#1250));
#1454=IFCFACEOUTERBOUND(#1453,.T.);
#1455=IFCFACE((#1454));
#1456=IFCPOLYLOOP((#1246,#1226,#1253));
#1457=IFCFACEOUTERBOUND(#1456,.T.);
#1458=IFCFACE((#1457));
#1459=IFCPOLYLOOP((#1253,#1226,#1227));
#1460=IFCFACEOUTERBOUND(#1459,.T.);
#1461=IFCFACE((#1460));
#1462=IFCPOLYLOOP((#1236,#1229,#1238));
#1463=IFCFACEOUTERBOUND(#1462,.T.);
#1464=IFCFACE((#1463));
#1465=IFCPOLYLOOP((#1254,#1243,#1233));
#1466=IFCFACEOUTERBOUND(#1465,.T.);
#1467=IFCFACE((#1466));
#1468=IFCPOLYLOOP((#1228,#1229,#1236));
#1469=IFCFACEOUTERBOUND(#1468,.T.);
#1470=IFCFACE((#1469));
#1471=IFCPOLYLOOP((#1253,#1233,#1246));
#1472=IFCFACEOUTERBOUND(#1471,.T.);
#1473=IFCFACE((#1472));
#1474=IFCPOLYLOOP((#1232,#1240,#1231));
#1475=IFCFACEOUTERBOUND(#1474,.T.);
#1476=IFCFACE((#1475));
#1477=IFCPOLYLOOP((#1251,#1249,#1243));
#1478=IFCFACEOUTERBOUND(#1477,.T.);
#1479=IFCFACE((#1478));
#1480=IFCPOLYLOOP((#1244,#1255,#1247));
#1481=IFCFACEOUTERBOUND(#1480,.T.);
#1482=IFCFACE((#1481));
#1483=IFCPOLYLOOP((#1229,#1230,#1238));
#1484=IFCFACEOUTERBOUND(#1483,.T.);
#1485=IFCFACE((#1484));
#1486=IFCPOLYLOOP((#1197,#1196,#1250));
#1487=IFCFACEOUTERBOUND(#1486,.T.);
#1488=IFCFACE((#1487));
#1489=IFCPOLYLOOP((#1252,#1254,#1242,#1255));
#1490=IFCFACEOUTERBOUND(#1489,.T.);
#1491=IFCFACE((#1490));
#1492=IFCPOLYLOOP((#1243,#1249,#1222));
#1493=IFCFACEOUTERBOUND(#1492,.T.);
#1494=IFCFACE((#1493));
#1495=IFCPOLYLOOP((#1239,#1205,#1237));
#1496=IFCFACEOUTERBOUND(#1495,.T.);
#1497=IFCFACE((#1496));
#1498=IFCPOLYLOOP((#1249,#1220,#1221));
#1499=IFCFACEOUTERBOUND(#1498,.T.);
#1500=IFCFACE((#1499));
#1501=IFCPOLYLOOP((#1241,#1208,#1207));
#1502=IFCFACEOUTERBOUND(#1501,.T.);
#1503=IFCFACE((#1502));
#1504=IFCPOLYLOOP((#1243,#1223,#1246));
#1505=IFCFACEOUTERBOUND(#1504,.T.);
#1506=IFCFACE((#1505));
#1507=IFCPOLYLOOP((#1230,#1240,#1238));
#1508=IFCFACEOUTERBOUND(#1507,.T.);
#1509=IFCFACE((#1508));
#1510=IFCPOLYLOOP((#1243,#1222,#1223));
#1511=IFCFACEOUTERBOUND(#1510,.T.);
#1512=IFCFACE((#1511));
#1513=IFCPOLYLOOP((#1206,#1239,#1241));
#1514=IFCFACEOUTERBOUND(#1513,.T.);
#1515=IFCFACE((#1514));
#1516=IFCPOLYLOOP((#1225,#1246,#1224));
#1517=IFCFACEOUTERBOUND(#1516,.T.);
#1518=IFCFACE((#1517));
#1519=IFCPOLYLOOP((#1246,#1225,#1226));
#1520=IFCFACEOUTERBOUND(#1519,.T.);
#1521=IFCFACE((#1520));
#1522=IFCPOLYLOOP((#1247,#1199,#1198));
#1523=IFCFACEOUTERBOUND(#1522,.T.);
#1524=IFCFACE((#1523));
#1525=IFCPOLYLOOP((#1249,#1251,#1235));
#1526=IFCFACEOUTERBOUND(#1525,.T.);
#1527=IFCFACE((#1526));
#1528=IFCPOLYLOOP((#1250,#1198,#1197));
#1529=IFCFACEOUTERBOUND(#1528,.T.);
#1530=IFCFACE((#1529));
#1531=IFCPOLYLOOP((#1234,#1247,#1255));
#1532=IFCFACEOUTERBOUND(#1531,.T.);
#1533=IFCFACE((#1532));
#1534=IFCPOLYLOOP((#1250,#1196,#1235));
#1535=IFCFACEOUTERBOUND(#1534,.T.);
#1536=IFCFACE((#1535));
#1537=IFCPOLYLOOP((#1237,#1245,#1234,#1271));
#1538=IFCFACEOUTERBOUND(#1537,.T.);
#1539=IFCFACE((#1538));
#1540=IFCPOLYLOOP((#1274,#1272,#1267));
#1541=IFCFACEOUTERBOUND(#1540,.T.);
#1542=IFCFACE((#1541));
#1543=IFCPOLYLOOP((#1273,#1220,#1235));
#1544=IFCFACEOUTERBOUND(#1543,.T.);
#1545=IFCFACE((#1544));
#1546=IFCPOLYLOOP((#1218,#1217,#1270));
#1547=IFCFACEOUTERBOUND(#1546,.T.);
#1548=IFCFACE((#1547));
#1549=IFCPOLYLOOP((#1272,#1270,#1267));
#1550=IFCFACEOUTERBOUND(#1549,.T.);
#1551=IFCFACE((#1550));
#1552=IFCPOLYLOOP((#1273,#1268,#1265));
#1553=IFCFACEOUTERBOUND(#1552,.T.);
#1554=IFCFACE((#1553));
#1555=IFCPOLYLOOP((#1270,#1272,#1218));
#1556=IFCFACEOUTERBOUND(#1555,.T.);
#1557=IFCFACE((#1556));
#1558=IFCPOLYLOOP((#1274,#1267,#1275));
#1559=IFCFACEOUTERBOUND(#1558,.T.);
#1560=IFCFACE((#1559));
#1561=IFCPOLYLOOP((#1218,#1272,#1219));
#1562=IFCFACEOUTERBOUND(#1561,.T.);
#1563=IFCFACE((#1562));
#1564=IFCPOLYLOOP((#1274,#1273,#1235));
#1565=IFCFACEOUTERBOUND(#1564,.T.);
#1566=IFCFACE((#1565));
#1567=IFCPOLYLOOP((#1268,#1274,#1275));
#1568=IFCFACEOUTERBOUND(#1567,.T.);
#1569=IFCFACE((#1568));
#1570=IFCPOLYLOOP((#1266,#1220,#1273));
#1571=IFCFACEOUTERBOUND(#1570,.T.);
#1572=IFCFACE((#1571));
#1573=IFCPOLYLOOP((#1209,#1208,#1241));
#1574=IFCFACEOUTERBOUND(#1573,.T.);
#1575=IFCFACE((#1574));
#1576=IFCPOLYLOOP((#1269,#1268,#1233));
#1577=IFCFACEOUTERBOUND(#1576,.T.);
#1578=IFCFACE((#1577));
#1579=IFCPOLYLOOP((#1269,#1233,#1253));
#1580=IFCFACEOUTERBOUND(#1579,.T.);
#1581=IFCFACE((#1580));
#1582=IFCPOLYLOOP((#1239,#1237,#1211));
#1583=IFCFACEOUTERBOUND(#1582,.T.);
#1584=IFCFACE((#1583));
#1585=IFCPOLYLOOP((#1213,#1271,#1214));
#1586=IFCFACEOUTERBOUND(#1585,.T.);
#1587=IFCFACE((#1586));
#1588=IFCPOLYLOOP((#1254,#1233,#1268));
#1589=IFCFACEOUTERBOUND(#1588,.T.);
#1590=IFCFACE((#1589));
#1591=IFCPOLYLOOP((#1212,#1211,#1237));
#1592=IFCFACEOUTERBOUND(#1591,.T.);
#1593=IFCFACE((#1592));
#1594=IFCPOLYLOOP((#1237,#1213,#1212));
#1595=IFCFACEOUTERBOUND(#1594,.T.);
#1596=IFCFACE((#1595));
#1597=IFCPOLYLOOP((#1234,#1255,#1270));
#1598=IFCFACEOUTERBOUND(#1597,.T.);
#1599=IFCFACE((#1598));
#1600=IFCPOLYLOOP((#1253,#1260,#1261));
#1601=IFCFACEOUTERBOUND(#1600,.T.);
#1602=IFCFACE((#1601));
#1603=IFCPOLYLOOP((#1237,#1271,#1213));
#1604=IFCFACEOUTERBOUND(#1603,.T.);
#1605=IFCFACE((#1604));
#1606=IFCPOLYLOOP((#1268,#1273,#1274));
#1607=IFCFACEOUTERBOUND(#1606,.T.);
#1608=IFCFACE((#1607));
#1609=IFCPOLYLOOP((#1272,#1274,#1235));
#1610=IFCFACEOUTERBOUND(#1609,.T.);
#1611=IFCFACE((#1610));
#1612=IFCPOLYLOOP((#1266,#1273,#1265));
#1613=IFCFACEOUTERBOUND(#1612,.T.);
#1614=IFCFACE((#1613));
#1615=IFCPOLYLOOP((#1264,#1265,#1268));
#1616=IFCFACEOUTERBOUND(#1615,.T.);
#1617=IFCFACE((#1616));
#1618=IFCPOLYLOOP((#1211,#1210,#1239));
#1619=IFCFACEOUTERBOUND(#1618,.T.);
#1620=IFCFACE((#1619));
#1621=IFCPOLYLOOP((#1268,#1275,#1254));
#1622=IFCFACEOUTERBOUND(#1621,.T.);
#1623=IFCFACE((#1622));
#1624=IFCPOLYLOOP((#1272,#1196,#1219));
#1625=IFCFACEOUTERBOUND(#1624,.T.);
#1626=IFCFACE((#1625));
#1627=IFCPOLYLOOP((#1238,#1258,#1236));
#1628=IFCFACEOUTERBOUND(#1627,.T.);
#1629=IFCFACE((#1628));
#1630=IFCPOLYLOOP((#1263,#1269,#1262));
#1631=IFCFACEOUTERBOUND(#1630,.T.);
#1632=IFCFACE((#1631));
#1633=IFCPOLYLOOP((#1257,#1238,#1240));
#1634=IFCFACEOUTERBOUND(#1633,.T.);
#1635=IFCFACE((#1634));
#1636=IFCPOLYLOOP((#1210,#1241,#1239));
#1637=IFCFACEOUTERBOUND(#1636,.T.);
#1638=IFCFACE((#1637));
#1639=IFCPOLYLOOP((#1263,#1264,#1269));
#1640=IFCFACEOUTERBOUND(#1639,.T.);
#1641=IFCFACE((#1640));
#1642=IFCPOLYLOOP((#1240,#1232,#1256));
#1643=IFCFACEOUTERBOUND(#1642,.T.);
#1644=IFCFACE((#1643));
#1645=IFCPOLYLOOP((#1269,#1261,#1262));
#1646=IFCFACEOUTERBOUND(#1645,.T.);
#1647=IFCFACE((#1646));
#1648=IFCPOLYLOOP((#1267,#1255,#1275));
#1649=IFCFACEOUTERBOUND(#1648,.T.);
#1650=IFCFACE((#1649));
#1651=IFCPOLYLOOP((#1275,#1255,#1242,#1254));
#1652=IFCFACEOUTERBOUND(#1651,.T.);
#1653=IFCFACE((#1652));
#1654=IFCPOLYLOOP((#1236,#1258,#1259));
#1655=IFCFACEOUTERBOUND(#1654,.T.);
#1656=IFCFACE((#1655));
#1657=IFCPOLYLOOP((#1259,#1260,#1236));
#1658=IFCFACEOUTERBOUND(#1657,.T.);
#1659=IFCFACE((#1658));
#1660=IFCPOLYLOOP((#1215,#1271,#1216));
#1661=IFCFACEOUTERBOUND(#1660,.T.);
#1662=IFCFACE((#1661));
#1663=IFCPOLYLOOP((#1236,#1260,#1253));
#1664=IFCFACEOUTERBOUND(#1663,.T.);
#1665=IFCFACE((#1664));
#1666=IFCPOLYLOOP((#1240,#1256,#1257));
#1667=IFCFACEOUTERBOUND(#1666,.T.);
#1668=IFCFACE((#1667));
#1669=IFCPOLYLOOP((#1255,#1267,#1270));
#1670=IFCFACEOUTERBOUND(#1669,.T.);
#1671=IFCFACE((#1670));
#1672=IFCPOLYLOOP((#1269,#1253,#1261));
#1673=IFCFACEOUTERBOUND(#1672,.T.);
#1674=IFCFACE((#1673));
#1675=IFCPOLYLOOP((#1215,#1214,#1271));
#1676=IFCFACEOUTERBOUND(#1675,.T.);
#1677=IFCFACE((#1676));
#1678=IFCPOLYLOOP((#1268,#1269,#1264));
#1679=IFCFACEOUTERBOUND(#1678,.T.);
#1680=IFCFACE((#1679));
#1681=IFCPOLYLOOP((#1258,#1238,#1257));
#1682=IFCFACEOUTERBOUND(#1681,.T.);
#1683=IFCFACE((#1682));
#1684=IFCPOLYLOOP((#1209,#1241,#1210));
#1685=IFCFACEOUTERBOUND(#1684,.T.);
#1686=IFCFACE((#1685));
#1687=IFCPOLYLOOP((#1270,#1271,#1234));
#1688=IFCFACEOUTERBOUND(#1687,.T.);
#1689=IFCFACE((#1688));
#1690=IFCPOLYLOOP((#1270,#1217,#1216));
#1691=IFCFACEOUTERBOUND(#1690,.T.);
#1692=IFCFACE((#1691));
#1693=IFCPOLYLOOP((#1272,#1235,#1196));
#1694=IFCFACEOUTERBOUND(#1693,.T.);
#1695=IFCFACE((#1694));
#1696=IFCPOLYLOOP((#1271,#1270,#1216));
#1697=IFCFACEOUTERBOUND(#1696,.T.);
#1698=IFCFACE((#1697));
#1699=IFCPOLYLOOP((#1281,#1282,#1283,#1284,#1285,#1286,#1287,#1288,#1289,#1290,#1291,#1292,#1293,#1294,#1295,#1296,#1297,#1298,#1299,#1276,#1277,#1278,#1279,#1280));
#1700=IFCFACEOUTERBOUND(#1699,.T.);
#1701=IFCFACE((#1700));
#1702=IFCPOLYLOOP((#1276,#1232,#1231,#1277));
#1703=IFCFACEOUTERBOUND(#1702,.T.);
#1704=IFCFACE((#1703));
#1705=IFCPOLYLOOP((#1277,#1231,#1230,#1278));
#1706=IFCFACEOUTERBOUND(#1705,.T.);
#1707=IFCFACE((#1706));
#1708=IFCPOLYLOOP((#1279,#1229,#1228,#1280));
#1709=IFCFACEOUTERBOUND(#1708,.T.);
#1710=IFCFACE((#1709));
#1711=IFCPOLYLOOP((#1278,#1230,#1229,#1279));
#1712=IFCFACEOUTERBOUND(#1711,.T.);
#1713=IFCFACE((#1712));
#1714=IFCPOLYLOOP((#1280,#1228,#1227,#1281));
#1715=IFCFACEOUTERBOUND(#1714,.T.);
#1716=IFCFACE((#1715));
#1717=IFCPOLYLOOP((#1226,#1282,#1281,#1227));
#1718=IFCFACEOUTERBOUND(#1717,.T.);
#1719=IFCFACE((#1718));
#1720=IFCPOLYLOOP((#1224,#1223,#1285,#1284));
#1721=IFCFACEOUTERBOUND(#1720,.T.);
#1722=IFCFACE((#1721));
#1723=IFCPOLYLOOP((#1225,#1224,#1284,#1283));
#1724=IFCFACEOUTERBOUND(#1723,.T.);
#1725=IFCFACE((#1724));
#1726=IFCPOLYLOOP((#1221,#1220,#1288,#1287));
#1727=IFCFACEOUTERBOUND(#1726,.T.);
#1728=IFCFACE((#1727));
#1729=IFCPOLYLOOP((#1222,#1221,#1287,#1286));
#1730=IFCFACEOUTERBOUND(#1729,.T.);
#1731=IFCFACE((#1730));
#1732=IFCPOLYLOOP((#1223,#1222,#1286,#1285));
#1733=IFCFACEOUTERBOUND(#1732,.T.);
#1734=IFCFACE((#1733));
#1735=IFCPOLYLOOP((#1283,#1282,#1226,#1225));
#1736=IFCFACEOUTERBOUND(#1735,.T.);
#1737=IFCFACE((#1736));
#1738=IFCPOLYLOOP((#1289,#1288,#1220,#1266));
#1739=IFCFACEOUTERBOUND(#1738,.T.);
#1740=IFCFACE((#1739));
#1741=IFCPOLYLOOP((#1289,#1266,#1265,#1290));
#1742=IFCFACEOUTERBOUND(#1741,.T.);
#1743=IFCFACE((#1742));
#1744=IFCPOLYLOOP((#1263,#1262,#1293,#1292));
#1745=IFCFACEOUTERBOUND(#1744,.T.);
#1746=IFCFACE((#1745));
#1747=IFCPOLYLOOP((#1264,#1263,#1292,#1291));
#1748=IFCFACEOUTERBOUND(#1747,.T.);
#1749=IFCFACE((#1748));
#1750=IFCPOLYLOOP((#1291,#1290,#1265,#1264));
#1751=IFCFACEOUTERBOUND(#1750,.T.);
#1752=IFCFACE((#1751));
#1753=IFCPOLYLOOP((#1261,#1294,#1293,#1262));
#1754=IFCFACEOUTERBOUND(#1753,.T.);
#1755=IFCFACE((#1754));
#1756=IFCPOLYLOOP((#1258,#1297,#1296,#1259));
#1757=IFCFACEOUTERBOUND(#1756,.T.);
#1758=IFCFACE((#1757));
#1759=IFCPOLYLOOP((#1259,#1296,#1295,#1260));
#1760=IFCFACEOUTERBOUND(#1759,.T.);
#1761=IFCFACE((#1760));
#1762=IFCPOLYLOOP((#1232,#1276,#1299,#1256));
#1763=IFCFACEOUTERBOUND(#1762,.T.);
#1764=IFCFACE((#1763));
#1765=IFCPOLYLOOP((#1257,#1256,#1299,#1298));
#1766=IFCFACEOUTERBOUND(#1765,.T.);
#1767=IFCFACE((#1766));
#1768=IFCPOLYLOOP((#1258,#1257,#1298,#1297));
#1769=IFCFACEOUTERBOUND(#1768,.T.);
#1770=IFCFACE((#1769));
#1771=IFCPOLYLOOP((#1261,#1260,#1295,#1294));
#1772=IFCFACEOUTERBOUND(#1771,.T.);
#1773=IFCFACE((#1772));
#1774=IFCCARTESIANPOINT((3.0272002132546572,0.61999671916008103,3.3333333333333424));
#1775=IFCCARTESIANPOINT((3.0238464559996441,0.61999671916008103,3.3078590178704959));
#1776=IFCCARTESIANPOINT((3.0140137372491882,0.61999671916008103,3.2841207349081456));
#1777=IFCCARTESIANPOINT((2.9983721405367971,0.61999671916008103,3.2637362092008084));
#1778=IFCCARTESIANPOINT((2.97798761482946,0.61999671916008103,3.2480946124884178));
#1779=IFCCARTESIANPOINT((2.9542493318671097,0.61999671916008103,3.2382618937379619));
#1780=IFCCARTESIANPOINT((2.9287750164042632,0.61999671916008103,3.2349081364829493));
#1781=IFCCARTESIANPOINT((2.9033007009414167,0.61999671916008103,3.2382618937379619));
#1782=IFCCARTESIANPOINT((2.8795624179790664,0.61999671916008103,3.2480946124884178));
#1783=IFCCARTESIANPOINT((2.8591778922717292,0.61999671916008103,3.2637362092008089));
#1784=IFCCARTESIANPOINT((2.8435362955593382,0.61999671916008103,3.284120734908146));
#1785=IFCCARTESIANPOINT((2.8337035768088823,0.61999671916008103,3.3078590178704963));
#1786=IFCCARTESIANPOINT((2.8303498195538697,0.61999671916008103,3.3333333333333433));
#1787=IFCCARTESIANPOINT((2.8337035768088827,0.61999671916008103,3.3588076487961898));
#1788=IFCCARTESIANPOINT((2.8435362955593386,0.61999671916008103,3.38254593175854));
#1789=IFCCARTESIANPOINT((2.8591778922717292,0.61999671916008103,3.4029304574658772));
#1790=IFCCARTESIANPOINT((2.8795624179790669,0.61999671916008103,3.4185720541782683));
#1791=IFCCARTESIANPOINT((2.9033007009414171,0.61999671916008103,3.4284047729287237));
#1792=IFCCARTESIANPOINT((2.9287750164042636,0.61999671916008103,3.4317585301837363));
#1793=IFCCARTESIANPOINT((2.9542493318671101,0.61999671916008103,3.4284047729287233));
#1794=IFCCARTESIANPOINT((2.9779876148294604,0.61999671916008103,3.4185720541782678));
#1795=IFCCARTESIANPOINT((2.998372140536798,0.61999671916008103,3.4029304574658767));
#1796=IFCCARTESIANPOINT((3.0140137372491886,0.61999671916008103,3.3825459317585391));
#1797=IFCCARTESIANPOINT((3.0238464559996441,0.61999671916008103,3.3588076487961889));
#1798=IFCCARTESIANPOINT((3.0272002132546572,0.59374999999997602,3.3333333333333424));
#1799=IFCCARTESIANPOINT((3.0238464559996441,0.59374999999997602,3.3588076487961889));
#1800=IFCCARTESIANPOINT((3.0140137372491886,0.59374999999997602,3.3825459317585391));
#1801=IFCCARTESIANPOINT((2.998372140536798,0.59374999999997602,3.4029304574658767));
#1802=IFCCARTESIANPOINT((2.9779876148294604,0.59374999999997602,3.4185720541782678));
#1803=IFCCARTESIANPOINT((2.9542493318671101,0.59374999999997602,3.4284047729287233));
#1804=IFCCARTESIANPOINT((2.9287750164042636,0.59374999999997602,3.4317585301837363));
#1805=IFCCARTESIANPOINT((2.9033007009414171,0.59374999999997602,3.4284047729287237));
#1806=IFCCARTESIANPOINT((2.8795624179790669,0.59374999999997602,3.4185720541782683));
#1807=IFCCARTESIANPOINT((2.8591778922717292,0.59374999999997602,3.4029304574658772));
#1808=IFCCARTESIANPOINT((2.8435362955593386,0.59374999999997602,3.38254593175854));
#1809=IFCCARTESIANPOINT((2.8337035768088827,0.59374999999997602,3.3588076487961898));
#1810=IFCCARTESIANPOINT((2.8303498195538697,0.59374999999997602,3.3333333333333428));
#1811=IFCCARTESIANPOINT((2.8337035768088823,0.59374999999997602,3.3078590178704963));
#1812=IFCCARTESIANPOINT((2.8435362955593382,0.59374999999997602,3.284120734908146));
#1813=IFCCARTESIANPOINT((2.8591778922717292,0.59374999999997602,3.2637362092008089));
#1814=IFCCARTESIANPOINT((2.8795624179790664,0.59374999999997602,3.2480946124884178));
#1815=IFCCARTESIANPOINT((2.9033007009414167,0.59374999999997602,3.2382618937379619));
#1816=IFCCARTESIANPOINT((2.9287750164042632,0.59374999999997602,3.2349081364829493));
#1817=IFCCARTESIANPOINT((2.9542493318671097,0.59374999999997602,3.2382618937379619));
#1818=IFCCARTESIANPOINT((2.97798761482946,0.59374999999997602,3.2480946124884178));
#1819=IFCCARTESIANPOINT((2.9983721405367971,0.59374999999997602,3.2637362092008084));
#1820=IFCCARTESIANPOINT((3.0140137372491882,0.59374999999997602,3.2841207349081456));
#1821=IFCCARTESIANPOINT((3.0238464559996441,0.59374999999997602,3.3078590178704959));
#1822=IFCPOLYLOOP((#1789,#1790,#1791,#1792,#1793,#1794,#1795,#1796,#1797,#1774,#1775,#1776,#1777,#1778,#1779,#1780,#1781,#1782,#1783,#1784,#1785,#1786,#1787,#1788));
#1823=IFCFACEOUTERBOUND(#1822,.T.);
#1824=IFCFACE((#1823));
#1825=IFCPOLYLOOP((#1816,#1817,#1818,#1819,#1820,#1821,#1798,#1799,#1800,#1801,#1802,#1803,#1804,#1805,#1806,#1807,#1808,#1809,#1810,#1811,#1812,#1813,#1814,#1815));
#1826=IFCFACEOUTERBOUND(#1825,.T.);
#1827=IFCFACE((#1826));
#1828=IFCPOLYLOOP((#1798,#1774,#1797,#1799));
#1829=IFCFACEOUTERBOUND(#1828,.T.);
#1830=IFCFACE((#1829));
#1831=IFCPOLYLOOP((#1799,#1797,#1796,#1800));
#1832=IFCFACEOUTERBOUND(#1831,.T.);
#1833=IFCFACE((#1832));
#1834=IFCPOLYLOOP((#1802,#1801,#1795,#1794));
#1835=IFCFACEOUTERBOUND(#1834,.T.);
#1836=IFCFACE((#1835));
#1837=IFCPOLYLOOP((#1795,#1801,#1800,#1796));
#1838=IFCFACEOUTERBOUND(#1837,.T.);
#1839=IFCFACE((#1838));
#1840=IFCPOLYLOOP((#1803,#1802,#1794,#1793));
#1841=IFCFACEOUTERBOUND(#1840,.T.);
#1842=IFCFACE((#1841));
#1843=IFCPOLYLOOP((#1803,#1793,#1792,#1804));
#1844=IFCFACEOUTERBOUND(#1843,.T.);
#1845=IFCFACE((#1844));
#1846=IFCPOLYLOOP((#1804,#1792,#1791,#1805));
#1847=IFCFACEOUTERBOUND(#1846,.T.);
#1848=IFCFACE((#1847));
#1849=IFCPOLYLOOP((#1805,#1791,#1790,#1806));
#1850=IFCFACEOUTERBOUND(#1849,.T.);
#1851=IFCFACE((#1850));
#1852=IFCPOLYLOOP((#1808,#1807,#1789,#1788));
#1853=IFCFACEOUTERBOUND(#1852,.T.);
#1854=IFCFACE((#1853));
#1855=IFCPOLYLOOP((#1789,#1807,#1806,#1790));
#1856=IFCFACEOUTERBOUND(#1855,.T.);
#1857=IFCFACE((#1856));
#1858=IFCPOLYLOOP((#1809,#1808,#1788,#1787));
#1859=IFCFACEOUTERBOUND(#1858,.T.);
#1860=IFCFACE((#1859));
#1861=IFCPOLYLOOP((#1809,#1787,#1786,#1810));
#1862=IFCFACEOUTERBOUND(#1861,.T.);
#1863=IFCFACE((#1862));
#1864=IFCPOLYLOOP((#1810,#1786,#1785,#1811));
#1865=IFCFACEOUTERBOUND(#1864,.T.);
#1866=IFCFACE((#1865));
#1867=IFCPOLYLOOP((#1811,#1785,#1784,#1812));
#1868=IFCFACEOUTERBOUND(#1867,.T.);
#1869=IFCFACE((#1868));
#1870=IFCPOLYLOOP((#1814,#1813,#1783,#1782));
#1871=IFCFACEOUTERBOUND(#1870,.T.);
#1872=IFCFACE((#1871));
#1873=IFCPOLYLOOP((#1783,#1813,#1812,#1784));
#1874=IFCFACEOUTERBOUND(#1873,.T.);
#1875=IFCFACE((#1874));
#1876=IFCPOLYLOOP((#1815,#1814,#1782,#1781));
#1877=IFCFACEOUTERBOUND(#1876,.T.);
#1878=IFCFACE((#1877));
#1879=IFCPOLYLOOP((#1815,#1781,#1780,#1816));
#1880=IFCFACEOUTERBOUND(#1879,.T.);
#1881=IFCFACE((#1880));
#1882=IFCPOLYLOOP((#1816,#1780,#1779,#1817));
#1883=IFCFACEOUTERBOUND(#1882,.T.);
#1884=IFCFACE((#1883));
#1885=IFCPOLYLOOP((#1817,#1779,#1778,#1818));
#1886=IFCFACEOUTERBOUND(#1885,.T.);
#1887=IFCFACE((#1886));
#1888=IFCPOLYLOOP((#1820,#1819,#1777,#1776));
#1889=IFCFACEOUTERBOUND(#1888,.T.);
#1890=IFCFACE((#1889));
#1891=IFCPOLYLOOP((#1777,#1819,#1818,#1778));
#1892=IFCFACEOUTERBOUND(#1891,.T.);
#1893=IFCFACE((#1892));
#1894=IFCPOLYLOOP((#1821,#1820,#1776,#1775));
#1895=IFCFACEOUTERBOUND(#1894,.T.);
#1896=IFCFACE((#1895));
#1897=IFCPOLYLOOP((#1821,#1775,#1774,#1798));
#1898=IFCFACEOUTERBOUND(#1897,.T.);
#1899=IFCFACE((#1898));
#1900=IFCCARTESIANPOINT((0.16666666666668872,0.43229166666664959,0.));
#1901=IFCCARTESIANPOINT((0.21875000000002198,0.43229166666664959,0.));
#1902=IFCCARTESIANPOINT((0.21875000000002198,0.2760416666666487,0.));
#1903=IFCCARTESIANPOINT((0.16666666666668806,0.2760416666666487,0.));
#1904=IFCCARTESIANPOINT((0.16666666666668806,0.11458333333331577,0.));
#1905=IFCCARTESIANPOINT((0.,0.11458333333331577,0.));
#1906=IFCCARTESIANPOINT((0.,0.59374999999998335,0.));
#1907=IFCCARTESIANPOINT((0.16666666666668872,0.59374999999998335,0.));
#1908=IFCPOLYLOOP((#1900,#1901,#1902,#1903,#1904,#1905,#1906,#1907));
#1909=IFCFACEOUTERBOUND(#1908,.T.);
#1910=IFCFACE((#1909));
#1911=IFCCARTESIANPOINT((0.16666666666668895,0.59374999999998324,7.));
#1912=IFCCARTESIANPOINT((0.16666666666668895,0.43229166666664953,7.));
#1913=IFCPOLYLOOP((#1907,#1911,#1912,#1900));
#1914=IFCFACEOUTERBOUND(#1913,.T.);
#1915=IFCFACE((#1914));
#1916=IFCCARTESIANPOINT((0.,0.59374999999998324,7.3333333333333339));
#1917=IFCCARTESIANPOINT((3.3333333333333464,0.59374999999998324,7.3333333333333339));
#1918=IFCCARTESIANPOINT((3.3333333333333464,0.59374999999998335,0.));
#1919=IFCCARTESIANPOINT((3.1666666666666785,0.59374999999998335,0.));
#1920=IFCCARTESIANPOINT((3.1666666666666785,0.59374999999998324,7.));
#1921=IFCPOLYLOOP((#1906,#1916,#1917,#1918,#1919,#1920,#1911,#1907));
#1922=IFCFACEOUTERBOUND(#1921,.T.);
#1923=IFCFACE((#1922));
#1924=IFCCARTESIANPOINT((0.,0.11458333333331139,7.3333333333333339));
#1925=IFCPOLYLOOP((#1905,#1924,#1916,#1906));
#1926=IFCFACEOUTERBOUND(#1925,.T.);
#1927=IFCFACE((#1926));
#1928=IFCCARTESIANPOINT((0.16666666666668828,0.11458333333331583,7.));
#1929=IFCCARTESIANPOINT((3.1666666666666785,0.11458333333331583,7.));
#1930=IFCCARTESIANPOINT((3.1666666666666785,0.11458333333331577,0.));
#1931=IFCCARTESIANPOINT((3.3333333333333464,0.11458333333331577,0.));
#1932=IFCCARTESIANPOINT((3.3333333333333495,0.11458333333331583,7.3333333333333339));
#1933=IFCPOLYLOOP((#1904,#1928,#1929,#1930,#1931,#1932,#1924,#1905));
#1934=IFCFACEOUTERBOUND(#1933,.T.);
#1935=IFCFACE((#1934));
#1936=IFCCARTESIANPOINT((0.16666666666668761,0.27604166666664864,7.));
#1937=IFCPOLYLOOP((#1903,#1936,#1928,#1904));
#1938=IFCFACEOUTERBOUND(#1937,.T.);
#1939=IFCFACE((#1938));
#1940=IFCCARTESIANPOINT((0.21875000000002198,0.27604166666664864,6.9479166666666856));
#1941=IFCCARTESIANPOINT((3.1145833333333446,0.27604166666664864,6.9479166666666856));
#1942=IFCCARTESIANPOINT((3.1145833333333446,0.2760416666666487,0.));
#1943=IFCCARTESIANPOINT((3.1666666666666785,0.2760416666666487,0.));
#1944=IFCCARTESIANPOINT((3.1666666666666785,0.27604166666664864,7.));
#1945=IFCPOLYLOOP((#1902,#1940,#1941,#1942,#1943,#1944,#1936,#1903));
#1946=IFCFACEOUTERBOUND(#1945,.T.);
#1947=IFCFACE((#1946));
#1948=IFCCARTESIANPOINT((0.21875000000002198,0.43229166666664953,6.9479166666666856));
#1949=IFCPOLYLOOP((#1901,#1948,#1940,#1902));
#1950=IFCFACEOUTERBOUND(#1949,.T.);
#1951=IFCFACE((#1950));
#1952=IFCCARTESIANPOINT((3.1666666666666785,0.43229166666664953,7.));
#1953=IFCCARTESIANPOINT((3.1666666666666785,0.43229166666664959,0.));
#1954=IFCCARTESIANPOINT((3.1145833333333455,0.43229166666664959,0.));
#1955=IFCCARTESIANPOINT((3.1145833333333455,0.43229166666664953,6.9479166666666865));
#1956=IFCPOLYLOOP((#1900,#1912,#1952,#1953,#1954,#1955,#1948,#1901));
#1957=IFCFACEOUTERBOUND(#1956,.T.);
#1958=IFCFACE((#1957));
#1959=IFCPOLYLOOP((#1911,#1920,#1952,#1912));
#1960=IFCFACEOUTERBOUND(#1959,.T.);
#1961=IFCFACE((#1960));
#1962=IFCPOLYLOOP((#1928,#1936,#1944,#1929));
#1963=IFCFACEOUTERBOUND(#1962,.T.);
#1964=IFCFACE((#1963));
#1965=IFCPOLYLOOP((#1940,#1948,#1955,#1941));
#1966=IFCFACEOUTERBOUND(#1965,.T.);
#1967=IFCFACE((#1966));
#1968=IFCPOLYLOOP((#1918,#1931,#1930,#1943,#1942,#1954,#1953,#1919));
#1969=IFCFACEOUTERBOUND(#1968,.T.);
#1970=IFCFACE((#1969));
#1971=IFCPOLYLOOP((#1919,#1953,#1952,#1920));
#1972=IFCFACEOUTERBOUND(#1971,.T.);
#1973=IFCFACE((#1972));
#1974=IFCPOLYLOOP((#1917,#1932,#1931,#1918));
#1975=IFCFACEOUTERBOUND(#1974,.T.);
#1976=IFCFACE((#1975));
#1977=IFCPOLYLOOP((#1929,#1944,#1943,#1930));
#1978=IFCFACEOUTERBOUND(#1977,.T.);
#1979=IFCFACE((#1978));
#1980=IFCPOLYLOOP((#1941,#1955,#1954,#1942));
#1981=IFCFACEOUTERBOUND(#1980,.T.);
#1982=IFCFACE((#1981));
#1983=IFCPOLYLOOP((#1924,#1932,#1917,#1916));
#1984=IFCFACEOUTERBOUND(#1983,.T.);
#1985=IFCFACE((#1984));
#1986=IFCCARTESIANPOINT((3.1666666666666843,0.44791666666664109,7.));
#1987=IFCCARTESIANPOINT((0.16666666666668473,0.44791666666664109,7.));
#1988=IFCCARTESIANPOINT((0.16666666666668473,0.44791666666664109,-0.));
#1989=IFCCARTESIANPOINT((3.1666666666666843,0.44791666666664109,-0.));
#1990=IFCCARTESIANPOINT((2.6666666666666781,0.44791666666664109,6.5));
#1991=IFCCARTESIANPOINT((2.6666666666666781,0.44791666666664109,4.4166666666666643));
#1992=IFCCARTESIANPOINT((2.250000000000008,0.44791666666664109,4.4166666666666643));
#1993=IFCCARTESIANPOINT((2.250000000000008,0.44791666666664109,6.5));
#1994=IFCPOLYLOOP((#1986,#1987,#1988,#1989));
#1995=IFCFACEOUTERBOUND(#1994,.T.);
#1996=IFCPOLYLOOP((#1990,#1991,#1992,#1993));
#1997=IFCFACEBOUND(#1996,.T.);
#1998=IFCFACE((#1995,#1997));
#1999=IFCCARTESIANPOINT((3.1666666666666843,0.59374999999997358,7.));
#2000=IFCCARTESIANPOINT((3.1666666666666843,0.59374999999997358,-0.));
#2001=IFCCARTESIANPOINT((0.16666666666668473,0.59374999999997358,-0.));
#2002=IFCCARTESIANPOINT((0.16666666666668473,0.59374999999997358,7.));
#2003=IFCCARTESIANPOINT((2.6666666666666781,0.59374999999997358,6.5));
#2004=IFCCARTESIANPOINT((2.250000000000008,0.59374999999997358,6.5));
#2005=IFCCARTESIANPOINT((2.250000000000008,0.59374999999997358,4.4166666666666643));
#2006=IFCCARTESIANPOINT((2.6666666666666781,0.59374999999997358,4.4166666666666643));
#2007=IFCPOLYLOOP((#1999,#2000,#2001,#2002));
#2008=IFCFACEOUTERBOUND(#2007,.T.);
#2009=IFCPOLYLOOP((#2003,#2004,#2005,#2006));
#2010=IFCFACEBOUND(#2009,.T.);
#2011=IFCFACE((#2008,#2010));
#2012=IFCPOLYLOOP((#1989,#2000,#1999,#1986));
#2013=IFCFACEOUTERBOUND(#2012,.T.);
#2014=IFCFACE((#2013));
#2015=IFCPOLYLOOP((#1988,#2001,#2000,#1989));
#2016=IFCFACEOUTERBOUND(#2015,.T.);
#2017=IFCFACE((#2016));
#2018=IFCPOLYLOOP((#1987,#2002,#2001,#1988));
#2019=IFCFACEOUTERBOUND(#2018,.T.);
#2020=IFCFACE((#2019));
#2021=IFCPOLYLOOP((#1986,#1999,#2002,#1987));
#2022=IFCFACEOUTERBOUND(#2021,.T.);
#2023=IFCFACE((#2022));
#2024=IFCPOLYLOOP((#1993,#2004,#2003,#1990));
#2025=IFCFACEOUTERBOUND(#2024,.T.);
#2026=IFCFACE((#2025));
#2027=IFCPOLYLOOP((#1992,#2005,#2004,#1993));
#2028=IFCFACEOUTERBOUND(#2027,.T.);
#2029=IFCFACE((#2028));
#2030=IFCPOLYLOOP((#1991,#2006,#2005,#1992));
#2031=IFCFACEOUTERBOUND(#2030,.T.);
#2032=IFCFACE((#2031));
#2033=IFCPOLYLOOP((#1990,#2003,#2006,#1991));
#2034=IFCFACEOUTERBOUND(#2033,.T.);
#2035=IFCFACE((#2034));
#2036=IFCCARTESIANPOINT((2.6666666666666785,0.51041666666669117,6.5));
#2037=IFCCARTESIANPOINT((2.2500000000000089,0.51041666666668983,6.5));
#2038=IFCCARTESIANPOINT((2.2500000000000089,0.51041666666668983,4.4166666666666643));
#2039=IFCCARTESIANPOINT((2.6666666666666785,0.51041666666669117,4.4166666666666643));
#2040=IFCPOLYLOOP((#2036,#2037,#2038,#2039));
#2041=IFCFACEOUTERBOUND(#2040,.T.);
#2042=IFCFACE((#2041));
#2043=IFCCARTESIANPOINT((2.6666666666666785,0.53125000000002442,6.5));
#2044=IFCCARTESIANPOINT((2.6666666666666785,0.53125000000002442,4.4166666666666643));
#2045=IFCCARTESIANPOINT((2.2500000000000089,0.53125000000002309,4.4166666666666643));
#2046=IFCCARTESIANPOINT((2.2500000000000089,0.53125000000002309,6.5));
#2047=IFCPOLYLOOP((#2043,#2044,#2045,#2046));
#2048=IFCFACEOUTERBOUND(#2047,.T.);
#2049=IFCFACE((#2048));
#2050=IFCPOLYLOOP((#2039,#2044,#2043,#2036));
#2051=IFCFACEOUTERBOUND(#2050,.T.);
#2052=IFCFACE((#2051));
#2053=IFCPOLYLOOP((#2038,#2045,#2044,#2039));
#2054=IFCFACEOUTERBOUND(#2053,.T.);
#2055=IFCFACE((#2054));
#2056=IFCPOLYLOOP((#2037,#2046,#2045,#2038));
#2057=IFCFACEOUTERBOUND(#2056,.T.);
#2058=IFCFACE((#2057));
#2059=IFCPOLYLOOP((#2036,#2043,#2046,#2037));
#2060=IFCFACEOUTERBOUND(#2059,.T.);
#2061=IFCFACE((#2060));
#2062=IFCCARTESIANPOINT((2.6666666666666745,0.51041666666664431,4.416666666666667));
#2063=IFCCARTESIANPOINT((2.666666666666675,0.51041666666664431,6.4999999999999973));
#2064=IFCCARTESIANPOINT((2.6666666666666758,0.44791666666664431,6.4999999999999982));
#2065=IFCCARTESIANPOINT((2.666666666666675,0.44791666666664431,4.4166666666666661));
#2066=IFCCARTESIANPOINT((2.6272965879265175,0.44463582677163088,4.4560367454068235));
#2067=IFCCARTESIANPOINT((2.6272965879265175,0.44463582677163077,6.460629921259839));
#2068=IFCCARTESIANPOINT((2.6272965879265167,0.51041666666664387,6.460629921259839));
#2069=IFCCARTESIANPOINT((2.6272965879265167,0.51041666666664387,4.4560367454068244));
#2070=IFCCARTESIANPOINT((2.643700787401583,0.42823162729656533,4.439632545931758));
#2071=IFCCARTESIANPOINT((2.643700787401583,0.42823162729656539,6.4770341207349054));
#2072=IFCCARTESIANPOINT((2.6321012667128274,0.4330363060828753,6.4654346000461498));
#2073=IFCCARTESIANPOINT((2.6321012667128274,0.43303630608287524,4.4512320666205136));
#2074=IFCCARTESIANPOINT((2.643700787401583,0.42823162729656539,5.464263618986033));
#2075=IFCCARTESIANPOINT((2.643700787401583,0.42823162729656539,4.9519481070680342));
#2076=IFCCARTESIANPOINT((2.643700787401583,0.42823162729656539,5.9647186088169066));
#2077=IFCCARTESIANPOINT((2.6272965879265175,0.44463582677163094,5.458333339253743));
#2078=IFCCARTESIANPOINT((2.6272965879265175,0.44463582677163094,4.9571850423302832));
#2079=IFCCARTESIANPOINT((2.6272965879265175,0.44463582677163099,5.9594816243363802));
#2080=IFCCARTESIANPOINT((2.643700787401583,0.42823162729656539,6.220876364775906));
#2081=IFCCARTESIANPOINT((2.6272965879265175,0.44463582677163099,6.2100557668776979));
#2082=IFCCARTESIANPOINT((2.6272965879265175,0.44463582677163099,6.3325510444676834));
#2083=IFCCARTESIANPOINT((2.643700787401583,0.42823162729656533,4.6957903018907574));
#2084=IFCCARTESIANPOINT((2.6272965879265175,0.44463582677163094,4.7066108879481421));
#2085=IFCCARTESIANPOINT((2.6272965879265175,0.44463582677163094,4.8318979710596235));
#2086=IFCCARTESIANPOINT((2.643700787401583,0.42823162729656533,4.567711448520396));
#2087=IFCCARTESIANPOINT((2.6272965879265175,0.44463582677163094,5.2077591967124253));
#2088=IFCCARTESIANPOINT((2.643700787401583,0.42823162729656539,5.2081058630270336));
#2089=IFCCARTESIANPOINT((2.643700787401583,0.42823162729656533,5.0800269604383947));
#2090=IFCCARTESIANPOINT((2.643700787401583,0.42823162729656539,5.7144911139014694));
#2091=IFCCARTESIANPOINT((2.6272965879265175,0.44463582677163094,5.7089074817950616));
#2092=IFCCARTESIANPOINT((2.6272965879265175,0.44463582677163099,5.8341945530657213));
#2093=IFCCARTESIANPOINT((2.643700787401583,0.42823162729656539,6.3489552673645449));
#2094=IFCCARTESIANPOINT((2.6272965879265175,0.44463582677163094,4.5813238166774832));
#2095=IFCCARTESIANPOINT((2.643700787401583,0.42823162729656533,4.8238692044793954));
#2096=IFCCARTESIANPOINT((2.643700787401583,0.42823162729656539,5.839604861359188));
#2097=IFCCARTESIANPOINT((2.6322781022765085,0.43286212620846276,5.7770479795547658));
#2098=IFCCARTESIANPOINT((2.6319837474946564,0.43315502818280327,5.8771804653646127));
#2099=IFCCARTESIANPOINT((2.6321975653324023,0.43294080037384736,5.6800107582576533));
#2100=IFCCARTESIANPOINT((2.6272965879265175,0.44463582677163094,5.5836204105244027));
#2101=IFCCARTESIANPOINT((2.643700787401583,0.42823162729656539,5.5893773664437507));
#2102=IFCCARTESIANPOINT((2.6317784484250106,0.43336836948325169,6.2713034095269569));
#2103=IFCCARTESIANPOINT((2.643700787401583,0.42823162729656539,6.0927974621872671));
#2104=IFCCARTESIANPOINT((2.6323821831381613,0.43276203386684281,6.1681306588365423));
#2105=IFCCARTESIANPOINT((2.6272965879265175,0.44463582677163099,6.0847686956070399));
#2106=IFCCARTESIANPOINT((2.6318698223404238,0.43327246344296044,6.3670500901071243));
#2107=IFCCARTESIANPOINT((2.6319321408032934,0.43320793467980978,4.8945415186403238));
#2108=IFCCARTESIANPOINT((2.6322153374723629,0.43292334623413936,4.9945579365639388));
#2109=IFCCARTESIANPOINT((2.6272965879265175,0.44463582677163094,5.082472113600943));
#2110=IFCCARTESIANPOINT((2.6321130755704845,0.43302450923497027,5.1451156632028807));
#2111=IFCCARTESIANPOINT((2.6319721332510642,0.43316689341951592,4.7980420375547883));
#2112=IFCCARTESIANPOINT((2.6320946015370081,0.43304297509075945,5.2434167610616296));
#2113=IFCCARTESIANPOINT((2.643700787401583,0.42823162729656539,5.3361847656156716));
#2114=IFCCARTESIANPOINT((2.6272965879265175,0.44463582677163094,5.3330462679830841));
#2115=IFCCARTESIANPOINT((2.631997839555666,0.43314066378307409,5.3956898076894841));
#2116=IFCCARTESIANPOINT((2.6320010428776648,0.43313740346698637,5.4926151803553527));
#2117=IFCCARTESIANPOINT((2.631932140676712,0.43320793481016567,6.0221251688865109));
#2118=IFCCARTESIANPOINT((2.6317704985885144,0.43337678732527896,4.6439673728684854));
#2119=IFCCARTESIANPOINT((2.6319101221422874,0.43323065368390534,4.54839278112249));
#2120=IFCCARTESIANPOINT((2.6320957080758589,0.4330418673848902,5.588280739515203));
#2121=IFCCARTESIANPOINT((2.6929133858267802,0.43479330708659203,4.3904199475065608));
#2122=IFCCARTESIANPOINT((2.6929133858267802,0.43479330708659192,6.5262467191601026));
#2123=IFCCARTESIANPOINT((2.6909915143122562,0.43015349881108994,6.5243248476455786));
#2124=IFCCARTESIANPOINT((2.6863517060367537,0.42823162729656583,6.519685039370076));
#2125=IFCCARTESIANPOINT((2.6863517060367537,0.42823162729656572,4.3969816272965874));
#2126=IFCCARTESIANPOINT((2.6909915143122562,0.43015349881108988,4.3923418190210848));
#2127=IFCCARTESIANPOINT((2.6929133858267802,0.43479330708659197,5.4583333333333321));
#2128=IFCCARTESIANPOINT((2.6929133858267802,0.43479330708659197,4.924376640419946));
#2129=IFCCARTESIANPOINT((2.6929133858267802,0.43479330708659192,5.9922900262467174));
#2130=IFCCARTESIANPOINT((2.6863517060367537,0.42823162729656578,5.4583333333333321));
#2131=IFCCARTESIANPOINT((2.6863517060367537,0.42823162729656578,4.9276574862295472));
#2132=IFCCARTESIANPOINT((2.6863517060367537,0.42823162729656583,5.9890091804371162));
#2133=IFCCARTESIANPOINT((2.6863517060367537,0.42823162729656583,6.2543471039890077));
#2134=IFCCARTESIANPOINT((2.6929133858267802,0.43479330708659192,6.25926837270341));
#2135=IFCCARTESIANPOINT((2.6929133858267802,0.43479330708659192,6.1257791994750637));
#2136=IFCCARTESIANPOINT((2.6863517060367537,0.42823162729656583,6.1216781422130619));
#2137=IFCCARTESIANPOINT((2.6863517060367537,0.42823162729656578,4.6623195626776557));
#2138=IFCCARTESIANPOINT((2.6929133858267802,0.43479330708659197,4.6573982939632534));
#2139=IFCCARTESIANPOINT((2.6929133858267802,0.43479330708659203,4.5524283314926306));
#2140=IFCCARTESIANPOINT((2.6863517060367537,0.42823162729656572,4.5296506009017099));
#2141=IFCCARTESIANPOINT((2.6863517060367537,0.42823162729656583,5.7236712568852237));
#2142=IFCCARTESIANPOINT((2.6929133858267802,0.43479330708659192,5.7253116797900239));
#2143=IFCCARTESIANPOINT((2.6929133858267802,0.43479330708659197,5.5918225065616776));
#2144=IFCCARTESIANPOINT((2.6863517060367537,0.42823162729656578,5.5910022951092779));
#2145=IFCCARTESIANPOINT((2.6863517060367537,0.42823162729656578,5.1929954097814388));
#2146=IFCCARTESIANPOINT((2.6929133858267802,0.43479330708659197,5.1913549868766395));
#2147=IFCCARTESIANPOINT((2.6929133858267802,0.43479330708659197,5.0578658136482924));
#2148=IFCCARTESIANPOINT((2.6863517060367537,0.42823162729656578,5.0603264480054939));
#2149=IFCCARTESIANPOINT((2.6863517060367537,0.42823162729656583,6.3870160657649535));
#2150=IFCCARTESIANPOINT((2.6929133858267802,0.43479330708659192,6.3927575459317563));
#2151=IFCCARTESIANPOINT((2.6929133858267802,0.43479330708659192,6.3260129593175831));
#2152=IFCCARTESIANPOINT((2.6929133858267802,0.43479330708659203,4.4714241394995966));
#2153=IFCCARTESIANPOINT((2.6863517060367537,0.42823162729656572,4.4633161081845607));
#2154=IFCCARTESIANPOINT((2.6929133858267802,0.43479330708659192,6.4452425271670668));
#2155=IFCCARTESIANPOINT((2.6863517060367537,0.42823162729656583,6.4533505584821036));
#2156=IFCCARTESIANPOINT((2.6863517060367537,0.42823162729656578,4.7949885244536015));
#2157=IFCCARTESIANPOINT((2.6929133858267802,0.43479330708659197,4.7908874671915997));
#2158=IFCCARTESIANPOINT((2.6929133858267802,0.43479330708659197,4.7241428805774266));
#2159=IFCCARTESIANPOINT((2.6863517060367537,0.42823162729656578,5.8563402186611695));
#2160=IFCCARTESIANPOINT((2.6929133858267802,0.43479330708659192,5.8588008530183711));
#2161=IFCCARTESIANPOINT((2.6929133858267802,0.43479330708659197,5.7920562664041979));
#2162=IFCCARTESIANPOINT((2.6929133858267802,0.43479330708659197,5.3248441601049858));
#2163=IFCCARTESIANPOINT((2.6863517060367537,0.42823162729656578,5.3256643715573855));
#2164=IFCCARTESIANPOINT((2.6863517060367537,0.42823162729656578,5.3919988524453588));
#2165=IFCCARTESIANPOINT((2.6929133858267797,0.43479330708659197,4.4309220435030783));
#2166=IFCCARTESIANPOINT((2.6929133858267802,0.43479330708659192,6.4857446231635851));
#2167=IFCCARTESIANPOINT((2.6863517060367537,0.42823162729656572,4.4374837197101353));
#2168=IFCCARTESIANPOINT((2.6911332705195301,0.43029972468900668,4.4503999183596417));
#2169=IFCCARTESIANPOINT((2.6863517060367537,0.42823162729656572,4.4964833545431349));
#2170=IFCCARTESIANPOINT((2.6929133858267802,0.43479330708659197,4.5119262354961132));
#2171=IFCCARTESIANPOINT((2.6908024090933598,0.42997180483431063,4.5130669735304965));
#2172=IFCCARTESIANPOINT((2.6863517060367537,0.42823162729656583,6.4791829469565281));
#2173=IFCCARTESIANPOINT((2.6911332706556421,0.4302997248338416,6.4662667498331912));
#2174=IFCCARTESIANPOINT((2.6907236942140482,0.42990031607449808,6.4194327148761872));
#2175=IFCCARTESIANPOINT((2.6863517060367537,0.42823162729656578,4.5959850817896823));
#2176=IFCCARTESIANPOINT((2.6905879390513805,0.42978232200253663,4.5536047588777988));
#2177=IFCCARTESIANPOINT((2.6929133858267802,0.43479330708659197,4.604913312727942));
#2178=IFCCARTESIANPOINT((2.6929133858267802,0.43479330708659197,5.6585670931758516));
#2179=IFCCARTESIANPOINT((2.6863517060367537,0.42823162729656578,5.6573367759972504));
#2180=IFCCARTESIANPOINT((2.6863517060367537,0.42823162729656578,5.5246678142213046));
#2181=IFCCARTESIANPOINT((2.6929133858267802,0.43479330708659197,5.5250779199475044));
#2182=IFCCARTESIANPOINT((2.6929133858267802,0.43479330708659197,5.2580995734908118));
#2183=IFCCARTESIANPOINT((2.6863517060367537,0.42823162729656578,5.259329890669413));
#2184=IFCCARTESIANPOINT((2.6863517060367537,0.42823162729656583,6.0553436613250895));
#2185=IFCCARTESIANPOINT((2.6929133858267802,0.43479330708659192,6.0590346128608905));
#2186=IFCCARTESIANPOINT((2.6929133858267802,0.43479330708659197,4.9911212270341192));
#2187=IFCCARTESIANPOINT((2.6863517060367537,0.42823162729656578,4.9939919671175206));
#2188=IFCCARTESIANPOINT((2.6863517060367537,0.42823162729656578,5.1266609288934664));
#2189=IFCCARTESIANPOINT((2.6929133858267802,0.43479330708659197,5.1246104002624655));
#2190=IFCCARTESIANPOINT((2.6863517060367537,0.42823162729656578,4.8613230053415748));
#2191=IFCCARTESIANPOINT((2.6929133858267802,0.43479330708659197,4.8576320538057729));
#2192=IFCCARTESIANPOINT((2.6929133858267802,0.43479330708659192,5.9255454396325442));
#2193=IFCCARTESIANPOINT((2.6863517060367537,0.42823162729656578,5.9226746995491428));
#2194=IFCCARTESIANPOINT((2.6863517060367537,0.42823162729656583,6.1880126231010353));
#2195=IFCCARTESIANPOINT((2.6929133858267802,0.43479330708659192,6.1925237860892359));
#2196=IFCCARTESIANPOINT((2.6907962128364602,0.42996609246797407,4.6311558134348925));
#2197=IFCCARTESIANPOINT((2.6863517060367537,0.42823162729656572,4.5628178354311082));
#2198=IFCCARTESIANPOINT((2.6910516127421893,0.43021438596617068,4.6689305444897542));
#2199=IFCCARTESIANPOINT((2.6863517060367537,0.42823162729656578,4.7286540435656281));
#2200=IFCCARTESIANPOINT((2.6863517060367537,0.42823162729656572,4.695486797207054));
#2201=IFCCARTESIANPOINT((2.6909031079454273,0.43006674572207304,4.7120704228589609));
#2202=IFCCARTESIANPOINT((2.6909583610488825,0.43012058076611603,4.7601625099523481));
#2203=IFCCARTESIANPOINT((2.6929133858267802,0.43479330708659197,4.6907705808059852));
#2204=IFCCARTESIANPOINT((2.691072503104099,0.43023592662016336,4.5936950964864165));
#2205=IFCCARTESIANPOINT((2.6910529502601976,0.43021575922574162,6.3819369180974217));
#2206=IFCCARTESIANPOINT((2.6863517060367537,0.42823162729656583,6.3206815848769811));
#2207=IFCCARTESIANPOINT((2.6863517060367537,0.42823162729656583,6.3538488312355552));
#2208=IFCCARTESIANPOINT((2.6908898859787165,0.43005404928803287,6.3372652159943135));
#2209=IFCCARTESIANPOINT((2.6909463742401538,0.43010879368950367,6.2894351572298168));
#2210=IFCCARTESIANPOINT((2.6929133858267802,0.43479330708659192,6.3593852590890245));
#2211=IFCCARTESIANPOINT((2.6863517060367537,0.42823162729656583,5.7900057377731962));
#2212=IFCCARTESIANPOINT((2.6909013519872924,0.43006505546558182,5.8231729861163455));
#2213=IFCCARTESIANPOINT((2.6929133858267802,0.43479330708659197,5.3915887467191581));
#2214=IFCCARTESIANPOINT((2.6863517060367537,0.42823162729656583,6.4201833121235286));
#2215=IFCCARTESIANPOINT((2.6910633057742528,0.43022641869509021,5.6919393913242429));
#2216=IFCCARTESIANPOINT((2.6910458025378956,0.43020842980308649,5.625194805098916));
#2217=IFCCARTESIANPOINT((2.6909915145142378,0.43015349901307154,5.4915005797101424));
#2218=IFCCARTESIANPOINT((2.6909731608952736,0.43013521770815599,5.557835060995906));
#2219=IFCCARTESIANPOINT((2.691063305793028,0.4302264187144601,5.2247272876738551));
#2220=IFCCARTESIANPOINT((2.6909549650162656,0.43011723518440914,5.2924971358217823));
#2221=IFCCARTESIANPOINT((2.6908492601583864,0.43001547822927377,6.0221764299429958));
#2222=IFCCARTESIANPOINT((2.6908322468068686,0.42999951984953444,6.0885109112170248));
#2223=IFCCARTESIANPOINT((2.6911304187503333,0.43029669208551491,4.9577489424793315));
#2224=IFCCARTESIANPOINT((2.690883815516357,0.43004824382761148,5.02715921048258));
#2225=IFCCARTESIANPOINT((2.690919057742601,0.43008215647745951,5.1598281731878446));
#2226=IFCCARTESIANPOINT((2.6910974375438439,0.43026189735788151,5.0912381151288191));
#2227=IFCCARTESIANPOINT((2.6908492602742609,0.43001547833835108,4.8944902476162344));
#2228=IFCCARTESIANPOINT((2.6911622681433842,0.43033078158133264,4.8242597695720804));
#2229=IFCCARTESIANPOINT((2.6911304187018334,0.43029669203397269,5.9589177362102479));
#2230=IFCCARTESIANPOINT((2.6911140707398751,0.43027938151107575,5.8921731499904846));
#2231=IFCCARTESIANPOINT((2.6908154130704753,0.42998384129672068,6.1548453924904889));
#2232=IFCCARTESIANPOINT((2.6907987614665139,0.42996844028309611,6.2211798737634725));
#2233=IFCCARTESIANPOINT((2.6863517060367537,0.42823162729656578,4.6291523281482565));
#2234=IFCCARTESIANPOINT((2.6929133858267802,0.43479330708659197,4.757515180348868));
#2235=IFCCARTESIANPOINT((2.6863517060367537,0.42823162729656578,4.7618212899242032));
#2236=IFCCARTESIANPOINT((2.6929133858267802,0.43479330708659192,6.2926406595461408));
#2237=IFCCARTESIANPOINT((2.6863517060367537,0.42823162729656583,6.2875143385184069));
#2238=IFCCARTESIANPOINT((2.6910805166350897,0.4302442421286139,5.758683977547725));
#2239=IFCCARTESIANPOINT((2.6863517060367537,0.42823162729656578,5.8231729841317712));
#2240=IFCCARTESIANPOINT((2.6929133858267802,0.43479330708659197,5.8254285661756393));
#2241=IFCCARTESIANPOINT((2.6909915145642191,0.43015349906305289,5.4251660984199344));
#2242=IFCCARTESIANPOINT((2.6910280045173662,0.43019027828078826,5.3582164601698041));
#2243=IFCCARTESIANPOINT((2.6929133858267802,0.43479330708659197,5.6919393929472939));
#2244=IFCCARTESIANPOINT((2.6863517060367537,0.42823162729656578,5.6905040223558245));
#2245=IFCCARTESIANPOINT((2.6929133858267802,0.43479330708659197,5.6251947934044093));
#2246=IFCCARTESIANPOINT((2.6863517060367537,0.42823162729656578,5.6241695296386762));
#2247=IFCCARTESIANPOINT((2.6906724009065051,0.42985496348682667,5.6585771286889655));
#2248=IFCCARTESIANPOINT((2.6863517060367537,0.42823162729656578,5.4915005678627304));
#2249=IFCCARTESIANPOINT((2.6929133858267802,0.43479330708659197,5.491705620176063));
#2250=IFCCARTESIANPOINT((2.6863517060367537,0.42823162729656583,5.5578350605798796));
#2251=IFCCARTESIANPOINT((2.6906992871268582,0.42987861682862016,5.5915480272160201));
#2252=IFCCARTESIANPOINT((2.6929133858267802,0.43479330708659197,5.5584502197189467));
#2253=IFCCARTESIANPOINT((2.6913102171178691,0.43049577180165288,5.5246773250342258));
#2254=IFCCARTESIANPOINT((2.6929133858267802,0.43479330708659197,5.2247272737193704));
#2255=IFCCARTESIANPOINT((2.6863517060367537,0.42823162729656578,5.226162644310838));
#2256=IFCCARTESIANPOINT((2.6863517060367537,0.42823162729656578,5.2924971370279863));
#2257=IFCCARTESIANPOINT((2.6929133858267802,0.43479330708659197,5.2914718732622541));
#2258=IFCCARTESIANPOINT((2.6912511371689192,0.43042853719025054,5.2586527584071527));
#2259=IFCCARTESIANPOINT((2.6863517060367537,0.42823162729656583,6.0221764149665145));
#2260=IFCCARTESIANPOINT((2.6929133858267802,0.43479330708659192,6.0256623130894482));
#2261=IFCCARTESIANPOINT((2.6863517060367537,0.42823162729656578,6.0885109076836628));
#2262=IFCCARTESIANPOINT((2.6929133858267802,0.43479330708659192,6.0924069126323328));
#2263=IFCCARTESIANPOINT((2.6913124181031964,0.43049831262085814,6.055355795031943));
#2264=IFCCARTESIANPOINT((2.6929133858267802,0.43479330708659203,4.9577489272626778));
#2265=IFCCARTESIANPOINT((2.6863517060367537,0.42823162729656578,4.9608247207589464));
#2266=IFCCARTESIANPOINT((2.6863517060367537,0.42823162729656578,5.0271592134760947));
#2267=IFCCARTESIANPOINT((2.6929133858267797,0.43479330708659197,5.0244935268055615));
#2268=IFCCARTESIANPOINT((2.6911788777672943,0.43034875370625048,4.9925169406702157));
#2269=IFCCARTESIANPOINT((2.6863517060367537,0.42823162729656578,5.1598281752520414));
#2270=IFCCARTESIANPOINT((2.6929133858267802,0.43479330708659197,5.1579827000339069));
#2271=IFCCARTESIANPOINT((2.6929133858267802,0.43479330708659197,5.0912381004910241));
#2272=IFCCARTESIANPOINT((2.6863517060367537,0.42823162729656578,5.0934936825348913));
#2273=IFCCARTESIANPOINT((2.690758021802282,0.42993120640465471,5.1254682128792837));
#2274=IFCCARTESIANPOINT((2.6863517060367537,0.42823162729656578,4.894490251700149));
#2275=IFCCARTESIANPOINT((2.6929133858267802,0.43479330708659197,4.8910043535772152));
#2276=IFCCARTESIANPOINT((2.6929133858267802,0.43479330708659197,4.8242597540343315));
#2277=IFCCARTESIANPOINT((2.6863517060367537,0.42823162729656578,4.8281557589829998));
#2278=IFCCARTESIANPOINT((2.690836457941852,0.43000345927934847,4.8592982078152875));
#2279=IFCCARTESIANPOINT((2.6929133858267802,0.43479330708659192,5.9589177394039856));
#2280=IFCCARTESIANPOINT((2.6863517060367537,0.42823162729656583,5.9558419459077179));
#2281=IFCCARTESIANPOINT((2.6929133858267802,0.43479330708659197,5.8921731398611019));
#2282=IFCCARTESIANPOINT((2.6911971721288124,0.43036870540762134,5.857612574365497));
#2283=IFCCARTESIANPOINT((2.6863517060367537,0.42823162729656583,5.8895074531905696));
#2284=IFCCARTESIANPOINT((2.6906709174923589,0.42985366599956881,5.9255567606293011));
#2285=IFCCARTESIANPOINT((2.6863517060367537,0.42823162729656583,6.1548453767424602));
#2286=IFCCARTESIANPOINT((2.6929133858267802,0.43479330708659192,6.1591514863177945));
#2287=IFCCARTESIANPOINT((2.6913142883196715,0.43050047366889366,6.1216905656864853));
#2288=IFCCARTESIANPOINT((2.6863517060367537,0.42823162729656583,6.2211798694596094));
#2289=IFCCARTESIANPOINT((2.6907342638433436,0.42990978082591369,6.2553360765810204));
#2290=IFCCARTESIANPOINT((2.6929133858267802,0.43479330708659192,6.2258960858606791));
#2291=IFCCARTESIANPOINT((2.6913165063498106,0.43050303908583593,6.1880253271916308));
#2292=IFCCARTESIANPOINT((2.6929133858267802,0.43479330708659192,5.7586839666327556));
#2293=IFCCARTESIANPOINT((2.6912994002561534,0.43048332291282099,5.7253053589537561));
#2294=IFCCARTESIANPOINT((2.6863517060367537,0.42823162729656578,5.756838491414622));
#2295=IFCCARTESIANPOINT((2.6863517060367537,0.42823162729656578,5.425166098803933));
#2296=IFCCARTESIANPOINT((2.6906485609962729,0.42983420645001574,5.4583333390297186));
#2297=IFCCARTESIANPOINT((2.6929133858267802,0.43479330708659197,5.4249610464905995));
#2298=IFCCARTESIANPOINT((2.6929133858267802,0.43479330708659197,5.3582164469477167));
#2299=IFCCARTESIANPOINT((2.6863517060367537,0.42823162729656578,5.3588316060867847));
#2300=IFCCARTESIANPOINT((2.6906797311356923,0.42986138652662792,5.3916735221826046));
#2301=IFCCARTESIANPOINT((2.6929133858267802,0.44791666666664454,4.3904199475065608));
#2302=IFCCARTESIANPOINT((2.6929133858267802,0.44791666666664454,6.5262467191601026));
#2303=IFCCARTESIANPOINT((2.2500000000000115,0.51041666666664298,6.4999999999999973));
#2304=IFCCARTESIANPOINT((2.2500000000000115,0.44791666666664298,6.4999999999999973));
#2305=IFCCARTESIANPOINT((2.289370078740169,0.44463582677162972,6.460629921259839));
#2306=IFCCARTESIANPOINT((2.2893700787401698,0.51041666666664287,6.460629921259839));
#2307=IFCCARTESIANPOINT((2.2729658792651035,0.42823162729656417,6.4770341207349054));
#2308=IFCCARTESIANPOINT((2.2845653999538591,0.43303630608287413,6.4654346000461498));
#2309=IFCCARTESIANPOINT((2.417448961656576,0.44463582677163022,6.460629921259839));
#2310=IFCCARTESIANPOINT((2.458333331440171,0.42823162729656472,6.4770341207349054));
#2311=IFCCARTESIANPOINT((2.4992177050101105,0.44463582677163049,6.460629921259839));
#2312=IFCCARTESIANPOINT((2.4583333254410431,0.4334980373843656,6.4649905578076536));
#2313=IFCCARTESIANPOINT((2.5156219038567631,0.42823162729656494,6.4770341207349054));
#2314=IFCCARTESIANPOINT((2.4010447628099234,0.42823162729656455,6.4770341207349054));
#2315=IFCCARTESIANPOINT((2.545597042716671,0.43481500699245362,6.4638945142231918));
#2316=IFCCARTESIANPOINT((2.3710696135621552,0.43481500717398014,6.4638945140875146));
#2317=IFCCARTESIANPOINT((2.2237532808399068,0.43479330708659047,6.5262467191601026));
#2318=IFCCARTESIANPOINT((2.2256751523544307,0.43015349881108839,6.5243248476455786));
#2319=IFCCARTESIANPOINT((2.2303149606299328,0.42823162729656428,6.519685039370076));
#2320=IFCCARTESIANPOINT((2.3923233561207975,0.42823162729656483,6.519685039370076));
#2321=IFCCARTESIANPOINT((2.4583333333333437,0.43479330708659125,6.5262467191601026));
#2322=IFCCARTESIANPOINT((2.5309049892059075,0.43479330708659147,6.5262467191601026));
#2323=IFCCARTESIANPOINT((2.341043305422553,0.43479330708659081,6.5262467191601026));
#2324=IFCCARTESIANPOINT((2.5393375330492831,0.42823162729656528,6.519685039370076));
#2325=IFCCARTESIANPOINT((2.4658304445850403,0.42823162729656505,6.519685039370076));
#2326=IFCCARTESIANPOINT((2.3113191564048576,0.42823162729656455,6.519685039370076));
#2327=IFCCARTESIANPOINT((2.6119091858522721,0.43479330708659175,6.5262467191601026));
#2328=IFCCARTESIANPOINT((2.6128446215135259,0.4282316272965655,6.519685039370076));
#2329=IFCCARTESIANPOINT((2.5760910772814043,0.42823162729656539,6.519685039370076));
#2330=IFCCARTESIANPOINT((2.3047574808144149,0.4347933070865907,6.5262467191601026));
#2331=IFCCARTESIANPOINT((2.2708170604879028,0.42823162729656444,6.519685039370076));
#2332=IFCCARTESIANPOINT((2.6524112858395261,0.43479330708659186,6.5262467191601026));
#2333=IFCCARTESIANPOINT((2.5714070891931615,0.43479330708659158,6.5262467191601026));
#2334=IFCCARTESIANPOINT((2.2642553808271608,0.43479330708659059,6.5262467191601026));
#2335=IFCCARTESIANPOINT((2.6458496061787837,0.42823162729656561,6.519685039370076));
#2336=IFCCARTESIANPOINT((2.6293471114073261,0.43017505918387111,6.524346308293433));
#2337=IFCCARTESIANPOINT((2.322900391779442,0.43028750725893089,6.5244550927848604));
#2338=IFCCARTESIANPOINT((2.3996883177138764,0.43479330708659103,6.5262467191601026));
#2339=IFCCARTESIANPOINT((2.4290769003529187,0.42823162729656494,6.519685039370076));
#2340=IFCCARTESIANPOINT((2.3676556394499038,0.43022155125321504,6.5243919162823003));
#2341=IFCCARTESIANPOINT((2.5577143000609892,0.43005284979394592,6.5242219663392307));
#2342=IFCCARTESIANPOINT((2.4107001249018136,0.4300091931189165,6.5241759073497807));
#2343=IFCCARTESIANPOINT((2.5161911623084592,0.42994231328872101,6.5241035799481244));
#2344=IFCCARTESIANPOINT((2.3518212562628276,0.42823162729656472,6.519685039370076));
#2345=IFCCARTESIANPOINT((2.5934296397679812,0.43072345872064599,6.5248320750164508));
#2346=IFCCARTESIANPOINT((2.4946191612696254,0.43479330708659136,6.5262467191601026));
#2347=IFCCARTESIANPOINT((2.4764762447497768,0.43030201040207117,6.5244687508745942));
#2348=IFCCARTESIANPOINT((2.5025839888171619,0.42823162729656516,6.519685039370076));
#2349=IFCCARTESIANPOINT((2.2627949529676705,0.43011153442275435,6.5242825002335305));
#2350=IFCCARTESIANPOINT((2.2237532808399063,0.44791666666664304,6.5262467191601026));
#2351=IFCCARTESIANPOINT((2.2500000000000115,0.51041666666664298,4.4166666666666661));
#2352=IFCCARTESIANPOINT((2.2500000000000115,0.44791666666664298,4.4166666666666661));
#2353=IFCCARTESIANPOINT((2.289370078740169,0.44463582677162972,4.4560367454068244));
#2354=IFCCARTESIANPOINT((2.289370078740169,0.51041666666664276,4.4560367454068235));
#2355=IFCCARTESIANPOINT((2.2729658792651035,0.42823162729656422,4.439632545931758));
#2356=IFCCARTESIANPOINT((2.2845653999538591,0.43303630608287413,4.4512320666205136));
#2357=IFCCARTESIANPOINT((2.2729658792651035,0.42823162729656417,5.4524030485401909));
#2358=IFCCARTESIANPOINT((2.2729658792651035,0.42823162729656417,5.9647185846375486));
#2359=IFCCARTESIANPOINT((2.2729658792651035,0.42823162729656422,4.9519480820291149));
#2360=IFCCARTESIANPOINT((2.289370078740169,0.44463582677162983,5.4583333274129195));
#2361=IFCCARTESIANPOINT((2.289370078740169,0.44463582677162983,5.9594816243363802));
#2362=IFCCARTESIANPOINT((2.289370078740169,0.44463582677162983,4.9571850304894607));
#2363=IFCCARTESIANPOINT((2.2729658792651035,0.42823162729656422,4.6957903139804369));
#2364=IFCCARTESIANPOINT((2.289370078740169,0.44463582677162983,4.7066108938685538));
#2365=IFCCARTESIANPOINT((2.289370078740169,0.44463582677162983,4.5841156312774878));
#2366=IFCCARTESIANPOINT((2.2729658792651035,0.42823162729656417,6.2208763526862265));
#2367=IFCCARTESIANPOINT((2.289370078740169,0.44463582677162983,6.2100557727981105));
#2368=IFCCARTESIANPOINT((2.289370078740169,0.44463582677162983,6.0847686926468327));
#2369=IFCCARTESIANPOINT((2.2729658792651035,0.42823162729656417,6.3489552367105659));
#2370=IFCCARTESIANPOINT((2.289370078740169,0.44463582677162983,5.7089074758746499));
#2371=IFCCARTESIANPOINT((2.2729658792651035,0.42823162729656417,5.7085608165888697));
#2372=IFCCARTESIANPOINT((2.2729658792651035,0.42823162729656417,5.8366397006132091));
#2373=IFCCARTESIANPOINT((2.2729658792651035,0.42823162729656417,5.2021755406755181));
#2374=IFCCARTESIANPOINT((2.289370078740169,0.44463582677162983,5.2077591789511901));
#2375=IFCCARTESIANPOINT((2.289370078740169,0.44463582677162983,5.0824720987999132));
#2376=IFCCARTESIANPOINT((2.2729658792651035,0.42823162729656422,4.5677114299560975));
#2377=IFCCARTESIANPOINT((2.289370078740169,0.44463582677162983,6.3353428529493865));
#2378=IFCCARTESIANPOINT((2.2729658792651035,0.42823162729656417,6.092797468661888));
#2379=IFCCARTESIANPOINT((2.2729658792651035,0.42823162729656422,5.0770618113523165));
#2380=IFCCARTESIANPOINT((2.284388564390178,0.43286212620846165,5.1396186871118976));
#2381=IFCCARTESIANPOINT((2.2846829191720301,0.43315502818280216,5.0394862013020507));
#2382=IFCCARTESIANPOINT((2.2844691013342842,0.43294080037384619,5.2366559084090101));
#2383=IFCCARTESIANPOINT((2.289370078740169,0.44463582677162983,5.333046259102467));
#2384=IFCCARTESIANPOINT((2.2729658792651035,0.42823162729656417,5.3272892699987198));
#2385=IFCCARTESIANPOINT((2.2848882182416759,0.43336836948325053,4.6453632571397065));
#2386=IFCCARTESIANPOINT((2.2729658792651035,0.42823162729656422,4.8238691980047754));
#2387=IFCCARTESIANPOINT((2.2842844835285252,0.43276203386684164,4.7485360078301211));
#2388=IFCCARTESIANPOINT((2.289370078740169,0.44463582677162983,4.8318979621790064));
#2389=IFCCARTESIANPOINT((2.2847968443262627,0.43327246344295922,4.54961657655954));
#2390=IFCCARTESIANPOINT((2.2847345258633931,0.43320793467980867,6.0221251480263396));
#2391=IFCCARTESIANPOINT((2.2844513291943236,0.43292334623413825,5.9221087301027246));
#2392=IFCCARTESIANPOINT((2.289370078740169,0.44463582677162983,5.8341945560259267));
#2393=IFCCARTESIANPOINT((2.284553591096202,0.43302450923496916,5.7715510034637827));
#2394=IFCCARTESIANPOINT((2.2846945334156228,0.43316689341951475,6.1186246291118742));
#2395=IFCCARTESIANPOINT((2.2845720651296784,0.43304297509075829,5.6732499056050338));
#2396=IFCCARTESIANPOINT((2.2729658792651035,0.42823162729656417,5.5804819325645303));
#2397=IFCCARTESIANPOINT((2.289370078740169,0.44463582677162983,5.583620395723373));
#2398=IFCCARTESIANPOINT((2.2846688271110205,0.43314066378307292,5.5209768589771793));
#2399=IFCCARTESIANPOINT((2.2846656237890217,0.43313740346698526,5.4240514863113116));
#2400=IFCCARTESIANPOINT((2.2847345259899745,0.43320793481016451,4.8945414977801516));
#2401=IFCCARTESIANPOINT((2.2848961680781725,0.43337678732527785,6.272699293798178));
#2402=IFCCARTESIANPOINT((2.2847565445243991,0.43323065368390423,6.3682738855441734));
#2403=IFCCARTESIANPOINT((2.2845709585908276,0.43304186738488903,5.3283859271514595));
#2404=IFCCARTESIANPOINT((2.2237532808399068,0.43479330708659042,4.39041994750656));
#2405=IFCCARTESIANPOINT((2.2256751523544303,0.43015349881108889,4.3923418190210839));
#2406=IFCCARTESIANPOINT((2.2303149606299324,0.42823162729656439,4.3969816272965865));
#2407=IFCCARTESIANPOINT((2.2237532808399068,0.43479330708659047,5.4583333333333313));
#2408=IFCCARTESIANPOINT((2.2237532808399068,0.43479330708659047,5.9922900197823612));
#2409=IFCCARTESIANPOINT((2.2237532808399068,0.43479330708659047,4.9243766468843013));
#2410=IFCCARTESIANPOINT((2.2303149606299328,0.42823162729656433,5.4583333392479219));
#2411=IFCCARTESIANPOINT((2.2303149606299328,0.42823162729656433,5.9890091833944084));
#2412=IFCCARTESIANPOINT((2.2303149606299328,0.42823162729656439,4.9276574832722542));
#2413=IFCCARTESIANPOINT((2.2303149606299324,0.42823162729656433,4.6623195611990109));
#2414=IFCCARTESIANPOINT((2.2237532808399068,0.43479330708659042,4.6573982971954306));
#2415=IFCCARTESIANPOINT((2.2237532808399068,0.43479330708659047,4.7908874720398664));
#2416=IFCCARTESIANPOINT((2.2303149606299324,0.42823162729656439,4.7949885163210419));
#2417=IFCCARTESIANPOINT((2.2303149606299328,0.42823162729656428,6.2543471172968328));
#2418=IFCCARTESIANPOINT((2.2237532808399068,0.43479330708659047,6.2592683694712319));
#2419=IFCCARTESIANPOINT((2.2237532808399068,0.43479330708659047,6.3642383202839641));
#2420=IFCCARTESIANPOINT((2.2303149606299328,0.42823162729656428,6.3870160724188629));
#2421=IFCCARTESIANPOINT((2.2303149606299324,0.42823162729656433,5.1929954053454974));
#2422=IFCCARTESIANPOINT((2.2237532808399068,0.43479330708659047,5.191354996573172));
#2423=IFCCARTESIANPOINT((2.2237532808399068,0.43479330708659047,5.3248441714176069));
#2424=IFCCARTESIANPOINT((2.2303149606299324,0.42823162729656433,5.3256643722967096));
#2425=IFCCARTESIANPOINT((2.2303149606299328,0.42823162729656433,5.7236712613211651));
#2426=IFCCARTESIANPOINT((2.2237532808399068,0.43479330708659047,5.7253116700934905));
#2427=IFCCARTESIANPOINT((2.2237532808399068,0.43479330708659047,5.8588008449379263));
#2428=IFCCARTESIANPOINT((2.2303149606299328,0.42823162729656433,5.8563402282723782));
#2429=IFCCARTESIANPOINT((2.2303149606299324,0.42823162729656439,4.5296505942477987));
#2430=IFCCARTESIANPOINT((2.2237532808399068,0.43479330708659042,4.5239091223509957));
#2431=IFCCARTESIANPOINT((2.2237532808399068,0.43479330708659042,4.5906537097732132));
#2432=IFCCARTESIANPOINT((2.2237532808399068,0.43479330708659047,6.445242526186389));
#2433=IFCCARTESIANPOINT((2.2303149606299328,0.42823162729656428,6.4533505499798789));
#2434=IFCCARTESIANPOINT((2.2237532808399068,0.43479330708659042,4.4714241404802735));
#2435=IFCCARTESIANPOINT((2.2303149606299324,0.42823162729656433,4.4633161048576016));
#2436=IFCCARTESIANPOINT((2.2303149606299328,0.42823162729656428,6.1216781503456206));
#2437=IFCCARTESIANPOINT((2.2237532808399068,0.43479330708659047,6.125779194626797));
#2438=IFCCARTESIANPOINT((2.2237532808399068,0.43479330708659047,6.1925237820490144));
#2439=IFCCARTESIANPOINT((2.2303149606299328,0.42823162729656433,5.0603264502234673));
#2440=IFCCARTESIANPOINT((2.2237532808399068,0.43479330708659047,5.0578658217287362));
#2441=IFCCARTESIANPOINT((2.2237532808399068,0.43479330708659047,5.1246104091509537));
#2442=IFCCARTESIANPOINT((2.2237532808399068,0.43479330708659047,5.5918224952490556));
#2443=IFCCARTESIANPOINT((2.2303149606299328,0.42823162729656433,5.5910022943699529));
#2444=IFCCARTESIANPOINT((2.2303149606299328,0.42823162729656433,5.5246678168089378));
#2445=IFCCARTESIANPOINT((2.2237532808399068,0.43479330708659047,6.4857446226732458));
#2446=IFCCARTESIANPOINT((2.2237532808399068,0.43479330708659047,4.4309220439934167));
#2447=IFCCARTESIANPOINT((2.2303149606299328,0.42823162729656428,6.4791829391492994));
#2448=IFCCARTESIANPOINT((2.2255333961471564,0.43029972468900518,6.4662667483070218));
#2449=IFCCARTESIANPOINT((2.2303149606299328,0.42823162729656428,6.4201833111993718));
#2450=IFCCARTESIANPOINT((2.2237532808399068,0.43479330708659047,6.4047404167708208));
#2451=IFCCARTESIANPOINT((2.2258642575733267,0.42997180483430919,6.4035996931361669));
#2452=IFCCARTESIANPOINT((2.2303149606299324,0.42823162729656439,4.4374837275173631));
#2453=IFCCARTESIANPOINT((2.2255333960110444,0.43029972483384032,4.4503999168334722));
#2454=IFCCARTESIANPOINT((2.2259429724526378,0.42990031607449664,4.4972339517904754));
#2455=IFCCARTESIANPOINT((2.2303149606299328,0.42823162729656428,6.3206815948578488));
#2456=IFCCARTESIANPOINT((2.226078727615306,0.42978232200253519,6.3630619077888655));
#2457=IFCCARTESIANPOINT((2.2237532808399068,0.43479330708659047,6.3117533513419541));
#2458=IFCCARTESIANPOINT((2.2237532808399068,0.43479330708659047,5.2580995839953895));
#2459=IFCCARTESIANPOINT((2.2303149606299324,0.42823162729656433,5.2593298829065125));
#2460=IFCCARTESIANPOINT((2.2303149606299328,0.42823162729656433,5.3919988616869059));
#2461=IFCCARTESIANPOINT((2.2237532808399068,0.43479330708659047,5.3915887459111138));
#2462=IFCCARTESIANPOINT((2.2237532808399068,0.43479330708659047,5.6585670826712731));
#2463=IFCCARTESIANPOINT((2.2303149606299328,0.42823162729656433,5.657336771930968));
#2464=IFCCARTESIANPOINT((2.2303149606299324,0.42823162729656439,4.861322993882057));
#2465=IFCCARTESIANPOINT((2.2237532808399068,0.43479330708659047,4.8576320594620839));
#2466=IFCCARTESIANPOINT((2.2237532808399068,0.43479330708659047,5.9255454323601437));
#2467=IFCCARTESIANPOINT((2.2303149606299328,0.42823162729656433,5.9226747058333924));
#2468=IFCCARTESIANPOINT((2.2303149606299328,0.42823162729656433,5.7900057507113623));
#2469=IFCCARTESIANPOINT((2.2237532808399068,0.43479330708659047,5.7920562575157089));
#2470=IFCCARTESIANPOINT((2.2303149606299328,0.42823162729656433,6.0553436609554243));
#2471=IFCCARTESIANPOINT((2.2237532808399068,0.43479330708659047,6.0590346072045795));
#2472=IFCCARTESIANPOINT((2.2237532808399068,0.43479330708659047,4.9911212343065188));
#2473=IFCCARTESIANPOINT((2.2303149606299328,0.42823162729656433,4.9939919726624513));
#2474=IFCCARTESIANPOINT((2.2303149606299324,0.42823162729656433,4.7286540387600269));
#2475=IFCCARTESIANPOINT((2.2237532808399068,0.43479330708659042,4.7241428846176481));
#2476=IFCCARTESIANPOINT((2.2258704538302263,0.42996609246797263,6.2855108532317709));
#2477=IFCCARTESIANPOINT((2.2303149606299328,0.42823162729656433,6.3538488336383558));
#2478=IFCCARTESIANPOINT((2.2256150539244972,0.43021438596616923,6.2477361221769101));
#2479=IFCCARTESIANPOINT((2.2303149606299328,0.42823162729656433,6.1880126397358177));
#2480=IFCCARTESIANPOINT((2.2303149606299328,0.42823162729656428,6.2211798785163257));
#2481=IFCCARTESIANPOINT((2.2257635587212596,0.4300667457220716,6.2045962438077025));
#2482=IFCCARTESIANPOINT((2.225708305617804,0.43012058076611465,6.1565041567143162));
#2483=IFCCARTESIANPOINT((2.2237532808399068,0.43479330708659047,6.2258960822244784));
#2484=IFCCARTESIANPOINT((2.2255941635625875,0.43023592662016191,6.322971570180246));
#2485=IFCCARTESIANPOINT((2.2256137164064889,0.43021575922574029,4.5347297485692373));
#2486=IFCCARTESIANPOINT((2.2303149606299324,0.42823162729656439,4.5959850836379958));
#2487=IFCCARTESIANPOINT((2.2303149606299324,0.42823162729656433,4.5628178330283067));
#2488=IFCCARTESIANPOINT((2.22577678068797,0.43005404928803154,4.5794014506723499));
#2489=IFCCARTESIANPOINT((2.2257202924265322,0.43010879368950239,4.6272315094368448));
#2490=IFCCARTESIANPOINT((2.2237532808399068,0.43479330708659042,4.5572814095977492));
#2491=IFCCARTESIANPOINT((2.2303149606299324,0.42823162729656433,5.1266609277844815));
#2492=IFCCARTESIANPOINT((2.2257653146793941,0.43006505546558044,5.093493680550317));
#2493=IFCCARTESIANPOINT((2.2237532808399068,0.43479330708659047,5.5250779207555496));
#2494=IFCCARTESIANPOINT((2.2303149606299324,0.42823162729656439,4.4964833554672907));
#2495=IFCCARTESIANPOINT((2.2256033608924333,0.43022641869508882,5.2247272753424205));
#2496=IFCCARTESIANPOINT((2.2256208641287909,0.4302084298030851,5.2914718615677474));
#2497=IFCCARTESIANPOINT((2.2256751521524487,0.4301534990130701,5.425166086956521));
#2498=IFCCARTESIANPOINT((2.2256935057714125,0.43013521770815455,5.3588316056707566));
#2499=IFCCARTESIANPOINT((2.2256033608736585,0.43022641871445866,5.6919393789928083));
#2500=IFCCARTESIANPOINT((2.2257117016504213,0.4301172351844077,5.6241695308448811));
#2501=IFCCARTESIANPOINT((2.2258174065083001,0.43001547822927244,4.8944902367236676));
#2502=IFCCARTESIANPOINT((2.2258344198598179,0.42999951984953311,4.8281557554496377));
#2503=IFCCARTESIANPOINT((2.2255362479163532,0.43029669208551347,5.9589177241873319));
#2504=IFCCARTESIANPOINT((2.2257828511503295,0.43004824382761003,5.8895074561840834));
#2505=IFCCARTESIANPOINT((2.2257476089240851,0.43008215647745807,5.7568384934788188));
#2506=IFCCARTESIANPOINT((2.2255692291228426,0.43026189735788006,5.8254285515378443));
#2507=IFCCARTESIANPOINT((2.2258174063924252,0.43001547833834963,6.022176419050429));
#2508=IFCCARTESIANPOINT((2.2255043985233023,0.4303307815813312,6.0924068970945822));
#2509=IFCCARTESIANPOINT((2.2255362479648526,0.43029669203397136,4.9577489304564155));
#2510=IFCCARTESIANPOINT((2.225552595926811,0.43027938151107437,5.0244935166761788));
#2511=IFCCARTESIANPOINT((2.2258512535962112,0.42998384129671929,4.7618212741761745));
#2512=IFCCARTESIANPOINT((2.2258679052001722,0.42996844028309478,4.69548679290319));
#2513=IFCCARTESIANPOINT((2.2303149606299328,0.42823162729656433,6.2875143560773399));
#2514=IFCCARTESIANPOINT((2.2237532808399068,0.43479330708659047,6.1591514818735495));
#2515=IFCCARTESIANPOINT((2.2303149606299328,0.42823162729656433,6.1548453891261286));
#2516=IFCCARTESIANPOINT((2.2237532808399068,0.43479330708659047,4.6240260099486772));
#2517=IFCCARTESIANPOINT((2.2303149606299324,0.42823162729656439,4.6291523224185038));
#2518=IFCCARTESIANPOINT((2.2255861500315968,0.43024424212861256,5.1579826891189384));
#2519=IFCCARTESIANPOINT((2.2303149606299324,0.42823162729656433,5.0934936890039744));
#2520=IFCCARTESIANPOINT((2.2237532808399068,0.43479330708659047,5.0912381089754897));
#2521=IFCCARTESIANPOINT((2.2256751521024674,0.4301534990630515,5.4915005682467291));
#2522=IFCCARTESIANPOINT((2.2256386621493203,0.43019027828078688,5.5584502064968593));
#2523=IFCCARTESIANPOINT((2.2237532808399068,0.43479330708659047,5.2247272838199255));
#2524=IFCCARTESIANPOINT((2.2303149606299324,0.42823162729656433,5.2261626441260045));
#2525=IFCCARTESIANPOINT((2.2237532808399068,0.43479330708659047,5.2914718841708535));
#2526=IFCCARTESIANPOINT((2.2303149606299324,0.42823162729656433,5.2924971335162017));
#2527=IFCCARTESIANPOINT((2.2259942657601814,0.42985496348682539,5.258089537977698));
#2528=IFCCARTESIANPOINT((2.2303149606299328,0.42823162729656433,5.4251661004674148));
#2529=IFCCARTESIANPOINT((2.2237532808399068,0.43479330708659047,5.4249610331578673));
#2530=IFCCARTESIANPOINT((2.2303149606299328,0.42823162729656433,5.3588316110772176));
#2531=IFCCARTESIANPOINT((2.2259673795398278,0.42987861682861883,5.3251186394506433));
#2532=IFCCARTESIANPOINT((2.2237532808399068,0.43479330708659047,5.3582164586643604));
#2533=IFCCARTESIANPOINT((2.2253564495488178,0.43049577180165144,5.3919893416324367));
#2534=IFCCARTESIANPOINT((2.2237532808399068,0.43479330708659047,5.6919393828467379));
#2535=IFCCARTESIANPOINT((2.2303149606299328,0.42823162729656433,5.690504022540658));
#2536=IFCCARTESIANPOINT((2.2303149606299328,0.42823162729656433,5.6241695331504609));
#2537=IFCCARTESIANPOINT((2.2237532808399068,0.43479330708659047,5.6251947824958082));
#2538=IFCCARTESIANPOINT((2.2254155294977673,0.43042853719024909,5.6580139082595098));
#2539=IFCCARTESIANPOINT((2.2303149606299324,0.42823162729656433,4.8944902444917471));
#2540=IFCCARTESIANPOINT((2.2237532808399068,0.43479330708659047,4.8910043596375479));
#2541=IFCCARTESIANPOINT((2.2303149606299324,0.42823162729656433,4.8281557551015499));
#2542=IFCCARTESIANPOINT((2.2237532808399068,0.43479330708659047,4.824259759286619));
#2543=IFCCARTESIANPOINT((2.2253542485634896,0.43049831262085669,4.8613108716347195));
#2544=IFCCARTESIANPOINT((2.2237532808399068,0.43479330708659047,5.9589177325356086));
#2545=IFCCARTESIANPOINT((2.2303149606299328,0.42823162729656433,5.9558419446139013));
#2546=IFCCARTESIANPOINT((2.2303149606299328,0.42823162729656433,5.8895074670528853));
#2547=IFCCARTESIANPOINT((2.2237532808399068,0.43479330708659047,5.8921731321846789));
#2548=IFCCARTESIANPOINT((2.2254877888993918,0.43034875370624898,5.9241497259964477));
#2549=IFCCARTESIANPOINT((2.2303149606299328,0.42823162729656433,5.7568385001016722));
#2550=IFCCARTESIANPOINT((2.2237532808399068,0.43479330708659047,5.7586839573402449));
#2551=IFCCARTESIANPOINT((2.2237532808399068,0.43479330708659047,5.825428557691172));
#2552=IFCCARTESIANPOINT((2.2303149606299328,0.42823162729656433,5.8231729894918693));
#2553=IFCCARTESIANPOINT((2.2259086448644045,0.42993120640465332,5.7911984537873797));
#2554=IFCCARTESIANPOINT((2.2303149606299328,0.42823162729656428,6.0221764221749154));
#2555=IFCCARTESIANPOINT((2.2237532808399068,0.43479330708659047,6.0256623070291138));
#2556=IFCCARTESIANPOINT((2.2237532808399068,0.43479330708659047,6.0924069073800435));
#2557=IFCCARTESIANPOINT((2.2303149606299328,0.42823162729656433,6.0885109115651126));
#2558=IFCCARTESIANPOINT((2.2258302087248345,0.43000345927934708,6.0573684588513759));
#2559=IFCCARTESIANPOINT((2.2237532808399068,0.43479330708659047,4.9577489341310548));
#2560=IFCCARTESIANPOINT((2.2303149606299328,0.42823162729656439,4.9608247220527621));
#2561=IFCCARTESIANPOINT((2.2237532808399068,0.43479330708659047,5.0244935344819828));
#2562=IFCCARTESIANPOINT((2.2254694945378741,0.43036870540761984,5.0590540923011655));
#2563=IFCCARTESIANPOINT((2.2303149606299328,0.42823162729656439,5.0271592114429593));
#2564=IFCCARTESIANPOINT((2.2259957491743272,0.42985366599956754,4.9911099060373614));
#2565=IFCCARTESIANPOINT((2.2303149606299324,0.42823162729656433,4.761821277540534));
#2566=IFCCARTESIANPOINT((2.2237532808399068,0.43479330708659047,4.757515184793113));
#2567=IFCCARTESIANPOINT((2.225352378347015,0.43050047366889221,4.7949761009801772));
#2568=IFCCARTESIANPOINT((2.2303149606299324,0.42823162729656439,4.6954867999795189));
#2569=IFCCARTESIANPOINT((2.2259324028233425,0.42990978082591258,4.6613305900856421));
#2570=IFCCARTESIANPOINT((2.2237532808399068,0.43479330708659042,4.6907705844421841));
#2571=IFCCARTESIANPOINT((2.2253501603168764,0.43050303908583443,4.7286413394750317));
#2572=IFCCARTESIANPOINT((2.2237532808399068,0.43479330708659047,5.1579827093264186));
#2573=IFCCARTESIANPOINT((2.2253672664105331,0.43048332291281954,5.1913613077129073));
#2574=IFCCARTESIANPOINT((2.2303149606299328,0.42823162729656433,5.1598281665649894));
#2575=IFCCARTESIANPOINT((2.2303149606299328,0.42823162729656433,5.4915005780284298));
#2576=IFCCARTESIANPOINT((2.2260181056704131,0.42983420645001441,5.4583333276369448));
#2577=IFCCARTESIANPOINT((2.2237532808399063,0.43479330708659047,5.4917056335087953));
#2578=IFCCARTESIANPOINT((2.2237532808399068,0.43479330708659047,5.5584502080023022));
#2579=IFCCARTESIANPOINT((2.2303149606299328,0.42823162729656433,5.5578350555894449));
#2580=IFCCARTESIANPOINT((2.2259869355309942,0.42986138652662659,5.5249931444840588));
#2581=IFCCARTESIANPOINT((2.2237532808399063,0.44791666666664304,4.39041994750656));
#2582=IFCCARTESIANPOINT((2.4992177050101105,0.44463582677163049,4.4560367454068235));
#2583=IFCCARTESIANPOINT((2.4583333333333428,0.42823162729656472,4.439632545931758));
#2584=IFCCARTESIANPOINT((2.417448961656576,0.44463582677163022,4.4560367454068235));
#2585=IFCCARTESIANPOINT((2.4583333412256434,0.43349803738436543,4.4516761088590098));
#2586=IFCCARTESIANPOINT((2.4010447628137559,0.42823162729656455,4.4396325459317572));
#2587=IFCCARTESIANPOINT((2.5156219038529293,0.42823162729656494,4.439632545931758));
#2588=IFCCARTESIANPOINT((2.3710696239500155,0.43481500699245301,4.4527721524434716));
#2589=IFCCARTESIANPOINT((2.5455970531045313,0.43481500717398064,4.4527721525791488));
#2590=IFCCARTESIANPOINT((2.5243433105458895,0.42823162729656522,4.3969816272965865));
#2591=IFCCARTESIANPOINT((2.4583333333333428,0.43479330708659125,4.39041994750656));
#2592=IFCCARTESIANPOINT((2.3857616774607786,0.43479330708659103,4.39041994750656));
#2593=IFCCARTESIANPOINT((2.5756233579159895,0.43479330708659158,4.39041994750656));
#2594=IFCCARTESIANPOINT((2.3773291336174029,0.42823162729656478,4.3969816272965865));
#2595=IFCCARTESIANPOINT((2.4508362220816462,0.428231627296565,4.3969816272965865));
#2596=IFCCARTESIANPOINT((2.6053475102618293,0.4282316272965655,4.3969816272965865));
#2597=IFCCARTESIANPOINT((2.30475747748627,0.43479330708659075,4.39041994750656));
#2598=IFCCARTESIANPOINT((2.3038220451531601,0.4282316272965645,4.3969816272965865));
#2599=IFCCARTESIANPOINT((2.3405755893852818,0.42823162729656461,4.3969816272965865));
#2600=IFCCARTESIANPOINT((2.6119091858522716,0.4347933070865917,4.39041994750656));
#2601=IFCCARTESIANPOINT((2.6458496061787846,0.42823162729656561,4.3969816272965865));
#2602=IFCCARTESIANPOINT((2.2642553808271595,0.43479330708659064,4.39041994750656));
#2603=IFCCARTESIANPOINT((2.3452595774735245,0.43479330708659086,4.39041994750656));
#2604=IFCCARTESIANPOINT((2.6524112858395257,0.43479330708659181,4.39041994750656));
#2605=IFCCARTESIANPOINT((2.2708170604879019,0.42823162729656439,4.3969816272965865));
#2606=IFCCARTESIANPOINT((2.2873195552593599,0.43017505918387,4.3923203583732295));
#2607=IFCCARTESIANPOINT((2.5937662748872445,0.43028750725893172,4.3922115738818022));
#2608=IFCCARTESIANPOINT((2.5169783456246662,0.43479330708659142,4.39041994750656));
#2609=IFCCARTESIANPOINT((2.4875897663137678,0.42823162729656511,4.3969816272965865));
#2610=IFCCARTESIANPOINT((2.5490110272167832,0.43022155125321559,4.3922747503843622));
#2611=IFCCARTESIANPOINT((2.3589523666056973,0.43005284979394531,4.3924447003274318));
#2612=IFCCARTESIANPOINT((2.5059665417648738,0.43000919311891678,4.3924907593168818));
#2613=IFCCARTESIANPOINT((2.4004755043582278,0.42994231328872068,4.3925630867185381));
#2614=IFCCARTESIANPOINT((2.5648454104038594,0.42823162729656539,4.3969816272965865));
#2615=IFCCARTESIANPOINT((2.3232370268987053,0.43072345872064516,4.3918345916502117));
#2616=IFCCARTESIANPOINT((2.4220475053970607,0.43479330708659114,4.39041994750656));
#2617=IFCCARTESIANPOINT((2.4401904219169093,0.43030201040207106,4.3921979157920683));
#2618=IFCCARTESIANPOINT((2.4140826778495246,0.42823162729656489,4.3969816272965865));
#2619=IFCCARTESIANPOINT((2.653871713699016,0.43011153442275563,4.392384166433132));
#2620=IFCPOLYLOOP((#2063,#2064,#2065,#2062));
#2621=IFCFACEOUTERBOUND(#2620,.T.);
#2622=IFCFACE((#2621));
#2623=IFCPOLYLOOP((#2069,#2066,#2094,#2084,#2085,#2078,#2109,#2087,#2114,#2077,#2100,#2091,#2092,#2079,#2105,#2081,#2082,#2067,#2068));
#2624=IFCFACEOUTERBOUND(#2623,.T.);
#2625=IFCFACE((#2624));
#2626=IFCPOLYLOOP((#2080,#2093,#2102));
#2627=IFCFACEOUTERBOUND(#2626,.T.);
#2628=IFCFACE((#2627));
#2629=IFCPOLYLOOP((#2107,#2111,#2095));
#2630=IFCFACEOUTERBOUND(#2629,.T.);
#2631=IFCFACE((#2630));
#2632=IFCPOLYLOOP((#2119,#2118,#2094));
#2633=IFCFACEOUTERBOUND(#2632,.T.);
#2634=IFCFACE((#2633));
#2635=IFCPOLYLOOP((#2102,#2104,#2080));
#2636=IFCFACEOUTERBOUND(#2635,.T.);
#2637=IFCFACE((#2636));
#2638=IFCPOLYLOOP((#2084,#2094,#2118));
#2639=IFCFACEOUTERBOUND(#2638,.T.);
#2640=IFCFACE((#2639));
#2641=IFCPOLYLOOP((#2098,#2097,#2096));
#2642=IFCFACEOUTERBOUND(#2641,.T.);
#2643=IFCFACE((#2642));
#2644=IFCPOLYLOOP((#2107,#2078,#2085));
#2645=IFCFACEOUTERBOUND(#2644,.T.);
#2646=IFCFACE((#2645));
#2647=IFCPOLYLOOP((#2110,#2089,#2088));
#2648=IFCFACEOUTERBOUND(#2647,.T.);
#2649=IFCFACE((#2648));
#2650=IFCPOLYLOOP((#2120,#2101,#2099));
#2651=IFCFACEOUTERBOUND(#2650,.T.);
#2652=IFCFACE((#2651));
#2653=IFCPOLYLOOP((#2112,#2115,#2114));
#2654=IFCFACEOUTERBOUND(#2653,.T.);
#2655=IFCFACE((#2654));
#2656=IFCPOLYLOOP((#2103,#2104,#2117));
#2657=IFCFACEOUTERBOUND(#2656,.T.);
#2658=IFCFACE((#2657));
#2659=IFCPOLYLOOP((#2072,#2067,#2106));
#2660=IFCFACEOUTERBOUND(#2659,.T.);
#2661=IFCFACE((#2660));
#2662=IFCPOLYLOOP((#2106,#2102,#2093));
#2663=IFCFACEOUTERBOUND(#2662,.T.);
#2664=IFCFACE((#2663));
#2665=IFCPOLYLOOP((#2086,#2118,#2119));
#2666=IFCFACEOUTERBOUND(#2665,.T.);
#2667=IFCFACE((#2666));
#2668=IFCPOLYLOOP((#2112,#2110,#2088));
#2669=IFCFACEOUTERBOUND(#2668,.T.);
#2670=IFCFACE((#2669));
#2671=IFCPOLYLOOP((#2107,#2085,#2111));
#2672=IFCFACEOUTERBOUND(#2671,.T.);
#2673=IFCFACE((#2672));
#2674=IFCPOLYLOOP((#2119,#2094,#2066));
#2675=IFCFACEOUTERBOUND(#2674,.T.);
#2676=IFCFACE((#2675));
#2677=IFCPOLYLOOP((#2119,#2073,#2070));
#2678=IFCFACEOUTERBOUND(#2677,.T.);
#2679=IFCFACE((#2678));
#2680=IFCPOLYLOOP((#2107,#2075,#2108));
#2681=IFCFACEOUTERBOUND(#2680,.T.);
#2682=IFCFACE((#2681));
#2683=IFCPOLYLOOP((#2109,#2108,#2110));
#2684=IFCFACEOUTERBOUND(#2683,.T.);
#2685=IFCFACE((#2684));
#2686=IFCPOLYLOOP((#2098,#2096,#2076));
#2687=IFCFACEOUTERBOUND(#2686,.T.);
#2688=IFCFACE((#2687));
#2689=IFCPOLYLOOP((#2099,#2097,#2091));
#2690=IFCFACEOUTERBOUND(#2689,.T.);
#2691=IFCFACE((#2690));
#2692=IFCPOLYLOOP((#2097,#2092,#2091));
#2693=IFCFACEOUTERBOUND(#2692,.T.);
#2694=IFCFACE((#2693));
#2695=IFCPOLYLOOP((#2106,#2093,#2071));
#2696=IFCFACEOUTERBOUND(#2695,.T.);
#2697=IFCFACE((#2696));
#2698=IFCPOLYLOOP((#2082,#2081,#2102));
#2699=IFCFACEOUTERBOUND(#2698,.T.);
#2700=IFCFACE((#2699));
#2701=IFCPOLYLOOP((#2099,#2090,#2097));
#2702=IFCFACEOUTERBOUND(#2701,.T.);
#2703=IFCFACE((#2702));
#2704=IFCPOLYLOOP((#2118,#2083,#2111));
#2705=IFCFACEOUTERBOUND(#2704,.T.);
#2706=IFCFACE((#2705));
#2707=IFCPOLYLOOP((#2096,#2097,#2090));
#2708=IFCFACEOUTERBOUND(#2707,.T.);
#2709=IFCFACE((#2708));
#2710=IFCPOLYLOOP((#2092,#2097,#2098));
#2711=IFCFACEOUTERBOUND(#2710,.T.);
#2712=IFCFACE((#2711));
#2713=IFCPOLYLOOP((#2098,#2079,#2092));
#2714=IFCFACEOUTERBOUND(#2713,.T.);
#2715=IFCFACE((#2714));
#2716=IFCPOLYLOOP((#2117,#2079,#2098));
#2717=IFCFACEOUTERBOUND(#2716,.T.);
#2718=IFCFACE((#2717));
#2719=IFCPOLYLOOP((#2116,#2074,#2101));
#2720=IFCFACEOUTERBOUND(#2719,.T.);
#2721=IFCFACE((#2720));
#2722=IFCPOLYLOOP((#2101,#2090,#2099));
#2723=IFCFACEOUTERBOUND(#2722,.T.);
#2724=IFCFACE((#2723));
#2725=IFCPOLYLOOP((#2116,#2115,#2074));
#2726=IFCFACEOUTERBOUND(#2725,.T.);
#2727=IFCFACE((#2726));
#2728=IFCPOLYLOOP((#2099,#2091,#2100));
#2729=IFCFACEOUTERBOUND(#2728,.T.);
#2730=IFCFACE((#2729));
#2731=IFCPOLYLOOP((#2106,#2082,#2102));
#2732=IFCFACEOUTERBOUND(#2731,.T.);
#2733=IFCFACE((#2732));
#2734=IFCPOLYLOOP((#2082,#2106,#2067));
#2735=IFCFACEOUTERBOUND(#2734,.T.);
#2736=IFCFACE((#2735));
#2737=IFCPOLYLOOP((#2081,#2104,#2102));
#2738=IFCFACEOUTERBOUND(#2737,.T.);
#2739=IFCFACE((#2738));
#2740=IFCPOLYLOOP((#2104,#2103,#2080));
#2741=IFCFACEOUTERBOUND(#2740,.T.);
#2742=IFCFACE((#2741));
#2743=IFCPOLYLOOP((#2117,#2105,#2079));
#2744=IFCFACEOUTERBOUND(#2743,.T.);
#2745=IFCFACE((#2744));
#2746=IFCPOLYLOOP((#2103,#2117,#2076));
#2747=IFCFACEOUTERBOUND(#2746,.T.);
#2748=IFCFACE((#2747));
#2749=IFCPOLYLOOP((#2104,#2081,#2105));
#2750=IFCFACEOUTERBOUND(#2749,.T.);
#2751=IFCFACE((#2750));
#2752=IFCPOLYLOOP((#2072,#2106,#2071));
#2753=IFCFACEOUTERBOUND(#2752,.T.);
#2754=IFCFACE((#2753));
#2755=IFCPOLYLOOP((#2078,#2107,#2108));
#2756=IFCFACEOUTERBOUND(#2755,.T.);
#2757=IFCFACE((#2756));
#2758=IFCPOLYLOOP((#2075,#2107,#2095));
#2759=IFCFACEOUTERBOUND(#2758,.T.);
#2760=IFCFACE((#2759));
#2761=IFCPOLYLOOP((#2112,#2087,#2110));
#2762=IFCFACEOUTERBOUND(#2761,.T.);
#2763=IFCFACE((#2762));
#2764=IFCPOLYLOOP((#2108,#2075,#2089));
#2765=IFCFACEOUTERBOUND(#2764,.T.);
#2766=IFCFACE((#2765));
#2767=IFCPOLYLOOP((#2109,#2078,#2108));
#2768=IFCFACEOUTERBOUND(#2767,.T.);
#2769=IFCFACE((#2768));
#2770=IFCPOLYLOOP((#2087,#2109,#2110));
#2771=IFCFACEOUTERBOUND(#2770,.T.);
#2772=IFCFACE((#2771));
#2773=IFCPOLYLOOP((#2089,#2110,#2108));
#2774=IFCFACEOUTERBOUND(#2773,.T.);
#2775=IFCFACE((#2774));
#2776=IFCPOLYLOOP((#2095,#2111,#2083));
#2777=IFCFACEOUTERBOUND(#2776,.T.);
#2778=IFCFACE((#2777));
#2779=IFCPOLYLOOP((#2111,#2085,#2084));
#2780=IFCFACEOUTERBOUND(#2779,.T.);
#2781=IFCFACE((#2780));
#2782=IFCPOLYLOOP((#2077,#2114,#2115));
#2783=IFCFACEOUTERBOUND(#2782,.T.);
#2784=IFCFACE((#2783));
#2785=IFCPOLYLOOP((#2114,#2087,#2112));
#2786=IFCFACEOUTERBOUND(#2785,.T.);
#2787=IFCFACE((#2786));
#2788=IFCPOLYLOOP((#2113,#2074,#2115));
#2789=IFCFACEOUTERBOUND(#2788,.T.);
#2790=IFCFACE((#2789));
#2791=IFCPOLYLOOP((#2112,#2088,#2113));
#2792=IFCFACEOUTERBOUND(#2791,.T.);
#2793=IFCFACE((#2792));
#2794=IFCPOLYLOOP((#2116,#2077,#2115));
#2795=IFCFACEOUTERBOUND(#2794,.T.);
#2796=IFCFACE((#2795));
#2797=IFCPOLYLOOP((#2113,#2115,#2112));
#2798=IFCFACEOUTERBOUND(#2797,.T.);
#2799=IFCFACE((#2798));
#2800=IFCPOLYLOOP((#2116,#2100,#2077));
#2801=IFCFACEOUTERBOUND(#2800,.T.);
#2802=IFCFACE((#2801));
#2803=IFCPOLYLOOP((#2120,#2100,#2116));
#2804=IFCFACEOUTERBOUND(#2803,.T.);
#2805=IFCFACE((#2804));
#2806=IFCPOLYLOOP((#2104,#2105,#2117));
#2807=IFCFACEOUTERBOUND(#2806,.T.);
#2808=IFCFACE((#2807));
#2809=IFCPOLYLOOP((#2076,#2117,#2098));
#2810=IFCFACEOUTERBOUND(#2809,.T.);
#2811=IFCFACE((#2810));
#2812=IFCPOLYLOOP((#2084,#2118,#2111));
#2813=IFCFACEOUTERBOUND(#2812,.T.);
#2814=IFCFACE((#2813));
#2815=IFCPOLYLOOP((#2083,#2118,#2086));
#2816=IFCFACEOUTERBOUND(#2815,.T.);
#2817=IFCFACE((#2816));
#2818=IFCPOLYLOOP((#2086,#2119,#2070));
#2819=IFCFACEOUTERBOUND(#2818,.T.);
#2820=IFCFACE((#2819));
#2821=IFCPOLYLOOP((#2073,#2119,#2066));
#2822=IFCFACEOUTERBOUND(#2821,.T.);
#2823=IFCFACE((#2822));
#2824=IFCPOLYLOOP((#2101,#2120,#2116));
#2825=IFCFACEOUTERBOUND(#2824,.T.);
#2826=IFCFACE((#2825));
#2827=IFCPOLYLOOP((#2120,#2099,#2100));
#2828=IFCFACEOUTERBOUND(#2827,.T.);
#2829=IFCFACE((#2828));
#2830=IFCPOLYLOOP((#2174,#2173,#2155));
#2831=IFCFACEOUTERBOUND(#2830,.T.);
#2832=IFCFACE((#2831));
#2833=IFCPOLYLOOP((#2252,#2143,#2218));
#2834=IFCFACEOUTERBOUND(#2833,.T.);
#2835=IFCFACE((#2834));
#2836=IFCPOLYLOOP((#2222,#2262,#2287));
#2837=IFCFACEOUTERBOUND(#2836,.T.);
#2838=IFCFACE((#2837));
#2839=IFCPOLYLOOP((#2292,#2161,#2238));
#2840=IFCFACEOUTERBOUND(#2839,.T.);
#2841=IFCFACE((#2840));
#2842=IFCPOLYLOOP((#2204,#2196,#2175));
#2843=IFCFACEOUTERBOUND(#2842,.T.);
#2844=IFCFACE((#2843));
#2845=IFCPOLYLOOP((#2176,#2140,#2171));
#2846=IFCFACEOUTERBOUND(#2845,.T.);
#2847=IFCFACE((#2846));
#2848=IFCPOLYLOOP((#2266,#2187,#2224,#2148));
#2849=IFCFACEOUTERBOUND(#2848,.T.);
#2850=IFCFACE((#2849));
#2851=IFCPOLYLOOP((#2207,#2208,#2205));
#2852=IFCFACEOUTERBOUND(#2851,.T.);
#2853=IFCFACE((#2852));
#2854=IFCPOLYLOOP((#2169,#2153,#2167,#2168));
#2855=IFCFACEOUTERBOUND(#2854,.T.);
#2856=IFCFACE((#2855));
#2857=IFCPOLYLOOP((#2164,#2299,#2300,#2295));
#2858=IFCFACEOUTERBOUND(#2857,.T.);
#2859=IFCFACE((#2858));
#2860=IFCPOLYLOOP((#2232,#2290,#2289));
#2861=IFCFACEOUTERBOUND(#2860,.T.);
#2862=IFCFACE((#2861));
#2863=IFCPOLYLOOP((#2206,#2208,#2207));
#2864=IFCFACEOUTERBOUND(#2863,.T.);
#2865=IFCFACE((#2864));
#2866=IFCPOLYLOOP((#2231,#2286,#2291));
#2867=IFCFACEOUTERBOUND(#2866,.T.);
#2868=IFCFACE((#2867));
#2869=IFCPOLYLOOP((#2221,#2260,#2263));
#2870=IFCFACEOUTERBOUND(#2869,.T.);
#2871=IFCFACE((#2870));
#2872=IFCPOLYLOOP((#2196,#2138,#2198));
#2873=IFCFACEOUTERBOUND(#2872,.T.);
#2874=IFCFACE((#2873));
#2875=IFCPOLYLOOP((#2191,#2278,#2228));
#2876=IFCFACEOUTERBOUND(#2875,.T.);
#2877=IFCFACE((#2876));
#2878=IFCPOLYLOOP((#2169,#2171,#2140));
#2879=IFCFACEOUTERBOUND(#2878,.T.);
#2880=IFCFACE((#2879));
#2881=IFCPOLYLOOP((#2123,#2124,#2172));
#2882=IFCFACEOUTERBOUND(#2881,.T.);
#2883=IFCFACE((#2882));
#2884=IFCPOLYLOOP((#2167,#2125,#2126));
#2885=IFCFACEOUTERBOUND(#2884,.T.);
#2886=IFCFACE((#2885));
#2887=IFCPOLYLOOP((#2215,#2244,#2247));
#2888=IFCFACEOUTERBOUND(#2887,.T.);
#2889=IFCFACE((#2888));
#2890=IFCPOLYLOOP((#2230,#2283,#2282));
#2891=IFCFACEOUTERBOUND(#2890,.T.);
#2892=IFCFACE((#2891));
#2893=IFCPOLYLOOP((#2216,#2246,#2251));
#2894=IFCFACEOUTERBOUND(#2893,.T.);
#2895=IFCFACE((#2894));
#2896=IFCPOLYLOOP((#2217,#2249,#2253));
#2897=IFCFACEOUTERBOUND(#2896,.T.);
#2898=IFCFACE((#2897));
#2899=IFCPOLYLOOP((#2241,#2295,#2300));
#2900=IFCFACEOUTERBOUND(#2899,.T.);
#2901=IFCFACE((#2900));
#2902=IFCPOLYLOOP((#2189,#2273,#2226));
#2903=IFCFACEOUTERBOUND(#2902,.T.);
#2904=IFCFACE((#2903));
#2905=IFCPOLYLOOP((#2271,#2189,#2226,#2147));
#2906=IFCFACEOUTERBOUND(#2905,.T.);
#2907=IFCFACE((#2906));
#2908=IFCPOLYLOOP((#2187,#2268,#2224));
#2909=IFCFACEOUTERBOUND(#2908,.T.);
#2910=IFCFACE((#2909));
#2911=IFCPOLYLOOP((#2126,#2165,#2168));
#2912=IFCFACEOUTERBOUND(#2911,.T.);
#2913=IFCFACE((#2912));
#2914=IFCPOLYLOOP((#2155,#2173,#2172));
#2915=IFCFACEOUTERBOUND(#2914,.T.);
#2916=IFCFACE((#2915));
#2917=IFCPOLYLOOP((#2149,#2205,#2174));
#2918=IFCFACEOUTERBOUND(#2917,.T.);
#2919=IFCFACE((#2918));
#2920=IFCPOLYLOOP((#2171,#2168,#2152));
#2921=IFCFACEOUTERBOUND(#2920,.T.);
#2922=IFCFACE((#2921));
#2923=IFCPOLYLOOP((#2174,#2205,#2150));
#2924=IFCFACEOUTERBOUND(#2923,.T.);
#2925=IFCFACE((#2924));
#2926=IFCPOLYLOOP((#2172,#2173,#2123));
#2927=IFCFACEOUTERBOUND(#2926,.T.);
#2928=IFCFACE((#2927));
#2929=IFCPOLYLOOP((#2158,#2202,#2201));
#2930=IFCFACEOUTERBOUND(#2929,.T.);
#2931=IFCFACE((#2930));
#2932=IFCPOLYLOOP((#2276,#2191,#2228,#2157));
#2933=IFCFACEOUTERBOUND(#2932,.T.);
#2934=IFCFACE((#2933));
#2935=IFCPOLYLOOP((#2199,#2200,#2201));
#2936=IFCFACEOUTERBOUND(#2935,.T.);
#2937=IFCFACE((#2936));
#2938=IFCPOLYLOOP((#2238,#2294,#2293));
#2939=IFCFACEOUTERBOUND(#2938,.T.);
#2940=IFCFACE((#2939));
#2941=IFCPOLYLOOP((#2229,#2280,#2284));
#2942=IFCFACEOUTERBOUND(#2941,.T.);
#2943=IFCFACE((#2942));
#2944=IFCPOLYLOOP((#2212,#2240,#2282));
#2945=IFCFACEOUTERBOUND(#2944,.T.);
#2946=IFCFACE((#2945));
#2947=IFCPOLYLOOP((#2183,#2258,#2220));
#2948=IFCFACEOUTERBOUND(#2947,.T.);
#2949=IFCFACE((#2948));
#2950=IFCPOLYLOOP((#2256,#2183,#2220,#2163));
#2951=IFCFACEOUTERBOUND(#2950,.T.);
#2952=IFCFACE((#2951));
#2953=IFCPOLYLOOP((#2296,#2248,#2130,#2295));
#2954=IFCFACEOUTERBOUND(#2953,.T.);
#2955=IFCFACE((#2954));
#2956=IFCPOLYLOOP((#2126,#2121,#2165));
#2957=IFCFACEOUTERBOUND(#2956,.T.);
#2958=IFCFACE((#2957));
#2959=IFCPOLYLOOP((#2166,#2122,#2123));
#2960=IFCFACEOUTERBOUND(#2959,.T.);
#2961=IFCFACE((#2960));
#2962=IFCPOLYLOOP((#2126,#2168,#2167));
#2963=IFCFACEOUTERBOUND(#2962,.T.);
#2964=IFCFACE((#2963));
#2965=IFCPOLYLOOP((#2168,#2165,#2152));
#2966=IFCFACEOUTERBOUND(#2965,.T.);
#2967=IFCFACE((#2966));
#2968=IFCPOLYLOOP((#2170,#2139,#2171,#2152));
#2969=IFCFACEOUTERBOUND(#2968,.T.);
#2970=IFCFACE((#2969));
#2971=IFCPOLYLOOP((#2169,#2168,#2171));
#2972=IFCFACEOUTERBOUND(#2971,.T.);
#2973=IFCFACE((#2972));
#2974=IFCPOLYLOOP((#2215,#2243,#2293));
#2975=IFCFACEOUTERBOUND(#2974,.T.);
#2976=IFCFACE((#2975));
#2977=IFCPOLYLOOP((#2166,#2123,#2173));
#2978=IFCFACEOUTERBOUND(#2977,.T.);
#2979=IFCFACE((#2978));
#2980=IFCPOLYLOOP((#2173,#2154,#2166));
#2981=IFCFACEOUTERBOUND(#2980,.T.);
#2982=IFCFACE((#2981));
#2983=IFCPOLYLOOP((#2154,#2173,#2174));
#2984=IFCFACEOUTERBOUND(#2983,.T.);
#2985=IFCFACE((#2984));
#2986=IFCPOLYLOOP((#2154,#2174,#2150));
#2987=IFCFACEOUTERBOUND(#2986,.T.);
#2988=IFCFACE((#2987));
#2989=IFCPOLYLOOP((#2214,#2149,#2174,#2155));
#2990=IFCFACEOUTERBOUND(#2989,.T.);
#2991=IFCFACE((#2990));
#2992=IFCPOLYLOOP((#2139,#2176,#2171));
#2993=IFCFACEOUTERBOUND(#2992,.T.);
#2994=IFCFACE((#2993));
#2995=IFCPOLYLOOP((#2197,#2140,#2176));
#2996=IFCFACEOUTERBOUND(#2995,.T.);
#2997=IFCFACE((#2996));
#2998=IFCPOLYLOOP((#2198,#2137,#2196));
#2999=IFCFACEOUTERBOUND(#2998,.T.);
#3000=IFCFACE((#2999));
#3001=IFCPOLYLOOP((#2177,#2138,#2196));
#3002=IFCFACEOUTERBOUND(#3001,.T.);
#3003=IFCFACE((#3002));
#3004=IFCPOLYLOOP((#2139,#2204,#2176));
#3005=IFCFACEOUTERBOUND(#3004,.T.);
#3006=IFCFACE((#3005));
#3007=IFCPOLYLOOP((#2245,#2178,#2216,#2143));
#3008=IFCFACEOUTERBOUND(#3007,.T.);
#3009=IFCFACE((#3008));
#3010=IFCPOLYLOOP((#2217,#2248,#2296));
#3011=IFCFACEOUTERBOUND(#3010,.T.);
#3012=IFCFACE((#3011));
#3013=IFCPOLYLOOP((#2250,#2180,#2218));
#3014=IFCFACEOUTERBOUND(#3013,.T.);
#3015=IFCFACE((#3014));
#3016=IFCPOLYLOOP((#2182,#2257,#2258,#2254));
#3017=IFCFACEOUTERBOUND(#3016,.T.);
#3018=IFCFACE((#3017));
#3019=IFCPOLYLOOP((#2219,#2254,#2258));
#3020=IFCFACEOUTERBOUND(#3019,.T.);
#3021=IFCFACE((#3020));
#3022=IFCPOLYLOOP((#2259,#2132,#2221,#2184));
#3023=IFCFACEOUTERBOUND(#3022,.T.);
#3024=IFCFACE((#3023));
#3025=IFCPOLYLOOP((#2261,#2184,#2222,#2136));
#3026=IFCFACEOUTERBOUND(#3025,.T.);
#3027=IFCFACE((#3026));
#3028=IFCPOLYLOOP((#2268,#2223,#2186));
#3029=IFCFACEOUTERBOUND(#3028,.T.);
#3030=IFCFACE((#3029));
#3031=IFCPOLYLOOP((#2264,#2186,#2223,#2128));
#3032=IFCFACEOUTERBOUND(#3031,.T.);
#3033=IFCFACE((#3032));
#3034=IFCPOLYLOOP((#2188,#2272,#2273,#2269));
#3035=IFCFACEOUTERBOUND(#3034,.T.);
#3036=IFCFACE((#3035));
#3037=IFCPOLYLOOP((#2225,#2269,#2273));
#3038=IFCFACEOUTERBOUND(#3037,.T.);
#3039=IFCFACE((#3038));
#3040=IFCPOLYLOOP((#2278,#2227,#2190));
#3041=IFCFACEOUTERBOUND(#3040,.T.);
#3042=IFCFACE((#3041));
#3043=IFCPOLYLOOP((#2274,#2190,#2227,#2131));
#3044=IFCFACEOUTERBOUND(#3043,.T.);
#3045=IFCFACE((#3044));
#3046=IFCPOLYLOOP((#2279,#2129,#2229,#2192));
#3047=IFCFACEOUTERBOUND(#3046,.T.);
#3048=IFCFACE((#3047));
#3049=IFCPOLYLOOP((#2281,#2192,#2230,#2160));
#3050=IFCFACEOUTERBOUND(#3049,.T.);
#3051=IFCFACE((#3050));
#3052=IFCPOLYLOOP((#2285,#2136,#2231,#2194));
#3053=IFCFACEOUTERBOUND(#3052,.T.);
#3054=IFCFACE((#3053));
#3055=IFCPOLYLOOP((#2288,#2194,#2232,#2133));
#3056=IFCFACEOUTERBOUND(#3055,.T.);
#3057=IFCFACE((#3056));
#3058=IFCPOLYLOOP((#2177,#2196,#2204));
#3059=IFCFACEOUTERBOUND(#3058,.T.);
#3060=IFCFACE((#3059));
#3061=IFCPOLYLOOP((#2233,#2175,#2196,#2137));
#3062=IFCFACEOUTERBOUND(#3061,.T.);
#3063=IFCFACE((#3062));
#3064=IFCPOLYLOOP((#2234,#2157,#2202,#2158));
#3065=IFCFACEOUTERBOUND(#3064,.T.);
#3066=IFCFACE((#3065));
#3067=IFCPOLYLOOP((#2175,#2197,#2204));
#3068=IFCFACEOUTERBOUND(#3067,.T.);
#3069=IFCFACE((#3068));
#3070=IFCPOLYLOOP((#2198,#2203,#2201));
#3071=IFCFACEOUTERBOUND(#3070,.T.);
#3072=IFCFACE((#3071));
#3073=IFCPOLYLOOP((#2201,#2200,#2198));
#3074=IFCFACEOUTERBOUND(#3073,.T.);
#3075=IFCFACE((#3074));
#3076=IFCPOLYLOOP((#2200,#2137,#2198));
#3077=IFCFACEOUTERBOUND(#3076,.T.);
#3078=IFCFACE((#3077));
#3079=IFCPOLYLOOP((#2202,#2199,#2201));
#3080=IFCFACEOUTERBOUND(#3079,.T.);
#3081=IFCFACE((#3080));
#3082=IFCPOLYLOOP((#2177,#2204,#2139));
#3083=IFCFACEOUTERBOUND(#3082,.T.);
#3084=IFCFACE((#3083));
#3085=IFCPOLYLOOP((#2235,#2199,#2202,#2156));
#3086=IFCFACEOUTERBOUND(#3085,.T.);
#3087=IFCFACE((#3086));
#3088=IFCPOLYLOOP((#2156,#2202,#2228));
#3089=IFCFACEOUTERBOUND(#3088,.T.);
#3090=IFCFACE((#3089));
#3091=IFCPOLYLOOP((#2158,#2201,#2203));
#3092=IFCFACEOUTERBOUND(#3091,.T.);
#3093=IFCFACE((#3092));
#3094=IFCPOLYLOOP((#2198,#2138,#2203));
#3095=IFCFACEOUTERBOUND(#3094,.T.);
#3096=IFCFACE((#3095));
#3097=IFCPOLYLOOP((#2176,#2204,#2197));
#3098=IFCFACEOUTERBOUND(#3097,.T.);
#3099=IFCFACE((#3098));
#3100=IFCPOLYLOOP((#2151,#2210,#2208));
#3101=IFCFACEOUTERBOUND(#3100,.T.);
#3102=IFCFACE((#3101));
#3103=IFCPOLYLOOP((#2208,#2209,#2151));
#3104=IFCFACEOUTERBOUND(#3103,.T.);
#3105=IFCFACE((#3104));
#3106=IFCPOLYLOOP((#2206,#2209,#2208));
#3107=IFCFACEOUTERBOUND(#3106,.T.);
#3108=IFCFACE((#3107));
#3109=IFCPOLYLOOP((#2205,#2208,#2210));
#3110=IFCFACEOUTERBOUND(#3109,.T.);
#3111=IFCFACE((#3110));
#3112=IFCPOLYLOOP((#2205,#2149,#2207));
#3113=IFCFACEOUTERBOUND(#3112,.T.);
#3114=IFCFACE((#3113));
#3115=IFCPOLYLOOP((#2236,#2151,#2209,#2134));
#3116=IFCFACEOUTERBOUND(#3115,.T.);
#3117=IFCFACE((#3116));
#3118=IFCPOLYLOOP((#2195,#2291,#2286));
#3119=IFCFACEOUTERBOUND(#3118,.T.);
#3120=IFCFACE((#3119));
#3121=IFCPOLYLOOP((#2209,#2237,#2289));
#3122=IFCFACEOUTERBOUND(#3121,.T.);
#3123=IFCFACE((#3122));
#3124=IFCPOLYLOOP((#2210,#2150,#2205));
#3125=IFCFACEOUTERBOUND(#3124,.T.);
#3126=IFCFACE((#3125));
#3127=IFCPOLYLOOP((#2193,#2284,#2280));
#3128=IFCFACEOUTERBOUND(#3127,.T.);
#3129=IFCFACE((#3128));
#3130=IFCPOLYLOOP((#2239,#2211,#2212,#2159));
#3131=IFCFACEOUTERBOUND(#3130,.T.);
#3132=IFCFACE((#3131));
#3133=IFCPOLYLOOP((#2161,#2212,#2238));
#3134=IFCFACEOUTERBOUND(#3133,.T.);
#3135=IFCFACE((#3134));
#3136=IFCPOLYLOOP((#2247,#2216,#2178));
#3137=IFCFACEOUTERBOUND(#3136,.T.);
#3138=IFCFACE((#3137));
#3139=IFCPOLYLOOP((#2298,#2213,#2242,#2162));
#3140=IFCFACEOUTERBOUND(#3139,.T.);
#3141=IFCFACE((#3140));
#3142=IFCPOLYLOOP((#2217,#2296,#2127));
#3143=IFCFACEOUTERBOUND(#3142,.T.);
#3144=IFCFACE((#3143));
#3145=IFCPOLYLOOP((#2181,#2252,#2253,#2249));
#3146=IFCFACEOUTERBOUND(#3145,.T.);
#3147=IFCFACE((#3146));
#3148=IFCPOLYLOOP((#2247,#2246,#2216));
#3149=IFCFACEOUTERBOUND(#3148,.T.);
#3150=IFCFACE((#3149));
#3151=IFCPOLYLOOP((#2253,#2218,#2180));
#3152=IFCFACEOUTERBOUND(#3151,.T.);
#3153=IFCFACE((#3152));
#3154=IFCPOLYLOOP((#2241,#2127,#2296));
#3155=IFCFACEOUTERBOUND(#3154,.T.);
#3156=IFCFACE((#3155));
#3157=IFCPOLYLOOP((#2218,#2251,#2250));
#3158=IFCFACEOUTERBOUND(#3157,.T.);
#3159=IFCFACE((#3158));
#3160=IFCPOLYLOOP((#2253,#2252,#2218));
#3161=IFCFACEOUTERBOUND(#3160,.T.);
#3162=IFCFACE((#3161));
#3163=IFCPOLYLOOP((#2146,#2219,#2225));
#3164=IFCFACEOUTERBOUND(#3163,.T.);
#3165=IFCFACE((#3164));
#3166=IFCPOLYLOOP((#2255,#2145,#2219,#2183));
#3167=IFCFACEOUTERBOUND(#3166,.T.);
#3168=IFCFACE((#3167));
#3169=IFCPOLYLOOP((#2163,#2220,#2242));
#3170=IFCFACEOUTERBOUND(#3169,.T.);
#3171=IFCFACE((#3170));
#3172=IFCPOLYLOOP((#2257,#2162,#2220));
#3173=IFCFACEOUTERBOUND(#3172,.T.);
#3174=IFCFACE((#3173));
#3175=IFCPOLYLOOP((#2263,#2222,#2184));
#3176=IFCFACEOUTERBOUND(#3175,.T.);
#3177=IFCFACE((#3176));
#3178=IFCPOLYLOOP((#2129,#2221,#2229));
#3179=IFCFACEOUTERBOUND(#3178,.T.);
#3180=IFCFACE((#3179));
#3181=IFCPOLYLOOP((#2287,#2231,#2136));
#3182=IFCFACEOUTERBOUND(#3181,.T.);
#3183=IFCFACE((#3182));
#3184=IFCPOLYLOOP((#2185,#2222,#2263));
#3185=IFCFACEOUTERBOUND(#3184,.T.);
#3186=IFCFACE((#3185));
#3187=IFCPOLYLOOP((#2128,#2223,#2227));
#3188=IFCFACEOUTERBOUND(#3187,.T.);
#3189=IFCFACE((#3188));
#3190=IFCPOLYLOOP((#2265,#2131,#2223));
#3191=IFCFACEOUTERBOUND(#3190,.T.);
#3192=IFCFACE((#3191));
#3193=IFCPOLYLOOP((#2148,#2224,#2226));
#3194=IFCFACEOUTERBOUND(#3193,.T.);
#3195=IFCFACE((#3194));
#3196=IFCPOLYLOOP((#2267,#2147,#2224));
#3197=IFCFACEOUTERBOUND(#3196,.T.);
#3198=IFCFACE((#3197));
#3199=IFCPOLYLOOP((#2145,#2225,#2219));
#3200=IFCFACEOUTERBOUND(#3199,.T.);
#3201=IFCFACE((#3200));
#3202=IFCPOLYLOOP((#2270,#2146,#2225));
#3203=IFCFACEOUTERBOUND(#3202,.T.);
#3204=IFCFACE((#3203));
#3205=IFCPOLYLOOP((#2147,#2226,#2224));
#3206=IFCFACEOUTERBOUND(#3205,.T.);
#3207=IFCFACE((#3206));
#3208=IFCPOLYLOOP((#2272,#2148,#2226));
#3209=IFCFACEOUTERBOUND(#3208,.T.);
#3210=IFCFACE((#3209));
#3211=IFCPOLYLOOP((#2131,#2227,#2223));
#3212=IFCFACEOUTERBOUND(#3211,.T.);
#3213=IFCFACE((#3212));
#3214=IFCPOLYLOOP((#2275,#2128,#2227));
#3215=IFCFACEOUTERBOUND(#3214,.T.);
#3216=IFCFACE((#3215));
#3217=IFCPOLYLOOP((#2157,#2228,#2202));
#3218=IFCFACEOUTERBOUND(#3217,.T.);
#3219=IFCFACE((#3218));
#3220=IFCPOLYLOOP((#2277,#2156,#2228));
#3221=IFCFACEOUTERBOUND(#3220,.T.);
#3222=IFCFACE((#3221));
#3223=IFCPOLYLOOP((#2284,#2230,#2192));
#3224=IFCFACEOUTERBOUND(#3223,.T.);
#3225=IFCFACE((#3224));
#3226=IFCPOLYLOOP((#2132,#2229,#2221));
#3227=IFCFACEOUTERBOUND(#3226,.T.);
#3228=IFCFACE((#3227));
#3229=IFCPOLYLOOP((#2282,#2160,#2230));
#3230=IFCFACEOUTERBOUND(#3229,.T.);
#3231=IFCFACE((#3230));
#3232=IFCPOLYLOOP((#2193,#2230,#2284));
#3233=IFCFACEOUTERBOUND(#3232,.T.);
#3234=IFCFACE((#3233));
#3235=IFCPOLYLOOP((#2291,#2232,#2194));
#3236=IFCFACEOUTERBOUND(#3235,.T.);
#3237=IFCFACE((#3236));
#3238=IFCPOLYLOOP((#2135,#2231,#2287));
#3239=IFCFACEOUTERBOUND(#3238,.T.);
#3240=IFCFACE((#3239));
#3241=IFCPOLYLOOP((#2289,#2133,#2232));
#3242=IFCFACEOUTERBOUND(#3241,.T.);
#3243=IFCFACE((#3242));
#3244=IFCPOLYLOOP((#2195,#2232,#2291));
#3245=IFCFACEOUTERBOUND(#3244,.T.);
#3246=IFCFACE((#3245));
#3247=IFCPOLYLOOP((#2238,#2293,#2292));
#3248=IFCFACEOUTERBOUND(#3247,.T.);
#3249=IFCFACE((#3248));
#3250=IFCPOLYLOOP((#2209,#2206,#2237));
#3251=IFCFACEOUTERBOUND(#3250,.T.);
#3252=IFCFACE((#3251));
#3253=IFCPOLYLOOP((#2211,#2238,#2212));
#3254=IFCFACEOUTERBOUND(#3253,.T.);
#3255=IFCFACE((#3254));
#3256=IFCPOLYLOOP((#2297,#2127,#2241,#2213));
#3257=IFCFACEOUTERBOUND(#3256,.T.);
#3258=IFCFACE((#3257));
#3259=IFCPOLYLOOP((#2212,#2161,#2240));
#3260=IFCFACEOUTERBOUND(#3259,.T.);
#3261=IFCFACE((#3260));
#3262=IFCPOLYLOOP((#2242,#2213,#2300));
#3263=IFCFACEOUTERBOUND(#3262,.T.);
#3264=IFCFACE((#3263));
#3265=IFCPOLYLOOP((#2162,#2242,#2220));
#3266=IFCFACEOUTERBOUND(#3265,.T.);
#3267=IFCFACE((#3266));
#3268=IFCPOLYLOOP((#2299,#2163,#2242));
#3269=IFCFACEOUTERBOUND(#3268,.T.);
#3270=IFCFACE((#3269));
#3271=IFCPOLYLOOP((#2179,#2246,#2247,#2244));
#3272=IFCFACEOUTERBOUND(#3271,.T.);
#3273=IFCFACE((#3272));
#3274=IFCPOLYLOOP((#2243,#2215,#2178));
#3275=IFCFACEOUTERBOUND(#3274,.T.);
#3276=IFCFACE((#3275));
#3277=IFCPOLYLOOP((#2215,#2141,#2244));
#3278=IFCFACEOUTERBOUND(#3277,.T.);
#3279=IFCFACE((#3278));
#3280=IFCPOLYLOOP((#2215,#2247,#2178));
#3281=IFCFACEOUTERBOUND(#3280,.T.);
#3282=IFCFACE((#3281));
#3283=IFCPOLYLOOP((#2144,#2250,#2251,#2246));
#3284=IFCFACEOUTERBOUND(#3283,.T.);
#3285=IFCFACE((#3284));
#3286=IFCPOLYLOOP((#2248,#2217,#2180));
#3287=IFCFACEOUTERBOUND(#3286,.T.);
#3288=IFCFACE((#3287));
#3289=IFCPOLYLOOP((#2217,#2127,#2249));
#3290=IFCFACEOUTERBOUND(#3289,.T.);
#3291=IFCFACE((#3290));
#3292=IFCPOLYLOOP((#2216,#2251,#2143));
#3293=IFCFACEOUTERBOUND(#3292,.T.);
#3294=IFCFACE((#3293));
#3295=IFCPOLYLOOP((#2251,#2218,#2143));
#3296=IFCFACEOUTERBOUND(#3295,.T.);
#3297=IFCFACE((#3296));
#3298=IFCPOLYLOOP((#2217,#2253,#2180));
#3299=IFCFACEOUTERBOUND(#3298,.T.);
#3300=IFCFACE((#3299));
#3301=IFCPOLYLOOP((#2219,#2258,#2183));
#3302=IFCFACEOUTERBOUND(#3301,.T.);
#3303=IFCFACE((#3302));
#3304=IFCPOLYLOOP((#2219,#2146,#2254));
#3305=IFCFACEOUTERBOUND(#3304,.T.);
#3306=IFCFACE((#3305));
#3307=IFCPOLYLOOP((#2220,#2258,#2257));
#3308=IFCFACEOUTERBOUND(#3307,.T.);
#3309=IFCFACE((#3308));
#3310=IFCPOLYLOOP((#2185,#2263,#2260));
#3311=IFCFACEOUTERBOUND(#3310,.T.);
#3312=IFCFACE((#3311));
#3313=IFCPOLYLOOP((#2221,#2129,#2260));
#3314=IFCFACEOUTERBOUND(#3313,.T.);
#3315=IFCFACE((#3314));
#3316=IFCPOLYLOOP((#2222,#2185,#2262));
#3317=IFCFACEOUTERBOUND(#3316,.T.);
#3318=IFCFACE((#3317));
#3319=IFCPOLYLOOP((#2221,#2263,#2184));
#3320=IFCFACEOUTERBOUND(#3319,.T.);
#3321=IFCFACE((#3320));
#3322=IFCPOLYLOOP((#2265,#2223,#2268));
#3323=IFCFACEOUTERBOUND(#3322,.T.);
#3324=IFCFACE((#3323));
#3325=IFCPOLYLOOP((#2187,#2265,#2268));
#3326=IFCFACEOUTERBOUND(#3325,.T.);
#3327=IFCFACE((#3326));
#3328=IFCPOLYLOOP((#2186,#2267,#2268));
#3329=IFCFACEOUTERBOUND(#3328,.T.);
#3330=IFCFACE((#3329));
#3331=IFCPOLYLOOP((#2224,#2268,#2267));
#3332=IFCFACEOUTERBOUND(#3331,.T.);
#3333=IFCFACE((#3332));
#3334=IFCPOLYLOOP((#2270,#2225,#2273));
#3335=IFCFACEOUTERBOUND(#3334,.T.);
#3336=IFCFACE((#3335));
#3337=IFCPOLYLOOP((#2269,#2225,#2145));
#3338=IFCFACEOUTERBOUND(#3337,.T.);
#3339=IFCFACE((#3338));
#3340=IFCPOLYLOOP((#2189,#2270,#2273));
#3341=IFCFACEOUTERBOUND(#3340,.T.);
#3342=IFCFACE((#3341));
#3343=IFCPOLYLOOP((#2226,#2273,#2272));
#3344=IFCFACEOUTERBOUND(#3343,.T.);
#3345=IFCFACE((#3344));
#3346=IFCPOLYLOOP((#2275,#2227,#2278));
#3347=IFCFACEOUTERBOUND(#3346,.T.);
#3348=IFCFACE((#3347));
#3349=IFCPOLYLOOP((#2191,#2275,#2278));
#3350=IFCFACEOUTERBOUND(#3349,.T.);
#3351=IFCFACE((#3350));
#3352=IFCPOLYLOOP((#2190,#2277,#2278));
#3353=IFCFACEOUTERBOUND(#3352,.T.);
#3354=IFCFACE((#3353));
#3355=IFCPOLYLOOP((#2228,#2278,#2277));
#3356=IFCFACEOUTERBOUND(#3355,.T.);
#3357=IFCFACE((#3356));
#3358=IFCPOLYLOOP((#2160,#2282,#2240));
#3359=IFCFACEOUTERBOUND(#3358,.T.);
#3360=IFCFACE((#3359));
#3361=IFCPOLYLOOP((#2229,#2132,#2280));
#3362=IFCFACEOUTERBOUND(#3361,.T.);
#3363=IFCFACE((#3362));
#3364=IFCPOLYLOOP((#2212,#2282,#2159));
#3365=IFCFACEOUTERBOUND(#3364,.T.);
#3366=IFCFACE((#3365));
#3367=IFCPOLYLOOP((#2159,#2282,#2283));
#3368=IFCFACEOUTERBOUND(#3367,.T.);
#3369=IFCFACE((#3368));
#3370=IFCPOLYLOOP((#2230,#2193,#2283));
#3371=IFCFACEOUTERBOUND(#3370,.T.);
#3372=IFCFACE((#3371));
#3373=IFCPOLYLOOP((#2229,#2284,#2192));
#3374=IFCFACEOUTERBOUND(#3373,.T.);
#3375=IFCFACE((#3374));
#3376=IFCPOLYLOOP((#2135,#2287,#2262));
#3377=IFCFACEOUTERBOUND(#3376,.T.);
#3378=IFCFACE((#3377));
#3379=IFCPOLYLOOP((#2231,#2135,#2286));
#3380=IFCFACEOUTERBOUND(#3379,.T.);
#3381=IFCFACE((#3380));
#3382=IFCPOLYLOOP((#2222,#2287,#2136));
#3383=IFCFACEOUTERBOUND(#3382,.T.);
#3384=IFCFACE((#3383));
#3385=IFCPOLYLOOP((#2133,#2289,#2237));
#3386=IFCFACEOUTERBOUND(#3385,.T.);
#3387=IFCFACE((#3386));
#3388=IFCPOLYLOOP((#2209,#2289,#2134));
#3389=IFCFACEOUTERBOUND(#3388,.T.);
#3390=IFCFACE((#3389));
#3391=IFCPOLYLOOP((#2134,#2289,#2290));
#3392=IFCFACEOUTERBOUND(#3391,.T.);
#3393=IFCFACE((#3392));
#3394=IFCPOLYLOOP((#2232,#2195,#2290));
#3395=IFCFACEOUTERBOUND(#3394,.T.);
#3396=IFCFACE((#3395));
#3397=IFCPOLYLOOP((#2231,#2291,#2194));
#3398=IFCFACEOUTERBOUND(#3397,.T.);
#3399=IFCFACE((#3398));
#3400=IFCPOLYLOOP((#2142,#2292,#2293,#2243));
#3401=IFCFACEOUTERBOUND(#3400,.T.);
#3402=IFCFACE((#3401));
#3403=IFCPOLYLOOP((#2215,#2293,#2141));
#3404=IFCFACEOUTERBOUND(#3403,.T.);
#3405=IFCFACE((#3404));
#3406=IFCPOLYLOOP((#2141,#2293,#2294));
#3407=IFCFACEOUTERBOUND(#3406,.T.);
#3408=IFCFACE((#3407));
#3409=IFCPOLYLOOP((#2238,#2211,#2294));
#3410=IFCFACEOUTERBOUND(#3409,.T.);
#3411=IFCFACE((#3410));
#3412=IFCPOLYLOOP((#2241,#2296,#2295));
#3413=IFCFACEOUTERBOUND(#3412,.T.);
#3414=IFCFACE((#3413));
#3415=IFCPOLYLOOP((#2241,#2300,#2213));
#3416=IFCFACEOUTERBOUND(#3415,.T.);
#3417=IFCFACE((#3416));
#3418=IFCPOLYLOOP((#2242,#2300,#2299));
#3419=IFCFACEOUTERBOUND(#3418,.T.);
#3420=IFCFACE((#3419));
#3421=IFCPOLYLOOP((#2301,#2302,#2122,#2166,#2154,#2150,#2210,#2151,#2236,#2134,#2290,#2195,#2286,#2135,#2262,#2185,#2260,#2129,#2279,#2192,#2281,#2160,#2240,#2161,#2292,#2142,#2243,#2178,#2245,#2143,#2252,#2181,#2249,#2127,#2297,#2213,#2298,#2162,#2257,#2182,#2254,#2146,#2270,#2189,#2271,#2147,#2267,#2186,#2264,#2128,#2275,#2191,#2276,#2157,#2234,#2158,#2203,#2138,#2177,#2139,#2170,#2152,#2165,#2121));
#3422=IFCFACEOUTERBOUND(#3421,.T.);
#3423=IFCFACE((#3422));
#3424=IFCPOLYLOOP((#2303,#2304,#2064,#2063));
#3425=IFCFACEOUTERBOUND(#3424,.T.);
#3426=IFCFACE((#3425));
#3427=IFCPOLYLOOP((#2306,#2068,#2067,#2311,#2309,#2305));
#3428=IFCFACEOUTERBOUND(#3427,.T.);
#3429=IFCFACE((#3428));
#3430=IFCPOLYLOOP((#2310,#2314,#2312,#2313));
#3431=IFCFACEOUTERBOUND(#3430,.T.);
#3432=IFCFACE((#3431));
#3433=IFCPOLYLOOP((#2315,#2072,#2313));
#3434=IFCFACEOUTERBOUND(#3433,.T.);
#3435=IFCFACE((#3434));
#3436=IFCPOLYLOOP((#2316,#2308,#2305));
#3437=IFCFACEOUTERBOUND(#3436,.T.);
#3438=IFCFACE((#3437));
#3439=IFCPOLYLOOP((#2316,#2309,#2312));
#3440=IFCFACEOUTERBOUND(#3439,.T.);
#3441=IFCFACE((#3440));
#3442=IFCPOLYLOOP((#2315,#2311,#2067));
#3443=IFCFACEOUTERBOUND(#3442,.T.);
#3444=IFCFACE((#3443));
#3445=IFCPOLYLOOP((#2309,#2311,#2312));
#3446=IFCFACEOUTERBOUND(#3445,.T.);
#3447=IFCFACE((#3446));
#3448=IFCPOLYLOOP((#2316,#2312,#2314));
#3449=IFCFACEOUTERBOUND(#3448,.T.);
#3450=IFCFACE((#3449));
#3451=IFCPOLYLOOP((#2312,#2315,#2313));
#3452=IFCFACEOUTERBOUND(#3451,.T.);
#3453=IFCFACE((#3452));
#3454=IFCPOLYLOOP((#2312,#2311,#2315));
#3455=IFCFACEOUTERBOUND(#3454,.T.);
#3456=IFCFACE((#3455));
#3457=IFCPOLYLOOP((#2072,#2071,#2313));
#3458=IFCFACEOUTERBOUND(#3457,.T.);
#3459=IFCFACE((#3458));
#3460=IFCPOLYLOOP((#2314,#2307,#2308));
#3461=IFCFACEOUTERBOUND(#3460,.T.);
#3462=IFCFACE((#3461));
#3463=IFCPOLYLOOP((#2072,#2315,#2067));
#3464=IFCFACEOUTERBOUND(#3463,.T.);
#3465=IFCFACE((#3464));
#3466=IFCPOLYLOOP((#2309,#2316,#2305));
#3467=IFCFACEOUTERBOUND(#3466,.T.);
#3468=IFCFACE((#3467));
#3469=IFCPOLYLOOP((#2308,#2316,#2314));
#3470=IFCFACEOUTERBOUND(#3469,.T.);
#3471=IFCFACE((#3470));
#3472=IFCPOLYLOOP((#2336,#2332,#2327));
#3473=IFCFACEOUTERBOUND(#3472,.T.);
#3474=IFCFACE((#3473));
#3475=IFCPOLYLOOP((#2343,#2347,#2348));
#3476=IFCFACEOUTERBOUND(#3475,.T.);
#3477=IFCFACE((#3476));
#3478=IFCPOLYLOOP((#2330,#2349,#2337));
#3479=IFCFACEOUTERBOUND(#3478,.T.);
#3480=IFCFACE((#3479));
#3481=IFCPOLYLOOP((#2341,#2322,#2343));
#3482=IFCFACEOUTERBOUND(#3481,.T.);
#3483=IFCFACE((#3482));
#3484=IFCPOLYLOOP((#2330,#2337,#2323));
#3485=IFCFACEOUTERBOUND(#3484,.T.);
#3486=IFCFACE((#3485));
#3487=IFCPOLYLOOP((#2337,#2344,#2340));
#3488=IFCFACEOUTERBOUND(#3487,.T.);
#3489=IFCFACE((#3488));
#3490=IFCPOLYLOOP((#2349,#2334,#2318));
#3491=IFCFACEOUTERBOUND(#3490,.T.);
#3492=IFCFACE((#3491));
#3493=IFCPOLYLOOP((#2322,#2341,#2333));
#3494=IFCFACEOUTERBOUND(#3493,.T.);
#3495=IFCFACE((#3494));
#3496=IFCPOLYLOOP((#2329,#2341,#2324));
#3497=IFCFACEOUTERBOUND(#3496,.T.);
#3498=IFCFACE((#3497));
#3499=IFCPOLYLOOP((#2342,#2347,#2321));
#3500=IFCFACEOUTERBOUND(#3499,.T.);
#3501=IFCFACE((#3500));
#3502=IFCPOLYLOOP((#2323,#2337,#2340));
#3503=IFCFACEOUTERBOUND(#3502,.T.);
#3504=IFCFACE((#3503));
#3505=IFCPOLYLOOP((#2345,#2336,#2327));
#3506=IFCFACEOUTERBOUND(#3505,.T.);
#3507=IFCFACE((#3506));
#3508=IFCPOLYLOOP((#2345,#2329,#2328));
#3509=IFCFACEOUTERBOUND(#3508,.T.);
#3510=IFCFACE((#3509));
#3511=IFCPOLYLOOP((#2345,#2341,#2329));
#3512=IFCFACEOUTERBOUND(#3511,.T.);
#3513=IFCFACE((#3512));
#3514=IFCPOLYLOOP((#2349,#2318,#2319));
#3515=IFCFACEOUTERBOUND(#3514,.T.);
#3516=IFCFACE((#3515));
#3517=IFCPOLYLOOP((#2335,#2124,#2123));
#3518=IFCFACEOUTERBOUND(#3517,.T.);
#3519=IFCFACE((#3518));
#3520=IFCPOLYLOOP((#2335,#2336,#2328));
#3521=IFCFACEOUTERBOUND(#3520,.T.);
#3522=IFCFACE((#3521));
#3523=IFCPOLYLOOP((#2123,#2122,#2332));
#3524=IFCFACEOUTERBOUND(#3523,.T.);
#3525=IFCFACE((#3524));
#3526=IFCPOLYLOOP((#2334,#2317,#2318));
#3527=IFCFACEOUTERBOUND(#3526,.T.);
#3528=IFCFACE((#3527));
#3529=IFCPOLYLOOP((#2349,#2326,#2337));
#3530=IFCFACEOUTERBOUND(#3529,.T.);
#3531=IFCFACE((#3530));
#3532=IFCPOLYLOOP((#2123,#2336,#2335));
#3533=IFCFACEOUTERBOUND(#3532,.T.);
#3534=IFCFACE((#3533));
#3535=IFCPOLYLOOP((#2332,#2336,#2123));
#3536=IFCFACEOUTERBOUND(#3535,.T.);
#3537=IFCFACE((#3536));
#3538=IFCPOLYLOOP((#2344,#2337,#2326));
#3539=IFCFACEOUTERBOUND(#3538,.T.);
#3540=IFCFACE((#3539));
#3541=IFCPOLYLOOP((#2331,#2326,#2349,#2319));
#3542=IFCFACEOUTERBOUND(#3541,.T.);
#3543=IFCFACE((#3542));
#3544=IFCPOLYLOOP((#2340,#2338,#2323));
#3545=IFCFACEOUTERBOUND(#3544,.T.);
#3546=IFCFACE((#3545));
#3547=IFCPOLYLOOP((#2347,#2342,#2339));
#3548=IFCFACEOUTERBOUND(#3547,.T.);
#3549=IFCFACE((#3548));
#3550=IFCPOLYLOOP((#2339,#2342,#2320));
#3551=IFCFACEOUTERBOUND(#3550,.T.);
#3552=IFCFACE((#3551));
#3553=IFCPOLYLOOP((#2338,#2340,#2342));
#3554=IFCFACEOUTERBOUND(#3553,.T.);
#3555=IFCFACE((#3554));
#3556=IFCPOLYLOOP((#2343,#2324,#2341));
#3557=IFCFACEOUTERBOUND(#3556,.T.);
#3558=IFCFACE((#3557));
#3559=IFCPOLYLOOP((#2345,#2327,#2333));
#3560=IFCFACEOUTERBOUND(#3559,.T.);
#3561=IFCFACE((#3560));
#3562=IFCPOLYLOOP((#2320,#2342,#2340));
#3563=IFCFACEOUTERBOUND(#3562,.T.);
#3564=IFCFACE((#3563));
#3565=IFCPOLYLOOP((#2338,#2342,#2321));
#3566=IFCFACEOUTERBOUND(#3565,.T.);
#3567=IFCFACE((#3566));
#3568=IFCPOLYLOOP((#2325,#2348,#2347,#2339));
#3569=IFCFACEOUTERBOUND(#3568,.T.);
#3570=IFCFACE((#3569));
#3571=IFCPOLYLOOP((#2346,#2347,#2343));
#3572=IFCFACEOUTERBOUND(#3571,.T.);
#3573=IFCFACE((#3572));
#3574=IFCPOLYLOOP((#2344,#2320,#2340));
#3575=IFCFACEOUTERBOUND(#3574,.T.);
#3576=IFCFACE((#3575));
#3577=IFCPOLYLOOP((#2328,#2336,#2345));
#3578=IFCFACEOUTERBOUND(#3577,.T.);
#3579=IFCFACE((#3578));
#3580=IFCPOLYLOOP((#2341,#2345,#2333));
#3581=IFCFACEOUTERBOUND(#3580,.T.);
#3582=IFCFACE((#3581));
#3583=IFCPOLYLOOP((#2321,#2347,#2346));
#3584=IFCFACEOUTERBOUND(#3583,.T.);
#3585=IFCFACE((#3584));
#3586=IFCPOLYLOOP((#2343,#2322,#2346));
#3587=IFCFACEOUTERBOUND(#3586,.T.);
#3588=IFCFACE((#3587));
#3589=IFCPOLYLOOP((#2348,#2324,#2343));
#3590=IFCFACEOUTERBOUND(#3589,.T.);
#3591=IFCFACE((#3590));
#3592=IFCPOLYLOOP((#2330,#2334,#2349));
#3593=IFCFACEOUTERBOUND(#3592,.T.);
#3594=IFCFACE((#3593));
#3595=IFCPOLYLOOP((#2350,#2317,#2334,#2330,#2323,#2338,#2321,#2346,#2322,#2333,#2327,#2332,#2122,#2302));
#3596=IFCFACEOUTERBOUND(#3595,.T.);
#3597=IFCFACE((#3596));
#3598=IFCPOLYLOOP((#2351,#2352,#2304,#2303));
#3599=IFCFACEOUTERBOUND(#3598,.T.);
#3600=IFCFACE((#3599));
#3601=IFCPOLYLOOP((#2306,#2305,#2377,#2367,#2368,#2361,#2392,#2370,#2397,#2360,#2383,#2374,#2375,#2362,#2388,#2364,#2365,#2353,#2354));
#3602=IFCFACEOUTERBOUND(#3601,.T.);
#3603=IFCFACE((#3602));
#3604=IFCPOLYLOOP((#2363,#2376,#2385));
#3605=IFCFACEOUTERBOUND(#3604,.T.);
#3606=IFCFACE((#3605));
#3607=IFCPOLYLOOP((#2390,#2394,#2378));
#3608=IFCFACEOUTERBOUND(#3607,.T.);
#3609=IFCFACE((#3608));
#3610=IFCPOLYLOOP((#2402,#2401,#2377));
#3611=IFCFACEOUTERBOUND(#3610,.T.);
#3612=IFCFACE((#3611));
#3613=IFCPOLYLOOP((#2385,#2387,#2363));
#3614=IFCFACEOUTERBOUND(#3613,.T.);
#3615=IFCFACE((#3614));
#3616=IFCPOLYLOOP((#2367,#2377,#2401));
#3617=IFCFACEOUTERBOUND(#3616,.T.);
#3618=IFCFACE((#3617));
#3619=IFCPOLYLOOP((#2381,#2380,#2379));
#3620=IFCFACEOUTERBOUND(#3619,.T.);
#3621=IFCFACE((#3620));
#3622=IFCPOLYLOOP((#2390,#2361,#2368));
#3623=IFCFACEOUTERBOUND(#3622,.T.);
#3624=IFCFACE((#3623));
#3625=IFCPOLYLOOP((#2393,#2372,#2371));
#3626=IFCFACEOUTERBOUND(#3625,.T.);
#3627=IFCFACE((#3626));
#3628=IFCPOLYLOOP((#2403,#2384,#2382));
#3629=IFCFACEOUTERBOUND(#3628,.T.);
#3630=IFCFACE((#3629));
#3631=IFCPOLYLOOP((#2395,#2398,#2397));
#3632=IFCFACEOUTERBOUND(#3631,.T.);
#3633=IFCFACE((#3632));
#3634=IFCPOLYLOOP((#2386,#2387,#2400));
#3635=IFCFACEOUTERBOUND(#3634,.T.);
#3636=IFCFACE((#3635));
#3637=IFCPOLYLOOP((#2356,#2353,#2389));
#3638=IFCFACEOUTERBOUND(#3637,.T.);
#3639=IFCFACE((#3638));
#3640=IFCPOLYLOOP((#2389,#2385,#2376));
#3641=IFCFACEOUTERBOUND(#3640,.T.);
#3642=IFCFACE((#3641));
#3643=IFCPOLYLOOP((#2369,#2401,#2402));
#3644=IFCFACEOUTERBOUND(#3643,.T.);
#3645=IFCFACE((#3644));
#3646=IFCPOLYLOOP((#2395,#2393,#2371));
#3647=IFCFACEOUTERBOUND(#3646,.T.);
#3648=IFCFACE((#3647));
#3649=IFCPOLYLOOP((#2390,#2368,#2394));
#3650=IFCFACEOUTERBOUND(#3649,.T.);
#3651=IFCFACE((#3650));
#3652=IFCPOLYLOOP((#2402,#2377,#2305));
#3653=IFCFACEOUTERBOUND(#3652,.T.);
#3654=IFCFACE((#3653));
#3655=IFCPOLYLOOP((#2402,#2308,#2307));
#3656=IFCFACEOUTERBOUND(#3655,.T.);
#3657=IFCFACE((#3656));
#3658=IFCPOLYLOOP((#2390,#2358,#2391));
#3659=IFCFACEOUTERBOUND(#3658,.T.);
#3660=IFCFACE((#3659));
#3661=IFCPOLYLOOP((#2392,#2391,#2393));
#3662=IFCFACEOUTERBOUND(#3661,.T.);
#3663=IFCFACE((#3662));
#3664=IFCPOLYLOOP((#2381,#2379,#2359));
#3665=IFCFACEOUTERBOUND(#3664,.T.);
#3666=IFCFACE((#3665));
#3667=IFCPOLYLOOP((#2382,#2380,#2374));
#3668=IFCFACEOUTERBOUND(#3667,.T.);
#3669=IFCFACE((#3668));
#3670=IFCPOLYLOOP((#2380,#2375,#2374));
#3671=IFCFACEOUTERBOUND(#3670,.T.);
#3672=IFCFACE((#3671));
#3673=IFCPOLYLOOP((#2389,#2376,#2355));
#3674=IFCFACEOUTERBOUND(#3673,.T.);
#3675=IFCFACE((#3674));
#3676=IFCPOLYLOOP((#2365,#2364,#2385));
#3677=IFCFACEOUTERBOUND(#3676,.T.);
#3678=IFCFACE((#3677));
#3679=IFCPOLYLOOP((#2382,#2373,#2380));
#3680=IFCFACEOUTERBOUND(#3679,.T.);
#3681=IFCFACE((#3680));
#3682=IFCPOLYLOOP((#2401,#2366,#2394));
#3683=IFCFACEOUTERBOUND(#3682,.T.);
#3684=IFCFACE((#3683));
#3685=IFCPOLYLOOP((#2379,#2380,#2373));
#3686=IFCFACEOUTERBOUND(#3685,.T.);
#3687=IFCFACE((#3686));
#3688=IFCPOLYLOOP((#2375,#2380,#2381));
#3689=IFCFACEOUTERBOUND(#3688,.T.);
#3690=IFCFACE((#3689));
#3691=IFCPOLYLOOP((#2381,#2362,#2375));
#3692=IFCFACEOUTERBOUND(#3691,.T.);
#3693=IFCFACE((#3692));
#3694=IFCPOLYLOOP((#2400,#2362,#2381));
#3695=IFCFACEOUTERBOUND(#3694,.T.);
#3696=IFCFACE((#3695));
#3697=IFCPOLYLOOP((#2399,#2357,#2384));
#3698=IFCFACEOUTERBOUND(#3697,.T.);
#3699=IFCFACE((#3698));
#3700=IFCPOLYLOOP((#2384,#2373,#2382));
#3701=IFCFACEOUTERBOUND(#3700,.T.);
#3702=IFCFACE((#3701));
#3703=IFCPOLYLOOP((#2399,#2398,#2357));
#3704=IFCFACEOUTERBOUND(#3703,.T.);
#3705=IFCFACE((#3704));
#3706=IFCPOLYLOOP((#2382,#2374,#2383));
#3707=IFCFACEOUTERBOUND(#3706,.T.);
#3708=IFCFACE((#3707));
#3709=IFCPOLYLOOP((#2389,#2365,#2385));
#3710=IFCFACEOUTERBOUND(#3709,.T.);
#3711=IFCFACE((#3710));
#3712=IFCPOLYLOOP((#2365,#2389,#2353));
#3713=IFCFACEOUTERBOUND(#3712,.T.);
#3714=IFCFACE((#3713));
#3715=IFCPOLYLOOP((#2364,#2387,#2385));
#3716=IFCFACEOUTERBOUND(#3715,.T.);
#3717=IFCFACE((#3716));
#3718=IFCPOLYLOOP((#2387,#2386,#2363));
#3719=IFCFACEOUTERBOUND(#3718,.T.);
#3720=IFCFACE((#3719));
#3721=IFCPOLYLOOP((#2400,#2388,#2362));
#3722=IFCFACEOUTERBOUND(#3721,.T.);
#3723=IFCFACE((#3722));
#3724=IFCPOLYLOOP((#2386,#2400,#2359));
#3725=IFCFACEOUTERBOUND(#3724,.T.);
#3726=IFCFACE((#3725));
#3727=IFCPOLYLOOP((#2387,#2364,#2388));
#3728=IFCFACEOUTERBOUND(#3727,.T.);
#3729=IFCFACE((#3728));
#3730=IFCPOLYLOOP((#2356,#2389,#2355));
#3731=IFCFACEOUTERBOUND(#3730,.T.);
#3732=IFCFACE((#3731));
#3733=IFCPOLYLOOP((#2361,#2390,#2391));
#3734=IFCFACEOUTERBOUND(#3733,.T.);
#3735=IFCFACE((#3734));
#3736=IFCPOLYLOOP((#2358,#2390,#2378));
#3737=IFCFACEOUTERBOUND(#3736,.T.);
#3738=IFCFACE((#3737));
#3739=IFCPOLYLOOP((#2395,#2370,#2393));
#3740=IFCFACEOUTERBOUND(#3739,.T.);
#3741=IFCFACE((#3740));
#3742=IFCPOLYLOOP((#2391,#2358,#2372));
#3743=IFCFACEOUTERBOUND(#3742,.T.);
#3744=IFCFACE((#3743));
#3745=IFCPOLYLOOP((#2392,#2361,#2391));
#3746=IFCFACEOUTERBOUND(#3745,.T.);
#3747=IFCFACE((#3746));
#3748=IFCPOLYLOOP((#2370,#2392,#2393));
#3749=IFCFACEOUTERBOUND(#3748,.T.);
#3750=IFCFACE((#3749));
#3751=IFCPOLYLOOP((#2372,#2393,#2391));
#3752=IFCFACEOUTERBOUND(#3751,.T.);
#3753=IFCFACE((#3752));
#3754=IFCPOLYLOOP((#2378,#2394,#2366));
#3755=IFCFACEOUTERBOUND(#3754,.T.);
#3756=IFCFACE((#3755));
#3757=IFCPOLYLOOP((#2394,#2368,#2367));
#3758=IFCFACEOUTERBOUND(#3757,.T.);
#3759=IFCFACE((#3758));
#3760=IFCPOLYLOOP((#2360,#2397,#2398));
#3761=IFCFACEOUTERBOUND(#3760,.T.);
#3762=IFCFACE((#3761));
#3763=IFCPOLYLOOP((#2397,#2370,#2395));
#3764=IFCFACEOUTERBOUND(#3763,.T.);
#3765=IFCFACE((#3764));
#3766=IFCPOLYLOOP((#2396,#2357,#2398));
#3767=IFCFACEOUTERBOUND(#3766,.T.);
#3768=IFCFACE((#3767));
#3769=IFCPOLYLOOP((#2395,#2371,#2396));
#3770=IFCFACEOUTERBOUND(#3769,.T.);
#3771=IFCFACE((#3770));
#3772=IFCPOLYLOOP((#2399,#2360,#2398));
#3773=IFCFACEOUTERBOUND(#3772,.T.);
#3774=IFCFACE((#3773));
#3775=IFCPOLYLOOP((#2396,#2398,#2395));
#3776=IFCFACEOUTERBOUND(#3775,.T.);
#3777=IFCFACE((#3776));
#3778=IFCPOLYLOOP((#2399,#2383,#2360));
#3779=IFCFACEOUTERBOUND(#3778,.T.);
#3780=IFCFACE((#3779));
#3781=IFCPOLYLOOP((#2403,#2383,#2399));
#3782=IFCFACEOUTERBOUND(#3781,.T.);
#3783=IFCFACE((#3782));
#3784=IFCPOLYLOOP((#2387,#2388,#2400));
#3785=IFCFACEOUTERBOUND(#3784,.T.);
#3786=IFCFACE((#3785));
#3787=IFCPOLYLOOP((#2359,#2400,#2381));
#3788=IFCFACEOUTERBOUND(#3787,.T.);
#3789=IFCFACE((#3788));
#3790=IFCPOLYLOOP((#2367,#2401,#2394));
#3791=IFCFACEOUTERBOUND(#3790,.T.);
#3792=IFCFACE((#3791));
#3793=IFCPOLYLOOP((#2366,#2401,#2369));
#3794=IFCFACEOUTERBOUND(#3793,.T.);
#3795=IFCFACE((#3794));
#3796=IFCPOLYLOOP((#2369,#2402,#2307));
#3797=IFCFACEOUTERBOUND(#3796,.T.);
#3798=IFCFACE((#3797));
#3799=IFCPOLYLOOP((#2308,#2402,#2305));
#3800=IFCFACEOUTERBOUND(#3799,.T.);
#3801=IFCFACE((#3800));
#3802=IFCPOLYLOOP((#2384,#2403,#2399));
#3803=IFCFACEOUTERBOUND(#3802,.T.);
#3804=IFCFACE((#3803));
#3805=IFCPOLYLOOP((#2403,#2382,#2383));
#3806=IFCFACEOUTERBOUND(#3805,.T.);
#3807=IFCFACE((#3806));
#3808=IFCPOLYLOOP((#2454,#2453,#2435));
#3809=IFCFACEOUTERBOUND(#3808,.T.);
#3810=IFCFACE((#3809));
#3811=IFCPOLYLOOP((#2532,#2423,#2498));
#3812=IFCFACEOUTERBOUND(#3811,.T.);
#3813=IFCFACE((#3812));
#3814=IFCPOLYLOOP((#2502,#2542,#2567));
#3815=IFCFACEOUTERBOUND(#3814,.T.);
#3816=IFCFACE((#3815));
#3817=IFCPOLYLOOP((#2572,#2441,#2518));
#3818=IFCFACEOUTERBOUND(#3817,.T.);
#3819=IFCFACE((#3818));
#3820=IFCPOLYLOOP((#2484,#2476,#2455));
#3821=IFCFACEOUTERBOUND(#3820,.T.);
#3822=IFCFACE((#3821));
#3823=IFCPOLYLOOP((#2456,#2420,#2451));
#3824=IFCFACEOUTERBOUND(#3823,.T.);
#3825=IFCFACE((#3824));
#3826=IFCPOLYLOOP((#2546,#2467,#2504,#2428));
#3827=IFCFACEOUTERBOUND(#3826,.T.);
#3828=IFCFACE((#3827));
#3829=IFCPOLYLOOP((#2487,#2488,#2485));
#3830=IFCFACEOUTERBOUND(#3829,.T.);
#3831=IFCFACE((#3830));
#3832=IFCPOLYLOOP((#2449,#2433,#2447,#2448));
#3833=IFCFACEOUTERBOUND(#3832,.T.);
#3834=IFCFACE((#3833));
#3835=IFCPOLYLOOP((#2444,#2579,#2580,#2575));
#3836=IFCFACEOUTERBOUND(#3835,.T.);
#3837=IFCFACE((#3836));
#3838=IFCPOLYLOOP((#2512,#2570,#2569));
#3839=IFCFACEOUTERBOUND(#3838,.T.);
#3840=IFCFACE((#3839));
#3841=IFCPOLYLOOP((#2486,#2488,#2487));
#3842=IFCFACEOUTERBOUND(#3841,.T.);
#3843=IFCFACE((#3842));
#3844=IFCPOLYLOOP((#2511,#2566,#2571));
#3845=IFCFACEOUTERBOUND(#3844,.T.);
#3846=IFCFACE((#3845));
#3847=IFCPOLYLOOP((#2501,#2540,#2543));
#3848=IFCFACEOUTERBOUND(#3847,.T.);
#3849=IFCFACE((#3848));
#3850=IFCPOLYLOOP((#2476,#2418,#2478));
#3851=IFCFACEOUTERBOUND(#3850,.T.);
#3852=IFCFACE((#3851));
#3853=IFCPOLYLOOP((#2471,#2558,#2508));
#3854=IFCFACEOUTERBOUND(#3853,.T.);
#3855=IFCFACE((#3854));
#3856=IFCPOLYLOOP((#2449,#2451,#2420));
#3857=IFCFACEOUTERBOUND(#3856,.T.);
#3858=IFCFACE((#3857));
#3859=IFCPOLYLOOP((#2405,#2406,#2452));
#3860=IFCFACEOUTERBOUND(#3859,.T.);
#3861=IFCFACE((#3860));
#3862=IFCPOLYLOOP((#2447,#2319,#2318));
#3863=IFCFACEOUTERBOUND(#3862,.T.);
#3864=IFCFACE((#3863));
#3865=IFCPOLYLOOP((#2495,#2524,#2527));
#3866=IFCFACEOUTERBOUND(#3865,.T.);
#3867=IFCFACE((#3866));
#3868=IFCPOLYLOOP((#2510,#2563,#2562));
#3869=IFCFACEOUTERBOUND(#3868,.T.);
#3870=IFCFACE((#3869));
#3871=IFCPOLYLOOP((#2496,#2526,#2531));
#3872=IFCFACEOUTERBOUND(#3871,.T.);
#3873=IFCFACE((#3872));
#3874=IFCPOLYLOOP((#2497,#2529,#2533));
#3875=IFCFACEOUTERBOUND(#3874,.T.);
#3876=IFCFACE((#3875));
#3877=IFCPOLYLOOP((#2521,#2575,#2580));
#3878=IFCFACEOUTERBOUND(#3877,.T.);
#3879=IFCFACE((#3878));
#3880=IFCPOLYLOOP((#2469,#2553,#2506));
#3881=IFCFACEOUTERBOUND(#3880,.T.);
#3882=IFCFACE((#3881));
#3883=IFCPOLYLOOP((#2551,#2469,#2506,#2427));
#3884=IFCFACEOUTERBOUND(#3883,.T.);
#3885=IFCFACE((#3884));
#3886=IFCPOLYLOOP((#2467,#2548,#2504));
#3887=IFCFACEOUTERBOUND(#3886,.T.);
#3888=IFCFACE((#3887));
#3889=IFCPOLYLOOP((#2318,#2445,#2448));
#3890=IFCFACEOUTERBOUND(#3889,.T.);
#3891=IFCFACE((#3890));
#3892=IFCPOLYLOOP((#2435,#2453,#2452));
#3893=IFCFACEOUTERBOUND(#3892,.T.);
#3894=IFCFACE((#3893));
#3895=IFCPOLYLOOP((#2429,#2485,#2454));
#3896=IFCFACEOUTERBOUND(#3895,.T.);
#3897=IFCFACE((#3896));
#3898=IFCPOLYLOOP((#2451,#2448,#2432));
#3899=IFCFACEOUTERBOUND(#3898,.T.);
#3900=IFCFACE((#3899));
#3901=IFCPOLYLOOP((#2454,#2485,#2430));
#3902=IFCFACEOUTERBOUND(#3901,.T.);
#3903=IFCFACE((#3902));
#3904=IFCPOLYLOOP((#2452,#2453,#2405));
#3905=IFCFACEOUTERBOUND(#3904,.T.);
#3906=IFCFACE((#3905));
#3907=IFCPOLYLOOP((#2438,#2482,#2481));
#3908=IFCFACEOUTERBOUND(#3907,.T.);
#3909=IFCFACE((#3908));
#3910=IFCPOLYLOOP((#2556,#2471,#2508,#2437));
#3911=IFCFACEOUTERBOUND(#3910,.T.);
#3912=IFCFACE((#3911));
#3913=IFCPOLYLOOP((#2479,#2480,#2481));
#3914=IFCFACEOUTERBOUND(#3913,.T.);
#3915=IFCFACE((#3914));
#3916=IFCPOLYLOOP((#2518,#2574,#2573));
#3917=IFCFACEOUTERBOUND(#3916,.T.);
#3918=IFCFACE((#3917));
#3919=IFCPOLYLOOP((#2509,#2560,#2564));
#3920=IFCFACEOUTERBOUND(#3919,.T.);
#3921=IFCFACE((#3920));
#3922=IFCPOLYLOOP((#2492,#2520,#2562));
#3923=IFCFACEOUTERBOUND(#3922,.T.);
#3924=IFCFACE((#3923));
#3925=IFCPOLYLOOP((#2463,#2538,#2500));
#3926=IFCFACEOUTERBOUND(#3925,.T.);
#3927=IFCFACE((#3926));
#3928=IFCPOLYLOOP((#2536,#2463,#2500,#2443));
#3929=IFCFACEOUTERBOUND(#3928,.T.);
#3930=IFCFACE((#3929));
#3931=IFCPOLYLOOP((#2576,#2528,#2410,#2575));
#3932=IFCFACEOUTERBOUND(#3931,.T.);
#3933=IFCFACE((#3932));
#3934=IFCPOLYLOOP((#2318,#2317,#2445));
#3935=IFCFACEOUTERBOUND(#3934,.T.);
#3936=IFCFACE((#3935));
#3937=IFCPOLYLOOP((#2446,#2404,#2405));
#3938=IFCFACEOUTERBOUND(#3937,.T.);
#3939=IFCFACE((#3938));
#3940=IFCPOLYLOOP((#2318,#2448,#2447));
#3941=IFCFACEOUTERBOUND(#3940,.T.);
#3942=IFCFACE((#3941));
#3943=IFCPOLYLOOP((#2448,#2445,#2432));
#3944=IFCFACEOUTERBOUND(#3943,.T.);
#3945=IFCFACE((#3944));
#3946=IFCPOLYLOOP((#2450,#2419,#2451,#2432));
#3947=IFCFACEOUTERBOUND(#3946,.T.);
#3948=IFCFACE((#3947));
#3949=IFCPOLYLOOP((#2449,#2448,#2451));
#3950=IFCFACEOUTERBOUND(#3949,.T.);
#3951=IFCFACE((#3950));
#3952=IFCPOLYLOOP((#2495,#2523,#2573));
#3953=IFCFACEOUTERBOUND(#3952,.T.);
#3954=IFCFACE((#3953));
#3955=IFCPOLYLOOP((#2446,#2405,#2453));
#3956=IFCFACEOUTERBOUND(#3955,.T.);
#3957=IFCFACE((#3956));
#3958=IFCPOLYLOOP((#2453,#2434,#2446));
#3959=IFCFACEOUTERBOUND(#3958,.T.);
#3960=IFCFACE((#3959));
#3961=IFCPOLYLOOP((#2434,#2453,#2454));
#3962=IFCFACEOUTERBOUND(#3961,.T.);
#3963=IFCFACE((#3962));
#3964=IFCPOLYLOOP((#2434,#2454,#2430));
#3965=IFCFACEOUTERBOUND(#3964,.T.);
#3966=IFCFACE((#3965));
#3967=IFCPOLYLOOP((#2494,#2429,#2454,#2435));
#3968=IFCFACEOUTERBOUND(#3967,.T.);
#3969=IFCFACE((#3968));
#3970=IFCPOLYLOOP((#2419,#2456,#2451));
#3971=IFCFACEOUTERBOUND(#3970,.T.);
#3972=IFCFACE((#3971));
#3973=IFCPOLYLOOP((#2477,#2420,#2456));
#3974=IFCFACEOUTERBOUND(#3973,.T.);
#3975=IFCFACE((#3974));
#3976=IFCPOLYLOOP((#2478,#2417,#2476));
#3977=IFCFACEOUTERBOUND(#3976,.T.);
#3978=IFCFACE((#3977));
#3979=IFCPOLYLOOP((#2457,#2418,#2476));
#3980=IFCFACEOUTERBOUND(#3979,.T.);
#3981=IFCFACE((#3980));
#3982=IFCPOLYLOOP((#2419,#2484,#2456));
#3983=IFCFACEOUTERBOUND(#3982,.T.);
#3984=IFCFACE((#3983));
#3985=IFCPOLYLOOP((#2525,#2458,#2496,#2423));
#3986=IFCFACEOUTERBOUND(#3985,.T.);
#3987=IFCFACE((#3986));
#3988=IFCPOLYLOOP((#2497,#2528,#2576));
#3989=IFCFACEOUTERBOUND(#3988,.T.);
#3990=IFCFACE((#3989));
#3991=IFCPOLYLOOP((#2530,#2460,#2498));
#3992=IFCFACEOUTERBOUND(#3991,.T.);
#3993=IFCFACE((#3992));
#3994=IFCPOLYLOOP((#2462,#2537,#2538,#2534));
#3995=IFCFACEOUTERBOUND(#3994,.T.);
#3996=IFCFACE((#3995));
#3997=IFCPOLYLOOP((#2499,#2534,#2538));
#3998=IFCFACEOUTERBOUND(#3997,.T.);
#3999=IFCFACE((#3998));
#4000=IFCPOLYLOOP((#2539,#2412,#2501,#2464));
#4001=IFCFACEOUTERBOUND(#4000,.T.);
#4002=IFCFACE((#4001));
#4003=IFCPOLYLOOP((#2541,#2464,#2502,#2416));
#4004=IFCFACEOUTERBOUND(#4003,.T.);
#4005=IFCFACE((#4004));
#4006=IFCPOLYLOOP((#2548,#2503,#2466));
#4007=IFCFACEOUTERBOUND(#4006,.T.);
#4008=IFCFACE((#4007));
#4009=IFCPOLYLOOP((#2544,#2466,#2503,#2408));
#4010=IFCFACEOUTERBOUND(#4009,.T.);
#4011=IFCFACE((#4010));
#4012=IFCPOLYLOOP((#2468,#2552,#2553,#2549));
#4013=IFCFACEOUTERBOUND(#4012,.T.);
#4014=IFCFACE((#4013));
#4015=IFCPOLYLOOP((#2505,#2549,#2553));
#4016=IFCFACEOUTERBOUND(#4015,.T.);
#4017=IFCFACE((#4016));
#4018=IFCPOLYLOOP((#2558,#2507,#2470));
#4019=IFCFACEOUTERBOUND(#4018,.T.);
#4020=IFCFACE((#4019));
#4021=IFCPOLYLOOP((#2554,#2470,#2507,#2411));
#4022=IFCFACEOUTERBOUND(#4021,.T.);
#4023=IFCFACE((#4022));
#4024=IFCPOLYLOOP((#2559,#2409,#2509,#2472));
#4025=IFCFACEOUTERBOUND(#4024,.T.);
#4026=IFCFACE((#4025));
#4027=IFCPOLYLOOP((#2561,#2472,#2510,#2440));
#4028=IFCFACEOUTERBOUND(#4027,.T.);
#4029=IFCFACE((#4028));
#4030=IFCPOLYLOOP((#2565,#2416,#2511,#2474));
#4031=IFCFACEOUTERBOUND(#4030,.T.);
#4032=IFCFACE((#4031));
#4033=IFCPOLYLOOP((#2568,#2474,#2512,#2413));
#4034=IFCFACEOUTERBOUND(#4033,.T.);
#4035=IFCFACE((#4034));
#4036=IFCPOLYLOOP((#2457,#2476,#2484));
#4037=IFCFACEOUTERBOUND(#4036,.T.);
#4038=IFCFACE((#4037));
#4039=IFCPOLYLOOP((#2513,#2455,#2476,#2417));
#4040=IFCFACEOUTERBOUND(#4039,.T.);
#4041=IFCFACE((#4040));
#4042=IFCPOLYLOOP((#2514,#2437,#2482,#2438));
#4043=IFCFACEOUTERBOUND(#4042,.T.);
#4044=IFCFACE((#4043));
#4045=IFCPOLYLOOP((#2455,#2477,#2484));
#4046=IFCFACEOUTERBOUND(#4045,.T.);
#4047=IFCFACE((#4046));
#4048=IFCPOLYLOOP((#2478,#2483,#2481));
#4049=IFCFACEOUTERBOUND(#4048,.T.);
#4050=IFCFACE((#4049));
#4051=IFCPOLYLOOP((#2481,#2480,#2478));
#4052=IFCFACEOUTERBOUND(#4051,.T.);
#4053=IFCFACE((#4052));
#4054=IFCPOLYLOOP((#2480,#2417,#2478));
#4055=IFCFACEOUTERBOUND(#4054,.T.);
#4056=IFCFACE((#4055));
#4057=IFCPOLYLOOP((#2482,#2479,#2481));
#4058=IFCFACEOUTERBOUND(#4057,.T.);
#4059=IFCFACE((#4058));
#4060=IFCPOLYLOOP((#2457,#2484,#2419));
#4061=IFCFACEOUTERBOUND(#4060,.T.);
#4062=IFCFACE((#4061));
#4063=IFCPOLYLOOP((#2515,#2479,#2482,#2436));
#4064=IFCFACEOUTERBOUND(#4063,.T.);
#4065=IFCFACE((#4064));
#4066=IFCPOLYLOOP((#2436,#2482,#2508));
#4067=IFCFACEOUTERBOUND(#4066,.T.);
#4068=IFCFACE((#4067));
#4069=IFCPOLYLOOP((#2438,#2481,#2483));
#4070=IFCFACEOUTERBOUND(#4069,.T.);
#4071=IFCFACE((#4070));
#4072=IFCPOLYLOOP((#2478,#2418,#2483));
#4073=IFCFACEOUTERBOUND(#4072,.T.);
#4074=IFCFACE((#4073));
#4075=IFCPOLYLOOP((#2456,#2484,#2477));
#4076=IFCFACEOUTERBOUND(#4075,.T.);
#4077=IFCFACE((#4076));
#4078=IFCPOLYLOOP((#2431,#2490,#2488));
#4079=IFCFACEOUTERBOUND(#4078,.T.);
#4080=IFCFACE((#4079));
#4081=IFCPOLYLOOP((#2488,#2489,#2431));
#4082=IFCFACEOUTERBOUND(#4081,.T.);
#4083=IFCFACE((#4082));
#4084=IFCPOLYLOOP((#2486,#2489,#2488));
#4085=IFCFACEOUTERBOUND(#4084,.T.);
#4086=IFCFACE((#4085));
#4087=IFCPOLYLOOP((#2485,#2488,#2490));
#4088=IFCFACEOUTERBOUND(#4087,.T.);
#4089=IFCFACE((#4088));
#4090=IFCPOLYLOOP((#2485,#2429,#2487));
#4091=IFCFACEOUTERBOUND(#4090,.T.);
#4092=IFCFACE((#4091));
#4093=IFCPOLYLOOP((#2516,#2431,#2489,#2414));
#4094=IFCFACEOUTERBOUND(#4093,.T.);
#4095=IFCFACE((#4094));
#4096=IFCPOLYLOOP((#2475,#2571,#2566));
#4097=IFCFACEOUTERBOUND(#4096,.T.);
#4098=IFCFACE((#4097));
#4099=IFCPOLYLOOP((#2489,#2517,#2569));
#4100=IFCFACEOUTERBOUND(#4099,.T.);
#4101=IFCFACE((#4100));
#4102=IFCPOLYLOOP((#2490,#2430,#2485));
#4103=IFCFACEOUTERBOUND(#4102,.T.);
#4104=IFCFACE((#4103));
#4105=IFCPOLYLOOP((#2473,#2564,#2560));
#4106=IFCFACEOUTERBOUND(#4105,.T.);
#4107=IFCFACE((#4106));
#4108=IFCPOLYLOOP((#2519,#2491,#2492,#2439));
#4109=IFCFACEOUTERBOUND(#4108,.T.);
#4110=IFCFACE((#4109));
#4111=IFCPOLYLOOP((#2441,#2492,#2518));
#4112=IFCFACEOUTERBOUND(#4111,.T.);
#4113=IFCFACE((#4112));
#4114=IFCPOLYLOOP((#2527,#2496,#2458));
#4115=IFCFACEOUTERBOUND(#4114,.T.);
#4116=IFCFACE((#4115));
#4117=IFCPOLYLOOP((#2578,#2493,#2522,#2442));
#4118=IFCFACEOUTERBOUND(#4117,.T.);
#4119=IFCFACE((#4118));
#4120=IFCPOLYLOOP((#2497,#2576,#2407));
#4121=IFCFACEOUTERBOUND(#4120,.T.);
#4122=IFCFACE((#4121));
#4123=IFCPOLYLOOP((#2461,#2532,#2533,#2529));
#4124=IFCFACEOUTERBOUND(#4123,.T.);
#4125=IFCFACE((#4124));
#4126=IFCPOLYLOOP((#2527,#2526,#2496));
#4127=IFCFACEOUTERBOUND(#4126,.T.);
#4128=IFCFACE((#4127));
#4129=IFCPOLYLOOP((#2533,#2498,#2460));
#4130=IFCFACEOUTERBOUND(#4129,.T.);
#4131=IFCFACE((#4130));
#4132=IFCPOLYLOOP((#2521,#2407,#2576));
#4133=IFCFACEOUTERBOUND(#4132,.T.);
#4134=IFCFACE((#4133));
#4135=IFCPOLYLOOP((#2498,#2531,#2530));
#4136=IFCFACEOUTERBOUND(#4135,.T.);
#4137=IFCFACE((#4136));
#4138=IFCPOLYLOOP((#2533,#2532,#2498));
#4139=IFCFACEOUTERBOUND(#4138,.T.);
#4140=IFCFACE((#4139));
#4141=IFCPOLYLOOP((#2426,#2499,#2505));
#4142=IFCFACEOUTERBOUND(#4141,.T.);
#4143=IFCFACE((#4142));
#4144=IFCPOLYLOOP((#2535,#2425,#2499,#2463));
#4145=IFCFACEOUTERBOUND(#4144,.T.);
#4146=IFCFACE((#4145));
#4147=IFCPOLYLOOP((#2443,#2500,#2522));
#4148=IFCFACEOUTERBOUND(#4147,.T.);
#4149=IFCFACE((#4148));
#4150=IFCPOLYLOOP((#2537,#2442,#2500));
#4151=IFCFACEOUTERBOUND(#4150,.T.);
#4152=IFCFACE((#4151));
#4153=IFCPOLYLOOP((#2543,#2502,#2464));
#4154=IFCFACEOUTERBOUND(#4153,.T.);
#4155=IFCFACE((#4154));
#4156=IFCPOLYLOOP((#2409,#2501,#2509));
#4157=IFCFACEOUTERBOUND(#4156,.T.);
#4158=IFCFACE((#4157));
#4159=IFCPOLYLOOP((#2567,#2511,#2416));
#4160=IFCFACEOUTERBOUND(#4159,.T.);
#4161=IFCFACE((#4160));
#4162=IFCPOLYLOOP((#2465,#2502,#2543));
#4163=IFCFACEOUTERBOUND(#4162,.T.);
#4164=IFCFACE((#4163));
#4165=IFCPOLYLOOP((#2408,#2503,#2507));
#4166=IFCFACEOUTERBOUND(#4165,.T.);
#4167=IFCFACE((#4166));
#4168=IFCPOLYLOOP((#2545,#2411,#2503));
#4169=IFCFACEOUTERBOUND(#4168,.T.);
#4170=IFCFACE((#4169));
#4171=IFCPOLYLOOP((#2428,#2504,#2506));
#4172=IFCFACEOUTERBOUND(#4171,.T.);
#4173=IFCFACE((#4172));
#4174=IFCPOLYLOOP((#2547,#2427,#2504));
#4175=IFCFACEOUTERBOUND(#4174,.T.);
#4176=IFCFACE((#4175));
#4177=IFCPOLYLOOP((#2425,#2505,#2499));
#4178=IFCFACEOUTERBOUND(#4177,.T.);
#4179=IFCFACE((#4178));
#4180=IFCPOLYLOOP((#2550,#2426,#2505));
#4181=IFCFACEOUTERBOUND(#4180,.T.);
#4182=IFCFACE((#4181));
#4183=IFCPOLYLOOP((#2427,#2506,#2504));
#4184=IFCFACEOUTERBOUND(#4183,.T.);
#4185=IFCFACE((#4184));
#4186=IFCPOLYLOOP((#2552,#2428,#2506));
#4187=IFCFACEOUTERBOUND(#4186,.T.);
#4188=IFCFACE((#4187));
#4189=IFCPOLYLOOP((#2411,#2507,#2503));
#4190=IFCFACEOUTERBOUND(#4189,.T.);
#4191=IFCFACE((#4190));
#4192=IFCPOLYLOOP((#2555,#2408,#2507));
#4193=IFCFACEOUTERBOUND(#4192,.T.);
#4194=IFCFACE((#4193));
#4195=IFCPOLYLOOP((#2437,#2508,#2482));
#4196=IFCFACEOUTERBOUND(#4195,.T.);
#4197=IFCFACE((#4196));
#4198=IFCPOLYLOOP((#2557,#2436,#2508));
#4199=IFCFACEOUTERBOUND(#4198,.T.);
#4200=IFCFACE((#4199));
#4201=IFCPOLYLOOP((#2564,#2510,#2472));
#4202=IFCFACEOUTERBOUND(#4201,.T.);
#4203=IFCFACE((#4202));
#4204=IFCPOLYLOOP((#2412,#2509,#2501));
#4205=IFCFACEOUTERBOUND(#4204,.T.);
#4206=IFCFACE((#4205));
#4207=IFCPOLYLOOP((#2562,#2440,#2510));
#4208=IFCFACEOUTERBOUND(#4207,.T.);
#4209=IFCFACE((#4208));
#4210=IFCPOLYLOOP((#2473,#2510,#2564));
#4211=IFCFACEOUTERBOUND(#4210,.T.);
#4212=IFCFACE((#4211));
#4213=IFCPOLYLOOP((#2571,#2512,#2474));
#4214=IFCFACEOUTERBOUND(#4213,.T.);
#4215=IFCFACE((#4214));
#4216=IFCPOLYLOOP((#2415,#2511,#2567));
#4217=IFCFACEOUTERBOUND(#4216,.T.);
#4218=IFCFACE((#4217));
#4219=IFCPOLYLOOP((#2569,#2413,#2512));
#4220=IFCFACEOUTERBOUND(#4219,.T.);
#4221=IFCFACE((#4220));
#4222=IFCPOLYLOOP((#2475,#2512,#2571));
#4223=IFCFACEOUTERBOUND(#4222,.T.);
#4224=IFCFACE((#4223));
#4225=IFCPOLYLOOP((#2518,#2573,#2572));
#4226=IFCFACEOUTERBOUND(#4225,.T.);
#4227=IFCFACE((#4226));
#4228=IFCPOLYLOOP((#2489,#2486,#2517));
#4229=IFCFACEOUTERBOUND(#4228,.T.);
#4230=IFCFACE((#4229));
#4231=IFCPOLYLOOP((#2491,#2518,#2492));
#4232=IFCFACEOUTERBOUND(#4231,.T.);
#4233=IFCFACE((#4232));
#4234=IFCPOLYLOOP((#2577,#2407,#2521,#2493));
#4235=IFCFACEOUTERBOUND(#4234,.T.);
#4236=IFCFACE((#4235));
#4237=IFCPOLYLOOP((#2492,#2441,#2520));
#4238=IFCFACEOUTERBOUND(#4237,.T.);
#4239=IFCFACE((#4238));
#4240=IFCPOLYLOOP((#2522,#2493,#2580));
#4241=IFCFACEOUTERBOUND(#4240,.T.);
#4242=IFCFACE((#4241));
#4243=IFCPOLYLOOP((#2442,#2522,#2500));
#4244=IFCFACEOUTERBOUND(#4243,.T.);
#4245=IFCFACE((#4244));
#4246=IFCPOLYLOOP((#2579,#2443,#2522));
#4247=IFCFACEOUTERBOUND(#4246,.T.);
#4248=IFCFACE((#4247));
#4249=IFCPOLYLOOP((#2459,#2526,#2527,#2524));
#4250=IFCFACEOUTERBOUND(#4249,.T.);
#4251=IFCFACE((#4250));
#4252=IFCPOLYLOOP((#2495,#2458,#2523));
#4253=IFCFACEOUTERBOUND(#4252,.T.);
#4254=IFCFACE((#4253));
#4255=IFCPOLYLOOP((#2495,#2421,#2524));
#4256=IFCFACEOUTERBOUND(#4255,.T.);
#4257=IFCFACE((#4256));
#4258=IFCPOLYLOOP((#2495,#2527,#2458));
#4259=IFCFACEOUTERBOUND(#4258,.T.);
#4260=IFCFACE((#4259));
#4261=IFCPOLYLOOP((#2424,#2530,#2531,#2526));
#4262=IFCFACEOUTERBOUND(#4261,.T.);
#4263=IFCFACE((#4262));
#4264=IFCPOLYLOOP((#2528,#2497,#2460));
#4265=IFCFACEOUTERBOUND(#4264,.T.);
#4266=IFCFACE((#4265));
#4267=IFCPOLYLOOP((#2497,#2407,#2529));
#4268=IFCFACEOUTERBOUND(#4267,.T.);
#4269=IFCFACE((#4268));
#4270=IFCPOLYLOOP((#2496,#2531,#2423));
#4271=IFCFACEOUTERBOUND(#4270,.T.);
#4272=IFCFACE((#4271));
#4273=IFCPOLYLOOP((#2531,#2498,#2423));
#4274=IFCFACEOUTERBOUND(#4273,.T.);
#4275=IFCFACE((#4274));
#4276=IFCPOLYLOOP((#2497,#2533,#2460));
#4277=IFCFACEOUTERBOUND(#4276,.T.);
#4278=IFCFACE((#4277));
#4279=IFCPOLYLOOP((#2499,#2538,#2463));
#4280=IFCFACEOUTERBOUND(#4279,.T.);
#4281=IFCFACE((#4280));
#4282=IFCPOLYLOOP((#2499,#2426,#2534));
#4283=IFCFACEOUTERBOUND(#4282,.T.);
#4284=IFCFACE((#4283));
#4285=IFCPOLYLOOP((#2500,#2538,#2537));
#4286=IFCFACEOUTERBOUND(#4285,.T.);
#4287=IFCFACE((#4286));
#4288=IFCPOLYLOOP((#2465,#2543,#2540));
#4289=IFCFACEOUTERBOUND(#4288,.T.);
#4290=IFCFACE((#4289));
#4291=IFCPOLYLOOP((#2501,#2409,#2540));
#4292=IFCFACEOUTERBOUND(#4291,.T.);
#4293=IFCFACE((#4292));
#4294=IFCPOLYLOOP((#2502,#2465,#2542));
#4295=IFCFACEOUTERBOUND(#4294,.T.);
#4296=IFCFACE((#4295));
#4297=IFCPOLYLOOP((#2501,#2543,#2464));
#4298=IFCFACEOUTERBOUND(#4297,.T.);
#4299=IFCFACE((#4298));
#4300=IFCPOLYLOOP((#2545,#2503,#2548));
#4301=IFCFACEOUTERBOUND(#4300,.T.);
#4302=IFCFACE((#4301));
#4303=IFCPOLYLOOP((#2467,#2545,#2548));
#4304=IFCFACEOUTERBOUND(#4303,.T.);
#4305=IFCFACE((#4304));
#4306=IFCPOLYLOOP((#2466,#2547,#2548));
#4307=IFCFACEOUTERBOUND(#4306,.T.);
#4308=IFCFACE((#4307));
#4309=IFCPOLYLOOP((#2504,#2548,#2547));
#4310=IFCFACEOUTERBOUND(#4309,.T.);
#4311=IFCFACE((#4310));
#4312=IFCPOLYLOOP((#2550,#2505,#2553));
#4313=IFCFACEOUTERBOUND(#4312,.T.);
#4314=IFCFACE((#4313));
#4315=IFCPOLYLOOP((#2505,#2425,#2549));
#4316=IFCFACEOUTERBOUND(#4315,.T.);
#4317=IFCFACE((#4316));
#4318=IFCPOLYLOOP((#2469,#2550,#2553));
#4319=IFCFACEOUTERBOUND(#4318,.T.);
#4320=IFCFACE((#4319));
#4321=IFCPOLYLOOP((#2506,#2553,#2552));
#4322=IFCFACEOUTERBOUND(#4321,.T.);
#4323=IFCFACE((#4322));
#4324=IFCPOLYLOOP((#2555,#2507,#2558));
#4325=IFCFACEOUTERBOUND(#4324,.T.);
#4326=IFCFACE((#4325));
#4327=IFCPOLYLOOP((#2471,#2555,#2558));
#4328=IFCFACEOUTERBOUND(#4327,.T.);
#4329=IFCFACE((#4328));
#4330=IFCPOLYLOOP((#2470,#2557,#2558));
#4331=IFCFACEOUTERBOUND(#4330,.T.);
#4332=IFCFACE((#4331));
#4333=IFCPOLYLOOP((#2508,#2558,#2557));
#4334=IFCFACEOUTERBOUND(#4333,.T.);
#4335=IFCFACE((#4334));
#4336=IFCPOLYLOOP((#2440,#2562,#2520));
#4337=IFCFACEOUTERBOUND(#4336,.T.);
#4338=IFCFACE((#4337));
#4339=IFCPOLYLOOP((#2509,#2412,#2560));
#4340=IFCFACEOUTERBOUND(#4339,.T.);
#4341=IFCFACE((#4340));
#4342=IFCPOLYLOOP((#2492,#2562,#2439));
#4343=IFCFACEOUTERBOUND(#4342,.T.);
#4344=IFCFACE((#4343));
#4345=IFCPOLYLOOP((#2439,#2562,#2563));
#4346=IFCFACEOUTERBOUND(#4345,.T.);
#4347=IFCFACE((#4346));
#4348=IFCPOLYLOOP((#2510,#2473,#2563));
#4349=IFCFACEOUTERBOUND(#4348,.T.);
#4350=IFCFACE((#4349));
#4351=IFCPOLYLOOP((#2509,#2564,#2472));
#4352=IFCFACEOUTERBOUND(#4351,.T.);
#4353=IFCFACE((#4352));
#4354=IFCPOLYLOOP((#2415,#2567,#2542));
#4355=IFCFACEOUTERBOUND(#4354,.T.);
#4356=IFCFACE((#4355));
#4357=IFCPOLYLOOP((#2511,#2415,#2566));
#4358=IFCFACEOUTERBOUND(#4357,.T.);
#4359=IFCFACE((#4358));
#4360=IFCPOLYLOOP((#2502,#2567,#2416));
#4361=IFCFACEOUTERBOUND(#4360,.T.);
#4362=IFCFACE((#4361));
#4363=IFCPOLYLOOP((#2413,#2569,#2517));
#4364=IFCFACEOUTERBOUND(#4363,.T.);
#4365=IFCFACE((#4364));
#4366=IFCPOLYLOOP((#2489,#2569,#2414));
#4367=IFCFACEOUTERBOUND(#4366,.T.);
#4368=IFCFACE((#4367));
#4369=IFCPOLYLOOP((#2414,#2569,#2570));
#4370=IFCFACEOUTERBOUND(#4369,.T.);
#4371=IFCFACE((#4370));
#4372=IFCPOLYLOOP((#2512,#2475,#2570));
#4373=IFCFACEOUTERBOUND(#4372,.T.);
#4374=IFCFACE((#4373));
#4375=IFCPOLYLOOP((#2511,#2571,#2474));
#4376=IFCFACEOUTERBOUND(#4375,.T.);
#4377=IFCFACE((#4376));
#4378=IFCPOLYLOOP((#2422,#2572,#2573,#2523));
#4379=IFCFACEOUTERBOUND(#4378,.T.);
#4380=IFCFACE((#4379));
#4381=IFCPOLYLOOP((#2495,#2573,#2421));
#4382=IFCFACEOUTERBOUND(#4381,.T.);
#4383=IFCFACE((#4382));
#4384=IFCPOLYLOOP((#2421,#2573,#2574));
#4385=IFCFACEOUTERBOUND(#4384,.T.);
#4386=IFCFACE((#4385));
#4387=IFCPOLYLOOP((#2518,#2491,#2574));
#4388=IFCFACEOUTERBOUND(#4387,.T.);
#4389=IFCFACE((#4388));
#4390=IFCPOLYLOOP((#2521,#2576,#2575));
#4391=IFCFACEOUTERBOUND(#4390,.T.);
#4392=IFCFACE((#4391));
#4393=IFCPOLYLOOP((#2521,#2580,#2493));
#4394=IFCFACEOUTERBOUND(#4393,.T.);
#4395=IFCFACE((#4394));
#4396=IFCPOLYLOOP((#2522,#2580,#2579));
#4397=IFCFACEOUTERBOUND(#4396,.T.);
#4398=IFCFACE((#4397));
#4399=IFCPOLYLOOP((#2350,#2581,#2404,#2446,#2434,#2430,#2490,#2431,#2516,#2414,#2570,#2475,#2566,#2415,#2542,#2465,#2540,#2409,#2559,#2472,#2561,#2440,#2520,#2441,#2572,#2422,#2523,#2458,#2525,#2423,#2532,#2461,#2529,#2407,#2577,#2493,#2578,#2442,#2537,#2462,#2534,#2426,#2550,#2469,#2551,#2427,#2547,#2466,#2544,#2408,#2555,#2471,#2556,#2437,#2514,#2438,#2483,#2418,#2457,#2419,#2450,#2432,#2445,#2317));
#4400=IFCFACEOUTERBOUND(#4399,.T.);
#4401=IFCFACE((#4400));
#4402=IFCPOLYLOOP((#2350,#2352,#2581));
#4403=IFCFACEOUTERBOUND(#4402,.T.);
#4404=IFCFACE((#4403));
#4405=IFCPOLYLOOP((#2352,#2350,#2304));
#4406=IFCFACEOUTERBOUND(#4405,.T.);
#4407=IFCFACE((#4406));
#4408=IFCPOLYLOOP((#2064,#2304,#2350));
#4409=IFCFACEOUTERBOUND(#4408,.T.);
#4410=IFCFACE((#4409));
#4411=IFCPOLYLOOP((#2350,#2302,#2064));
#4412=IFCFACEOUTERBOUND(#4411,.T.);
#4413=IFCFACE((#4412));
#4414=IFCPOLYLOOP((#2065,#2064,#2302));
#4415=IFCFACEOUTERBOUND(#4414,.T.);
#4416=IFCFACE((#4415));
#4417=IFCPOLYLOOP((#2302,#2301,#2065));
#4418=IFCFACEOUTERBOUND(#4417,.T.);
#4419=IFCFACE((#4418));
#4420=IFCPOLYLOOP((#2581,#2065,#2301));
#4421=IFCFACEOUTERBOUND(#4420,.T.);
#4422=IFCFACE((#4421));
#4423=IFCPOLYLOOP((#2065,#2581,#2352));
#4424=IFCFACEOUTERBOUND(#4423,.T.);
#4425=IFCFACE((#4424));
#4426=IFCPOLYLOOP((#2062,#2065,#2352,#2351));
#4427=IFCFACEOUTERBOUND(#4426,.T.);
#4428=IFCFACE((#4427));
#4429=IFCPOLYLOOP((#2303,#2354,#2351));
#4430=IFCFACEOUTERBOUND(#4429,.T.);
#4431=IFCFACE((#4430));
#4432=IFCPOLYLOOP((#2354,#2303,#2306));
#4433=IFCFACEOUTERBOUND(#4432,.T.);
#4434=IFCFACE((#4433));
#4435=IFCPOLYLOOP((#2068,#2306,#2303));
#4436=IFCFACEOUTERBOUND(#4435,.T.);
#4437=IFCFACE((#4436));
#4438=IFCPOLYLOOP((#2303,#2063,#2068));
#4439=IFCFACEOUTERBOUND(#4438,.T.);
#4440=IFCFACE((#4439));
#4441=IFCPOLYLOOP((#2069,#2068,#2063));
#4442=IFCFACEOUTERBOUND(#4441,.T.);
#4443=IFCFACE((#4442));
#4444=IFCPOLYLOOP((#2063,#2062,#2069));
#4445=IFCFACEOUTERBOUND(#4444,.T.);
#4446=IFCFACE((#4445));
#4447=IFCPOLYLOOP((#2351,#2069,#2062));
#4448=IFCFACEOUTERBOUND(#4447,.T.);
#4449=IFCFACE((#4448));
#4450=IFCPOLYLOOP((#2069,#2351,#2354));
#4451=IFCFACEOUTERBOUND(#4450,.T.);
#4452=IFCFACE((#4451));
#4453=IFCPOLYLOOP((#2354,#2353,#2584,#2582,#2066,#2069));
#4454=IFCFACEOUTERBOUND(#4453,.T.);
#4455=IFCFACE((#4454));
#4456=IFCPOLYLOOP((#2583,#2587,#2585,#2586));
#4457=IFCFACEOUTERBOUND(#4456,.T.);
#4458=IFCFACE((#4457));
#4459=IFCPOLYLOOP((#2588,#2356,#2586));
#4460=IFCFACEOUTERBOUND(#4459,.T.);
#4461=IFCFACE((#4460));
#4462=IFCPOLYLOOP((#2589,#2073,#2066));
#4463=IFCFACEOUTERBOUND(#4462,.T.);
#4464=IFCFACE((#4463));
#4465=IFCPOLYLOOP((#2589,#2582,#2585));
#4466=IFCFACEOUTERBOUND(#4465,.T.);
#4467=IFCFACE((#4466));
#4468=IFCPOLYLOOP((#2588,#2584,#2353));
#4469=IFCFACEOUTERBOUND(#4468,.T.);
#4470=IFCFACE((#4469));
#4471=IFCPOLYLOOP((#2582,#2584,#2585));
#4472=IFCFACEOUTERBOUND(#4471,.T.);
#4473=IFCFACE((#4472));
#4474=IFCPOLYLOOP((#2589,#2585,#2587));
#4475=IFCFACEOUTERBOUND(#4474,.T.);
#4476=IFCFACE((#4475));
#4477=IFCPOLYLOOP((#2585,#2588,#2586));
#4478=IFCFACEOUTERBOUND(#4477,.T.);
#4479=IFCFACE((#4478));
#4480=IFCPOLYLOOP((#2585,#2584,#2588));
#4481=IFCFACEOUTERBOUND(#4480,.T.);
#4482=IFCFACE((#4481));
#4483=IFCPOLYLOOP((#2356,#2355,#2586));
#4484=IFCFACEOUTERBOUND(#4483,.T.);
#4485=IFCFACE((#4484));
#4486=IFCPOLYLOOP((#2587,#2070,#2073));
#4487=IFCFACEOUTERBOUND(#4486,.T.);
#4488=IFCFACE((#4487));
#4489=IFCPOLYLOOP((#2356,#2588,#2353));
#4490=IFCFACEOUTERBOUND(#4489,.T.);
#4491=IFCFACE((#4490));
#4492=IFCPOLYLOOP((#2582,#2589,#2066));
#4493=IFCFACEOUTERBOUND(#4492,.T.);
#4494=IFCFACE((#4493));
#4495=IFCPOLYLOOP((#2073,#2589,#2587));
#4496=IFCFACEOUTERBOUND(#4495,.T.);
#4497=IFCFACE((#4496));
#4498=IFCPOLYLOOP((#2307,#2319,#2447));
#4499=IFCFACEOUTERBOUND(#4498,.T.);
#4500=IFCFACE((#4499));
#4501=IFCPOLYLOOP((#2319,#2307,#2314));
#4502=IFCFACEOUTERBOUND(#4501,.T.);
#4503=IFCFACE((#4502));
#4504=IFCPOLYLOOP((#2406,#2070,#2587));
#4505=IFCFACEOUTERBOUND(#4504,.T.);
#4506=IFCFACE((#4505));
#4507=IFCPOLYLOOP((#2406,#2355,#2376));
#4508=IFCFACEOUTERBOUND(#4507,.T.);
#4509=IFCFACE((#4508));
#4510=IFCPOLYLOOP((#2071,#2125,#2167));
#4511=IFCFACEOUTERBOUND(#4510,.T.);
#4512=IFCFACE((#4511));
#4513=IFCPOLYLOOP((#2071,#2124,#2335));
#4514=IFCFACEOUTERBOUND(#4513,.T.);
#4515=IFCFACE((#4514));
#4516=IFCPOLYLOOP((#2070,#2406,#2605));
#4517=IFCFACEOUTERBOUND(#4516,.T.);
#4518=IFCFACE((#4517));
#4519=IFCPOLYLOOP((#2125,#2071,#2093));
#4520=IFCFACEOUTERBOUND(#4519,.T.);
#4521=IFCFACE((#4520));
#4522=IFCPOLYLOOP((#2307,#2447,#2433));
#4523=IFCFACEOUTERBOUND(#4522,.T.);
#4524=IFCFACE((#4523));
#4525=IFCPOLYLOOP((#2307,#2433,#2449));
#4526=IFCFACEOUTERBOUND(#4525,.T.);
#4527=IFCFACE((#4526));
#4528=IFCPOLYLOOP((#2307,#2449,#2420));
#4529=IFCFACEOUTERBOUND(#4528,.T.);
#4530=IFCFACE((#4529));
#4531=IFCPOLYLOOP((#2307,#2420,#2477));
#4532=IFCFACEOUTERBOUND(#4531,.T.);
#4533=IFCFACE((#4532));
#4534=IFCPOLYLOOP((#2307,#2477,#2455));
#4535=IFCFACEOUTERBOUND(#4534,.T.);
#4536=IFCFACE((#4535));
#4537=IFCPOLYLOOP((#2307,#2455,#2513));
#4538=IFCFACEOUTERBOUND(#4537,.T.);
#4539=IFCFACE((#4538));
#4540=IFCPOLYLOOP((#2307,#2513,#2417));
#4541=IFCFACEOUTERBOUND(#4540,.T.);
#4542=IFCFACE((#4541));
#4543=IFCPOLYLOOP((#2307,#2417,#2480));
#4544=IFCFACEOUTERBOUND(#4543,.T.);
#4545=IFCFACE((#4544));
#4546=IFCPOLYLOOP((#2307,#2480,#2479));
#4547=IFCFACEOUTERBOUND(#4546,.T.);
#4548=IFCFACE((#4547));
#4549=IFCPOLYLOOP((#2307,#2479,#2515));
#4550=IFCFACEOUTERBOUND(#4549,.T.);
#4551=IFCFACE((#4550));
#4552=IFCPOLYLOOP((#2307,#2515,#2436));
#4553=IFCFACEOUTERBOUND(#4552,.T.);
#4554=IFCFACE((#4553));
#4555=IFCPOLYLOOP((#2307,#2436,#2557));
#4556=IFCFACEOUTERBOUND(#4555,.T.);
#4557=IFCFACE((#4556));
#4558=IFCPOLYLOOP((#2307,#2557,#2470));
#4559=IFCFACEOUTERBOUND(#4558,.T.);
#4560=IFCFACE((#4559));
#4561=IFCPOLYLOOP((#2307,#2470,#2554));
#4562=IFCFACEOUTERBOUND(#4561,.T.);
#4563=IFCFACE((#4562));
#4564=IFCPOLYLOOP((#2307,#2554,#2411));
#4565=IFCFACEOUTERBOUND(#4564,.T.);
#4566=IFCFACE((#4565));
#4567=IFCPOLYLOOP((#2307,#2411,#2545));
#4568=IFCFACEOUTERBOUND(#4567,.T.);
#4569=IFCFACE((#4568));
#4570=IFCPOLYLOOP((#2307,#2545,#2467));
#4571=IFCFACEOUTERBOUND(#4570,.T.);
#4572=IFCFACE((#4571));
#4573=IFCPOLYLOOP((#2307,#2467,#2546));
#4574=IFCFACEOUTERBOUND(#4573,.T.);
#4575=IFCFACE((#4574));
#4576=IFCPOLYLOOP((#2307,#2546,#2428));
#4577=IFCFACEOUTERBOUND(#4576,.T.);
#4578=IFCFACE((#4577));
#4579=IFCPOLYLOOP((#2307,#2428,#2552));
#4580=IFCFACEOUTERBOUND(#4579,.T.);
#4581=IFCFACE((#4580));
#4582=IFCPOLYLOOP((#2307,#2552,#2468));
#4583=IFCFACEOUTERBOUND(#4582,.T.);
#4584=IFCFACE((#4583));
#4585=IFCPOLYLOOP((#2307,#2468,#2549));
#4586=IFCFACEOUTERBOUND(#4585,.T.);
#4587=IFCFACE((#4586));
#4588=IFCPOLYLOOP((#2307,#2549,#2425));
#4589=IFCFACEOUTERBOUND(#4588,.T.);
#4590=IFCFACE((#4589));
#4591=IFCPOLYLOOP((#2307,#2425,#2535));
#4592=IFCFACEOUTERBOUND(#4591,.T.);
#4593=IFCFACE((#4592));
#4594=IFCPOLYLOOP((#2307,#2535,#2463));
#4595=IFCFACEOUTERBOUND(#4594,.T.);
#4596=IFCFACE((#4595));
#4597=IFCPOLYLOOP((#2307,#2463,#2536));
#4598=IFCFACEOUTERBOUND(#4597,.T.);
#4599=IFCFACE((#4598));
#4600=IFCPOLYLOOP((#2307,#2536,#2443));
#4601=IFCFACEOUTERBOUND(#4600,.T.);
#4602=IFCFACE((#4601));
#4603=IFCPOLYLOOP((#2307,#2443,#2579));
#4604=IFCFACEOUTERBOUND(#4603,.T.);
#4605=IFCFACE((#4604));
#4606=IFCPOLYLOOP((#2307,#2579,#2444));
#4607=IFCFACEOUTERBOUND(#4606,.T.);
#4608=IFCFACE((#4607));
#4609=IFCPOLYLOOP((#2307,#2444,#2575));
#4610=IFCFACEOUTERBOUND(#4609,.T.);
#4611=IFCFACE((#4610));
#4612=IFCPOLYLOOP((#2307,#2575,#2410));
#4613=IFCFACEOUTERBOUND(#4612,.T.);
#4614=IFCFACE((#4613));
#4615=IFCPOLYLOOP((#2307,#2410,#2528));
#4616=IFCFACEOUTERBOUND(#4615,.T.);
#4617=IFCFACE((#4616));
#4618=IFCPOLYLOOP((#2307,#2528,#2460));
#4619=IFCFACEOUTERBOUND(#4618,.T.);
#4620=IFCFACE((#4619));
#4621=IFCPOLYLOOP((#2307,#2460,#2530));
#4622=IFCFACEOUTERBOUND(#4621,.T.);
#4623=IFCFACE((#4622));
#4624=IFCPOLYLOOP((#2307,#2530,#2424));
#4625=IFCFACEOUTERBOUND(#4624,.T.);
#4626=IFCFACE((#4625));
#4627=IFCPOLYLOOP((#2307,#2424,#2526));
#4628=IFCFACEOUTERBOUND(#4627,.T.);
#4629=IFCFACE((#4628));
#4630=IFCPOLYLOOP((#2307,#2526,#2459));
#4631=IFCFACEOUTERBOUND(#4630,.T.);
#4632=IFCFACE((#4631));
#4633=IFCPOLYLOOP((#2307,#2459,#2524));
#4634=IFCFACEOUTERBOUND(#4633,.T.);
#4635=IFCFACE((#4634));
#4636=IFCPOLYLOOP((#2307,#2524,#2421));
#4637=IFCFACEOUTERBOUND(#4636,.T.);
#4638=IFCFACE((#4637));
#4639=IFCPOLYLOOP((#2307,#2421,#2574));
#4640=IFCFACEOUTERBOUND(#4639,.T.);
#4641=IFCFACE((#4640));
#4642=IFCPOLYLOOP((#2307,#2574,#2491));
#4643=IFCFACEOUTERBOUND(#4642,.T.);
#4644=IFCFACE((#4643));
#4645=IFCPOLYLOOP((#2307,#2491,#2519));
#4646=IFCFACEOUTERBOUND(#4645,.T.);
#4647=IFCFACE((#4646));
#4648=IFCPOLYLOOP((#2307,#2519,#2439));
#4649=IFCFACEOUTERBOUND(#4648,.T.);
#4650=IFCFACE((#4649));
#4651=IFCPOLYLOOP((#2307,#2439,#2563));
#4652=IFCFACEOUTERBOUND(#4651,.T.);
#4653=IFCFACE((#4652));
#4654=IFCPOLYLOOP((#2307,#2563,#2473));
#4655=IFCFACEOUTERBOUND(#4654,.T.);
#4656=IFCFACE((#4655));
#4657=IFCPOLYLOOP((#2307,#2473,#2560));
#4658=IFCFACEOUTERBOUND(#4657,.T.);
#4659=IFCFACE((#4658));
#4660=IFCPOLYLOOP((#2307,#2560,#2412));
#4661=IFCFACEOUTERBOUND(#4660,.T.);
#4662=IFCFACE((#4661));
#4663=IFCPOLYLOOP((#2307,#2412,#2539));
#4664=IFCFACEOUTERBOUND(#4663,.T.);
#4665=IFCFACE((#4664));
#4666=IFCPOLYLOOP((#2307,#2539,#2464));
#4667=IFCFACEOUTERBOUND(#4666,.T.);
#4668=IFCFACE((#4667));
#4669=IFCPOLYLOOP((#2307,#2464,#2541));
#4670=IFCFACEOUTERBOUND(#4669,.T.);
#4671=IFCFACE((#4670));
#4672=IFCPOLYLOOP((#2307,#2541,#2416));
#4673=IFCFACEOUTERBOUND(#4672,.T.);
#4674=IFCFACE((#4673));
#4675=IFCPOLYLOOP((#2307,#2416,#2565));
#4676=IFCFACEOUTERBOUND(#4675,.T.);
#4677=IFCFACE((#4676));
#4678=IFCPOLYLOOP((#2307,#2565,#2474));
#4679=IFCFACEOUTERBOUND(#4678,.T.);
#4680=IFCFACE((#4679));
#4681=IFCPOLYLOOP((#2307,#2474,#2568));
#4682=IFCFACEOUTERBOUND(#4681,.T.);
#4683=IFCFACE((#4682));
#4684=IFCPOLYLOOP((#2307,#2568,#2413));
#4685=IFCFACEOUTERBOUND(#4684,.T.);
#4686=IFCFACE((#4685));
#4687=IFCPOLYLOOP((#2307,#2413,#2517));
#4688=IFCFACEOUTERBOUND(#4687,.T.);
#4689=IFCFACE((#4688));
#4690=IFCPOLYLOOP((#2307,#2517,#2486));
#4691=IFCFACEOUTERBOUND(#4690,.T.);
#4692=IFCFACE((#4691));
#4693=IFCPOLYLOOP((#2307,#2486,#2487));
#4694=IFCFACEOUTERBOUND(#4693,.T.);
#4695=IFCFACE((#4694));
#4696=IFCPOLYLOOP((#2307,#2487,#2429));
#4697=IFCFACEOUTERBOUND(#4696,.T.);
#4698=IFCFACE((#4697));
#4699=IFCPOLYLOOP((#2307,#2429,#2494));
#4700=IFCFACEOUTERBOUND(#4699,.T.);
#4701=IFCFACE((#4700));
#4702=IFCPOLYLOOP((#2307,#2494,#2435));
#4703=IFCFACEOUTERBOUND(#4702,.T.);
#4704=IFCFACE((#4703));
#4705=IFCPOLYLOOP((#2307,#2435,#2452));
#4706=IFCFACEOUTERBOUND(#4705,.T.);
#4707=IFCFACE((#4706));
#4708=IFCPOLYLOOP((#2307,#2452,#2406));
#4709=IFCFACEOUTERBOUND(#4708,.T.);
#4710=IFCFACE((#4709));
#4711=IFCPOLYLOOP((#2319,#2314,#2310));
#4712=IFCFACEOUTERBOUND(#4711,.T.);
#4713=IFCFACE((#4712));
#4714=IFCPOLYLOOP((#2319,#2310,#2313));
#4715=IFCFACEOUTERBOUND(#4714,.T.);
#4716=IFCFACE((#4715));
#4717=IFCPOLYLOOP((#2319,#2313,#2071));
#4718=IFCFACEOUTERBOUND(#4717,.T.);
#4719=IFCFACE((#4718));
#4720=IFCPOLYLOOP((#2406,#2587,#2583));
#4721=IFCFACEOUTERBOUND(#4720,.T.);
#4722=IFCFACE((#4721));
#4723=IFCPOLYLOOP((#2406,#2583,#2586));
#4724=IFCFACEOUTERBOUND(#4723,.T.);
#4725=IFCFACE((#4724));
#4726=IFCPOLYLOOP((#2406,#2586,#2355));
#4727=IFCFACEOUTERBOUND(#4726,.T.);
#4728=IFCFACE((#4727));
#4729=IFCPOLYLOOP((#2406,#2376,#2363));
#4730=IFCFACEOUTERBOUND(#4729,.T.);
#4731=IFCFACE((#4730));
#4732=IFCPOLYLOOP((#2406,#2363,#2386));
#4733=IFCFACEOUTERBOUND(#4732,.T.);
#4734=IFCFACE((#4733));
#4735=IFCPOLYLOOP((#2406,#2386,#2359));
#4736=IFCFACEOUTERBOUND(#4735,.T.);
#4737=IFCFACE((#4736));
#4738=IFCPOLYLOOP((#2406,#2359,#2379));
#4739=IFCFACEOUTERBOUND(#4738,.T.);
#4740=IFCFACE((#4739));
#4741=IFCPOLYLOOP((#2406,#2379,#2373));
#4742=IFCFACEOUTERBOUND(#4741,.T.);
#4743=IFCFACE((#4742));
#4744=IFCPOLYLOOP((#2406,#2373,#2384));
#4745=IFCFACEOUTERBOUND(#4744,.T.);
#4746=IFCFACE((#4745));
#4747=IFCPOLYLOOP((#2406,#2384,#2357));
#4748=IFCFACEOUTERBOUND(#4747,.T.);
#4749=IFCFACE((#4748));
#4750=IFCPOLYLOOP((#2406,#2357,#2396));
#4751=IFCFACEOUTERBOUND(#4750,.T.);
#4752=IFCFACE((#4751));
#4753=IFCPOLYLOOP((#2406,#2396,#2371));
#4754=IFCFACEOUTERBOUND(#4753,.T.);
#4755=IFCFACE((#4754));
#4756=IFCPOLYLOOP((#2406,#2371,#2372));
#4757=IFCFACEOUTERBOUND(#4756,.T.);
#4758=IFCFACE((#4757));
#4759=IFCPOLYLOOP((#2406,#2372,#2358));
#4760=IFCFACEOUTERBOUND(#4759,.T.);
#4761=IFCFACE((#4760));
#4762=IFCPOLYLOOP((#2406,#2358,#2378));
#4763=IFCFACEOUTERBOUND(#4762,.T.);
#4764=IFCFACE((#4763));
#4765=IFCPOLYLOOP((#2406,#2378,#2366));
#4766=IFCFACEOUTERBOUND(#4765,.T.);
#4767=IFCFACE((#4766));
#4768=IFCPOLYLOOP((#2406,#2366,#2369));
#4769=IFCFACEOUTERBOUND(#4768,.T.);
#4770=IFCFACE((#4769));
#4771=IFCPOLYLOOP((#2406,#2369,#2307));
#4772=IFCFACEOUTERBOUND(#4771,.T.);
#4773=IFCFACE((#4772));
#4774=IFCPOLYLOOP((#2071,#2167,#2153));
#4775=IFCFACEOUTERBOUND(#4774,.T.);
#4776=IFCFACE((#4775));
#4777=IFCPOLYLOOP((#2071,#2153,#2169));
#4778=IFCFACEOUTERBOUND(#4777,.T.);
#4779=IFCFACE((#4778));
#4780=IFCPOLYLOOP((#2071,#2169,#2140));
#4781=IFCFACEOUTERBOUND(#4780,.T.);
#4782=IFCFACE((#4781));
#4783=IFCPOLYLOOP((#2071,#2140,#2197));
#4784=IFCFACEOUTERBOUND(#4783,.T.);
#4785=IFCFACE((#4784));
#4786=IFCPOLYLOOP((#2071,#2197,#2175));
#4787=IFCFACEOUTERBOUND(#4786,.T.);
#4788=IFCFACE((#4787));
#4789=IFCPOLYLOOP((#2071,#2175,#2233));
#4790=IFCFACEOUTERBOUND(#4789,.T.);
#4791=IFCFACE((#4790));
#4792=IFCPOLYLOOP((#2071,#2233,#2137));
#4793=IFCFACEOUTERBOUND(#4792,.T.);
#4794=IFCFACE((#4793));
#4795=IFCPOLYLOOP((#2071,#2137,#2200));
#4796=IFCFACEOUTERBOUND(#4795,.T.);
#4797=IFCFACE((#4796));
#4798=IFCPOLYLOOP((#2071,#2200,#2199));
#4799=IFCFACEOUTERBOUND(#4798,.T.);
#4800=IFCFACE((#4799));
#4801=IFCPOLYLOOP((#2071,#2199,#2235));
#4802=IFCFACEOUTERBOUND(#4801,.T.);
#4803=IFCFACE((#4802));
#4804=IFCPOLYLOOP((#2071,#2235,#2156));
#4805=IFCFACEOUTERBOUND(#4804,.T.);
#4806=IFCFACE((#4805));
#4807=IFCPOLYLOOP((#2071,#2156,#2277));
#4808=IFCFACEOUTERBOUND(#4807,.T.);
#4809=IFCFACE((#4808));
#4810=IFCPOLYLOOP((#2071,#2277,#2190));
#4811=IFCFACEOUTERBOUND(#4810,.T.);
#4812=IFCFACE((#4811));
#4813=IFCPOLYLOOP((#2071,#2190,#2274));
#4814=IFCFACEOUTERBOUND(#4813,.T.);
#4815=IFCFACE((#4814));
#4816=IFCPOLYLOOP((#2071,#2274,#2131));
#4817=IFCFACEOUTERBOUND(#4816,.T.);
#4818=IFCFACE((#4817));
#4819=IFCPOLYLOOP((#2071,#2131,#2265));
#4820=IFCFACEOUTERBOUND(#4819,.T.);
#4821=IFCFACE((#4820));
#4822=IFCPOLYLOOP((#2071,#2265,#2187));
#4823=IFCFACEOUTERBOUND(#4822,.T.);
#4824=IFCFACE((#4823));
#4825=IFCPOLYLOOP((#2071,#2187,#2266));
#4826=IFCFACEOUTERBOUND(#4825,.T.);
#4827=IFCFACE((#4826));
#4828=IFCPOLYLOOP((#2071,#2266,#2148));
#4829=IFCFACEOUTERBOUND(#4828,.T.);
#4830=IFCFACE((#4829));
#4831=IFCPOLYLOOP((#2071,#2148,#2272));
#4832=IFCFACEOUTERBOUND(#4831,.T.);
#4833=IFCFACE((#4832));
#4834=IFCPOLYLOOP((#2071,#2272,#2188));
#4835=IFCFACEOUTERBOUND(#4834,.T.);
#4836=IFCFACE((#4835));
#4837=IFCPOLYLOOP((#2071,#2188,#2269));
#4838=IFCFACEOUTERBOUND(#4837,.T.);
#4839=IFCFACE((#4838));
#4840=IFCPOLYLOOP((#2071,#2269,#2145));
#4841=IFCFACEOUTERBOUND(#4840,.T.);
#4842=IFCFACE((#4841));
#4843=IFCPOLYLOOP((#2071,#2145,#2255));
#4844=IFCFACEOUTERBOUND(#4843,.T.);
#4845=IFCFACE((#4844));
#4846=IFCPOLYLOOP((#2071,#2255,#2183));
#4847=IFCFACEOUTERBOUND(#4846,.T.);
#4848=IFCFACE((#4847));
#4849=IFCPOLYLOOP((#2071,#2183,#2256));
#4850=IFCFACEOUTERBOUND(#4849,.T.);
#4851=IFCFACE((#4850));
#4852=IFCPOLYLOOP((#2071,#2256,#2163));
#4853=IFCFACEOUTERBOUND(#4852,.T.);
#4854=IFCFACE((#4853));
#4855=IFCPOLYLOOP((#2071,#2163,#2299));
#4856=IFCFACEOUTERBOUND(#4855,.T.);
#4857=IFCFACE((#4856));
#4858=IFCPOLYLOOP((#2071,#2299,#2164));
#4859=IFCFACEOUTERBOUND(#4858,.T.);
#4860=IFCFACE((#4859));
#4861=IFCPOLYLOOP((#2071,#2164,#2295));
#4862=IFCFACEOUTERBOUND(#4861,.T.);
#4863=IFCFACE((#4862));
#4864=IFCPOLYLOOP((#2071,#2295,#2130));
#4865=IFCFACEOUTERBOUND(#4864,.T.);
#4866=IFCFACE((#4865));
#4867=IFCPOLYLOOP((#2071,#2130,#2248));
#4868=IFCFACEOUTERBOUND(#4867,.T.);
#4869=IFCFACE((#4868));
#4870=IFCPOLYLOOP((#2071,#2248,#2180));
#4871=IFCFACEOUTERBOUND(#4870,.T.);
#4872=IFCFACE((#4871));
#4873=IFCPOLYLOOP((#2071,#2180,#2250));
#4874=IFCFACEOUTERBOUND(#4873,.T.);
#4875=IFCFACE((#4874));
#4876=IFCPOLYLOOP((#2071,#2250,#2144));
#4877=IFCFACEOUTERBOUND(#4876,.T.);
#4878=IFCFACE((#4877));
#4879=IFCPOLYLOOP((#2071,#2144,#2246));
#4880=IFCFACEOUTERBOUND(#4879,.T.);
#4881=IFCFACE((#4880));
#4882=IFCPOLYLOOP((#2071,#2246,#2179));
#4883=IFCFACEOUTERBOUND(#4882,.T.);
#4884=IFCFACE((#4883));
#4885=IFCPOLYLOOP((#2071,#2179,#2244));
#4886=IFCFACEOUTERBOUND(#4885,.T.);
#4887=IFCFACE((#4886));
#4888=IFCPOLYLOOP((#2071,#2244,#2141));
#4889=IFCFACEOUTERBOUND(#4888,.T.);
#4890=IFCFACE((#4889));
#4891=IFCPOLYLOOP((#2071,#2141,#2294));
#4892=IFCFACEOUTERBOUND(#4891,.T.);
#4893=IFCFACE((#4892));
#4894=IFCPOLYLOOP((#2071,#2294,#2211));
#4895=IFCFACEOUTERBOUND(#4894,.T.);
#4896=IFCFACE((#4895));
#4897=IFCPOLYLOOP((#2071,#2211,#2239));
#4898=IFCFACEOUTERBOUND(#4897,.T.);
#4899=IFCFACE((#4898));
#4900=IFCPOLYLOOP((#2071,#2239,#2159));
#4901=IFCFACEOUTERBOUND(#4900,.T.);
#4902=IFCFACE((#4901));
#4903=IFCPOLYLOOP((#2071,#2159,#2283));
#4904=IFCFACEOUTERBOUND(#4903,.T.);
#4905=IFCFACE((#4904));
#4906=IFCPOLYLOOP((#2071,#2283,#2193));
#4907=IFCFACEOUTERBOUND(#4906,.T.);
#4908=IFCFACE((#4907));
#4909=IFCPOLYLOOP((#2071,#2193,#2280));
#4910=IFCFACEOUTERBOUND(#4909,.T.);
#4911=IFCFACE((#4910));
#4912=IFCPOLYLOOP((#2071,#2280,#2132));
#4913=IFCFACEOUTERBOUND(#4912,.T.);
#4914=IFCFACE((#4913));
#4915=IFCPOLYLOOP((#2071,#2132,#2259));
#4916=IFCFACEOUTERBOUND(#4915,.T.);
#4917=IFCFACE((#4916));
#4918=IFCPOLYLOOP((#2071,#2259,#2184));
#4919=IFCFACEOUTERBOUND(#4918,.T.);
#4920=IFCFACE((#4919));
#4921=IFCPOLYLOOP((#2071,#2184,#2261));
#4922=IFCFACEOUTERBOUND(#4921,.T.);
#4923=IFCFACE((#4922));
#4924=IFCPOLYLOOP((#2071,#2261,#2136));
#4925=IFCFACEOUTERBOUND(#4924,.T.);
#4926=IFCFACE((#4925));
#4927=IFCPOLYLOOP((#2071,#2136,#2285));
#4928=IFCFACEOUTERBOUND(#4927,.T.);
#4929=IFCFACE((#4928));
#4930=IFCPOLYLOOP((#2071,#2285,#2194));
#4931=IFCFACEOUTERBOUND(#4930,.T.);
#4932=IFCFACE((#4931));
#4933=IFCPOLYLOOP((#2071,#2194,#2288));
#4934=IFCFACEOUTERBOUND(#4933,.T.);
#4935=IFCFACE((#4934));
#4936=IFCPOLYLOOP((#2071,#2288,#2133));
#4937=IFCFACEOUTERBOUND(#4936,.T.);
#4938=IFCFACE((#4937));
#4939=IFCPOLYLOOP((#2071,#2133,#2237));
#4940=IFCFACEOUTERBOUND(#4939,.T.);
#4941=IFCFACE((#4940));
#4942=IFCPOLYLOOP((#2071,#2237,#2206));
#4943=IFCFACEOUTERBOUND(#4942,.T.);
#4944=IFCFACE((#4943));
#4945=IFCPOLYLOOP((#2071,#2206,#2207));
#4946=IFCFACEOUTERBOUND(#4945,.T.);
#4947=IFCFACE((#4946));
#4948=IFCPOLYLOOP((#2071,#2207,#2149));
#4949=IFCFACEOUTERBOUND(#4948,.T.);
#4950=IFCFACE((#4949));
#4951=IFCPOLYLOOP((#2071,#2149,#2214));
#4952=IFCFACEOUTERBOUND(#4951,.T.);
#4953=IFCFACE((#4952));
#4954=IFCPOLYLOOP((#2071,#2214,#2155));
#4955=IFCFACEOUTERBOUND(#4954,.T.);
#4956=IFCFACE((#4955));
#4957=IFCPOLYLOOP((#2071,#2155,#2172));
#4958=IFCFACEOUTERBOUND(#4957,.T.);
#4959=IFCFACE((#4958));
#4960=IFCPOLYLOOP((#2071,#2172,#2124));
#4961=IFCFACEOUTERBOUND(#4960,.T.);
#4962=IFCFACE((#4961));
#4963=IFCPOLYLOOP((#2071,#2335,#2328));
#4964=IFCFACEOUTERBOUND(#4963,.T.);
#4965=IFCFACE((#4964));
#4966=IFCPOLYLOOP((#2071,#2328,#2329));
#4967=IFCFACEOUTERBOUND(#4966,.T.);
#4968=IFCFACE((#4967));
#4969=IFCPOLYLOOP((#2071,#2329,#2324));
#4970=IFCFACEOUTERBOUND(#4969,.T.);
#4971=IFCFACE((#4970));
#4972=IFCPOLYLOOP((#2071,#2324,#2348));
#4973=IFCFACEOUTERBOUND(#4972,.T.);
#4974=IFCFACE((#4973));
#4975=IFCPOLYLOOP((#2071,#2348,#2325));
#4976=IFCFACEOUTERBOUND(#4975,.T.);
#4977=IFCFACE((#4976));
#4978=IFCPOLYLOOP((#2071,#2325,#2339));
#4979=IFCFACEOUTERBOUND(#4978,.T.);
#4980=IFCFACE((#4979));
#4981=IFCPOLYLOOP((#2071,#2339,#2320));
#4982=IFCFACEOUTERBOUND(#4981,.T.);
#4983=IFCFACE((#4982));
#4984=IFCPOLYLOOP((#2071,#2320,#2344));
#4985=IFCFACEOUTERBOUND(#4984,.T.);
#4986=IFCFACE((#4985));
#4987=IFCPOLYLOOP((#2071,#2344,#2326));
#4988=IFCFACEOUTERBOUND(#4987,.T.);
#4989=IFCFACE((#4988));
#4990=IFCPOLYLOOP((#2071,#2326,#2331));
#4991=IFCFACEOUTERBOUND(#4990,.T.);
#4992=IFCFACE((#4991));
#4993=IFCPOLYLOOP((#2071,#2331,#2319));
#4994=IFCFACEOUTERBOUND(#4993,.T.);
#4995=IFCFACE((#4994));
#4996=IFCPOLYLOOP((#2070,#2605,#2598));
#4997=IFCFACEOUTERBOUND(#4996,.T.);
#4998=IFCFACE((#4997));
#4999=IFCPOLYLOOP((#2070,#2598,#2599));
#5000=IFCFACEOUTERBOUND(#4999,.T.);
#5001=IFCFACE((#5000));
#5002=IFCPOLYLOOP((#2070,#2599,#2594));
#5003=IFCFACEOUTERBOUND(#5002,.T.);
#5004=IFCFACE((#5003));
#5005=IFCPOLYLOOP((#2070,#2594,#2618));
#5006=IFCFACEOUTERBOUND(#5005,.T.);
#5007=IFCFACE((#5006));
#5008=IFCPOLYLOOP((#2070,#2618,#2595));
#5009=IFCFACEOUTERBOUND(#5008,.T.);
#5010=IFCFACE((#5009));
#5011=IFCPOLYLOOP((#2070,#2595,#2609));
#5012=IFCFACEOUTERBOUND(#5011,.T.);
#5013=IFCFACE((#5012));
#5014=IFCPOLYLOOP((#2070,#2609,#2590));
#5015=IFCFACEOUTERBOUND(#5014,.T.);
#5016=IFCFACE((#5015));
#5017=IFCPOLYLOOP((#2070,#2590,#2614));
#5018=IFCFACEOUTERBOUND(#5017,.T.);
#5019=IFCFACE((#5018));
#5020=IFCPOLYLOOP((#2070,#2614,#2596));
#5021=IFCFACEOUTERBOUND(#5020,.T.);
#5022=IFCFACE((#5021));
#5023=IFCPOLYLOOP((#2070,#2596,#2601));
#5024=IFCFACEOUTERBOUND(#5023,.T.);
#5025=IFCFACE((#5024));
#5026=IFCPOLYLOOP((#2070,#2601,#2125));
#5027=IFCFACEOUTERBOUND(#5026,.T.);
#5028=IFCFACE((#5027));
#5029=IFCPOLYLOOP((#2125,#2093,#2080));
#5030=IFCFACEOUTERBOUND(#5029,.T.);
#5031=IFCFACE((#5030));
#5032=IFCPOLYLOOP((#2125,#2080,#2103));
#5033=IFCFACEOUTERBOUND(#5032,.T.);
#5034=IFCFACE((#5033));
#5035=IFCPOLYLOOP((#2125,#2103,#2076));
#5036=IFCFACEOUTERBOUND(#5035,.T.);
#5037=IFCFACE((#5036));
#5038=IFCPOLYLOOP((#2125,#2076,#2096));
#5039=IFCFACEOUTERBOUND(#5038,.T.);
#5040=IFCFACE((#5039));
#5041=IFCPOLYLOOP((#2125,#2096,#2090));
#5042=IFCFACEOUTERBOUND(#5041,.T.);
#5043=IFCFACE((#5042));
#5044=IFCPOLYLOOP((#2125,#2090,#2101));
#5045=IFCFACEOUTERBOUND(#5044,.T.);
#5046=IFCFACE((#5045));
#5047=IFCPOLYLOOP((#2125,#2101,#2074));
#5048=IFCFACEOUTERBOUND(#5047,.T.);
#5049=IFCFACE((#5048));
#5050=IFCPOLYLOOP((#2125,#2074,#2113));
#5051=IFCFACEOUTERBOUND(#5050,.T.);
#5052=IFCFACE((#5051));
#5053=IFCPOLYLOOP((#2125,#2113,#2088));
#5054=IFCFACEOUTERBOUND(#5053,.T.);
#5055=IFCFACE((#5054));
#5056=IFCPOLYLOOP((#2125,#2088,#2089));
#5057=IFCFACEOUTERBOUND(#5056,.T.);
#5058=IFCFACE((#5057));
#5059=IFCPOLYLOOP((#2125,#2089,#2075));
#5060=IFCFACEOUTERBOUND(#5059,.T.);
#5061=IFCFACE((#5060));
#5062=IFCPOLYLOOP((#2125,#2075,#2095));
#5063=IFCFACEOUTERBOUND(#5062,.T.);
#5064=IFCFACE((#5063));
#5065=IFCPOLYLOOP((#2125,#2095,#2083));
#5066=IFCFACEOUTERBOUND(#5065,.T.);
#5067=IFCFACE((#5066));
#5068=IFCPOLYLOOP((#2125,#2083,#2086));
#5069=IFCFACEOUTERBOUND(#5068,.T.);
#5070=IFCFACE((#5069));
#5071=IFCPOLYLOOP((#2125,#2086,#2070));
#5072=IFCFACEOUTERBOUND(#5071,.T.);
#5073=IFCFACE((#5072));
#5074=IFCPOLYLOOP((#2606,#2602,#2597));
#5075=IFCFACEOUTERBOUND(#5074,.T.);
#5076=IFCFACE((#5075));
#5077=IFCPOLYLOOP((#2613,#2617,#2618));
#5078=IFCFACEOUTERBOUND(#5077,.T.);
#5079=IFCFACE((#5078));
#5080=IFCPOLYLOOP((#2600,#2619,#2607));
#5081=IFCFACEOUTERBOUND(#5080,.T.);
#5082=IFCFACE((#5081));
#5083=IFCPOLYLOOP((#2611,#2592,#2613));
#5084=IFCFACEOUTERBOUND(#5083,.T.);
#5085=IFCFACE((#5084));
#5086=IFCPOLYLOOP((#2600,#2607,#2593));
#5087=IFCFACEOUTERBOUND(#5086,.T.);
#5088=IFCFACE((#5087));
#5089=IFCPOLYLOOP((#2607,#2614,#2610));
#5090=IFCFACEOUTERBOUND(#5089,.T.);
#5091=IFCFACE((#5090));
#5092=IFCPOLYLOOP((#2619,#2604,#2126));
#5093=IFCFACEOUTERBOUND(#5092,.T.);
#5094=IFCFACE((#5093));
#5095=IFCPOLYLOOP((#2592,#2611,#2603));
#5096=IFCFACEOUTERBOUND(#5095,.T.);
#5097=IFCFACE((#5096));
#5098=IFCPOLYLOOP((#2599,#2611,#2594));
#5099=IFCFACEOUTERBOUND(#5098,.T.);
#5100=IFCFACE((#5099));
#5101=IFCPOLYLOOP((#2612,#2617,#2591));
#5102=IFCFACEOUTERBOUND(#5101,.T.);
#5103=IFCFACE((#5102));
#5104=IFCPOLYLOOP((#2593,#2607,#2610));
#5105=IFCFACEOUTERBOUND(#5104,.T.);
#5106=IFCFACE((#5105));
#5107=IFCPOLYLOOP((#2615,#2606,#2597));
#5108=IFCFACEOUTERBOUND(#5107,.T.);
#5109=IFCFACE((#5108));
#5110=IFCPOLYLOOP((#2615,#2599,#2598));
#5111=IFCFACEOUTERBOUND(#5110,.T.);
#5112=IFCFACE((#5111));
#5113=IFCPOLYLOOP((#2615,#2611,#2599));
#5114=IFCFACEOUTERBOUND(#5113,.T.);
#5115=IFCFACE((#5114));
#5116=IFCPOLYLOOP((#2619,#2126,#2125));
#5117=IFCFACEOUTERBOUND(#5116,.T.);
#5118=IFCFACE((#5117));
#5119=IFCPOLYLOOP((#2605,#2406,#2405));
#5120=IFCFACEOUTERBOUND(#5119,.T.);
#5121=IFCFACE((#5120));
#5122=IFCPOLYLOOP((#2605,#2606,#2598));
#5123=IFCFACEOUTERBOUND(#5122,.T.);
#5124=IFCFACE((#5123));
#5125=IFCPOLYLOOP((#2405,#2404,#2602));
#5126=IFCFACEOUTERBOUND(#5125,.T.);
#5127=IFCFACE((#5126));
#5128=IFCPOLYLOOP((#2604,#2121,#2126));
#5129=IFCFACEOUTERBOUND(#5128,.T.);
#5130=IFCFACE((#5129));
#5131=IFCPOLYLOOP((#2619,#2596,#2607));
#5132=IFCFACEOUTERBOUND(#5131,.T.);
#5133=IFCFACE((#5132));
#5134=IFCPOLYLOOP((#2405,#2606,#2605));
#5135=IFCFACEOUTERBOUND(#5134,.T.);
#5136=IFCFACE((#5135));
#5137=IFCPOLYLOOP((#2602,#2606,#2405));
#5138=IFCFACEOUTERBOUND(#5137,.T.);
#5139=IFCFACE((#5138));
#5140=IFCPOLYLOOP((#2614,#2607,#2596));
#5141=IFCFACEOUTERBOUND(#5140,.T.);
#5142=IFCFACE((#5141));
#5143=IFCPOLYLOOP((#2601,#2596,#2619,#2125));
#5144=IFCFACEOUTERBOUND(#5143,.T.);
#5145=IFCFACE((#5144));
#5146=IFCPOLYLOOP((#2610,#2608,#2593));
#5147=IFCFACEOUTERBOUND(#5146,.T.);
#5148=IFCFACE((#5147));
#5149=IFCPOLYLOOP((#2617,#2612,#2609));
#5150=IFCFACEOUTERBOUND(#5149,.T.);
#5151=IFCFACE((#5150));
#5152=IFCPOLYLOOP((#2609,#2612,#2590));
#5153=IFCFACEOUTERBOUND(#5152,.T.);
#5154=IFCFACE((#5153));
#5155=IFCPOLYLOOP((#2608,#2610,#2612));
#5156=IFCFACEOUTERBOUND(#5155,.T.);
#5157=IFCFACE((#5156));
#5158=IFCPOLYLOOP((#2613,#2594,#2611));
#5159=IFCFACEOUTERBOUND(#5158,.T.);
#5160=IFCFACE((#5159));
#5161=IFCPOLYLOOP((#2615,#2597,#2603));
#5162=IFCFACEOUTERBOUND(#5161,.T.);
#5163=IFCFACE((#5162));
#5164=IFCPOLYLOOP((#2590,#2612,#2610));
#5165=IFCFACEOUTERBOUND(#5164,.T.);
#5166=IFCFACE((#5165));
#5167=IFCPOLYLOOP((#2608,#2612,#2591));
#5168=IFCFACEOUTERBOUND(#5167,.T.);
#5169=IFCFACE((#5168));
#5170=IFCPOLYLOOP((#2595,#2618,#2617,#2609));
#5171=IFCFACEOUTERBOUND(#5170,.T.);
#5172=IFCFACE((#5171));
#5173=IFCPOLYLOOP((#2616,#2617,#2613));
#5174=IFCFACEOUTERBOUND(#5173,.T.);
#5175=IFCFACE((#5174));
#5176=IFCPOLYLOOP((#2614,#2590,#2610));
#5177=IFCFACEOUTERBOUND(#5176,.T.);
#5178=IFCFACE((#5177));
#5179=IFCPOLYLOOP((#2598,#2606,#2615));
#5180=IFCFACEOUTERBOUND(#5179,.T.);
#5181=IFCFACE((#5180));
#5182=IFCPOLYLOOP((#2611,#2615,#2603));
#5183=IFCFACEOUTERBOUND(#5182,.T.);
#5184=IFCFACE((#5183));
#5185=IFCPOLYLOOP((#2591,#2617,#2616));
#5186=IFCFACEOUTERBOUND(#5185,.T.);
#5187=IFCFACE((#5186));
#5188=IFCPOLYLOOP((#2613,#2592,#2616));
#5189=IFCFACEOUTERBOUND(#5188,.T.);
#5190=IFCFACE((#5189));
#5191=IFCPOLYLOOP((#2618,#2594,#2613));
#5192=IFCFACEOUTERBOUND(#5191,.T.);
#5193=IFCFACE((#5192));
#5194=IFCPOLYLOOP((#2600,#2604,#2619));
#5195=IFCFACEOUTERBOUND(#5194,.T.);
#5196=IFCFACE((#5195));
#5197=IFCPOLYLOOP((#2301,#2121,#2604,#2600,#2593,#2608,#2591,#2616,#2592,#2603,#2597,#2602,#2404,#2581));
#5198=IFCFACEOUTERBOUND(#5197,.T.);
#5199=IFCFACE((#5198));
#5200=IFCCARTESIANPOINT((2.6666666666666776,0.53124999999997513,6.5));
#5201=IFCCARTESIANPOINT((2.6666666666666776,0.53124999999997513,4.4166666666666652));
#5202=IFCCARTESIANPOINT((2.6666666666666776,0.59374999999997513,4.4166666666666643));
#5203=IFCCARTESIANPOINT((2.6666666666666776,0.59374999999997513,6.5));
#5204=IFCCARTESIANPOINT((2.6272965879265202,0.59703083989498829,6.4606299212598426));
#5205=IFCCARTESIANPOINT((2.6272965879265202,0.5970308398949884,4.4560367454068226));
#5206=IFCCARTESIANPOINT((2.6272965879265202,0.53124999999997524,4.4560367454068217));
#5207=IFCCARTESIANPOINT((2.6272965879265202,0.53124999999997524,6.4606299212598426));
#5208=IFCCARTESIANPOINT((2.6437007874015857,0.61343503937005395,6.477034120734908));
#5209=IFCCARTESIANPOINT((2.6437007874015848,0.61343503937005406,4.4396325459317572));
#5210=IFCCARTESIANPOINT((2.6321012667128296,0.60863036058374353,4.4512320666205127));
#5211=IFCCARTESIANPOINT((2.6321012667128301,0.60863036058374398,6.4654346000461524));
#5212=IFCCARTESIANPOINT((2.6437007874015852,0.61343503937005395,5.4524030652700439));
#5213=IFCCARTESIANPOINT((2.6437007874015857,0.61343503937005395,5.9647185930024769));
#5214=IFCCARTESIANPOINT((2.6437007874015848,0.61343503937005406,4.9519480736641892));
#5215=IFCCARTESIANPOINT((2.6272965879265202,0.59703083989498829,5.4583333333333321));
#5216=IFCCARTESIANPOINT((2.6272965879265202,0.59703083989498829,5.9594816272965865));
#5217=IFCCARTESIANPOINT((2.6272965879265202,0.59703083989498829,4.9571850393700769));
#5218=IFCCARTESIANPOINT((2.6437007874015848,0.61343503937005406,4.6957903097979736));
#5219=IFCCARTESIANPOINT((2.6272965879265202,0.59703083989498829,4.706610886468038));
#5220=IFCCARTESIANPOINT((2.6272965879265202,0.59703083989498829,4.5841156332832593));
#5221=IFCCARTESIANPOINT((2.6437007874015857,0.61343503937005395,6.2208763568686916));
#5222=IFCCARTESIANPOINT((2.6272965879265202,0.59703083989498829,6.2100557801986263));
#5223=IFCCARTESIANPOINT((2.6272965879265202,0.59703083989498829,6.0847686978271955));
#5224=IFCCARTESIANPOINT((2.6437007874015857,0.61343503937005395,6.3489552634109678));
#5225=IFCCARTESIANPOINT((2.6272965879265202,0.59703083989498829,5.7089074743945485));
#5226=IFCCARTESIANPOINT((2.6437007874015857,0.61343503937005395,5.7085608291362604));
#5227=IFCCARTESIANPOINT((2.6437007874015857,0.61343503937005395,5.8366397356785367));
#5228=IFCCARTESIANPOINT((2.6437007874015852,0.61343503937005395,5.2021755694671166));
#5229=IFCCARTESIANPOINT((2.6272965879265202,0.59703083989498829,5.2077591922721158));
#5230=IFCCARTESIANPOINT((2.6272965879265202,0.59703083989498829,5.0824721099006851));
#5231=IFCCARTESIANPOINT((2.6437007874015848,0.61343503937005406,4.5677114032556974));
#5232=IFCCARTESIANPOINT((2.6272965879265202,0.59703083989498829,6.3353428507292344));
#5233=IFCCARTESIANPOINT((2.6437007874015857,0.61343503937005395,6.0927974503264171));
#5234=IFCCARTESIANPOINT((2.6437007874015848,0.61343503937005406,5.0770618215656533));
#5235=IFCCARTESIANPOINT((2.6322781022765112,0.60880454045815635,5.1396186871118985));
#5236=IFCCARTESIANPOINT((2.6319837474946586,0.60851163848381584,5.0394862013020543));
#5237=IFCCARTESIANPOINT((2.6321975653324046,0.6087258662927717,5.2366559084090092));
#5238=IFCCARTESIANPOINT((2.6272965879265202,0.59703083989498829,5.333046262802724));
#5239=IFCCARTESIANPOINT((2.6437007874015852,0.61343503937005395,5.3272893173685807));
#5240=IFCCARTESIANPOINT((2.6317784484250133,0.60829829718336748,4.6453632571397048));
#5241=IFCCARTESIANPOINT((2.6437007874015848,0.61343503937005406,4.823869216340249));
#5242=IFCCARTESIANPOINT((2.632382183138164,0.60890463279977625,4.7485360078301158));
#5243=IFCCARTESIANPOINT((2.6272965879265202,0.59703083989498829,4.8318979688394688));
#5244=IFCCARTESIANPOINT((2.6318698223404264,0.60839420322365867,4.5496165765595409));
#5245=IFCCARTESIANPOINT((2.6319321408032961,0.60845873198680933,6.0221251480263405));
#5246=IFCCARTESIANPOINT((2.6322153374723651,0.60874332043247992,5.9221087301027264));
#5247=IFCCARTESIANPOINT((2.6272965879265202,0.59703083989498829,5.8341945567659792));
#5248=IFCCARTESIANPOINT((2.6321130755704871,0.60864215743164884,5.7715510034637836));
#5249=IFCCARTESIANPOINT((2.6319721332510664,0.60849977324710336,6.118624629111876));
#5250=IFCCARTESIANPOINT((2.6320946015370108,0.60862369157585983,5.6732499056050356));
#5251=IFCCARTESIANPOINT((2.6437007874015852,0.61343503937005395,5.5804819225939841));
#5252=IFCCARTESIANPOINT((2.6272965879265202,0.59703083989498829,5.5836204038639403));
#5253=IFCCARTESIANPOINT((2.6319978395556687,0.60852600288354519,5.5209768589771802));
#5254=IFCCARTESIANPOINT((2.6320010428776675,0.60852926319963285,5.4240514863113125));
#5255=IFCCARTESIANPOINT((2.6319321406767142,0.60845873185645338,4.8945414977801507));
#5256=IFCCARTESIANPOINT((2.6317704985885166,0.60828987934134027,6.2726992937981798));
#5257=IFCCARTESIANPOINT((2.63191012214229,0.60843601298271388,6.3682738855441752));
#5258=IFCCARTESIANPOINT((2.6320957080758616,0.60862479928172886,5.3283859271514578));
#5259=IFCCARTESIANPOINT((2.6929133858267829,0.60687335958002764,6.5262467191601052));
#5260=IFCCARTESIANPOINT((2.6929133858267829,0.60687335958002775,4.39041994750656));
#5261=IFCCARTESIANPOINT((2.690991514312258,0.61151316785553023,4.3923418190210839));
#5262=IFCCARTESIANPOINT((2.6863517060367563,0.61343503937005384,4.3969816272965856));
#5263=IFCCARTESIANPOINT((2.6863517060367563,0.61343503937005384,6.5196850393700787));
#5264=IFCCARTESIANPOINT((2.6909915143122589,0.61151316785552978,6.5243248476455813));
#5265=IFCCARTESIANPOINT((2.6929133858267829,0.60687335958002775,5.4583333333333321));
#5266=IFCCARTESIANPOINT((2.6929133858267829,0.60687335958002764,5.9922900262467191));
#5267=IFCCARTESIANPOINT((2.6929133858267829,0.60687335958002775,4.924376640419946));
#5268=IFCCARTESIANPOINT((2.6863517060367563,0.61343503937005384,5.4583333333333321));
#5269=IFCCARTESIANPOINT((2.6863517060367563,0.61343503937005384,5.9890091922662929));
#5270=IFCCARTESIANPOINT((2.6863517060367563,0.61343503937005384,4.9276574744003705));
#5271=IFCCARTESIANPOINT((2.6863517060367563,0.61343503937005384,4.662319550848478));
#5272=IFCCARTESIANPOINT((2.6929133858267829,0.60687335958002775,4.6573982874988973));
#5273=IFCCARTESIANPOINT((2.6929133858267829,0.60687335958002775,4.7908874639594217));
#5274=IFCCARTESIANPOINT((2.6863517060367563,0.61343503937005384,4.7949885126244247));
#5275=IFCCARTESIANPOINT((2.6863517060367563,0.61343503937005384,6.2543471158181854));
#5276=IFCCARTESIANPOINT((2.6929133858267829,0.60687335958002764,6.259268379167767));
#5277=IFCCARTESIANPOINT((2.6929133858267829,0.60687335958002764,6.36423833125132));
#5278=IFCCARTESIANPOINT((2.6863517060367563,0.61343503937005384,6.387016077594132));
#5279=IFCCARTESIANPOINT((2.6863517060367563,0.61343503937005395,5.1929953979522638));
#5280=IFCCARTESIANPOINT((2.6929133858267829,0.60687335958002775,5.1913549933409957));
#5281=IFCCARTESIANPOINT((2.6929133858267829,0.60687335958002775,5.3248441698015192));
#5282=IFCCARTESIANPOINT((2.6863517060367563,0.61343503937005384,5.3256643597282096));
#5283=IFCCARTESIANPOINT((2.6863517060367563,0.61343503937005384,5.7236712687144005));
#5284=IFCCARTESIANPOINT((2.6929133858267829,0.60687335958002775,5.7253116733256704));
#5285=IFCCARTESIANPOINT((2.6929133858267829,0.60687335958002764,5.8588008497861948));
#5286=IFCCARTESIANPOINT((2.6863517060367563,0.61343503937005384,5.8563402304903462));
#5287=IFCCARTESIANPOINT((2.6863517060367563,0.61343503937005384,4.5296505890725323));
#5288=IFCCARTESIANPOINT((2.6929133858267829,0.60687335958002775,4.5239091110383729));
#5289=IFCCARTESIANPOINT((2.6929133858267829,0.60687335958002775,4.5906536992686355));
#5290=IFCCARTESIANPOINT((2.6929133858267829,0.60687335958002764,6.4452425252057131));
#5291=IFCCARTESIANPOINT((2.6863517060367563,0.61343503937005384,6.4533505584821054));
#5292=IFCCARTESIANPOINT((2.6929133858267829,0.60687335958002775,4.4714241285322407));
#5293=IFCCARTESIANPOINT((2.6863517060367563,0.61343503937005384,4.4633161081845589));
#5294=IFCCARTESIANPOINT((2.6863517060367563,0.61343503937005384,6.1216781540422396));
#5295=IFCCARTESIANPOINT((2.6929133858267829,0.60687335958002764,6.1257792027072435));
#5296=IFCCARTESIANPOINT((2.6929133858267829,0.60687335958002764,6.1925237909375062));
#5297=IFCCARTESIANPOINT((2.6863517060367563,0.61343503937005384,5.0603264361763172));
#5298=IFCCARTESIANPOINT((2.6929133858267829,0.60687335958002775,5.0578658168804704));
#5299=IFCCARTESIANPOINT((2.6929133858267829,0.60687335958002775,5.1246104051107331));
#5300=IFCCARTESIANPOINT((2.6929133858267829,0.60687335958002775,5.5918224968651451));
#5301=IFCCARTESIANPOINT((2.6863517060367563,0.61343503937005384,5.5910023069384547));
#5302=IFCCARTESIANPOINT((2.6863517060367563,0.61343503937005384,5.5246678142213046));
#5303=IFCCARTESIANPOINT((2.6929133858267829,0.60687335958002764,6.4857446221829091));
#5304=IFCCARTESIANPOINT((2.6929133858267829,0.60687335958002775,4.430922044483756));
#5305=IFCCARTESIANPOINT((2.6863517060367563,0.61343503937005384,6.4791829469565307));
#5306=IFCCARTESIANPOINT((2.6911332705195328,0.61136694197761299,6.4662667483070244));
#5307=IFCCARTESIANPOINT((2.6863517060367563,0.61343503937005384,6.4201833121235312));
#5308=IFCCARTESIANPOINT((2.6929133858267829,0.60687335958002764,6.404740428228517));
#5309=IFCCARTESIANPOINT((2.6908024090933624,0.61169486183230903,6.4035996931361687));
#5310=IFCCARTESIANPOINT((2.6863517060367563,0.61343503937005384,4.4374837315393094));
#5311=IFCCARTESIANPOINT((2.6911332706556448,0.61136694183277807,4.4503999168334705));
#5312=IFCCARTESIANPOINT((2.6907236942140509,0.6117663505921217,4.4972339517904754));
#5313=IFCCARTESIANPOINT((2.6863517060367563,0.61343503937005384,6.3206815967061596));
#5314=IFCCARTESIANPOINT((2.6905879390513832,0.61188434466408304,6.3630619077888673));
#5315=IFCCARTESIANPOINT((2.6929133858267829,0.60687335958002764,6.3117533616738992));
#5316=IFCCARTESIANPOINT((2.6929133858267829,0.60687335958002775,5.2580995815712566));
#5317=IFCCARTESIANPOINT((2.6863517060367563,0.61343503937005384,5.2593298788402372));
#5318=IFCCARTESIANPOINT((2.6863517060367563,0.61343503937005384,5.3919988524453588));
#5319=IFCCARTESIANPOINT((2.6929133858267829,0.60687335958002775,5.3915887451030704));
#5320=IFCCARTESIANPOINT((2.6929133858267829,0.60687335958002764,5.6585670850954077));
#5321=IFCCARTESIANPOINT((2.6863517060367563,0.61343503937005384,5.6573367878264271));
#5322=IFCCARTESIANPOINT((2.6863517060367563,0.61343503937005384,4.8613229935123972));
#5323=IFCCARTESIANPOINT((2.6929133858267829,0.60687335958002775,4.8576320521896843));
#5324=IFCCARTESIANPOINT((2.6929133858267829,0.60687335958002775,5.9255454380164565));
#5325=IFCCARTESIANPOINT((2.6863517060367563,0.61343503937005384,5.9226747113783205));
#5326=IFCCARTESIANPOINT((2.6863517060367563,0.61343503937005384,5.7900057496023738));
#5327=IFCCARTESIANPOINT((2.6929133858267829,0.60687335958002775,5.7920562615559321));
#5328=IFCCARTESIANPOINT((2.6863517060367563,0.61343503937005384,6.0553436731542662));
#5329=IFCCARTESIANPOINT((2.6929133858267829,0.60687335958002764,6.0590346144769809));
#5330=IFCCARTESIANPOINT((2.6929133858267829,0.60687335958002775,4.9911212286502078));
#5331=IFCCARTESIANPOINT((2.6863517060367563,0.61343503937005384,4.9939919552883438));
#5332=IFCCARTESIANPOINT((2.6863517060367563,0.61343503937005384,4.7286540317364514));
#5333=IFCCARTESIANPOINT((2.6929133858267829,0.60687335958002775,4.7241428757291599));
#5334=IFCCARTESIANPOINT((2.6907962128364629,0.61170057419864565,6.2855108532317736));
#5335=IFCCARTESIANPOINT((2.6863517060367563,0.61343503937005384,6.3538488430647337));
#5336=IFCCARTESIANPOINT((2.691051612742192,0.61145228070044899,6.2477361221769119));
#5337=IFCCARTESIANPOINT((2.6863517060367563,0.61343503937005384,6.1880126349302129));
#5338=IFCCARTESIANPOINT((2.6863517060367563,0.61343503937005384,6.221179881288788));
#5339=IFCCARTESIANPOINT((2.69090310794543,0.61159992094454663,6.2045962438077042));
#5340=IFCCARTESIANPOINT((2.6909583610488852,0.61154608590050363,6.1565041567143179));
#5341=IFCCARTESIANPOINT((2.6929133858267829,0.60687335958002764,6.2258960915169927));
#5342=IFCCARTESIANPOINT((2.6910725031041016,0.61143074004645626,6.3229715701802487));
#5343=IFCCARTESIANPOINT((2.6910529502602003,0.61145090744087804,4.5347297485692399));
#5344=IFCCARTESIANPOINT((2.6863517060367563,0.61343503937005384,4.5959850699605056));
#5345=IFCCARTESIANPOINT((2.6863517060367563,0.61343503937005384,4.5628178236019306));
#5346=IFCCARTESIANPOINT((2.6908898859787191,0.61161261737858685,4.579401450672349));
#5347=IFCCARTESIANPOINT((2.6909463742401565,0.61155787297711606,4.6272315094368448));
#5348=IFCCARTESIANPOINT((2.6929133858267829,0.60687335958002775,4.5572813986891489));
#5349=IFCCARTESIANPOINT((2.6863517060367563,0.61343503937005384,5.1266609170642905));
#5350=IFCCARTESIANPOINT((2.6909013519872951,0.61160161120103784,5.0934936805503179));
#5351=IFCCARTESIANPOINT((2.6929133858267829,0.60687335958002775,5.5250779215635948));
#5352=IFCCARTESIANPOINT((2.6863517060367563,0.61343503937005384,4.4964833545431331));
#5353=IFCCARTESIANPOINT((2.6910633057742555,0.61144024797152952,5.2247272753424205));
#5354=IFCCARTESIANPOINT((2.6910458025378983,0.61145823686353329,5.2914718615677483));
#5355=IFCCARTESIANPOINT((2.6909915145142405,0.61151316765354813,5.4251660869565219));
#5356=IFCCARTESIANPOINT((2.6909731608952763,0.61153144895846367,5.3588316056707574));
#5357=IFCCARTESIANPOINT((2.6910633057930307,0.61144024795215957,5.6919393789928101));
#5358=IFCCARTESIANPOINT((2.6909549650162679,0.61154943148221053,5.6241695308448811));
#5359=IFCCARTESIANPOINT((2.6908492601583891,0.61165118843734589,4.8944902367236667));
#5360=IFCCARTESIANPOINT((2.6908322468068713,0.61166714681708523,4.8281557554496377));
#5361=IFCCARTESIANPOINT((2.691130418750336,0.61136997458110476,5.9589177241873337));
#5362=IFCCARTESIANPOINT((2.6908838155163597,0.61161842283900825,5.8895074561840843));
#5363=IFCCARTESIANPOINT((2.6909190577426036,0.61158451018916016,5.7568384934788197));
#5364=IFCCARTESIANPOINT((2.6910974375438466,0.61140476930873811,5.8254285515378461));
#5365=IFCCARTESIANPOINT((2.6908492602742635,0.61165118832826859,6.0221764190504308));
#5366=IFCCARTESIANPOINT((2.6911622681433869,0.61133588508528702,6.0924068970945848));
#5367=IFCCARTESIANPOINT((2.6911304187018361,0.61136997463264708,4.9577489304564164));
#5368=IFCCARTESIANPOINT((2.6911140707398777,0.61138728515554397,5.0244935166761788));
#5369=IFCCARTESIANPOINT((2.690815413070478,0.61168282536989893,4.7618212741761727));
#5370=IFCCARTESIANPOINT((2.6907987614665165,0.61169822638352356,4.6954867929031892));
#5371=IFCCARTESIANPOINT((2.6863517060367563,0.61343503937005384,6.2875143503475854));
#5372=IFCCARTESIANPOINT((2.6929133858267829,0.60687335958002775,6.1591514903580187));
#5373=IFCCARTESIANPOINT((2.6863517060367563,0.61343503937005384,6.1548453885716388));
#5374=IFCCARTESIANPOINT((2.6929133858267829,0.60687335958002775,4.6240259998481221));
#5375=IFCCARTESIANPOINT((2.6863517060367563,0.61343503937005384,4.6291523163190798));
#5376=IFCCARTESIANPOINT((2.6910805166350924,0.61142242453800577,5.1579826891189384));
#5377=IFCCARTESIANPOINT((2.6863517060367563,0.61343503937005384,5.0934936707057163));
#5378=IFCCARTESIANPOINT((2.6929133858267829,0.60687335958002775,5.0912381045312465));
#5379=IFCCARTESIANPOINT((2.6909915145642218,0.61151316760356678,5.4915005682467299));
#5380=IFCCARTESIANPOINT((2.6910280045173689,0.6114763883858314,5.5584502064968611));
#5381=IFCCARTESIANPOINT((2.6929133858267829,0.60687335958002775,5.2247272809917709));
#5382=IFCCARTESIANPOINT((2.6863517060367563,0.61343503937005384,5.2261626324816621));
#5383=IFCCARTESIANPOINT((2.6929133858267829,0.60687335958002775,5.291471882150744));
#5384=IFCCARTESIANPOINT((2.6863517060367563,0.61343503937005384,5.2924971251988113));
#5385=IFCCARTESIANPOINT((2.6906724009065077,0.61181170317979305,5.2580895379776988));
#5386=IFCCARTESIANPOINT((2.6863517060367563,0.61343503937005384,5.4251660869747571));
#5387=IFCCARTESIANPOINT((2.6929133858267829,0.60687335958002775,5.4249610327538456));
#5388=IFCCARTESIANPOINT((2.6863517060367563,0.61343503937005395,5.3588316060867847));
#5389=IFCCARTESIANPOINT((2.6906992871268609,0.6117880498379995,5.3251186394506433));
#5390=IFCCARTESIANPOINT((2.6929133858267829,0.60687335958002775,5.3582164574522952));
#5391=IFCCARTESIANPOINT((2.6913102171178718,0.61117089486496678,5.3919893416324376));
#5392=IFCCARTESIANPOINT((2.6929133858267829,0.60687335958002764,5.6919393856748943));
#5393=IFCCARTESIANPOINT((2.6863517060367563,0.61343503937005384,5.6905040341850022));
#5394=IFCCARTESIANPOINT((2.6863517060367563,0.61343503937005384,5.624169541467853));
#5395=IFCCARTESIANPOINT((2.6929133858267829,0.60687335958002775,5.6251947845159211));
#5396=IFCCARTESIANPOINT((2.6912511371689218,0.61123812947636913,5.6580139082595116));
#5397=IFCCARTESIANPOINT((2.6863517060367563,0.61343503937005384,4.8944902398709722));
#5398=IFCCARTESIANPOINT((2.6929133858267829,0.60687335958002775,4.8910043527691709));
#5399=IFCCARTESIANPOINT((2.6863517060367563,0.61343503937005384,4.828155747153823));
#5400=IFCCARTESIANPOINT((2.6929133858267829,0.60687335958002775,4.8242597516101977));
#5401=IFCCARTESIANPOINT((2.6913124181031991,0.61116835404576153,4.8613108716347186));
#5402=IFCCARTESIANPOINT((2.6929133858267824,0.60687335958002764,5.9589177385959431));
#5403=IFCCARTESIANPOINT((2.6863517060367563,0.61343503937005384,5.9558419577368955));
#5404=IFCCARTESIANPOINT((2.6863517060367563,0.61343503937005384,5.8895074650197454));
#5405=IFCCARTESIANPOINT((2.6929133858267829,0.60687335958002775,5.8921731374369699));
#5406=IFCCARTESIANPOINT((2.6911788777672969,0.61131791296036919,5.9241497259964495));
#5407=IFCCARTESIANPOINT((2.6863517060367563,0.61343503937005384,5.7568385032437996));
#5408=IFCCARTESIANPOINT((2.6929133858267829,0.60687335958002775,5.7586839609764464));
#5409=IFCCARTESIANPOINT((2.6929133858267829,0.60687335958002764,5.8254285621354187));
#5410=IFCCARTESIANPOINT((2.6863517060367563,0.61343503937005384,5.8231729959609488));
#5411=IFCCARTESIANPOINT((2.6907580218022846,0.6117354602619649,5.7911984537873806));
#5412=IFCCARTESIANPOINT((2.6863517060367563,0.61343503937005384,6.0221764267956921));
#5413=IFCCARTESIANPOINT((2.6929133858267829,0.60687335958002764,6.0256623138974952));
#5414=IFCCARTESIANPOINT((2.6929133858267829,0.60687335958002764,6.0924069150564675));
#5415=IFCCARTESIANPOINT((2.6863517060367563,0.61343503937005384,6.0885109195128413));
#5416=IFCCARTESIANPOINT((2.6908364579418547,0.6116632073872712,6.0573684588513776));
#5417=IFCCARTESIANPOINT((2.6929133858267829,0.60687335958002775,4.9577489280707212));
#5418=IFCCARTESIANPOINT((2.6863517060367563,0.61343503937005395,4.9608247089297697));
#5419=IFCCARTESIANPOINT((2.6929133858267829,0.60687335958002775,5.0244935292296953));
#5420=IFCCARTESIANPOINT((2.691197172128815,0.61129796125899838,5.0590540923011655));
#5421=IFCCARTESIANPOINT((2.6863517060367563,0.61343503937005384,5.0271592016469189));
#5422=IFCCARTESIANPOINT((2.6906709174923615,0.6118130006670508,4.9911099060373623));
#5423=IFCCARTESIANPOINT((2.6863517060367563,0.61343503937005384,4.7618212780950255));
#5424=IFCCARTESIANPOINT((2.6929133858267829,0.60687335958002775,4.7575151763086465));
#5425=IFCCARTESIANPOINT((2.6913142883196741,0.61116619299772612,4.7949761009801772));
#5426=IFCCARTESIANPOINT((2.6863517060367563,0.61343503937005384,4.6954867853778772));
#5427=IFCCARTESIANPOINT((2.6907342638433462,0.61175688584070609,4.6613305900856421));
#5428=IFCCARTESIANPOINT((2.6929133858267829,0.60687335958002775,4.6907705751496724));
#5429=IFCCARTESIANPOINT((2.6913165063498132,0.6111636275807838,4.7286413394750308));
#5430=IFCCARTESIANPOINT((2.6929133858267829,0.60687335958002775,5.1579827056902197));
#5431=IFCCARTESIANPOINT((2.6912994002561561,0.61118334375379868,5.1913613077129082));
#5432=IFCCARTESIANPOINT((2.6863517060367563,0.61343503937005384,5.1598281634228647));
#5433=IFCCARTESIANPOINT((2.6863517060367563,0.61343503937005384,5.4915005796919072));
#5434=IFCCARTESIANPOINT((2.6906485609962756,0.61183246021660387,5.4583333276369448));
#5435=IFCCARTESIANPOINT((2.6929133858267829,0.60687335958002775,5.4917056339128196));
#5436=IFCCARTESIANPOINT((2.6929133858267824,0.60687335958002775,5.5584502092143699));
#5437=IFCCARTESIANPOINT((2.6863517060367563,0.61343503937005384,5.5578350605798796));
#5438=IFCCARTESIANPOINT((2.6906797311356949,0.6118052801399918,5.5249931444840596));
#5439=IFCCARTESIANPOINT((2.6929133858267829,0.59374999999997513,6.5262467191601052));
#5440=IFCCARTESIANPOINT((2.6929133858267829,0.59374999999997513,4.39041994750656));
#5441=IFCCARTESIANPOINT((2.2500000000000084,0.53124999999997446,4.4166666666666652));
#5442=IFCCARTESIANPOINT((2.2500000000000089,0.59374999999997446,4.4166666666666652));
#5443=IFCCARTESIANPOINT((2.2893700787401658,0.59703083989498773,4.4560367454068226));
#5444=IFCCARTESIANPOINT((2.2893700787401663,0.53124999999997469,4.4560367454068226));
#5445=IFCCARTESIANPOINT((2.2729658792651009,0.61343503937005339,4.4396325459317572));
#5446=IFCCARTESIANPOINT((2.2845653999538564,0.60863036058374342,4.4512320666205127));
#5447=IFCCARTESIANPOINT((2.4174489631277498,0.59703083989498795,4.4560367454068226));
#5448=IFCCARTESIANPOINT((2.4583333352265155,0.61343503937005361,4.4396325459317572));
#5449=IFCCARTESIANPOINT((2.4992177035389358,0.59703083989498806,4.4560367454068226));
#5450=IFCCARTESIANPOINT((2.4583333254410427,0.60816862928225279,4.4516761088590089));
#5451=IFCCARTESIANPOINT((2.5156219038567631,0.61343503937005373,4.4396325459317572));
#5452=IFCCARTESIANPOINT((2.4010447665962671,0.61343503937005361,4.4396325459317572));
#5453=IFCCARTESIANPOINT((2.5455970427166719,0.60685165967416532,4.4527721524434707));
#5454=IFCCARTESIANPOINT((2.3710696135621534,0.60685165949263808,4.4527721525791479));
#5455=IFCCARTESIANPOINT((2.2237532808399036,0.60687335958002708,4.39041994750656));
#5456=IFCCARTESIANPOINT((2.2256751523544276,0.61151316785552923,4.3923418190210839));
#5457=IFCCARTESIANPOINT((2.2303149606299302,0.61343503937005317,4.3969816272965865));
#5458=IFCCARTESIANPOINT((2.3923233561207962,0.61343503937005339,4.3969816272965865));
#5459=IFCCARTESIANPOINT((2.4583333333333428,0.60687335958002731,4.39041994750656));
#5460=IFCCARTESIANPOINT((2.5309049904022882,0.60687335958002753,4.39041994750656));
#5461=IFCCARTESIANPOINT((2.3410433070866232,0.60687335958002719,4.39041994750656));
#5462=IFCCARTESIANPOINT((2.5393375291082685,0.61343503937005361,4.3969816272965865));
#5463=IFCCARTESIANPOINT((2.4658304406440248,0.61343503937005361,4.3969816272965865));
#5464=IFCCARTESIANPOINT((2.3113191603458709,0.61343503937005328,4.3969816272965865));
#5465=IFCCARTESIANPOINT((2.6119091864504638,0.60687335958002753,4.39041994750656));
#5466=IFCCARTESIANPOINT((2.6128446175725122,0.61343503937005384,4.3969816272965865));
#5467=IFCCARTESIANPOINT((2.5760910733403901,0.61343503937005373,4.3969816272965865));
#5468=IFCCARTESIANPOINT((2.3047574768880787,0.60687335958002719,4.39041994750656));
#5469=IFCCARTESIANPOINT((2.2708170604879006,0.61343503937005317,4.3969816272965865));
#5470=IFCCARTESIANPOINT((2.6524112878026944,0.60687335958002753,4.3904199475065591));
#5471=IFCCARTESIANPOINT((2.5714070884263762,0.60687335958002753,4.39041994750656));
#5472=IFCCARTESIANPOINT((2.2642553788639912,0.60687335958002708,4.39041994750656));
#5473=IFCCARTESIANPOINT((2.6458496101198001,0.61343503937005384,4.3969816272965865));
#5474=IFCCARTESIANPOINT((2.629347111407327,0.61149160748274833,4.3923203583732295));
#5475=IFCCARTESIANPOINT((2.3229003917794397,0.61137915940768706,4.3922115738818022));
#5476=IFCCARTESIANPOINT((2.3996883202099832,0.60687335958002731,4.39041994750656));
#5477=IFCCARTESIANPOINT((2.4290768964119032,0.6134350393700535,4.3969816272965865));
#5478=IFCCARTESIANPOINT((2.3676556394499011,0.61144511541340318,4.3922747503843622));
#5479=IFCCARTESIANPOINT((2.5577143000609888,0.61161381687267302,4.3924447003274318));
#5480=IFCCARTESIANPOINT((2.4107001249018114,0.61165747354770184,4.3924907593168818));
#5481=IFCCARTESIANPOINT((2.5161911623084583,0.61172435337789777,4.3925630867185381));
#5482=IFCCARTESIANPOINT((2.3518212562628262,0.61343503937005339,4.3969816272965865));
#5483=IFCCARTESIANPOINT((2.5934296397679812,0.61094320794597312,4.3918345916502117));
#5484=IFCCARTESIANPOINT((2.4946191602037442,0.60687335958002742,4.39041994750656));
#5485=IFCCARTESIANPOINT((2.4764762447497768,0.61136465626454739,4.3921979157920683));
#5486=IFCCARTESIANPOINT((2.5025839848761464,0.61343503937005361,4.3969816272965865));
#5487=IFCCARTESIANPOINT((2.2627949529676674,0.61155513224386326,4.392384166433132));
#5488=IFCCARTESIANPOINT((2.2237532808399032,0.59374999999997424,4.39041994750656));
#5489=IFCCARTESIANPOINT((2.2500000000000084,0.53124999999997446,6.5));
#5490=IFCCARTESIANPOINT((2.250000000000008,0.59374999999997446,6.5));
#5491=IFCCARTESIANPOINT((2.2893700787401658,0.59703083989498773,6.4606299212598426));
#5492=IFCCARTESIANPOINT((2.2893700787401663,0.53124999999997469,6.4606299212598417));
#5493=IFCCARTESIANPOINT((2.2729658792651,0.61343503937005339,6.477034120734908));
#5494=IFCCARTESIANPOINT((2.284565399953856,0.60863036058374376,6.4654346000461524));
#5495=IFCCARTESIANPOINT((2.2729658792651,0.61343503937005339,5.46426359251452));
#5496=IFCCARTESIANPOINT((2.2729658792651,0.61343503937005339,4.9519480446140074));
#5497=IFCCARTESIANPOINT((2.2729658792651,0.61343503937005339,5.9647186220526569));
#5498=IFCCARTESIANPOINT((2.2893700787401663,0.59703083989498773,5.4583333333333321));
#5499=IFCCARTESIANPOINT((2.2893700787401663,0.59703083989498773,4.9571850393700769));
#5500=IFCCARTESIANPOINT((2.2893700787401663,0.59703083989498773,5.9594816272965874));
#5501=IFCCARTESIANPOINT((2.2729658792651,0.61343503937005339,6.2208763467846513));
#5502=IFCCARTESIANPOINT((2.2893700787401663,0.59703083989498773,6.2100557801986254));
#5503=IFCCARTESIANPOINT((2.2893700787401663,0.59703083989498773,6.3325510333834041));
#5504=IFCCARTESIANPOINT((2.2729658792651,0.61343503937005339,4.695790319882013));
#5505=IFCCARTESIANPOINT((2.2893700787401663,0.59703083989498773,4.7066108864680389));
#5506=IFCCARTESIANPOINT((2.2893700787401663,0.59703083989498773,4.8318979688394696));
#5507=IFCCARTESIANPOINT((2.2729658792651,0.61343503937005339,4.5677114082977539));
#5508=IFCCARTESIANPOINT((2.2893700787401663,0.59703083989498773,5.2077591922721158));
#5509=IFCCARTESIANPOINT((2.2729658792651,0.61343503937005339,5.2081058185642641));
#5510=IFCCARTESIANPOINT((2.2729658792651,0.61343503937005339,5.0800269561982665));
#5511=IFCCARTESIANPOINT((2.2729658792651,0.61343503937005339,5.7144911072835889));
#5512=IFCCARTESIANPOINT((2.2893700787401663,0.59703083989498773,5.7089074743945485));
#5513=IFCCARTESIANPOINT((2.2893700787401663,0.59703083989498773,5.8341945567659792));
#5514=IFCCARTESIANPOINT((2.2729658792651,0.61343503937005339,6.3489552583689104));
#5515=IFCCARTESIANPOINT((2.2893700787401663,0.59703083989498773,4.5813238159374308));
#5516=IFCCARTESIANPOINT((2.2729658792651,0.61343503937005339,4.8238691822480098));
#5517=IFCCARTESIANPOINT((2.2729658792651,0.61343503937005339,5.8396048646681233));
#5518=IFCCARTESIANPOINT((2.2843885643901745,0.60880454045815613,5.7770479795547676));
#5519=IFCCARTESIANPOINT((2.284682919172027,0.60851163848381562,5.8771804653646154));
#5520=IFCCARTESIANPOINT((2.284469101334281,0.60872586629277148,5.6800107582576533));
#5521=IFCCARTESIANPOINT((2.2893700787401663,0.59703083989498773,5.5836204038639403));
#5522=IFCCARTESIANPOINT((2.2729658792651,0.61343503937005339,5.5893773498990544));
#5523=IFCCARTESIANPOINT((2.2848882182416723,0.60829829718336725,6.2713034095269586));
#5524=IFCCARTESIANPOINT((2.2729658792651,0.61343503937005339,6.0927974844186545));
#5525=IFCCARTESIANPOINT((2.2842844835285216,0.60890463279977625,6.1681306588365405));
#5526=IFCCARTESIANPOINT((2.2893700787401663,0.59703083989498773,6.0847686978271955));
#5527=IFCCARTESIANPOINT((2.2847968443262596,0.60839420322365845,6.3670500901071279));
#5528=IFCCARTESIANPOINT((2.28473452586339,0.608458731986809,4.8945415186403238));
#5529=IFCCARTESIANPOINT((2.2844513291943205,0.60874332043247947,4.9945579365639405));
#5530=IFCCARTESIANPOINT((2.2893700787401663,0.59703083989498773,5.0824721099006851));
#5531=IFCCARTESIANPOINT((2.2845535910961989,0.60864215743164851,5.1451156632028807));
#5532=IFCCARTESIANPOINT((2.2846945334156192,0.60849977324710292,4.7980420375547874));
#5533=IFCCARTESIANPOINT((2.2845720651296753,0.60862369157585938,5.2434167610616322));
#5534=IFCCARTESIANPOINT((2.2729658792651,0.61343503937005339,5.3361846809302609));
#5535=IFCCARTESIANPOINT((2.2893700787401663,0.59703083989498773,5.333046262802724));
#5536=IFCCARTESIANPOINT((2.2846688271110174,0.60852600288354486,5.395689807689485));
#5537=IFCCARTESIANPOINT((2.2846656237890182,0.60852926319963252,5.4926151803553553));
#5538=IFCCARTESIANPOINT((2.2847345259899714,0.60845873185645316,6.0221251688865127));
#5539=IFCCARTESIANPOINT((2.284896168078169,0.60828987934133982,4.6439673728684854));
#5540=IFCCARTESIANPOINT((2.284756544524396,0.60843601298271344,4.5483927811224882));
#5541=IFCCARTESIANPOINT((2.2845709585908245,0.60862479928172863,5.5882807395152021));
#5542=IFCCARTESIANPOINT((2.2237532808399036,0.60687335958002708,6.5262467191601061));
#5543=IFCCARTESIANPOINT((2.2256751523544267,0.61151316785552845,6.5243248476455822));
#5544=IFCCARTESIANPOINT((2.2303149606299302,0.61343503937005317,6.5196850393700778));
#5545=IFCCARTESIANPOINT((2.2237532808399036,0.60687335958002686,5.4583333268689769));
#5546=IFCCARTESIANPOINT((2.2237532808399036,0.60687335958002686,4.9243766307234136));
#5547=IFCCARTESIANPOINT((2.2237532808399036,0.60687335958002697,5.9922900230145419));
#5548=IFCCARTESIANPOINT((2.2303149606299302,0.61343503937005317,5.4583333333333321));
#5549=IFCCARTESIANPOINT((2.2303149606299302,0.61343503937005317,4.9276574744003714));
#5550=IFCCARTESIANPOINT((2.2303149606299302,0.61343503937005317,5.9890091922662929));
#5551=IFCCARTESIANPOINT((2.2303149606299302,0.61343503937005317,6.2543471158181845));
#5552=IFCCARTESIANPOINT((2.2237532808399036,0.60687335958002697,6.2592683710873231));
#5553=IFCCARTESIANPOINT((2.2237532808399036,0.60687335958002708,6.1257791905865782));
#5554=IFCCARTESIANPOINT((2.2303149606299302,0.61343503937005317,6.1216781540422387));
#5555=IFCCARTESIANPOINT((2.2303149606299302,0.61343503937005317,4.6623195508484789));
#5556=IFCCARTESIANPOINT((2.2237532808399036,0.60687335958002686,4.6573982955793412));
#5557=IFCCARTESIANPOINT((2.2237532808399036,0.60687335958002686,4.5524283375565906));
#5558=IFCCARTESIANPOINT((2.2303149606299302,0.61343503937005317,4.5296505890725332));
#5559=IFCCARTESIANPOINT((2.2303149606299302,0.61343503937005328,5.7236712687144014));
#5560=IFCCARTESIANPOINT((2.2237532808399036,0.60687335958002697,5.725311674941759));
#5561=IFCCARTESIANPOINT((2.2237532808399036,0.60687335958002697,5.5918224944410131));
#5562=IFCCARTESIANPOINT((2.2303149606299302,0.61343503937005317,5.5910023069384538));
#5563=IFCCARTESIANPOINT((2.2303149606299302,0.61343503937005317,5.1929953979522647));
#5564=IFCCARTESIANPOINT((2.2237532808399036,0.60687335958002686,5.1913549787961948));
#5565=IFCCARTESIANPOINT((2.2237532808399036,0.60687335958002686,5.0578657982954489));
#5566=IFCCARTESIANPOINT((2.2303149606299302,0.61343503937005317,5.0603264361763181));
#5567=IFCCARTESIANPOINT((2.2303149606299302,0.61343503937005317,6.3870160775941311));
#5568=IFCCARTESIANPOINT((2.2237532808399036,0.60687335958002697,6.3927575515880699));
#5569=IFCCARTESIANPOINT((2.2237532808399036,0.60687335958002708,6.3260129548733417));
#5570=IFCCARTESIANPOINT((2.2237532808399036,0.60687335958002686,4.4714241489959301));
#5571=IFCCARTESIANPOINT((2.2303149606299302,0.61343503937005317,4.4633161081845598));
#5572=IFCCARTESIANPOINT((2.2237532808399036,0.60687335958002708,6.4452425305994456));
#5573=IFCCARTESIANPOINT((2.2303149606299302,0.61343503937005328,6.4533505584821054));
#5574=IFCCARTESIANPOINT((2.2303149606299302,0.61343503937005317,4.7949885126244247));
#5575=IFCCARTESIANPOINT((2.2237532808399036,0.60687335958002686,4.7908874631513765));
#5576=IFCCARTESIANPOINT((2.2237532808399036,0.60687335958002686,4.7241428793653597));
#5577=IFCCARTESIANPOINT((2.2303149606299302,0.61343503937005317,5.8563402304903471));
#5578=IFCCARTESIANPOINT((2.2237532808399036,0.60687335958002697,5.8588008554425057));
#5579=IFCCARTESIANPOINT((2.2237532808399036,0.60687335958002697,5.7920562587277775));
#5580=IFCCARTESIANPOINT((2.2237532808399036,0.60687335958002697,5.3248441592969415));
#5581=IFCCARTESIANPOINT((2.2303149606299302,0.61343503937005317,5.3256643597282096));
#5582=IFCCARTESIANPOINT((2.2303149606299302,0.61343503937005317,5.3919988524453597));
#5583=IFCCARTESIANPOINT((2.2237532808399036,0.60687335958002686,4.4309220417868893));
#5584=IFCCARTESIANPOINT((2.2237532808399036,0.60687335958002708,6.4857446248797759));
#5585=IFCCARTESIANPOINT((2.2303149606299302,0.61343503937005317,4.4374837315393103));
#5586=IFCCARTESIANPOINT((2.2255333961471533,0.61136694197761232,4.4503999183596408));
#5587=IFCCARTESIANPOINT((2.2303149606299302,0.61343503937005317,4.496483354543134));
#5588=IFCCARTESIANPOINT((2.2237532808399036,0.60687335958002686,4.5119262432762604));
#5589=IFCCARTESIANPOINT((2.2258642575733232,0.61169486183230837,4.5130669735304965));
#5590=IFCCARTESIANPOINT((2.2303149606299302,0.61343503937005317,6.479182935127354));
#5591=IFCCARTESIANPOINT((2.2255333960110413,0.6113669418327774,6.4662667498331929));
#5592=IFCCARTESIANPOINT((2.2259429724526347,0.61176635059212092,6.4194327148761872));
#5593=IFCCARTESIANPOINT((2.2303149606299302,0.61343503937005317,4.5959850699605056));
#5594=IFCCARTESIANPOINT((2.2260787276153033,0.61188434466408248,4.5536047588777997));
#5595=IFCCARTESIANPOINT((2.2237532808399036,0.60687335958002686,4.6049133165679663));
#5596=IFCCARTESIANPOINT((2.2237532808399036,0.60687335958002697,5.6585670911557413));
#5597=IFCCARTESIANPOINT((2.2303149606299302,0.61343503937005317,5.6573367878264271));
#5598=IFCCARTESIANPOINT((2.2303149606299302,0.61343503937005317,5.5246678142213046));
#5599=IFCCARTESIANPOINT((2.2237532808399036,0.60687335958002697,5.5250779106549954));
#5600=IFCCARTESIANPOINT((2.2237532808399036,0.60687335958002686,5.2580995625822133));
#5601=IFCCARTESIANPOINT((2.2303149606299302,0.61343503937005317,5.2593298788402372));
#5602=IFCCARTESIANPOINT((2.2303149606299302,0.61343503937005317,6.0553436731542654));
#5603=IFCCARTESIANPOINT((2.2237532808399036,0.60687335958002708,6.0590346068005596));
#5604=IFCCARTESIANPOINT((2.2237532808399036,0.60687335958002686,4.9911212145094304));
#5605=IFCCARTESIANPOINT((2.2303149606299302,0.61343503937005317,4.9939919552883438));
#5606=IFCCARTESIANPOINT((2.2303149606299302,0.61343503937005317,5.1266609170642905));
#5607=IFCCARTESIANPOINT((2.2237532808399036,0.60687335958002686,5.1246103950101771));
#5608=IFCCARTESIANPOINT((2.2303149606299302,0.61343503937005317,4.8613229935123989));
#5609=IFCCARTESIANPOINT((2.2237532808399036,0.60687335958002686,4.857632046937395));
#5610=IFCCARTESIANPOINT((2.2237532808399036,0.60687335958002697,5.9255454392285234));
#5611=IFCCARTESIANPOINT((2.2303149606299302,0.61343503937005317,5.9226747113783196));
#5612=IFCCARTESIANPOINT((2.2303149606299302,0.61343503937005317,6.188012634930212));
#5613=IFCCARTESIANPOINT((2.2237532808399036,0.60687335958002697,6.1925237873013055));
#5614=IFCCARTESIANPOINT((2.2258704538302228,0.61170057419864499,4.6311558134348916));
#5615=IFCCARTESIANPOINT((2.2303149606299302,0.61343503937005317,4.5628178236019314));
#5616=IFCCARTESIANPOINT((2.2256150539244941,0.61145228070044833,4.6689305444897542));
#5617=IFCCARTESIANPOINT((2.2303149606299302,0.61343503937005317,4.7286540317364523));
#5618=IFCCARTESIANPOINT((2.2303149606299302,0.61343503937005317,4.6954867853778772));
#5619=IFCCARTESIANPOINT((2.2257635587212565,0.61159992094454596,4.7120704228589609));
#5620=IFCCARTESIANPOINT((2.2257083056178013,0.61154608590050308,4.7601625099523481));
#5621=IFCCARTESIANPOINT((2.2237532808399036,0.60687335958002686,4.6907705810079952));
#5622=IFCCARTESIANPOINT((2.2255941635625849,0.61143074004645559,4.5936950964864138));
#5623=IFCCARTESIANPOINT((2.2256137164064862,0.61145090744087738,6.3819369180974199));
#5624=IFCCARTESIANPOINT((2.2303149606299302,0.61343503937005317,6.3206815967061587));
#5625=IFCCARTESIANPOINT((2.2303149606299302,0.61343503937005317,6.3538488430647337));
#5626=IFCCARTESIANPOINT((2.2257767806879669,0.6116126173785863,6.3372652159943144));
#5627=IFCCARTESIANPOINT((2.2257202924265296,0.61155787297711561,6.2894351572298177));
#5628=IFCCARTESIANPOINT((2.2237532808399036,0.60687335958002708,6.3593852532307062));
#5629=IFCCARTESIANPOINT((2.2303149606299302,0.61343503937005317,5.7900057496023738));
#5630=IFCCARTESIANPOINT((2.225765314679391,0.61160161120103729,5.8231729861163464));
#5631=IFCCARTESIANPOINT((2.2237532808399036,0.60687335958002697,5.3915887430829592));
#5632=IFCCARTESIANPOINT((2.2303149606299302,0.61343503937005317,6.4201833121235303));
#5633=IFCCARTESIANPOINT((2.2256033608924302,0.61144024797152885,5.6919393913242446));
#5634=IFCCARTESIANPOINT((2.2256208641287878,0.61145823686353262,5.6251948050989169));
#5635=IFCCARTESIANPOINT((2.2256751521524456,0.61151316765354757,5.4915005797101424));
#5636=IFCCARTESIANPOINT((2.2256935057714093,0.61153144895846312,5.5578350609959077));
#5637=IFCCARTESIANPOINT((2.2256033608736554,0.61144024795215901,5.2247272876738551));
#5638=IFCCARTESIANPOINT((2.2257117016504182,0.61154943148220986,5.2924971358217832));
#5639=IFCCARTESIANPOINT((2.225817406508297,0.61165118843734534,6.0221764299429967));
#5640=IFCCARTESIANPOINT((2.2258344198598148,0.61166714681708467,6.0885109112170266));
#5641=IFCCARTESIANPOINT((2.2255362479163501,0.61136997458110409,4.9577489424793315));
#5642=IFCCARTESIANPOINT((2.2257828511503264,0.61161842283900758,5.02715921048258));
#5643=IFCCARTESIANPOINT((2.225747608924082,0.61158451018915949,5.1598281731878446));
#5644=IFCCARTESIANPOINT((2.2255692291228399,0.61140476930873755,5.0912381151288191));
#5645=IFCCARTESIANPOINT((2.2258174063924221,0.61165118832826804,4.8944902476162335));
#5646=IFCCARTESIANPOINT((2.2255043985232992,0.61133588508528636,4.8242597695720804));
#5647=IFCCARTESIANPOINT((2.2255362479648495,0.61136997463264631,5.9589177362102497));
#5648=IFCCARTESIANPOINT((2.2255525959268079,0.6113872851555433,5.8921731499904864));
#5649=IFCCARTESIANPOINT((2.2258512535962081,0.61168282536989849,6.1548453924904907));
#5650=IFCCARTESIANPOINT((2.2258679052001695,0.61169822638352311,6.2211798737634743));
#5651=IFCCARTESIANPOINT((2.2303149606299302,0.61343503937005317,4.6291523163190798));
#5652=IFCCARTESIANPOINT((2.2237532808399036,0.60687335958002686,4.7575151777227234));
#5653=IFCCARTESIANPOINT((2.2303149606299302,0.61343503937005317,4.7618212780950264));
#5654=IFCCARTESIANPOINT((2.2237532808399036,0.60687335958002697,6.2926406694446877));
#5655=IFCCARTESIANPOINT((2.2303149606299302,0.61343503937005317,6.2875143503475845));
#5656=IFCCARTESIANPOINT((2.2255861500315937,0.6114224245380051,5.7586839775477268));
#5657=IFCCARTESIANPOINT((2.2303149606299302,0.61343503937005317,5.823172995960948));
#5658=IFCCARTESIANPOINT((2.2237532808399036,0.60687335958002697,5.8254285570851421));
#5659=IFCCARTESIANPOINT((2.2256751521024642,0.61151316760356611,5.4251660984199344));
#5660=IFCCARTESIANPOINT((2.2256386621493172,0.61147638838583074,5.358216460169805));
#5661=IFCCARTESIANPOINT((2.2237532808399036,0.60687335958002697,5.6919393765843953));
#5662=IFCCARTESIANPOINT((2.2303149606299302,0.61343503937005317,5.6905040341850013));
#5663=IFCCARTESIANPOINT((2.2237532808399036,0.60687335958002697,5.6251947927983776));
#5664=IFCCARTESIANPOINT((2.2303149606299302,0.61343503937005317,5.624169541467853));
#5665=IFCCARTESIANPOINT((2.2259942657601783,0.6118117031797925,5.6585771286889663));
#5666=IFCCARTESIANPOINT((2.2303149606299302,0.61343503937005317,5.4915005796919072));
#5667=IFCCARTESIANPOINT((2.2237532808399036,0.60687335958002697,5.4917056122976309));
#5668=IFCCARTESIANPOINT((2.2303149606299302,0.61343503937005317,5.5578350605798805));
#5669=IFCCARTESIANPOINT((2.2259673795398252,0.61178804983799906,5.591548027216021));
#5670=IFCCARTESIANPOINT((2.2237532808399036,0.60687335958002697,5.55845020901236));
#5671=IFCCARTESIANPOINT((2.2253564495488147,0.61117089486496612,5.5246773250342267));
#5672=IFCCARTESIANPOINT((2.2237532808399036,0.60687335958002686,5.2247272771535593));
#5673=IFCCARTESIANPOINT((2.2303149606299302,0.61343503937005317,5.2261626324816621));
#5674=IFCCARTESIANPOINT((2.2303149606299302,0.61343503937005317,5.2924971251988113));
#5675=IFCCARTESIANPOINT((2.2237532808399036,0.60687335958002697,5.291471860939577));
#5676=IFCCARTESIANPOINT((2.2254155294977647,0.61123812947636835,5.2586527584071536));
#5677=IFCCARTESIANPOINT((2.2303149606299302,0.61343503937005317,6.0221764267956912));
#5678=IFCCARTESIANPOINT((2.2237532808399036,0.60687335958002697,6.0256623084431959));
#5679=IFCCARTESIANPOINT((2.2303149606299302,0.61343503937005317,6.0885109195128404));
#5680=IFCCARTESIANPOINT((2.2237532808399036,0.60687335958002697,6.0924069051579242));
#5681=IFCCARTESIANPOINT((2.2253542485634865,0.61116835404576086,6.0553557950319448));
#5682=IFCCARTESIANPOINT((2.2237532808399036,0.60687335958002686,4.9577489161520667));
#5683=IFCCARTESIANPOINT((2.2303149606299302,0.61343503937005317,4.9608247089297706));
#5684=IFCCARTESIANPOINT((2.2303149606299302,0.61343503937005317,5.0271592016469189));
#5685=IFCCARTESIANPOINT((2.2237532808399036,0.60687335958002686,5.0244935128667949));
#5686=IFCCARTESIANPOINT((2.2254877888993887,0.61131791296036853,4.9925169406702157));
#5687=IFCCARTESIANPOINT((2.2303149606299302,0.61343503937005317,5.1598281634228655));
#5688=IFCCARTESIANPOINT((2.2237532808399036,0.60687335958002686,5.1579826804388311));
#5689=IFCCARTESIANPOINT((2.2237532808399036,0.60687335958002686,5.0912380966528126));
#5690=IFCCARTESIANPOINT((2.2303149606299302,0.61343503937005317,5.0934936707057163));
#5691=IFCCARTESIANPOINT((2.2259086448644014,0.61173546026196446,5.1254682128792837));
#5692=IFCCARTESIANPOINT((2.2303149606299302,0.61343503937005317,4.8944902398709722));
#5693=IFCCARTESIANPOINT((2.2237532808399036,0.60687335958002686,4.8910043452947596));
#5694=IFCCARTESIANPOINT((2.2237532808399036,0.60687335958002686,4.8242597485800305));
#5695=IFCCARTESIANPOINT((2.2303149606299302,0.61343503937005317,4.8281557471538239));
#5696=IFCCARTESIANPOINT((2.2258302087248314,0.61166320738727065,4.8592982078152867));
#5697=IFCCARTESIANPOINT((2.2237532808399036,0.60687335958002697,5.9589177375858879));
#5698=IFCCARTESIANPOINT((2.2303149606299302,0.61343503937005317,5.9558419577368946));
#5699=IFCCARTESIANPOINT((2.2237532808399036,0.60687335958002697,5.8921731408711597));
#5700=IFCCARTESIANPOINT((2.2254694945378715,0.61129796125899771,5.8576125743654988));
#5701=IFCCARTESIANPOINT((2.2303149606299302,0.61343503937005317,5.8895074650197454));
#5702=IFCCARTESIANPOINT((2.2259957491743245,0.61181300066705036,5.9255567606293038));
#5703=IFCCARTESIANPOINT((2.2303149606299302,0.61343503937005317,6.1548453885716379));
#5704=IFCCARTESIANPOINT((2.2237532808399036,0.60687335958002697,6.1591514889439409));
#5705=IFCCARTESIANPOINT((2.2253523783470115,0.61116619299772534,6.1216905656864871));
#5706=IFCCARTESIANPOINT((2.2303149606299302,0.61343503937005317,6.2211798812887871));
#5707=IFCCARTESIANPOINT((2.2259324028233398,0.61175688584070553,6.2553360765810213));
#5708=IFCCARTESIANPOINT((2.2237532808399036,0.60687335958002708,6.2258960727299595));
#5709=IFCCARTESIANPOINT((2.2253501603168733,0.61116362758078302,6.1880253271916326));
#5710=IFCCARTESIANPOINT((2.2237532808399036,0.60687335958002697,5.7586839732991235));
#5711=IFCCARTESIANPOINT((2.22536726641053,0.6111833437537979,5.7253053589537579));
#5712=IFCCARTESIANPOINT((2.2303149606299302,0.61343503937005317,5.7568385032437988));
#5713=IFCCARTESIANPOINT((2.2303149606299302,0.61343503937005317,5.4251660869747571));
#5714=IFCCARTESIANPOINT((2.2260181056704105,0.61183246021660342,5.4583333390297195));
#5715=IFCCARTESIANPOINT((2.2237532808399036,0.60687335958002697,5.4249610414403229));
#5716=IFCCARTESIANPOINT((2.2237532808399036,0.60687335958002686,5.3582164447255956));
#5717=IFCCARTESIANPOINT((2.2303149606299302,0.61343503937005317,5.3588316060867847));
#5718=IFCCARTESIANPOINT((2.2259869355309911,0.61180528013999125,5.3916735221826055));
#5719=IFCCARTESIANPOINT((2.2237532808399036,0.59374999999997424,6.5262467191601061));
#5720=IFCCARTESIANPOINT((2.4992177035389362,0.59703083989498817,6.4606299212598426));
#5721=IFCCARTESIANPOINT((2.4583333352265155,0.61343503937005373,6.477034120734908));
#5722=IFCCARTESIANPOINT((2.4174489631277494,0.59703083989498795,6.4606299212598426));
#5723=IFCCARTESIANPOINT((2.458333341225643,0.60816862928225301,6.4649905578076563));
#5724=IFCCARTESIANPOINT((2.4010447641218353,0.61343503937005361,6.4770341207349089));
#5725=IFCCARTESIANPOINT((2.5156219025448494,0.61343503937005384,6.477034120734908));
#5726=IFCCARTESIANPOINT((2.3710696239500137,0.60685165967416521,6.4638945142231945));
#5727=IFCCARTESIANPOINT((2.5455970531045322,0.60685165949263853,6.4638945140875173));
#5728=IFCCARTESIANPOINT((2.5243433105458895,0.61343503937005373,6.5196850393700796));
#5729=IFCCARTESIANPOINT((2.4583333333333424,0.60687335958002731,6.5262467191601061));
#5730=IFCCARTESIANPOINT((2.3857616744444279,0.60687335958002719,6.5262467191601061));
#5731=IFCCARTESIANPOINT((2.5756233612441339,0.60687335958002753,6.5262467191601061));
#5732=IFCCARTESIANPOINT((2.3773291336174016,0.6134350393700535,6.5196850393700796));
#5733=IFCCARTESIANPOINT((2.4508362220816453,0.61343503937005361,6.5196850393700796));
#5734=IFCCARTESIANPOINT((2.6053475102618311,0.61343503937005384,6.5196850393700787));
#5735=IFCCARTESIANPOINT((2.3047574793062364,0.60687335958002708,6.526246719160107));
#5736=IFCCARTESIANPOINT((2.3038220451531575,0.61343503937005339,6.5196850393700796));
#5737=IFCCARTESIANPOINT((2.3405755893852795,0.61343503937005339,6.5196850393700796));
#5738=IFCCARTESIANPOINT((2.6119091873604483,0.60687335958002764,6.5262467191601061));
#5739=IFCCARTESIANPOINT((2.6458496061787864,0.61343503937005395,6.5196850393700796));
#5740=IFCCARTESIANPOINT((2.2642553817371409,0.60687335958002697,6.5262467191601061));
#5741=IFCCARTESIANPOINT((2.3452595768753319,0.60687335958002708,6.5262467191601061));
#5742=IFCCARTESIANPOINT((2.6524112849295438,0.60687335958002775,6.5262467191601061));
#5743=IFCCARTESIANPOINT((2.2708170604878992,0.61343503937005328,6.5196850393700796));
#5744=IFCCARTESIANPOINT((2.2873195552593573,0.61149160748274789,6.5243463082934365));
#5745=IFCCARTESIANPOINT((2.5937662748872463,0.61137915940768761,6.5244550927848639));
#5746=IFCCARTESIANPOINT((2.5169783472887381,0.60687335958002753,6.5262467191601061));
#5747=IFCCARTESIANPOINT((2.4875897663137678,0.61343503937005361,6.5196850393700796));
#5748=IFCCARTESIANPOINT((2.5490110272167854,0.61144511541340352,6.5243919162823039));
#5749=IFCCARTESIANPOINT((2.3589523666056964,0.6116138168726728,6.5242219663392342));
#5750=IFCCARTESIANPOINT((2.505966541764876,0.61165747354770206,6.5241759073497843));
#5751=IFCCARTESIANPOINT((2.4004755043582282,0.61172435337789755,6.524103579948128));
#5752=IFCCARTESIANPOINT((2.5648454104038603,0.61343503937005384,6.5196850393700796));
#5753=IFCCARTESIANPOINT((2.3232370268987035,0.61094320794597268,6.5248320750164543));
#5754=IFCCARTESIANPOINT((2.4220475038888853,0.60687335958002731,6.5262467191601061));
#5755=IFCCARTESIANPOINT((2.4401904219169079,0.61136465626454739,6.5244687508745978));
#5756=IFCCARTESIANPOINT((2.4140826778495237,0.6134350393700535,6.5196850393700796));
#5757=IFCCARTESIANPOINT((2.6538717136990186,0.61155513224386393,6.5242825002335341));
#5758=IFCPOLYLOOP((#5201,#5202,#5203,#5200));
#5759=IFCFACEOUTERBOUND(#5758,.T.);
#5760=IFCFACE((#5759));
#5761=IFCPOLYLOOP((#5207,#5204,#5232,#5222,#5223,#5216,#5247,#5225,#5252,#5215,#5238,#5229,#5230,#5217,#5243,#5219,#5220,#5205,#5206));
#5762=IFCFACEOUTERBOUND(#5761,.T.);
#5763=IFCFACE((#5762));
#5764=IFCPOLYLOOP((#5218,#5231,#5240));
#5765=IFCFACEOUTERBOUND(#5764,.T.);
#5766=IFCFACE((#5765));
#5767=IFCPOLYLOOP((#5245,#5249,#5233));
#5768=IFCFACEOUTERBOUND(#5767,.T.);
#5769=IFCFACE((#5768));
#5770=IFCPOLYLOOP((#5257,#5256,#5232));
#5771=IFCFACEOUTERBOUND(#5770,.T.);
#5772=IFCFACE((#5771));
#5773=IFCPOLYLOOP((#5240,#5242,#5218));
#5774=IFCFACEOUTERBOUND(#5773,.T.);
#5775=IFCFACE((#5774));
#5776=IFCPOLYLOOP((#5222,#5232,#5256));
#5777=IFCFACEOUTERBOUND(#5776,.T.);
#5778=IFCFACE((#5777));
#5779=IFCPOLYLOOP((#5236,#5235,#5234));
#5780=IFCFACEOUTERBOUND(#5779,.T.);
#5781=IFCFACE((#5780));
#5782=IFCPOLYLOOP((#5245,#5216,#5223));
#5783=IFCFACEOUTERBOUND(#5782,.T.);
#5784=IFCFACE((#5783));
#5785=IFCPOLYLOOP((#5248,#5227,#5226));
#5786=IFCFACEOUTERBOUND(#5785,.T.);
#5787=IFCFACE((#5786));
#5788=IFCPOLYLOOP((#5258,#5239,#5237));
#5789=IFCFACEOUTERBOUND(#5788,.T.);
#5790=IFCFACE((#5789));
#5791=IFCPOLYLOOP((#5250,#5253,#5252));
#5792=IFCFACEOUTERBOUND(#5791,.T.);
#5793=IFCFACE((#5792));
#5794=IFCPOLYLOOP((#5241,#5242,#5255));
#5795=IFCFACEOUTERBOUND(#5794,.T.);
#5796=IFCFACE((#5795));
#5797=IFCPOLYLOOP((#5210,#5205,#5244));
#5798=IFCFACEOUTERBOUND(#5797,.T.);
#5799=IFCFACE((#5798));
#5800=IFCPOLYLOOP((#5244,#5240,#5231));
#5801=IFCFACEOUTERBOUND(#5800,.T.);
#5802=IFCFACE((#5801));
#5803=IFCPOLYLOOP((#5224,#5256,#5257));
#5804=IFCFACEOUTERBOUND(#5803,.T.);
#5805=IFCFACE((#5804));
#5806=IFCPOLYLOOP((#5250,#5248,#5226));
#5807=IFCFACEOUTERBOUND(#5806,.T.);
#5808=IFCFACE((#5807));
#5809=IFCPOLYLOOP((#5245,#5223,#5249));
#5810=IFCFACEOUTERBOUND(#5809,.T.);
#5811=IFCFACE((#5810));
#5812=IFCPOLYLOOP((#5257,#5232,#5204));
#5813=IFCFACEOUTERBOUND(#5812,.T.);
#5814=IFCFACE((#5813));
#5815=IFCPOLYLOOP((#5257,#5211,#5208));
#5816=IFCFACEOUTERBOUND(#5815,.T.);
#5817=IFCFACE((#5816));
#5818=IFCPOLYLOOP((#5245,#5213,#5246));
#5819=IFCFACEOUTERBOUND(#5818,.T.);
#5820=IFCFACE((#5819));
#5821=IFCPOLYLOOP((#5247,#5246,#5248));
#5822=IFCFACEOUTERBOUND(#5821,.T.);
#5823=IFCFACE((#5822));
#5824=IFCPOLYLOOP((#5236,#5234,#5214));
#5825=IFCFACEOUTERBOUND(#5824,.T.);
#5826=IFCFACE((#5825));
#5827=IFCPOLYLOOP((#5237,#5235,#5229));
#5828=IFCFACEOUTERBOUND(#5827,.T.);
#5829=IFCFACE((#5828));
#5830=IFCPOLYLOOP((#5235,#5230,#5229));
#5831=IFCFACEOUTERBOUND(#5830,.T.);
#5832=IFCFACE((#5831));
#5833=IFCPOLYLOOP((#5244,#5231,#5209));
#5834=IFCFACEOUTERBOUND(#5833,.T.);
#5835=IFCFACE((#5834));
#5836=IFCPOLYLOOP((#5220,#5219,#5240));
#5837=IFCFACEOUTERBOUND(#5836,.T.);
#5838=IFCFACE((#5837));
#5839=IFCPOLYLOOP((#5237,#5228,#5235));
#5840=IFCFACEOUTERBOUND(#5839,.T.);
#5841=IFCFACE((#5840));
#5842=IFCPOLYLOOP((#5256,#5221,#5249));
#5843=IFCFACEOUTERBOUND(#5842,.T.);
#5844=IFCFACE((#5843));
#5845=IFCPOLYLOOP((#5234,#5235,#5228));
#5846=IFCFACEOUTERBOUND(#5845,.T.);
#5847=IFCFACE((#5846));
#5848=IFCPOLYLOOP((#5230,#5235,#5236));
#5849=IFCFACEOUTERBOUND(#5848,.T.);
#5850=IFCFACE((#5849));
#5851=IFCPOLYLOOP((#5236,#5217,#5230));
#5852=IFCFACEOUTERBOUND(#5851,.T.);
#5853=IFCFACE((#5852));
#5854=IFCPOLYLOOP((#5255,#5217,#5236));
#5855=IFCFACEOUTERBOUND(#5854,.T.);
#5856=IFCFACE((#5855));
#5857=IFCPOLYLOOP((#5254,#5212,#5239));
#5858=IFCFACEOUTERBOUND(#5857,.T.);
#5859=IFCFACE((#5858));
#5860=IFCPOLYLOOP((#5239,#5228,#5237));
#5861=IFCFACEOUTERBOUND(#5860,.T.);
#5862=IFCFACE((#5861));
#5863=IFCPOLYLOOP((#5254,#5253,#5212));
#5864=IFCFACEOUTERBOUND(#5863,.T.);
#5865=IFCFACE((#5864));
#5866=IFCPOLYLOOP((#5237,#5229,#5238));
#5867=IFCFACEOUTERBOUND(#5866,.T.);
#5868=IFCFACE((#5867));
#5869=IFCPOLYLOOP((#5244,#5220,#5240));
#5870=IFCFACEOUTERBOUND(#5869,.T.);
#5871=IFCFACE((#5870));
#5872=IFCPOLYLOOP((#5220,#5244,#5205));
#5873=IFCFACEOUTERBOUND(#5872,.T.);
#5874=IFCFACE((#5873));
#5875=IFCPOLYLOOP((#5219,#5242,#5240));
#5876=IFCFACEOUTERBOUND(#5875,.T.);
#5877=IFCFACE((#5876));
#5878=IFCPOLYLOOP((#5242,#5241,#5218));
#5879=IFCFACEOUTERBOUND(#5878,.T.);
#5880=IFCFACE((#5879));
#5881=IFCPOLYLOOP((#5255,#5243,#5217));
#5882=IFCFACEOUTERBOUND(#5881,.T.);
#5883=IFCFACE((#5882));
#5884=IFCPOLYLOOP((#5241,#5255,#5214));
#5885=IFCFACEOUTERBOUND(#5884,.T.);
#5886=IFCFACE((#5885));
#5887=IFCPOLYLOOP((#5242,#5219,#5243));
#5888=IFCFACEOUTERBOUND(#5887,.T.);
#5889=IFCFACE((#5888));
#5890=IFCPOLYLOOP((#5210,#5244,#5209));
#5891=IFCFACEOUTERBOUND(#5890,.T.);
#5892=IFCFACE((#5891));
#5893=IFCPOLYLOOP((#5216,#5245,#5246));
#5894=IFCFACEOUTERBOUND(#5893,.T.);
#5895=IFCFACE((#5894));
#5896=IFCPOLYLOOP((#5213,#5245,#5233));
#5897=IFCFACEOUTERBOUND(#5896,.T.);
#5898=IFCFACE((#5897));
#5899=IFCPOLYLOOP((#5250,#5225,#5248));
#5900=IFCFACEOUTERBOUND(#5899,.T.);
#5901=IFCFACE((#5900));
#5902=IFCPOLYLOOP((#5246,#5213,#5227));
#5903=IFCFACEOUTERBOUND(#5902,.T.);
#5904=IFCFACE((#5903));
#5905=IFCPOLYLOOP((#5247,#5216,#5246));
#5906=IFCFACEOUTERBOUND(#5905,.T.);
#5907=IFCFACE((#5906));
#5908=IFCPOLYLOOP((#5225,#5247,#5248));
#5909=IFCFACEOUTERBOUND(#5908,.T.);
#5910=IFCFACE((#5909));
#5911=IFCPOLYLOOP((#5227,#5248,#5246));
#5912=IFCFACEOUTERBOUND(#5911,.T.);
#5913=IFCFACE((#5912));
#5914=IFCPOLYLOOP((#5233,#5249,#5221));
#5915=IFCFACEOUTERBOUND(#5914,.T.);
#5916=IFCFACE((#5915));
#5917=IFCPOLYLOOP((#5249,#5223,#5222));
#5918=IFCFACEOUTERBOUND(#5917,.T.);
#5919=IFCFACE((#5918));
#5920=IFCPOLYLOOP((#5215,#5252,#5253));
#5921=IFCFACEOUTERBOUND(#5920,.T.);
#5922=IFCFACE((#5921));
#5923=IFCPOLYLOOP((#5252,#5225,#5250));
#5924=IFCFACEOUTERBOUND(#5923,.T.);
#5925=IFCFACE((#5924));
#5926=IFCPOLYLOOP((#5251,#5212,#5253));
#5927=IFCFACEOUTERBOUND(#5926,.T.);
#5928=IFCFACE((#5927));
#5929=IFCPOLYLOOP((#5250,#5226,#5251));
#5930=IFCFACEOUTERBOUND(#5929,.T.);
#5931=IFCFACE((#5930));
#5932=IFCPOLYLOOP((#5254,#5215,#5253));
#5933=IFCFACEOUTERBOUND(#5932,.T.);
#5934=IFCFACE((#5933));
#5935=IFCPOLYLOOP((#5251,#5253,#5250));
#5936=IFCFACEOUTERBOUND(#5935,.T.);
#5937=IFCFACE((#5936));
#5938=IFCPOLYLOOP((#5254,#5238,#5215));
#5939=IFCFACEOUTERBOUND(#5938,.T.);
#5940=IFCFACE((#5939));
#5941=IFCPOLYLOOP((#5258,#5238,#5254));
#5942=IFCFACEOUTERBOUND(#5941,.T.);
#5943=IFCFACE((#5942));
#5944=IFCPOLYLOOP((#5242,#5243,#5255));
#5945=IFCFACEOUTERBOUND(#5944,.T.);
#5946=IFCFACE((#5945));
#5947=IFCPOLYLOOP((#5214,#5255,#5236));
#5948=IFCFACEOUTERBOUND(#5947,.T.);
#5949=IFCFACE((#5948));
#5950=IFCPOLYLOOP((#5222,#5256,#5249));
#5951=IFCFACEOUTERBOUND(#5950,.T.);
#5952=IFCFACE((#5951));
#5953=IFCPOLYLOOP((#5221,#5256,#5224));
#5954=IFCFACEOUTERBOUND(#5953,.T.);
#5955=IFCFACE((#5954));
#5956=IFCPOLYLOOP((#5224,#5257,#5208));
#5957=IFCFACEOUTERBOUND(#5956,.T.);
#5958=IFCFACE((#5957));
#5959=IFCPOLYLOOP((#5211,#5257,#5204));
#5960=IFCFACEOUTERBOUND(#5959,.T.);
#5961=IFCFACE((#5960));
#5962=IFCPOLYLOOP((#5239,#5258,#5254));
#5963=IFCFACEOUTERBOUND(#5962,.T.);
#5964=IFCFACE((#5963));
#5965=IFCPOLYLOOP((#5258,#5237,#5238));
#5966=IFCFACEOUTERBOUND(#5965,.T.);
#5967=IFCFACE((#5966));
#5968=IFCPOLYLOOP((#5312,#5311,#5293));
#5969=IFCFACEOUTERBOUND(#5968,.T.);
#5970=IFCFACE((#5969));
#5971=IFCPOLYLOOP((#5390,#5281,#5356));
#5972=IFCFACEOUTERBOUND(#5971,.T.);
#5973=IFCFACE((#5972));
#5974=IFCPOLYLOOP((#5360,#5400,#5425));
#5975=IFCFACEOUTERBOUND(#5974,.T.);
#5976=IFCFACE((#5975));
#5977=IFCPOLYLOOP((#5430,#5299,#5376));
#5978=IFCFACEOUTERBOUND(#5977,.T.);
#5979=IFCFACE((#5978));
#5980=IFCPOLYLOOP((#5342,#5334,#5313));
#5981=IFCFACEOUTERBOUND(#5980,.T.);
#5982=IFCFACE((#5981));
#5983=IFCPOLYLOOP((#5314,#5278,#5309));
#5984=IFCFACEOUTERBOUND(#5983,.T.);
#5985=IFCFACE((#5984));
#5986=IFCPOLYLOOP((#5404,#5325,#5362,#5286));
#5987=IFCFACEOUTERBOUND(#5986,.T.);
#5988=IFCFACE((#5987));
#5989=IFCPOLYLOOP((#5345,#5346,#5343));
#5990=IFCFACEOUTERBOUND(#5989,.T.);
#5991=IFCFACE((#5990));
#5992=IFCPOLYLOOP((#5307,#5291,#5305,#5306));
#5993=IFCFACEOUTERBOUND(#5992,.T.);
#5994=IFCFACE((#5993));
#5995=IFCPOLYLOOP((#5302,#5437,#5438,#5433));
#5996=IFCFACEOUTERBOUND(#5995,.T.);
#5997=IFCFACE((#5996));
#5998=IFCPOLYLOOP((#5370,#5428,#5427));
#5999=IFCFACEOUTERBOUND(#5998,.T.);
#6000=IFCFACE((#5999));
#6001=IFCPOLYLOOP((#5344,#5346,#5345));
#6002=IFCFACEOUTERBOUND(#6001,.T.);
#6003=IFCFACE((#6002));
#6004=IFCPOLYLOOP((#5369,#5424,#5429));
#6005=IFCFACEOUTERBOUND(#6004,.T.);
#6006=IFCFACE((#6005));
#6007=IFCPOLYLOOP((#5359,#5398,#5401));
#6008=IFCFACEOUTERBOUND(#6007,.T.);
#6009=IFCFACE((#6008));
#6010=IFCPOLYLOOP((#5334,#5276,#5336));
#6011=IFCFACEOUTERBOUND(#6010,.T.);
#6012=IFCFACE((#6011));
#6013=IFCPOLYLOOP((#5329,#5416,#5366));
#6014=IFCFACEOUTERBOUND(#6013,.T.);
#6015=IFCFACE((#6014));
#6016=IFCPOLYLOOP((#5307,#5309,#5278));
#6017=IFCFACEOUTERBOUND(#6016,.T.);
#6018=IFCFACE((#6017));
#6019=IFCPOLYLOOP((#5261,#5262,#5310));
#6020=IFCFACEOUTERBOUND(#6019,.T.);
#6021=IFCFACE((#6020));
#6022=IFCPOLYLOOP((#5305,#5263,#5264));
#6023=IFCFACEOUTERBOUND(#6022,.T.);
#6024=IFCFACE((#6023));
#6025=IFCPOLYLOOP((#5353,#5382,#5385));
#6026=IFCFACEOUTERBOUND(#6025,.T.);
#6027=IFCFACE((#6026));
#6028=IFCPOLYLOOP((#5368,#5421,#5420));
#6029=IFCFACEOUTERBOUND(#6028,.T.);
#6030=IFCFACE((#6029));
#6031=IFCPOLYLOOP((#5354,#5384,#5389));
#6032=IFCFACEOUTERBOUND(#6031,.T.);
#6033=IFCFACE((#6032));
#6034=IFCPOLYLOOP((#5355,#5387,#5391));
#6035=IFCFACEOUTERBOUND(#6034,.T.);
#6036=IFCFACE((#6035));
#6037=IFCPOLYLOOP((#5379,#5433,#5438));
#6038=IFCFACEOUTERBOUND(#6037,.T.);
#6039=IFCFACE((#6038));
#6040=IFCPOLYLOOP((#5327,#5411,#5364));
#6041=IFCFACEOUTERBOUND(#6040,.T.);
#6042=IFCFACE((#6041));
#6043=IFCPOLYLOOP((#5409,#5327,#5364,#5285));
#6044=IFCFACEOUTERBOUND(#6043,.T.);
#6045=IFCFACE((#6044));
#6046=IFCPOLYLOOP((#5325,#5406,#5362));
#6047=IFCFACEOUTERBOUND(#6046,.T.);
#6048=IFCFACE((#6047));
#6049=IFCPOLYLOOP((#5264,#5303,#5306));
#6050=IFCFACEOUTERBOUND(#6049,.T.);
#6051=IFCFACE((#6050));
#6052=IFCPOLYLOOP((#5293,#5311,#5310));
#6053=IFCFACEOUTERBOUND(#6052,.T.);
#6054=IFCFACE((#6053));
#6055=IFCPOLYLOOP((#5287,#5343,#5312));
#6056=IFCFACEOUTERBOUND(#6055,.T.);
#6057=IFCFACE((#6056));
#6058=IFCPOLYLOOP((#5309,#5306,#5290));
#6059=IFCFACEOUTERBOUND(#6058,.T.);
#6060=IFCFACE((#6059));
#6061=IFCPOLYLOOP((#5312,#5343,#5288));
#6062=IFCFACEOUTERBOUND(#6061,.T.);
#6063=IFCFACE((#6062));
#6064=IFCPOLYLOOP((#5310,#5311,#5261));
#6065=IFCFACEOUTERBOUND(#6064,.T.);
#6066=IFCFACE((#6065));
#6067=IFCPOLYLOOP((#5296,#5340,#5339));
#6068=IFCFACEOUTERBOUND(#6067,.T.);
#6069=IFCFACE((#6068));
#6070=IFCPOLYLOOP((#5414,#5329,#5366,#5295));
#6071=IFCFACEOUTERBOUND(#6070,.T.);
#6072=IFCFACE((#6071));
#6073=IFCPOLYLOOP((#5337,#5338,#5339));
#6074=IFCFACEOUTERBOUND(#6073,.T.);
#6075=IFCFACE((#6074));
#6076=IFCPOLYLOOP((#5376,#5432,#5431));
#6077=IFCFACEOUTERBOUND(#6076,.T.);
#6078=IFCFACE((#6077));
#6079=IFCPOLYLOOP((#5367,#5418,#5422));
#6080=IFCFACEOUTERBOUND(#6079,.T.);
#6081=IFCFACE((#6080));
#6082=IFCPOLYLOOP((#5350,#5378,#5420));
#6083=IFCFACEOUTERBOUND(#6082,.T.);
#6084=IFCFACE((#6083));
#6085=IFCPOLYLOOP((#5321,#5396,#5358));
#6086=IFCFACEOUTERBOUND(#6085,.T.);
#6087=IFCFACE((#6086));
#6088=IFCPOLYLOOP((#5394,#5321,#5358,#5301));
#6089=IFCFACEOUTERBOUND(#6088,.T.);
#6090=IFCFACE((#6089));
#6091=IFCPOLYLOOP((#5434,#5386,#5268,#5433));
#6092=IFCFACEOUTERBOUND(#6091,.T.);
#6093=IFCFACE((#6092));
#6094=IFCPOLYLOOP((#5264,#5259,#5303));
#6095=IFCFACEOUTERBOUND(#6094,.T.);
#6096=IFCFACE((#6095));
#6097=IFCPOLYLOOP((#5304,#5260,#5261));
#6098=IFCFACEOUTERBOUND(#6097,.T.);
#6099=IFCFACE((#6098));
#6100=IFCPOLYLOOP((#5264,#5306,#5305));
#6101=IFCFACEOUTERBOUND(#6100,.T.);
#6102=IFCFACE((#6101));
#6103=IFCPOLYLOOP((#5306,#5303,#5290));
#6104=IFCFACEOUTERBOUND(#6103,.T.);
#6105=IFCFACE((#6104));
#6106=IFCPOLYLOOP((#5308,#5277,#5309,#5290));
#6107=IFCFACEOUTERBOUND(#6106,.T.);
#6108=IFCFACE((#6107));
#6109=IFCPOLYLOOP((#5307,#5306,#5309));
#6110=IFCFACEOUTERBOUND(#6109,.T.);
#6111=IFCFACE((#6110));
#6112=IFCPOLYLOOP((#5353,#5381,#5431));
#6113=IFCFACEOUTERBOUND(#6112,.T.);
#6114=IFCFACE((#6113));
#6115=IFCPOLYLOOP((#5304,#5261,#5311));
#6116=IFCFACEOUTERBOUND(#6115,.T.);
#6117=IFCFACE((#6116));
#6118=IFCPOLYLOOP((#5311,#5292,#5304));
#6119=IFCFACEOUTERBOUND(#6118,.T.);
#6120=IFCFACE((#6119));
#6121=IFCPOLYLOOP((#5292,#5311,#5312));
#6122=IFCFACEOUTERBOUND(#6121,.T.);
#6123=IFCFACE((#6122));
#6124=IFCPOLYLOOP((#5292,#5312,#5288));
#6125=IFCFACEOUTERBOUND(#6124,.T.);
#6126=IFCFACE((#6125));
#6127=IFCPOLYLOOP((#5352,#5287,#5312,#5293));
#6128=IFCFACEOUTERBOUND(#6127,.T.);
#6129=IFCFACE((#6128));
#6130=IFCPOLYLOOP((#5277,#5314,#5309));
#6131=IFCFACEOUTERBOUND(#6130,.T.);
#6132=IFCFACE((#6131));
#6133=IFCPOLYLOOP((#5335,#5278,#5314));
#6134=IFCFACEOUTERBOUND(#6133,.T.);
#6135=IFCFACE((#6134));
#6136=IFCPOLYLOOP((#5336,#5275,#5334));
#6137=IFCFACEOUTERBOUND(#6136,.T.);
#6138=IFCFACE((#6137));
#6139=IFCPOLYLOOP((#5315,#5276,#5334));
#6140=IFCFACEOUTERBOUND(#6139,.T.);
#6141=IFCFACE((#6140));
#6142=IFCPOLYLOOP((#5277,#5342,#5314));
#6143=IFCFACEOUTERBOUND(#6142,.T.);
#6144=IFCFACE((#6143));
#6145=IFCPOLYLOOP((#5383,#5316,#5354,#5281));
#6146=IFCFACEOUTERBOUND(#6145,.T.);
#6147=IFCFACE((#6146));
#6148=IFCPOLYLOOP((#5355,#5386,#5434));
#6149=IFCFACEOUTERBOUND(#6148,.T.);
#6150=IFCFACE((#6149));
#6151=IFCPOLYLOOP((#5388,#5318,#5356));
#6152=IFCFACEOUTERBOUND(#6151,.T.);
#6153=IFCFACE((#6152));
#6154=IFCPOLYLOOP((#5320,#5395,#5396,#5392));
#6155=IFCFACEOUTERBOUND(#6154,.T.);
#6156=IFCFACE((#6155));
#6157=IFCPOLYLOOP((#5357,#5392,#5396));
#6158=IFCFACEOUTERBOUND(#6157,.T.);
#6159=IFCFACE((#6158));
#6160=IFCPOLYLOOP((#5397,#5270,#5359,#5322));
#6161=IFCFACEOUTERBOUND(#6160,.T.);
#6162=IFCFACE((#6161));
#6163=IFCPOLYLOOP((#5399,#5322,#5360,#5274));
#6164=IFCFACEOUTERBOUND(#6163,.T.);
#6165=IFCFACE((#6164));
#6166=IFCPOLYLOOP((#5406,#5361,#5324));
#6167=IFCFACEOUTERBOUND(#6166,.T.);
#6168=IFCFACE((#6167));
#6169=IFCPOLYLOOP((#5402,#5324,#5361,#5266));
#6170=IFCFACEOUTERBOUND(#6169,.T.);
#6171=IFCFACE((#6170));
#6172=IFCPOLYLOOP((#5326,#5410,#5411,#5407));
#6173=IFCFACEOUTERBOUND(#6172,.T.);
#6174=IFCFACE((#6173));
#6175=IFCPOLYLOOP((#5363,#5407,#5411));
#6176=IFCFACEOUTERBOUND(#6175,.T.);
#6177=IFCFACE((#6176));
#6178=IFCPOLYLOOP((#5416,#5365,#5328));
#6179=IFCFACEOUTERBOUND(#6178,.T.);
#6180=IFCFACE((#6179));
#6181=IFCPOLYLOOP((#5412,#5328,#5365,#5269));
#6182=IFCFACEOUTERBOUND(#6181,.T.);
#6183=IFCFACE((#6182));
#6184=IFCPOLYLOOP((#5417,#5267,#5367,#5330));
#6185=IFCFACEOUTERBOUND(#6184,.T.);
#6186=IFCFACE((#6185));
#6187=IFCPOLYLOOP((#5419,#5330,#5368,#5298));
#6188=IFCFACEOUTERBOUND(#6187,.T.);
#6189=IFCFACE((#6188));
#6190=IFCPOLYLOOP((#5423,#5274,#5369,#5332));
#6191=IFCFACEOUTERBOUND(#6190,.T.);
#6192=IFCFACE((#6191));
#6193=IFCPOLYLOOP((#5426,#5332,#5370,#5271));
#6194=IFCFACEOUTERBOUND(#6193,.T.);
#6195=IFCFACE((#6194));
#6196=IFCPOLYLOOP((#5315,#5334,#5342));
#6197=IFCFACEOUTERBOUND(#6196,.T.);
#6198=IFCFACE((#6197));
#6199=IFCPOLYLOOP((#5371,#5313,#5334,#5275));
#6200=IFCFACEOUTERBOUND(#6199,.T.);
#6201=IFCFACE((#6200));
#6202=IFCPOLYLOOP((#5372,#5295,#5340,#5296));
#6203=IFCFACEOUTERBOUND(#6202,.T.);
#6204=IFCFACE((#6203));
#6205=IFCPOLYLOOP((#5313,#5335,#5342));
#6206=IFCFACEOUTERBOUND(#6205,.T.);
#6207=IFCFACE((#6206));
#6208=IFCPOLYLOOP((#5336,#5341,#5339));
#6209=IFCFACEOUTERBOUND(#6208,.T.);
#6210=IFCFACE((#6209));
#6211=IFCPOLYLOOP((#5339,#5338,#5336));
#6212=IFCFACEOUTERBOUND(#6211,.T.);
#6213=IFCFACE((#6212));
#6214=IFCPOLYLOOP((#5338,#5275,#5336));
#6215=IFCFACEOUTERBOUND(#6214,.T.);
#6216=IFCFACE((#6215));
#6217=IFCPOLYLOOP((#5340,#5337,#5339));
#6218=IFCFACEOUTERBOUND(#6217,.T.);
#6219=IFCFACE((#6218));
#6220=IFCPOLYLOOP((#5315,#5342,#5277));
#6221=IFCFACEOUTERBOUND(#6220,.T.);
#6222=IFCFACE((#6221));
#6223=IFCPOLYLOOP((#5373,#5337,#5340,#5294));
#6224=IFCFACEOUTERBOUND(#6223,.T.);
#6225=IFCFACE((#6224));
#6226=IFCPOLYLOOP((#5294,#5340,#5366));
#6227=IFCFACEOUTERBOUND(#6226,.T.);
#6228=IFCFACE((#6227));
#6229=IFCPOLYLOOP((#5296,#5339,#5341));
#6230=IFCFACEOUTERBOUND(#6229,.T.);
#6231=IFCFACE((#6230));
#6232=IFCPOLYLOOP((#5336,#5276,#5341));
#6233=IFCFACEOUTERBOUND(#6232,.T.);
#6234=IFCFACE((#6233));
#6235=IFCPOLYLOOP((#5314,#5342,#5335));
#6236=IFCFACEOUTERBOUND(#6235,.T.);
#6237=IFCFACE((#6236));
#6238=IFCPOLYLOOP((#5289,#5348,#5346));
#6239=IFCFACEOUTERBOUND(#6238,.T.);
#6240=IFCFACE((#6239));
#6241=IFCPOLYLOOP((#5346,#5347,#5289));
#6242=IFCFACEOUTERBOUND(#6241,.T.);
#6243=IFCFACE((#6242));
#6244=IFCPOLYLOOP((#5344,#5347,#5346));
#6245=IFCFACEOUTERBOUND(#6244,.T.);
#6246=IFCFACE((#6245));
#6247=IFCPOLYLOOP((#5343,#5346,#5348));
#6248=IFCFACEOUTERBOUND(#6247,.T.);
#6249=IFCFACE((#6248));
#6250=IFCPOLYLOOP((#5343,#5287,#5345));
#6251=IFCFACEOUTERBOUND(#6250,.T.);
#6252=IFCFACE((#6251));
#6253=IFCPOLYLOOP((#5374,#5289,#5347,#5272));
#6254=IFCFACEOUTERBOUND(#6253,.T.);
#6255=IFCFACE((#6254));
#6256=IFCPOLYLOOP((#5333,#5429,#5424));
#6257=IFCFACEOUTERBOUND(#6256,.T.);
#6258=IFCFACE((#6257));
#6259=IFCPOLYLOOP((#5347,#5375,#5427));
#6260=IFCFACEOUTERBOUND(#6259,.T.);
#6261=IFCFACE((#6260));
#6262=IFCPOLYLOOP((#5348,#5288,#5343));
#6263=IFCFACEOUTERBOUND(#6262,.T.);
#6264=IFCFACE((#6263));
#6265=IFCPOLYLOOP((#5331,#5422,#5418));
#6266=IFCFACEOUTERBOUND(#6265,.T.);
#6267=IFCFACE((#6266));
#6268=IFCPOLYLOOP((#5377,#5349,#5350,#5297));
#6269=IFCFACEOUTERBOUND(#6268,.T.);
#6270=IFCFACE((#6269));
#6271=IFCPOLYLOOP((#5299,#5350,#5376));
#6272=IFCFACEOUTERBOUND(#6271,.T.);
#6273=IFCFACE((#6272));
#6274=IFCPOLYLOOP((#5385,#5354,#5316));
#6275=IFCFACEOUTERBOUND(#6274,.T.);
#6276=IFCFACE((#6275));
#6277=IFCPOLYLOOP((#5436,#5351,#5380,#5300));
#6278=IFCFACEOUTERBOUND(#6277,.T.);
#6279=IFCFACE((#6278));
#6280=IFCPOLYLOOP((#5355,#5434,#5265));
#6281=IFCFACEOUTERBOUND(#6280,.T.);
#6282=IFCFACE((#6281));
#6283=IFCPOLYLOOP((#5319,#5390,#5391,#5387));
#6284=IFCFACEOUTERBOUND(#6283,.T.);
#6285=IFCFACE((#6284));
#6286=IFCPOLYLOOP((#5385,#5384,#5354));
#6287=IFCFACEOUTERBOUND(#6286,.T.);
#6288=IFCFACE((#6287));
#6289=IFCPOLYLOOP((#5391,#5356,#5318));
#6290=IFCFACEOUTERBOUND(#6289,.T.);
#6291=IFCFACE((#6290));
#6292=IFCPOLYLOOP((#5379,#5265,#5434));
#6293=IFCFACEOUTERBOUND(#6292,.T.);
#6294=IFCFACE((#6293));
#6295=IFCPOLYLOOP((#5356,#5389,#5388));
#6296=IFCFACEOUTERBOUND(#6295,.T.);
#6297=IFCFACE((#6296));
#6298=IFCPOLYLOOP((#5391,#5390,#5356));
#6299=IFCFACEOUTERBOUND(#6298,.T.);
#6300=IFCFACE((#6299));
#6301=IFCPOLYLOOP((#5284,#5357,#5363));
#6302=IFCFACEOUTERBOUND(#6301,.T.);
#6303=IFCFACE((#6302));
#6304=IFCPOLYLOOP((#5393,#5283,#5357,#5321));
#6305=IFCFACEOUTERBOUND(#6304,.T.);
#6306=IFCFACE((#6305));
#6307=IFCPOLYLOOP((#5301,#5358,#5380));
#6308=IFCFACEOUTERBOUND(#6307,.T.);
#6309=IFCFACE((#6308));
#6310=IFCPOLYLOOP((#5395,#5300,#5358));
#6311=IFCFACEOUTERBOUND(#6310,.T.);
#6312=IFCFACE((#6311));
#6313=IFCPOLYLOOP((#5401,#5360,#5322));
#6314=IFCFACEOUTERBOUND(#6313,.T.);
#6315=IFCFACE((#6314));
#6316=IFCPOLYLOOP((#5267,#5359,#5367));
#6317=IFCFACEOUTERBOUND(#6316,.T.);
#6318=IFCFACE((#6317));
#6319=IFCPOLYLOOP((#5425,#5369,#5274));
#6320=IFCFACEOUTERBOUND(#6319,.T.);
#6321=IFCFACE((#6320));
#6322=IFCPOLYLOOP((#5323,#5360,#5401));
#6323=IFCFACEOUTERBOUND(#6322,.T.);
#6324=IFCFACE((#6323));
#6325=IFCPOLYLOOP((#5266,#5361,#5365));
#6326=IFCFACEOUTERBOUND(#6325,.T.);
#6327=IFCFACE((#6326));
#6328=IFCPOLYLOOP((#5403,#5269,#5361));
#6329=IFCFACEOUTERBOUND(#6328,.T.);
#6330=IFCFACE((#6329));
#6331=IFCPOLYLOOP((#5286,#5362,#5364));
#6332=IFCFACEOUTERBOUND(#6331,.T.);
#6333=IFCFACE((#6332));
#6334=IFCPOLYLOOP((#5405,#5285,#5362));
#6335=IFCFACEOUTERBOUND(#6334,.T.);
#6336=IFCFACE((#6335));
#6337=IFCPOLYLOOP((#5283,#5363,#5357));
#6338=IFCFACEOUTERBOUND(#6337,.T.);
#6339=IFCFACE((#6338));
#6340=IFCPOLYLOOP((#5408,#5284,#5363));
#6341=IFCFACEOUTERBOUND(#6340,.T.);
#6342=IFCFACE((#6341));
#6343=IFCPOLYLOOP((#5285,#5364,#5362));
#6344=IFCFACEOUTERBOUND(#6343,.T.);
#6345=IFCFACE((#6344));
#6346=IFCPOLYLOOP((#5410,#5286,#5364));
#6347=IFCFACEOUTERBOUND(#6346,.T.);
#6348=IFCFACE((#6347));
#6349=IFCPOLYLOOP((#5269,#5365,#5361));
#6350=IFCFACEOUTERBOUND(#6349,.T.);
#6351=IFCFACE((#6350));
#6352=IFCPOLYLOOP((#5413,#5266,#5365));
#6353=IFCFACEOUTERBOUND(#6352,.T.);
#6354=IFCFACE((#6353));
#6355=IFCPOLYLOOP((#5295,#5366,#5340));
#6356=IFCFACEOUTERBOUND(#6355,.T.);
#6357=IFCFACE((#6356));
#6358=IFCPOLYLOOP((#5415,#5294,#5366));
#6359=IFCFACEOUTERBOUND(#6358,.T.);
#6360=IFCFACE((#6359));
#6361=IFCPOLYLOOP((#5422,#5368,#5330));
#6362=IFCFACEOUTERBOUND(#6361,.T.);
#6363=IFCFACE((#6362));
#6364=IFCPOLYLOOP((#5270,#5367,#5359));
#6365=IFCFACEOUTERBOUND(#6364,.T.);
#6366=IFCFACE((#6365));
#6367=IFCPOLYLOOP((#5420,#5298,#5368));
#6368=IFCFACEOUTERBOUND(#6367,.T.);
#6369=IFCFACE((#6368));
#6370=IFCPOLYLOOP((#5331,#5368,#5422));
#6371=IFCFACEOUTERBOUND(#6370,.T.);
#6372=IFCFACE((#6371));
#6373=IFCPOLYLOOP((#5429,#5370,#5332));
#6374=IFCFACEOUTERBOUND(#6373,.T.);
#6375=IFCFACE((#6374));
#6376=IFCPOLYLOOP((#5273,#5369,#5425));
#6377=IFCFACEOUTERBOUND(#6376,.T.);
#6378=IFCFACE((#6377));
#6379=IFCPOLYLOOP((#5427,#5271,#5370));
#6380=IFCFACEOUTERBOUND(#6379,.T.);
#6381=IFCFACE((#6380));
#6382=IFCPOLYLOOP((#5333,#5370,#5429));
#6383=IFCFACEOUTERBOUND(#6382,.T.);
#6384=IFCFACE((#6383));
#6385=IFCPOLYLOOP((#5376,#5431,#5430));
#6386=IFCFACEOUTERBOUND(#6385,.T.);
#6387=IFCFACE((#6386));
#6388=IFCPOLYLOOP((#5347,#5344,#5375));
#6389=IFCFACEOUTERBOUND(#6388,.T.);
#6390=IFCFACE((#6389));
#6391=IFCPOLYLOOP((#5349,#5376,#5350));
#6392=IFCFACEOUTERBOUND(#6391,.T.);
#6393=IFCFACE((#6392));
#6394=IFCPOLYLOOP((#5435,#5265,#5379,#5351));
#6395=IFCFACEOUTERBOUND(#6394,.T.);
#6396=IFCFACE((#6395));
#6397=IFCPOLYLOOP((#5350,#5299,#5378));
#6398=IFCFACEOUTERBOUND(#6397,.T.);
#6399=IFCFACE((#6398));
#6400=IFCPOLYLOOP((#5380,#5351,#5438));
#6401=IFCFACEOUTERBOUND(#6400,.T.);
#6402=IFCFACE((#6401));
#6403=IFCPOLYLOOP((#5300,#5380,#5358));
#6404=IFCFACEOUTERBOUND(#6403,.T.);
#6405=IFCFACE((#6404));
#6406=IFCPOLYLOOP((#5437,#5301,#5380));
#6407=IFCFACEOUTERBOUND(#6406,.T.);
#6408=IFCFACE((#6407));
#6409=IFCPOLYLOOP((#5317,#5384,#5385,#5382));
#6410=IFCFACEOUTERBOUND(#6409,.T.);
#6411=IFCFACE((#6410));
#6412=IFCPOLYLOOP((#5353,#5316,#5381));
#6413=IFCFACEOUTERBOUND(#6412,.T.);
#6414=IFCFACE((#6413));
#6415=IFCPOLYLOOP((#5353,#5279,#5382));
#6416=IFCFACEOUTERBOUND(#6415,.T.);
#6417=IFCFACE((#6416));
#6418=IFCPOLYLOOP((#5353,#5385,#5316));
#6419=IFCFACEOUTERBOUND(#6418,.T.);
#6420=IFCFACE((#6419));
#6421=IFCPOLYLOOP((#5282,#5388,#5389,#5384));
#6422=IFCFACEOUTERBOUND(#6421,.T.);
#6423=IFCFACE((#6422));
#6424=IFCPOLYLOOP((#5386,#5355,#5318));
#6425=IFCFACEOUTERBOUND(#6424,.T.);
#6426=IFCFACE((#6425));
#6427=IFCPOLYLOOP((#5355,#5265,#5387));
#6428=IFCFACEOUTERBOUND(#6427,.T.);
#6429=IFCFACE((#6428));
#6430=IFCPOLYLOOP((#5354,#5389,#5281));
#6431=IFCFACEOUTERBOUND(#6430,.T.);
#6432=IFCFACE((#6431));
#6433=IFCPOLYLOOP((#5389,#5356,#5281));
#6434=IFCFACEOUTERBOUND(#6433,.T.);
#6435=IFCFACE((#6434));
#6436=IFCPOLYLOOP((#5355,#5391,#5318));
#6437=IFCFACEOUTERBOUND(#6436,.T.);
#6438=IFCFACE((#6437));
#6439=IFCPOLYLOOP((#5357,#5396,#5321));
#6440=IFCFACEOUTERBOUND(#6439,.T.);
#6441=IFCFACE((#6440));
#6442=IFCPOLYLOOP((#5357,#5284,#5392));
#6443=IFCFACEOUTERBOUND(#6442,.T.);
#6444=IFCFACE((#6443));
#6445=IFCPOLYLOOP((#5358,#5396,#5395));
#6446=IFCFACEOUTERBOUND(#6445,.T.);
#6447=IFCFACE((#6446));
#6448=IFCPOLYLOOP((#5323,#5401,#5398));
#6449=IFCFACEOUTERBOUND(#6448,.T.);
#6450=IFCFACE((#6449));
#6451=IFCPOLYLOOP((#5359,#5267,#5398));
#6452=IFCFACEOUTERBOUND(#6451,.T.);
#6453=IFCFACE((#6452));
#6454=IFCPOLYLOOP((#5360,#5323,#5400));
#6455=IFCFACEOUTERBOUND(#6454,.T.);
#6456=IFCFACE((#6455));
#6457=IFCPOLYLOOP((#5359,#5401,#5322));
#6458=IFCFACEOUTERBOUND(#6457,.T.);
#6459=IFCFACE((#6458));
#6460=IFCPOLYLOOP((#5403,#5361,#5406));
#6461=IFCFACEOUTERBOUND(#6460,.T.);
#6462=IFCFACE((#6461));
#6463=IFCPOLYLOOP((#5325,#5403,#5406));
#6464=IFCFACEOUTERBOUND(#6463,.T.);
#6465=IFCFACE((#6464));
#6466=IFCPOLYLOOP((#5324,#5405,#5406));
#6467=IFCFACEOUTERBOUND(#6466,.T.);
#6468=IFCFACE((#6467));
#6469=IFCPOLYLOOP((#5362,#5406,#5405));
#6470=IFCFACEOUTERBOUND(#6469,.T.);
#6471=IFCFACE((#6470));
#6472=IFCPOLYLOOP((#5408,#5363,#5411));
#6473=IFCFACEOUTERBOUND(#6472,.T.);
#6474=IFCFACE((#6473));
#6475=IFCPOLYLOOP((#5363,#5283,#5407));
#6476=IFCFACEOUTERBOUND(#6475,.T.);
#6477=IFCFACE((#6476));
#6478=IFCPOLYLOOP((#5327,#5408,#5411));
#6479=IFCFACEOUTERBOUND(#6478,.T.);
#6480=IFCFACE((#6479));
#6481=IFCPOLYLOOP((#5364,#5411,#5410));
#6482=IFCFACEOUTERBOUND(#6481,.T.);
#6483=IFCFACE((#6482));
#6484=IFCPOLYLOOP((#5413,#5365,#5416));
#6485=IFCFACEOUTERBOUND(#6484,.T.);
#6486=IFCFACE((#6485));
#6487=IFCPOLYLOOP((#5329,#5413,#5416));
#6488=IFCFACEOUTERBOUND(#6487,.T.);
#6489=IFCFACE((#6488));
#6490=IFCPOLYLOOP((#5328,#5415,#5416));
#6491=IFCFACEOUTERBOUND(#6490,.T.);
#6492=IFCFACE((#6491));
#6493=IFCPOLYLOOP((#5366,#5416,#5415));
#6494=IFCFACEOUTERBOUND(#6493,.T.);
#6495=IFCFACE((#6494));
#6496=IFCPOLYLOOP((#5298,#5420,#5378));
#6497=IFCFACEOUTERBOUND(#6496,.T.);
#6498=IFCFACE((#6497));
#6499=IFCPOLYLOOP((#5367,#5270,#5418));
#6500=IFCFACEOUTERBOUND(#6499,.T.);
#6501=IFCFACE((#6500));
#6502=IFCPOLYLOOP((#5350,#5420,#5297));
#6503=IFCFACEOUTERBOUND(#6502,.T.);
#6504=IFCFACE((#6503));
#6505=IFCPOLYLOOP((#5297,#5420,#5421));
#6506=IFCFACEOUTERBOUND(#6505,.T.);
#6507=IFCFACE((#6506));
#6508=IFCPOLYLOOP((#5368,#5331,#5421));
#6509=IFCFACEOUTERBOUND(#6508,.T.);
#6510=IFCFACE((#6509));
#6511=IFCPOLYLOOP((#5367,#5422,#5330));
#6512=IFCFACEOUTERBOUND(#6511,.T.);
#6513=IFCFACE((#6512));
#6514=IFCPOLYLOOP((#5273,#5425,#5400));
#6515=IFCFACEOUTERBOUND(#6514,.T.);
#6516=IFCFACE((#6515));
#6517=IFCPOLYLOOP((#5369,#5273,#5424));
#6518=IFCFACEOUTERBOUND(#6517,.T.);
#6519=IFCFACE((#6518));
#6520=IFCPOLYLOOP((#5360,#5425,#5274));
#6521=IFCFACEOUTERBOUND(#6520,.T.);
#6522=IFCFACE((#6521));
#6523=IFCPOLYLOOP((#5271,#5427,#5375));
#6524=IFCFACEOUTERBOUND(#6523,.T.);
#6525=IFCFACE((#6524));
#6526=IFCPOLYLOOP((#5347,#5427,#5272));
#6527=IFCFACEOUTERBOUND(#6526,.T.);
#6528=IFCFACE((#6527));
#6529=IFCPOLYLOOP((#5272,#5427,#5428));
#6530=IFCFACEOUTERBOUND(#6529,.T.);
#6531=IFCFACE((#6530));
#6532=IFCPOLYLOOP((#5370,#5333,#5428));
#6533=IFCFACEOUTERBOUND(#6532,.T.);
#6534=IFCFACE((#6533));
#6535=IFCPOLYLOOP((#5369,#5429,#5332));
#6536=IFCFACEOUTERBOUND(#6535,.T.);
#6537=IFCFACE((#6536));
#6538=IFCPOLYLOOP((#5280,#5430,#5431,#5381));
#6539=IFCFACEOUTERBOUND(#6538,.T.);
#6540=IFCFACE((#6539));
#6541=IFCPOLYLOOP((#5353,#5431,#5279));
#6542=IFCFACEOUTERBOUND(#6541,.T.);
#6543=IFCFACE((#6542));
#6544=IFCPOLYLOOP((#5279,#5431,#5432));
#6545=IFCFACEOUTERBOUND(#6544,.T.);
#6546=IFCFACE((#6545));
#6547=IFCPOLYLOOP((#5376,#5349,#5432));
#6548=IFCFACEOUTERBOUND(#6547,.T.);
#6549=IFCFACE((#6548));
#6550=IFCPOLYLOOP((#5379,#5434,#5433));
#6551=IFCFACEOUTERBOUND(#6550,.T.);
#6552=IFCFACE((#6551));
#6553=IFCPOLYLOOP((#5379,#5438,#5351));
#6554=IFCFACEOUTERBOUND(#6553,.T.);
#6555=IFCFACE((#6554));
#6556=IFCPOLYLOOP((#5380,#5438,#5437));
#6557=IFCFACEOUTERBOUND(#6556,.T.);
#6558=IFCFACE((#6557));
#6559=IFCPOLYLOOP((#5440,#5260,#5304,#5292,#5288,#5348,#5289,#5374,#5272,#5428,#5333,#5424,#5273,#5400,#5323,#5398,#5267,#5417,#5330,#5419,#5298,#5378,#5299,#5430,#5280,#5381,#5316,#5383,#5281,#5390,#5319,#5387,#5265,#5435,#5351,#5436,#5300,#5395,#5320,#5392,#5284,#5408,#5327,#5409,#5285,#5405,#5324,#5402,#5266,#5413,#5329,#5414,#5295,#5372,#5296,#5341,#5276,#5315,#5277,#5308,#5290,#5303,#5259,#5439));
#6560=IFCFACEOUTERBOUND(#6559,.T.);
#6561=IFCFACE((#6560));
#6562=IFCPOLYLOOP((#5442,#5202,#5201,#5441));
#6563=IFCFACEOUTERBOUND(#6562,.T.);
#6564=IFCFACE((#6563));
#6565=IFCPOLYLOOP((#5444,#5206,#5205,#5449,#5447,#5443));
#6566=IFCFACEOUTERBOUND(#6565,.T.);
#6567=IFCFACE((#6566));
#6568=IFCPOLYLOOP((#5448,#5452,#5450,#5451));
#6569=IFCFACEOUTERBOUND(#6568,.T.);
#6570=IFCFACE((#6569));
#6571=IFCPOLYLOOP((#5453,#5210,#5451));
#6572=IFCFACEOUTERBOUND(#6571,.T.);
#6573=IFCFACE((#6572));
#6574=IFCPOLYLOOP((#5454,#5446,#5443));
#6575=IFCFACEOUTERBOUND(#6574,.T.);
#6576=IFCFACE((#6575));
#6577=IFCPOLYLOOP((#5454,#5447,#5450));
#6578=IFCFACEOUTERBOUND(#6577,.T.);
#6579=IFCFACE((#6578));
#6580=IFCPOLYLOOP((#5453,#5449,#5205));
#6581=IFCFACEOUTERBOUND(#6580,.T.);
#6582=IFCFACE((#6581));
#6583=IFCPOLYLOOP((#5447,#5449,#5450));
#6584=IFCFACEOUTERBOUND(#6583,.T.);
#6585=IFCFACE((#6584));
#6586=IFCPOLYLOOP((#5454,#5450,#5452));
#6587=IFCFACEOUTERBOUND(#6586,.T.);
#6588=IFCFACE((#6587));
#6589=IFCPOLYLOOP((#5450,#5453,#5451));
#6590=IFCFACEOUTERBOUND(#6589,.T.);
#6591=IFCFACE((#6590));
#6592=IFCPOLYLOOP((#5450,#5449,#5453));
#6593=IFCFACEOUTERBOUND(#6592,.T.);
#6594=IFCFACE((#6593));
#6595=IFCPOLYLOOP((#5210,#5209,#5451));
#6596=IFCFACEOUTERBOUND(#6595,.T.);
#6597=IFCFACE((#6596));
#6598=IFCPOLYLOOP((#5452,#5445,#5446));
#6599=IFCFACEOUTERBOUND(#6598,.T.);
#6600=IFCFACE((#6599));
#6601=IFCPOLYLOOP((#5210,#5453,#5205));
#6602=IFCFACEOUTERBOUND(#6601,.T.);
#6603=IFCFACE((#6602));
#6604=IFCPOLYLOOP((#5447,#5454,#5443));
#6605=IFCFACEOUTERBOUND(#6604,.T.);
#6606=IFCFACE((#6605));
#6607=IFCPOLYLOOP((#5446,#5454,#5452));
#6608=IFCFACEOUTERBOUND(#6607,.T.);
#6609=IFCFACE((#6608));
#6610=IFCPOLYLOOP((#5474,#5470,#5465));
#6611=IFCFACEOUTERBOUND(#6610,.T.);
#6612=IFCFACE((#6611));
#6613=IFCPOLYLOOP((#5481,#5485,#5486));
#6614=IFCFACEOUTERBOUND(#6613,.T.);
#6615=IFCFACE((#6614));
#6616=IFCPOLYLOOP((#5468,#5487,#5475));
#6617=IFCFACEOUTERBOUND(#6616,.T.);
#6618=IFCFACE((#6617));
#6619=IFCPOLYLOOP((#5479,#5460,#5481));
#6620=IFCFACEOUTERBOUND(#6619,.T.);
#6621=IFCFACE((#6620));
#6622=IFCPOLYLOOP((#5468,#5475,#5461));
#6623=IFCFACEOUTERBOUND(#6622,.T.);
#6624=IFCFACE((#6623));
#6625=IFCPOLYLOOP((#5475,#5482,#5478));
#6626=IFCFACEOUTERBOUND(#6625,.T.);
#6627=IFCFACE((#6626));
#6628=IFCPOLYLOOP((#5487,#5472,#5456));
#6629=IFCFACEOUTERBOUND(#6628,.T.);
#6630=IFCFACE((#6629));
#6631=IFCPOLYLOOP((#5460,#5479,#5471));
#6632=IFCFACEOUTERBOUND(#6631,.T.);
#6633=IFCFACE((#6632));
#6634=IFCPOLYLOOP((#5467,#5479,#5462));
#6635=IFCFACEOUTERBOUND(#6634,.T.);
#6636=IFCFACE((#6635));
#6637=IFCPOLYLOOP((#5480,#5485,#5459));
#6638=IFCFACEOUTERBOUND(#6637,.T.);
#6639=IFCFACE((#6638));
#6640=IFCPOLYLOOP((#5461,#5475,#5478));
#6641=IFCFACEOUTERBOUND(#6640,.T.);
#6642=IFCFACE((#6641));
#6643=IFCPOLYLOOP((#5483,#5474,#5465));
#6644=IFCFACEOUTERBOUND(#6643,.T.);
#6645=IFCFACE((#6644));
#6646=IFCPOLYLOOP((#5483,#5467,#5466));
#6647=IFCFACEOUTERBOUND(#6646,.T.);
#6648=IFCFACE((#6647));
#6649=IFCPOLYLOOP((#5483,#5479,#5467));
#6650=IFCFACEOUTERBOUND(#6649,.T.);
#6651=IFCFACE((#6650));
#6652=IFCPOLYLOOP((#5487,#5456,#5457));
#6653=IFCFACEOUTERBOUND(#6652,.T.);
#6654=IFCFACE((#6653));
#6655=IFCPOLYLOOP((#5473,#5262,#5261));
#6656=IFCFACEOUTERBOUND(#6655,.T.);
#6657=IFCFACE((#6656));
#6658=IFCPOLYLOOP((#5473,#5474,#5466));
#6659=IFCFACEOUTERBOUND(#6658,.T.);
#6660=IFCFACE((#6659));
#6661=IFCPOLYLOOP((#5261,#5260,#5470));
#6662=IFCFACEOUTERBOUND(#6661,.T.);
#6663=IFCFACE((#6662));
#6664=IFCPOLYLOOP((#5472,#5455,#5456));
#6665=IFCFACEOUTERBOUND(#6664,.T.);
#6666=IFCFACE((#6665));
#6667=IFCPOLYLOOP((#5487,#5464,#5475));
#6668=IFCFACEOUTERBOUND(#6667,.T.);
#6669=IFCFACE((#6668));
#6670=IFCPOLYLOOP((#5261,#5474,#5473));
#6671=IFCFACEOUTERBOUND(#6670,.T.);
#6672=IFCFACE((#6671));
#6673=IFCPOLYLOOP((#5470,#5474,#5261));
#6674=IFCFACEOUTERBOUND(#6673,.T.);
#6675=IFCFACE((#6674));
#6676=IFCPOLYLOOP((#5482,#5475,#5464));
#6677=IFCFACEOUTERBOUND(#6676,.T.);
#6678=IFCFACE((#6677));
#6679=IFCPOLYLOOP((#5469,#5464,#5487,#5457));
#6680=IFCFACEOUTERBOUND(#6679,.T.);
#6681=IFCFACE((#6680));
#6682=IFCPOLYLOOP((#5478,#5476,#5461));
#6683=IFCFACEOUTERBOUND(#6682,.T.);
#6684=IFCFACE((#6683));
#6685=IFCPOLYLOOP((#5485,#5480,#5477));
#6686=IFCFACEOUTERBOUND(#6685,.T.);
#6687=IFCFACE((#6686));
#6688=IFCPOLYLOOP((#5477,#5480,#5458));
#6689=IFCFACEOUTERBOUND(#6688,.T.);
#6690=IFCFACE((#6689));
#6691=IFCPOLYLOOP((#5476,#5478,#5480));
#6692=IFCFACEOUTERBOUND(#6691,.T.);
#6693=IFCFACE((#6692));
#6694=IFCPOLYLOOP((#5481,#5462,#5479));
#6695=IFCFACEOUTERBOUND(#6694,.T.);
#6696=IFCFACE((#6695));
#6697=IFCPOLYLOOP((#5483,#5465,#5471));
#6698=IFCFACEOUTERBOUND(#6697,.T.);
#6699=IFCFACE((#6698));
#6700=IFCPOLYLOOP((#5458,#5480,#5478));
#6701=IFCFACEOUTERBOUND(#6700,.T.);
#6702=IFCFACE((#6701));
#6703=IFCPOLYLOOP((#5476,#5480,#5459));
#6704=IFCFACEOUTERBOUND(#6703,.T.);
#6705=IFCFACE((#6704));
#6706=IFCPOLYLOOP((#5463,#5486,#5485,#5477));
#6707=IFCFACEOUTERBOUND(#6706,.T.);
#6708=IFCFACE((#6707));
#6709=IFCPOLYLOOP((#5484,#5485,#5481));
#6710=IFCFACEOUTERBOUND(#6709,.T.);
#6711=IFCFACE((#6710));
#6712=IFCPOLYLOOP((#5482,#5458,#5478));
#6713=IFCFACEOUTERBOUND(#6712,.T.);
#6714=IFCFACE((#6713));
#6715=IFCPOLYLOOP((#5466,#5474,#5483));
#6716=IFCFACEOUTERBOUND(#6715,.T.);
#6717=IFCFACE((#6716));
#6718=IFCPOLYLOOP((#5479,#5483,#5471));
#6719=IFCFACEOUTERBOUND(#6718,.T.);
#6720=IFCFACE((#6719));
#6721=IFCPOLYLOOP((#5459,#5485,#5484));
#6722=IFCFACEOUTERBOUND(#6721,.T.);
#6723=IFCFACE((#6722));
#6724=IFCPOLYLOOP((#5481,#5460,#5484));
#6725=IFCFACEOUTERBOUND(#6724,.T.);
#6726=IFCFACE((#6725));
#6727=IFCPOLYLOOP((#5486,#5462,#5481));
#6728=IFCFACEOUTERBOUND(#6727,.T.);
#6729=IFCFACE((#6728));
#6730=IFCPOLYLOOP((#5468,#5472,#5487));
#6731=IFCFACEOUTERBOUND(#6730,.T.);
#6732=IFCFACE((#6731));
#6733=IFCPOLYLOOP((#5440,#5488,#5455,#5472,#5468,#5461,#5476,#5459,#5484,#5460,#5471,#5465,#5470,#5260));
#6734=IFCFACEOUTERBOUND(#6733,.T.);
#6735=IFCFACE((#6734));
#6736=IFCPOLYLOOP((#5490,#5442,#5441,#5489));
#6737=IFCFACEOUTERBOUND(#6736,.T.);
#6738=IFCFACE((#6737));
#6739=IFCPOLYLOOP((#5492,#5444,#5443,#5515,#5505,#5506,#5499,#5530,#5508,#5535,#5498,#5521,#5512,#5513,#5500,#5526,#5502,#5503,#5491));
#6740=IFCFACEOUTERBOUND(#6739,.T.);
#6741=IFCFACE((#6740));
#6742=IFCPOLYLOOP((#5501,#5514,#5523));
#6743=IFCFACEOUTERBOUND(#6742,.T.);
#6744=IFCFACE((#6743));
#6745=IFCPOLYLOOP((#5528,#5532,#5516));
#6746=IFCFACEOUTERBOUND(#6745,.T.);
#6747=IFCFACE((#6746));
#6748=IFCPOLYLOOP((#5540,#5539,#5515));
#6749=IFCFACEOUTERBOUND(#6748,.T.);
#6750=IFCFACE((#6749));
#6751=IFCPOLYLOOP((#5523,#5525,#5501));
#6752=IFCFACEOUTERBOUND(#6751,.T.);
#6753=IFCFACE((#6752));
#6754=IFCPOLYLOOP((#5505,#5515,#5539));
#6755=IFCFACEOUTERBOUND(#6754,.T.);
#6756=IFCFACE((#6755));
#6757=IFCPOLYLOOP((#5519,#5518,#5517));
#6758=IFCFACEOUTERBOUND(#6757,.T.);
#6759=IFCFACE((#6758));
#6760=IFCPOLYLOOP((#5528,#5499,#5506));
#6761=IFCFACEOUTERBOUND(#6760,.T.);
#6762=IFCFACE((#6761));
#6763=IFCPOLYLOOP((#5531,#5510,#5509));
#6764=IFCFACEOUTERBOUND(#6763,.T.);
#6765=IFCFACE((#6764));
#6766=IFCPOLYLOOP((#5541,#5522,#5520));
#6767=IFCFACEOUTERBOUND(#6766,.T.);
#6768=IFCFACE((#6767));
#6769=IFCPOLYLOOP((#5533,#5536,#5535));
#6770=IFCFACEOUTERBOUND(#6769,.T.);
#6771=IFCFACE((#6770));
#6772=IFCPOLYLOOP((#5524,#5525,#5538));
#6773=IFCFACEOUTERBOUND(#6772,.T.);
#6774=IFCFACE((#6773));
#6775=IFCPOLYLOOP((#5494,#5491,#5527));
#6776=IFCFACEOUTERBOUND(#6775,.T.);
#6777=IFCFACE((#6776));
#6778=IFCPOLYLOOP((#5527,#5523,#5514));
#6779=IFCFACEOUTERBOUND(#6778,.T.);
#6780=IFCFACE((#6779));
#6781=IFCPOLYLOOP((#5507,#5539,#5540));
#6782=IFCFACEOUTERBOUND(#6781,.T.);
#6783=IFCFACE((#6782));
#6784=IFCPOLYLOOP((#5533,#5531,#5509));
#6785=IFCFACEOUTERBOUND(#6784,.T.);
#6786=IFCFACE((#6785));
#6787=IFCPOLYLOOP((#5528,#5506,#5532));
#6788=IFCFACEOUTERBOUND(#6787,.T.);
#6789=IFCFACE((#6788));
#6790=IFCPOLYLOOP((#5540,#5515,#5443));
#6791=IFCFACEOUTERBOUND(#6790,.T.);
#6792=IFCFACE((#6791));
#6793=IFCPOLYLOOP((#5540,#5446,#5445));
#6794=IFCFACEOUTERBOUND(#6793,.T.);
#6795=IFCFACE((#6794));
#6796=IFCPOLYLOOP((#5528,#5496,#5529));
#6797=IFCFACEOUTERBOUND(#6796,.T.);
#6798=IFCFACE((#6797));
#6799=IFCPOLYLOOP((#5530,#5529,#5531));
#6800=IFCFACEOUTERBOUND(#6799,.T.);
#6801=IFCFACE((#6800));
#6802=IFCPOLYLOOP((#5519,#5517,#5497));
#6803=IFCFACEOUTERBOUND(#6802,.T.);
#6804=IFCFACE((#6803));
#6805=IFCPOLYLOOP((#5520,#5518,#5512));
#6806=IFCFACEOUTERBOUND(#6805,.T.);
#6807=IFCFACE((#6806));
#6808=IFCPOLYLOOP((#5518,#5513,#5512));
#6809=IFCFACEOUTERBOUND(#6808,.T.);
#6810=IFCFACE((#6809));
#6811=IFCPOLYLOOP((#5527,#5514,#5493));
#6812=IFCFACEOUTERBOUND(#6811,.T.);
#6813=IFCFACE((#6812));
#6814=IFCPOLYLOOP((#5503,#5502,#5523));
#6815=IFCFACEOUTERBOUND(#6814,.T.);
#6816=IFCFACE((#6815));
#6817=IFCPOLYLOOP((#5520,#5511,#5518));
#6818=IFCFACEOUTERBOUND(#6817,.T.);
#6819=IFCFACE((#6818));
#6820=IFCPOLYLOOP((#5539,#5504,#5532));
#6821=IFCFACEOUTERBOUND(#6820,.T.);
#6822=IFCFACE((#6821));
#6823=IFCPOLYLOOP((#5517,#5518,#5511));
#6824=IFCFACEOUTERBOUND(#6823,.T.);
#6825=IFCFACE((#6824));
#6826=IFCPOLYLOOP((#5513,#5518,#5519));
#6827=IFCFACEOUTERBOUND(#6826,.T.);
#6828=IFCFACE((#6827));
#6829=IFCPOLYLOOP((#5519,#5500,#5513));
#6830=IFCFACEOUTERBOUND(#6829,.T.);
#6831=IFCFACE((#6830));
#6832=IFCPOLYLOOP((#5538,#5500,#5519));
#6833=IFCFACEOUTERBOUND(#6832,.T.);
#6834=IFCFACE((#6833));
#6835=IFCPOLYLOOP((#5537,#5495,#5522));
#6836=IFCFACEOUTERBOUND(#6835,.T.);
#6837=IFCFACE((#6836));
#6838=IFCPOLYLOOP((#5522,#5511,#5520));
#6839=IFCFACEOUTERBOUND(#6838,.T.);
#6840=IFCFACE((#6839));
#6841=IFCPOLYLOOP((#5537,#5536,#5495));
#6842=IFCFACEOUTERBOUND(#6841,.T.);
#6843=IFCFACE((#6842));
#6844=IFCPOLYLOOP((#5520,#5512,#5521));
#6845=IFCFACEOUTERBOUND(#6844,.T.);
#6846=IFCFACE((#6845));
#6847=IFCPOLYLOOP((#5527,#5503,#5523));
#6848=IFCFACEOUTERBOUND(#6847,.T.);
#6849=IFCFACE((#6848));
#6850=IFCPOLYLOOP((#5503,#5527,#5491));
#6851=IFCFACEOUTERBOUND(#6850,.T.);
#6852=IFCFACE((#6851));
#6853=IFCPOLYLOOP((#5502,#5525,#5523));
#6854=IFCFACEOUTERBOUND(#6853,.T.);
#6855=IFCFACE((#6854));
#6856=IFCPOLYLOOP((#5525,#5524,#5501));
#6857=IFCFACEOUTERBOUND(#6856,.T.);
#6858=IFCFACE((#6857));
#6859=IFCPOLYLOOP((#5538,#5526,#5500));
#6860=IFCFACEOUTERBOUND(#6859,.T.);
#6861=IFCFACE((#6860));
#6862=IFCPOLYLOOP((#5524,#5538,#5497));
#6863=IFCFACEOUTERBOUND(#6862,.T.);
#6864=IFCFACE((#6863));
#6865=IFCPOLYLOOP((#5525,#5502,#5526));
#6866=IFCFACEOUTERBOUND(#6865,.T.);
#6867=IFCFACE((#6866));
#6868=IFCPOLYLOOP((#5494,#5527,#5493));
#6869=IFCFACEOUTERBOUND(#6868,.T.);
#6870=IFCFACE((#6869));
#6871=IFCPOLYLOOP((#5499,#5528,#5529));
#6872=IFCFACEOUTERBOUND(#6871,.T.);
#6873=IFCFACE((#6872));
#6874=IFCPOLYLOOP((#5496,#5528,#5516));
#6875=IFCFACEOUTERBOUND(#6874,.T.);
#6876=IFCFACE((#6875));
#6877=IFCPOLYLOOP((#5533,#5508,#5531));
#6878=IFCFACEOUTERBOUND(#6877,.T.);
#6879=IFCFACE((#6878));
#6880=IFCPOLYLOOP((#5529,#5496,#5510));
#6881=IFCFACEOUTERBOUND(#6880,.T.);
#6882=IFCFACE((#6881));
#6883=IFCPOLYLOOP((#5530,#5499,#5529));
#6884=IFCFACEOUTERBOUND(#6883,.T.);
#6885=IFCFACE((#6884));
#6886=IFCPOLYLOOP((#5508,#5530,#5531));
#6887=IFCFACEOUTERBOUND(#6886,.T.);
#6888=IFCFACE((#6887));
#6889=IFCPOLYLOOP((#5510,#5531,#5529));
#6890=IFCFACEOUTERBOUND(#6889,.T.);
#6891=IFCFACE((#6890));
#6892=IFCPOLYLOOP((#5516,#5532,#5504));
#6893=IFCFACEOUTERBOUND(#6892,.T.);
#6894=IFCFACE((#6893));
#6895=IFCPOLYLOOP((#5532,#5506,#5505));
#6896=IFCFACEOUTERBOUND(#6895,.T.);
#6897=IFCFACE((#6896));
#6898=IFCPOLYLOOP((#5498,#5535,#5536));
#6899=IFCFACEOUTERBOUND(#6898,.T.);
#6900=IFCFACE((#6899));
#6901=IFCPOLYLOOP((#5535,#5508,#5533));
#6902=IFCFACEOUTERBOUND(#6901,.T.);
#6903=IFCFACE((#6902));
#6904=IFCPOLYLOOP((#5534,#5495,#5536));
#6905=IFCFACEOUTERBOUND(#6904,.T.);
#6906=IFCFACE((#6905));
#6907=IFCPOLYLOOP((#5533,#5509,#5534));
#6908=IFCFACEOUTERBOUND(#6907,.T.);
#6909=IFCFACE((#6908));
#6910=IFCPOLYLOOP((#5537,#5498,#5536));
#6911=IFCFACEOUTERBOUND(#6910,.T.);
#6912=IFCFACE((#6911));
#6913=IFCPOLYLOOP((#5534,#5536,#5533));
#6914=IFCFACEOUTERBOUND(#6913,.T.);
#6915=IFCFACE((#6914));
#6916=IFCPOLYLOOP((#5537,#5521,#5498));
#6917=IFCFACEOUTERBOUND(#6916,.T.);
#6918=IFCFACE((#6917));
#6919=IFCPOLYLOOP((#5541,#5521,#5537));
#6920=IFCFACEOUTERBOUND(#6919,.T.);
#6921=IFCFACE((#6920));
#6922=IFCPOLYLOOP((#5525,#5526,#5538));
#6923=IFCFACEOUTERBOUND(#6922,.T.);
#6924=IFCFACE((#6923));
#6925=IFCPOLYLOOP((#5497,#5538,#5519));
#6926=IFCFACEOUTERBOUND(#6925,.T.);
#6927=IFCFACE((#6926));
#6928=IFCPOLYLOOP((#5505,#5539,#5532));
#6929=IFCFACEOUTERBOUND(#6928,.T.);
#6930=IFCFACE((#6929));
#6931=IFCPOLYLOOP((#5504,#5539,#5507));
#6932=IFCFACEOUTERBOUND(#6931,.T.);
#6933=IFCFACE((#6932));
#6934=IFCPOLYLOOP((#5507,#5540,#5445));
#6935=IFCFACEOUTERBOUND(#6934,.T.);
#6936=IFCFACE((#6935));
#6937=IFCPOLYLOOP((#5446,#5540,#5443));
#6938=IFCFACEOUTERBOUND(#6937,.T.);
#6939=IFCFACE((#6938));
#6940=IFCPOLYLOOP((#5522,#5541,#5537));
#6941=IFCFACEOUTERBOUND(#6940,.T.);
#6942=IFCFACE((#6941));
#6943=IFCPOLYLOOP((#5541,#5520,#5521));
#6944=IFCFACEOUTERBOUND(#6943,.T.);
#6945=IFCFACE((#6944));
#6946=IFCPOLYLOOP((#5592,#5591,#5573));
#6947=IFCFACEOUTERBOUND(#6946,.T.);
#6948=IFCFACE((#6947));
#6949=IFCPOLYLOOP((#5670,#5561,#5636));
#6950=IFCFACEOUTERBOUND(#6949,.T.);
#6951=IFCFACE((#6950));
#6952=IFCPOLYLOOP((#5640,#5680,#5705));
#6953=IFCFACEOUTERBOUND(#6952,.T.);
#6954=IFCFACE((#6953));
#6955=IFCPOLYLOOP((#5710,#5579,#5656));
#6956=IFCFACEOUTERBOUND(#6955,.T.);
#6957=IFCFACE((#6956));
#6958=IFCPOLYLOOP((#5622,#5614,#5593));
#6959=IFCFACEOUTERBOUND(#6958,.T.);
#6960=IFCFACE((#6959));
#6961=IFCPOLYLOOP((#5594,#5558,#5589));
#6962=IFCFACEOUTERBOUND(#6961,.T.);
#6963=IFCFACE((#6962));
#6964=IFCPOLYLOOP((#5684,#5605,#5642,#5566));
#6965=IFCFACEOUTERBOUND(#6964,.T.);
#6966=IFCFACE((#6965));
#6967=IFCPOLYLOOP((#5625,#5626,#5623));
#6968=IFCFACEOUTERBOUND(#6967,.T.);
#6969=IFCFACE((#6968));
#6970=IFCPOLYLOOP((#5587,#5571,#5585,#5586));
#6971=IFCFACEOUTERBOUND(#6970,.T.);
#6972=IFCFACE((#6971));
#6973=IFCPOLYLOOP((#5582,#5717,#5718,#5713));
#6974=IFCFACEOUTERBOUND(#6973,.T.);
#6975=IFCFACE((#6974));
#6976=IFCPOLYLOOP((#5650,#5708,#5707));
#6977=IFCFACEOUTERBOUND(#6976,.T.);
#6978=IFCFACE((#6977));
#6979=IFCPOLYLOOP((#5624,#5626,#5625));
#6980=IFCFACEOUTERBOUND(#6979,.T.);
#6981=IFCFACE((#6980));
#6982=IFCPOLYLOOP((#5649,#5704,#5709));
#6983=IFCFACEOUTERBOUND(#6982,.T.);
#6984=IFCFACE((#6983));
#6985=IFCPOLYLOOP((#5639,#5678,#5681));
#6986=IFCFACEOUTERBOUND(#6985,.T.);
#6987=IFCFACE((#6986));
#6988=IFCPOLYLOOP((#5614,#5556,#5616));
#6989=IFCFACEOUTERBOUND(#6988,.T.);
#6990=IFCFACE((#6989));
#6991=IFCPOLYLOOP((#5609,#5696,#5646));
#6992=IFCFACEOUTERBOUND(#6991,.T.);
#6993=IFCFACE((#6992));
#6994=IFCPOLYLOOP((#5587,#5589,#5558));
#6995=IFCFACEOUTERBOUND(#6994,.T.);
#6996=IFCFACE((#6995));
#6997=IFCPOLYLOOP((#5543,#5544,#5590));
#6998=IFCFACEOUTERBOUND(#6997,.T.);
#6999=IFCFACE((#6998));
#7000=IFCPOLYLOOP((#5585,#5457,#5456));
#7001=IFCFACEOUTERBOUND(#7000,.T.);
#7002=IFCFACE((#7001));
#7003=IFCPOLYLOOP((#5633,#5662,#5665));
#7004=IFCFACEOUTERBOUND(#7003,.T.);
#7005=IFCFACE((#7004));
#7006=IFCPOLYLOOP((#5648,#5701,#5700));
#7007=IFCFACEOUTERBOUND(#7006,.T.);
#7008=IFCFACE((#7007));
#7009=IFCPOLYLOOP((#5634,#5664,#5669));
#7010=IFCFACEOUTERBOUND(#7009,.T.);
#7011=IFCFACE((#7010));
#7012=IFCPOLYLOOP((#5635,#5667,#5671));
#7013=IFCFACEOUTERBOUND(#7012,.T.);
#7014=IFCFACE((#7013));
#7015=IFCPOLYLOOP((#5659,#5713,#5718));
#7016=IFCFACEOUTERBOUND(#7015,.T.);
#7017=IFCFACE((#7016));
#7018=IFCPOLYLOOP((#5607,#5691,#5644));
#7019=IFCFACEOUTERBOUND(#7018,.T.);
#7020=IFCFACE((#7019));
#7021=IFCPOLYLOOP((#5689,#5607,#5644,#5565));
#7022=IFCFACEOUTERBOUND(#7021,.T.);
#7023=IFCFACE((#7022));
#7024=IFCPOLYLOOP((#5605,#5686,#5642));
#7025=IFCFACEOUTERBOUND(#7024,.T.);
#7026=IFCFACE((#7025));
#7027=IFCPOLYLOOP((#5456,#5583,#5586));
#7028=IFCFACEOUTERBOUND(#7027,.T.);
#7029=IFCFACE((#7028));
#7030=IFCPOLYLOOP((#5573,#5591,#5590));
#7031=IFCFACEOUTERBOUND(#7030,.T.);
#7032=IFCFACE((#7031));
#7033=IFCPOLYLOOP((#5567,#5623,#5592));
#7034=IFCFACEOUTERBOUND(#7033,.T.);
#7035=IFCFACE((#7034));
#7036=IFCPOLYLOOP((#5589,#5586,#5570));
#7037=IFCFACEOUTERBOUND(#7036,.T.);
#7038=IFCFACE((#7037));
#7039=IFCPOLYLOOP((#5592,#5623,#5568));
#7040=IFCFACEOUTERBOUND(#7039,.T.);
#7041=IFCFACE((#7040));
#7042=IFCPOLYLOOP((#5590,#5591,#5543));
#7043=IFCFACEOUTERBOUND(#7042,.T.);
#7044=IFCFACE((#7043));
#7045=IFCPOLYLOOP((#5576,#5620,#5619));
#7046=IFCFACEOUTERBOUND(#7045,.T.);
#7047=IFCFACE((#7046));
#7048=IFCPOLYLOOP((#5694,#5609,#5646,#5575));
#7049=IFCFACEOUTERBOUND(#7048,.T.);
#7050=IFCFACE((#7049));
#7051=IFCPOLYLOOP((#5617,#5618,#5619));
#7052=IFCFACEOUTERBOUND(#7051,.T.);
#7053=IFCFACE((#7052));
#7054=IFCPOLYLOOP((#5656,#5712,#5711));
#7055=IFCFACEOUTERBOUND(#7054,.T.);
#7056=IFCFACE((#7055));
#7057=IFCPOLYLOOP((#5647,#5698,#5702));
#7058=IFCFACEOUTERBOUND(#7057,.T.);
#7059=IFCFACE((#7058));
#7060=IFCPOLYLOOP((#5630,#5658,#5700));
#7061=IFCFACEOUTERBOUND(#7060,.T.);
#7062=IFCFACE((#7061));
#7063=IFCPOLYLOOP((#5601,#5676,#5638));
#7064=IFCFACEOUTERBOUND(#7063,.T.);
#7065=IFCFACE((#7064));
#7066=IFCPOLYLOOP((#5674,#5601,#5638,#5581));
#7067=IFCFACEOUTERBOUND(#7066,.T.);
#7068=IFCFACE((#7067));
#7069=IFCPOLYLOOP((#5714,#5666,#5548,#5713));
#7070=IFCFACEOUTERBOUND(#7069,.T.);
#7071=IFCFACE((#7070));
#7072=IFCPOLYLOOP((#5456,#5455,#5583));
#7073=IFCFACEOUTERBOUND(#7072,.T.);
#7074=IFCFACE((#7073));
#7075=IFCPOLYLOOP((#5584,#5542,#5543));
#7076=IFCFACEOUTERBOUND(#7075,.T.);
#7077=IFCFACE((#7076));
#7078=IFCPOLYLOOP((#5456,#5586,#5585));
#7079=IFCFACEOUTERBOUND(#7078,.T.);
#7080=IFCFACE((#7079));
#7081=IFCPOLYLOOP((#5586,#5583,#5570));
#7082=IFCFACEOUTERBOUND(#7081,.T.);
#7083=IFCFACE((#7082));
#7084=IFCPOLYLOOP((#5588,#5557,#5589,#5570));
#7085=IFCFACEOUTERBOUND(#7084,.T.);
#7086=IFCFACE((#7085));
#7087=IFCPOLYLOOP((#5587,#5586,#5589));
#7088=IFCFACEOUTERBOUND(#7087,.T.);
#7089=IFCFACE((#7088));
#7090=IFCPOLYLOOP((#5633,#5661,#5711));
#7091=IFCFACEOUTERBOUND(#7090,.T.);
#7092=IFCFACE((#7091));
#7093=IFCPOLYLOOP((#5584,#5543,#5591));
#7094=IFCFACEOUTERBOUND(#7093,.T.);
#7095=IFCFACE((#7094));
#7096=IFCPOLYLOOP((#5591,#5572,#5584));
#7097=IFCFACEOUTERBOUND(#7096,.T.);
#7098=IFCFACE((#7097));
#7099=IFCPOLYLOOP((#5572,#5591,#5592));
#7100=IFCFACEOUTERBOUND(#7099,.T.);
#7101=IFCFACE((#7100));
#7102=IFCPOLYLOOP((#5572,#5592,#5568));
#7103=IFCFACEOUTERBOUND(#7102,.T.);
#7104=IFCFACE((#7103));
#7105=IFCPOLYLOOP((#5632,#5567,#5592,#5573));
#7106=IFCFACEOUTERBOUND(#7105,.T.);
#7107=IFCFACE((#7106));
#7108=IFCPOLYLOOP((#5557,#5594,#5589));
#7109=IFCFACEOUTERBOUND(#7108,.T.);
#7110=IFCFACE((#7109));
#7111=IFCPOLYLOOP((#5615,#5558,#5594));
#7112=IFCFACEOUTERBOUND(#7111,.T.);
#7113=IFCFACE((#7112));
#7114=IFCPOLYLOOP((#5616,#5555,#5614));
#7115=IFCFACEOUTERBOUND(#7114,.T.);
#7116=IFCFACE((#7115));
#7117=IFCPOLYLOOP((#5595,#5556,#5614));
#7118=IFCFACEOUTERBOUND(#7117,.T.);
#7119=IFCFACE((#7118));
#7120=IFCPOLYLOOP((#5557,#5622,#5594));
#7121=IFCFACEOUTERBOUND(#7120,.T.);
#7122=IFCFACE((#7121));
#7123=IFCPOLYLOOP((#5663,#5596,#5634,#5561));
#7124=IFCFACEOUTERBOUND(#7123,.T.);
#7125=IFCFACE((#7124));
#7126=IFCPOLYLOOP((#5635,#5666,#5714));
#7127=IFCFACEOUTERBOUND(#7126,.T.);
#7128=IFCFACE((#7127));
#7129=IFCPOLYLOOP((#5668,#5598,#5636));
#7130=IFCFACEOUTERBOUND(#7129,.T.);
#7131=IFCFACE((#7130));
#7132=IFCPOLYLOOP((#5600,#5675,#5676,#5672));
#7133=IFCFACEOUTERBOUND(#7132,.T.);
#7134=IFCFACE((#7133));
#7135=IFCPOLYLOOP((#5637,#5672,#5676));
#7136=IFCFACEOUTERBOUND(#7135,.T.);
#7137=IFCFACE((#7136));
#7138=IFCPOLYLOOP((#5677,#5550,#5639,#5602));
#7139=IFCFACEOUTERBOUND(#7138,.T.);
#7140=IFCFACE((#7139));
#7141=IFCPOLYLOOP((#5679,#5602,#5640,#5554));
#7142=IFCFACEOUTERBOUND(#7141,.T.);
#7143=IFCFACE((#7142));
#7144=IFCPOLYLOOP((#5686,#5641,#5604));
#7145=IFCFACEOUTERBOUND(#7144,.T.);
#7146=IFCFACE((#7145));
#7147=IFCPOLYLOOP((#5682,#5604,#5641,#5546));
#7148=IFCFACEOUTERBOUND(#7147,.T.);
#7149=IFCFACE((#7148));
#7150=IFCPOLYLOOP((#5606,#5690,#5691,#5687));
#7151=IFCFACEOUTERBOUND(#7150,.T.);
#7152=IFCFACE((#7151));
#7153=IFCPOLYLOOP((#5643,#5687,#5691));
#7154=IFCFACEOUTERBOUND(#7153,.T.);
#7155=IFCFACE((#7154));
#7156=IFCPOLYLOOP((#5696,#5645,#5608));
#7157=IFCFACEOUTERBOUND(#7156,.T.);
#7158=IFCFACE((#7157));
#7159=IFCPOLYLOOP((#5692,#5608,#5645,#5549));
#7160=IFCFACEOUTERBOUND(#7159,.T.);
#7161=IFCFACE((#7160));
#7162=IFCPOLYLOOP((#5697,#5547,#5647,#5610));
#7163=IFCFACEOUTERBOUND(#7162,.T.);
#7164=IFCFACE((#7163));
#7165=IFCPOLYLOOP((#5699,#5610,#5648,#5578));
#7166=IFCFACEOUTERBOUND(#7165,.T.);
#7167=IFCFACE((#7166));
#7168=IFCPOLYLOOP((#5703,#5554,#5649,#5612));
#7169=IFCFACEOUTERBOUND(#7168,.T.);
#7170=IFCFACE((#7169));
#7171=IFCPOLYLOOP((#5706,#5612,#5650,#5551));
#7172=IFCFACEOUTERBOUND(#7171,.T.);
#7173=IFCFACE((#7172));
#7174=IFCPOLYLOOP((#5595,#5614,#5622));
#7175=IFCFACEOUTERBOUND(#7174,.T.);
#7176=IFCFACE((#7175));
#7177=IFCPOLYLOOP((#5651,#5593,#5614,#5555));
#7178=IFCFACEOUTERBOUND(#7177,.T.);
#7179=IFCFACE((#7178));
#7180=IFCPOLYLOOP((#5652,#5575,#5620,#5576));
#7181=IFCFACEOUTERBOUND(#7180,.T.);
#7182=IFCFACE((#7181));
#7183=IFCPOLYLOOP((#5593,#5615,#5622));
#7184=IFCFACEOUTERBOUND(#7183,.T.);
#7185=IFCFACE((#7184));
#7186=IFCPOLYLOOP((#5616,#5621,#5619));
#7187=IFCFACEOUTERBOUND(#7186,.T.);
#7188=IFCFACE((#7187));
#7189=IFCPOLYLOOP((#5619,#5618,#5616));
#7190=IFCFACEOUTERBOUND(#7189,.T.);
#7191=IFCFACE((#7190));
#7192=IFCPOLYLOOP((#5618,#5555,#5616));
#7193=IFCFACEOUTERBOUND(#7192,.T.);
#7194=IFCFACE((#7193));
#7195=IFCPOLYLOOP((#5620,#5617,#5619));
#7196=IFCFACEOUTERBOUND(#7195,.T.);
#7197=IFCFACE((#7196));
#7198=IFCPOLYLOOP((#5595,#5622,#5557));
#7199=IFCFACEOUTERBOUND(#7198,.T.);
#7200=IFCFACE((#7199));
#7201=IFCPOLYLOOP((#5653,#5617,#5620,#5574));
#7202=IFCFACEOUTERBOUND(#7201,.T.);
#7203=IFCFACE((#7202));
#7204=IFCPOLYLOOP((#5574,#5620,#5646));
#7205=IFCFACEOUTERBOUND(#7204,.T.);
#7206=IFCFACE((#7205));
#7207=IFCPOLYLOOP((#5576,#5619,#5621));
#7208=IFCFACEOUTERBOUND(#7207,.T.);
#7209=IFCFACE((#7208));
#7210=IFCPOLYLOOP((#5616,#5556,#5621));
#7211=IFCFACEOUTERBOUND(#7210,.T.);
#7212=IFCFACE((#7211));
#7213=IFCPOLYLOOP((#5594,#5622,#5615));
#7214=IFCFACEOUTERBOUND(#7213,.T.);
#7215=IFCFACE((#7214));
#7216=IFCPOLYLOOP((#5569,#5628,#5626));
#7217=IFCFACEOUTERBOUND(#7216,.T.);
#7218=IFCFACE((#7217));
#7219=IFCPOLYLOOP((#5626,#5627,#5569));
#7220=IFCFACEOUTERBOUND(#7219,.T.);
#7221=IFCFACE((#7220));
#7222=IFCPOLYLOOP((#5624,#5627,#5626));
#7223=IFCFACEOUTERBOUND(#7222,.T.);
#7224=IFCFACE((#7223));
#7225=IFCPOLYLOOP((#5623,#5626,#5628));
#7226=IFCFACEOUTERBOUND(#7225,.T.);
#7227=IFCFACE((#7226));
#7228=IFCPOLYLOOP((#5623,#5567,#5625));
#7229=IFCFACEOUTERBOUND(#7228,.T.);
#7230=IFCFACE((#7229));
#7231=IFCPOLYLOOP((#5654,#5569,#5627,#5552));
#7232=IFCFACEOUTERBOUND(#7231,.T.);
#7233=IFCFACE((#7232));
#7234=IFCPOLYLOOP((#5613,#5709,#5704));
#7235=IFCFACEOUTERBOUND(#7234,.T.);
#7236=IFCFACE((#7235));
#7237=IFCPOLYLOOP((#5627,#5655,#5707));
#7238=IFCFACEOUTERBOUND(#7237,.T.);
#7239=IFCFACE((#7238));
#7240=IFCPOLYLOOP((#5628,#5568,#5623));
#7241=IFCFACEOUTERBOUND(#7240,.T.);
#7242=IFCFACE((#7241));
#7243=IFCPOLYLOOP((#5611,#5702,#5698));
#7244=IFCFACEOUTERBOUND(#7243,.T.);
#7245=IFCFACE((#7244));
#7246=IFCPOLYLOOP((#5657,#5629,#5630,#5577));
#7247=IFCFACEOUTERBOUND(#7246,.T.);
#7248=IFCFACE((#7247));
#7249=IFCPOLYLOOP((#5579,#5630,#5656));
#7250=IFCFACEOUTERBOUND(#7249,.T.);
#7251=IFCFACE((#7250));
#7252=IFCPOLYLOOP((#5665,#5634,#5596));
#7253=IFCFACEOUTERBOUND(#7252,.T.);
#7254=IFCFACE((#7253));
#7255=IFCPOLYLOOP((#5716,#5631,#5660,#5580));
#7256=IFCFACEOUTERBOUND(#7255,.T.);
#7257=IFCFACE((#7256));
#7258=IFCPOLYLOOP((#5635,#5714,#5545));
#7259=IFCFACEOUTERBOUND(#7258,.T.);
#7260=IFCFACE((#7259));
#7261=IFCPOLYLOOP((#5599,#5670,#5671,#5667));
#7262=IFCFACEOUTERBOUND(#7261,.T.);
#7263=IFCFACE((#7262));
#7264=IFCPOLYLOOP((#5665,#5664,#5634));
#7265=IFCFACEOUTERBOUND(#7264,.T.);
#7266=IFCFACE((#7265));
#7267=IFCPOLYLOOP((#5671,#5636,#5598));
#7268=IFCFACEOUTERBOUND(#7267,.T.);
#7269=IFCFACE((#7268));
#7270=IFCPOLYLOOP((#5659,#5545,#5714));
#7271=IFCFACEOUTERBOUND(#7270,.T.);
#7272=IFCFACE((#7271));
#7273=IFCPOLYLOOP((#5636,#5669,#5668));
#7274=IFCFACEOUTERBOUND(#7273,.T.);
#7275=IFCFACE((#7274));
#7276=IFCPOLYLOOP((#5671,#5670,#5636));
#7277=IFCFACEOUTERBOUND(#7276,.T.);
#7278=IFCFACE((#7277));
#7279=IFCPOLYLOOP((#5564,#5637,#5643));
#7280=IFCFACEOUTERBOUND(#7279,.T.);
#7281=IFCFACE((#7280));
#7282=IFCPOLYLOOP((#5673,#5563,#5637,#5601));
#7283=IFCFACEOUTERBOUND(#7282,.T.);
#7284=IFCFACE((#7283));
#7285=IFCPOLYLOOP((#5581,#5638,#5660));
#7286=IFCFACEOUTERBOUND(#7285,.T.);
#7287=IFCFACE((#7286));
#7288=IFCPOLYLOOP((#5675,#5580,#5638));
#7289=IFCFACEOUTERBOUND(#7288,.T.);
#7290=IFCFACE((#7289));
#7291=IFCPOLYLOOP((#5681,#5640,#5602));
#7292=IFCFACEOUTERBOUND(#7291,.T.);
#7293=IFCFACE((#7292));
#7294=IFCPOLYLOOP((#5547,#5639,#5647));
#7295=IFCFACEOUTERBOUND(#7294,.T.);
#7296=IFCFACE((#7295));
#7297=IFCPOLYLOOP((#5705,#5649,#5554));
#7298=IFCFACEOUTERBOUND(#7297,.T.);
#7299=IFCFACE((#7298));
#7300=IFCPOLYLOOP((#5603,#5640,#5681));
#7301=IFCFACEOUTERBOUND(#7300,.T.);
#7302=IFCFACE((#7301));
#7303=IFCPOLYLOOP((#5546,#5641,#5645));
#7304=IFCFACEOUTERBOUND(#7303,.T.);
#7305=IFCFACE((#7304));
#7306=IFCPOLYLOOP((#5683,#5549,#5641));
#7307=IFCFACEOUTERBOUND(#7306,.T.);
#7308=IFCFACE((#7307));
#7309=IFCPOLYLOOP((#5566,#5642,#5644));
#7310=IFCFACEOUTERBOUND(#7309,.T.);
#7311=IFCFACE((#7310));
#7312=IFCPOLYLOOP((#5685,#5565,#5642));
#7313=IFCFACEOUTERBOUND(#7312,.T.);
#7314=IFCFACE((#7313));
#7315=IFCPOLYLOOP((#5563,#5643,#5637));
#7316=IFCFACEOUTERBOUND(#7315,.T.);
#7317=IFCFACE((#7316));
#7318=IFCPOLYLOOP((#5688,#5564,#5643));
#7319=IFCFACEOUTERBOUND(#7318,.T.);
#7320=IFCFACE((#7319));
#7321=IFCPOLYLOOP((#5565,#5644,#5642));
#7322=IFCFACEOUTERBOUND(#7321,.T.);
#7323=IFCFACE((#7322));
#7324=IFCPOLYLOOP((#5690,#5566,#5644));
#7325=IFCFACEOUTERBOUND(#7324,.T.);
#7326=IFCFACE((#7325));
#7327=IFCPOLYLOOP((#5549,#5645,#5641));
#7328=IFCFACEOUTERBOUND(#7327,.T.);
#7329=IFCFACE((#7328));
#7330=IFCPOLYLOOP((#5693,#5546,#5645));
#7331=IFCFACEOUTERBOUND(#7330,.T.);
#7332=IFCFACE((#7331));
#7333=IFCPOLYLOOP((#5575,#5646,#5620));
#7334=IFCFACEOUTERBOUND(#7333,.T.);
#7335=IFCFACE((#7334));
#7336=IFCPOLYLOOP((#5695,#5574,#5646));
#7337=IFCFACEOUTERBOUND(#7336,.T.);
#7338=IFCFACE((#7337));
#7339=IFCPOLYLOOP((#5702,#5648,#5610));
#7340=IFCFACEOUTERBOUND(#7339,.T.);
#7341=IFCFACE((#7340));
#7342=IFCPOLYLOOP((#5550,#5647,#5639));
#7343=IFCFACEOUTERBOUND(#7342,.T.);
#7344=IFCFACE((#7343));
#7345=IFCPOLYLOOP((#5700,#5578,#5648));
#7346=IFCFACEOUTERBOUND(#7345,.T.);
#7347=IFCFACE((#7346));
#7348=IFCPOLYLOOP((#5611,#5648,#5702));
#7349=IFCFACEOUTERBOUND(#7348,.T.);
#7350=IFCFACE((#7349));
#7351=IFCPOLYLOOP((#5709,#5650,#5612));
#7352=IFCFACEOUTERBOUND(#7351,.T.);
#7353=IFCFACE((#7352));
#7354=IFCPOLYLOOP((#5553,#5649,#5705));
#7355=IFCFACEOUTERBOUND(#7354,.T.);
#7356=IFCFACE((#7355));
#7357=IFCPOLYLOOP((#5707,#5551,#5650));
#7358=IFCFACEOUTERBOUND(#7357,.T.);
#7359=IFCFACE((#7358));
#7360=IFCPOLYLOOP((#5613,#5650,#5709));
#7361=IFCFACEOUTERBOUND(#7360,.T.);
#7362=IFCFACE((#7361));
#7363=IFCPOLYLOOP((#5656,#5711,#5710));
#7364=IFCFACEOUTERBOUND(#7363,.T.);
#7365=IFCFACE((#7364));
#7366=IFCPOLYLOOP((#5627,#5624,#5655));
#7367=IFCFACEOUTERBOUND(#7366,.T.);
#7368=IFCFACE((#7367));
#7369=IFCPOLYLOOP((#5629,#5656,#5630));
#7370=IFCFACEOUTERBOUND(#7369,.T.);
#7371=IFCFACE((#7370));
#7372=IFCPOLYLOOP((#5715,#5545,#5659,#5631));
#7373=IFCFACEOUTERBOUND(#7372,.T.);
#7374=IFCFACE((#7373));
#7375=IFCPOLYLOOP((#5630,#5579,#5658));
#7376=IFCFACEOUTERBOUND(#7375,.T.);
#7377=IFCFACE((#7376));
#7378=IFCPOLYLOOP((#5660,#5631,#5718));
#7379=IFCFACEOUTERBOUND(#7378,.T.);
#7380=IFCFACE((#7379));
#7381=IFCPOLYLOOP((#5580,#5660,#5638));
#7382=IFCFACEOUTERBOUND(#7381,.T.);
#7383=IFCFACE((#7382));
#7384=IFCPOLYLOOP((#5717,#5581,#5660));
#7385=IFCFACEOUTERBOUND(#7384,.T.);
#7386=IFCFACE((#7385));
#7387=IFCPOLYLOOP((#5597,#5664,#5665,#5662));
#7388=IFCFACEOUTERBOUND(#7387,.T.);
#7389=IFCFACE((#7388));
#7390=IFCPOLYLOOP((#5661,#5633,#5596));
#7391=IFCFACEOUTERBOUND(#7390,.T.);
#7392=IFCFACE((#7391));
#7393=IFCPOLYLOOP((#5633,#5559,#5662));
#7394=IFCFACEOUTERBOUND(#7393,.T.);
#7395=IFCFACE((#7394));
#7396=IFCPOLYLOOP((#5633,#5665,#5596));
#7397=IFCFACEOUTERBOUND(#7396,.T.);
#7398=IFCFACE((#7397));
#7399=IFCPOLYLOOP((#5562,#5668,#5669,#5664));
#7400=IFCFACEOUTERBOUND(#7399,.T.);
#7401=IFCFACE((#7400));
#7402=IFCPOLYLOOP((#5666,#5635,#5598));
#7403=IFCFACEOUTERBOUND(#7402,.T.);
#7404=IFCFACE((#7403));
#7405=IFCPOLYLOOP((#5635,#5545,#5667));
#7406=IFCFACEOUTERBOUND(#7405,.T.);
#7407=IFCFACE((#7406));
#7408=IFCPOLYLOOP((#5634,#5669,#5561));
#7409=IFCFACEOUTERBOUND(#7408,.T.);
#7410=IFCFACE((#7409));
#7411=IFCPOLYLOOP((#5669,#5636,#5561));
#7412=IFCFACEOUTERBOUND(#7411,.T.);
#7413=IFCFACE((#7412));
#7414=IFCPOLYLOOP((#5635,#5671,#5598));
#7415=IFCFACEOUTERBOUND(#7414,.T.);
#7416=IFCFACE((#7415));
#7417=IFCPOLYLOOP((#5637,#5676,#5601));
#7418=IFCFACEOUTERBOUND(#7417,.T.);
#7419=IFCFACE((#7418));
#7420=IFCPOLYLOOP((#5637,#5564,#5672));
#7421=IFCFACEOUTERBOUND(#7420,.T.);
#7422=IFCFACE((#7421));
#7423=IFCPOLYLOOP((#5638,#5676,#5675));
#7424=IFCFACEOUTERBOUND(#7423,.T.);
#7425=IFCFACE((#7424));
#7426=IFCPOLYLOOP((#5603,#5681,#5678));
#7427=IFCFACEOUTERBOUND(#7426,.T.);
#7428=IFCFACE((#7427));
#7429=IFCPOLYLOOP((#5639,#5547,#5678));
#7430=IFCFACEOUTERBOUND(#7429,.T.);
#7431=IFCFACE((#7430));
#7432=IFCPOLYLOOP((#5640,#5603,#5680));
#7433=IFCFACEOUTERBOUND(#7432,.T.);
#7434=IFCFACE((#7433));
#7435=IFCPOLYLOOP((#5639,#5681,#5602));
#7436=IFCFACEOUTERBOUND(#7435,.T.);
#7437=IFCFACE((#7436));
#7438=IFCPOLYLOOP((#5683,#5641,#5686));
#7439=IFCFACEOUTERBOUND(#7438,.T.);
#7440=IFCFACE((#7439));
#7441=IFCPOLYLOOP((#5605,#5683,#5686));
#7442=IFCFACEOUTERBOUND(#7441,.T.);
#7443=IFCFACE((#7442));
#7444=IFCPOLYLOOP((#5604,#5685,#5686));
#7445=IFCFACEOUTERBOUND(#7444,.T.);
#7446=IFCFACE((#7445));
#7447=IFCPOLYLOOP((#5642,#5686,#5685));
#7448=IFCFACEOUTERBOUND(#7447,.T.);
#7449=IFCFACE((#7448));
#7450=IFCPOLYLOOP((#5688,#5643,#5691));
#7451=IFCFACEOUTERBOUND(#7450,.T.);
#7452=IFCFACE((#7451));
#7453=IFCPOLYLOOP((#5687,#5643,#5563));
#7454=IFCFACEOUTERBOUND(#7453,.T.);
#7455=IFCFACE((#7454));
#7456=IFCPOLYLOOP((#5607,#5688,#5691));
#7457=IFCFACEOUTERBOUND(#7456,.T.);
#7458=IFCFACE((#7457));
#7459=IFCPOLYLOOP((#5644,#5691,#5690));
#7460=IFCFACEOUTERBOUND(#7459,.T.);
#7461=IFCFACE((#7460));
#7462=IFCPOLYLOOP((#5693,#5645,#5696));
#7463=IFCFACEOUTERBOUND(#7462,.T.);
#7464=IFCFACE((#7463));
#7465=IFCPOLYLOOP((#5609,#5693,#5696));
#7466=IFCFACEOUTERBOUND(#7465,.T.);
#7467=IFCFACE((#7466));
#7468=IFCPOLYLOOP((#5608,#5695,#5696));
#7469=IFCFACEOUTERBOUND(#7468,.T.);
#7470=IFCFACE((#7469));
#7471=IFCPOLYLOOP((#5646,#5696,#5695));
#7472=IFCFACEOUTERBOUND(#7471,.T.);
#7473=IFCFACE((#7472));
#7474=IFCPOLYLOOP((#5578,#5700,#5658));
#7475=IFCFACEOUTERBOUND(#7474,.T.);
#7476=IFCFACE((#7475));
#7477=IFCPOLYLOOP((#5647,#5550,#5698));
#7478=IFCFACEOUTERBOUND(#7477,.T.);
#7479=IFCFACE((#7478));
#7480=IFCPOLYLOOP((#5630,#5700,#5577));
#7481=IFCFACEOUTERBOUND(#7480,.T.);
#7482=IFCFACE((#7481));
#7483=IFCPOLYLOOP((#5577,#5700,#5701));
#7484=IFCFACEOUTERBOUND(#7483,.T.);
#7485=IFCFACE((#7484));
#7486=IFCPOLYLOOP((#5648,#5611,#5701));
#7487=IFCFACEOUTERBOUND(#7486,.T.);
#7488=IFCFACE((#7487));
#7489=IFCPOLYLOOP((#5647,#5702,#5610));
#7490=IFCFACEOUTERBOUND(#7489,.T.);
#7491=IFCFACE((#7490));
#7492=IFCPOLYLOOP((#5553,#5705,#5680));
#7493=IFCFACEOUTERBOUND(#7492,.T.);
#7494=IFCFACE((#7493));
#7495=IFCPOLYLOOP((#5649,#5553,#5704));
#7496=IFCFACEOUTERBOUND(#7495,.T.);
#7497=IFCFACE((#7496));
#7498=IFCPOLYLOOP((#5640,#5705,#5554));
#7499=IFCFACEOUTERBOUND(#7498,.T.);
#7500=IFCFACE((#7499));
#7501=IFCPOLYLOOP((#5551,#5707,#5655));
#7502=IFCFACEOUTERBOUND(#7501,.T.);
#7503=IFCFACE((#7502));
#7504=IFCPOLYLOOP((#5627,#5707,#5552));
#7505=IFCFACEOUTERBOUND(#7504,.T.);
#7506=IFCFACE((#7505));
#7507=IFCPOLYLOOP((#5552,#5707,#5708));
#7508=IFCFACEOUTERBOUND(#7507,.T.);
#7509=IFCFACE((#7508));
#7510=IFCPOLYLOOP((#5650,#5613,#5708));
#7511=IFCFACEOUTERBOUND(#7510,.T.);
#7512=IFCFACE((#7511));
#7513=IFCPOLYLOOP((#5649,#5709,#5612));
#7514=IFCFACEOUTERBOUND(#7513,.T.);
#7515=IFCFACE((#7514));
#7516=IFCPOLYLOOP((#5560,#5710,#5711,#5661));
#7517=IFCFACEOUTERBOUND(#7516,.T.);
#7518=IFCFACE((#7517));
#7519=IFCPOLYLOOP((#5633,#5711,#5559));
#7520=IFCFACEOUTERBOUND(#7519,.T.);
#7521=IFCFACE((#7520));
#7522=IFCPOLYLOOP((#5559,#5711,#5712));
#7523=IFCFACEOUTERBOUND(#7522,.T.);
#7524=IFCFACE((#7523));
#7525=IFCPOLYLOOP((#5656,#5629,#5712));
#7526=IFCFACEOUTERBOUND(#7525,.T.);
#7527=IFCFACE((#7526));
#7528=IFCPOLYLOOP((#5659,#5714,#5713));
#7529=IFCFACEOUTERBOUND(#7528,.T.);
#7530=IFCFACE((#7529));
#7531=IFCPOLYLOOP((#5659,#5718,#5631));
#7532=IFCFACEOUTERBOUND(#7531,.T.);
#7533=IFCFACE((#7532));
#7534=IFCPOLYLOOP((#5660,#5718,#5717));
#7535=IFCFACEOUTERBOUND(#7534,.T.);
#7536=IFCFACE((#7535));
#7537=IFCPOLYLOOP((#5488,#5719,#5542,#5584,#5572,#5568,#5628,#5569,#5654,#5552,#5708,#5613,#5704,#5553,#5680,#5603,#5678,#5547,#5697,#5610,#5699,#5578,#5658,#5579,#5710,#5560,#5661,#5596,#5663,#5561,#5670,#5599,#5667,#5545,#5715,#5631,#5716,#5580,#5675,#5600,#5672,#5564,#5688,#5607,#5689,#5565,#5685,#5604,#5682,#5546,#5693,#5609,#5694,#5575,#5652,#5576,#5621,#5556,#5595,#5557,#5588,#5570,#5583,#5455));
#7538=IFCFACEOUTERBOUND(#7537,.T.);
#7539=IFCFACE((#7538));
#7540=IFCPOLYLOOP((#5488,#5490,#5719));
#7541=IFCFACEOUTERBOUND(#7540,.T.);
#7542=IFCFACE((#7541));
#7543=IFCPOLYLOOP((#5490,#5488,#5442));
#7544=IFCFACEOUTERBOUND(#7543,.T.);
#7545=IFCFACE((#7544));
#7546=IFCPOLYLOOP((#5202,#5442,#5488));
#7547=IFCFACEOUTERBOUND(#7546,.T.);
#7548=IFCFACE((#7547));
#7549=IFCPOLYLOOP((#5488,#5440,#5202));
#7550=IFCFACEOUTERBOUND(#7549,.T.);
#7551=IFCFACE((#7550));
#7552=IFCPOLYLOOP((#5203,#5202,#5440));
#7553=IFCFACEOUTERBOUND(#7552,.T.);
#7554=IFCFACE((#7553));
#7555=IFCPOLYLOOP((#5440,#5439,#5203));
#7556=IFCFACEOUTERBOUND(#7555,.T.);
#7557=IFCFACE((#7556));
#7558=IFCPOLYLOOP((#5719,#5203,#5439));
#7559=IFCFACEOUTERBOUND(#7558,.T.);
#7560=IFCFACE((#7559));
#7561=IFCPOLYLOOP((#5203,#5719,#5490));
#7562=IFCFACEOUTERBOUND(#7561,.T.);
#7563=IFCFACE((#7562));
#7564=IFCPOLYLOOP((#5200,#5203,#5490,#5489));
#7565=IFCFACEOUTERBOUND(#7564,.T.);
#7566=IFCFACE((#7565));
#7567=IFCPOLYLOOP((#5441,#5492,#5489));
#7568=IFCFACEOUTERBOUND(#7567,.T.);
#7569=IFCFACE((#7568));
#7570=IFCPOLYLOOP((#5492,#5441,#5444));
#7571=IFCFACEOUTERBOUND(#7570,.T.);
#7572=IFCFACE((#7571));
#7573=IFCPOLYLOOP((#5206,#5444,#5441));
#7574=IFCFACEOUTERBOUND(#7573,.T.);
#7575=IFCFACE((#7574));
#7576=IFCPOLYLOOP((#5441,#5201,#5206));
#7577=IFCFACEOUTERBOUND(#7576,.T.);
#7578=IFCFACE((#7577));
#7579=IFCPOLYLOOP((#5207,#5206,#5201));
#7580=IFCFACEOUTERBOUND(#7579,.T.);
#7581=IFCFACE((#7580));
#7582=IFCPOLYLOOP((#5201,#5200,#5207));
#7583=IFCFACEOUTERBOUND(#7582,.T.);
#7584=IFCFACE((#7583));
#7585=IFCPOLYLOOP((#5489,#5207,#5200));
#7586=IFCFACEOUTERBOUND(#7585,.T.);
#7587=IFCFACE((#7586));
#7588=IFCPOLYLOOP((#5207,#5489,#5492));
#7589=IFCFACEOUTERBOUND(#7588,.T.);
#7590=IFCFACE((#7589));
#7591=IFCPOLYLOOP((#5207,#5492,#5491,#5722,#5720,#5204));
#7592=IFCFACEOUTERBOUND(#7591,.T.);
#7593=IFCFACE((#7592));
#7594=IFCPOLYLOOP((#5721,#5725,#5723,#5724));
#7595=IFCFACEOUTERBOUND(#7594,.T.);
#7596=IFCFACE((#7595));
#7597=IFCPOLYLOOP((#5726,#5494,#5724));
#7598=IFCFACEOUTERBOUND(#7597,.T.);
#7599=IFCFACE((#7598));
#7600=IFCPOLYLOOP((#5727,#5211,#5204));
#7601=IFCFACEOUTERBOUND(#7600,.T.);
#7602=IFCFACE((#7601));
#7603=IFCPOLYLOOP((#5727,#5720,#5723));
#7604=IFCFACEOUTERBOUND(#7603,.T.);
#7605=IFCFACE((#7604));
#7606=IFCPOLYLOOP((#5726,#5722,#5491));
#7607=IFCFACEOUTERBOUND(#7606,.T.);
#7608=IFCFACE((#7607));
#7609=IFCPOLYLOOP((#5720,#5722,#5723));
#7610=IFCFACEOUTERBOUND(#7609,.T.);
#7611=IFCFACE((#7610));
#7612=IFCPOLYLOOP((#5727,#5723,#5725));
#7613=IFCFACEOUTERBOUND(#7612,.T.);
#7614=IFCFACE((#7613));
#7615=IFCPOLYLOOP((#5723,#5726,#5724));
#7616=IFCFACEOUTERBOUND(#7615,.T.);
#7617=IFCFACE((#7616));
#7618=IFCPOLYLOOP((#5723,#5722,#5726));
#7619=IFCFACEOUTERBOUND(#7618,.T.);
#7620=IFCFACE((#7619));
#7621=IFCPOLYLOOP((#5494,#5493,#5724));
#7622=IFCFACEOUTERBOUND(#7621,.T.);
#7623=IFCFACE((#7622));
#7624=IFCPOLYLOOP((#5725,#5208,#5211));
#7625=IFCFACEOUTERBOUND(#7624,.T.);
#7626=IFCFACE((#7625));
#7627=IFCPOLYLOOP((#5494,#5726,#5491));
#7628=IFCFACEOUTERBOUND(#7627,.T.);
#7629=IFCFACE((#7628));
#7630=IFCPOLYLOOP((#5720,#5727,#5204));
#7631=IFCFACEOUTERBOUND(#7630,.T.);
#7632=IFCFACE((#7631));
#7633=IFCPOLYLOOP((#5211,#5727,#5725));
#7634=IFCFACEOUTERBOUND(#7633,.T.);
#7635=IFCFACE((#7634));
#7636=IFCPOLYLOOP((#5445,#5457,#5585));
#7637=IFCFACEOUTERBOUND(#7636,.T.);
#7638=IFCFACE((#7637));
#7639=IFCPOLYLOOP((#5457,#5445,#5452));
#7640=IFCFACEOUTERBOUND(#7639,.T.);
#7641=IFCFACE((#7640));
#7642=IFCPOLYLOOP((#5544,#5208,#5725));
#7643=IFCFACEOUTERBOUND(#7642,.T.);
#7644=IFCFACE((#7643));
#7645=IFCPOLYLOOP((#5544,#5493,#5514));
#7646=IFCFACEOUTERBOUND(#7645,.T.);
#7647=IFCFACE((#7646));
#7648=IFCPOLYLOOP((#5209,#5263,#5305));
#7649=IFCFACEOUTERBOUND(#7648,.T.);
#7650=IFCFACE((#7649));
#7651=IFCPOLYLOOP((#5209,#5262,#5473));
#7652=IFCFACEOUTERBOUND(#7651,.T.);
#7653=IFCFACE((#7652));
#7654=IFCPOLYLOOP((#5208,#5544,#5743));
#7655=IFCFACEOUTERBOUND(#7654,.T.);
#7656=IFCFACE((#7655));
#7657=IFCPOLYLOOP((#5263,#5209,#5231));
#7658=IFCFACEOUTERBOUND(#7657,.T.);
#7659=IFCFACE((#7658));
#7660=IFCPOLYLOOP((#5445,#5585,#5571));
#7661=IFCFACEOUTERBOUND(#7660,.T.);
#7662=IFCFACE((#7661));
#7663=IFCPOLYLOOP((#5445,#5571,#5587));
#7664=IFCFACEOUTERBOUND(#7663,.T.);
#7665=IFCFACE((#7664));
#7666=IFCPOLYLOOP((#5445,#5587,#5558));
#7667=IFCFACEOUTERBOUND(#7666,.T.);
#7668=IFCFACE((#7667));
#7669=IFCPOLYLOOP((#5445,#5558,#5615));
#7670=IFCFACEOUTERBOUND(#7669,.T.);
#7671=IFCFACE((#7670));
#7672=IFCPOLYLOOP((#5445,#5615,#5593));
#7673=IFCFACEOUTERBOUND(#7672,.T.);
#7674=IFCFACE((#7673));
#7675=IFCPOLYLOOP((#5445,#5593,#5651));
#7676=IFCFACEOUTERBOUND(#7675,.T.);
#7677=IFCFACE((#7676));
#7678=IFCPOLYLOOP((#5445,#5651,#5555));
#7679=IFCFACEOUTERBOUND(#7678,.T.);
#7680=IFCFACE((#7679));
#7681=IFCPOLYLOOP((#5445,#5555,#5618));
#7682=IFCFACEOUTERBOUND(#7681,.T.);
#7683=IFCFACE((#7682));
#7684=IFCPOLYLOOP((#5445,#5618,#5617));
#7685=IFCFACEOUTERBOUND(#7684,.T.);
#7686=IFCFACE((#7685));
#7687=IFCPOLYLOOP((#5445,#5617,#5653));
#7688=IFCFACEOUTERBOUND(#7687,.T.);
#7689=IFCFACE((#7688));
#7690=IFCPOLYLOOP((#5445,#5653,#5574));
#7691=IFCFACEOUTERBOUND(#7690,.T.);
#7692=IFCFACE((#7691));
#7693=IFCPOLYLOOP((#5445,#5574,#5695));
#7694=IFCFACEOUTERBOUND(#7693,.T.);
#7695=IFCFACE((#7694));
#7696=IFCPOLYLOOP((#5445,#5695,#5608));
#7697=IFCFACEOUTERBOUND(#7696,.T.);
#7698=IFCFACE((#7697));
#7699=IFCPOLYLOOP((#5445,#5608,#5692));
#7700=IFCFACEOUTERBOUND(#7699,.T.);
#7701=IFCFACE((#7700));
#7702=IFCPOLYLOOP((#5445,#5692,#5549));
#7703=IFCFACEOUTERBOUND(#7702,.T.);
#7704=IFCFACE((#7703));
#7705=IFCPOLYLOOP((#5445,#5549,#5683));
#7706=IFCFACEOUTERBOUND(#7705,.T.);
#7707=IFCFACE((#7706));
#7708=IFCPOLYLOOP((#5445,#5683,#5605));
#7709=IFCFACEOUTERBOUND(#7708,.T.);
#7710=IFCFACE((#7709));
#7711=IFCPOLYLOOP((#5445,#5605,#5684));
#7712=IFCFACEOUTERBOUND(#7711,.T.);
#7713=IFCFACE((#7712));
#7714=IFCPOLYLOOP((#5445,#5684,#5566));
#7715=IFCFACEOUTERBOUND(#7714,.T.);
#7716=IFCFACE((#7715));
#7717=IFCPOLYLOOP((#5445,#5566,#5690));
#7718=IFCFACEOUTERBOUND(#7717,.T.);
#7719=IFCFACE((#7718));
#7720=IFCPOLYLOOP((#5445,#5690,#5606));
#7721=IFCFACEOUTERBOUND(#7720,.T.);
#7722=IFCFACE((#7721));
#7723=IFCPOLYLOOP((#5445,#5606,#5687));
#7724=IFCFACEOUTERBOUND(#7723,.T.);
#7725=IFCFACE((#7724));
#7726=IFCPOLYLOOP((#5445,#5687,#5563));
#7727=IFCFACEOUTERBOUND(#7726,.T.);
#7728=IFCFACE((#7727));
#7729=IFCPOLYLOOP((#5445,#5563,#5673));
#7730=IFCFACEOUTERBOUND(#7729,.T.);
#7731=IFCFACE((#7730));
#7732=IFCPOLYLOOP((#5445,#5673,#5601));
#7733=IFCFACEOUTERBOUND(#7732,.T.);
#7734=IFCFACE((#7733));
#7735=IFCPOLYLOOP((#5445,#5601,#5674));
#7736=IFCFACEOUTERBOUND(#7735,.T.);
#7737=IFCFACE((#7736));
#7738=IFCPOLYLOOP((#5445,#5674,#5581));
#7739=IFCFACEOUTERBOUND(#7738,.T.);
#7740=IFCFACE((#7739));
#7741=IFCPOLYLOOP((#5445,#5581,#5717));
#7742=IFCFACEOUTERBOUND(#7741,.T.);
#7743=IFCFACE((#7742));
#7744=IFCPOLYLOOP((#5445,#5717,#5582));
#7745=IFCFACEOUTERBOUND(#7744,.T.);
#7746=IFCFACE((#7745));
#7747=IFCPOLYLOOP((#5445,#5582,#5713));
#7748=IFCFACEOUTERBOUND(#7747,.T.);
#7749=IFCFACE((#7748));
#7750=IFCPOLYLOOP((#5445,#5713,#5548));
#7751=IFCFACEOUTERBOUND(#7750,.T.);
#7752=IFCFACE((#7751));
#7753=IFCPOLYLOOP((#5445,#5548,#5666));
#7754=IFCFACEOUTERBOUND(#7753,.T.);
#7755=IFCFACE((#7754));
#7756=IFCPOLYLOOP((#5445,#5666,#5598));
#7757=IFCFACEOUTERBOUND(#7756,.T.);
#7758=IFCFACE((#7757));
#7759=IFCPOLYLOOP((#5445,#5598,#5668));
#7760=IFCFACEOUTERBOUND(#7759,.T.);
#7761=IFCFACE((#7760));
#7762=IFCPOLYLOOP((#5445,#5668,#5562));
#7763=IFCFACEOUTERBOUND(#7762,.T.);
#7764=IFCFACE((#7763));
#7765=IFCPOLYLOOP((#5445,#5562,#5664));
#7766=IFCFACEOUTERBOUND(#7765,.T.);
#7767=IFCFACE((#7766));
#7768=IFCPOLYLOOP((#5445,#5664,#5597));
#7769=IFCFACEOUTERBOUND(#7768,.T.);
#7770=IFCFACE((#7769));
#7771=IFCPOLYLOOP((#5445,#5597,#5662));
#7772=IFCFACEOUTERBOUND(#7771,.T.);
#7773=IFCFACE((#7772));
#7774=IFCPOLYLOOP((#5445,#5662,#5559));
#7775=IFCFACEOUTERBOUND(#7774,.T.);
#7776=IFCFACE((#7775));
#7777=IFCPOLYLOOP((#5445,#5559,#5712));
#7778=IFCFACEOUTERBOUND(#7777,.T.);
#7779=IFCFACE((#7778));
#7780=IFCPOLYLOOP((#5445,#5712,#5629));
#7781=IFCFACEOUTERBOUND(#7780,.T.);
#7782=IFCFACE((#7781));
#7783=IFCPOLYLOOP((#5445,#5629,#5657));
#7784=IFCFACEOUTERBOUND(#7783,.T.);
#7785=IFCFACE((#7784));
#7786=IFCPOLYLOOP((#5445,#5657,#5577));
#7787=IFCFACEOUTERBOUND(#7786,.T.);
#7788=IFCFACE((#7787));
#7789=IFCPOLYLOOP((#5445,#5577,#5701));
#7790=IFCFACEOUTERBOUND(#7789,.T.);
#7791=IFCFACE((#7790));
#7792=IFCPOLYLOOP((#5445,#5701,#5611));
#7793=IFCFACEOUTERBOUND(#7792,.T.);
#7794=IFCFACE((#7793));
#7795=IFCPOLYLOOP((#5445,#5611,#5698));
#7796=IFCFACEOUTERBOUND(#7795,.T.);
#7797=IFCFACE((#7796));
#7798=IFCPOLYLOOP((#5445,#5698,#5550));
#7799=IFCFACEOUTERBOUND(#7798,.T.);
#7800=IFCFACE((#7799));
#7801=IFCPOLYLOOP((#5445,#5550,#5677));
#7802=IFCFACEOUTERBOUND(#7801,.T.);
#7803=IFCFACE((#7802));
#7804=IFCPOLYLOOP((#5445,#5677,#5602));
#7805=IFCFACEOUTERBOUND(#7804,.T.);
#7806=IFCFACE((#7805));
#7807=IFCPOLYLOOP((#5445,#5602,#5679));
#7808=IFCFACEOUTERBOUND(#7807,.T.);
#7809=IFCFACE((#7808));
#7810=IFCPOLYLOOP((#5445,#5679,#5554));
#7811=IFCFACEOUTERBOUND(#7810,.T.);
#7812=IFCFACE((#7811));
#7813=IFCPOLYLOOP((#5445,#5554,#5703));
#7814=IFCFACEOUTERBOUND(#7813,.T.);
#7815=IFCFACE((#7814));
#7816=IFCPOLYLOOP((#5445,#5703,#5612));
#7817=IFCFACEOUTERBOUND(#7816,.T.);
#7818=IFCFACE((#7817));
#7819=IFCPOLYLOOP((#5445,#5612,#5706));
#7820=IFCFACEOUTERBOUND(#7819,.T.);
#7821=IFCFACE((#7820));
#7822=IFCPOLYLOOP((#5445,#5706,#5551));
#7823=IFCFACEOUTERBOUND(#7822,.T.);
#7824=IFCFACE((#7823));
#7825=IFCPOLYLOOP((#5445,#5551,#5655));
#7826=IFCFACEOUTERBOUND(#7825,.T.);
#7827=IFCFACE((#7826));
#7828=IFCPOLYLOOP((#5445,#5655,#5624));
#7829=IFCFACEOUTERBOUND(#7828,.T.);
#7830=IFCFACE((#7829));
#7831=IFCPOLYLOOP((#5445,#5624,#5625));
#7832=IFCFACEOUTERBOUND(#7831,.T.);
#7833=IFCFACE((#7832));
#7834=IFCPOLYLOOP((#5445,#5625,#5567));
#7835=IFCFACEOUTERBOUND(#7834,.T.);
#7836=IFCFACE((#7835));
#7837=IFCPOLYLOOP((#5445,#5567,#5632));
#7838=IFCFACEOUTERBOUND(#7837,.T.);
#7839=IFCFACE((#7838));
#7840=IFCPOLYLOOP((#5445,#5632,#5573));
#7841=IFCFACEOUTERBOUND(#7840,.T.);
#7842=IFCFACE((#7841));
#7843=IFCPOLYLOOP((#5445,#5573,#5590));
#7844=IFCFACEOUTERBOUND(#7843,.T.);
#7845=IFCFACE((#7844));
#7846=IFCPOLYLOOP((#5445,#5590,#5544));
#7847=IFCFACEOUTERBOUND(#7846,.T.);
#7848=IFCFACE((#7847));
#7849=IFCPOLYLOOP((#5457,#5452,#5448));
#7850=IFCFACEOUTERBOUND(#7849,.T.);
#7851=IFCFACE((#7850));
#7852=IFCPOLYLOOP((#5457,#5448,#5451));
#7853=IFCFACEOUTERBOUND(#7852,.T.);
#7854=IFCFACE((#7853));
#7855=IFCPOLYLOOP((#5457,#5451,#5209));
#7856=IFCFACEOUTERBOUND(#7855,.T.);
#7857=IFCFACE((#7856));
#7858=IFCPOLYLOOP((#5544,#5725,#5721));
#7859=IFCFACEOUTERBOUND(#7858,.T.);
#7860=IFCFACE((#7859));
#7861=IFCPOLYLOOP((#5544,#5721,#5724));
#7862=IFCFACEOUTERBOUND(#7861,.T.);
#7863=IFCFACE((#7862));
#7864=IFCPOLYLOOP((#5544,#5724,#5493));
#7865=IFCFACEOUTERBOUND(#7864,.T.);
#7866=IFCFACE((#7865));
#7867=IFCPOLYLOOP((#5544,#5514,#5501));
#7868=IFCFACEOUTERBOUND(#7867,.T.);
#7869=IFCFACE((#7868));
#7870=IFCPOLYLOOP((#5544,#5501,#5524));
#7871=IFCFACEOUTERBOUND(#7870,.T.);
#7872=IFCFACE((#7871));
#7873=IFCPOLYLOOP((#5544,#5524,#5497));
#7874=IFCFACEOUTERBOUND(#7873,.T.);
#7875=IFCFACE((#7874));
#7876=IFCPOLYLOOP((#5544,#5497,#5517));
#7877=IFCFACEOUTERBOUND(#7876,.T.);
#7878=IFCFACE((#7877));
#7879=IFCPOLYLOOP((#5544,#5517,#5511));
#7880=IFCFACEOUTERBOUND(#7879,.T.);
#7881=IFCFACE((#7880));
#7882=IFCPOLYLOOP((#5544,#5511,#5522));
#7883=IFCFACEOUTERBOUND(#7882,.T.);
#7884=IFCFACE((#7883));
#7885=IFCPOLYLOOP((#5544,#5522,#5495));
#7886=IFCFACEOUTERBOUND(#7885,.T.);
#7887=IFCFACE((#7886));
#7888=IFCPOLYLOOP((#5544,#5495,#5534));
#7889=IFCFACEOUTERBOUND(#7888,.T.);
#7890=IFCFACE((#7889));
#7891=IFCPOLYLOOP((#5544,#5534,#5509));
#7892=IFCFACEOUTERBOUND(#7891,.T.);
#7893=IFCFACE((#7892));
#7894=IFCPOLYLOOP((#5544,#5509,#5510));
#7895=IFCFACEOUTERBOUND(#7894,.T.);
#7896=IFCFACE((#7895));
#7897=IFCPOLYLOOP((#5544,#5510,#5496));
#7898=IFCFACEOUTERBOUND(#7897,.T.);
#7899=IFCFACE((#7898));
#7900=IFCPOLYLOOP((#5544,#5496,#5516));
#7901=IFCFACEOUTERBOUND(#7900,.T.);
#7902=IFCFACE((#7901));
#7903=IFCPOLYLOOP((#5544,#5516,#5504));
#7904=IFCFACEOUTERBOUND(#7903,.T.);
#7905=IFCFACE((#7904));
#7906=IFCPOLYLOOP((#5544,#5504,#5507));
#7907=IFCFACEOUTERBOUND(#7906,.T.);
#7908=IFCFACE((#7907));
#7909=IFCPOLYLOOP((#5544,#5507,#5445));
#7910=IFCFACEOUTERBOUND(#7909,.T.);
#7911=IFCFACE((#7910));
#7912=IFCPOLYLOOP((#5209,#5305,#5291));
#7913=IFCFACEOUTERBOUND(#7912,.T.);
#7914=IFCFACE((#7913));
#7915=IFCPOLYLOOP((#5209,#5291,#5307));
#7916=IFCFACEOUTERBOUND(#7915,.T.);
#7917=IFCFACE((#7916));
#7918=IFCPOLYLOOP((#5209,#5307,#5278));
#7919=IFCFACEOUTERBOUND(#7918,.T.);
#7920=IFCFACE((#7919));
#7921=IFCPOLYLOOP((#5209,#5278,#5335));
#7922=IFCFACEOUTERBOUND(#7921,.T.);
#7923=IFCFACE((#7922));
#7924=IFCPOLYLOOP((#5209,#5335,#5313));
#7925=IFCFACEOUTERBOUND(#7924,.T.);
#7926=IFCFACE((#7925));
#7927=IFCPOLYLOOP((#5209,#5313,#5371));
#7928=IFCFACEOUTERBOUND(#7927,.T.);
#7929=IFCFACE((#7928));
#7930=IFCPOLYLOOP((#5209,#5371,#5275));
#7931=IFCFACEOUTERBOUND(#7930,.T.);
#7932=IFCFACE((#7931));
#7933=IFCPOLYLOOP((#5209,#5275,#5338));
#7934=IFCFACEOUTERBOUND(#7933,.T.);
#7935=IFCFACE((#7934));
#7936=IFCPOLYLOOP((#5209,#5338,#5337));
#7937=IFCFACEOUTERBOUND(#7936,.T.);
#7938=IFCFACE((#7937));
#7939=IFCPOLYLOOP((#5209,#5337,#5373));
#7940=IFCFACEOUTERBOUND(#7939,.T.);
#7941=IFCFACE((#7940));
#7942=IFCPOLYLOOP((#5209,#5373,#5294));
#7943=IFCFACEOUTERBOUND(#7942,.T.);
#7944=IFCFACE((#7943));
#7945=IFCPOLYLOOP((#5209,#5294,#5415));
#7946=IFCFACEOUTERBOUND(#7945,.T.);
#7947=IFCFACE((#7946));
#7948=IFCPOLYLOOP((#5209,#5415,#5328));
#7949=IFCFACEOUTERBOUND(#7948,.T.);
#7950=IFCFACE((#7949));
#7951=IFCPOLYLOOP((#5209,#5328,#5412));
#7952=IFCFACEOUTERBOUND(#7951,.T.);
#7953=IFCFACE((#7952));
#7954=IFCPOLYLOOP((#5209,#5412,#5269));
#7955=IFCFACEOUTERBOUND(#7954,.T.);
#7956=IFCFACE((#7955));
#7957=IFCPOLYLOOP((#5209,#5269,#5403));
#7958=IFCFACEOUTERBOUND(#7957,.T.);
#7959=IFCFACE((#7958));
#7960=IFCPOLYLOOP((#5209,#5403,#5325));
#7961=IFCFACEOUTERBOUND(#7960,.T.);
#7962=IFCFACE((#7961));
#7963=IFCPOLYLOOP((#5209,#5325,#5404));
#7964=IFCFACEOUTERBOUND(#7963,.T.);
#7965=IFCFACE((#7964));
#7966=IFCPOLYLOOP((#5209,#5404,#5286));
#7967=IFCFACEOUTERBOUND(#7966,.T.);
#7968=IFCFACE((#7967));
#7969=IFCPOLYLOOP((#5209,#5286,#5410));
#7970=IFCFACEOUTERBOUND(#7969,.T.);
#7971=IFCFACE((#7970));
#7972=IFCPOLYLOOP((#5209,#5410,#5326));
#7973=IFCFACEOUTERBOUND(#7972,.T.);
#7974=IFCFACE((#7973));
#7975=IFCPOLYLOOP((#5209,#5326,#5407));
#7976=IFCFACEOUTERBOUND(#7975,.T.);
#7977=IFCFACE((#7976));
#7978=IFCPOLYLOOP((#5209,#5407,#5283));
#7979=IFCFACEOUTERBOUND(#7978,.T.);
#7980=IFCFACE((#7979));
#7981=IFCPOLYLOOP((#5209,#5283,#5393));
#7982=IFCFACEOUTERBOUND(#7981,.T.);
#7983=IFCFACE((#7982));
#7984=IFCPOLYLOOP((#5209,#5393,#5321));
#7985=IFCFACEOUTERBOUND(#7984,.T.);
#7986=IFCFACE((#7985));
#7987=IFCPOLYLOOP((#5209,#5321,#5394));
#7988=IFCFACEOUTERBOUND(#7987,.T.);
#7989=IFCFACE((#7988));
#7990=IFCPOLYLOOP((#5209,#5394,#5301));
#7991=IFCFACEOUTERBOUND(#7990,.T.);
#7992=IFCFACE((#7991));
#7993=IFCPOLYLOOP((#5209,#5301,#5437));
#7994=IFCFACEOUTERBOUND(#7993,.T.);
#7995=IFCFACE((#7994));
#7996=IFCPOLYLOOP((#5209,#5437,#5302));
#7997=IFCFACEOUTERBOUND(#7996,.T.);
#7998=IFCFACE((#7997));
#7999=IFCPOLYLOOP((#5209,#5302,#5433));
#8000=IFCFACEOUTERBOUND(#7999,.T.);
#8001=IFCFACE((#8000));
#8002=IFCPOLYLOOP((#5209,#5433,#5268));
#8003=IFCFACEOUTERBOUND(#8002,.T.);
#8004=IFCFACE((#8003));
#8005=IFCPOLYLOOP((#5209,#5268,#5386));
#8006=IFCFACEOUTERBOUND(#8005,.T.);
#8007=IFCFACE((#8006));
#8008=IFCPOLYLOOP((#5209,#5386,#5318));
#8009=IFCFACEOUTERBOUND(#8008,.T.);
#8010=IFCFACE((#8009));
#8011=IFCPOLYLOOP((#5209,#5318,#5388));
#8012=IFCFACEOUTERBOUND(#8011,.T.);
#8013=IFCFACE((#8012));
#8014=IFCPOLYLOOP((#5209,#5388,#5282));
#8015=IFCFACEOUTERBOUND(#8014,.T.);
#8016=IFCFACE((#8015));
#8017=IFCPOLYLOOP((#5209,#5282,#5384));
#8018=IFCFACEOUTERBOUND(#8017,.T.);
#8019=IFCFACE((#8018));
#8020=IFCPOLYLOOP((#5209,#5384,#5317));
#8021=IFCFACEOUTERBOUND(#8020,.T.);
#8022=IFCFACE((#8021));
#8023=IFCPOLYLOOP((#5209,#5317,#5382));
#8024=IFCFACEOUTERBOUND(#8023,.T.);
#8025=IFCFACE((#8024));
#8026=IFCPOLYLOOP((#5209,#5382,#5279));
#8027=IFCFACEOUTERBOUND(#8026,.T.);
#8028=IFCFACE((#8027));
#8029=IFCPOLYLOOP((#5209,#5279,#5432));
#8030=IFCFACEOUTERBOUND(#8029,.T.);
#8031=IFCFACE((#8030));
#8032=IFCPOLYLOOP((#5209,#5432,#5349));
#8033=IFCFACEOUTERBOUND(#8032,.T.);
#8034=IFCFACE((#8033));
#8035=IFCPOLYLOOP((#5209,#5349,#5377));
#8036=IFCFACEOUTERBOUND(#8035,.T.);
#8037=IFCFACE((#8036));
#8038=IFCPOLYLOOP((#5209,#5377,#5297));
#8039=IFCFACEOUTERBOUND(#8038,.T.);
#8040=IFCFACE((#8039));
#8041=IFCPOLYLOOP((#5209,#5297,#5421));
#8042=IFCFACEOUTERBOUND(#8041,.T.);
#8043=IFCFACE((#8042));
#8044=IFCPOLYLOOP((#5209,#5421,#5331));
#8045=IFCFACEOUTERBOUND(#8044,.T.);
#8046=IFCFACE((#8045));
#8047=IFCPOLYLOOP((#5209,#5331,#5418));
#8048=IFCFACEOUTERBOUND(#8047,.T.);
#8049=IFCFACE((#8048));
#8050=IFCPOLYLOOP((#5209,#5418,#5270));
#8051=IFCFACEOUTERBOUND(#8050,.T.);
#8052=IFCFACE((#8051));
#8053=IFCPOLYLOOP((#5209,#5270,#5397));
#8054=IFCFACEOUTERBOUND(#8053,.T.);
#8055=IFCFACE((#8054));
#8056=IFCPOLYLOOP((#5209,#5397,#5322));
#8057=IFCFACEOUTERBOUND(#8056,.T.);
#8058=IFCFACE((#8057));
#8059=IFCPOLYLOOP((#5209,#5322,#5399));
#8060=IFCFACEOUTERBOUND(#8059,.T.);
#8061=IFCFACE((#8060));
#8062=IFCPOLYLOOP((#5209,#5399,#5274));
#8063=IFCFACEOUTERBOUND(#8062,.T.);
#8064=IFCFACE((#8063));
#8065=IFCPOLYLOOP((#5209,#5274,#5423));
#8066=IFCFACEOUTERBOUND(#8065,.T.);
#8067=IFCFACE((#8066));
#8068=IFCPOLYLOOP((#5209,#5423,#5332));
#8069=IFCFACEOUTERBOUND(#8068,.T.);
#8070=IFCFACE((#8069));
#8071=IFCPOLYLOOP((#5209,#5332,#5426));
#8072=IFCFACEOUTERBOUND(#8071,.T.);
#8073=IFCFACE((#8072));
#8074=IFCPOLYLOOP((#5209,#5426,#5271));
#8075=IFCFACEOUTERBOUND(#8074,.T.);
#8076=IFCFACE((#8075));
#8077=IFCPOLYLOOP((#5209,#5271,#5375));
#8078=IFCFACEOUTERBOUND(#8077,.T.);
#8079=IFCFACE((#8078));
#8080=IFCPOLYLOOP((#5209,#5375,#5344));
#8081=IFCFACEOUTERBOUND(#8080,.T.);
#8082=IFCFACE((#8081));
#8083=IFCPOLYLOOP((#5209,#5344,#5345));
#8084=IFCFACEOUTERBOUND(#8083,.T.);
#8085=IFCFACE((#8084));
#8086=IFCPOLYLOOP((#5209,#5345,#5287));
#8087=IFCFACEOUTERBOUND(#8086,.T.);
#8088=IFCFACE((#8087));
#8089=IFCPOLYLOOP((#5209,#5287,#5352));
#8090=IFCFACEOUTERBOUND(#8089,.T.);
#8091=IFCFACE((#8090));
#8092=IFCPOLYLOOP((#5209,#5352,#5293));
#8093=IFCFACEOUTERBOUND(#8092,.T.);
#8094=IFCFACE((#8093));
#8095=IFCPOLYLOOP((#5209,#5293,#5310));
#8096=IFCFACEOUTERBOUND(#8095,.T.);
#8097=IFCFACE((#8096));
#8098=IFCPOLYLOOP((#5209,#5310,#5262));
#8099=IFCFACEOUTERBOUND(#8098,.T.);
#8100=IFCFACE((#8099));
#8101=IFCPOLYLOOP((#5209,#5473,#5466));
#8102=IFCFACEOUTERBOUND(#8101,.T.);
#8103=IFCFACE((#8102));
#8104=IFCPOLYLOOP((#5209,#5466,#5467));
#8105=IFCFACEOUTERBOUND(#8104,.T.);
#8106=IFCFACE((#8105));
#8107=IFCPOLYLOOP((#5209,#5467,#5462));
#8108=IFCFACEOUTERBOUND(#8107,.T.);
#8109=IFCFACE((#8108));
#8110=IFCPOLYLOOP((#5209,#5462,#5486));
#8111=IFCFACEOUTERBOUND(#8110,.T.);
#8112=IFCFACE((#8111));
#8113=IFCPOLYLOOP((#5209,#5486,#5463));
#8114=IFCFACEOUTERBOUND(#8113,.T.);
#8115=IFCFACE((#8114));
#8116=IFCPOLYLOOP((#5209,#5463,#5477));
#8117=IFCFACEOUTERBOUND(#8116,.T.);
#8118=IFCFACE((#8117));
#8119=IFCPOLYLOOP((#5209,#5477,#5458));
#8120=IFCFACEOUTERBOUND(#8119,.T.);
#8121=IFCFACE((#8120));
#8122=IFCPOLYLOOP((#5209,#5458,#5482));
#8123=IFCFACEOUTERBOUND(#8122,.T.);
#8124=IFCFACE((#8123));
#8125=IFCPOLYLOOP((#5209,#5482,#5464));
#8126=IFCFACEOUTERBOUND(#8125,.T.);
#8127=IFCFACE((#8126));
#8128=IFCPOLYLOOP((#5209,#5464,#5469));
#8129=IFCFACEOUTERBOUND(#8128,.T.);
#8130=IFCFACE((#8129));
#8131=IFCPOLYLOOP((#5209,#5469,#5457));
#8132=IFCFACEOUTERBOUND(#8131,.T.);
#8133=IFCFACE((#8132));
#8134=IFCPOLYLOOP((#5208,#5743,#5736));
#8135=IFCFACEOUTERBOUND(#8134,.T.);
#8136=IFCFACE((#8135));
#8137=IFCPOLYLOOP((#5208,#5736,#5737));
#8138=IFCFACEOUTERBOUND(#8137,.T.);
#8139=IFCFACE((#8138));
#8140=IFCPOLYLOOP((#5208,#5737,#5732));
#8141=IFCFACEOUTERBOUND(#8140,.T.);
#8142=IFCFACE((#8141));
#8143=IFCPOLYLOOP((#5208,#5732,#5756));
#8144=IFCFACEOUTERBOUND(#8143,.T.);
#8145=IFCFACE((#8144));
#8146=IFCPOLYLOOP((#5208,#5756,#5733));
#8147=IFCFACEOUTERBOUND(#8146,.T.);
#8148=IFCFACE((#8147));
#8149=IFCPOLYLOOP((#5208,#5733,#5747));
#8150=IFCFACEOUTERBOUND(#8149,.T.);
#8151=IFCFACE((#8150));
#8152=IFCPOLYLOOP((#5208,#5747,#5728));
#8153=IFCFACEOUTERBOUND(#8152,.T.);
#8154=IFCFACE((#8153));
#8155=IFCPOLYLOOP((#5208,#5728,#5752));
#8156=IFCFACEOUTERBOUND(#8155,.T.);
#8157=IFCFACE((#8156));
#8158=IFCPOLYLOOP((#5208,#5752,#5734));
#8159=IFCFACEOUTERBOUND(#8158,.T.);
#8160=IFCFACE((#8159));
#8161=IFCPOLYLOOP((#5208,#5734,#5739));
#8162=IFCFACEOUTERBOUND(#8161,.T.);
#8163=IFCFACE((#8162));
#8164=IFCPOLYLOOP((#5208,#5739,#5263));
#8165=IFCFACEOUTERBOUND(#8164,.T.);
#8166=IFCFACE((#8165));
#8167=IFCPOLYLOOP((#5263,#5231,#5218));
#8168=IFCFACEOUTERBOUND(#8167,.T.);
#8169=IFCFACE((#8168));
#8170=IFCPOLYLOOP((#5263,#5218,#5241));
#8171=IFCFACEOUTERBOUND(#8170,.T.);
#8172=IFCFACE((#8171));
#8173=IFCPOLYLOOP((#5263,#5241,#5214));
#8174=IFCFACEOUTERBOUND(#8173,.T.);
#8175=IFCFACE((#8174));
#8176=IFCPOLYLOOP((#5263,#5214,#5234));
#8177=IFCFACEOUTERBOUND(#8176,.T.);
#8178=IFCFACE((#8177));
#8179=IFCPOLYLOOP((#5263,#5234,#5228));
#8180=IFCFACEOUTERBOUND(#8179,.T.);
#8181=IFCFACE((#8180));
#8182=IFCPOLYLOOP((#5263,#5228,#5239));
#8183=IFCFACEOUTERBOUND(#8182,.T.);
#8184=IFCFACE((#8183));
#8185=IFCPOLYLOOP((#5263,#5239,#5212));
#8186=IFCFACEOUTERBOUND(#8185,.T.);
#8187=IFCFACE((#8186));
#8188=IFCPOLYLOOP((#5263,#5212,#5251));
#8189=IFCFACEOUTERBOUND(#8188,.T.);
#8190=IFCFACE((#8189));
#8191=IFCPOLYLOOP((#5263,#5251,#5226));
#8192=IFCFACEOUTERBOUND(#8191,.T.);
#8193=IFCFACE((#8192));
#8194=IFCPOLYLOOP((#5263,#5226,#5227));
#8195=IFCFACEOUTERBOUND(#8194,.T.);
#8196=IFCFACE((#8195));
#8197=IFCPOLYLOOP((#5263,#5227,#5213));
#8198=IFCFACEOUTERBOUND(#8197,.T.);
#8199=IFCFACE((#8198));
#8200=IFCPOLYLOOP((#5263,#5213,#5233));
#8201=IFCFACEOUTERBOUND(#8200,.T.);
#8202=IFCFACE((#8201));
#8203=IFCPOLYLOOP((#5263,#5233,#5221));
#8204=IFCFACEOUTERBOUND(#8203,.T.);
#8205=IFCFACE((#8204));
#8206=IFCPOLYLOOP((#5263,#5221,#5224));
#8207=IFCFACEOUTERBOUND(#8206,.T.);
#8208=IFCFACE((#8207));
#8209=IFCPOLYLOOP((#5263,#5224,#5208));
#8210=IFCFACEOUTERBOUND(#8209,.T.);
#8211=IFCFACE((#8210));
#8212=IFCPOLYLOOP((#5744,#5740,#5735));
#8213=IFCFACEOUTERBOUND(#8212,.T.);
#8214=IFCFACE((#8213));
#8215=IFCPOLYLOOP((#5751,#5755,#5756));
#8216=IFCFACEOUTERBOUND(#8215,.T.);
#8217=IFCFACE((#8216));
#8218=IFCPOLYLOOP((#5738,#5757,#5745));
#8219=IFCFACEOUTERBOUND(#8218,.T.);
#8220=IFCFACE((#8219));
#8221=IFCPOLYLOOP((#5749,#5730,#5751));
#8222=IFCFACEOUTERBOUND(#8221,.T.);
#8223=IFCFACE((#8222));
#8224=IFCPOLYLOOP((#5738,#5745,#5731));
#8225=IFCFACEOUTERBOUND(#8224,.T.);
#8226=IFCFACE((#8225));
#8227=IFCPOLYLOOP((#5745,#5752,#5748));
#8228=IFCFACEOUTERBOUND(#8227,.T.);
#8229=IFCFACE((#8228));
#8230=IFCPOLYLOOP((#5757,#5742,#5264));
#8231=IFCFACEOUTERBOUND(#8230,.T.);
#8232=IFCFACE((#8231));
#8233=IFCPOLYLOOP((#5730,#5749,#5741));
#8234=IFCFACEOUTERBOUND(#8233,.T.);
#8235=IFCFACE((#8234));
#8236=IFCPOLYLOOP((#5737,#5749,#5732));
#8237=IFCFACEOUTERBOUND(#8236,.T.);
#8238=IFCFACE((#8237));
#8239=IFCPOLYLOOP((#5750,#5755,#5729));
#8240=IFCFACEOUTERBOUND(#8239,.T.);
#8241=IFCFACE((#8240));
#8242=IFCPOLYLOOP((#5731,#5745,#5748));
#8243=IFCFACEOUTERBOUND(#8242,.T.);
#8244=IFCFACE((#8243));
#8245=IFCPOLYLOOP((#5753,#5744,#5735));
#8246=IFCFACEOUTERBOUND(#8245,.T.);
#8247=IFCFACE((#8246));
#8248=IFCPOLYLOOP((#5753,#5737,#5736));
#8249=IFCFACEOUTERBOUND(#8248,.T.);
#8250=IFCFACE((#8249));
#8251=IFCPOLYLOOP((#5753,#5749,#5737));
#8252=IFCFACEOUTERBOUND(#8251,.T.);
#8253=IFCFACE((#8252));
#8254=IFCPOLYLOOP((#5757,#5264,#5263));
#8255=IFCFACEOUTERBOUND(#8254,.T.);
#8256=IFCFACE((#8255));
#8257=IFCPOLYLOOP((#5743,#5544,#5543));
#8258=IFCFACEOUTERBOUND(#8257,.T.);
#8259=IFCFACE((#8258));
#8260=IFCPOLYLOOP((#5743,#5744,#5736));
#8261=IFCFACEOUTERBOUND(#8260,.T.);
#8262=IFCFACE((#8261));
#8263=IFCPOLYLOOP((#5543,#5542,#5740));
#8264=IFCFACEOUTERBOUND(#8263,.T.);
#8265=IFCFACE((#8264));
#8266=IFCPOLYLOOP((#5742,#5259,#5264));
#8267=IFCFACEOUTERBOUND(#8266,.T.);
#8268=IFCFACE((#8267));
#8269=IFCPOLYLOOP((#5757,#5734,#5745));
#8270=IFCFACEOUTERBOUND(#8269,.T.);
#8271=IFCFACE((#8270));
#8272=IFCPOLYLOOP((#5543,#5744,#5743));
#8273=IFCFACEOUTERBOUND(#8272,.T.);
#8274=IFCFACE((#8273));
#8275=IFCPOLYLOOP((#5740,#5744,#5543));
#8276=IFCFACEOUTERBOUND(#8275,.T.);
#8277=IFCFACE((#8276));
#8278=IFCPOLYLOOP((#5752,#5745,#5734));
#8279=IFCFACEOUTERBOUND(#8278,.T.);
#8280=IFCFACE((#8279));
#8281=IFCPOLYLOOP((#5739,#5734,#5757,#5263));
#8282=IFCFACEOUTERBOUND(#8281,.T.);
#8283=IFCFACE((#8282));
#8284=IFCPOLYLOOP((#5748,#5746,#5731));
#8285=IFCFACEOUTERBOUND(#8284,.T.);
#8286=IFCFACE((#8285));
#8287=IFCPOLYLOOP((#5755,#5750,#5747));
#8288=IFCFACEOUTERBOUND(#8287,.T.);
#8289=IFCFACE((#8288));
#8290=IFCPOLYLOOP((#5747,#5750,#5728));
#8291=IFCFACEOUTERBOUND(#8290,.T.);
#8292=IFCFACE((#8291));
#8293=IFCPOLYLOOP((#5746,#5748,#5750));
#8294=IFCFACEOUTERBOUND(#8293,.T.);
#8295=IFCFACE((#8294));
#8296=IFCPOLYLOOP((#5751,#5732,#5749));
#8297=IFCFACEOUTERBOUND(#8296,.T.);
#8298=IFCFACE((#8297));
#8299=IFCPOLYLOOP((#5753,#5735,#5741));
#8300=IFCFACEOUTERBOUND(#8299,.T.);
#8301=IFCFACE((#8300));
#8302=IFCPOLYLOOP((#5728,#5750,#5748));
#8303=IFCFACEOUTERBOUND(#8302,.T.);
#8304=IFCFACE((#8303));
#8305=IFCPOLYLOOP((#5746,#5750,#5729));
#8306=IFCFACEOUTERBOUND(#8305,.T.);
#8307=IFCFACE((#8306));
#8308=IFCPOLYLOOP((#5733,#5756,#5755,#5747));
#8309=IFCFACEOUTERBOUND(#8308,.T.);
#8310=IFCFACE((#8309));
#8311=IFCPOLYLOOP((#5754,#5755,#5751));
#8312=IFCFACEOUTERBOUND(#8311,.T.);
#8313=IFCFACE((#8312));
#8314=IFCPOLYLOOP((#5752,#5728,#5748));
#8315=IFCFACEOUTERBOUND(#8314,.T.);
#8316=IFCFACE((#8315));
#8317=IFCPOLYLOOP((#5736,#5744,#5753));
#8318=IFCFACEOUTERBOUND(#8317,.T.);
#8319=IFCFACE((#8318));
#8320=IFCPOLYLOOP((#5749,#5753,#5741));
#8321=IFCFACEOUTERBOUND(#8320,.T.);
#8322=IFCFACE((#8321));
#8323=IFCPOLYLOOP((#5729,#5755,#5754));
#8324=IFCFACEOUTERBOUND(#8323,.T.);
#8325=IFCFACE((#8324));
#8326=IFCPOLYLOOP((#5751,#5730,#5754));
#8327=IFCFACEOUTERBOUND(#8326,.T.);
#8328=IFCFACE((#8327));
#8329=IFCPOLYLOOP((#5756,#5732,#5751));
#8330=IFCFACEOUTERBOUND(#8329,.T.);
#8331=IFCFACE((#8330));
#8332=IFCPOLYLOOP((#5738,#5742,#5757));
#8333=IFCFACEOUTERBOUND(#8332,.T.);
#8334=IFCFACE((#8333));
#8335=IFCPOLYLOOP((#5439,#5259,#5742,#5738,#5731,#5746,#5729,#5754,#5730,#5741,#5735,#5740,#5542,#5719));
#8336=IFCFACEOUTERBOUND(#8335,.T.);
#8337=IFCFACE((#8336));
#8338=IFCCLOSEDSHELL((#574,#577,#580,#583,#586,#589,#592,#595,#598,#601,#604,#607,#610,#613,#616,#619,#622,#625,#628,#631,#634,#637,#640,#643,#646,#649,#652,#655,#658,#661,#664,#667,#670,#673,#676,#679,#682,#685,#688,#691,#694,#697,#700,#703,#706,#709,#712,#715,#718,#721,#724,#727,#730,#733,#736,#739,#742,#745,#748,#751,#754,#757,#760,#763,#766,#769,#772,#775,#778,#781,#784,#787,#790,#793,#796,#799,#802,#805,#808,#811,#814,#817,#820,#823,#826,#829,#832,#835,#838,#841,#844,#847,#850,#853,#856,#859,#862,#865,#868,#871,#874,#877,#880,#883,#886,#889,#892,#895,#898,#901,#904,#907,#910,#913,#916,#919,#922,#925,#928,#931,#934,#937,#940,#943,#946,#949,#952,#955,#958,#961,#964,#967,#970,#973,#976,#979,#982,#985,#988,#991,#994,#997,#1000,#1003,#1006,#1009,#1012,#1015,#1018,#1021,#1024,#1027,#1030,#1033,#1036,#1039,#1042,#1045));
#8339=IFCFACETEDBREP(#8338);
#8340=IFCCOLOURRGB($,0.95686274509803926,0.96078431372549022,0.96470588235294119);
#8341=IFCSURFACESTYLERENDERING(#8340,0.,$,$,$,$,IFCNORMALISEDRATIOMEASURE(0.5),IFCSPECULAREXPONENT(128.),.NOTDEFINED.);
#8342=IFCSURFACESTYLE('Aluminum',.BOTH.,(#8341));
#8343=IFCPRESENTATIONSTYLEASSIGNMENT((#8342));
#8344=IFCSTYLEDITEM(#8339,(#8343),$);
#8345=IFCCLOSEDSHELL((#1096,#1099,#1102,#1105,#1108,#1111,#1114,#1117,#1120,#1123,#1126,#1129,#1132,#1135,#1138,#1141,#1144,#1147,#1150,#1153,#1156,#1159,#1162,#1165,#1168,#1171));
#8346=IFCFACETEDBREP(#8345);
#8347=IFCSTYLEDITEM(#8346,(#8343),$);
#8348=IFCCLOSEDSHELL((#1302,#1305,#1308,#1311,#1314,#1317,#1320,#1323,#1326,#1329,#1332,#1335,#1338,#1341,#1344,#1347,#1350,#1353,#1356,#1359,#1362,#1365,#1368,#1371,#1374,#1377,#1380,#1383,#1386,#1389,#1392,#1395,#1398,#1401,#1404,#1407,#1410,#1413,#1416,#1419,#1422,#1425,#1428,#1431,#1434,#1437,#1440,#1443,#1446,#1449,#1452,#1455,#1458,#1461,#1464,#1467,#1470,#1473,#1476,#1479,#1482,#1485,#1488,#1491,#1494,#1497,#1500,#1503,#1506,#1509,#1512,#1515,#1518,#1521,#1524,#1527,#1530,#1533,#1536,#1539,#1542,#1545,#1548,#1551,#1554,#1557,#1560,#1563,#1566,#1569,#1572,#1575,#1578,#1581,#1584,#1587,#1590,#1593,#1596,#1599,#1602,#1605,#1608,#1611,#1614,#1617,#1620,#1623,#1626,#1629,#1632,#1635,#1638,#1641,#1644,#1647,#1650,#1653,#1656,#1659,#1662,#1665,#1668,#1671,#1674,#1677,#1680,#1683,#1686,#1689,#1692,#1695,#1698,#1701,#1704,#1707,#1710,#1713,#1716,#1719,#1722,#1725,#1728,#1731,#1734,#1737,#1740,#1743,#1746,#1749,#1752,#1755,#1758,#1761,#1764,#1767,#1770,#1773));
#8349=IFCFACETEDBREP(#8348);
#8350=IFCSTYLEDITEM(#8349,(#8343),$);
#8351=IFCCLOSEDSHELL((#1824,#1827,#1830,#1833,#1836,#1839,#1842,#1845,#1848,#1851,#1854,#1857,#1860,#1863,#1866,#1869,#1872,#1875,#1878,#1881,#1884,#1887,#1890,#1893,#1896,#1899));
#8352=IFCFACETEDBREP(#8351);
#8353=IFCSTYLEDITEM(#8352,(#8343),$);
#8354=IFCCLOSEDSHELL((#1910,#1915,#1923,#1927,#1935,#1939,#1947,#1951,#1958,#1961,#1964,#1967,#1970,#1973,#1976,#1979,#1982,#1985));
#8355=IFCFACETEDBREP(#8354);
#8356=IFCCOLOURRGB($,0.69803921568627447,0.69803921568627447,0.69803921568627447);
#8357=IFCSURFACESTYLERENDERING(#8356,0.,$,$,$,$,IFCNORMALISEDRATIOMEASURE(0.5),IFCSPECULAREXPONENT(128.),.NOTDEFINED.);
#8358=IFCSURFACESTYLE('Metal - Paint Finish - Grey',.BOTH.,(#8357));
#8359=IFCPRESENTATIONSTYLEASSIGNMENT((#8358));
#8360=IFCSTYLEDITEM(#8355,(#8359),$);
#8361=IFCCLOSEDSHELL((#1998,#2011,#2014,#2017,#2020,#2023,#2026,#2029,#2032,#2035));
#8362=IFCFACETEDBREP(#8361);
#8363=IFCCOLOURRGB($,0.67843137254901964,0.51764705882352946,0.37647058823529411);
#8364=IFCSURFACESTYLERENDERING(#8363,0.,$,$,$,$,IFCNORMALISEDRATIOMEASURE(0.5),IFCSPECULAREXPONENT(64.),.NOTDEFINED.);
#8365=IFCSURFACESTYLE('Wood - Birch',.BOTH.,(#8364));
#8366=IFCPRESENTATIONSTYLEASSIGNMENT((#8365));
#8367=IFCSTYLEDITEM(#8362,(#8366),$);
#8368=IFCCLOSEDSHELL((#2042,#2049,#2052,#2055,#2058,#2061));
#8369=IFCFACETEDBREP(#8368);
#8370=IFCCOLOURRGB($,0.96078431372549022,0.96078431372549022,0.95294117647058818);
#8371=IFCSURFACESTYLERENDERING(#8370,1.,$,$,$,$,IFCNORMALISEDRATIOMEASURE(0.5),IFCSPECULAREXPONENT(64.),.NOTDEFINED.);
#8372=IFCSURFACESTYLE('Glass',.BOTH.,(#8371));
#8373=IFCPRESENTATIONSTYLEASSIGNMENT((#8372));
#8374=IFCSTYLEDITEM(#8369,(#8373),$);
#8375=IFCCLOSEDSHELL((#2622,#2625,#2628,#2631,#2634,#2637,#2640,#2643,#2646,#2649,#2652,#2655,#2658,#2661,#2664,#2667,#2670,#2673,#2676,#2679,#2682,#2685,#2688,#2691,#2694,#2697,#2700,#2703,#2706,#2709,#2712,#2715,#2718,#2721,#2724,#2727,#2730,#2733,#2736,#2739,#2742,#2745,#2748,#2751,#2754,#2757,#2760,#2763,#2766,#2769,#2772,#2775,#2778,#2781,#2784,#2787,#2790,#2793,#2796,#2799,#2802,#2805,#2808,#2811,#2814,#2817,#2820,#2823,#2826,#2829,#2832,#2835,#2838,#2841,#2844,#2847,#2850,#2853,#2856,#2859,#2862,#2865,#2868,#2871,#2874,#2877,#2880,#2883,#2886,#2889,#2892,#2895,#2898,#2901,#2904,#2907,#2910,#2913,#2916,#2919,#2922,#2925,#2928,#2931,#2934,#2937,#2940,#2943,#2946,#2949,#2952,#2955,#2958,#2961,#2964,#2967,#2970,#2973,#2976,#2979,#2982,#2985,#2988,#2991,#2994,#2997,#3000,#3003,#3006,#3009,#3012,#3015,#3018,#3021,#3024,#3027,#3030,#3033,#3036,#3039,#3042,#3045,#3048,#3051,#3054,#3057,#3060,#3063,#3066,#3069,#3072,#3075,#3078,#3081,#3084,#3087,#3090,#3093,#3096,#3099,#3102,#3105,#3108,#3111,#3114,#3117,#3120,#3123,#3126,#3129,#3132,#3135,#3138,#3141,#3144,#3147,#3150,#3153,#3156,#3159,#3162,#3165,#3168,#3171,#3174,#3177,#3180,#3183,#3186,#3189,#3192,#3195,#3198,#3201,#3204,#3207,#3210,#3213,#3216,#3219,#3222,#3225,#3228,#3231,#3234,#3237,#3240,#3243,#3246,#3249,#3252,#3255,#3258,#3261,#3264,#3267,#3270,#3273,#3276,#3279,#3282,#3285,#3288,#3291,#3294,#3297,#3300,#3303,#3306,#3309,#3312,#3315,#3318,#3321,#3324,#3327,#3330,#3333,#3336,#3339,#3342,#3345,#3348,#3351,#3354,#3357,#3360,#3363,#3366,#3369,#3372,#3375,#3378,#3381,#3384,#3387,#3390,#3393,#3396,#3399,#3402,#3405,#3408,#3411,#3414,#3417,#3420,#3423,#3426,#3429,#3432,#3435,#3438,#3441,#3444,#3447,#3450,#3453,#3456,#3459,#3462,#3465,#3468,#3471,#3474,#3477,#3480,#3483,#3486,#3489,#3492,#3495,#3498,#3501,#3504,#3507,#3510,#3513,#3516,#3519,#3522,#3525,#3528,#3531,#3534,#3537,#3540,#3543,#3546,#3549,#3552,#3555,#3558,#3561,#3564,#3567,#3570,#3573,#3576,#3579,#3582,#3585,#3588,#3591,#3594,#3597,#3600,#3603,#3606,#3609,#3612,#3615,#3618,#3621,#3624,#3627,#3630,#3633,#3636,#3639,#3642,#3645,#3648,#3651,#3654,#3657,#3660,#3663,#3666,#3669,#3672,#3675,#3678,#3681,#3684,#3687,#3690,#3693,#3696,#3699,#3702,#3705,#3708,#3711,#3714,#3717,#3720,#3723,#3726,#3729,#3732,#3735,#3738,#3741,#3744,#3747,#3750,#3753,#3756,#3759,#3762,#3765,#3768,#3771,#3774,#3777,#3780,#3783,#3786,#3789,#3792,#3795,#3798,#3801,#3804,#3807,#3810,#3813,#3816,#3819,#3822,#3825,#3828,#3831,#3834,#3837,#3840,#3843,#3846,#3849,#3852,#3855,#3858,#3861,#3864,#3867,#3870,#3873,#3876,#3879,#3882,#3885,#3888,#3891,#3894,#3897,#3900,#3903,#3906,#3909,#3912,#3915,#3918,#3921,#3924,#3927,#3930,#3933,#3936,#3939,#3942,#3945,#3948,#3951,#3954,#3957,#3960,#3963,#3966,#3969,#3972,#3975,#3978,#3981,#3984,#3987,#3990,#3993,#3996,#3999,#4002,#4005,#4008,#4011,#4014,#4017,#4020,#4023,#4026,#4029,#4032,#4035,#4038,#4041,#4044,#4047,#4050,#4053,#4056,#4059,#4062,#4065,#4068,#4071,#4074,#4077,#4080,#4083,#4086,#4089,#4092,#4095,#4098,#4101,#4104,#4107,#4110,#4113,#4116,#4119,#4122,#4125,#4128,#4131,#4134,#4137,#4140,#4143,#4146,#4149,#4152,#4155,#4158,#4161,#4164,#4167,#4170,#4173,#4176,#4179,#4182,#4185,#4188,#4191,#4194,#4197,#4200,#4203,#4206,#4209,#4212,#4215,#4218,#4221,#4224,#4227,#4230,#4233,#4236,#4239,#4242,#4245,#4248,#4251,#4254,#4257,#4260,#4263,#4266,#4269,#4272,#4275,#4278,#4281,#4284,#4287,#4290,#4293,#4296,#4299,#4302,#4305,#4308,#4311,#4314,#4317,#4320,#4323,#4326,#4329,#4332,#4335,#4338,#4341,#4344,#4347,#4350,#4353,#4356,#4359,#4362,#4365,#4368,#4371,#4374,#4377,#4380,#4383,#4386,#4389,#4392,#4395,#4398,#4401,#4404,#4407,#4410,#4413,#4416,#4419,#4422,#4425,#4428,#4431,#4434,#4437,#4440,#4443,#4446,#4449,#4452,#4455,#4458,#4461,#4464,#4467,#4470,#4473,#4476,#4479,#4482,#4485,#4488,#4491,#4494,#4497,#4500,#4503,#4506,#4509,#4512,#4515,#4518,#4521,#4524,#4527,#4530,#4533,#4536,#4539,#4542,#4545,#4548,#4551,#4554,#4557,#4560,#4563,#4566,#4569,#4572,#4575,#4578,#4581,#4584,#4587,#4590,#4593,#4596,#4599,#4602,#4605,#4608,#4611,#4614,#4617,#4620,#4623,#4626,#4629,#4632,#4635,#4638,#4641,#4644,#4647,#4650,#4653,#4656,#4659,#4662,#4665,#4668,#4671,#4674,#4677,#4680,#4683,#4686,#4689,#4692,#4695,#4698,#4701,#4704,#4707,#4710,#4713,#4716,#4719,#4722,#4725,#4728,#4731,#4734,#4737,#4740,#4743,#4746,#4749,#4752,#4755,#4758,#4761,#4764,#4767,#4770,#4773,#4776,#4779,#4782,#4785,#4788,#4791,#4794,#4797,#4800,#4803,#4806,#4809,#4812,#4815,#4818,#4821,#4824,#4827,#4830,#4833,#4836,#4839,#4842,#4845,#4848,#4851,#4854,#4857,#4860,#4863,#4866,#4869,#4872,#4875,#4878,#4881,#4884,#4887,#4890,#4893,#4896,#4899,#4902,#4905,#4908,#4911,#4914,#4917,#4920,#4923,#4926,#4929,#4932,#4935,#4938,#4941,#4944,#4947,#4950,#4953,#4956,#4959,#4962,#4965,#4968,#4971,#4974,#4977,#4980,#4983,#4986,#4989,#4992,#4995,#4998,#5001,#5004,#5007,#5010,#5013,#5016,#5019,#5022,#5025,#5028,#5031,#5034,#5037,#5040,#5043,#5046,#5049,#5052,#5055,#5058,#5061,#5064,#5067,#5070,#5073,#5076,#5079,#5082,#5085,#5088,#5091,#5094,#5097,#5100,#5103,#5106,#5109,#5112,#5115,#5118,#5121,#5124,#5127,#5130,#5133,#5136,#5139,#5142,#5145,#5148,#5151,#5154,#5157,#5160,#5163,#5166,#5169,#5172,#5175,#5178,#5181,#5184,#5187,#5190,#5193,#5196,#5199));
#8376=IFCFACETEDBREP(#8375);
#8377=IFCSTYLEDITEM(#8376,(#8359),$);
#8378=IFCCLOSEDSHELL((#5760,#5763,#5766,#5769,#5772,#5775,#5778,#5781,#5784,#5787,#5790,#5793,#5796,#5799,#5802,#5805,#5808,#5811,#5814,#5817,#5820,#5823,#5826,#5829,#5832,#5835,#5838,#5841,#5844,#5847,#5850,#5853,#5856,#5859,#5862,#5865,#5868,#5871,#5874,#5877,#5880,#5883,#5886,#5889,#5892,#5895,#5898,#5901,#5904,#5907,#5910,#5913,#5916,#5919,#5922,#5925,#5928,#5931,#5934,#5937,#5940,#5943,#5946,#5949,#5952,#5955,#5958,#5961,#5964,#5967,#5970,#5973,#5976,#5979,#5982,#5985,#5988,#5991,#5994,#5997,#6000,#6003,#6006,#6009,#6012,#6015,#6018,#6021,#6024,#6027,#6030,#6033,#6036,#6039,#6042,#6045,#6048,#6051,#6054,#6057,#6060,#6063,#6066,#6069,#6072,#6075,#6078,#6081,#6084,#6087,#6090,#6093,#6096,#6099,#6102,#6105,#6108,#6111,#6114,#6117,#6120,#6123,#6126,#6129,#6132,#6135,#6138,#6141,#6144,#6147,#6150,#6153,#6156,#6159,#6162,#6165,#6168,#6171,#6174,#6177,#6180,#6183,#6186,#6189,#6192,#6195,#6198,#6201,#6204,#6207,#6210,#6213,#6216,#6219,#6222,#6225,#6228,#6231,#6234,#6237,#6240,#6243,#6246,#6249,#6252,#6255,#6258,#6261,#6264,#6267,#6270,#6273,#6276,#6279,#6282,#6285,#6288,#6291,#6294,#6297,#6300,#6303,#6306,#6309,#6312,#6315,#6318,#6321,#6324,#6327,#6330,#6333,#6336,#6339,#6342,#6345,#6348,#6351,#6354,#6357,#6360,#6363,#6366,#6369,#6372,#6375,#6378,#6381,#6384,#6387,#6390,#6393,#6396,#6399,#6402,#6405,#6408,#6411,#6414,#6417,#6420,#6423,#6426,#6429,#6432,#6435,#6438,#6441,#6444,#6447,#6450,#6453,#6456,#6459,#6462,#6465,#6468,#6471,#6474,#6477,#6480,#6483,#6486,#6489,#6492,#6495,#6498,#6501,#6504,#6507,#6510,#6513,#6516,#6519,#6522,#6525,#6528,#6531,#6534,#6537,#6540,#6543,#6546,#6549,#6552,#6555,#6558,#6561,#6564,#6567,#6570,#6573,#6576,#6579,#6582,#6585,#6588,#6591,#6594,#6597,#6600,#6603,#6606,#6609,#6612,#6615,#6618,#6621,#6624,#6627,#6630,#6633,#6636,#6639,#6642,#6645,#6648,#6651,#6654,#6657,#6660,#6663,#6666,#6669,#6672,#6675,#6678,#6681,#6684,#6687,#6690,#6693,#6696,#6699,#6702,#6705,#6708,#6711,#6714,#6717,#6720,#6723,#6726,#6729,#6732,#6735,#6738,#6741,#6744,#6747,#6750,#6753,#6756,#6759,#6762,#6765,#6768,#6771,#6774,#6777,#6780,#6783,#6786,#6789,#6792,#6795,#6798,#6801,#6804,#6807,#6810,#6813,#6816,#6819,#6822,#6825,#6828,#6831,#6834,#6837,#6840,#6843,#6846,#6849,#6852,#6855,#6858,#6861,#6864,#6867,#6870,#6873,#6876,#6879,#6882,#6885,#6888,#6891,#6894,#6897,#6900,#6903,#6906,#6909,#6912,#6915,#6918,#6921,#6924,#6927,#6930,#6933,#6936,#6939,#6942,#6945,#6948,#6951,#6954,#6957,#6960,#6963,#6966,#6969,#6972,#6975,#6978,#6981,#6984,#6987,#6990,#6993,#6996,#6999,#7002,#7005,#7008,#7011,#7014,#7017,#7020,#7023,#7026,#7029,#7032,#7035,#7038,#7041,#7044,#7047,#7050,#7053,#7056,#7059,#7062,#7065,#7068,#7071,#7074,#7077,#7080,#7083,#7086,#7089,#7092,#7095,#7098,#7101,#7104,#7107,#7110,#7113,#7116,#7119,#7122,#7125,#7128,#7131,#7134,#7137,#7140,#7143,#7146,#7149,#7152,#7155,#7158,#7161,#7164,#7167,#7170,#7173,#7176,#7179,#7182,#7185,#7188,#7191,#7194,#7197,#7200,#7203,#7206,#7209,#7212,#7215,#7218,#7221,#7224,#7227,#7230,#7233,#7236,#7239,#7242,#7245,#7248,#7251,#7254,#7257,#7260,#7263,#7266,#7269,#7272,#7275,#7278,#7281,#7284,#7287,#7290,#7293,#7296,#7299,#7302,#7305,#7308,#7311,#7314,#7317,#7320,#7323,#7326,#7329,#7332,#7335,#7338,#7341,#7344,#7347,#7350,#7353,#7356,#7359,#7362,#7365,#7368,#7371,#7374,#7377,#7380,#7383,#7386,#7389,#7392,#7395,#7398,#7401,#7404,#7407,#7410,#7413,#7416,#7419,#7422,#7425,#7428,#7431,#7434,#7437,#7440,#7443,#7446,#7449,#7452,#7455,#7458,#7461,#7464,#7467,#7470,#7473,#7476,#7479,#7482,#7485,#7488,#7491,#7494,#7497,#7500,#7503,#7506,#7509,#7512,#7515,#7518,#7521,#7524,#7527,#7530,#7533,#7536,#7539,#7542,#7545,#7548,#7551,#7554,#7557,#7560,#7563,#7566,#7569,#7572,#7575,#7578,#7581,#7584,#7587,#7590,#7593,#7596,#7599,#7602,#7605,#7608,#7611,#7614,#7617,#7620,#7623,#7626,#7629,#7632,#7635,#7638,#7641,#7644,#7647,#7650,#7653,#7656,#7659,#7662,#7665,#7668,#7671,#7674,#7677,#7680,#7683,#7686,#7689,#7692,#7695,#7698,#7701,#7704,#7707,#7710,#7713,#7716,#7719,#7722,#7725,#7728,#7731,#7734,#7737,#7740,#7743,#7746,#7749,#7752,#7755,#7758,#7761,#7764,#7767,#7770,#7773,#7776,#7779,#7782,#7785,#7788,#7791,#7794,#7797,#7800,#7803,#7806,#7809,#7812,#7815,#7818,#7821,#7824,#7827,#7830,#7833,#7836,#7839,#7842,#7845,#7848,#7851,#7854,#7857,#7860,#7863,#7866,#7869,#7872,#7875,#7878,#7881,#7884,#7887,#7890,#7893,#7896,#7899,#7902,#7905,#7908,#7911,#7914,#7917,#7920,#7923,#7926,#7929,#7932,#7935,#7938,#7941,#7944,#7947,#7950,#7953,#7956,#7959,#7962,#7965,#7968,#7971,#7974,#7977,#7980,#7983,#7986,#7989,#7992,#7995,#7998,#8001,#8004,#8007,#8010,#8013,#8016,#8019,#8022,#8025,#8028,#8031,#8034,#8037,#8040,#8043,#8046,#8049,#8052,#8055,#8058,#8061,#8064,#8067,#8070,#8073,#8076,#8079,#8082,#8085,#8088,#8091,#8094,#8097,#8100,#8103,#8106,#8109,#8112,#8115,#8118,#8121,#8124,#8127,#8130,#8133,#8136,#8139,#8142,#8145,#8148,#8151,#8154,#8157,#8160,#8163,#8166,#8169,#8172,#8175,#8178,#8181,#8184,#8187,#8190,#8193,#8196,#8199,#8202,#8205,#8208,#8211,#8214,#8217,#8220,#8223,#8226,#8229,#8232,#8235,#8238,#8241,#8244,#8247,#8250,#8253,#8256,#8259,#8262,#8265,#8268,#8271,#8274,#8277,#8280,#8283,#8286,#8289,#8292,#8295,#8298,#8301,#8304,#8307,#8310,#8313,#8316,#8319,#8322,#8325,#8328,#8331,#8334,#8337));
#8379=IFCFACETEDBREP(#8378);
#8380=IFCSTYLEDITEM(#8379,(#8359),$);
#8381=IFCSHAPEREPRESENTATION(#24,'Body','Brep',(#8339,#8346,#8349,#8352,#8355,#8362,#8369,#8376,#8379));
#8382=IFCAXIS2PLACEMENT3D(#19,$,$);
#8383=IFCREPRESENTATIONMAP(#8382,#8381);
#8384=IFCDOORLININGPROPERTIES('26jjhu0DH0Lxf54dPa$Ko8',#6,'Door-Passage-Single-Vision_Lite:36" x 84":1240524',$,$,$,$,$,$,$,$,$,$,$,$);
#8385=IFCDOORPANELPROPERTIES('26jjhu0DH0Lxf54dLa$Ko8',#6,'Door-Passage-Single-Vision_Lite:36" x 84":1240524:1',$,$,.SWINGING.,$,.NOTDEFINED.,$);
#8386=IFCDOORSTYLE('2re007hB7eDDcFHALBRPrd',#6,'Door-Passage-Single-Vision_Lite:36" x 84"',$,$,(#8384,#8385),(#8383),'459553',.SINGLE_SWING_LEFT.,.NOTDEFINED.,.F.,.F.);
#8387=IFCMATERIAL('Aluminum');
#8388=IFCPRESENTATIONSTYLEASSIGNMENT((#8342));
#8389=IFCSTYLEDITEM($,(#8388),$);
#8390=IFCSTYLEDREPRESENTATION(#22,'Style','Material',(#8389));
#8391=IFCMATERIALDEFINITIONREPRESENTATION($,$,(#8390),#8387);
#8392=IFCMATERIAL('Metal - Paint Finish - Grey');
#8393=IFCPRESENTATIONSTYLEASSIGNMENT((#8358));
#8394=IFCSTYLEDITEM($,(#8393),$);
#8395=IFCSTYLEDREPRESENTATION(#22,'Style','Material',(#8394));
#8396=IFCMATERIALDEFINITIONREPRESENTATION($,$,(#8395),#8392);
#8397=IFCMATERIAL('Wood - Birch');
#8398=IFCPRESENTATIONSTYLEASSIGNMENT((#8365));
#8399=IFCSTYLEDITEM($,(#8398),$);
#8400=IFCSTYLEDREPRESENTATION(#22,'Style','Material',(#8399));
#8401=IFCMATERIALDEFINITIONREPRESENTATION($,$,(#8400),#8397);
#8402=IFCMATERIAL('Glass');
#8403=IFCPRESENTATIONSTYLEASSIGNMENT((#8372));
#8404=IFCSTYLEDITEM($,(#8403),$);
#8405=IFCSTYLEDREPRESENTATION(#22,'Style','Material',(#8404));
#8406=IFCMATERIALDEFINITIONREPRESENTATION($,$,(#8405),#8402);
#8407=IFCMATERIALLIST((#8387,#8392,#8397,#8402));
#8408=IFCCARTESIANTRANSFORMATIONOPERATOR3D($,$,#19,1.,$);
#8409=IFCMAPPEDITEM(#8383,#8408);
#8410=IFCSHAPEREPRESENTATION(#24,'Body','MappedRepresentation',(#8409));
#8411=IFCPRODUCTDEFINITIONSHAPE($,$,(#8410));
#8412=IFCCARTESIANPOINT((-93.383436449093338,37.90696572808482,0.));
#8413=IFCAXIS2PLACEMENT3D(#8412,$,$);
#8415=IFCDOOR('26jjhu0DH0Lxf54dTa$Ko8',#6,'Door-Passage-Single-Vision_Lite:36" x 84":1240524',$,$,#17722,#8411,'1240524',7.333333333333333,3.3333333333333286);
#8416=IFCPROPERTYSINGLEVALUE('Reference',$,IFCIDENTIFIER('36" x 84"'),$);
#8417=IFCPROPERTYSET('0aEhGLFLfiejxMOmBnbTV0',#6,'Pset_DoorCommon',$,(#78,#8416));
#8418=IFCPROPERTYSET('2d7$e0XtAJ$jMG7uTcOiG6',#6,'Pset_QuantityTakeOff',$,(#8416));
#8419=IFCRELDEFINESBYPROPERTIES('2t1qQ_9gV2alx4kWtt5I4x',#6,$,$,(#8415),#8417);
#8420=IFCRELDEFINESBYPROPERTIES('0_PObDw7Lz7eWamcSL8Nxs',#6,$,$,(#8415),#8418);
#8421=IFCCARTESIANPOINT((0.37995201771648723,0.3800032808398956,3.3333333333333419));
#8422=IFCCARTESIANPOINT((0.38106993680149159,0.3800032808398956,3.3418247718209573));
#8423=IFCCARTESIANPOINT((0.38434750971831044,0.3800032808398956,3.3497375328084078));
#8424=IFCCARTESIANPOINT((0.38956137528910739,0.3800032808398956,3.3565323747108535));
#8425=IFCCARTESIANPOINT((0.39635621719155356,0.3800032808398956,3.3617462402816503));
#8426=IFCCARTESIANPOINT((0.40426897817900365,0.3800032808398956,3.3650238131984689));
#8427=IFCCARTESIANPOINT((0.41276041666661922,0.3800032808398956,3.3661417322834732));
#8428=IFCCARTESIANPOINT((0.4212518551542348,0.3800032808398956,3.3650238131984684));
#8429=IFCCARTESIANPOINT((0.42916461614168488,0.3800032808398956,3.3617462402816498));
#8430=IFCCARTESIANPOINT((0.43595945804413061,0.3800032808398956,3.3565323747108531));
#8431=IFCCARTESIANPOINT((0.44117332361492778,0.3800032808398956,3.3497375328084069));
#8432=IFCCARTESIANPOINT((0.44445089653174619,0.3800032808398956,3.3418247718209568));
#8433=IFCCARTESIANPOINT((0.44556881561675032,0.3800032808398956,3.333333333333341));
#8434=IFCCARTESIANPOINT((0.44445089653174596,0.3800032808398956,3.3248418948457252));
#8435=IFCCARTESIANPOINT((0.44117332361492734,0.3800032808398956,3.3169291338582751));
#8436=IFCCARTESIANPOINT((0.43595945804413017,0.3800032808398956,3.3101342919558294));
#8437=IFCCARTESIANPOINT((0.42916461614168422,0.3800032808398956,3.3049204263850327));
#8438=IFCCARTESIANPOINT((0.42125185515423391,0.3800032808398956,3.3016428534682141));
#8439=IFCCARTESIANPOINT((0.41276041666661856,0.3800032808398956,3.3005249343832097));
#8440=IFCCARTESIANPOINT((0.40426897817900276,0.3800032808398956,3.3016428534682145));
#8441=IFCCARTESIANPOINT((0.39635621719155267,0.3800032808398956,3.3049204263850331));
#8442=IFCCARTESIANPOINT((0.38956137528910695,0.3800032808398956,3.3101342919558303));
#8443=IFCCARTESIANPOINT((0.38434750971831,0.3800032808398956,3.316929133858276));
#8444=IFCCARTESIANPOINT((0.38106993680149159,0.3800032808398956,3.3248418948457261));
#8445=IFCCARTESIANPOINT((0.44556881561675055,0.28157808398950307,3.333333333333341));
#8446=IFCCARTESIANPOINT((0.44445089653174619,0.28157808398950307,3.3248418948457252));
#8447=IFCCARTESIANPOINT((0.44117332361492734,0.28157808398950307,3.3169291338582751));
#8448=IFCCARTESIANPOINT((0.43595945804413017,0.28157808398950307,3.3101342919558294));
#8449=IFCCARTESIANPOINT((0.42916461614168422,0.28157808398950307,3.3049204263850327));
#8450=IFCCARTESIANPOINT((0.42125185515423413,0.28157808398950307,3.3016428534682141));
#8451=IFCCARTESIANPOINT((0.41276041666661856,0.28157808398950307,3.3005249343832097));
#8452=IFCCARTESIANPOINT((0.40426897817900298,0.28157808398950307,3.3016428534682145));
#8453=IFCCARTESIANPOINT((0.39635621719155267,0.28157808398950307,3.3049204263850331));
#8454=IFCCARTESIANPOINT((0.38956137528910695,0.28157808398950307,3.3101342919558303));
#8455=IFCCARTESIANPOINT((0.38434750971831,0.28157808398950307,3.316929133858276));
#8456=IFCCARTESIANPOINT((0.38106993680149159,0.28157808398950307,3.3248418948457261));
#8457=IFCCARTESIANPOINT((0.37995201771648746,0.28157808398950307,3.3333333333333415));
#8458=IFCCARTESIANPOINT((0.38106993680149182,0.28157808398950307,3.3418247718209573));
#8459=IFCCARTESIANPOINT((0.38434750971831044,0.28157808398950307,3.3497375328084074));
#8460=IFCCARTESIANPOINT((0.38956137528910761,0.28157808398950307,3.3565323747108535));
#8461=IFCCARTESIANPOINT((0.39635621719155334,0.28157808398950307,3.3617462402816503));
#8462=IFCCARTESIANPOINT((0.40426897817900365,0.28157808398950307,3.3650238131984689));
#8463=IFCCARTESIANPOINT((0.41276041666661922,0.28157808398950307,3.3661417322834732));
#8464=IFCCARTESIANPOINT((0.4212518551542348,0.28157808398950307,3.3650238131984684));
#8465=IFCCARTESIANPOINT((0.42916461614168488,0.28157808398950307,3.3617462402816498));
#8466=IFCCARTESIANPOINT((0.43595945804413083,0.28157808398950307,3.3565323747108531));
#8467=IFCCARTESIANPOINT((0.44117332361492778,0.28157808398950307,3.3497375328084069));
#8468=IFCCARTESIANPOINT((0.44445089653174641,0.28157808398950307,3.3418247718209568));
#8469=IFCCARTESIANPOINT((0.46197301509183886,0.26517388451441448,3.3333333333333406));
#8470=IFCCARTESIANPOINT((0.46197301509183886,0.26405596542941001,3.3248418948457248));
#8471=IFCCARTESIANPOINT((0.46197301509183886,0.26077839251259133,3.3169291338582747));
#8472=IFCCARTESIANPOINT((0.46197301509183886,0.25556452694179427,3.310134291955829));
#8473=IFCCARTESIANPOINT((0.46197301509183886,0.24876968503934835,3.3049204263850323));
#8474=IFCCARTESIANPOINT((0.46197301509183886,0.24085692405189815,3.3016428534682136));
#8475=IFCCARTESIANPOINT((0.46197301509183886,0.23236548556428255,3.3005249343832093));
#8476=IFCCARTESIANPOINT((0.46197301509183886,0.22387404707666694,3.3016428534682141));
#8477=IFCCARTESIANPOINT((0.46197301509183886,0.21596128608921683,3.3049204263850327));
#8478=IFCCARTESIANPOINT((0.46197301509183886,0.20916644418677099,3.3101342919558299));
#8479=IFCCARTESIANPOINT((0.46197301509183886,0.20395257861597405,3.3169291338582756));
#8480=IFCCARTESIANPOINT((0.46197301509183886,0.20067500569915558,3.3248418948457261));
#8481=IFCCARTESIANPOINT((0.46197301509183886,0.19955708661415136,3.333333333333341));
#8482=IFCCARTESIANPOINT((0.42096251640416305,0.21054581661871175,3.3333333333333415));
#8483=IFCCARTESIANPOINT((0.39094074772104759,0.24056758530182723,3.3333333333333415));
#8484=IFCCARTESIANPOINT((0.45037349440306684,0.26997856330073117,3.333333333333341));
#8485=IFCCARTESIANPOINT((0.44108653943125642,0.20515360090013673,3.333333333333341));
#8486=IFCCARTESIANPOINT((0.3855485319667642,0.26069160846218614,3.3333333333333415));
#8487=IFCCARTESIANPOINT((0.45152977726154764,0.20235534375714403,3.333333333333341));
#8488=IFCCARTESIANPOINT((0.3827502748416256,0.27113484622584461,3.3333333333333415));
#8489=IFCCARTESIANPOINT((0.45675139617669314,0.20095621518564769,3.333333333333341));
#8490=IFCCARTESIANPOINT((0.38135114627905642,0.27635646510767387,3.3333333333333415));
#8491=IFCCARTESIANPOINT((0.40595163206260532,0.22555670096026947,3.3333333333333415));
#8492=IFCCARTESIANPOINT((0.43068144063271374,0.2364569716315652,3.3010233682916836));
#8493=IFCCARTESIANPOINT((0.41685190481666634,0.25028651191006646,3.3010233677507834));
#8494=IFCCARTESIANPOINT((0.38824463984390589,0.2506295968820067,3.3333333333333415));
#8495=IFCCARTESIANPOINT((0.43897230049461622,0.22032356850952692,3.3048136707432807));
#8496=IFCCARTESIANPOINT((0.40936446288158113,0.25997744229949737,3.3014311636391001));
#8497=IFCCARTESIANPOINT((0.39626324560232695,0.26202383359372294,3.3068349839339723));
#8498=IFCCARTESIANPOINT((0.44878909928516331,0.25737739709487184,3.3086857132680367));
#8499=IFCCARTESIANPOINT((0.43777232723729731,0.26839416792938819,3.3086857124209672));
#8500=IFCCARTESIANPOINT((0.43408166688687477,0.2536867368943041,3.3020128636738963));
#8501=IFCCARTESIANPOINT((0.41302121181533624,0.23344238231779457,3.3069053892866558));
#8502=IFCCARTESIANPOINT((0.43102452791770984,0.20784970875942424,3.333333333333341));
#8503=IFCCARTESIANPOINT((0.41345707423338407,0.21805125878949061,3.3333333333333415));
#8504=IFCCARTESIANPOINT((0.39844618989182656,0.23306214313104837,3.3333333333333415));
#8505=IFCCARTESIANPOINT((0.46197301509183886,0.20067500569915575,3.3418247718209568));
#8506=IFCCARTESIANPOINT((0.46197301509183886,0.20395257861597438,3.3497375328084069));
#8507=IFCCARTESIANPOINT((0.46197301509183908,0.20916644418677144,3.3565323747108526));
#8508=IFCCARTESIANPOINT((0.46197301509183908,0.21596128608921733,3.3617462402816498));
#8509=IFCCARTESIANPOINT((0.46197301509183908,0.22387404707666758,3.3650238131984684));
#8510=IFCCARTESIANPOINT((0.46197301509183908,0.23236548556428319,3.3661417322834728));
#8511=IFCCARTESIANPOINT((0.46197301509183908,0.24085692405189874,3.3650238131984684));
#8512=IFCCARTESIANPOINT((0.46197301509183908,0.24876968503934888,3.3617462402816494));
#8513=IFCCARTESIANPOINT((0.46197301509183908,0.25556452694179471,3.3565323747108526));
#8514=IFCCARTESIANPOINT((0.46197301509183886,0.26077839251259166,3.3497375328084069));
#8515=IFCCARTESIANPOINT((0.46197301509183886,0.26405596542941018,3.3418247718209564));
#8516=IFCCARTESIANPOINT((0.41685190481629841,0.2502865119096746,3.3656432989158063));
#8517=IFCCARTESIANPOINT((0.43068144063120628,0.23645697163120422,3.3656432983747946));
#8518=IFCCARTESIANPOINT((0.43897230049434066,0.22032356850940968,3.3618529959232841));
#8519=IFCCARTESIANPOINT((0.40936446288151429,0.2599774422994019,3.3652355030275589));
#8520=IFCCARTESIANPOINT((0.39626324560230652,0.262023833593655,3.3598316827326817));
#8521=IFCCARTESIANPOINT((0.43777232723707193,0.26839416792925308,3.3579809542459458));
#8522=IFCCARTESIANPOINT((0.44878909928519506,0.2573773970948911,3.3579809533986174));
#8523=IFCCARTESIANPOINT((0.43408166688559136,0.25368673689318677,3.3646538029933155));
#8524=IFCCARTESIANPOINT((0.41383731212949559,0.23262628180527772,3.3597612772872703));
#8525=IFCCARTESIANPOINT((0.80646120406824195,0.19955708661415161,3.3333333333333401));
#8526=IFCCARTESIANPOINT((0.80646120406824195,0.20067500569915586,3.3248418948457248));
#8527=IFCCARTESIANPOINT((0.80646120406824195,0.20395257861597438,3.3169291338582747));
#8528=IFCCARTESIANPOINT((0.80646120406824184,0.20916644418677133,3.3101342919558285));
#8529=IFCCARTESIANPOINT((0.80646120406824184,0.21596128608921711,3.3049204263850318));
#8530=IFCCARTESIANPOINT((0.80646120406824184,0.22387404707666725,3.3016428534682132));
#8531=IFCCARTESIANPOINT((0.80646120406824184,0.23236548556428283,3.3005249343832084));
#8532=IFCCARTESIANPOINT((0.80646120406824184,0.24085692405189846,3.3016428534682127));
#8533=IFCCARTESIANPOINT((0.80646120406824184,0.24876968503934865,3.3049204263850314));
#8534=IFCCARTESIANPOINT((0.80646120406824184,0.2555645269417946,3.3101342919558281));
#8535=IFCCARTESIANPOINT((0.80646120406824195,0.26077839251259166,3.3169291338582738));
#8536=IFCCARTESIANPOINT((0.80646120406824195,0.26405596542941034,3.3248418948457243));
#8537=IFCCARTESIANPOINT((0.80646120406824195,0.26517388451441476,3.3333333333333401));
#8538=IFCCARTESIANPOINT((0.80646120406824195,0.26405596542941046,3.3418247718209559));
#8539=IFCCARTESIANPOINT((0.80646120406824195,0.26077839251259188,3.349737532808406));
#8540=IFCCARTESIANPOINT((0.80646120406824207,0.25556452694179488,3.3565323747108518));
#8541=IFCCARTESIANPOINT((0.80646120406824207,0.24876968503934899,3.3617462402816489));
#8542=IFCCARTESIANPOINT((0.80646120406824207,0.24085692405189885,3.3650238131984676));
#8543=IFCCARTESIANPOINT((0.80646120406824207,0.23236548556428327,3.3661417322834719));
#8544=IFCCARTESIANPOINT((0.80646120406824207,0.22387404707666764,3.3650238131984676));
#8545=IFCCARTESIANPOINT((0.80646120406824207,0.21596128608921744,3.3617462402816489));
#8546=IFCCARTESIANPOINT((0.80646120406824207,0.20916644418677161,3.3565323747108518));
#8547=IFCCARTESIANPOINT((0.80646120406824195,0.2039525786159746,3.349737532808406));
#8548=IFCCARTESIANPOINT((0.80646120406824195,0.20067500569915597,3.3418247718209559));
#8549=IFCPOLYLOOP((#8442,#8443,#8444,#8421,#8422,#8423,#8424,#8425,#8426,#8427,#8428,#8429,#8430,#8431,#8432,#8433,#8434,#8435,#8436,#8437,#8438,#8439,#8440,#8441));
#8550=IFCFACEOUTERBOUND(#8549,.T.);
#8551=IFCFACE((#8550));
#8552=IFCPOLYLOOP((#8457,#8421,#8444,#8456));
#8553=IFCFACEOUTERBOUND(#8552,.T.);
#8554=IFCFACE((#8553));
#8555=IFCPOLYLOOP((#8456,#8444,#8443,#8455));
#8556=IFCFACEOUTERBOUND(#8555,.T.);
#8557=IFCFACE((#8556));
#8558=IFCPOLYLOOP((#8453,#8454,#8442,#8441));
#8559=IFCFACEOUTERBOUND(#8558,.T.);
#8560=IFCFACE((#8559));
#8561=IFCPOLYLOOP((#8443,#8442,#8454,#8455));
#8562=IFCFACEOUTERBOUND(#8561,.T.);
#8563=IFCFACE((#8562));
#8564=IFCPOLYLOOP((#8452,#8453,#8441,#8440));
#8565=IFCFACEOUTERBOUND(#8564,.T.);
#8566=IFCFACE((#8565));
#8567=IFCPOLYLOOP((#8439,#8451,#8452,#8440));
#8568=IFCFACEOUTERBOUND(#8567,.T.);
#8569=IFCFACE((#8568));
#8570=IFCPOLYLOOP((#8450,#8438,#8437,#8449));
#8571=IFCFACEOUTERBOUND(#8570,.T.);
#8572=IFCFACE((#8571));
#8573=IFCPOLYLOOP((#8449,#8437,#8436,#8448));
#8574=IFCFACEOUTERBOUND(#8573,.T.);
#8575=IFCFACE((#8574));
#8576=IFCPOLYLOOP((#8446,#8447,#8435,#8434));
#8577=IFCFACEOUTERBOUND(#8576,.T.);
#8578=IFCFACE((#8577));
#8579=IFCPOLYLOOP((#8436,#8435,#8447,#8448));
#8580=IFCFACEOUTERBOUND(#8579,.T.);
#8581=IFCFACE((#8580));
#8582=IFCPOLYLOOP((#8445,#8446,#8434,#8433));
#8583=IFCFACEOUTERBOUND(#8582,.T.);
#8584=IFCFACE((#8583));
#8585=IFCPOLYLOOP((#8450,#8451,#8439,#8438));
#8586=IFCFACEOUTERBOUND(#8585,.T.);
#8587=IFCFACE((#8586));
#8588=IFCPOLYLOOP((#8445,#8433,#8432,#8468));
#8589=IFCFACEOUTERBOUND(#8588,.T.);
#8590=IFCFACE((#8589));
#8591=IFCPOLYLOOP((#8468,#8432,#8431,#8467));
#8592=IFCFACEOUTERBOUND(#8591,.T.);
#8593=IFCFACE((#8592));
#8594=IFCPOLYLOOP((#8465,#8466,#8430,#8429));
#8595=IFCFACEOUTERBOUND(#8594,.T.);
#8596=IFCFACE((#8595));
#8597=IFCPOLYLOOP((#8431,#8430,#8466,#8467));
#8598=IFCFACEOUTERBOUND(#8597,.T.);
#8599=IFCFACE((#8598));
#8600=IFCPOLYLOOP((#8464,#8465,#8429,#8428));
#8601=IFCFACEOUTERBOUND(#8600,.T.);
#8602=IFCFACE((#8601));
#8603=IFCPOLYLOOP((#8427,#8463,#8464,#8428));
#8604=IFCFACEOUTERBOUND(#8603,.T.);
#8605=IFCFACE((#8604));
#8606=IFCPOLYLOOP((#8462,#8426,#8425,#8461));
#8607=IFCFACEOUTERBOUND(#8606,.T.);
#8608=IFCFACE((#8607));
#8609=IFCPOLYLOOP((#8461,#8425,#8424,#8460));
#8610=IFCFACEOUTERBOUND(#8609,.T.);
#8611=IFCFACE((#8610));
#8612=IFCPOLYLOOP((#8458,#8459,#8423,#8422));
#8613=IFCFACEOUTERBOUND(#8612,.T.);
#8614=IFCFACE((#8613));
#8615=IFCPOLYLOOP((#8424,#8423,#8459,#8460));
#8616=IFCFACEOUTERBOUND(#8615,.T.);
#8617=IFCFACE((#8616));
#8618=IFCPOLYLOOP((#8457,#8458,#8422,#8421));
#8619=IFCFACEOUTERBOUND(#8618,.T.);
#8620=IFCFACE((#8619));
#8621=IFCPOLYLOOP((#8462,#8463,#8427,#8426));
#8622=IFCFACEOUTERBOUND(#8621,.T.);
#8623=IFCFACE((#8622));
#8624=IFCPOLYLOOP((#8455,#8490,#8456));
#8625=IFCFACEOUTERBOUND(#8624,.T.);
#8626=IFCFACE((#8625));
#8627=IFCPOLYLOOP((#8486,#8452,#8497));
#8628=IFCFACEOUTERBOUND(#8627,.T.);
#8629=IFCFACE((#8628));
#8630=IFCPOLYLOOP((#8499,#8493,#8496));
#8631=IFCFACEOUTERBOUND(#8630,.T.);
#8632=IFCFACE((#8631));
#8633=IFCPOLYLOOP((#8497,#8483,#8494,#8486));
#8634=IFCFACEOUTERBOUND(#8633,.T.);
#8635=IFCFACE((#8634));
#8636=IFCPOLYLOOP((#8454,#8453,#8486));
#8637=IFCFACEOUTERBOUND(#8636,.T.);
#8638=IFCFACE((#8637));
#8639=IFCPOLYLOOP((#8454,#8488,#8455));
#8640=IFCFACEOUTERBOUND(#8639,.T.);
#8641=IFCFACE((#8640));
#8642=IFCPOLYLOOP((#8452,#8486,#8453));
#8643=IFCFACEOUTERBOUND(#8642,.T.);
#8644=IFCFACE((#8643));
#8645=IFCPOLYLOOP((#8497,#8496,#8483));
#8646=IFCFACEOUTERBOUND(#8645,.T.);
#8647=IFCFACE((#8646));
#8648=IFCPOLYLOOP((#8450,#8449,#8497));
#8649=IFCFACEOUTERBOUND(#8648,.T.);
#8650=IFCFACE((#8649));
#8651=IFCPOLYLOOP((#8500,#8492,#8501));
#8652=IFCFACEOUTERBOUND(#8651,.T.);
#8653=IFCFACE((#8652));
#8654=IFCPOLYLOOP((#8492,#8495,#8482));
#8655=IFCFACEOUTERBOUND(#8654,.T.);
#8656=IFCFACE((#8655));
#8657=IFCPOLYLOOP((#8452,#8451,#8497));
#8658=IFCFACEOUTERBOUND(#8657,.T.);
#8659=IFCFACE((#8658));
#8660=IFCPOLYLOOP((#8451,#8450,#8497));
#8661=IFCFACEOUTERBOUND(#8660,.T.);
#8662=IFCFACE((#8661));
#8663=IFCPOLYLOOP((#8498,#8484,#8469));
#8664=IFCFACEOUTERBOUND(#8663,.T.);
#8665=IFCFACE((#8664));
#8666=IFCPOLYLOOP((#8496,#8497,#8449));
#8667=IFCFACEOUTERBOUND(#8666,.T.);
#8668=IFCFACE((#8667));
#8669=IFCPOLYLOOP((#8471,#8498,#8470));
#8670=IFCFACEOUTERBOUND(#8669,.T.);
#8671=IFCFACE((#8670));
#8672=IFCPOLYLOOP((#8476,#8485,#8502));
#8673=IFCFACEOUTERBOUND(#8672,.T.);
#8674=IFCFACE((#8673));
#8675=IFCPOLYLOOP((#8480,#8489,#8479));
#8676=IFCFACEOUTERBOUND(#8675,.T.);
#8677=IFCFACE((#8676));
#8678=IFCPOLYLOOP((#8447,#8499,#8496));
#8679=IFCFACEOUTERBOUND(#8678,.T.);
#8680=IFCFACE((#8679));
#8681=IFCPOLYLOOP((#8449,#8448,#8496));
#8682=IFCFACEOUTERBOUND(#8681,.T.);
#8683=IFCFACE((#8682));
#8684=IFCPOLYLOOP((#8500,#8501,#8493));
#8685=IFCFACEOUTERBOUND(#8684,.T.);
#8686=IFCFACE((#8685));
#8687=IFCPOLYLOOP((#8473,#8495,#8472));
#8688=IFCFACEOUTERBOUND(#8687,.T.);
#8689=IFCFACE((#8688));
#8690=IFCPOLYLOOP((#8500,#8499,#8484));
#8691=IFCFACEOUTERBOUND(#8690,.T.);
#8692=IFCFACE((#8691));
#8693=IFCPOLYLOOP((#8501,#8504,#8493));
#8694=IFCFACEOUTERBOUND(#8693,.T.);
#8695=IFCFACE((#8694));
#8696=IFCPOLYLOOP((#8492,#8503,#8501));
#8697=IFCFACEOUTERBOUND(#8696,.T.);
#8698=IFCFACE((#8697));
#8699=IFCPOLYLOOP((#8476,#8477,#8485));
#8700=IFCFACEOUTERBOUND(#8699,.T.);
#8701=IFCFACE((#8700));
#8702=IFCPOLYLOOP((#8500,#8493,#8499));
#8703=IFCFACEOUTERBOUND(#8702,.T.);
#8704=IFCFACE((#8703));
#8705=IFCPOLYLOOP((#8495,#8475,#8502));
#8706=IFCFACEOUTERBOUND(#8705,.T.);
#8707=IFCFACE((#8706));
#8708=IFCPOLYLOOP((#8502,#8475,#8476));
#8709=IFCFACEOUTERBOUND(#8708,.T.);
#8710=IFCFACE((#8709));
#8711=IFCPOLYLOOP((#8485,#8478,#8487));
#8712=IFCFACEOUTERBOUND(#8711,.T.);
#8713=IFCFACE((#8712));
#8714=IFCPOLYLOOP((#8503,#8492,#8482));
#8715=IFCFACEOUTERBOUND(#8714,.T.);
#8716=IFCFACE((#8715));
#8717=IFCPOLYLOOP((#8477,#8478,#8485));
#8718=IFCFACEOUTERBOUND(#8717,.T.);
#8719=IFCFACE((#8718));
#8720=IFCPOLYLOOP((#8502,#8482,#8495));
#8721=IFCFACEOUTERBOUND(#8720,.T.);
#8722=IFCFACE((#8721));
#8723=IFCPOLYLOOP((#8481,#8489,#8480));
#8724=IFCFACEOUTERBOUND(#8723,.T.);
#8725=IFCFACE((#8724));
#8726=IFCPOLYLOOP((#8500,#8498,#8492));
#8727=IFCFACEOUTERBOUND(#8726,.T.);
#8728=IFCFACE((#8727));
#8729=IFCPOLYLOOP((#8493,#8504,#8496));
#8730=IFCFACEOUTERBOUND(#8729,.T.);
#8731=IFCFACE((#8730));
#8732=IFCPOLYLOOP((#8478,#8479,#8487));
#8733=IFCFACEOUTERBOUND(#8732,.T.);
#8734=IFCFACE((#8733));
#8735=IFCPOLYLOOP((#8446,#8445,#8499));
#8736=IFCFACEOUTERBOUND(#8735,.T.);
#8737=IFCFACE((#8736));
#8738=IFCPOLYLOOP((#8501,#8503,#8491,#8504));
#8739=IFCFACEOUTERBOUND(#8738,.T.);
#8740=IFCFACE((#8739));
#8741=IFCPOLYLOOP((#8492,#8498,#8471));
#8742=IFCFACEOUTERBOUND(#8741,.T.);
#8743=IFCFACE((#8742));
#8744=IFCPOLYLOOP((#8488,#8454,#8486));
#8745=IFCFACEOUTERBOUND(#8744,.T.);
#8746=IFCFACE((#8745));
#8747=IFCPOLYLOOP((#8498,#8469,#8470));
#8748=IFCFACEOUTERBOUND(#8747,.T.);
#8749=IFCFACE((#8748));
#8750=IFCPOLYLOOP((#8490,#8457,#8456));
#8751=IFCFACEOUTERBOUND(#8750,.T.);
#8752=IFCFACE((#8751));
#8753=IFCPOLYLOOP((#8492,#8472,#8495));
#8754=IFCFACEOUTERBOUND(#8753,.T.);
#8755=IFCFACE((#8754));
#8756=IFCPOLYLOOP((#8479,#8489,#8487));
#8757=IFCFACEOUTERBOUND(#8756,.T.);
#8758=IFCFACE((#8757));
#8759=IFCPOLYLOOP((#8492,#8471,#8472));
#8760=IFCFACEOUTERBOUND(#8759,.T.);
#8761=IFCFACE((#8760));
#8762=IFCPOLYLOOP((#8455,#8488,#8490));
#8763=IFCFACEOUTERBOUND(#8762,.T.);
#8764=IFCFACE((#8763));
#8765=IFCPOLYLOOP((#8474,#8495,#8473));
#8766=IFCFACEOUTERBOUND(#8765,.T.);
#8767=IFCFACE((#8766));
#8768=IFCPOLYLOOP((#8495,#8474,#8475));
#8769=IFCFACEOUTERBOUND(#8768,.T.);
#8770=IFCFACE((#8769));
#8771=IFCPOLYLOOP((#8496,#8448,#8447));
#8772=IFCFACEOUTERBOUND(#8771,.T.);
#8773=IFCFACE((#8772));
#8774=IFCPOLYLOOP((#8498,#8500,#8484));
#8775=IFCFACEOUTERBOUND(#8774,.T.);
#8776=IFCFACE((#8775));
#8777=IFCPOLYLOOP((#8499,#8447,#8446));
#8778=IFCFACEOUTERBOUND(#8777,.T.);
#8779=IFCFACE((#8778));
#8780=IFCPOLYLOOP((#8483,#8496,#8504));
#8781=IFCFACEOUTERBOUND(#8780,.T.);
#8782=IFCFACE((#8781));
#8783=IFCPOLYLOOP((#8499,#8445,#8484));
#8784=IFCFACEOUTERBOUND(#8783,.T.);
#8785=IFCFACE((#8784));
#8786=IFCPOLYLOOP((#8486,#8494,#8483,#8520));
#8787=IFCFACEOUTERBOUND(#8786,.T.);
#8788=IFCFACE((#8787));
#8789=IFCPOLYLOOP((#8523,#8521,#8516));
#8790=IFCFACEOUTERBOUND(#8789,.T.);
#8791=IFCFACE((#8790));
#8792=IFCPOLYLOOP((#8522,#8469,#8484));
#8793=IFCFACEOUTERBOUND(#8792,.T.);
#8794=IFCFACE((#8793));
#8795=IFCPOLYLOOP((#8467,#8466,#8519));
#8796=IFCFACEOUTERBOUND(#8795,.T.);
#8797=IFCFACE((#8796));
#8798=IFCPOLYLOOP((#8521,#8519,#8516));
#8799=IFCFACEOUTERBOUND(#8798,.T.);
#8800=IFCFACE((#8799));
#8801=IFCPOLYLOOP((#8522,#8517,#8514));
#8802=IFCFACEOUTERBOUND(#8801,.T.);
#8803=IFCFACE((#8802));
#8804=IFCPOLYLOOP((#8519,#8521,#8467));
#8805=IFCFACEOUTERBOUND(#8804,.T.);
#8806=IFCFACE((#8805));
#8807=IFCPOLYLOOP((#8523,#8516,#8524));
#8808=IFCFACEOUTERBOUND(#8807,.T.);
#8809=IFCFACE((#8808));
#8810=IFCPOLYLOOP((#8467,#8521,#8468));
#8811=IFCFACEOUTERBOUND(#8810,.T.);
#8812=IFCFACE((#8811));
#8813=IFCPOLYLOOP((#8523,#8522,#8484));
#8814=IFCFACEOUTERBOUND(#8813,.T.);
#8815=IFCFACE((#8814));
#8816=IFCPOLYLOOP((#8517,#8523,#8524));
#8817=IFCFACEOUTERBOUND(#8816,.T.);
#8818=IFCFACE((#8817));
#8819=IFCPOLYLOOP((#8515,#8469,#8522));
#8820=IFCFACEOUTERBOUND(#8819,.T.);
#8821=IFCFACE((#8820));
#8822=IFCPOLYLOOP((#8458,#8457,#8490));
#8823=IFCFACEOUTERBOUND(#8822,.T.);
#8824=IFCFACE((#8823));
#8825=IFCPOLYLOOP((#8518,#8517,#8482));
#8826=IFCFACEOUTERBOUND(#8825,.T.);
#8827=IFCFACE((#8826));
#8828=IFCPOLYLOOP((#8518,#8482,#8502));
#8829=IFCFACEOUTERBOUND(#8828,.T.);
#8830=IFCFACE((#8829));
#8831=IFCPOLYLOOP((#8488,#8486,#8460));
#8832=IFCFACEOUTERBOUND(#8831,.T.);
#8833=IFCFACE((#8832));
#8834=IFCPOLYLOOP((#8462,#8520,#8463));
#8835=IFCFACEOUTERBOUND(#8834,.T.);
#8836=IFCFACE((#8835));
#8837=IFCPOLYLOOP((#8503,#8482,#8517));
#8838=IFCFACEOUTERBOUND(#8837,.T.);
#8839=IFCFACE((#8838));
#8840=IFCPOLYLOOP((#8461,#8460,#8486));
#8841=IFCFACEOUTERBOUND(#8840,.T.);
#8842=IFCFACE((#8841));
#8843=IFCPOLYLOOP((#8486,#8462,#8461));
#8844=IFCFACEOUTERBOUND(#8843,.T.);
#8845=IFCFACE((#8844));
#8846=IFCPOLYLOOP((#8483,#8504,#8519));
#8847=IFCFACEOUTERBOUND(#8846,.T.);
#8848=IFCFACE((#8847));
#8849=IFCPOLYLOOP((#8502,#8509,#8510));
#8850=IFCFACEOUTERBOUND(#8849,.T.);
#8851=IFCFACE((#8850));
#8852=IFCPOLYLOOP((#8486,#8520,#8462));
#8853=IFCFACEOUTERBOUND(#8852,.T.);
#8854=IFCFACE((#8853));
#8855=IFCPOLYLOOP((#8517,#8522,#8523));
#8856=IFCFACEOUTERBOUND(#8855,.T.);
#8857=IFCFACE((#8856));
#8858=IFCPOLYLOOP((#8521,#8523,#8484));
#8859=IFCFACEOUTERBOUND(#8858,.T.);
#8860=IFCFACE((#8859));
#8861=IFCPOLYLOOP((#8515,#8522,#8514));
#8862=IFCFACEOUTERBOUND(#8861,.T.);
#8863=IFCFACE((#8862));
#8864=IFCPOLYLOOP((#8513,#8514,#8517));
#8865=IFCFACEOUTERBOUND(#8864,.T.);
#8866=IFCFACE((#8865));
#8867=IFCPOLYLOOP((#8460,#8459,#8488));
#8868=IFCFACEOUTERBOUND(#8867,.T.);
#8869=IFCFACE((#8868));
#8870=IFCPOLYLOOP((#8517,#8524,#8503));
#8871=IFCFACEOUTERBOUND(#8870,.T.);
#8872=IFCFACE((#8871));
#8873=IFCPOLYLOOP((#8521,#8445,#8468));
#8874=IFCFACEOUTERBOUND(#8873,.T.);
#8875=IFCFACE((#8874));
#8876=IFCPOLYLOOP((#8487,#8507,#8485));
#8877=IFCFACEOUTERBOUND(#8876,.T.);
#8878=IFCFACE((#8877));
#8879=IFCPOLYLOOP((#8512,#8518,#8511));
#8880=IFCFACEOUTERBOUND(#8879,.T.);
#8881=IFCFACE((#8880));
#8882=IFCPOLYLOOP((#8506,#8487,#8489));
#8883=IFCFACEOUTERBOUND(#8882,.T.);
#8884=IFCFACE((#8883));
#8885=IFCPOLYLOOP((#8459,#8490,#8488));
#8886=IFCFACEOUTERBOUND(#8885,.T.);
#8887=IFCFACE((#8886));
#8888=IFCPOLYLOOP((#8512,#8513,#8518));
#8889=IFCFACEOUTERBOUND(#8888,.T.);
#8890=IFCFACE((#8889));
#8891=IFCPOLYLOOP((#8489,#8481,#8505));
#8892=IFCFACEOUTERBOUND(#8891,.T.);
#8893=IFCFACE((#8892));
#8894=IFCPOLYLOOP((#8518,#8510,#8511));
#8895=IFCFACEOUTERBOUND(#8894,.T.);
#8896=IFCFACE((#8895));
#8897=IFCPOLYLOOP((#8516,#8504,#8524));
#8898=IFCFACEOUTERBOUND(#8897,.T.);
#8899=IFCFACE((#8898));
#8900=IFCPOLYLOOP((#8524,#8504,#8491,#8503));
#8901=IFCFACEOUTERBOUND(#8900,.T.);
#8902=IFCFACE((#8901));
#8903=IFCPOLYLOOP((#8485,#8507,#8508));
#8904=IFCFACEOUTERBOUND(#8903,.T.);
#8905=IFCFACE((#8904));
#8906=IFCPOLYLOOP((#8508,#8509,#8485));
#8907=IFCFACEOUTERBOUND(#8906,.T.);
#8908=IFCFACE((#8907));
#8909=IFCPOLYLOOP((#8464,#8520,#8465));
#8910=IFCFACEOUTERBOUND(#8909,.T.);
#8911=IFCFACE((#8910));
#8912=IFCPOLYLOOP((#8485,#8509,#8502));
#8913=IFCFACEOUTERBOUND(#8912,.T.);
#8914=IFCFACE((#8913));
#8915=IFCPOLYLOOP((#8489,#8505,#8506));
#8916=IFCFACEOUTERBOUND(#8915,.T.);
#8917=IFCFACE((#8916));
#8918=IFCPOLYLOOP((#8504,#8516,#8519));
#8919=IFCFACEOUTERBOUND(#8918,.T.);
#8920=IFCFACE((#8919));
#8921=IFCPOLYLOOP((#8518,#8502,#8510));
#8922=IFCFACEOUTERBOUND(#8921,.T.);
#8923=IFCFACE((#8922));
#8924=IFCPOLYLOOP((#8464,#8463,#8520));
#8925=IFCFACEOUTERBOUND(#8924,.T.);
#8926=IFCFACE((#8925));
#8927=IFCPOLYLOOP((#8517,#8518,#8513));
#8928=IFCFACEOUTERBOUND(#8927,.T.);
#8929=IFCFACE((#8928));
#8930=IFCPOLYLOOP((#8507,#8487,#8506));
#8931=IFCFACEOUTERBOUND(#8930,.T.);
#8932=IFCFACE((#8931));
#8933=IFCPOLYLOOP((#8458,#8490,#8459));
#8934=IFCFACEOUTERBOUND(#8933,.T.);
#8935=IFCFACE((#8934));
#8936=IFCPOLYLOOP((#8519,#8520,#8483));
#8937=IFCFACEOUTERBOUND(#8936,.T.);
#8938=IFCFACE((#8937));
#8939=IFCPOLYLOOP((#8519,#8466,#8465));
#8940=IFCFACEOUTERBOUND(#8939,.T.);
#8941=IFCFACE((#8940));
#8942=IFCPOLYLOOP((#8521,#8484,#8445));
#8943=IFCFACEOUTERBOUND(#8942,.T.);
#8944=IFCFACE((#8943));
#8945=IFCPOLYLOOP((#8520,#8519,#8465));
#8946=IFCFACEOUTERBOUND(#8945,.T.);
#8947=IFCFACE((#8946));
#8948=IFCPOLYLOOP((#8530,#8531,#8532,#8533,#8534,#8535,#8536,#8537,#8538,#8539,#8540,#8541,#8542,#8543,#8544,#8545,#8546,#8547,#8548,#8525,#8526,#8527,#8528,#8529));
#8949=IFCFACEOUTERBOUND(#8948,.T.);
#8950=IFCFACE((#8949));
#8951=IFCPOLYLOOP((#8525,#8481,#8480,#8526));
#8952=IFCFACEOUTERBOUND(#8951,.T.);
#8953=IFCFACE((#8952));
#8954=IFCPOLYLOOP((#8526,#8480,#8479,#8527));
#8955=IFCFACEOUTERBOUND(#8954,.T.);
#8956=IFCFACE((#8955));
#8957=IFCPOLYLOOP((#8528,#8478,#8477,#8529));
#8958=IFCFACEOUTERBOUND(#8957,.T.);
#8959=IFCFACE((#8958));
#8960=IFCPOLYLOOP((#8527,#8479,#8478,#8528));
#8961=IFCFACEOUTERBOUND(#8960,.T.);
#8962=IFCFACE((#8961));
#8963=IFCPOLYLOOP((#8529,#8477,#8476,#8530));
#8964=IFCFACEOUTERBOUND(#8963,.T.);
#8965=IFCFACE((#8964));
#8966=IFCPOLYLOOP((#8475,#8531,#8530,#8476));
#8967=IFCFACEOUTERBOUND(#8966,.T.);
#8968=IFCFACE((#8967));
#8969=IFCPOLYLOOP((#8473,#8472,#8534,#8533));
#8970=IFCFACEOUTERBOUND(#8969,.T.);
#8971=IFCFACE((#8970));
#8972=IFCPOLYLOOP((#8474,#8473,#8533,#8532));
#8973=IFCFACEOUTERBOUND(#8972,.T.);
#8974=IFCFACE((#8973));
#8975=IFCPOLYLOOP((#8470,#8469,#8537,#8536));
#8976=IFCFACEOUTERBOUND(#8975,.T.);
#8977=IFCFACE((#8976));
#8978=IFCPOLYLOOP((#8471,#8470,#8536,#8535));
#8979=IFCFACEOUTERBOUND(#8978,.T.);
#8980=IFCFACE((#8979));
#8981=IFCPOLYLOOP((#8472,#8471,#8535,#8534));
#8982=IFCFACEOUTERBOUND(#8981,.T.);
#8983=IFCFACE((#8982));
#8984=IFCPOLYLOOP((#8532,#8531,#8475,#8474));
#8985=IFCFACEOUTERBOUND(#8984,.T.);
#8986=IFCFACE((#8985));
#8987=IFCPOLYLOOP((#8538,#8537,#8469,#8515));
#8988=IFCFACEOUTERBOUND(#8987,.T.);
#8989=IFCFACE((#8988));
#8990=IFCPOLYLOOP((#8538,#8515,#8514,#8539));
#8991=IFCFACEOUTERBOUND(#8990,.T.);
#8992=IFCFACE((#8991));
#8993=IFCPOLYLOOP((#8512,#8511,#8542,#8541));
#8994=IFCFACEOUTERBOUND(#8993,.T.);
#8995=IFCFACE((#8994));
#8996=IFCPOLYLOOP((#8513,#8512,#8541,#8540));
#8997=IFCFACEOUTERBOUND(#8996,.T.);
#8998=IFCFACE((#8997));
#8999=IFCPOLYLOOP((#8540,#8539,#8514,#8513));
#9000=IFCFACEOUTERBOUND(#8999,.T.);
#9001=IFCFACE((#9000));
#9002=IFCPOLYLOOP((#8510,#8543,#8542,#8511));
#9003=IFCFACEOUTERBOUND(#9002,.T.);
#9004=IFCFACE((#9003));
#9005=IFCPOLYLOOP((#8507,#8546,#8545,#8508));
#9006=IFCFACEOUTERBOUND(#9005,.T.);
#9007=IFCFACE((#9006));
#9008=IFCPOLYLOOP((#8508,#8545,#8544,#8509));
#9009=IFCFACEOUTERBOUND(#9008,.T.);
#9010=IFCFACE((#9009));
#9011=IFCPOLYLOOP((#8481,#8525,#8548,#8505));
#9012=IFCFACEOUTERBOUND(#9011,.T.);
#9013=IFCFACE((#9012));
#9014=IFCPOLYLOOP((#8506,#8505,#8548,#8547));
#9015=IFCFACEOUTERBOUND(#9014,.T.);
#9016=IFCFACE((#9015));
#9017=IFCPOLYLOOP((#8507,#8506,#8547,#8546));
#9018=IFCFACEOUTERBOUND(#9017,.T.);
#9019=IFCFACE((#9018));
#9020=IFCPOLYLOOP((#8510,#8509,#8544,#8543));
#9021=IFCFACEOUTERBOUND(#9020,.T.);
#9022=IFCFACE((#9021));
#9023=IFCCARTESIANPOINT((0.30613312007869276,0.3800032808398956,3.3333333333333424));
#9024=IFCCARTESIANPOINT((0.30948687733370583,0.3800032808398956,3.3078590178704959));
#9025=IFCCARTESIANPOINT((0.31931959608416149,0.3800032808398956,3.2841207349081456));
#9026=IFCCARTESIANPOINT((0.33496119279655234,0.3800032808398956,3.2637362092008084));
#9027=IFCCARTESIANPOINT((0.35534571850388974,0.3800032808398956,3.2480946124884178));
#9028=IFCCARTESIANPOINT((0.37908400146623999,0.3800032808398956,3.2382618937379619));
#9029=IFCCARTESIANPOINT((0.4045583169290865,0.3800032808398956,3.2349081364829493));
#9030=IFCCARTESIANPOINT((0.43003263239193301,0.3800032808398956,3.2382618937379619));
#9031=IFCCARTESIANPOINT((0.45377091535428349,0.3800032808398956,3.2480946124884178));
#9032=IFCCARTESIANPOINT((0.47415544106162066,0.3800032808398956,3.2637362092008089));
#9033=IFCCARTESIANPOINT((0.48979703777401151,0.3800032808398956,3.284120734908146));
#9034=IFCCARTESIANPOINT((0.49962975652446717,0.3800032808398956,3.3078590178704963));
#9035=IFCCARTESIANPOINT((0.50298351377948003,0.3800032808398956,3.3333333333333433));
#9036=IFCCARTESIANPOINT((0.49962975652446695,0.3800032808398956,3.3588076487961898));
#9037=IFCCARTESIANPOINT((0.48979703777401129,0.3800032808398956,3.38254593175854));
#9038=IFCCARTESIANPOINT((0.47415544106162022,0.3800032808398956,3.4029304574658772));
#9039=IFCCARTESIANPOINT((0.45377091535428282,0.3800032808398956,3.4185720541782683));
#9040=IFCCARTESIANPOINT((0.43003263239193235,0.3800032808398956,3.4284047729287237));
#9041=IFCCARTESIANPOINT((0.40455831692908584,0.3800032808398956,3.4317585301837363));
#9042=IFCCARTESIANPOINT((0.37908400146623933,0.3800032808398956,3.4284047729287233));
#9043=IFCCARTESIANPOINT((0.35534571850388907,0.3800032808398956,3.4185720541782678));
#9044=IFCCARTESIANPOINT((0.3349611927965519,0.3800032808398956,3.4029304574658767));
#9045=IFCCARTESIANPOINT((0.31931959608416127,0.3800032808398956,3.3825459317585391));
#9046=IFCCARTESIANPOINT((0.30948687733370561,0.3800032808398956,3.3588076487961889));
#9047=IFCCARTESIANPOINT((0.30613312007869276,0.40625000000000061,3.3333333333333424));
#9048=IFCCARTESIANPOINT((0.30948687733370561,0.40625000000000061,3.3588076487961889));
#9049=IFCCARTESIANPOINT((0.31931959608416127,0.40625000000000061,3.3825459317585391));
#9050=IFCCARTESIANPOINT((0.3349611927965519,0.40625000000000061,3.4029304574658767));
#9051=IFCCARTESIANPOINT((0.35534571850388907,0.40625000000000061,3.4185720541782678));
#9052=IFCCARTESIANPOINT((0.37908400146623933,0.40625000000000061,3.4284047729287233));
#9053=IFCCARTESIANPOINT((0.40455831692908584,0.40625000000000061,3.4317585301837363));
#9054=IFCCARTESIANPOINT((0.43003263239193235,0.40625000000000061,3.4284047729287237));
#9055=IFCCARTESIANPOINT((0.45377091535428282,0.40625000000000061,3.4185720541782683));
#9056=IFCCARTESIANPOINT((0.47415544106162022,0.40625000000000061,3.4029304574658772));
#9057=IFCCARTESIANPOINT((0.48979703777401129,0.40625000000000061,3.38254593175854));
#9058=IFCCARTESIANPOINT((0.49962975652446695,0.40625000000000061,3.3588076487961898));
#9059=IFCCARTESIANPOINT((0.50298351377948003,0.40625000000000061,3.3333333333333428));
#9060=IFCCARTESIANPOINT((0.49962975652446717,0.40625000000000061,3.3078590178704963));
#9061=IFCCARTESIANPOINT((0.48979703777401151,0.40625000000000061,3.284120734908146));
#9062=IFCCARTESIANPOINT((0.47415544106162066,0.40625000000000061,3.2637362092008089));
#9063=IFCCARTESIANPOINT((0.45377091535428349,0.40625000000000061,3.2480946124884178));
#9064=IFCCARTESIANPOINT((0.43003263239193301,0.40625000000000061,3.2382618937379619));
#9065=IFCCARTESIANPOINT((0.4045583169290865,0.40625000000000061,3.2349081364829493));
#9066=IFCCARTESIANPOINT((0.37908400146623999,0.40625000000000061,3.2382618937379619));
#9067=IFCCARTESIANPOINT((0.35534571850388974,0.40625000000000061,3.2480946124884178));
#9068=IFCCARTESIANPOINT((0.33496119279655234,0.40625000000000061,3.2637362092008084));
#9069=IFCCARTESIANPOINT((0.31931959608416149,0.40625000000000061,3.2841207349081456));
#9070=IFCCARTESIANPOINT((0.30948687733370583,0.40625000000000061,3.3078590178704959));
#9071=IFCPOLYLOOP((#9038,#9039,#9040,#9041,#9042,#9043,#9044,#9045,#9046,#9023,#9024,#9025,#9026,#9027,#9028,#9029,#9030,#9031,#9032,#9033,#9034,#9035,#9036,#9037));
#9072=IFCFACEOUTERBOUND(#9071,.T.);
#9073=IFCFACE((#9072));
#9074=IFCPOLYLOOP((#9065,#9066,#9067,#9068,#9069,#9070,#9047,#9048,#9049,#9050,#9051,#9052,#9053,#9054,#9055,#9056,#9057,#9058,#9059,#9060,#9061,#9062,#9063,#9064));
#9075=IFCFACEOUTERBOUND(#9074,.T.);
#9076=IFCFACE((#9075));
#9077=IFCPOLYLOOP((#9047,#9023,#9046,#9048));
#9078=IFCFACEOUTERBOUND(#9077,.T.);
#9079=IFCFACE((#9078));
#9080=IFCPOLYLOOP((#9048,#9046,#9045,#9049));
#9081=IFCFACEOUTERBOUND(#9080,.T.);
#9082=IFCFACE((#9081));
#9083=IFCPOLYLOOP((#9051,#9050,#9044,#9043));
#9084=IFCFACEOUTERBOUND(#9083,.T.);
#9085=IFCFACE((#9084));
#9086=IFCPOLYLOOP((#9044,#9050,#9049,#9045));
#9087=IFCFACEOUTERBOUND(#9086,.T.);
#9088=IFCFACE((#9087));
#9089=IFCPOLYLOOP((#9052,#9051,#9043,#9042));
#9090=IFCFACEOUTERBOUND(#9089,.T.);
#9091=IFCFACE((#9090));
#9092=IFCPOLYLOOP((#9052,#9042,#9041,#9053));
#9093=IFCFACEOUTERBOUND(#9092,.T.);
#9094=IFCFACE((#9093));
#9095=IFCPOLYLOOP((#9053,#9041,#9040,#9054));
#9096=IFCFACEOUTERBOUND(#9095,.T.);
#9097=IFCFACE((#9096));
#9098=IFCPOLYLOOP((#9054,#9040,#9039,#9055));
#9099=IFCFACEOUTERBOUND(#9098,.T.);
#9100=IFCFACE((#9099));
#9101=IFCPOLYLOOP((#9057,#9056,#9038,#9037));
#9102=IFCFACEOUTERBOUND(#9101,.T.);
#9103=IFCFACE((#9102));
#9104=IFCPOLYLOOP((#9038,#9056,#9055,#9039));
#9105=IFCFACEOUTERBOUND(#9104,.T.);
#9106=IFCFACE((#9105));
#9107=IFCPOLYLOOP((#9058,#9057,#9037,#9036));
#9108=IFCFACEOUTERBOUND(#9107,.T.);
#9109=IFCFACE((#9108));
#9110=IFCPOLYLOOP((#9058,#9036,#9035,#9059));
#9111=IFCFACEOUTERBOUND(#9110,.T.);
#9112=IFCFACE((#9111));
#9113=IFCPOLYLOOP((#9059,#9035,#9034,#9060));
#9114=IFCFACEOUTERBOUND(#9113,.T.);
#9115=IFCFACE((#9114));
#9116=IFCPOLYLOOP((#9060,#9034,#9033,#9061));
#9117=IFCFACEOUTERBOUND(#9116,.T.);
#9118=IFCFACE((#9117));
#9119=IFCPOLYLOOP((#9063,#9062,#9032,#9031));
#9120=IFCFACEOUTERBOUND(#9119,.T.);
#9121=IFCFACE((#9120));
#9122=IFCPOLYLOOP((#9032,#9062,#9061,#9033));
#9123=IFCFACEOUTERBOUND(#9122,.T.);
#9124=IFCFACE((#9123));
#9125=IFCPOLYLOOP((#9064,#9063,#9031,#9030));
#9126=IFCFACEOUTERBOUND(#9125,.T.);
#9127=IFCFACE((#9126));
#9128=IFCPOLYLOOP((#9064,#9030,#9029,#9065));
#9129=IFCFACEOUTERBOUND(#9128,.T.);
#9130=IFCFACE((#9129));
#9131=IFCPOLYLOOP((#9065,#9029,#9028,#9066));
#9132=IFCFACEOUTERBOUND(#9131,.T.);
#9133=IFCFACE((#9132));
#9134=IFCPOLYLOOP((#9066,#9028,#9027,#9067));
#9135=IFCFACEOUTERBOUND(#9134,.T.);
#9136=IFCFACE((#9135));
#9137=IFCPOLYLOOP((#9069,#9068,#9026,#9025));
#9138=IFCFACEOUTERBOUND(#9137,.T.);
#9139=IFCFACE((#9138));
#9140=IFCPOLYLOOP((#9026,#9068,#9067,#9027));
#9141=IFCFACEOUTERBOUND(#9140,.T.);
#9142=IFCFACE((#9141));
#9143=IFCPOLYLOOP((#9070,#9069,#9025,#9024));
#9144=IFCFACEOUTERBOUND(#9143,.T.);
#9145=IFCFACE((#9144));
#9146=IFCPOLYLOOP((#9070,#9024,#9023,#9047));
#9147=IFCFACEOUTERBOUND(#9146,.T.);
#9148=IFCFACE((#9147));
#9149=IFCCARTESIANPOINT((0.37995201771648768,0.57833005249343572,3.3333333333333415));
#9150=IFCCARTESIANPOINT((0.38106993680149182,0.57833005249343572,3.3248418948457261));
#9151=IFCCARTESIANPOINT((0.38434750971831022,0.57833005249343572,3.316929133858276));
#9152=IFCCARTESIANPOINT((0.38956137528910717,0.57833005249343572,3.3101342919558303));
#9153=IFCCARTESIANPOINT((0.3963562171915529,0.57833005249343572,3.3049204263850331));
#9154=IFCCARTESIANPOINT((0.4042689781790032,0.57833005249343572,3.3016428534682145));
#9155=IFCCARTESIANPOINT((0.41276041666661856,0.57833005249343572,3.3005249343832097));
#9156=IFCCARTESIANPOINT((0.42125185515423436,0.57833005249343572,3.3016428534682141));
#9157=IFCCARTESIANPOINT((0.42916461614168444,0.57833005249343572,3.3049204263850327));
#9158=IFCCARTESIANPOINT((0.43595945804413039,0.57833005249343572,3.3101342919558294));
#9159=IFCCARTESIANPOINT((0.44117332361492734,0.57833005249343572,3.3169291338582751));
#9160=IFCCARTESIANPOINT((0.44445089653174619,0.57833005249343572,3.3248418948457252));
#9161=IFCCARTESIANPOINT((0.44556881561675077,0.57833005249343572,3.333333333333341));
#9162=IFCCARTESIANPOINT((0.44445089653174641,0.57833005249343572,3.3418247718209568));
#9163=IFCCARTESIANPOINT((0.44117332361492778,0.57833005249343572,3.3497375328084069));
#9164=IFCCARTESIANPOINT((0.43595945804413105,0.57833005249343572,3.3565323747108531));
#9165=IFCCARTESIANPOINT((0.42916461614168533,0.57833005249343572,3.3617462402816498));
#9166=IFCCARTESIANPOINT((0.42125185515423502,0.57833005249343572,3.3650238131984684));
#9167=IFCCARTESIANPOINT((0.41276041666661945,0.57833005249343572,3.3661417322834732));
#9168=IFCCARTESIANPOINT((0.40426897817900387,0.57833005249343572,3.3650238131984689));
#9169=IFCCARTESIANPOINT((0.39635621719155356,0.57833005249343572,3.3617462402816503));
#9170=IFCCARTESIANPOINT((0.38956137528910784,0.57833005249343572,3.3565323747108535));
#9171=IFCCARTESIANPOINT((0.38434750971831066,0.57833005249343572,3.3497375328084078));
#9172=IFCCARTESIANPOINT((0.38106993680149204,0.57833005249343572,3.3418247718209573));
#9173=IFCCARTESIANPOINT((0.37995201771648746,0.67675524934382825,3.3333333333333419));
#9174=IFCCARTESIANPOINT((0.38106993680149159,0.67675524934382825,3.3248418948457261));
#9175=IFCCARTESIANPOINT((0.38434750971831,0.67675524934382825,3.316929133858276));
#9176=IFCCARTESIANPOINT((0.38956137528910695,0.67675524934382825,3.3101342919558303));
#9177=IFCCARTESIANPOINT((0.39635621719155267,0.67675524934382825,3.3049204263850331));
#9178=IFCCARTESIANPOINT((0.40426897817900298,0.67675524934382825,3.3016428534682145));
#9179=IFCCARTESIANPOINT((0.41276041666661856,0.67675524934382825,3.3005249343832097));
#9180=IFCCARTESIANPOINT((0.42125185515423413,0.67675524934382825,3.3016428534682141));
#9181=IFCCARTESIANPOINT((0.42916461614168422,0.67675524934382825,3.3049204263850327));
#9182=IFCCARTESIANPOINT((0.43595945804413017,0.67675524934382825,3.3101342919558294));
#9183=IFCCARTESIANPOINT((0.44117332361492734,0.67675524934382825,3.3169291338582751));
#9184=IFCCARTESIANPOINT((0.44445089653174619,0.67675524934382825,3.3248418948457252));
#9185=IFCCARTESIANPOINT((0.44556881561675055,0.67675524934382825,3.333333333333341));
#9186=IFCCARTESIANPOINT((0.44445089653174641,0.67675524934382825,3.3418247718209568));
#9187=IFCCARTESIANPOINT((0.44117332361492778,0.67675524934382825,3.3497375328084069));
#9188=IFCCARTESIANPOINT((0.43595945804413083,0.67675524934382825,3.3565323747108531));
#9189=IFCCARTESIANPOINT((0.42916461614168488,0.67675524934382825,3.3617462402816498));
#9190=IFCCARTESIANPOINT((0.4212518551542348,0.67675524934382825,3.3650238131984684));
#9191=IFCCARTESIANPOINT((0.41276041666661922,0.67675524934382825,3.3661417322834732));
#9192=IFCCARTESIANPOINT((0.40426897817900365,0.67675524934382825,3.3650238131984689));
#9193=IFCCARTESIANPOINT((0.39635621719155334,0.67675524934382825,3.3617462402816503));
#9194=IFCCARTESIANPOINT((0.38956137528910761,0.67675524934382825,3.3565323747108535));
#9195=IFCCARTESIANPOINT((0.38434750971831044,0.67675524934382825,3.3497375328084074));
#9196=IFCCARTESIANPOINT((0.38106993680149182,0.67675524934382825,3.3418247718209573));
#9197=IFCCARTESIANPOINT((0.46197301509183908,0.69315944881891678,3.333333333333341));
#9198=IFCCARTESIANPOINT((0.45037349440306707,0.68835477003260015,3.333333333333341));
#9199=IFCCARTESIANPOINT((0.39094074772104781,0.71776574803150406,3.3333333333333415));
#9200=IFCCARTESIANPOINT((0.42096251640416327,0.74778751671461952,3.3333333333333415));
#9201=IFCCARTESIANPOINT((0.46197301509183908,0.75877624671917998,3.333333333333341));
#9202=IFCCARTESIANPOINT((0.46197301509183908,0.75765832763417573,3.3248418948457261));
#9203=IFCCARTESIANPOINT((0.46197301509183908,0.75438075471735733,3.3169291338582756));
#9204=IFCCARTESIANPOINT((0.46197301509183886,0.74916688914656027,3.3101342919558299));
#9205=IFCCARTESIANPOINT((0.46197301509183908,0.74237204724411443,3.3049204263850327));
#9206=IFCCARTESIANPOINT((0.46197301509183908,0.73445928625666435,3.3016428534682141));
#9207=IFCCARTESIANPOINT((0.46197301509183908,0.72596784776904877,3.3005249343832093));
#9208=IFCCARTESIANPOINT((0.46197301509183908,0.71747640928143319,3.3016428534682136));
#9209=IFCCARTESIANPOINT((0.46197301509183908,0.70956364829398288,3.3049204263850323));
#9210=IFCCARTESIANPOINT((0.46197301509183908,0.70276880639153705,3.310134291955829));
#9211=IFCCARTESIANPOINT((0.46197301509183908,0.69755494082073999,3.3169291338582747));
#9212=IFCCARTESIANPOINT((0.46197301509183908,0.69427736790392136,3.3248418948457248));
#9213=IFCCARTESIANPOINT((0.38554853196676442,0.69764172487114517,3.3333333333333415));
#9214=IFCCARTESIANPOINT((0.44108653943125664,0.75317973243319458,3.3333333333333415));
#9215=IFCCARTESIANPOINT((0.38275027484162605,0.68719848710748677,3.333333333333341));
#9216=IFCCARTESIANPOINT((0.45152977726154786,0.75597798957618734,3.333333333333341));
#9217=IFCCARTESIANPOINT((0.38135114627905664,0.68197686822565751,3.3333333333333419));
#9218=IFCCARTESIANPOINT((0.45675139617669336,0.7573771181476836,3.333333333333341));
#9219=IFCCARTESIANPOINT((0.40595163206260554,0.73277663237306179,3.3333333333333415));
#9220=IFCCARTESIANPOINT((0.43068144063271396,0.72187636170176606,3.3010233682916836));
#9221=IFCCARTESIANPOINT((0.41685190481666656,0.70804682142326492,3.3010233677507834));
#9222=IFCCARTESIANPOINT((0.38824463984390611,0.70770373645132456,3.3333333333333415));
#9223=IFCCARTESIANPOINT((0.43897230049461644,0.73800976482380443,3.3048136707432807));
#9224=IFCCARTESIANPOINT((0.40936446288158135,0.69835589103383389,3.3014311636391001));
#9225=IFCCARTESIANPOINT((0.39626324560232717,0.69630949973960832,3.3068349839339719));
#9226=IFCCARTESIANPOINT((0.44878909928516353,0.70095593623845942,3.3086857132680367));
#9227=IFCCARTESIANPOINT((0.43777232723729753,0.68993916540394307,3.3086857124209672));
#9228=IFCCARTESIANPOINT((0.434081666886875,0.70464659643902738,3.3020128636738959));
#9229=IFCCARTESIANPOINT((0.41302121181533624,0.7248909510155368,3.3069053892866558));
#9230=IFCCARTESIANPOINT((0.43102452791770984,0.75048362457390705,3.3333333333333415));
#9231=IFCCARTESIANPOINT((0.41345707423338451,0.74028207454384076,3.3333333333333415));
#9232=IFCCARTESIANPOINT((0.39844618989182656,0.72527119020228292,3.3333333333333415));
#9233=IFCCARTESIANPOINT((0.46197301509183908,0.69427736790392114,3.3418247718209564));
#9234=IFCCARTESIANPOINT((0.46197301509183908,0.69755494082073966,3.3497375328084069));
#9235=IFCCARTESIANPOINT((0.4619730150918393,0.7027688063915366,3.3565323747108526));
#9236=IFCCARTESIANPOINT((0.4619730150918393,0.70956364829398244,3.3617462402816494));
#9237=IFCCARTESIANPOINT((0.4619730150918393,0.71747640928143253,3.3650238131984684));
#9238=IFCCARTESIANPOINT((0.4619730150918393,0.7259678477690481,3.3661417322834728));
#9239=IFCCARTESIANPOINT((0.4619730150918393,0.73445928625666368,3.3650238131984684));
#9240=IFCCARTESIANPOINT((0.4619730150918393,0.74237204724411399,3.3617462402816498));
#9241=IFCCARTESIANPOINT((0.4619730150918393,0.74916688914655993,3.3565323747108526));
#9242=IFCCARTESIANPOINT((0.46197301509183908,0.75438075471735688,3.3497375328084069));
#9243=IFCCARTESIANPOINT((0.46197301509183908,0.75765832763417551,3.3418247718209568));
#9244=IFCCARTESIANPOINT((0.41685190481629864,0.70804682142365671,3.3656432989158063));
#9245=IFCCARTESIANPOINT((0.43068144063120672,0.7218763617021271,3.3656432983747946));
#9246=IFCCARTESIANPOINT((0.43897230049434088,0.73800976482392167,3.3618529959232841));
#9247=IFCCARTESIANPOINT((0.40936446288151451,0.69835589103392937,3.3652355030275589));
#9248=IFCCARTESIANPOINT((0.39626324560230675,0.69630949973967637,3.3598316827326817));
#9249=IFCCARTESIANPOINT((0.43777232723707216,0.68993916540407829,3.3579809542459458));
#9250=IFCCARTESIANPOINT((0.44878909928519528,0.70095593623844021,3.3579809533986174));
#9251=IFCCARTESIANPOINT((0.43408166688559158,0.7046465964401446,3.3646538029933155));
#9252=IFCCARTESIANPOINT((0.41383731212949604,0.72570705152805359,3.3597612772872703));
#9253=IFCCARTESIANPOINT((0.80646120406824218,0.75877624671917965,3.3333333333333401));
#9254=IFCCARTESIANPOINT((0.80646120406824218,0.75765832763417529,3.3418247718209559));
#9255=IFCCARTESIANPOINT((0.80646120406824218,0.75438075471735666,3.349737532808406));
#9256=IFCCARTESIANPOINT((0.80646120406824229,0.74916688914655971,3.3565323747108518));
#9257=IFCCARTESIANPOINT((0.80646120406824229,0.74237204724411388,3.3617462402816489));
#9258=IFCCARTESIANPOINT((0.80646120406824229,0.73445928625666368,3.3650238131984676));
#9259=IFCCARTESIANPOINT((0.80646120406824229,0.7259678477690481,3.3661417322834719));
#9260=IFCCARTESIANPOINT((0.80646120406824229,0.71747640928143253,3.3650238131984676));
#9261=IFCCARTESIANPOINT((0.80646120406824229,0.70956364829398233,3.3617462402816489));
#9262=IFCCARTESIANPOINT((0.80646120406824229,0.70276880639153649,3.3565323747108518));
#9263=IFCCARTESIANPOINT((0.80646120406824218,0.69755494082073943,3.349737532808406));
#9264=IFCCARTESIANPOINT((0.80646120406824218,0.69427736790392092,3.3418247718209559));
#9265=IFCCARTESIANPOINT((0.80646120406824218,0.69315944881891656,3.3333333333333397));
#9266=IFCCARTESIANPOINT((0.80646120406824218,0.69427736790392092,3.3248418948457243));
#9267=IFCCARTESIANPOINT((0.80646120406824218,0.69755494082073966,3.3169291338582738));
#9268=IFCCARTESIANPOINT((0.80646120406824207,0.70276880639153672,3.3101342919558281));
#9269=IFCCARTESIANPOINT((0.80646120406824207,0.70956364829398266,3.3049204263850314));
#9270=IFCCARTESIANPOINT((0.80646120406824207,0.71747640928143286,3.3016428534682127));
#9271=IFCCARTESIANPOINT((0.80646120406824207,0.72596784776904844,3.3005249343832084));
#9272=IFCCARTESIANPOINT((0.80646120406824207,0.73445928625666412,3.3016428534682132));
#9273=IFCCARTESIANPOINT((0.80646120406824207,0.74237204724411421,3.3049204263850318));
#9274=IFCCARTESIANPOINT((0.80646120406824207,0.74916688914655993,3.3101342919558285));
#9275=IFCCARTESIANPOINT((0.80646120406824218,0.75438075471735688,3.3169291338582747));
#9276=IFCCARTESIANPOINT((0.80646120406824218,0.7576583276341754,3.3248418948457248));
#9277=IFCPOLYLOOP((#9154,#9155,#9156,#9157,#9158,#9159,#9160,#9161,#9162,#9163,#9164,#9165,#9166,#9167,#9168,#9169,#9170,#9171,#9172,#9149,#9150,#9151,#9152,#9153));
#9278=IFCFACEOUTERBOUND(#9277,.T.);
#9279=IFCFACE((#9278));
#9280=IFCPOLYLOOP((#9174,#9150,#9149,#9173));
#9281=IFCFACEOUTERBOUND(#9280,.T.);
#9282=IFCFACE((#9281));
#9283=IFCPOLYLOOP((#9175,#9151,#9150,#9174));
#9284=IFCFACEOUTERBOUND(#9283,.T.);
#9285=IFCFACE((#9284));
#9286=IFCPOLYLOOP((#9152,#9176,#9177,#9153));
#9287=IFCFACEOUTERBOUND(#9286,.T.);
#9288=IFCFACE((#9287));
#9289=IFCPOLYLOOP((#9175,#9176,#9152,#9151));
#9290=IFCFACEOUTERBOUND(#9289,.T.);
#9291=IFCFACE((#9290));
#9292=IFCPOLYLOOP((#9153,#9177,#9178,#9154));
#9293=IFCFACEOUTERBOUND(#9292,.T.);
#9294=IFCFACE((#9293));
#9295=IFCPOLYLOOP((#9154,#9178,#9179,#9155));
#9296=IFCFACEOUTERBOUND(#9295,.T.);
#9297=IFCFACE((#9296));
#9298=IFCPOLYLOOP((#9181,#9157,#9156,#9180));
#9299=IFCFACEOUTERBOUND(#9298,.T.);
#9300=IFCFACE((#9299));
#9301=IFCPOLYLOOP((#9182,#9158,#9157,#9181));
#9302=IFCFACEOUTERBOUND(#9301,.T.);
#9303=IFCFACE((#9302));
#9304=IFCPOLYLOOP((#9159,#9183,#9184,#9160));
#9305=IFCFACEOUTERBOUND(#9304,.T.);
#9306=IFCFACE((#9305));
#9307=IFCPOLYLOOP((#9182,#9183,#9159,#9158));
#9308=IFCFACEOUTERBOUND(#9307,.T.);
#9309=IFCFACE((#9308));
#9310=IFCPOLYLOOP((#9160,#9184,#9185,#9161));
#9311=IFCFACEOUTERBOUND(#9310,.T.);
#9312=IFCFACE((#9311));
#9313=IFCPOLYLOOP((#9156,#9155,#9179,#9180));
#9314=IFCFACEOUTERBOUND(#9313,.T.);
#9315=IFCFACE((#9314));
#9316=IFCPOLYLOOP((#9186,#9162,#9161,#9185));
#9317=IFCFACEOUTERBOUND(#9316,.T.);
#9318=IFCFACE((#9317));
#9319=IFCPOLYLOOP((#9187,#9163,#9162,#9186));
#9320=IFCFACEOUTERBOUND(#9319,.T.);
#9321=IFCFACE((#9320));
#9322=IFCPOLYLOOP((#9164,#9188,#9189,#9165));
#9323=IFCFACEOUTERBOUND(#9322,.T.);
#9324=IFCFACE((#9323));
#9325=IFCPOLYLOOP((#9187,#9188,#9164,#9163));
#9326=IFCFACEOUTERBOUND(#9325,.T.);
#9327=IFCFACE((#9326));
#9328=IFCPOLYLOOP((#9165,#9189,#9190,#9166));
#9329=IFCFACEOUTERBOUND(#9328,.T.);
#9330=IFCFACE((#9329));
#9331=IFCPOLYLOOP((#9166,#9190,#9191,#9167));
#9332=IFCFACEOUTERBOUND(#9331,.T.);
#9333=IFCFACE((#9332));
#9334=IFCPOLYLOOP((#9193,#9169,#9168,#9192));
#9335=IFCFACEOUTERBOUND(#9334,.T.);
#9336=IFCFACE((#9335));
#9337=IFCPOLYLOOP((#9194,#9170,#9169,#9193));
#9338=IFCFACEOUTERBOUND(#9337,.T.);
#9339=IFCFACE((#9338));
#9340=IFCPOLYLOOP((#9171,#9195,#9196,#9172));
#9341=IFCFACEOUTERBOUND(#9340,.T.);
#9342=IFCFACE((#9341));
#9343=IFCPOLYLOOP((#9194,#9195,#9171,#9170));
#9344=IFCFACEOUTERBOUND(#9343,.T.);
#9345=IFCFACE((#9344));
#9346=IFCPOLYLOOP((#9172,#9196,#9173,#9149));
#9347=IFCFACEOUTERBOUND(#9346,.T.);
#9348=IFCFACE((#9347));
#9349=IFCPOLYLOOP((#9168,#9167,#9191,#9192));
#9350=IFCFACEOUTERBOUND(#9349,.T.);
#9351=IFCFACE((#9350));
#9352=IFCPOLYLOOP((#9174,#9217,#9175));
#9353=IFCFACEOUTERBOUND(#9352,.T.);
#9354=IFCFACE((#9353));
#9355=IFCPOLYLOOP((#9225,#9178,#9213));
#9356=IFCFACEOUTERBOUND(#9355,.T.);
#9357=IFCFACE((#9356));
#9358=IFCPOLYLOOP((#9224,#9221,#9227));
#9359=IFCFACEOUTERBOUND(#9358,.T.);
#9360=IFCFACE((#9359));
#9361=IFCPOLYLOOP((#9213,#9222,#9199,#9225));
#9362=IFCFACEOUTERBOUND(#9361,.T.);
#9363=IFCFACE((#9362));
#9364=IFCPOLYLOOP((#9213,#9177,#9176));
#9365=IFCFACEOUTERBOUND(#9364,.T.);
#9366=IFCFACE((#9365));
#9367=IFCPOLYLOOP((#9175,#9215,#9176));
#9368=IFCFACEOUTERBOUND(#9367,.T.);
#9369=IFCFACE((#9368));
#9370=IFCPOLYLOOP((#9177,#9213,#9178));
#9371=IFCFACEOUTERBOUND(#9370,.T.);
#9372=IFCFACE((#9371));
#9373=IFCPOLYLOOP((#9199,#9224,#9225));
#9374=IFCFACEOUTERBOUND(#9373,.T.);
#9375=IFCFACE((#9374));
#9376=IFCPOLYLOOP((#9225,#9181,#9180));
#9377=IFCFACEOUTERBOUND(#9376,.T.);
#9378=IFCFACE((#9377));
#9379=IFCPOLYLOOP((#9229,#9220,#9228));
#9380=IFCFACEOUTERBOUND(#9379,.T.);
#9381=IFCFACE((#9380));
#9382=IFCPOLYLOOP((#9200,#9223,#9220));
#9383=IFCFACEOUTERBOUND(#9382,.T.);
#9384=IFCFACE((#9383));
#9385=IFCPOLYLOOP((#9225,#9179,#9178));
#9386=IFCFACEOUTERBOUND(#9385,.T.);
#9387=IFCFACE((#9386));
#9388=IFCPOLYLOOP((#9225,#9180,#9179));
#9389=IFCFACEOUTERBOUND(#9388,.T.);
#9390=IFCFACE((#9389));
#9391=IFCPOLYLOOP((#9197,#9198,#9226));
#9392=IFCFACEOUTERBOUND(#9391,.T.);
#9393=IFCFACE((#9392));
#9394=IFCPOLYLOOP((#9181,#9225,#9224));
#9395=IFCFACEOUTERBOUND(#9394,.T.);
#9396=IFCFACE((#9395));
#9397=IFCPOLYLOOP((#9212,#9226,#9211));
#9398=IFCFACEOUTERBOUND(#9397,.T.);
#9399=IFCFACE((#9398));
#9400=IFCPOLYLOOP((#9230,#9214,#9206));
#9401=IFCFACEOUTERBOUND(#9400,.T.);
#9402=IFCFACE((#9401));
#9403=IFCPOLYLOOP((#9174,#9173,#9217));
#9404=IFCFACEOUTERBOUND(#9403,.T.);
#9405=IFCFACE((#9404));
#9406=IFCPOLYLOOP((#9224,#9227,#9183));
#9407=IFCFACEOUTERBOUND(#9406,.T.);
#9408=IFCFACE((#9407));
#9409=IFCPOLYLOOP((#9224,#9182,#9181));
#9410=IFCFACEOUTERBOUND(#9409,.T.);
#9411=IFCFACE((#9410));
#9412=IFCPOLYLOOP((#9221,#9229,#9228));
#9413=IFCFACEOUTERBOUND(#9412,.T.);
#9414=IFCFACE((#9413));
#9415=IFCPOLYLOOP((#9210,#9223,#9209));
#9416=IFCFACEOUTERBOUND(#9415,.T.);
#9417=IFCFACE((#9416));
#9418=IFCPOLYLOOP((#9198,#9227,#9228));
#9419=IFCFACEOUTERBOUND(#9418,.T.);
#9420=IFCFACE((#9419));
#9421=IFCPOLYLOOP((#9221,#9232,#9229));
#9422=IFCFACEOUTERBOUND(#9421,.T.);
#9423=IFCFACE((#9422));
#9424=IFCPOLYLOOP((#9229,#9231,#9220));
#9425=IFCFACEOUTERBOUND(#9424,.T.);
#9426=IFCFACE((#9425));
#9427=IFCPOLYLOOP((#9214,#9205,#9206));
#9428=IFCFACEOUTERBOUND(#9427,.T.);
#9429=IFCFACE((#9428));
#9430=IFCPOLYLOOP((#9227,#9221,#9228));
#9431=IFCFACEOUTERBOUND(#9430,.T.);
#9432=IFCFACE((#9431));
#9433=IFCPOLYLOOP((#9230,#9207,#9223));
#9434=IFCFACEOUTERBOUND(#9433,.T.);
#9435=IFCFACE((#9434));
#9436=IFCPOLYLOOP((#9206,#9207,#9230));
#9437=IFCFACEOUTERBOUND(#9436,.T.);
#9438=IFCFACE((#9437));
#9439=IFCPOLYLOOP((#9216,#9204,#9214));
#9440=IFCFACEOUTERBOUND(#9439,.T.);
#9441=IFCFACE((#9440));
#9442=IFCPOLYLOOP((#9200,#9220,#9231));
#9443=IFCFACEOUTERBOUND(#9442,.T.);
#9444=IFCFACE((#9443));
#9445=IFCPOLYLOOP((#9214,#9204,#9205));
#9446=IFCFACEOUTERBOUND(#9445,.T.);
#9447=IFCFACE((#9446));
#9448=IFCPOLYLOOP((#9223,#9200,#9230));
#9449=IFCFACEOUTERBOUND(#9448,.T.);
#9450=IFCFACE((#9449));
#9451=IFCPOLYLOOP((#9202,#9218,#9201));
#9452=IFCFACEOUTERBOUND(#9451,.T.);
#9453=IFCFACE((#9452));
#9454=IFCPOLYLOOP((#9220,#9226,#9228));
#9455=IFCFACEOUTERBOUND(#9454,.T.);
#9456=IFCFACE((#9455));
#9457=IFCPOLYLOOP((#9224,#9232,#9221));
#9458=IFCFACEOUTERBOUND(#9457,.T.);
#9459=IFCFACE((#9458));
#9460=IFCPOLYLOOP((#9213,#9176,#9215));
#9461=IFCFACEOUTERBOUND(#9460,.T.);
#9462=IFCFACE((#9461));
#9463=IFCPOLYLOOP((#9227,#9185,#9184));
#9464=IFCFACEOUTERBOUND(#9463,.T.);
#9465=IFCFACE((#9464));
#9466=IFCPOLYLOOP((#9219,#9231,#9229,#9232));
#9467=IFCFACEOUTERBOUND(#9466,.T.);
#9468=IFCFACE((#9467));
#9469=IFCPOLYLOOP((#9211,#9226,#9220));
#9470=IFCFACEOUTERBOUND(#9469,.T.);
#9471=IFCFACE((#9470));
#9472=IFCPOLYLOOP((#9216,#9203,#9204));
#9473=IFCFACEOUTERBOUND(#9472,.T.);
#9474=IFCFACE((#9473));
#9475=IFCPOLYLOOP((#9212,#9197,#9226));
#9476=IFCFACEOUTERBOUND(#9475,.T.);
#9477=IFCFACE((#9476));
#9478=IFCPOLYLOOP((#9203,#9218,#9202));
#9479=IFCFACEOUTERBOUND(#9478,.T.);
#9480=IFCFACE((#9479));
#9481=IFCPOLYLOOP((#9223,#9210,#9220));
#9482=IFCFACEOUTERBOUND(#9481,.T.);
#9483=IFCFACE((#9482));
#9484=IFCPOLYLOOP((#9217,#9215,#9175));
#9485=IFCFACEOUTERBOUND(#9484,.T.);
#9486=IFCFACE((#9485));
#9487=IFCPOLYLOOP((#9210,#9211,#9220));
#9488=IFCFACEOUTERBOUND(#9487,.T.);
#9489=IFCFACE((#9488));
#9490=IFCPOLYLOOP((#9216,#9218,#9203));
#9491=IFCFACEOUTERBOUND(#9490,.T.);
#9492=IFCFACE((#9491));
#9493=IFCPOLYLOOP((#9209,#9223,#9208));
#9494=IFCFACEOUTERBOUND(#9493,.T.);
#9495=IFCFACE((#9494));
#9496=IFCPOLYLOOP((#9207,#9208,#9223));
#9497=IFCFACEOUTERBOUND(#9496,.T.);
#9498=IFCFACE((#9497));
#9499=IFCPOLYLOOP((#9183,#9182,#9224));
#9500=IFCFACEOUTERBOUND(#9499,.T.);
#9501=IFCFACE((#9500));
#9502=IFCPOLYLOOP((#9198,#9228,#9226));
#9503=IFCFACEOUTERBOUND(#9502,.T.);
#9504=IFCFACE((#9503));
#9505=IFCPOLYLOOP((#9184,#9183,#9227));
#9506=IFCFACEOUTERBOUND(#9505,.T.);
#9507=IFCFACE((#9506));
#9508=IFCPOLYLOOP((#9232,#9224,#9199));
#9509=IFCFACEOUTERBOUND(#9508,.T.);
#9510=IFCFACE((#9509));
#9511=IFCPOLYLOOP((#9198,#9185,#9227));
#9512=IFCFACEOUTERBOUND(#9511,.T.);
#9513=IFCFACE((#9512));
#9514=IFCPOLYLOOP((#9248,#9199,#9222,#9213));
#9515=IFCFACEOUTERBOUND(#9514,.T.);
#9516=IFCFACE((#9515));
#9517=IFCPOLYLOOP((#9244,#9249,#9251));
#9518=IFCFACEOUTERBOUND(#9517,.T.);
#9519=IFCFACE((#9518));
#9520=IFCPOLYLOOP((#9198,#9197,#9250));
#9521=IFCFACEOUTERBOUND(#9520,.T.);
#9522=IFCFACE((#9521));
#9523=IFCPOLYLOOP((#9247,#9188,#9187));
#9524=IFCFACEOUTERBOUND(#9523,.T.);
#9525=IFCFACE((#9524));
#9526=IFCPOLYLOOP((#9244,#9247,#9249));
#9527=IFCFACEOUTERBOUND(#9526,.T.);
#9528=IFCFACE((#9527));
#9529=IFCPOLYLOOP((#9234,#9245,#9250));
#9530=IFCFACEOUTERBOUND(#9529,.T.);
#9531=IFCFACE((#9530));
#9532=IFCPOLYLOOP((#9187,#9249,#9247));
#9533=IFCFACEOUTERBOUND(#9532,.T.);
#9534=IFCFACE((#9533));
#9535=IFCPOLYLOOP((#9252,#9244,#9251));
#9536=IFCFACEOUTERBOUND(#9535,.T.);
#9537=IFCFACE((#9536));
#9538=IFCPOLYLOOP((#9186,#9249,#9187));
#9539=IFCFACEOUTERBOUND(#9538,.T.);
#9540=IFCFACE((#9539));
#9541=IFCPOLYLOOP((#9198,#9250,#9251));
#9542=IFCFACEOUTERBOUND(#9541,.T.);
#9543=IFCFACE((#9542));
#9544=IFCPOLYLOOP((#9252,#9251,#9245));
#9545=IFCFACEOUTERBOUND(#9544,.T.);
#9546=IFCFACE((#9545));
#9547=IFCPOLYLOOP((#9250,#9197,#9233));
#9548=IFCFACEOUTERBOUND(#9547,.T.);
#9549=IFCFACE((#9548));
#9550=IFCPOLYLOOP((#9217,#9173,#9196));
#9551=IFCFACEOUTERBOUND(#9550,.T.);
#9552=IFCFACE((#9551));
#9553=IFCPOLYLOOP((#9200,#9245,#9246));
#9554=IFCFACEOUTERBOUND(#9553,.T.);
#9555=IFCFACE((#9554));
#9556=IFCPOLYLOOP((#9230,#9200,#9246));
#9557=IFCFACEOUTERBOUND(#9556,.T.);
#9558=IFCFACE((#9557));
#9559=IFCPOLYLOOP((#9194,#9213,#9215));
#9560=IFCFACEOUTERBOUND(#9559,.T.);
#9561=IFCFACE((#9560));
#9562=IFCPOLYLOOP((#9191,#9248,#9192));
#9563=IFCFACEOUTERBOUND(#9562,.T.);
#9564=IFCFACE((#9563));
#9565=IFCPOLYLOOP((#9245,#9200,#9231));
#9566=IFCFACEOUTERBOUND(#9565,.T.);
#9567=IFCFACE((#9566));
#9568=IFCPOLYLOOP((#9213,#9194,#9193));
#9569=IFCFACEOUTERBOUND(#9568,.T.);
#9570=IFCFACE((#9569));
#9571=IFCPOLYLOOP((#9193,#9192,#9213));
#9572=IFCFACEOUTERBOUND(#9571,.T.);
#9573=IFCFACE((#9572));
#9574=IFCPOLYLOOP((#9247,#9232,#9199));
#9575=IFCFACEOUTERBOUND(#9574,.T.);
#9576=IFCFACE((#9575));
#9577=IFCPOLYLOOP((#9238,#9239,#9230));
#9578=IFCFACEOUTERBOUND(#9577,.T.);
#9579=IFCFACE((#9578));
#9580=IFCPOLYLOOP((#9192,#9248,#9213));
#9581=IFCFACEOUTERBOUND(#9580,.T.);
#9582=IFCFACE((#9581));
#9583=IFCPOLYLOOP((#9251,#9250,#9245));
#9584=IFCFACEOUTERBOUND(#9583,.T.);
#9585=IFCFACE((#9584));
#9586=IFCPOLYLOOP((#9198,#9251,#9249));
#9587=IFCFACEOUTERBOUND(#9586,.T.);
#9588=IFCFACE((#9587));
#9589=IFCPOLYLOOP((#9234,#9250,#9233));
#9590=IFCFACEOUTERBOUND(#9589,.T.);
#9591=IFCFACE((#9590));
#9592=IFCPOLYLOOP((#9245,#9234,#9235));
#9593=IFCFACEOUTERBOUND(#9592,.T.);
#9594=IFCFACE((#9593));
#9595=IFCPOLYLOOP((#9214,#9241,#9216));
#9596=IFCFACEOUTERBOUND(#9595,.T.);
#9597=IFCFACE((#9596));
#9598=IFCPOLYLOOP((#9231,#9252,#9245));
#9599=IFCFACEOUTERBOUND(#9598,.T.);
#9600=IFCFACE((#9599));
#9601=IFCPOLYLOOP((#9186,#9185,#9249));
#9602=IFCFACEOUTERBOUND(#9601,.T.);
#9603=IFCFACE((#9602));
#9604=IFCPOLYLOOP((#9215,#9195,#9194));
#9605=IFCFACEOUTERBOUND(#9604,.T.);
#9606=IFCFACE((#9605));
#9607=IFCPOLYLOOP((#9237,#9246,#9236));
#9608=IFCFACEOUTERBOUND(#9607,.T.);
#9609=IFCFACE((#9608));
#9610=IFCPOLYLOOP((#9215,#9217,#9195));
#9611=IFCFACEOUTERBOUND(#9610,.T.);
#9612=IFCFACE((#9611));
#9613=IFCPOLYLOOP((#9218,#9216,#9242));
#9614=IFCFACEOUTERBOUND(#9613,.T.);
#9615=IFCFACE((#9614));
#9616=IFCPOLYLOOP((#9246,#9235,#9236));
#9617=IFCFACEOUTERBOUND(#9616,.T.);
#9618=IFCFACE((#9617));
#9619=IFCPOLYLOOP((#9195,#9217,#9196));
#9620=IFCFACEOUTERBOUND(#9619,.T.);
#9621=IFCFACE((#9620));
#9622=IFCPOLYLOOP((#9237,#9238,#9246));
#9623=IFCFACEOUTERBOUND(#9622,.T.);
#9624=IFCFACE((#9623));
#9625=IFCPOLYLOOP((#9252,#9232,#9244));
#9626=IFCFACEOUTERBOUND(#9625,.T.);
#9627=IFCFACE((#9626));
#9628=IFCPOLYLOOP((#9219,#9232,#9252,#9231));
#9629=IFCFACEOUTERBOUND(#9628,.T.);
#9630=IFCFACE((#9629));
#9631=IFCPOLYLOOP((#9240,#9241,#9214));
#9632=IFCFACEOUTERBOUND(#9631,.T.);
#9633=IFCFACE((#9632));
#9634=IFCPOLYLOOP((#9214,#9239,#9240));
#9635=IFCFACEOUTERBOUND(#9634,.T.);
#9636=IFCFACE((#9635));
#9637=IFCPOLYLOOP((#9189,#9248,#9190));
#9638=IFCFACEOUTERBOUND(#9637,.T.);
#9639=IFCFACE((#9638));
#9640=IFCPOLYLOOP((#9230,#9239,#9214));
#9641=IFCFACEOUTERBOUND(#9640,.T.);
#9642=IFCFACE((#9641));
#9643=IFCPOLYLOOP((#9242,#9243,#9218));
#9644=IFCFACEOUTERBOUND(#9643,.T.);
#9645=IFCFACE((#9644));
#9646=IFCPOLYLOOP((#9247,#9244,#9232));
#9647=IFCFACEOUTERBOUND(#9646,.T.);
#9648=IFCFACE((#9647));
#9649=IFCPOLYLOOP((#9238,#9230,#9246));
#9650=IFCFACEOUTERBOUND(#9649,.T.);
#9651=IFCFACE((#9650));
#9652=IFCPOLYLOOP((#9248,#9191,#9190));
#9653=IFCFACEOUTERBOUND(#9652,.T.);
#9654=IFCFACE((#9653));
#9655=IFCPOLYLOOP((#9235,#9246,#9245));
#9656=IFCFACEOUTERBOUND(#9655,.T.);
#9657=IFCFACE((#9656));
#9658=IFCPOLYLOOP((#9242,#9216,#9241));
#9659=IFCFACEOUTERBOUND(#9658,.T.);
#9660=IFCFACE((#9659));
#9661=IFCPOLYLOOP((#9243,#9201,#9218));
#9662=IFCFACEOUTERBOUND(#9661,.T.);
#9663=IFCFACE((#9662));
#9664=IFCPOLYLOOP((#9199,#9248,#9247));
#9665=IFCFACEOUTERBOUND(#9664,.T.);
#9666=IFCFACE((#9665));
#9667=IFCPOLYLOOP((#9189,#9188,#9247));
#9668=IFCFACEOUTERBOUND(#9667,.T.);
#9669=IFCFACE((#9668));
#9670=IFCPOLYLOOP((#9185,#9198,#9249));
#9671=IFCFACEOUTERBOUND(#9670,.T.);
#9672=IFCFACE((#9671));
#9673=IFCPOLYLOOP((#9189,#9247,#9248));
#9674=IFCFACEOUTERBOUND(#9673,.T.);
#9675=IFCFACE((#9674));
#9676=IFCPOLYLOOP((#9274,#9275,#9276,#9253,#9254,#9255,#9256,#9257,#9258,#9259,#9260,#9261,#9262,#9263,#9264,#9265,#9266,#9267,#9268,#9269,#9270,#9271,#9272,#9273));
#9677=IFCFACEOUTERBOUND(#9676,.T.);
#9678=IFCFACE((#9677));
#9679=IFCPOLYLOOP((#9276,#9202,#9201,#9253));
#9680=IFCFACEOUTERBOUND(#9679,.T.);
#9681=IFCFACE((#9680));
#9682=IFCPOLYLOOP((#9275,#9203,#9202,#9276));
#9683=IFCFACEOUTERBOUND(#9682,.T.);
#9684=IFCFACE((#9683));
#9685=IFCPOLYLOOP((#9273,#9205,#9204,#9274));
#9686=IFCFACEOUTERBOUND(#9685,.T.);
#9687=IFCFACE((#9686));
#9688=IFCPOLYLOOP((#9274,#9204,#9203,#9275));
#9689=IFCFACEOUTERBOUND(#9688,.T.);
#9690=IFCFACE((#9689));
#9691=IFCPOLYLOOP((#9272,#9206,#9205,#9273));
#9692=IFCFACEOUTERBOUND(#9691,.T.);
#9693=IFCFACE((#9692));
#9694=IFCPOLYLOOP((#9206,#9272,#9271,#9207));
#9695=IFCFACEOUTERBOUND(#9694,.T.);
#9696=IFCFACE((#9695));
#9697=IFCPOLYLOOP((#9269,#9268,#9210,#9209));
#9698=IFCFACEOUTERBOUND(#9697,.T.);
#9699=IFCFACE((#9698));
#9700=IFCPOLYLOOP((#9270,#9269,#9209,#9208));
#9701=IFCFACEOUTERBOUND(#9700,.T.);
#9702=IFCFACE((#9701));
#9703=IFCPOLYLOOP((#9266,#9265,#9197,#9212));
#9704=IFCFACEOUTERBOUND(#9703,.T.);
#9705=IFCFACE((#9704));
#9706=IFCPOLYLOOP((#9267,#9266,#9212,#9211));
#9707=IFCFACEOUTERBOUND(#9706,.T.);
#9708=IFCFACE((#9707));
#9709=IFCPOLYLOOP((#9268,#9267,#9211,#9210));
#9710=IFCFACEOUTERBOUND(#9709,.T.);
#9711=IFCFACE((#9710));
#9712=IFCPOLYLOOP((#9208,#9207,#9271,#9270));
#9713=IFCFACEOUTERBOUND(#9712,.T.);
#9714=IFCFACE((#9713));
#9715=IFCPOLYLOOP((#9197,#9265,#9264,#9233));
#9716=IFCFACEOUTERBOUND(#9715,.T.);
#9717=IFCFACE((#9716));
#9718=IFCPOLYLOOP((#9263,#9234,#9233,#9264));
#9719=IFCFACEOUTERBOUND(#9718,.T.);
#9720=IFCFACE((#9719));
#9721=IFCPOLYLOOP((#9261,#9260,#9237,#9236));
#9722=IFCFACEOUTERBOUND(#9721,.T.);
#9723=IFCFACE((#9722));
#9724=IFCPOLYLOOP((#9262,#9261,#9236,#9235));
#9725=IFCFACEOUTERBOUND(#9724,.T.);
#9726=IFCFACE((#9725));
#9727=IFCPOLYLOOP((#9234,#9263,#9262,#9235));
#9728=IFCFACEOUTERBOUND(#9727,.T.);
#9729=IFCFACE((#9728));
#9730=IFCPOLYLOOP((#9237,#9260,#9259,#9238));
#9731=IFCFACEOUTERBOUND(#9730,.T.);
#9732=IFCFACE((#9731));
#9733=IFCPOLYLOOP((#9257,#9256,#9241,#9240));
#9734=IFCFACEOUTERBOUND(#9733,.T.);
#9735=IFCFACE((#9734));
#9736=IFCPOLYLOOP((#9258,#9257,#9240,#9239));
#9737=IFCFACEOUTERBOUND(#9736,.T.);
#9738=IFCFACE((#9737));
#9739=IFCPOLYLOOP((#9254,#9253,#9201,#9243));
#9740=IFCFACEOUTERBOUND(#9739,.T.);
#9741=IFCFACE((#9740));
#9742=IFCPOLYLOOP((#9255,#9254,#9243,#9242));
#9743=IFCFACEOUTERBOUND(#9742,.T.);
#9744=IFCFACE((#9743));
#9745=IFCPOLYLOOP((#9256,#9255,#9242,#9241));
#9746=IFCFACEOUTERBOUND(#9745,.T.);
#9747=IFCFACE((#9746));
#9748=IFCPOLYLOOP((#9258,#9239,#9238,#9259));
#9749=IFCFACEOUTERBOUND(#9748,.T.);
#9750=IFCFACE((#9749));
#9751=IFCCARTESIANPOINT((0.30613312007869298,0.57833005249343561,3.3333333333333424));
#9752=IFCCARTESIANPOINT((0.30948687733370583,0.57833005249343561,3.3588076487961889));
#9753=IFCCARTESIANPOINT((0.31931959608416127,0.57833005249343561,3.3825459317585391));
#9754=IFCCARTESIANPOINT((0.33496119279655212,0.57833005249343561,3.4029304574658767));
#9755=IFCCARTESIANPOINT((0.35534571850388952,0.57833005249343561,3.4185720541782678));
#9756=IFCCARTESIANPOINT((0.37908400146623977,0.57833005249343561,3.4284047729287233));
#9757=IFCCARTESIANPOINT((0.40455831692908628,0.57833005249343561,3.4317585301837363));
#9758=IFCCARTESIANPOINT((0.43003263239193279,0.57833005249343561,3.4284047729287237));
#9759=IFCCARTESIANPOINT((0.45377091535428304,0.57833005249343561,3.4185720541782683));
#9760=IFCCARTESIANPOINT((0.47415544106162044,0.57833005249343561,3.4029304574658772));
#9761=IFCCARTESIANPOINT((0.48979703777401129,0.57833005249343561,3.38254593175854));
#9762=IFCCARTESIANPOINT((0.49962975652446717,0.57833005249343561,3.3588076487961898));
#9763=IFCCARTESIANPOINT((0.50298351377948025,0.57833005249343561,3.3333333333333428));
#9764=IFCCARTESIANPOINT((0.49962975652446739,0.57833005249343561,3.3078590178704963));
#9765=IFCCARTESIANPOINT((0.48979703777401173,0.57833005249343561,3.284120734908146));
#9766=IFCCARTESIANPOINT((0.47415544106162089,0.57833005249343561,3.2637362092008089));
#9767=IFCCARTESIANPOINT((0.45377091535428349,0.57833005249343561,3.2480946124884178));
#9768=IFCCARTESIANPOINT((0.43003263239193323,0.57833005249343561,3.2382618937379619));
#9769=IFCCARTESIANPOINT((0.40455831692908673,0.57833005249343561,3.2349081364829493));
#9770=IFCCARTESIANPOINT((0.37908400146624022,0.57833005249343561,3.2382618937379619));
#9771=IFCCARTESIANPOINT((0.35534571850388996,0.57833005249343561,3.2480946124884178));
#9772=IFCCARTESIANPOINT((0.33496119279655256,0.57833005249343561,3.2637362092008084));
#9773=IFCCARTESIANPOINT((0.31931959608416172,0.57833005249343561,3.2841207349081456));
#9774=IFCCARTESIANPOINT((0.30948687733370583,0.57833005249343561,3.3078590178704959));
#9775=IFCCARTESIANPOINT((0.30613312007869298,0.55208333333333071,3.3333333333333424));
#9776=IFCCARTESIANPOINT((0.30948687733370583,0.55208333333333071,3.3078590178704959));
#9777=IFCCARTESIANPOINT((0.31931959608416172,0.55208333333333071,3.2841207349081456));
#9778=IFCCARTESIANPOINT((0.33496119279655256,0.55208333333333071,3.2637362092008084));
#9779=IFCCARTESIANPOINT((0.35534571850388996,0.55208333333333071,3.2480946124884178));
#9780=IFCCARTESIANPOINT((0.37908400146624022,0.55208333333333071,3.2382618937379619));
#9781=IFCCARTESIANPOINT((0.40455831692908673,0.55208333333333071,3.2349081364829493));
#9782=IFCCARTESIANPOINT((0.43003263239193323,0.55208333333333071,3.2382618937379619));
#9783=IFCCARTESIANPOINT((0.45377091535428349,0.55208333333333071,3.2480946124884178));
#9784=IFCCARTESIANPOINT((0.47415544106162089,0.55208333333333071,3.2637362092008089));
#9785=IFCCARTESIANPOINT((0.48979703777401173,0.55208333333333071,3.284120734908146));
#9786=IFCCARTESIANPOINT((0.49962975652446739,0.55208333333333071,3.3078590178704963));
#9787=IFCCARTESIANPOINT((0.50298351377948025,0.55208333333333071,3.3333333333333433));
#9788=IFCCARTESIANPOINT((0.49962975652446717,0.55208333333333071,3.3588076487961898));
#9789=IFCCARTESIANPOINT((0.48979703777401129,0.55208333333333071,3.38254593175854));
#9790=IFCCARTESIANPOINT((0.47415544106162044,0.55208333333333071,3.4029304574658772));
#9791=IFCCARTESIANPOINT((0.45377091535428304,0.55208333333333071,3.4185720541782683));
#9792=IFCCARTESIANPOINT((0.43003263239193279,0.55208333333333071,3.4284047729287237));
#9793=IFCCARTESIANPOINT((0.40455831692908628,0.55208333333333071,3.4317585301837363));
#9794=IFCCARTESIANPOINT((0.37908400146623977,0.55208333333333071,3.4284047729287233));
#9795=IFCCARTESIANPOINT((0.35534571850388952,0.55208333333333071,3.4185720541782678));
#9796=IFCCARTESIANPOINT((0.33496119279655212,0.55208333333333071,3.4029304574658767));
#9797=IFCCARTESIANPOINT((0.31931959608416127,0.55208333333333071,3.3825459317585391));
#9798=IFCCARTESIANPOINT((0.30948687733370583,0.55208333333333071,3.3588076487961889));
#9799=IFCPOLYLOOP((#9758,#9759,#9760,#9761,#9762,#9763,#9764,#9765,#9766,#9767,#9768,#9769,#9770,#9771,#9772,#9773,#9774,#9751,#9752,#9753,#9754,#9755,#9756,#9757));
#9800=IFCFACEOUTERBOUND(#9799,.T.);
#9801=IFCFACE((#9800));
#9802=IFCPOLYLOOP((#9782,#9783,#9784,#9785,#9786,#9787,#9788,#9789,#9790,#9791,#9792,#9793,#9794,#9795,#9796,#9797,#9798,#9775,#9776,#9777,#9778,#9779,#9780,#9781));
#9803=IFCFACEOUTERBOUND(#9802,.T.);
#9804=IFCFACE((#9803));
#9805=IFCPOLYLOOP((#9798,#9752,#9751,#9775));
#9806=IFCFACEOUTERBOUND(#9805,.T.);
#9807=IFCFACE((#9806));
#9808=IFCPOLYLOOP((#9797,#9753,#9752,#9798));
#9809=IFCFACEOUTERBOUND(#9808,.T.);
#9810=IFCFACE((#9809));
#9811=IFCPOLYLOOP((#9755,#9754,#9796,#9795));
#9812=IFCFACEOUTERBOUND(#9811,.T.);
#9813=IFCFACE((#9812));
#9814=IFCPOLYLOOP((#9797,#9796,#9754,#9753));
#9815=IFCFACEOUTERBOUND(#9814,.T.);
#9816=IFCFACE((#9815));
#9817=IFCPOLYLOOP((#9756,#9755,#9795,#9794));
#9818=IFCFACEOUTERBOUND(#9817,.T.);
#9819=IFCFACE((#9818));
#9820=IFCPOLYLOOP((#9757,#9756,#9794,#9793));
#9821=IFCFACEOUTERBOUND(#9820,.T.);
#9822=IFCFACE((#9821));
#9823=IFCPOLYLOOP((#9792,#9758,#9757,#9793));
#9824=IFCFACEOUTERBOUND(#9823,.T.);
#9825=IFCFACE((#9824));
#9826=IFCPOLYLOOP((#9791,#9759,#9758,#9792));
#9827=IFCFACEOUTERBOUND(#9826,.T.);
#9828=IFCFACE((#9827));
#9829=IFCPOLYLOOP((#9761,#9760,#9790,#9789));
#9830=IFCFACEOUTERBOUND(#9829,.T.);
#9831=IFCFACE((#9830));
#9832=IFCPOLYLOOP((#9791,#9790,#9760,#9759));
#9833=IFCFACEOUTERBOUND(#9832,.T.);
#9834=IFCFACE((#9833));
#9835=IFCPOLYLOOP((#9762,#9761,#9789,#9788));
#9836=IFCFACEOUTERBOUND(#9835,.T.);
#9837=IFCFACE((#9836));
#9838=IFCPOLYLOOP((#9763,#9762,#9788,#9787));
#9839=IFCFACEOUTERBOUND(#9838,.T.);
#9840=IFCFACE((#9839));
#9841=IFCPOLYLOOP((#9786,#9764,#9763,#9787));
#9842=IFCFACEOUTERBOUND(#9841,.T.);
#9843=IFCFACE((#9842));
#9844=IFCPOLYLOOP((#9785,#9765,#9764,#9786));
#9845=IFCFACEOUTERBOUND(#9844,.T.);
#9846=IFCFACE((#9845));
#9847=IFCPOLYLOOP((#9767,#9766,#9784,#9783));
#9848=IFCFACEOUTERBOUND(#9847,.T.);
#9849=IFCFACE((#9848));
#9850=IFCPOLYLOOP((#9785,#9784,#9766,#9765));
#9851=IFCFACEOUTERBOUND(#9850,.T.);
#9852=IFCFACE((#9851));
#9853=IFCPOLYLOOP((#9768,#9767,#9783,#9782));
#9854=IFCFACEOUTERBOUND(#9853,.T.);
#9855=IFCFACE((#9854));
#9856=IFCPOLYLOOP((#9769,#9768,#9782,#9781));
#9857=IFCFACEOUTERBOUND(#9856,.T.);
#9858=IFCFACE((#9857));
#9859=IFCPOLYLOOP((#9780,#9770,#9769,#9781));
#9860=IFCFACEOUTERBOUND(#9859,.T.);
#9861=IFCFACE((#9860));
#9862=IFCPOLYLOOP((#9779,#9771,#9770,#9780));
#9863=IFCFACEOUTERBOUND(#9862,.T.);
#9864=IFCFACE((#9863));
#9865=IFCPOLYLOOP((#9773,#9772,#9778,#9777));
#9866=IFCFACEOUTERBOUND(#9865,.T.);
#9867=IFCFACE((#9866));
#9868=IFCPOLYLOOP((#9779,#9778,#9772,#9771));
#9869=IFCFACEOUTERBOUND(#9868,.T.);
#9870=IFCFACE((#9869));
#9871=IFCPOLYLOOP((#9774,#9773,#9777,#9776));
#9872=IFCFACEOUTERBOUND(#9871,.T.);
#9873=IFCFACE((#9872));
#9874=IFCPOLYLOOP((#9751,#9774,#9776,#9775));
#9875=IFCFACEOUTERBOUND(#9874,.T.);
#9876=IFCFACE((#9875));
#9877=IFCCARTESIANPOINT((3.1666666666666612,0.39062500000000427,0.));
#9878=IFCCARTESIANPOINT((3.1666666666666612,0.55208333333333792,0.));
#9879=IFCCARTESIANPOINT((3.3333333333333295,0.55208333333333792,0.));
#9880=IFCCARTESIANPOINT((3.3333333333333295,0.07291666666667046,0.));
#9881=IFCCARTESIANPOINT((3.1666666666666616,0.07291666666667046,0.));
#9882=IFCCARTESIANPOINT((3.1666666666666616,0.23437500000000339,0.));
#9883=IFCCARTESIANPOINT((3.1145833333333277,0.23437500000000339,0.));
#9884=IFCCARTESIANPOINT((3.1145833333333277,0.39062500000000427,0.));
#9885=IFCPOLYLOOP((#9877,#9878,#9879,#9880,#9881,#9882,#9883,#9884));
#9886=IFCFACEOUTERBOUND(#9885,.T.);
#9887=IFCFACE((#9886));
#9888=IFCCARTESIANPOINT((3.1666666666666607,0.39062500000000422,7.));
#9889=IFCCARTESIANPOINT((3.1666666666666607,0.55208333333333792,7.));
#9890=IFCPOLYLOOP((#9878,#9877,#9888,#9889));
#9891=IFCFACEOUTERBOUND(#9890,.T.);
#9892=IFCFACE((#9891));
#9893=IFCCARTESIANPOINT((0.16666666666667163,0.55208333333333792,7.));
#9894=IFCCARTESIANPOINT((0.1666666666666714,0.55208333333333792,0.));
#9895=IFCCARTESIANPOINT((0.,0.55208333333333792,0.));
#9896=IFCCARTESIANPOINT((0.,0.55208333333333792,7.3333333333333339));
#9897=IFCCARTESIANPOINT((3.3333333333333295,0.55208333333333792,7.3333333333333339));
#9898=IFCPOLYLOOP((#9879,#9878,#9889,#9893,#9894,#9895,#9896,#9897));
#9899=IFCFACEOUTERBOUND(#9898,.T.);
#9900=IFCFACE((#9899));
#9901=IFCCARTESIANPOINT((3.3333333333333295,0.072916666666666075,7.3333333333333339));
#9902=IFCPOLYLOOP((#9880,#9879,#9897,#9901));
#9903=IFCFACEOUTERBOUND(#9902,.T.);
#9904=IFCFACE((#9903));
#9905=IFCCARTESIANPOINT((0.,0.072916666666670515,7.3333333333333339));
#9906=IFCCARTESIANPOINT((0.,0.07291666666667046,0.));
#9907=IFCCARTESIANPOINT((0.16666666666667118,0.07291666666667046,0.));
#9908=IFCCARTESIANPOINT((0.1666666666666714,0.072916666666670515,7.));
#9909=IFCCARTESIANPOINT((3.1666666666666625,0.072916666666670515,7.));
#9910=IFCPOLYLOOP((#9881,#9880,#9901,#9905,#9906,#9907,#9908,#9909));
#9911=IFCFACEOUTERBOUND(#9910,.T.);
#9912=IFCFACE((#9911));
#9913=IFCCARTESIANPOINT((3.1666666666666625,0.23437500000000333,7.));
#9914=IFCPOLYLOOP((#9882,#9881,#9909,#9913));
#9915=IFCFACEOUTERBOUND(#9914,.T.);
#9916=IFCFACE((#9915));
#9917=IFCCARTESIANPOINT((0.16666666666667163,0.23437500000000333,7.));
#9918=IFCCARTESIANPOINT((0.16666666666667163,0.23437500000000339,0.));
#9919=IFCCARTESIANPOINT((0.21875000000000555,0.23437500000000339,0.));
#9920=IFCCARTESIANPOINT((0.21875000000000555,0.23437500000000333,6.9479166666666856));
#9921=IFCCARTESIANPOINT((3.1145833333333277,0.23437500000000333,6.9479166666666856));
#9922=IFCPOLYLOOP((#9883,#9882,#9913,#9917,#9918,#9919,#9920,#9921));
#9923=IFCFACEOUTERBOUND(#9922,.T.);
#9924=IFCFACE((#9923));
#9925=IFCCARTESIANPOINT((3.1145833333333277,0.39062500000000422,6.9479166666666856));
#9926=IFCPOLYLOOP((#9884,#9883,#9921,#9925));
#9927=IFCFACEOUTERBOUND(#9926,.T.);
#9928=IFCFACE((#9927));
#9929=IFCCARTESIANPOINT((0.21875000000000466,0.39062500000000422,6.9479166666666865));
#9930=IFCCARTESIANPOINT((0.21875000000000466,0.39062500000000427,0.));
#9931=IFCCARTESIANPOINT((0.16666666666667163,0.39062500000000427,0.));
#9932=IFCCARTESIANPOINT((0.16666666666667163,0.39062500000000422,7.));
#9933=IFCPOLYLOOP((#9877,#9884,#9925,#9929,#9930,#9931,#9932,#9888));
#9934=IFCFACEOUTERBOUND(#9933,.T.);
#9935=IFCFACE((#9934));
#9936=IFCPOLYLOOP((#9889,#9888,#9932,#9893));
#9937=IFCFACEOUTERBOUND(#9936,.T.);
#9938=IFCFACE((#9937));
#9939=IFCPOLYLOOP((#9909,#9908,#9917,#9913));
#9940=IFCFACEOUTERBOUND(#9939,.T.);
#9941=IFCFACE((#9940));
#9942=IFCPOLYLOOP((#9921,#9920,#9929,#9925));
#9943=IFCFACEOUTERBOUND(#9942,.T.);
#9944=IFCFACE((#9943));
#9945=IFCPOLYLOOP((#9895,#9894,#9931,#9930,#9919,#9918,#9907,#9906));
#9946=IFCFACEOUTERBOUND(#9945,.T.);
#9947=IFCFACE((#9946));
#9948=IFCPOLYLOOP((#9894,#9893,#9932,#9931));
#9949=IFCFACEOUTERBOUND(#9948,.T.);
#9950=IFCFACE((#9949));
#9951=IFCPOLYLOOP((#9896,#9895,#9906,#9905));
#9952=IFCFACEOUTERBOUND(#9951,.T.);
#9953=IFCFACE((#9952));
#9954=IFCPOLYLOOP((#9908,#9907,#9918,#9917));
#9955=IFCFACEOUTERBOUND(#9954,.T.);
#9956=IFCFACE((#9955));
#9957=IFCPOLYLOOP((#9920,#9919,#9930,#9929));
#9958=IFCFACEOUTERBOUND(#9957,.T.);
#9959=IFCFACE((#9958));
#9960=IFCPOLYLOOP((#9901,#9897,#9896,#9905));
#9961=IFCFACEOUTERBOUND(#9960,.T.);
#9962=IFCFACE((#9961));
#9963=IFCCARTESIANPOINT((0.16666666666666563,0.40624999999999578,7.));
#9964=IFCCARTESIANPOINT((0.16666666666666563,0.40624999999999578,-0.));
#9965=IFCCARTESIANPOINT((3.1666666666666652,0.40624999999999578,-0.));
#9966=IFCCARTESIANPOINT((3.1666666666666652,0.40624999999999578,7.));
#9967=IFCCARTESIANPOINT((0.66666666666667185,0.40624999999999578,6.5));
#9968=IFCCARTESIANPOINT((1.0833333333333419,0.40624999999999578,6.5));
#9969=IFCCARTESIANPOINT((1.0833333333333419,0.40624999999999578,4.4166666666666643));
#9970=IFCCARTESIANPOINT((0.66666666666667185,0.40624999999999578,4.4166666666666643));
#9971=IFCPOLYLOOP((#9963,#9964,#9965,#9966));
#9972=IFCFACEOUTERBOUND(#9971,.T.);
#9973=IFCPOLYLOOP((#9967,#9968,#9969,#9970));
#9974=IFCFACEBOUND(#9973,.T.);
#9975=IFCFACE((#9972,#9974));
#9976=IFCCARTESIANPOINT((0.16666666666666563,0.55208333333332826,7.));
#9977=IFCCARTESIANPOINT((3.1666666666666652,0.55208333333332826,7.));
#9978=IFCCARTESIANPOINT((3.1666666666666652,0.55208333333332826,-0.));
#9979=IFCCARTESIANPOINT((0.16666666666666563,0.55208333333332826,-0.));
#9980=IFCCARTESIANPOINT((0.66666666666667185,0.55208333333332826,6.5));
#9981=IFCCARTESIANPOINT((0.66666666666667185,0.55208333333332826,4.4166666666666643));
#9982=IFCCARTESIANPOINT((1.0833333333333419,0.55208333333332826,4.4166666666666643));
#9983=IFCCARTESIANPOINT((1.0833333333333419,0.55208333333332826,6.5));
#9984=IFCPOLYLOOP((#9976,#9977,#9978,#9979));
#9985=IFCFACEOUTERBOUND(#9984,.T.);
#9986=IFCPOLYLOOP((#9980,#9981,#9982,#9983));
#9987=IFCFACEBOUND(#9986,.T.);
#9988=IFCFACE((#9985,#9987));
#9989=IFCPOLYLOOP((#9964,#9963,#9976,#9979));
#9990=IFCFACEOUTERBOUND(#9989,.T.);
#9991=IFCFACE((#9990));
#9992=IFCPOLYLOOP((#9965,#9964,#9979,#9978));
#9993=IFCFACEOUTERBOUND(#9992,.T.);
#9994=IFCFACE((#9993));
#9995=IFCPOLYLOOP((#9966,#9965,#9978,#9977));
#9996=IFCFACEOUTERBOUND(#9995,.T.);
#9997=IFCFACE((#9996));
#9998=IFCPOLYLOOP((#9963,#9966,#9977,#9976));
#9999=IFCFACEOUTERBOUND(#9998,.T.);
#10000=IFCFACE((#9999));
#10001=IFCPOLYLOOP((#9968,#9967,#9980,#9983));
#10002=IFCFACEOUTERBOUND(#10001,.T.);
#10003=IFCFACE((#10002));
#10004=IFCPOLYLOOP((#9969,#9968,#9983,#9982));
#10005=IFCFACEOUTERBOUND(#10004,.T.);
#10006=IFCFACE((#10005));
#10007=IFCPOLYLOOP((#9970,#9969,#9982,#9981));
#10008=IFCFACEOUTERBOUND(#10007,.T.);
#10009=IFCFACE((#10008));
#10010=IFCPOLYLOOP((#9967,#9970,#9981,#9980));
#10011=IFCFACEOUTERBOUND(#10010,.T.);
#10012=IFCFACE((#10011));
#10013=IFCCARTESIANPOINT((0.6666666666666714,0.46875000000004585,6.5));
#10014=IFCCARTESIANPOINT((0.6666666666666714,0.46875000000004585,4.4166666666666643));
#10015=IFCCARTESIANPOINT((1.0833333333333408,0.46875000000004452,4.4166666666666643));
#10016=IFCCARTESIANPOINT((1.0833333333333408,0.46875000000004452,6.5));
#10017=IFCPOLYLOOP((#10013,#10014,#10015,#10016));
#10018=IFCFACEOUTERBOUND(#10017,.T.);
#10019=IFCFACE((#10018));
#10020=IFCCARTESIANPOINT((0.6666666666666714,0.48958333333337917,6.5));
#10021=IFCCARTESIANPOINT((1.083333333333341,0.48958333333337783,6.5));
#10022=IFCCARTESIANPOINT((1.083333333333341,0.48958333333337783,4.4166666666666643));
#10023=IFCCARTESIANPOINT((0.6666666666666714,0.48958333333337917,4.4166666666666643));
#10024=IFCPOLYLOOP((#10020,#10021,#10022,#10023));
#10025=IFCFACEOUTERBOUND(#10024,.T.);
#10026=IFCFACE((#10025));
#10027=IFCPOLYLOOP((#10014,#10013,#10020,#10023));
#10028=IFCFACEOUTERBOUND(#10027,.T.);
#10029=IFCFACE((#10028));
#10030=IFCPOLYLOOP((#10015,#10014,#10023,#10022));
#10031=IFCFACEOUTERBOUND(#10030,.T.);
#10032=IFCFACE((#10031));
#10033=IFCPOLYLOOP((#10016,#10015,#10022,#10021));
#10034=IFCFACEOUTERBOUND(#10033,.T.);
#10035=IFCFACE((#10034));
#10036=IFCPOLYLOOP((#10013,#10016,#10021,#10020));
#10037=IFCFACEOUTERBOUND(#10036,.T.);
#10038=IFCFACE((#10037));
#10039=IFCCARTESIANPOINT((0.66666666666667551,0.468749999999999,4.4166666666666661));
#10040=IFCCARTESIANPOINT((0.66666666666667496,0.406249999999999,4.4166666666666661));
#10041=IFCCARTESIANPOINT((0.66666666666667429,0.406249999999999,6.4999999999999973));
#10042=IFCCARTESIANPOINT((0.66666666666667473,0.468749999999999,6.4999999999999964));
#10043=IFCCARTESIANPOINT((0.70603674540683259,0.40296916010498546,4.4560367454068235));
#10044=IFCCARTESIANPOINT((0.70603674540683325,0.46874999999999856,4.4560367454068244));
#10045=IFCCARTESIANPOINT((0.70603674540683325,0.46874999999999856,6.460629921259839));
#10046=IFCCARTESIANPOINT((0.70603674540683259,0.40296916010498568,6.4606299212598399));
#10047=IFCCARTESIANPOINT((0.68963254593176704,0.38656496062992002,4.439632545931758));
#10048=IFCCARTESIANPOINT((0.70123206662052262,0.39136963941622993,4.4512320666205136));
#10049=IFCCARTESIANPOINT((0.70123206662052262,0.39136963941622999,6.4654346000461498));
#10050=IFCCARTESIANPOINT((0.68963254593176648,0.38656496062992007,6.4770341207349063));
#10051=IFCCARTESIANPOINT((0.68963254593176671,0.38656496062992007,5.4642636132556319));
#10052=IFCCARTESIANPOINT((0.68963254593176693,0.38656496062992007,4.9519481042028097));
#10053=IFCCARTESIANPOINT((0.68963254593176659,0.38656496062992007,5.9647186116820841));
#10054=IFCCARTESIANPOINT((0.70603674540683259,0.40296916010498562,5.458333339253743));
#10055=IFCCARTESIANPOINT((0.70603674540683259,0.40296916010498562,4.9571850423302841));
#10056=IFCCARTESIANPOINT((0.70603674540683259,0.40296916010498568,5.9594816243363802));
#10057=IFCCARTESIANPOINT((0.68963254593176659,0.38656496062992007,6.2208763662084952));
#10058=IFCCARTESIANPOINT((0.70603674540683259,0.40296916010498568,6.2100557668776988));
#10059=IFCCARTESIANPOINT((0.70603674540683259,0.40296916010498568,6.3325510444676834));
#10060=IFCCARTESIANPOINT((0.68963254593176693,0.38656496062992002,4.6957903496763995));
#10061=IFCCARTESIANPOINT((0.70603674540683259,0.40296916010498562,4.7066108879481421));
#10062=IFCCARTESIANPOINT((0.70603674540683259,0.40296916010498562,4.8318979710596235));
#10063=IFCCARTESIANPOINT((0.68963254593176704,0.38656496062992002,4.5677114231949636));
#10064=IFCCARTESIANPOINT((0.70603674540683259,0.40296916010498562,5.2077591967124253));
#10065=IFCCARTESIANPOINT((0.68963254593176682,0.38656496062992007,5.2081058587292217));
#10066=IFCCARTESIANPOINT((0.68963254593176693,0.38656496062992007,5.0800269814660162));
#10067=IFCCARTESIANPOINT((0.68963254593176671,0.38656496062992007,5.714491112468858));
#10068=IFCCARTESIANPOINT((0.70603674540683259,0.40296916010498562,5.7089074817950616));
#10069=IFCCARTESIANPOINT((0.70603674540683259,0.40296916010498562,5.8341945530657213));
#10070=IFCCARTESIANPOINT((0.68963254593176648,0.38656496062992007,6.3489552434717007));
#10071=IFCCARTESIANPOINT((0.70603674540683259,0.40296916010498562,4.5813238166774832));
#10072=IFCCARTESIANPOINT((0.68963254593176693,0.38656496062992002,4.8238692269396051));
#10073=IFCCARTESIANPOINT((0.68963254593176671,0.38656496062992007,5.8396048866845867));
#10074=IFCCARTESIANPOINT((0.7010552310568412,0.39119545954181734,5.7770479795547667));
#10075=IFCCARTESIANPOINT((0.70134958583869367,0.3914883615161579,5.8771804653646154));
#10076=IFCCARTESIANPOINT((0.70113576800094757,0.39127413370720193,5.6800107582576533));
#10077=IFCCARTESIANPOINT((0.70603674540683259,0.40296916010498562,5.5836204105244027));
#10078=IFCCARTESIANPOINT((0.68963254593176671,0.38656496062992007,5.5893773382531302));
#10079=IFCCARTESIANPOINT((0.70155488490833895,0.39170170281660621,6.2713034095269569));
#10080=IFCCARTESIANPOINT((0.68963254593176659,0.38656496062992007,6.0927974889452896));
#10081=IFCCARTESIANPOINT((0.70095115019518828,0.39109536720019727,6.1681306588365388));
#10082=IFCCARTESIANPOINT((0.70603674540683259,0.40296916010498568,6.0847686956070399));
#10083=IFCCARTESIANPOINT((0.70146351099292592,0.39160579677631491,6.3670500901071261));
#10084=IFCCARTESIANPOINT((0.70140119253005651,0.39154126801316441,4.8945415186403238));
#10085=IFCCARTESIANPOINT((0.70111799586098711,0.39125667956749399,4.9945579365639388));
#10086=IFCCARTESIANPOINT((0.70603674540683259,0.40296916010498562,5.082472113600943));
#10087=IFCCARTESIANPOINT((0.70122025776286534,0.3913578425683249,5.1451156632028807));
#10088=IFCCARTESIANPOINT((0.70136120008228586,0.39150022675287055,4.7980420375547883));
#10089=IFCCARTESIANPOINT((0.70123873179634177,0.39137630842411408,5.2434167610616305));
#10090=IFCCARTESIANPOINT((0.68963254593176671,0.38656496062992007,5.3361847359924273));
#10091=IFCCARTESIANPOINT((0.70603674540683259,0.40296916010498562,5.3330462679830841));
#10092=IFCCARTESIANPOINT((0.70133549377768389,0.39147399711642872,5.3956898076894841));
#10093=IFCCARTESIANPOINT((0.70133229045568479,0.391470736800341,5.4926151803553536));
#10094=IFCCARTESIANPOINT((0.70140119265663792,0.39154126814352025,6.0221251688865118));
#10095=IFCCARTESIANPOINT((0.70156283474483561,0.39171012065863364,4.6439673728684854));
#10096=IFCCARTESIANPOINT((0.70142321119106266,0.39156398701726003,4.54839278112249));
#10097=IFCCARTESIANPOINT((0.70123762525749089,0.39137520071824483,5.5882807395152021));
#10098=IFCCARTESIANPOINT((0.64041994750656994,0.39312664041994666,4.3904199475065608));
#10099=IFCCARTESIANPOINT((0.64234181902109388,0.38848683214444457,4.3923418190210848));
#10100=IFCCARTESIANPOINT((0.64698162729659625,0.38656496062992041,4.3969816272965874));
#10101=IFCCARTESIANPOINT((0.64698162729659625,0.38656496062992052,6.519685039370076));
#10102=IFCCARTESIANPOINT((0.64234181902109388,0.38848683214444463,6.5243248476455786));
#10103=IFCCARTESIANPOINT((0.64041994750656994,0.39312664041994672,6.5262467191601026));
#10104=IFCCARTESIANPOINT((0.64041994750656994,0.39312664041994672,5.458333326868976));
#10105=IFCCARTESIANPOINT((0.64041994750656994,0.39312664041994672,4.9243766307234118));
#10106=IFCCARTESIANPOINT((0.64041994750656994,0.39312664041994672,5.9922900230145393));
#10107=IFCCARTESIANPOINT((0.64698162729659625,0.38656496062992046,5.4583333333333321));
#10108=IFCCARTESIANPOINT((0.64698162729659625,0.38656496062992046,4.9276574862295472));
#10109=IFCCARTESIANPOINT((0.64698162729659625,0.38656496062992052,5.9890091804371162));
#10110=IFCCARTESIANPOINT((0.64698162729659625,0.38656496062992052,6.2543471039890086));
#10111=IFCCARTESIANPOINT((0.64041994750656994,0.39312664041994672,6.2592683710873205));
#10112=IFCCARTESIANPOINT((0.64041994750656994,0.39312664041994672,6.1257791970509299));
#10113=IFCCARTESIANPOINT((0.64698162729659625,0.38656496062992052,6.1216781422130619));
#10114=IFCCARTESIANPOINT((0.64698162729659625,0.38656496062992041,4.6623195626776548));
#10115=IFCCARTESIANPOINT((0.64041994750656994,0.39312664041994666,4.6573982826506306));
#10116=IFCCARTESIANPOINT((0.64041994750656994,0.39312664041994666,4.5524283352354562));
#10117=IFCCARTESIANPOINT((0.64698162729659625,0.38656496062992041,4.529650600901709));
#10118=IFCCARTESIANPOINT((0.64698162729659625,0.38656496062992046,5.7236712568852237));
#10119=IFCCARTESIANPOINT((0.64041994750656994,0.39312664041994672,5.7253116749417572));
#10120=IFCCARTESIANPOINT((0.64041994750656994,0.39312664041994672,5.5918225009053666));
#10121=IFCCARTESIANPOINT((0.64698162729659625,0.38656496062992046,5.5910022951092779));
#10122=IFCCARTESIANPOINT((0.64698162729659625,0.38656496062992046,5.1929954097814397));
#10123=IFCCARTESIANPOINT((0.64041994750656994,0.39312664041994666,5.1913549787961939));
#10124=IFCCARTESIANPOINT((0.64041994750656994,0.39312664041994672,5.0578658047598033));
#10125=IFCCARTESIANPOINT((0.64698162729659625,0.38656496062992046,5.060326448005493));
#10126=IFCCARTESIANPOINT((0.64698162729659625,0.38656496062992052,6.3870160657649535));
#10127=IFCCARTESIANPOINT((0.64041994750656994,0.39312664041994672,6.3927575451237111));
#10128=IFCCARTESIANPOINT((0.64041994750656994,0.39312664041994672,6.3260129516411601));
#10129=IFCCARTESIANPOINT((0.64041994750656994,0.39312664041994666,4.4714241349066519));
#10130=IFCCARTESIANPOINT((0.64698162729659625,0.38656496062992041,4.4633161081845607));
#10131=IFCCARTESIANPOINT((0.64041994750656994,0.39312664041994672,6.4452425188312992));
#10132=IFCCARTESIANPOINT((0.64698162729659625,0.38656496062992052,6.4533505584821027));
#10133=IFCCARTESIANPOINT((0.64698162729659625,0.38656496062992046,4.7949885244536015));
#10134=IFCCARTESIANPOINT((0.64041994750656994,0.39312664041994666,4.7908874566870212));
#10135=IFCCARTESIANPOINT((0.64041994750656994,0.39312664041994666,4.7241428632044702));
#10136=IFCCARTESIANPOINT((0.64698162729659625,0.38656496062992046,5.8563402186611695));
#10137=IFCCARTESIANPOINT((0.64041994750656994,0.39312664041994672,5.8588008489781478));
#10138=IFCCARTESIANPOINT((0.64041994750656994,0.39312664041994672,5.7920562554955968));
#10139=IFCCARTESIANPOINT((0.64041994750656994,0.39312664041994672,5.3248441528325845));
#10140=IFCCARTESIANPOINT((0.64698162729659625,0.38656496062992046,5.3256643715573855));
#10141=IFCCARTESIANPOINT((0.64698162729659625,0.38656496062992046,5.3919988524453579));
#10142=IFCCARTESIANPOINT((0.64041994750656994,0.39312664041994666,4.430922047670963));
#10143=IFCCARTESIANPOINT((0.64041994750656994,0.39312664041994672,6.4857446189957004));
#10144=IFCCARTESIANPOINT((0.64698162729659625,0.38656496062992041,4.4374837197101353));
#10145=IFCCARTESIANPOINT((0.64220006281381981,0.38863305802236137,4.4503999183596417));
#10146=IFCCARTESIANPOINT((0.64698162729659625,0.38656496062992041,4.4964833545431349));
#10147=IFCCARTESIANPOINT((0.64041994750656994,0.39312664041994666,4.5119262350710541));
#10148=IFCCARTESIANPOINT((0.64253092423998992,0.38830513816766532,4.5130669735304965));
#10149=IFCCARTESIANPOINT((0.64698162729659625,0.38656496062992052,6.4791829469565281));
#10150=IFCCARTESIANPOINT((0.64220006267770779,0.38863305816719634,6.4662667498331912));
#10151=IFCCARTESIANPOINT((0.64260963911930125,0.38823364940785277,6.4194327148761872));
#10152=IFCCARTESIANPOINT((0.64698162729659625,0.38656496062992046,4.5959850817896823));
#10153=IFCCARTESIANPOINT((0.64274539428196964,0.38811565533589132,4.5536047588777988));
#10154=IFCCARTESIANPOINT((0.64041994750656994,0.39312664041994666,4.6049133089430434));
#10155=IFCCARTESIANPOINT((0.64041994750656994,0.39312664041994672,5.6585670943879176));
#10156=IFCCARTESIANPOINT((0.64698162729659625,0.38656496062992046,5.6573367759972504));
#10157=IFCCARTESIANPOINT((0.64698162729659625,0.38656496062992046,5.5246678142213046));
#10158=IFCCARTESIANPOINT((0.64041994750657016,0.39312664041994666,5.5250779074228147));
#10159=IFCCARTESIANPOINT((0.64041994750656994,0.39312664041994666,5.2580995593500326));
#10160=IFCCARTESIANPOINT((0.64698162729659625,0.38656496062992046,5.259329890669413));
#10161=IFCCARTESIANPOINT((0.64698162729659625,0.38656496062992052,6.0553436613250886));
#10162=IFCCARTESIANPOINT((0.64041994750656994,0.39312664041994672,6.0590346035683789));
#10163=IFCCARTESIANPOINT((0.64041994750656994,0.39312664041994672,4.9911212112772514));
#10164=IFCCARTESIANPOINT((0.64698162729659625,0.38656496062992046,4.9939919671175206));
#10165=IFCCARTESIANPOINT((0.64698162729659625,0.38656496062992046,5.1266609288934664));
#10166=IFCCARTESIANPOINT((0.64041994750656994,0.39312664041994666,5.1246103982423552));
#10167=IFCCARTESIANPOINT((0.64698162729659625,0.38656496062992046,4.8613230053415748));
#10168=IFCCARTESIANPOINT((0.64041994750656994,0.39312664041994672,4.8576320501695722));
#10169=IFCCARTESIANPOINT((0.64041994750656994,0.39312664041994672,5.9255454424606997));
#10170=IFCCARTESIANPOINT((0.64698162729659625,0.38656496062992052,5.9226746995491428));
#10171=IFCCARTESIANPOINT((0.64698162729659625,0.38656496062992052,6.1880126231010353));
#10172=IFCCARTESIANPOINT((0.64041994750656994,0.39312664041994672,6.1925237905334818));
#10173=IFCCARTESIANPOINT((0.64253712049688949,0.38829942580132876,4.6311558134348925));
#10174=IFCCARTESIANPOINT((0.64698162729659625,0.38656496062992041,4.5628178354311082));
#10175=IFCCARTESIANPOINT((0.64228172059116062,0.38854771929952536,4.6689305444897542));
#10176=IFCCARTESIANPOINT((0.64698162729659625,0.38656496062992046,4.7286540435656281));
#10177=IFCCARTESIANPOINT((0.64698162729659625,0.38656496062992041,4.695486797207054));
#10178=IFCCARTESIANPOINT((0.64243022538792283,0.38840007905542773,4.7120704228589609));
#10179=IFCCARTESIANPOINT((0.6423749722844676,0.38845391409947072,4.7601625099523481));
#10180=IFCCARTESIANPOINT((0.64041994750656994,0.39312664041994666,4.6907705729275495));
#10181=IFCCARTESIANPOINT((0.64226083022925118,0.38856925995351804,4.5936950964864165));
#10182=IFCCARTESIANPOINT((0.64228038307315249,0.38854909255909637,6.3819369180974217));
#10183=IFCCARTESIANPOINT((0.64698162729659625,0.38656496062992052,6.3206815848769811));
#10184=IFCCARTESIANPOINT((0.64698162729659625,0.38656496062992052,6.3538488312355561));
#10185=IFCCARTESIANPOINT((0.64244344735463321,0.38838738262138756,6.3372652159943135));
#10186=IFCCARTESIANPOINT((0.64238695909319588,0.38844212702285835,6.2894351572298168));
#10187=IFCCARTESIANPOINT((0.64041994750656994,0.39312664041994666,6.359385241918079));
#10188=IFCCARTESIANPOINT((0.64698162729659625,0.38656496062992052,5.7900057377731962));
#10189=IFCCARTESIANPOINT((0.6424319813460575,0.38839838879893651,5.8231729861163455));
#10190=IFCCARTESIANPOINT((0.64041994750656994,0.39312664041994672,5.3915887463151364));
#10191=IFCCARTESIANPOINT((0.64698162729659625,0.38656496062992052,6.4201833121235286));
#10192=IFCCARTESIANPOINT((0.6422700275590969,0.38855975202844495,5.6919393913242429));
#10193=IFCCARTESIANPOINT((0.64228753079545431,0.38854176313644118,5.625194805098916));
#10194=IFCCARTESIANPOINT((0.64234181881911212,0.38848683234642623,5.4915005797101424));
#10195=IFCCARTESIANPOINT((0.64236017243807608,0.38846855104151068,5.557835060995906));
#10196=IFCCARTESIANPOINT((0.64227002754032192,0.38855975204781479,5.2247272876738551));
#10197=IFCCARTESIANPOINT((0.6423783683170845,0.38845056851776383,5.2924971358217823));
#10198=IFCCARTESIANPOINT((0.64248407317496348,0.38834881156262852,6.0221764299429958));
#10199=IFCCARTESIANPOINT((0.6425010865264813,0.38833285318288913,6.0885109112170248));
#10200=IFCCARTESIANPOINT((0.64220291458301659,0.3886300254188696,4.9577489424793315));
#10201=IFCCARTESIANPOINT((0.64244951781699267,0.38838157716096616,5.02715921048258));
#10202=IFCCARTESIANPOINT((0.64241427559074871,0.3884154898108142,5.1598281731878446));
#10203=IFCCARTESIANPOINT((0.64223589578950624,0.38859523069123619,5.0912381151288191));
#10204=IFCCARTESIANPOINT((0.64248407305908883,0.38834881167170576,4.8944902476162344));
#10205=IFCCARTESIANPOINT((0.64217106518996592,0.38866411491468733,4.8242597695720804));
#10206=IFCCARTESIANPOINT((0.64220291463151624,0.38863002536732744,5.9589177362102479));
#10207=IFCCARTESIANPOINT((0.64221926259347462,0.38861271484443044,5.8921731499904846));
#10208=IFCCARTESIANPOINT((0.64251792026287458,0.38831717463007537,6.1548453924904889));
#10209=IFCCARTESIANPOINT((0.64253457186683582,0.3883017736164508,6.2211798737634725));
#10210=IFCCARTESIANPOINT((0.64698162729659625,0.38656496062992046,4.6291523281482565));
#10211=IFCCARTESIANPOINT((0.64041994750656994,0.39312664041994672,4.7575151534813891));
#10212=IFCCARTESIANPOINT((0.64698162729659625,0.38656496062992046,4.7618212899242032));
#10213=IFCCARTESIANPOINT((0.64041994750656994,0.39312664041994672,6.2926406613642403));
#10214=IFCCARTESIANPOINT((0.64698162729659625,0.38656496062992052,6.2875143385184069));
#10215=IFCCARTESIANPOINT((0.6422528166982604,0.38857757546196864,5.758683977547725));
#10216=IFCCARTESIANPOINT((0.64698162729659625,0.38656496062992046,5.8231729841317712));
#10217=IFCCARTESIANPOINT((0.64041994750656994,0.39312664041994672,5.8254285457725166));
#10218=IFCCARTESIANPOINT((0.64234181876913077,0.38848683239640758,5.4251660984199344));
#10219=IFCCARTESIANPOINT((0.64230532881598368,0.38852361161414295,5.3582164601698041));
#10220=IFCCARTESIANPOINT((0.64041994750656994,0.39312664041994672,5.6919393846648374));
#10221=IFCCARTESIANPOINT((0.64698162729659625,0.38656496062992046,5.6905040223558245));
#10222=IFCCARTESIANPOINT((0.64041994750656972,0.39312664041994672,5.6251948041109987));
#10223=IFCCARTESIANPOINT((0.64698162729659625,0.38656496062992046,5.6241695296386762));
#10224=IFCCARTESIANPOINT((0.64266093242684486,0.38818829682018136,5.6585771286889655));
#10225=IFCCARTESIANPOINT((0.64698162729659625,0.38656496062992046,5.4915005678627304));
#10226=IFCCARTESIANPOINT((0.64041994750656994,0.39312664041994672,5.4917056171458949));
#10227=IFCCARTESIANPOINT((0.64698162729659625,0.38656496062992046,5.5578350605798796));
#10228=IFCCARTESIANPOINT((0.64263404620649167,0.38821195016197485,5.5915480272160201));
#10229=IFCCARTESIANPOINT((0.64041994750656972,0.39312664041994672,5.5584501976997345));
#10230=IFCCARTESIANPOINT((0.64202311621548103,0.38882910513500762,5.5246773250342258));
#10231=IFCCARTESIANPOINT((0.64041994750656994,0.39312664041994672,5.2247272690731137));
#10232=IFCCARTESIANPOINT((0.64698162729659625,0.38656496062992046,5.226162644310838));
#10233=IFCCARTESIANPOINT((0.64698162729659625,0.38656496062992046,5.2924971370279863));
#10234=IFCCARTESIANPOINT((0.64041994750656994,0.39312664041994672,5.2914718496269533));
#10235=IFCCARTESIANPOINT((0.64208219616443096,0.38876187052360528,5.2586527584071527));
#10236=IFCCARTESIANPOINT((0.64698162729659625,0.38656496062992052,6.0221764149665145));
#10237=IFCCARTESIANPOINT((0.64041994750656994,0.39312664041994666,6.0256623132914582));
#10238=IFCCARTESIANPOINT((0.64698162729659625,0.38656496062992052,6.0885109076836637));
#10239=IFCCARTESIANPOINT((0.64041994750656994,0.39312664041994672,6.0924068938452978));
#10240=IFCCARTESIANPOINT((0.64202091523015326,0.38883164595421282,6.055355795031943));
#10241=IFCCARTESIANPOINT((0.64041994750656994,0.39312664041994666,4.9577489210003316));
#10242=IFCCARTESIANPOINT((0.64698162729659625,0.38656496062992046,4.9608247207589464));
#10243=IFCCARTESIANPOINT((0.64698162729659625,0.38656496062992046,5.0271592134760947));
#10244=IFCCARTESIANPOINT((0.64041994750656994,0.39312664041994666,5.0244935015541712));
#10245=IFCCARTESIANPOINT((0.64215445556605522,0.38868208703960516,4.9925169406702157));
#10246=IFCCARTESIANPOINT((0.64698162729659625,0.38656496062992046,5.1598281752520414));
#10247=IFCCARTESIANPOINT((0.64041994750656994,0.39312664041994672,5.1579826885192741));
#10248=IFCCARTESIANPOINT((0.64041994750656994,0.39312664041994672,5.0912381079654345));
#10249=IFCCARTESIANPOINT((0.64698162729659625,0.38656496062992046,5.0934936825348913));
#10250=IFCCARTESIANPOINT((0.64257531153106795,0.3882645397380094,5.1254682128792837));
#10251=IFCCARTESIANPOINT((0.64698162729659625,0.38656496062992046,4.894490251700149));
#10252=IFCCARTESIANPOINT((0.64041994750656994,0.39312664041994666,4.891004340446492));
#10253=IFCCARTESIANPOINT((0.64041994750656994,0.39312664041994666,4.8242597598926533));
#10254=IFCCARTESIANPOINT((0.64698162729659625,0.38656496062992041,4.8281557589829998));
#10255=IFCCARTESIANPOINT((0.64249687539149791,0.38833679261270315,4.8592982078152875));
#10256=IFCCARTESIANPOINT((0.64041994750656972,0.39312664041994672,5.9589177327376195));
#10257=IFCCARTESIANPOINT((0.64698162729659625,0.38656496062992052,5.9558419459077179));
#10258=IFCCARTESIANPOINT((0.64041994750656994,0.39312664041994672,5.8921731521837799));
#10259=IFCCARTESIANPOINT((0.64213616120453776,0.38870203874097603,5.857612574365497));
#10260=IFCCARTESIANPOINT((0.64698162729659625,0.38656496062992046,5.8895074531905687));
#10261=IFCCARTESIANPOINT((0.64266241584099104,0.3881869993329235,5.9255567606293011));
#10262=IFCCARTESIANPOINT((0.64698162729659625,0.38656496062992052,6.1548453767424602));
#10263=IFCCARTESIANPOINT((0.64041994750656994,0.39312664041994672,6.159151500256562));
#10264=IFCCARTESIANPOINT((0.64201904501367824,0.3888338070022484,6.1216905656864853));
#10265=IFCCARTESIANPOINT((0.64698162729659625,0.38656496062992052,6.2211798694596094));
#10266=IFCCARTESIANPOINT((0.64259906949000611,0.38824311415926838,6.2553360765810204));
#10267=IFCCARTESIANPOINT((0.64041994750656994,0.39312664041994672,6.2258960808104007));
#10268=IFCCARTESIANPOINT((0.64201682698353957,0.38883637241919067,6.1880253271916308));
#10269=IFCCARTESIANPOINT((0.64041994750656994,0.39312664041994672,5.7586839652186761));
#10270=IFCCARTESIANPOINT((0.64203393307719647,0.38881665624617573,5.7253053589537561));
#10271=IFCCARTESIANPOINT((0.64698162729659625,0.38656496062992046,5.7568384914146229));
#10272=IFCCARTESIANPOINT((0.64698162729659625,0.38656496062992046,5.425166098803933));
#10273=IFCCARTESIANPOINT((0.64268477233707677,0.38816753978337043,5.4583333390297186));
#10274=IFCCARTESIANPOINT((0.64041994750656994,0.39312664041994672,5.4249610365920553));
#10275=IFCCARTESIANPOINT((0.64041994750656994,0.39312664041994672,5.3582164560382166));
#10276=IFCCARTESIANPOINT((0.64698162729659625,0.38656496062992046,5.3588316060867847));
#10277=IFCCARTESIANPOINT((0.64265360219765766,0.38819471985998261,5.3916735221826046));
#10278=IFCCARTESIANPOINT((0.64041994750656972,0.40624999999999922,4.3904199475065608));
#10279=IFCCARTESIANPOINT((0.64041994750656972,0.40624999999999922,6.5262467191601026));
#10280=IFCCARTESIANPOINT((1.0833333333333384,0.40624999999999767,6.4999999999999973));
#10281=IFCCARTESIANPOINT((1.0833333333333386,0.46874999999999767,6.4999999999999973));
#10282=IFCCARTESIANPOINT((1.043963254593181,0.4687499999999975,6.460629921259839));
#10283=IFCCARTESIANPOINT((1.043963254593181,0.40296916010498451,6.460629921259839));
#10284=IFCCARTESIANPOINT((1.0487679333794906,0.39136963941622882,6.4654346000461498));
#10285=IFCCARTESIANPOINT((1.0603674540682464,0.38656496062991885,6.4770341207349054));
#10286=IFCCARTESIANPOINT((0.91588437020559899,0.4029691601049849,6.460629921259839));
#10287=IFCCARTESIANPOINT((0.87500000189317906,0.38656496062991941,6.4770341207349054));
#10288=IFCCARTESIANPOINT((0.834115629794414,0.40296916010498518,6.460629921259839));
#10289=IFCCARTESIANPOINT((0.8750000078923067,0.39183137071772028,6.4649905578076536));
#10290=IFCCARTESIANPOINT((0.81771142947658682,0.38656496062991963,6.4770341207349054));
#10291=IFCCARTESIANPOINT((0.9322885705234264,0.38656496062991924,6.4770341207349054));
#10292=IFCCARTESIANPOINT((0.78773629061667882,0.39314834032580837,6.4638945142231918));
#10293=IFCCARTESIANPOINT((0.96226371977119485,0.39314834050733483,6.4638945140875146));
#10294=IFCCARTESIANPOINT((1.1030183727034171,0.38656496062991896,6.519685039370076));
#10295=IFCCARTESIANPOINT((1.1076581809789192,0.38848683214444307,6.5243248476455786));
#10296=IFCCARTESIANPOINT((1.1095800524934436,0.39312664041994516,6.5262467191601026));
#10297=IFCCARTESIANPOINT((0.94100997721255242,0.38656496062991952,6.519685039370076));
#10298=IFCCARTESIANPOINT((0.87500000000000666,0.39312664041994594,6.5262467191601026));
#10299=IFCCARTESIANPOINT((0.80242834151712739,0.39312664041994616,6.5262467191601026));
#10300=IFCCARTESIANPOINT((0.99229002624672513,0.39312664041994555,6.5262467191601026));
#10301=IFCCARTESIANPOINT((0.7939958002840668,0.38656496062991996,6.519685039370076));
#10302=IFCCARTESIANPOINT((0.86750288874830961,0.38656496062991974,6.519685039370076));
#10303=IFCCARTESIANPOINT((1.0220141769284923,0.38656496062991924,6.519685039370076));
#10304=IFCCARTESIANPOINT((0.72142414451184844,0.39312664041994638,6.5262467191601026));
#10305=IFCCARTESIANPOINT((0.72048871181982399,0.38656496062992018,6.519685039370076));
#10306=IFCCARTESIANPOINT((0.75724225605194539,0.38656496062992007,6.519685039370076));
#10307=IFCCARTESIANPOINT((1.0285758554881648,0.39312664041994544,6.5262467191601026));
#10308=IFCCARTESIANPOINT((1.0625162728454471,0.38656496062991913,6.519685039370076));
#10309=IFCCARTESIANPOINT((0.68092204600920903,0.39312664041994655,6.5262467191601026));
#10310=IFCCARTESIANPOINT((0.76192624301448786,0.39312664041994627,6.5262467191601026));
#10311=IFCCARTESIANPOINT((1.0690779539908042,0.39312664041994533,6.5262467191601026));
#10312=IFCCARTESIANPOINT((0.68748372715456618,0.3865649606299203,6.519685039370076));
#10313=IFCCARTESIANPOINT((0.703986221926024,0.3885083925172258,6.524346308293433));
#10314=IFCCARTESIANPOINT((1.0104329415539084,0.38862084059228558,6.5244550927848604));
#10315=IFCCARTESIANPOINT((0.9336450131233659,0.39312664041994572,6.5262467191601026));
#10316=IFCCARTESIANPOINT((0.90425643298043101,0.38656496062991963,6.519685039370076));
#10317=IFCCARTESIANPOINT((0.96567769388344638,0.38855488458656973,6.5243919162823003));
#10318=IFCCARTESIANPOINT((0.77561903327236092,0.38838618312730061,6.5242219663392307));
#10319=IFCCARTESIANPOINT((0.92263320843153629,0.38834252645227119,6.5241759073497807));
#10320=IFCCARTESIANPOINT((0.81714217102489095,0.3882756466220757,6.5241035799481244));
#10321=IFCCARTESIANPOINT((0.98151207707052235,0.38656496062991941,6.519685039370076));
#10322=IFCCARTESIANPOINT((0.73990369356536889,0.38905679205400068,6.5248320750164508));
#10323=IFCCARTESIANPOINT((0.83871417075856691,0.39312664041994605,6.5262467191601026));
#10324=IFCCARTESIANPOINT((0.85685708858357346,0.38863534373542591,6.5244687508745942));
#10325=IFCCARTESIANPOINT((0.8307493445161882,0.38656496062991985,6.519685039370076));
#10326=IFCCARTESIANPOINT((1.0705383803656789,0.38844486775610909,6.5242825002335305));
#10327=IFCCARTESIANPOINT((1.1095800524934436,0.40624999999999772,6.5262467191601026));
#10328=IFCCARTESIANPOINT((1.0833333333333384,0.40624999999999767,4.4166666666666661));
#10329=IFCCARTESIANPOINT((1.0833333333333384,0.46874999999999767,4.4166666666666652));
#10330=IFCCARTESIANPOINT((1.043963254593181,0.46874999999999756,4.4560367454068244));
#10331=IFCCARTESIANPOINT((1.0439632545931812,0.40296916010498451,4.4560367454068235));
#10332=IFCCARTESIANPOINT((1.0487679333794908,0.39136963941622882,4.4512320666205136));
#10333=IFCCARTESIANPOINT((1.0603674540682464,0.38656496062991891,4.439632545931758));
#10334=IFCCARTESIANPOINT((1.0603674540682464,0.38656496062991885,5.4524030249338811));
#10335=IFCCARTESIANPOINT((1.0603674540682462,0.38656496062991885,5.9647185728343928));
#10336=IFCCARTESIANPOINT((1.0603674540682464,0.38656496062991891,4.9519480938322697));
#10337=IFCCARTESIANPOINT((1.0439632545931807,0.40296916010498457,5.4583333333333321));
#10338=IFCCARTESIANPOINT((1.0439632545931807,0.40296916010498451,5.9594816332169973));
#10339=IFCCARTESIANPOINT((1.0439632545931807,0.40296916010498463,4.9571850334496661));
#10340=IFCCARTESIANPOINT((1.0603674540682462,0.38656496062991891,4.6957903198820139));
#10341=IFCCARTESIANPOINT((1.0439632545931807,0.40296916010498463,4.7066108894282452));
#10342=IFCCARTESIANPOINT((1.0439632545931807,0.40296916010498463,4.5841156229555224));
#10343=IFCCARTESIANPOINT((1.0603674540682464,0.38656496062991885,6.2208763467846495));
#10344=IFCCARTESIANPOINT((1.0439632545931807,0.40296916010498451,6.2100557772384182));
#10345=IFCCARTESIANPOINT((1.0439632545931805,0.40296916010498451,6.0847687052277086));
#10346=IFCCARTESIANPOINT((1.0603674540682462,0.38656496062991885,6.3489552091506463));
#10347=IFCCARTESIANPOINT((1.0439632545931807,0.40296916010498457,5.7089074891955764));
#10348=IFCCARTESIANPOINT((1.0603674540682462,0.38656496062991885,5.7085607988841378));
#10349=IFCCARTESIANPOINT((1.0603674540682462,0.38656496062991885,5.8366396612501337));
#10350=IFCCARTESIANPOINT((1.0603674540682462,0.38656496062991885,5.2021755593830754));
#10351=IFCCARTESIANPOINT((1.0439632545931807,0.40296916010498457,5.2077591774710879));
#10352=IFCCARTESIANPOINT((1.0439632545931807,0.40296916010498457,5.0824721054603774));
#10353=IFCCARTESIANPOINT((1.0603674540682464,0.38656496062991891,4.5677114575160171));
#10354=IFCCARTESIANPOINT((1.0439632545931807,0.40296916010498451,6.3353428492491295));
#10355=IFCCARTESIANPOINT((1.0603674540682462,0.38656496062991885,6.0927974844186519));
#10356=IFCCARTESIANPOINT((1.0603674540682462,0.38656496062991891,5.0770618019985418));
#10357=IFCCARTESIANPOINT((1.0489447689431719,0.39119545954181634,5.1396186871118967));
#10358=IFCCARTESIANPOINT((1.0486504141613195,0.39148836151615685,5.0394862013020507));
#10359=IFCCARTESIANPOINT((1.0488642319990655,0.39127413370720093,5.2366559084090092));
#10360=IFCCARTESIANPOINT((1.0439632545931807,0.40296916010498457,5.3330462613226208));
#10361=IFCCARTESIANPOINT((1.0603674540682464,0.38656496062991885,5.3272893167676099));
#10362=IFCCARTESIANPOINT((1.0484451150916743,0.39170170281660521,4.6453632571397065));
#10363=IFCCARTESIANPOINT((1.0603674540682464,0.38656496062991891,4.8238691822480106));
#10364=IFCCARTESIANPOINT((1.0490488498048247,0.39109536720019633,4.7485360078301211));
#10365=IFCCARTESIANPOINT((1.0439632545931807,0.40296916010498463,4.8318979614389557));
#10366=IFCCARTESIANPOINT((1.0485364890070872,0.39160579677631396,4.5496165765595391));
#10367=IFCCARTESIANPOINT((1.0485988074699568,0.39154126801316336,6.0221251480263396));
#10368=IFCCARTESIANPOINT((1.0488820041390261,0.39125667956749299,5.9221087301027255));
#10369=IFCCARTESIANPOINT((1.0439632545931807,0.40296916010498451,5.8341945612062869));
#10370=IFCCARTESIANPOINT((1.0487797422371479,0.39135784256832384,5.7715510034637827));
#10371=IFCCARTESIANPOINT((1.0486387999177273,0.3915002267528695,6.1186246291118742));
#10372=IFCCARTESIANPOINT((1.0487612682036715,0.39137630842411303,5.6732499056050338));
#10373=IFCCARTESIANPOINT((1.0603674540682462,0.38656496062991885,5.5804819365181402));
#10374=IFCCARTESIANPOINT((1.0439632545931807,0.40296916010498457,5.5836204053440426));
#10375=IFCCARTESIANPOINT((1.0486645062223294,0.39147399711642766,5.5209768589771793));
#10376=IFCCARTESIANPOINT((1.0486677095443282,0.39147073680033995,5.4240514863113116));
#10377=IFCCARTESIANPOINT((1.0485988073433754,0.39154126814351919,4.8945414977801516));
#10378=IFCCARTESIANPOINT((1.0484371652551776,0.39171012065863253,6.272699293798178));
#10379=IFCCARTESIANPOINT((1.0485767888089508,0.39156398701725892,6.3682738855441725));
#10380=IFCCARTESIANPOINT((1.0487623747425223,0.39137520071824378,5.3283859271514595));
#10381=IFCCARTESIANPOINT((1.103018372703418,0.38656496062991907,4.3969816272965865));
#10382=IFCCARTESIANPOINT((1.1076581809789199,0.38848683214444357,4.3923418190210839));
#10383=IFCCARTESIANPOINT((1.1095800524934432,0.39312664041994516,4.3904199475065608));
#10384=IFCCARTESIANPOINT((1.1095800524934432,0.39312664041994516,5.458333326868976));
#10385=IFCCARTESIANPOINT((1.1095800524934432,0.39312664041994516,5.9922900230145393));
#10386=IFCCARTESIANPOINT((1.1095800524934432,0.39312664041994516,4.9243766307234118));
#10387=IFCCARTESIANPOINT((1.1030183727034175,0.38656496062991902,5.4583333274187389));
#10388=IFCCARTESIANPOINT((1.1030183727034173,0.38656496062991896,5.9890091774798133));
#10389=IFCCARTESIANPOINT((1.1030183727034175,0.38656496062991902,4.9276574773576627));
#10390=IFCCARTESIANPOINT((1.1030183727034177,0.38656496062991907,4.6623195523271246));
#10391=IFCCARTESIANPOINT((1.1095800524934432,0.39312664041994516,4.6573982826506306));
#10392=IFCCARTESIANPOINT((1.1095800524934432,0.39312664041994516,4.7908874566870203));
#10393=IFCCARTESIANPOINT((1.1030183727034177,0.38656496062991902,4.794988520756986));
#10394=IFCCARTESIANPOINT((1.1030183727034171,0.38656496062991896,6.2543471143395379));
#10395=IFCCARTESIANPOINT((1.1095800524934432,0.39312664041994516,6.2592683710873205));
#10396=IFCCARTESIANPOINT((1.1095800524934432,0.39312664041994516,6.3642383185024949));
#10397=IFCCARTESIANPOINT((1.1030183727034171,0.38656496062991902,6.3870160709402137));
#10398=IFCCARTESIANPOINT((1.1030183727034175,0.38656496062991902,5.1929954023882008));
#10399=IFCCARTESIANPOINT((1.1095800524934432,0.39312664041994516,5.1913549787961939));
#10400=IFCCARTESIANPOINT((1.1095800524934432,0.39312664041994516,5.3248441528325845));
#10401=IFCCARTESIANPOINT((1.1030183727034175,0.38656496062991902,5.3256643708180622));
#10402=IFCCARTESIANPOINT((1.1030183727034173,0.38656496062991902,5.7236712524492761));
#10403=IFCCARTESIANPOINT((1.1095800524934432,0.39312664041994516,5.7253116749417572));
#10404=IFCCARTESIANPOINT((1.1095800524934432,0.39312664041994516,5.8588008489781478));
#10405=IFCCARTESIANPOINT((1.1030183727034173,0.38656496062991902,5.8563402208791384));
#10406=IFCCARTESIANPOINT((1.103018372703418,0.38656496062991907,4.5296505838972623));
#10407=IFCCARTESIANPOINT((1.1095800524934432,0.39312664041994516,4.5239091215429514));
#10408=IFCCARTESIANPOINT((1.1095800524934432,0.39312664041994516,4.590653702096791));
#10409=IFCCARTESIANPOINT((1.1095800524934432,0.39312664041994516,6.4452425188312992));
#10410=IFCCARTESIANPOINT((1.1030183727034171,0.38656496062991896,6.4533505492405521));
#10411=IFCCARTESIANPOINT((1.1095800524934432,0.39312664041994516,4.4714241478353642));
#10412=IFCCARTESIANPOINT((1.103018372703418,0.38656496062991907,4.4633161055969239));
#10413=IFCCARTESIANPOINT((1.1030183727034173,0.38656496062991896,6.1216781459096756));
#10414=IFCCARTESIANPOINT((1.1095800524934432,0.39312664041994516,6.1257791970509299));
#10415=IFCCARTESIANPOINT((1.1095800524934432,0.39312664041994516,6.1925237905334818));
#10416=IFCCARTESIANPOINT((1.1030183727034175,0.38656496062991902,5.0603264339583376));
#10417=IFCCARTESIANPOINT((1.1095800524934432,0.39312664041994516,5.0578658047598033));
#10418=IFCCARTESIANPOINT((1.1095800524934432,0.39312664041994516,5.1246103982423543));
#10419=IFCCARTESIANPOINT((1.1095800524934432,0.39312664041994516,5.5918225009053666));
#10420=IFCCARTESIANPOINT((1.1030183727034175,0.38656496062991902,5.5910022840194147));
#10421=IFCCARTESIANPOINT((1.1030183727034175,0.38656496062991902,5.5246678057190763));
#10422=IFCCARTESIANPOINT((1.1095800524934432,0.39312664041994516,6.4857446189957004));
#10423=IFCCARTESIANPOINT((1.1095800524934434,0.39312664041994516,4.430922047670963));
#10424=IFCCARTESIANPOINT((1.1030183727034171,0.38656496062991896,6.47918293608189));
#10425=IFCCARTESIANPOINT((1.1077999371861935,0.38863305802235987,6.4662667483070218));
#10426=IFCCARTESIANPOINT((1.1030183727034171,0.38656496062991896,6.4201833100903833));
#10427=IFCCARTESIANPOINT((1.1095800524934432,0.39312664041994516,6.404740418666897));
#10428=IFCCARTESIANPOINT((1.1074690757600234,0.38830513816766388,6.4035996931361669));
#10429=IFCCARTESIANPOINT((1.103018372703418,0.38656496062991907,4.437483718755586));
#10430=IFCCARTESIANPOINT((1.1077999373223057,0.38863305816719512,4.4503999168334722));
#10431=IFCCARTESIANPOINT((1.1073903608807121,0.38823364940785138,4.4972339517904736));
#10432=IFCCARTESIANPOINT((1.1030183727034171,0.38656496062991896,6.3206815926398763));
#10433=IFCCARTESIANPOINT((1.1072546057180439,0.38811565533588988,6.3630619077888655));
#10434=IFCCARTESIANPOINT((1.1095800524934432,0.39312664041994516,6.3117533447949077));
#10435=IFCCARTESIANPOINT((1.1095800524934432,0.39312664041994516,5.2580995593500326));
#10436=IFCCARTESIANPOINT((1.1030183727034175,0.38656496062991902,5.2593298925177248));
#10437=IFCCARTESIANPOINT((1.1030183727034175,0.38656496062991902,5.3919988491183997));
#10438=IFCCARTESIANPOINT((1.1095800524934432,0.39312664041994516,5.3915887463151364));
#10439=IFCCARTESIANPOINT((1.1095800524934432,0.39312664041994516,5.6585670943879185));
#10440=IFCCARTESIANPOINT((1.1030183727034175,0.38656496062991902,5.6573367623197521));
#10441=IFCCARTESIANPOINT((1.1030183727034175,0.38656496062991902,4.8613229990573243));
#10442=IFCCARTESIANPOINT((1.1095800524934432,0.39312664041994516,4.8576320501695722));
#10443=IFCCARTESIANPOINT((1.1095800524934432,0.39312664041994516,5.9255454424606997));
#10444=IFCCARTESIANPOINT((1.1030183727034173,0.38656496062991902,5.9226746991794768));
#10445=IFCCARTESIANPOINT((1.1030183727034173,0.38656496062991902,5.790005742578801));
#10446=IFCCARTESIANPOINT((1.1095800524934432,0.39312664041994516,5.7920562554955968));
#10447=IFCCARTESIANPOINT((1.1030183727034173,0.38656496062991896,6.0553436557801525));
#10448=IFCCARTESIANPOINT((1.1095800524934432,0.39312664041994516,6.059034603568378));
#10449=IFCCARTESIANPOINT((1.1095800524934432,0.39312664041994516,4.9911212112772514));
#10450=IFCCARTESIANPOINT((1.1030183727034175,0.38656496062991902,4.9939919556580001));
#10451=IFCCARTESIANPOINT((1.1030183727034177,0.38656496062991907,4.7286540424566486));
#10452=IFCCARTESIANPOINT((1.1095800524934432,0.39312664041994516,4.7241428632044693));
#10453=IFCCARTESIANPOINT((1.1074628795031241,0.38829942580132731,6.2855108532317709));
#10454=IFCCARTESIANPOINT((1.1030183727034171,0.38656496062991896,6.353848831790045));
#10455=IFCCARTESIANPOINT((1.1077182794088527,0.38854771929952392,6.2477361221769101));
#10456=IFCCARTESIANPOINT((1.1030183727034171,0.38656496062991896,6.1880126360392005));
#10457=IFCCARTESIANPOINT((1.1030183727034171,0.38656496062991902,6.2211798751893692));
#10458=IFCCARTESIANPOINT((1.1075697746120903,0.38840007905542628,6.2045962438077025));
#10459=IFCCARTESIANPOINT((1.1076250277155459,0.38845391409946933,6.1565041567143162));
#10460=IFCCARTESIANPOINT((1.1095800524934432,0.39312664041994516,6.2258960808104007));
#10461=IFCCARTESIANPOINT((1.1077391697707621,0.3885692599535166,6.322971570180246));
#10462=IFCCARTESIANPOINT((1.1077196169268611,0.38854909255909509,4.5347297485692355));
#10463=IFCCARTESIANPOINT((1.1030183727034177,0.38656496062991907,4.5959850621976006));
#10464=IFCCARTESIANPOINT((1.1030183727034177,0.38656496062991907,4.5628178230474319));
#10465=IFCCARTESIANPOINT((1.1075565526453803,0.38838738262138633,4.5794014506723499));
#10466=IFCCARTESIANPOINT((1.1076130409068177,0.3884421270228573,4.6272315094368439));
#10467=IFCCARTESIANPOINT((1.1095800524934432,0.39312664041994516,4.5572814118198712));
#10468=IFCCARTESIANPOINT((1.1030183727034175,0.38656496062991902,5.1266609122586768));
#10469=IFCCARTESIANPOINT((1.1075680186539558,0.38839838879893523,5.093493680550317));
#10470=IFCCARTESIANPOINT((1.1095800524934432,0.39312664041994516,5.5250779074228147));
#10471=IFCCARTESIANPOINT((1.103018372703418,0.38656496062991907,4.4964833447470935));
#10472=IFCCARTESIANPOINT((1.1077299724409166,0.38855975202844362,5.2247272753424205));
#10473=IFCCARTESIANPOINT((1.1077124692045592,0.38854176313643984,5.2914718615677483));
#10474=IFCCARTESIANPOINT((1.1076581811809012,0.38848683234642489,5.425166086956521));
#10475=IFCCARTESIANPOINT((1.1076398275619375,0.38846855104150935,5.3588316056707566));
#10476=IFCCARTESIANPOINT((1.1077299724596916,0.3885597520478134,5.6919393789928083));
#10477=IFCCARTESIANPOINT((1.1076216316829288,0.38845056851776244,5.6241695308448811));
#10478=IFCCARTESIANPOINT((1.1075159268250501,0.38834881156262724,4.8944902367236676));
#10479=IFCCARTESIANPOINT((1.1074989134735322,0.3883328531828879,4.8281557554496377));
#10480=IFCCARTESIANPOINT((1.1077970854169967,0.38863002541886815,5.9589177241873319));
#10481=IFCCARTESIANPOINT((1.1075504821830207,0.38838157716096477,5.8895074561840834));
#10482=IFCCARTESIANPOINT((1.1075857244092648,0.38841548981081281,5.7568384934788188));
#10483=IFCCARTESIANPOINT((1.1077641042105071,0.38859523069123481,5.8254285515378443));
#10484=IFCCARTESIANPOINT((1.1075159269409247,0.38834881167170432,6.022176419050429));
#10485=IFCCARTESIANPOINT((1.1078289348100476,0.38866411491468589,6.0924068970945822));
#10486=IFCCARTESIANPOINT((1.1077970853684973,0.38863002536732616,4.9577489304564164));
#10487=IFCCARTESIANPOINT((1.1077807374065389,0.38861271484442916,5.0244935166761788));
#10488=IFCCARTESIANPOINT((1.107482079737139,0.38831717463007415,4.7618212741761745));
#10489=IFCCARTESIANPOINT((1.1074654281331777,0.38830177361644957,4.69548679290319));
#10490=IFCCARTESIANPOINT((1.1030183727034171,0.38656496062991896,6.2875143534897067));
#10491=IFCCARTESIANPOINT((1.1095800524934432,0.39312664041994516,6.159151500256562));
#10492=IFCCARTESIANPOINT((1.1030183727034171,0.38656496062991902,6.1548453968890309));
#10493=IFCCARTESIANPOINT((1.1095800524934432,0.39312664041994516,4.6240259923737099));
#10494=IFCCARTESIANPOINT((1.103018372703418,0.38656496062991902,4.6291523013477693));
#10495=IFCCARTESIANPOINT((1.1077471833017531,0.38857757546196731,5.1579826891189384));
#10496=IFCCARTESIANPOINT((1.1030183727034175,0.38656496062991902,5.0934936731085081));
#10497=IFCCARTESIANPOINT((1.1095800524934432,0.39312664041994516,5.0912381079654345));
#10498=IFCCARTESIANPOINT((1.1076581812308826,0.38848683239640625,5.4915005682467291));
#10499=IFCCARTESIANPOINT((1.1076946711840296,0.38852361161414162,5.5584502064968593));
#10500=IFCCARTESIANPOINT((1.1095800524934432,0.39312664041994516,5.2247272690731137));
#10501=IFCCARTESIANPOINT((1.1030183727034175,0.38656496062991902,5.226162653367556));
#10502=IFCCARTESIANPOINT((1.1095800524934432,0.39312664041994516,5.2914718496269533));
#10503=IFCCARTESIANPOINT((1.1030183727034175,0.38656496062991902,5.2924971316678935));
#10504=IFCCARTESIANPOINT((1.1073390675731687,0.38818829682018019,5.258089537977698));
#10505=IFCCARTESIANPOINT((1.1030183727034175,0.38656496062991902,5.4251660882685693));
#10506=IFCCARTESIANPOINT((1.1095800524934432,0.39312664041994516,5.4249610365920562));
#10507=IFCCARTESIANPOINT((1.1030183727034175,0.38656496062991902,5.3588316099682309));
#10508=IFCCARTESIANPOINT((1.1073659537935221,0.38821195016197363,5.3251186394506433));
#10509=IFCCARTESIANPOINT((1.1095800524934432,0.39312664041994516,5.3582164560382166));
#10510=IFCCARTESIANPOINT((1.1079768837845323,0.38882910513500613,5.3919893416324367));
#10511=IFCCARTESIANPOINT((1.1095800524934432,0.39312664041994516,5.6919393846648374));
#10512=IFCCARTESIANPOINT((1.1030183727034175,0.38656496062991902,5.6905040014699217));
#10513=IFCCARTESIANPOINT((1.1030183727034175,0.38656496062991902,5.6241695231695834));
#10514=IFCCARTESIANPOINT((1.1095800524934432,0.39312664041994516,5.6251948041109987));
#10515=IFCCARTESIANPOINT((1.1079178038355824,0.38876187052360378,5.6580139082595107));
#10516=IFCCARTESIANPOINT((1.1030183727034177,0.38656496062991902,4.894490238207494));
#10517=IFCCARTESIANPOINT((1.1095800524934432,0.39312664041994516,4.8910043404464929));
#10518=IFCCARTESIANPOINT((1.1030183727034177,0.38656496062991907,4.8281557599071547));
#10519=IFCCARTESIANPOINT((1.1095800524934432,0.39312664041994516,4.8242597598926533));
#10520=IFCCARTESIANPOINT((1.1079790847698603,0.38883164595421138,4.8613108716347195));
#10521=IFCCARTESIANPOINT((1.1095800524934432,0.39312664041994516,5.9589177327376195));
#10522=IFCCARTESIANPOINT((1.1030183727034173,0.38656496062991902,5.9558419383296455));
#10523=IFCCARTESIANPOINT((1.1030183727034173,0.38656496062991902,5.8895074600293071));
#10524=IFCCARTESIANPOINT((1.1095800524934432,0.39312664041994516,5.8921731521837799));
#10525=IFCCARTESIANPOINT((1.1078455444339581,0.38868208703960366,5.9241497259964477));
#10526=IFCCARTESIANPOINT((1.1030183727034173,0.38656496062991902,5.7568385034286313));
#10527=IFCCARTESIANPOINT((1.1095800524934432,0.39312664041994516,5.758683965218677));
#10528=IFCCARTESIANPOINT((1.1095800524934432,0.39312664041994516,5.8254285457725157));
#10529=IFCCARTESIANPOINT((1.1030183727034173,0.38656496062991902,5.8231729817289697));
#10530=IFCCARTESIANPOINT((1.1074246884689456,0.38826453973800812,5.7911984537873797));
#10531=IFCCARTESIANPOINT((1.1030183727034173,0.38656496062991902,6.0221764166299829));
#10532=IFCCARTESIANPOINT((1.1095800524934432,0.39312664041994516,6.0256623132914582));
#10533=IFCCARTESIANPOINT((1.1095800524934432,0.39312664041994516,6.0924068938452978));
#10534=IFCCARTESIANPOINT((1.1030183727034173,0.38656496062991902,6.0885108949303213));
#10535=IFCCARTESIANPOINT((1.1075031246085154,0.38833679261270182,6.0573684588513759));
#10536=IFCCARTESIANPOINT((1.1095800524934432,0.39312664041994516,4.9577489210003316));
#10537=IFCCARTESIANPOINT((1.1030183727034175,0.38656496062991902,4.9608247165078314));
#10538=IFCCARTESIANPOINT((1.1095800524934432,0.39312664041994516,5.0244935015541712));
#10539=IFCCARTESIANPOINT((1.1078638387954756,0.38870203874097459,5.0590540923011655));
#10540=IFCCARTESIANPOINT((1.1030183727034175,0.38656496062991902,5.0271591948081689));
#10541=IFCCARTESIANPOINT((1.1073375841590227,0.38818699933292239,4.9911099060373623));
#10542=IFCCARTESIANPOINT((1.1030183727034177,0.38656496062991902,4.7618212816068173));
#10543=IFCCARTESIANPOINT((1.1095800524934432,0.39312664041994516,4.7575151534813891));
#10544=IFCCARTESIANPOINT((1.1079809549863351,0.38883380700224696,4.7949761009801772));
#10545=IFCCARTESIANPOINT((1.1030183727034177,0.38656496062991902,4.6954868033064798));
#10546=IFCCARTESIANPOINT((1.1074009305100079,0.38824311415926749,4.6613305900856421));
#10547=IFCCARTESIANPOINT((1.1095800524934432,0.39312664041994522,4.6907705729275504));
#10548=IFCCARTESIANPOINT((1.1079831730164735,0.38883637241918917,4.7286413394750317));
#10549=IFCCARTESIANPOINT((1.1095800524934432,0.39312664041994516,5.1579826885192741));
#10550=IFCCARTESIANPOINT((1.1079660669228169,0.38881665624617423,5.1913613077129082));
#10551=IFCCARTESIANPOINT((1.1030183727034175,0.38656496062991902,5.1598281514088455));
#10552=IFCCARTESIANPOINT((1.1030183727034175,0.38656496062991902,5.4915005665689076));
#10553=IFCCARTESIANPOINT((1.1073152276629368,0.38816753978336921,5.4583333276369448));
#10554=IFCCARTESIANPOINT((1.1095800524934432,0.39312664041994516,5.4917056171458949));
#10555=IFCCARTESIANPOINT((1.1095800524934432,0.39312664041994516,5.5584501976997345));
#10556=IFCCARTESIANPOINT((1.1030183727034175,0.38656496062991902,5.5578350448692451));
#10557=IFCCARTESIANPOINT((1.1073463978023559,0.38819471985998139,5.5249931444840588));
#10558=IFCCARTESIANPOINT((1.1095800524934436,0.40624999999999772,4.3904199475065608));
#10559=IFCCARTESIANPOINT((0.83411563069233452,0.40296916010498518,4.4560367454068235));
#10560=IFCCARTESIANPOINT((0.87500000000000622,0.38656496062991941,4.439632545931758));
#10561=IFCCARTESIANPOINT((0.91588437167677417,0.4029691601049849,4.4560367454068235));
#10562=IFCCARTESIANPOINT((0.87499999210770651,0.39183137071772012,4.4516761088590098));
#10563=IFCCARTESIANPOINT((0.93228857052725955,0.38656496062991924,4.439632545931758));
#10564=IFCCARTESIANPOINT((0.81771143325909568,0.38656496062991963,4.439632545931758));
#10565=IFCCARTESIANPOINT((0.96226370938333428,0.39314834032580775,4.4527721524434716));
#10566=IFCCARTESIANPOINT((0.78773628022881848,0.39314834050733533,4.4527721525791488));
#10567=IFCCARTESIANPOINT((0.80899002212038673,0.38656496062991996,4.3969816272965865));
#10568=IFCCARTESIANPOINT((0.87500000000000666,0.39312664041994594,4.39041994750656));
#10569=IFCCARTESIANPOINT((0.94757165515474229,0.39312664041994572,4.39041994750656));
#10570=IFCCARTESIANPOINT((0.75770997375328775,0.39312664041994627,4.39041994750656));
#10571=IFCCARTESIANPOINT((0.95600419741190223,0.38656496062991946,4.3969816272965865));
#10572=IFCCARTESIANPOINT((0.88249710976614459,0.38656496062991968,4.3969816272965865));
#10573=IFCCARTESIANPOINT((0.72798582273798695,0.38656496062992018,4.3969816272965874));
#10574=IFCCARTESIANPOINT((1.0285758521600212,0.39312664041994544,4.39041994750656));
#10575=IFCCARTESIANPOINT((1.02951128505766,0.38656496062991919,4.3969816272965865));
#10576=IFCCARTESIANPOINT((0.99275774123478122,0.38656496062991935,4.3969816272965865));
#10577=IFCCARTESIANPOINT((0.72142414783999198,0.39312664041994644,4.39041994750656));
#10578=IFCCARTESIANPOINT((0.6874837250172916,0.3865649606299203,4.3969816272965874));
#10579=IFCCARTESIANPOINT((1.0690779539908051,0.39312664041994527,4.39041994750656));
#10580=IFCCARTESIANPOINT((0.98807375365738181,0.39312664041994555,4.39041994750656));
#10581=IFCCARTESIANPOINT((0.68092204600920836,0.39312664041994655,4.39041994750656));
#10582=IFCCARTESIANPOINT((1.0625162749827224,0.38656496062991913,4.3969816272965865));
#10583=IFCCARTESIANPOINT((1.0460137780739895,0.38850839251722463,4.3923203583732295));
#10584=IFCCARTESIANPOINT((0.73956705844610426,0.38862084059228619,4.3922115738818022));
#10585=IFCCARTESIANPOINT((0.8163549868766472,0.39312664041994611,4.39041994750656));
#10586=IFCCARTESIANPOINT((0.84574356594326572,0.3865649606299198,4.3969816272965865));
#10587=IFCCARTESIANPOINT((0.78432230611656806,0.38855488458657017,4.3922747503843622));
#10588=IFCCARTESIANPOINT((0.9743809667276524,0.38838618312729989,4.3924447003274318));
#10589=IFCCARTESIANPOINT((0.82736679156847659,0.3883425264522713,4.3924907593168818));
#10590=IFCCARTESIANPOINT((0.93285782897512015,0.3882756466220752,4.3925630867185381));
#10591=IFCCARTESIANPOINT((0.76848792045868231,0.38656496062992007,4.3969816272965865));
#10592=IFCCARTESIANPOINT((1.0100963064346444,0.38905679205399984,4.3918345916502117));
#10593=IFCCARTESIANPOINT((0.91128582591330243,0.39312664041994583,4.39041994750656));
#10594=IFCCARTESIANPOINT((0.89314291141644009,0.38863534373542563,4.3921979157920683));
#10595=IFCCARTESIANPOINT((0.91925065358902347,0.38656496062991957,4.3969816272965865));
#10596=IFCCARTESIANPOINT((0.67946161963433671,0.38844486775611009,4.392384166433132));
#10597=IFCPOLYLOOP((#10039,#10040,#10041,#10042));
#10598=IFCFACEOUTERBOUND(#10597,.T.);
#10599=IFCFACE((#10598));
#10600=IFCPOLYLOOP((#10043,#10044,#10045,#10046,#10059,#10058,#10082,#10056,#10069,#10068,#10077,#10054,#10091,#10064,#10086,#10055,#10062,#10061,#10071));
#10601=IFCFACEOUTERBOUND(#10600,.T.);
#10602=IFCFACE((#10601));
#10603=IFCPOLYLOOP((#10079,#10070,#10057));
#10604=IFCFACEOUTERBOUND(#10603,.T.);
#10605=IFCFACE((#10604));
#10606=IFCPOLYLOOP((#10072,#10088,#10084));
#10607=IFCFACEOUTERBOUND(#10606,.T.);
#10608=IFCFACE((#10607));
#10609=IFCPOLYLOOP((#10071,#10095,#10096));
#10610=IFCFACEOUTERBOUND(#10609,.T.);
#10611=IFCFACE((#10610));
#10612=IFCPOLYLOOP((#10057,#10081,#10079));
#10613=IFCFACEOUTERBOUND(#10612,.T.);
#10614=IFCFACE((#10613));
#10615=IFCPOLYLOOP((#10095,#10071,#10061));
#10616=IFCFACEOUTERBOUND(#10615,.T.);
#10617=IFCFACE((#10616));
#10618=IFCPOLYLOOP((#10073,#10074,#10075));
#10619=IFCFACEOUTERBOUND(#10618,.T.);
#10620=IFCFACE((#10619));
#10621=IFCPOLYLOOP((#10062,#10055,#10084));
#10622=IFCFACEOUTERBOUND(#10621,.T.);
#10623=IFCFACE((#10622));
#10624=IFCPOLYLOOP((#10065,#10066,#10087));
#10625=IFCFACEOUTERBOUND(#10624,.T.);
#10626=IFCFACE((#10625));
#10627=IFCPOLYLOOP((#10076,#10078,#10097));
#10628=IFCFACEOUTERBOUND(#10627,.T.);
#10629=IFCFACE((#10628));
#10630=IFCPOLYLOOP((#10091,#10092,#10089));
#10631=IFCFACEOUTERBOUND(#10630,.T.);
#10632=IFCFACE((#10631));
#10633=IFCPOLYLOOP((#10094,#10081,#10080));
#10634=IFCFACEOUTERBOUND(#10633,.T.);
#10635=IFCFACE((#10634));
#10636=IFCPOLYLOOP((#10083,#10046,#10049));
#10637=IFCFACEOUTERBOUND(#10636,.T.);
#10638=IFCFACE((#10637));
#10639=IFCPOLYLOOP((#10070,#10079,#10083));
#10640=IFCFACEOUTERBOUND(#10639,.T.);
#10641=IFCFACE((#10640));
#10642=IFCPOLYLOOP((#10096,#10095,#10063));
#10643=IFCFACEOUTERBOUND(#10642,.T.);
#10644=IFCFACE((#10643));
#10645=IFCPOLYLOOP((#10065,#10087,#10089));
#10646=IFCFACEOUTERBOUND(#10645,.T.);
#10647=IFCFACE((#10646));
#10648=IFCPOLYLOOP((#10088,#10062,#10084));
#10649=IFCFACEOUTERBOUND(#10648,.T.);
#10650=IFCFACE((#10649));
#10651=IFCPOLYLOOP((#10043,#10071,#10096));
#10652=IFCFACEOUTERBOUND(#10651,.T.);
#10653=IFCFACE((#10652));
#10654=IFCPOLYLOOP((#10047,#10048,#10096));
#10655=IFCFACEOUTERBOUND(#10654,.T.);
#10656=IFCFACE((#10655));
#10657=IFCPOLYLOOP((#10085,#10052,#10084));
#10658=IFCFACEOUTERBOUND(#10657,.T.);
#10659=IFCFACE((#10658));
#10660=IFCPOLYLOOP((#10087,#10085,#10086));
#10661=IFCFACEOUTERBOUND(#10660,.T.);
#10662=IFCFACE((#10661));
#10663=IFCPOLYLOOP((#10053,#10073,#10075));
#10664=IFCFACEOUTERBOUND(#10663,.T.);
#10665=IFCFACE((#10664));
#10666=IFCPOLYLOOP((#10068,#10074,#10076));
#10667=IFCFACEOUTERBOUND(#10666,.T.);
#10668=IFCFACE((#10667));
#10669=IFCPOLYLOOP((#10068,#10069,#10074));
#10670=IFCFACEOUTERBOUND(#10669,.T.);
#10671=IFCFACE((#10670));
#10672=IFCPOLYLOOP((#10050,#10070,#10083));
#10673=IFCFACEOUTERBOUND(#10672,.T.);
#10674=IFCFACE((#10673));
#10675=IFCPOLYLOOP((#10079,#10058,#10059));
#10676=IFCFACEOUTERBOUND(#10675,.T.);
#10677=IFCFACE((#10676));
#10678=IFCPOLYLOOP((#10074,#10067,#10076));
#10679=IFCFACEOUTERBOUND(#10678,.T.);
#10680=IFCFACE((#10679));
#10681=IFCPOLYLOOP((#10088,#10060,#10095));
#10682=IFCFACEOUTERBOUND(#10681,.T.);
#10683=IFCFACE((#10682));
#10684=IFCPOLYLOOP((#10067,#10074,#10073));
#10685=IFCFACEOUTERBOUND(#10684,.T.);
#10686=IFCFACE((#10685));
#10687=IFCPOLYLOOP((#10075,#10074,#10069));
#10688=IFCFACEOUTERBOUND(#10687,.T.);
#10689=IFCFACE((#10688));
#10690=IFCPOLYLOOP((#10069,#10056,#10075));
#10691=IFCFACEOUTERBOUND(#10690,.T.);
#10692=IFCFACE((#10691));
#10693=IFCPOLYLOOP((#10075,#10056,#10094));
#10694=IFCFACEOUTERBOUND(#10693,.T.);
#10695=IFCFACE((#10694));
#10696=IFCPOLYLOOP((#10078,#10051,#10093));
#10697=IFCFACEOUTERBOUND(#10696,.T.);
#10698=IFCFACE((#10697));
#10699=IFCPOLYLOOP((#10076,#10067,#10078));
#10700=IFCFACEOUTERBOUND(#10699,.T.);
#10701=IFCFACE((#10700));
#10702=IFCPOLYLOOP((#10051,#10092,#10093));
#10703=IFCFACEOUTERBOUND(#10702,.T.);
#10704=IFCFACE((#10703));
#10705=IFCPOLYLOOP((#10077,#10068,#10076));
#10706=IFCFACEOUTERBOUND(#10705,.T.);
#10707=IFCFACE((#10706));
#10708=IFCPOLYLOOP((#10079,#10059,#10083));
#10709=IFCFACEOUTERBOUND(#10708,.T.);
#10710=IFCFACE((#10709));
#10711=IFCPOLYLOOP((#10046,#10083,#10059));
#10712=IFCFACEOUTERBOUND(#10711,.T.);
#10713=IFCFACE((#10712));
#10714=IFCPOLYLOOP((#10079,#10081,#10058));
#10715=IFCFACEOUTERBOUND(#10714,.T.);
#10716=IFCFACE((#10715));
#10717=IFCPOLYLOOP((#10057,#10080,#10081));
#10718=IFCFACEOUTERBOUND(#10717,.T.);
#10719=IFCFACE((#10718));
#10720=IFCPOLYLOOP((#10056,#10082,#10094));
#10721=IFCFACEOUTERBOUND(#10720,.T.);
#10722=IFCFACE((#10721));
#10723=IFCPOLYLOOP((#10053,#10094,#10080));
#10724=IFCFACEOUTERBOUND(#10723,.T.);
#10725=IFCFACE((#10724));
#10726=IFCPOLYLOOP((#10082,#10058,#10081));
#10727=IFCFACEOUTERBOUND(#10726,.T.);
#10728=IFCFACE((#10727));
#10729=IFCPOLYLOOP((#10050,#10083,#10049));
#10730=IFCFACEOUTERBOUND(#10729,.T.);
#10731=IFCFACE((#10730));
#10732=IFCPOLYLOOP((#10085,#10084,#10055));
#10733=IFCFACEOUTERBOUND(#10732,.T.);
#10734=IFCFACE((#10733));
#10735=IFCPOLYLOOP((#10072,#10084,#10052));
#10736=IFCFACEOUTERBOUND(#10735,.T.);
#10737=IFCFACE((#10736));
#10738=IFCPOLYLOOP((#10087,#10064,#10089));
#10739=IFCFACEOUTERBOUND(#10738,.T.);
#10740=IFCFACE((#10739));
#10741=IFCPOLYLOOP((#10066,#10052,#10085));
#10742=IFCFACEOUTERBOUND(#10741,.T.);
#10743=IFCFACE((#10742));
#10744=IFCPOLYLOOP((#10085,#10055,#10086));
#10745=IFCFACEOUTERBOUND(#10744,.T.);
#10746=IFCFACE((#10745));
#10747=IFCPOLYLOOP((#10087,#10086,#10064));
#10748=IFCFACEOUTERBOUND(#10747,.T.);
#10749=IFCFACE((#10748));
#10750=IFCPOLYLOOP((#10085,#10087,#10066));
#10751=IFCFACEOUTERBOUND(#10750,.T.);
#10752=IFCFACE((#10751));
#10753=IFCPOLYLOOP((#10060,#10088,#10072));
#10754=IFCFACEOUTERBOUND(#10753,.T.);
#10755=IFCFACE((#10754));
#10756=IFCPOLYLOOP((#10061,#10062,#10088));
#10757=IFCFACEOUTERBOUND(#10756,.T.);
#10758=IFCFACE((#10757));
#10759=IFCPOLYLOOP((#10092,#10091,#10054));
#10760=IFCFACEOUTERBOUND(#10759,.T.);
#10761=IFCFACE((#10760));
#10762=IFCPOLYLOOP((#10089,#10064,#10091));
#10763=IFCFACEOUTERBOUND(#10762,.T.);
#10764=IFCFACE((#10763));
#10765=IFCPOLYLOOP((#10092,#10051,#10090));
#10766=IFCFACEOUTERBOUND(#10765,.T.);
#10767=IFCFACE((#10766));
#10768=IFCPOLYLOOP((#10090,#10065,#10089));
#10769=IFCFACEOUTERBOUND(#10768,.T.);
#10770=IFCFACE((#10769));
#10771=IFCPOLYLOOP((#10092,#10054,#10093));
#10772=IFCFACEOUTERBOUND(#10771,.T.);
#10773=IFCFACE((#10772));
#10774=IFCPOLYLOOP((#10089,#10092,#10090));
#10775=IFCFACEOUTERBOUND(#10774,.T.);
#10776=IFCFACE((#10775));
#10777=IFCPOLYLOOP((#10054,#10077,#10093));
#10778=IFCFACEOUTERBOUND(#10777,.T.);
#10779=IFCFACE((#10778));
#10780=IFCPOLYLOOP((#10093,#10077,#10097));
#10781=IFCFACEOUTERBOUND(#10780,.T.);
#10782=IFCFACE((#10781));
#10783=IFCPOLYLOOP((#10094,#10082,#10081));
#10784=IFCFACEOUTERBOUND(#10783,.T.);
#10785=IFCFACE((#10784));
#10786=IFCPOLYLOOP((#10075,#10094,#10053));
#10787=IFCFACEOUTERBOUND(#10786,.T.);
#10788=IFCFACE((#10787));
#10789=IFCPOLYLOOP((#10088,#10095,#10061));
#10790=IFCFACEOUTERBOUND(#10789,.T.);
#10791=IFCFACE((#10790));
#10792=IFCPOLYLOOP((#10063,#10095,#10060));
#10793=IFCFACEOUTERBOUND(#10792,.T.);
#10794=IFCFACE((#10793));
#10795=IFCPOLYLOOP((#10047,#10096,#10063));
#10796=IFCFACEOUTERBOUND(#10795,.T.);
#10797=IFCFACE((#10796));
#10798=IFCPOLYLOOP((#10043,#10096,#10048));
#10799=IFCFACEOUTERBOUND(#10798,.T.);
#10800=IFCFACE((#10799));
#10801=IFCPOLYLOOP((#10093,#10097,#10078));
#10802=IFCFACEOUTERBOUND(#10801,.T.);
#10803=IFCFACE((#10802));
#10804=IFCPOLYLOOP((#10077,#10076,#10097));
#10805=IFCFACEOUTERBOUND(#10804,.T.);
#10806=IFCFACE((#10805));
#10807=IFCPOLYLOOP((#10132,#10150,#10151));
#10808=IFCFACEOUTERBOUND(#10807,.T.);
#10809=IFCFACE((#10808));
#10810=IFCPOLYLOOP((#10195,#10120,#10229));
#10811=IFCFACEOUTERBOUND(#10810,.T.);
#10812=IFCFACE((#10811));
#10813=IFCPOLYLOOP((#10264,#10239,#10199));
#10814=IFCFACEOUTERBOUND(#10813,.T.);
#10815=IFCFACE((#10814));
#10816=IFCPOLYLOOP((#10215,#10138,#10269));
#10817=IFCFACEOUTERBOUND(#10816,.T.);
#10818=IFCFACE((#10817));
#10819=IFCPOLYLOOP((#10152,#10173,#10181));
#10820=IFCFACEOUTERBOUND(#10819,.T.);
#10821=IFCFACE((#10820));
#10822=IFCPOLYLOOP((#10148,#10117,#10153));
#10823=IFCFACEOUTERBOUND(#10822,.T.);
#10824=IFCFACE((#10823));
#10825=IFCPOLYLOOP((#10201,#10164,#10243,#10125));
#10826=IFCFACEOUTERBOUND(#10825,.T.);
#10827=IFCFACE((#10826));
#10828=IFCPOLYLOOP((#10182,#10185,#10184));
#10829=IFCFACEOUTERBOUND(#10828,.T.);
#10830=IFCFACE((#10829));
#10831=IFCPOLYLOOP((#10145,#10144,#10130,#10146));
#10832=IFCFACEOUTERBOUND(#10831,.T.);
#10833=IFCFACE((#10832));
#10834=IFCPOLYLOOP((#10272,#10277,#10276,#10141));
#10835=IFCFACEOUTERBOUND(#10834,.T.);
#10836=IFCFACE((#10835));
#10837=IFCPOLYLOOP((#10266,#10267,#10209));
#10838=IFCFACEOUTERBOUND(#10837,.T.);
#10839=IFCFACE((#10838));
#10840=IFCPOLYLOOP((#10184,#10185,#10183));
#10841=IFCFACEOUTERBOUND(#10840,.T.);
#10842=IFCFACE((#10841));
#10843=IFCPOLYLOOP((#10268,#10263,#10208));
#10844=IFCFACEOUTERBOUND(#10843,.T.);
#10845=IFCFACE((#10844));
#10846=IFCPOLYLOOP((#10240,#10237,#10198));
#10847=IFCFACEOUTERBOUND(#10846,.T.);
#10848=IFCFACE((#10847));
#10849=IFCPOLYLOOP((#10175,#10115,#10173));
#10850=IFCFACEOUTERBOUND(#10849,.T.);
#10851=IFCFACE((#10850));
#10852=IFCPOLYLOOP((#10205,#10255,#10168));
#10853=IFCFACEOUTERBOUND(#10852,.T.);
#10854=IFCFACE((#10853));
#10855=IFCPOLYLOOP((#10117,#10148,#10146));
#10856=IFCFACEOUTERBOUND(#10855,.T.);
#10857=IFCFACE((#10856));
#10858=IFCPOLYLOOP((#10149,#10101,#10102));
#10859=IFCFACEOUTERBOUND(#10858,.T.);
#10860=IFCFACE((#10859));
#10861=IFCPOLYLOOP((#10099,#10100,#10144));
#10862=IFCFACEOUTERBOUND(#10861,.T.);
#10863=IFCFACE((#10862));
#10864=IFCPOLYLOOP((#10224,#10221,#10192));
#10865=IFCFACEOUTERBOUND(#10864,.T.);
#10866=IFCFACE((#10865));
#10867=IFCPOLYLOOP((#10259,#10260,#10207));
#10868=IFCFACEOUTERBOUND(#10867,.T.);
#10869=IFCFACE((#10868));
#10870=IFCPOLYLOOP((#10228,#10223,#10193));
#10871=IFCFACEOUTERBOUND(#10870,.T.);
#10872=IFCFACE((#10871));
#10873=IFCPOLYLOOP((#10230,#10226,#10194));
#10874=IFCFACEOUTERBOUND(#10873,.T.);
#10875=IFCFACE((#10874));
#10876=IFCPOLYLOOP((#10277,#10272,#10218));
#10877=IFCFACEOUTERBOUND(#10876,.T.);
#10878=IFCFACE((#10877));
#10879=IFCPOLYLOOP((#10203,#10250,#10166));
#10880=IFCFACEOUTERBOUND(#10879,.T.);
#10881=IFCFACE((#10880));
#10882=IFCPOLYLOOP((#10203,#10166,#10248,#10124));
#10883=IFCFACEOUTERBOUND(#10882,.T.);
#10884=IFCFACE((#10883));
#10885=IFCPOLYLOOP((#10201,#10245,#10164));
#10886=IFCFACEOUTERBOUND(#10885,.T.);
#10887=IFCFACE((#10886));
#10888=IFCPOLYLOOP((#10145,#10142,#10099));
#10889=IFCFACEOUTERBOUND(#10888,.T.);
#10890=IFCFACE((#10889));
#10891=IFCPOLYLOOP((#10149,#10150,#10132));
#10892=IFCFACEOUTERBOUND(#10891,.T.);
#10893=IFCFACE((#10892));
#10894=IFCPOLYLOOP((#10151,#10182,#10126));
#10895=IFCFACEOUTERBOUND(#10894,.T.);
#10896=IFCFACE((#10895));
#10897=IFCPOLYLOOP((#10129,#10145,#10148));
#10898=IFCFACEOUTERBOUND(#10897,.T.);
#10899=IFCFACE((#10898));
#10900=IFCPOLYLOOP((#10127,#10182,#10151));
#10901=IFCFACEOUTERBOUND(#10900,.T.);
#10902=IFCFACE((#10901));
#10903=IFCPOLYLOOP((#10102,#10150,#10149));
#10904=IFCFACEOUTERBOUND(#10903,.T.);
#10905=IFCFACE((#10904));
#10906=IFCPOLYLOOP((#10178,#10179,#10135));
#10907=IFCFACEOUTERBOUND(#10906,.T.);
#10908=IFCFACE((#10907));
#10909=IFCPOLYLOOP((#10205,#10168,#10253,#10134));
#10910=IFCFACEOUTERBOUND(#10909,.T.);
#10911=IFCFACE((#10910));
#10912=IFCPOLYLOOP((#10178,#10177,#10176));
#10913=IFCFACEOUTERBOUND(#10912,.T.);
#10914=IFCFACE((#10913));
#10915=IFCPOLYLOOP((#10270,#10271,#10215));
#10916=IFCFACEOUTERBOUND(#10915,.T.);
#10917=IFCFACE((#10916));
#10918=IFCPOLYLOOP((#10261,#10257,#10206));
#10919=IFCFACEOUTERBOUND(#10918,.T.);
#10920=IFCFACE((#10919));
#10921=IFCPOLYLOOP((#10259,#10217,#10189));
#10922=IFCFACEOUTERBOUND(#10921,.T.);
#10923=IFCFACE((#10922));
#10924=IFCPOLYLOOP((#10197,#10235,#10160));
#10925=IFCFACEOUTERBOUND(#10924,.T.);
#10926=IFCFACE((#10925));
#10927=IFCPOLYLOOP((#10197,#10160,#10233,#10140));
#10928=IFCFACEOUTERBOUND(#10927,.T.);
#10929=IFCFACE((#10928));
#10930=IFCPOLYLOOP((#10107,#10225,#10273,#10272));
#10931=IFCFACEOUTERBOUND(#10930,.T.);
#10932=IFCFACE((#10931));
#10933=IFCPOLYLOOP((#10142,#10098,#10099));
#10934=IFCFACEOUTERBOUND(#10933,.T.);
#10935=IFCFACE((#10934));
#10936=IFCPOLYLOOP((#10102,#10103,#10143));
#10937=IFCFACEOUTERBOUND(#10936,.T.);
#10938=IFCFACE((#10937));
#10939=IFCPOLYLOOP((#10144,#10145,#10099));
#10940=IFCFACEOUTERBOUND(#10939,.T.);
#10941=IFCFACE((#10940));
#10942=IFCPOLYLOOP((#10129,#10142,#10145));
#10943=IFCFACEOUTERBOUND(#10942,.T.);
#10944=IFCFACE((#10943));
#10945=IFCPOLYLOOP((#10148,#10116,#10147,#10129));
#10946=IFCFACEOUTERBOUND(#10945,.T.);
#10947=IFCFACE((#10946));
#10948=IFCPOLYLOOP((#10148,#10145,#10146));
#10949=IFCFACEOUTERBOUND(#10948,.T.);
#10950=IFCFACE((#10949));
#10951=IFCPOLYLOOP((#10270,#10220,#10192));
#10952=IFCFACEOUTERBOUND(#10951,.T.);
#10953=IFCFACE((#10952));
#10954=IFCPOLYLOOP((#10150,#10102,#10143));
#10955=IFCFACEOUTERBOUND(#10954,.T.);
#10956=IFCFACE((#10955));
#10957=IFCPOLYLOOP((#10143,#10131,#10150));
#10958=IFCFACEOUTERBOUND(#10957,.T.);
#10959=IFCFACE((#10958));
#10960=IFCPOLYLOOP((#10151,#10150,#10131));
#10961=IFCFACEOUTERBOUND(#10960,.T.);
#10962=IFCFACE((#10961));
#10963=IFCPOLYLOOP((#10127,#10151,#10131));
#10964=IFCFACEOUTERBOUND(#10963,.T.);
#10965=IFCFACE((#10964));
#10966=IFCPOLYLOOP((#10151,#10126,#10191,#10132));
#10967=IFCFACEOUTERBOUND(#10966,.T.);
#10968=IFCFACE((#10967));
#10969=IFCPOLYLOOP((#10148,#10153,#10116));
#10970=IFCFACEOUTERBOUND(#10969,.T.);
#10971=IFCFACE((#10970));
#10972=IFCPOLYLOOP((#10153,#10117,#10174));
#10973=IFCFACEOUTERBOUND(#10972,.T.);
#10974=IFCFACE((#10973));
#10975=IFCPOLYLOOP((#10173,#10114,#10175));
#10976=IFCFACEOUTERBOUND(#10975,.T.);
#10977=IFCFACE((#10976));
#10978=IFCPOLYLOOP((#10173,#10115,#10154));
#10979=IFCFACEOUTERBOUND(#10978,.T.);
#10980=IFCFACE((#10979));
#10981=IFCPOLYLOOP((#10153,#10181,#10116));
#10982=IFCFACEOUTERBOUND(#10981,.T.);
#10983=IFCFACE((#10982));
#10984=IFCPOLYLOOP((#10193,#10155,#10222,#10120));
#10985=IFCFACEOUTERBOUND(#10984,.T.);
#10986=IFCFACE((#10985));
#10987=IFCPOLYLOOP((#10273,#10225,#10194));
#10988=IFCFACEOUTERBOUND(#10987,.T.);
#10989=IFCFACE((#10988));
#10990=IFCPOLYLOOP((#10195,#10157,#10227));
#10991=IFCFACEOUTERBOUND(#10990,.T.);
#10992=IFCFACE((#10991));
#10993=IFCPOLYLOOP((#10231,#10235,#10234,#10159));
#10994=IFCFACEOUTERBOUND(#10993,.T.);
#10995=IFCFACE((#10994));
#10996=IFCPOLYLOOP((#10235,#10231,#10196));
#10997=IFCFACEOUTERBOUND(#10996,.T.);
#10998=IFCFACE((#10997));
#10999=IFCPOLYLOOP((#10198,#10109,#10236,#10161));
#11000=IFCFACEOUTERBOUND(#10999,.T.);
#11001=IFCFACE((#11000));
#11002=IFCPOLYLOOP((#10199,#10161,#10238,#10113));
#11003=IFCFACEOUTERBOUND(#11002,.T.);
#11004=IFCFACE((#11003));
#11005=IFCPOLYLOOP((#10163,#10200,#10245));
#11006=IFCFACEOUTERBOUND(#11005,.T.);
#11007=IFCFACE((#11006));
#11008=IFCPOLYLOOP((#10200,#10163,#10241,#10105));
#11009=IFCFACEOUTERBOUND(#11008,.T.);
#11010=IFCFACE((#11009));
#11011=IFCPOLYLOOP((#10246,#10250,#10249,#10165));
#11012=IFCFACEOUTERBOUND(#11011,.T.);
#11013=IFCFACE((#11012));
#11014=IFCPOLYLOOP((#10250,#10246,#10202));
#11015=IFCFACEOUTERBOUND(#11014,.T.);
#11016=IFCFACE((#11015));
#11017=IFCPOLYLOOP((#10167,#10204,#10255));
#11018=IFCFACEOUTERBOUND(#11017,.T.);
#11019=IFCFACE((#11018));
#11020=IFCPOLYLOOP((#10204,#10167,#10251,#10108));
#11021=IFCFACEOUTERBOUND(#11020,.T.);
#11022=IFCFACE((#11021));
#11023=IFCPOLYLOOP((#10206,#10106,#10256,#10169));
#11024=IFCFACEOUTERBOUND(#11023,.T.);
#11025=IFCFACE((#11024));
#11026=IFCPOLYLOOP((#10207,#10169,#10258,#10137));
#11027=IFCFACEOUTERBOUND(#11026,.T.);
#11028=IFCFACE((#11027));
#11029=IFCPOLYLOOP((#10208,#10113,#10262,#10171));
#11030=IFCFACEOUTERBOUND(#11029,.T.);
#11031=IFCFACE((#11030));
#11032=IFCPOLYLOOP((#10209,#10171,#10265,#10110));
#11033=IFCFACEOUTERBOUND(#11032,.T.);
#11034=IFCFACE((#11033));
#11035=IFCPOLYLOOP((#10181,#10173,#10154));
#11036=IFCFACEOUTERBOUND(#11035,.T.);
#11037=IFCFACE((#11036));
#11038=IFCPOLYLOOP((#10173,#10152,#10210,#10114));
#11039=IFCFACEOUTERBOUND(#11038,.T.);
#11040=IFCFACE((#11039));
#11041=IFCPOLYLOOP((#10179,#10134,#10211,#10135));
#11042=IFCFACEOUTERBOUND(#11041,.T.);
#11043=IFCFACE((#11042));
#11044=IFCPOLYLOOP((#10181,#10174,#10152));
#11045=IFCFACEOUTERBOUND(#11044,.T.);
#11046=IFCFACE((#11045));
#11047=IFCPOLYLOOP((#10178,#10180,#10175));
#11048=IFCFACEOUTERBOUND(#11047,.T.);
#11049=IFCFACE((#11048));
#11050=IFCPOLYLOOP((#10175,#10177,#10178));
#11051=IFCFACEOUTERBOUND(#11050,.T.);
#11052=IFCFACE((#11051));
#11053=IFCPOLYLOOP((#10175,#10114,#10177));
#11054=IFCFACEOUTERBOUND(#11053,.T.);
#11055=IFCFACE((#11054));
#11056=IFCPOLYLOOP((#10178,#10176,#10179));
#11057=IFCFACEOUTERBOUND(#11056,.T.);
#11058=IFCFACE((#11057));
#11059=IFCPOLYLOOP((#10116,#10181,#10154));
#11060=IFCFACEOUTERBOUND(#11059,.T.);
#11061=IFCFACE((#11060));
#11062=IFCPOLYLOOP((#10179,#10176,#10212,#10133));
#11063=IFCFACEOUTERBOUND(#11062,.T.);
#11064=IFCFACE((#11063));
#11065=IFCPOLYLOOP((#10205,#10179,#10133));
#11066=IFCFACEOUTERBOUND(#11065,.T.);
#11067=IFCFACE((#11066));
#11068=IFCPOLYLOOP((#10180,#10178,#10135));
#11069=IFCFACEOUTERBOUND(#11068,.T.);
#11070=IFCFACE((#11069));
#11071=IFCPOLYLOOP((#10180,#10115,#10175));
#11072=IFCFACEOUTERBOUND(#11071,.T.);
#11073=IFCFACE((#11072));
#11074=IFCPOLYLOOP((#10174,#10181,#10153));
#11075=IFCFACEOUTERBOUND(#11074,.T.);
#11076=IFCFACE((#11075));
#11077=IFCPOLYLOOP((#10185,#10187,#10128));
#11078=IFCFACEOUTERBOUND(#11077,.T.);
#11079=IFCFACE((#11078));
#11080=IFCPOLYLOOP((#10128,#10186,#10185));
#11081=IFCFACEOUTERBOUND(#11080,.T.);
#11082=IFCFACE((#11081));
#11083=IFCPOLYLOOP((#10185,#10186,#10183));
#11084=IFCFACEOUTERBOUND(#11083,.T.);
#11085=IFCFACE((#11084));
#11086=IFCPOLYLOOP((#10187,#10185,#10182));
#11087=IFCFACEOUTERBOUND(#11086,.T.);
#11088=IFCFACE((#11087));
#11089=IFCPOLYLOOP((#10184,#10126,#10182));
#11090=IFCFACEOUTERBOUND(#11089,.T.);
#11091=IFCFACE((#11090));
#11092=IFCPOLYLOOP((#10186,#10128,#10213,#10111));
#11093=IFCFACEOUTERBOUND(#11092,.T.);
#11094=IFCFACE((#11093));
#11095=IFCPOLYLOOP((#10263,#10268,#10172));
#11096=IFCFACEOUTERBOUND(#11095,.T.);
#11097=IFCFACE((#11096));
#11098=IFCPOLYLOOP((#10266,#10214,#10186));
#11099=IFCFACEOUTERBOUND(#11098,.T.);
#11100=IFCFACE((#11099));
#11101=IFCPOLYLOOP((#10182,#10127,#10187));
#11102=IFCFACEOUTERBOUND(#11101,.T.);
#11103=IFCFACE((#11102));
#11104=IFCPOLYLOOP((#10257,#10261,#10170));
#11105=IFCFACEOUTERBOUND(#11104,.T.);
#11106=IFCFACE((#11105));
#11107=IFCPOLYLOOP((#10189,#10188,#10216,#10136));
#11108=IFCFACEOUTERBOUND(#11107,.T.);
#11109=IFCFACE((#11108));
#11110=IFCPOLYLOOP((#10215,#10189,#10138));
#11111=IFCFACEOUTERBOUND(#11110,.T.);
#11112=IFCFACE((#11111));
#11113=IFCPOLYLOOP((#10155,#10193,#10224));
#11114=IFCFACEOUTERBOUND(#11113,.T.);
#11115=IFCFACE((#11114));
#11116=IFCPOLYLOOP((#10219,#10190,#10275,#10139));
#11117=IFCFACEOUTERBOUND(#11116,.T.);
#11118=IFCFACE((#11117));
#11119=IFCPOLYLOOP((#10104,#10273,#10194));
#11120=IFCFACEOUTERBOUND(#11119,.T.);
#11121=IFCFACE((#11120));
#11122=IFCPOLYLOOP((#10226,#10230,#10229,#10158));
#11123=IFCFACEOUTERBOUND(#11122,.T.);
#11124=IFCFACE((#11123));
#11125=IFCPOLYLOOP((#10193,#10223,#10224));
#11126=IFCFACEOUTERBOUND(#11125,.T.);
#11127=IFCFACE((#11126));
#11128=IFCPOLYLOOP((#10157,#10195,#10230));
#11129=IFCFACEOUTERBOUND(#11128,.T.);
#11130=IFCFACE((#11129));
#11131=IFCPOLYLOOP((#10273,#10104,#10218));
#11132=IFCFACEOUTERBOUND(#11131,.T.);
#11133=IFCFACE((#11132));
#11134=IFCPOLYLOOP((#10227,#10228,#10195));
#11135=IFCFACEOUTERBOUND(#11134,.T.);
#11136=IFCFACE((#11135));
#11137=IFCPOLYLOOP((#10195,#10229,#10230));
#11138=IFCFACEOUTERBOUND(#11137,.T.);
#11139=IFCFACE((#11138));
#11140=IFCPOLYLOOP((#10202,#10196,#10123));
#11141=IFCFACEOUTERBOUND(#11140,.T.);
#11142=IFCFACE((#11141));
#11143=IFCPOLYLOOP((#10196,#10122,#10232,#10160));
#11144=IFCFACEOUTERBOUND(#11143,.T.);
#11145=IFCFACE((#11144));
#11146=IFCPOLYLOOP((#10219,#10197,#10140));
#11147=IFCFACEOUTERBOUND(#11146,.T.);
#11148=IFCFACE((#11147));
#11149=IFCPOLYLOOP((#10197,#10139,#10234));
#11150=IFCFACEOUTERBOUND(#11149,.T.);
#11151=IFCFACE((#11150));
#11152=IFCPOLYLOOP((#10161,#10199,#10240));
#11153=IFCFACEOUTERBOUND(#11152,.T.);
#11154=IFCFACE((#11153));
#11155=IFCPOLYLOOP((#10206,#10198,#10106));
#11156=IFCFACEOUTERBOUND(#11155,.T.);
#11157=IFCFACE((#11156));
#11158=IFCPOLYLOOP((#10113,#10208,#10264));
#11159=IFCFACEOUTERBOUND(#11158,.T.);
#11160=IFCFACE((#11159));
#11161=IFCPOLYLOOP((#10240,#10199,#10162));
#11162=IFCFACEOUTERBOUND(#11161,.T.);
#11163=IFCFACE((#11162));
#11164=IFCPOLYLOOP((#10204,#10200,#10105));
#11165=IFCFACEOUTERBOUND(#11164,.T.);
#11166=IFCFACE((#11165));
#11167=IFCPOLYLOOP((#10200,#10108,#10242));
#11168=IFCFACEOUTERBOUND(#11167,.T.);
#11169=IFCFACE((#11168));
#11170=IFCPOLYLOOP((#10203,#10201,#10125));
#11171=IFCFACEOUTERBOUND(#11170,.T.);
#11172=IFCFACE((#11171));
#11173=IFCPOLYLOOP((#10201,#10124,#10244));
#11174=IFCFACEOUTERBOUND(#11173,.T.);
#11175=IFCFACE((#11174));
#11176=IFCPOLYLOOP((#10196,#10202,#10122));
#11177=IFCFACEOUTERBOUND(#11176,.T.);
#11178=IFCFACE((#11177));
#11179=IFCPOLYLOOP((#10202,#10123,#10247));
#11180=IFCFACEOUTERBOUND(#11179,.T.);
#11181=IFCFACE((#11180));
#11182=IFCPOLYLOOP((#10201,#10203,#10124));
#11183=IFCFACEOUTERBOUND(#11182,.T.);
#11184=IFCFACE((#11183));
#11185=IFCPOLYLOOP((#10203,#10125,#10249));
#11186=IFCFACEOUTERBOUND(#11185,.T.);
#11187=IFCFACE((#11186));
#11188=IFCPOLYLOOP((#10200,#10204,#10108));
#11189=IFCFACEOUTERBOUND(#11188,.T.);
#11190=IFCFACE((#11189));
#11191=IFCPOLYLOOP((#10204,#10105,#10252));
#11192=IFCFACEOUTERBOUND(#11191,.T.);
#11193=IFCFACE((#11192));
#11194=IFCPOLYLOOP((#10179,#10205,#10134));
#11195=IFCFACEOUTERBOUND(#11194,.T.);
#11196=IFCFACE((#11195));
#11197=IFCPOLYLOOP((#10205,#10133,#10254));
#11198=IFCFACEOUTERBOUND(#11197,.T.);
#11199=IFCFACE((#11198));
#11200=IFCPOLYLOOP((#10169,#10207,#10261));
#11201=IFCFACEOUTERBOUND(#11200,.T.);
#11202=IFCFACE((#11201));
#11203=IFCPOLYLOOP((#10198,#10206,#10109));
#11204=IFCFACEOUTERBOUND(#11203,.T.);
#11205=IFCFACE((#11204));
#11206=IFCPOLYLOOP((#10207,#10137,#10259));
#11207=IFCFACEOUTERBOUND(#11206,.T.);
#11208=IFCFACE((#11207));
#11209=IFCPOLYLOOP((#10261,#10207,#10170));
#11210=IFCFACEOUTERBOUND(#11209,.T.);
#11211=IFCFACE((#11210));
#11212=IFCPOLYLOOP((#10171,#10209,#10268));
#11213=IFCFACEOUTERBOUND(#11212,.T.);
#11214=IFCFACE((#11213));
#11215=IFCPOLYLOOP((#10264,#10208,#10112));
#11216=IFCFACEOUTERBOUND(#11215,.T.);
#11217=IFCFACE((#11216));
#11218=IFCPOLYLOOP((#10209,#10110,#10266));
#11219=IFCFACEOUTERBOUND(#11218,.T.);
#11220=IFCFACE((#11219));
#11221=IFCPOLYLOOP((#10268,#10209,#10172));
#11222=IFCFACEOUTERBOUND(#11221,.T.);
#11223=IFCFACE((#11222));
#11224=IFCPOLYLOOP((#10269,#10270,#10215));
#11225=IFCFACEOUTERBOUND(#11224,.T.);
#11226=IFCFACE((#11225));
#11227=IFCPOLYLOOP((#10214,#10183,#10186));
#11228=IFCFACEOUTERBOUND(#11227,.T.);
#11229=IFCFACE((#11228));
#11230=IFCPOLYLOOP((#10189,#10215,#10188));
#11231=IFCFACEOUTERBOUND(#11230,.T.);
#11232=IFCFACE((#11231));
#11233=IFCPOLYLOOP((#10218,#10104,#10274,#10190));
#11234=IFCFACEOUTERBOUND(#11233,.T.);
#11235=IFCFACE((#11234));
#11236=IFCPOLYLOOP((#10217,#10138,#10189));
#11237=IFCFACEOUTERBOUND(#11236,.T.);
#11238=IFCFACE((#11237));
#11239=IFCPOLYLOOP((#10277,#10190,#10219));
#11240=IFCFACEOUTERBOUND(#11239,.T.);
#11241=IFCFACE((#11240));
#11242=IFCPOLYLOOP((#10197,#10219,#10139));
#11243=IFCFACEOUTERBOUND(#11242,.T.);
#11244=IFCFACE((#11243));
#11245=IFCPOLYLOOP((#10219,#10140,#10276));
#11246=IFCFACEOUTERBOUND(#11245,.T.);
#11247=IFCFACE((#11246));
#11248=IFCPOLYLOOP((#10221,#10224,#10223,#10156));
#11249=IFCFACEOUTERBOUND(#11248,.T.);
#11250=IFCFACE((#11249));
#11251=IFCPOLYLOOP((#10155,#10192,#10220));
#11252=IFCFACEOUTERBOUND(#11251,.T.);
#11253=IFCFACE((#11252));
#11254=IFCPOLYLOOP((#10221,#10118,#10192));
#11255=IFCFACEOUTERBOUND(#11254,.T.);
#11256=IFCFACE((#11255));
#11257=IFCPOLYLOOP((#10155,#10224,#10192));
#11258=IFCFACEOUTERBOUND(#11257,.T.);
#11259=IFCFACE((#11258));
#11260=IFCPOLYLOOP((#10223,#10228,#10227,#10121));
#11261=IFCFACEOUTERBOUND(#11260,.T.);
#11262=IFCFACE((#11261));
#11263=IFCPOLYLOOP((#10157,#10194,#10225));
#11264=IFCFACEOUTERBOUND(#11263,.T.);
#11265=IFCFACE((#11264));
#11266=IFCPOLYLOOP((#10226,#10104,#10194));
#11267=IFCFACEOUTERBOUND(#11266,.T.);
#11268=IFCFACE((#11267));
#11269=IFCPOLYLOOP((#10120,#10228,#10193));
#11270=IFCFACEOUTERBOUND(#11269,.T.);
#11271=IFCFACE((#11270));
#11272=IFCPOLYLOOP((#10120,#10195,#10228));
#11273=IFCFACEOUTERBOUND(#11272,.T.);
#11274=IFCFACE((#11273));
#11275=IFCPOLYLOOP((#10157,#10230,#10194));
#11276=IFCFACEOUTERBOUND(#11275,.T.);
#11277=IFCFACE((#11276));
#11278=IFCPOLYLOOP((#10160,#10235,#10196));
#11279=IFCFACEOUTERBOUND(#11278,.T.);
#11280=IFCFACE((#11279));
#11281=IFCPOLYLOOP((#10231,#10123,#10196));
#11282=IFCFACEOUTERBOUND(#11281,.T.);
#11283=IFCFACE((#11282));
#11284=IFCPOLYLOOP((#10234,#10235,#10197));
#11285=IFCFACEOUTERBOUND(#11284,.T.);
#11286=IFCFACE((#11285));
#11287=IFCPOLYLOOP((#10237,#10240,#10162));
#11288=IFCFACEOUTERBOUND(#11287,.T.);
#11289=IFCFACE((#11288));
#11290=IFCPOLYLOOP((#10237,#10106,#10198));
#11291=IFCFACEOUTERBOUND(#11290,.T.);
#11292=IFCFACE((#11291));
#11293=IFCPOLYLOOP((#10239,#10162,#10199));
#11294=IFCFACEOUTERBOUND(#11293,.T.);
#11295=IFCFACE((#11294));
#11296=IFCPOLYLOOP((#10161,#10240,#10198));
#11297=IFCFACEOUTERBOUND(#11296,.T.);
#11298=IFCFACE((#11297));
#11299=IFCPOLYLOOP((#10245,#10200,#10242));
#11300=IFCFACEOUTERBOUND(#11299,.T.);
#11301=IFCFACE((#11300));
#11302=IFCPOLYLOOP((#10245,#10242,#10164));
#11303=IFCFACEOUTERBOUND(#11302,.T.);
#11304=IFCFACE((#11303));
#11305=IFCPOLYLOOP((#10245,#10244,#10163));
#11306=IFCFACEOUTERBOUND(#11305,.T.);
#11307=IFCFACE((#11306));
#11308=IFCPOLYLOOP((#10244,#10245,#10201));
#11309=IFCFACEOUTERBOUND(#11308,.T.);
#11310=IFCFACE((#11309));
#11311=IFCPOLYLOOP((#10250,#10202,#10247));
#11312=IFCFACEOUTERBOUND(#11311,.T.);
#11313=IFCFACE((#11312));
#11314=IFCPOLYLOOP((#10122,#10202,#10246));
#11315=IFCFACEOUTERBOUND(#11314,.T.);
#11316=IFCFACE((#11315));
#11317=IFCPOLYLOOP((#10250,#10247,#10166));
#11318=IFCFACEOUTERBOUND(#11317,.T.);
#11319=IFCFACE((#11318));
#11320=IFCPOLYLOOP((#10249,#10250,#10203));
#11321=IFCFACEOUTERBOUND(#11320,.T.);
#11322=IFCFACE((#11321));
#11323=IFCPOLYLOOP((#10255,#10204,#10252));
#11324=IFCFACEOUTERBOUND(#11323,.T.);
#11325=IFCFACE((#11324));
#11326=IFCPOLYLOOP((#10255,#10252,#10168));
#11327=IFCFACEOUTERBOUND(#11326,.T.);
#11328=IFCFACE((#11327));
#11329=IFCPOLYLOOP((#10255,#10254,#10167));
#11330=IFCFACEOUTERBOUND(#11329,.T.);
#11331=IFCFACE((#11330));
#11332=IFCPOLYLOOP((#10254,#10255,#10205));
#11333=IFCFACEOUTERBOUND(#11332,.T.);
#11334=IFCFACE((#11333));
#11335=IFCPOLYLOOP((#10217,#10259,#10137));
#11336=IFCFACEOUTERBOUND(#11335,.T.);
#11337=IFCFACE((#11336));
#11338=IFCPOLYLOOP((#10257,#10109,#10206));
#11339=IFCFACEOUTERBOUND(#11338,.T.);
#11340=IFCFACE((#11339));
#11341=IFCPOLYLOOP((#10136,#10259,#10189));
#11342=IFCFACEOUTERBOUND(#11341,.T.);
#11343=IFCFACE((#11342));
#11344=IFCPOLYLOOP((#10260,#10259,#10136));
#11345=IFCFACEOUTERBOUND(#11344,.T.);
#11346=IFCFACE((#11345));
#11347=IFCPOLYLOOP((#10260,#10170,#10207));
#11348=IFCFACEOUTERBOUND(#11347,.T.);
#11349=IFCFACE((#11348));
#11350=IFCPOLYLOOP((#10169,#10261,#10206));
#11351=IFCFACEOUTERBOUND(#11350,.T.);
#11352=IFCFACE((#11351));
#11353=IFCPOLYLOOP((#10239,#10264,#10112));
#11354=IFCFACEOUTERBOUND(#11353,.T.);
#11355=IFCFACE((#11354));
#11356=IFCPOLYLOOP((#10263,#10112,#10208));
#11357=IFCFACEOUTERBOUND(#11356,.T.);
#11358=IFCFACE((#11357));
#11359=IFCPOLYLOOP((#10113,#10264,#10199));
#11360=IFCFACEOUTERBOUND(#11359,.T.);
#11361=IFCFACE((#11360));
#11362=IFCPOLYLOOP((#10214,#10266,#10110));
#11363=IFCFACEOUTERBOUND(#11362,.T.);
#11364=IFCFACE((#11363));
#11365=IFCPOLYLOOP((#10111,#10266,#10186));
#11366=IFCFACEOUTERBOUND(#11365,.T.);
#11367=IFCFACE((#11366));
#11368=IFCPOLYLOOP((#10267,#10266,#10111));
#11369=IFCFACEOUTERBOUND(#11368,.T.);
#11370=IFCFACE((#11369));
#11371=IFCPOLYLOOP((#10267,#10172,#10209));
#11372=IFCFACEOUTERBOUND(#11371,.T.);
#11373=IFCFACE((#11372));
#11374=IFCPOLYLOOP((#10171,#10268,#10208));
#11375=IFCFACEOUTERBOUND(#11374,.T.);
#11376=IFCFACE((#11375));
#11377=IFCPOLYLOOP((#10220,#10270,#10269,#10119));
#11378=IFCFACEOUTERBOUND(#11377,.T.);
#11379=IFCFACE((#11378));
#11380=IFCPOLYLOOP((#10118,#10270,#10192));
#11381=IFCFACEOUTERBOUND(#11380,.T.);
#11382=IFCFACE((#11381));
#11383=IFCPOLYLOOP((#10271,#10270,#10118));
#11384=IFCFACEOUTERBOUND(#11383,.T.);
#11385=IFCFACE((#11384));
#11386=IFCPOLYLOOP((#10271,#10188,#10215));
#11387=IFCFACEOUTERBOUND(#11386,.T.);
#11388=IFCFACE((#11387));
#11389=IFCPOLYLOOP((#10272,#10273,#10218));
#11390=IFCFACEOUTERBOUND(#11389,.T.);
#11391=IFCFACE((#11390));
#11392=IFCPOLYLOOP((#10190,#10277,#10218));
#11393=IFCFACEOUTERBOUND(#11392,.T.);
#11394=IFCFACE((#11393));
#11395=IFCPOLYLOOP((#10276,#10277,#10219));
#11396=IFCFACEOUTERBOUND(#11395,.T.);
#11397=IFCFACE((#11396));
#11398=IFCPOLYLOOP((#10278,#10098,#10142,#10129,#10147,#10116,#10154,#10115,#10180,#10135,#10211,#10134,#10253,#10168,#10252,#10105,#10241,#10163,#10244,#10124,#10248,#10166,#10247,#10123,#10231,#10159,#10234,#10139,#10275,#10190,#10274,#10104,#10226,#10158,#10229,#10120,#10222,#10155,#10220,#10119,#10269,#10138,#10217,#10137,#10258,#10169,#10256,#10106,#10237,#10162,#10239,#10112,#10263,#10172,#10267,#10111,#10213,#10128,#10187,#10127,#10131,#10143,#10103,#10279));
#11399=IFCFACEOUTERBOUND(#11398,.T.);
#11400=IFCFACE((#11399));
#11401=IFCPOLYLOOP((#10042,#10041,#10280,#10281));
#11402=IFCFACEOUTERBOUND(#11401,.T.);
#11403=IFCFACE((#11402));
#11404=IFCPOLYLOOP((#10045,#10282,#10283,#10286,#10288,#10046));
#11405=IFCFACEOUTERBOUND(#11404,.T.);
#11406=IFCFACE((#11405));
#11407=IFCPOLYLOOP((#10289,#10291,#10287,#10290));
#11408=IFCFACEOUTERBOUND(#11407,.T.);
#11409=IFCFACE((#11408));
#11410=IFCPOLYLOOP((#10290,#10049,#10292));
#11411=IFCFACEOUTERBOUND(#11410,.T.);
#11412=IFCFACE((#11411));
#11413=IFCPOLYLOOP((#10283,#10284,#10293));
#11414=IFCFACEOUTERBOUND(#11413,.T.);
#11415=IFCFACE((#11414));
#11416=IFCPOLYLOOP((#10289,#10286,#10293));
#11417=IFCFACEOUTERBOUND(#11416,.T.);
#11418=IFCFACE((#11417));
#11419=IFCPOLYLOOP((#10046,#10288,#10292));
#11420=IFCFACEOUTERBOUND(#11419,.T.);
#11421=IFCFACE((#11420));
#11422=IFCPOLYLOOP((#10289,#10288,#10286));
#11423=IFCFACEOUTERBOUND(#11422,.T.);
#11424=IFCFACE((#11423));
#11425=IFCPOLYLOOP((#10291,#10289,#10293));
#11426=IFCFACEOUTERBOUND(#11425,.T.);
#11427=IFCFACE((#11426));
#11428=IFCPOLYLOOP((#10290,#10292,#10289));
#11429=IFCFACEOUTERBOUND(#11428,.T.);
#11430=IFCFACE((#11429));
#11431=IFCPOLYLOOP((#10292,#10288,#10289));
#11432=IFCFACEOUTERBOUND(#11431,.T.);
#11433=IFCFACE((#11432));
#11434=IFCPOLYLOOP((#10290,#10050,#10049));
#11435=IFCFACEOUTERBOUND(#11434,.T.);
#11436=IFCFACE((#11435));
#11437=IFCPOLYLOOP((#10284,#10285,#10291));
#11438=IFCFACEOUTERBOUND(#11437,.T.);
#11439=IFCFACE((#11438));
#11440=IFCPOLYLOOP((#10046,#10292,#10049));
#11441=IFCFACEOUTERBOUND(#11440,.T.);
#11442=IFCFACE((#11441));
#11443=IFCPOLYLOOP((#10283,#10293,#10286));
#11444=IFCFACEOUTERBOUND(#11443,.T.);
#11445=IFCFACE((#11444));
#11446=IFCPOLYLOOP((#10291,#10293,#10284));
#11447=IFCFACEOUTERBOUND(#11446,.T.);
#11448=IFCFACE((#11447));
#11449=IFCPOLYLOOP((#10304,#10309,#10313));
#11450=IFCFACEOUTERBOUND(#11449,.T.);
#11451=IFCFACE((#11450));
#11452=IFCPOLYLOOP((#10325,#10324,#10320));
#11453=IFCFACEOUTERBOUND(#11452,.T.);
#11454=IFCFACE((#11453));
#11455=IFCPOLYLOOP((#10314,#10326,#10307));
#11456=IFCFACEOUTERBOUND(#11455,.T.);
#11457=IFCFACE((#11456));
#11458=IFCPOLYLOOP((#10320,#10299,#10318));
#11459=IFCFACEOUTERBOUND(#11458,.T.);
#11460=IFCFACE((#11459));
#11461=IFCPOLYLOOP((#10300,#10314,#10307));
#11462=IFCFACEOUTERBOUND(#11461,.T.);
#11463=IFCFACE((#11462));
#11464=IFCPOLYLOOP((#10317,#10321,#10314));
#11465=IFCFACEOUTERBOUND(#11464,.T.);
#11466=IFCFACE((#11465));
#11467=IFCPOLYLOOP((#10295,#10311,#10326));
#11468=IFCFACEOUTERBOUND(#11467,.T.);
#11469=IFCFACE((#11468));
#11470=IFCPOLYLOOP((#10310,#10318,#10299));
#11471=IFCFACEOUTERBOUND(#11470,.T.);
#11472=IFCFACE((#11471));
#11473=IFCPOLYLOOP((#10301,#10318,#10306));
#11474=IFCFACEOUTERBOUND(#11473,.T.);
#11475=IFCFACE((#11474));
#11476=IFCPOLYLOOP((#10298,#10324,#10319));
#11477=IFCFACEOUTERBOUND(#11476,.T.);
#11478=IFCFACE((#11477));
#11479=IFCPOLYLOOP((#10317,#10314,#10300));
#11480=IFCFACEOUTERBOUND(#11479,.T.);
#11481=IFCFACE((#11480));
#11482=IFCPOLYLOOP((#10304,#10313,#10322));
#11483=IFCFACEOUTERBOUND(#11482,.T.);
#11484=IFCFACE((#11483));
#11485=IFCPOLYLOOP((#10305,#10306,#10322));
#11486=IFCFACEOUTERBOUND(#11485,.T.);
#11487=IFCFACE((#11486));
#11488=IFCPOLYLOOP((#10306,#10318,#10322));
#11489=IFCFACEOUTERBOUND(#11488,.T.);
#11490=IFCFACE((#11489));
#11491=IFCPOLYLOOP((#10294,#10295,#10326));
#11492=IFCFACEOUTERBOUND(#11491,.T.);
#11493=IFCFACE((#11492));
#11494=IFCPOLYLOOP((#10102,#10101,#10312));
#11495=IFCFACEOUTERBOUND(#11494,.T.);
#11496=IFCFACE((#11495));
#11497=IFCPOLYLOOP((#10305,#10313,#10312));
#11498=IFCFACEOUTERBOUND(#11497,.T.);
#11499=IFCFACE((#11498));
#11500=IFCPOLYLOOP((#10309,#10103,#10102));
#11501=IFCFACEOUTERBOUND(#11500,.T.);
#11502=IFCFACE((#11501));
#11503=IFCPOLYLOOP((#10295,#10296,#10311));
#11504=IFCFACEOUTERBOUND(#11503,.T.);
#11505=IFCFACE((#11504));
#11506=IFCPOLYLOOP((#10314,#10303,#10326));
#11507=IFCFACEOUTERBOUND(#11506,.T.);
#11508=IFCFACE((#11507));
#11509=IFCPOLYLOOP((#10312,#10313,#10102));
#11510=IFCFACEOUTERBOUND(#11509,.T.);
#11511=IFCFACE((#11510));
#11512=IFCPOLYLOOP((#10102,#10313,#10309));
#11513=IFCFACEOUTERBOUND(#11512,.T.);
#11514=IFCFACE((#11513));
#11515=IFCPOLYLOOP((#10303,#10314,#10321));
#11516=IFCFACEOUTERBOUND(#11515,.T.);
#11517=IFCFACE((#11516));
#11518=IFCPOLYLOOP((#10326,#10303,#10308,#10294));
#11519=IFCFACEOUTERBOUND(#11518,.T.);
#11520=IFCFACE((#11519));
#11521=IFCPOLYLOOP((#10300,#10315,#10317));
#11522=IFCFACEOUTERBOUND(#11521,.T.);
#11523=IFCFACE((#11522));
#11524=IFCPOLYLOOP((#10316,#10319,#10324));
#11525=IFCFACEOUTERBOUND(#11524,.T.);
#11526=IFCFACE((#11525));
#11527=IFCPOLYLOOP((#10297,#10319,#10316));
#11528=IFCFACEOUTERBOUND(#11527,.T.);
#11529=IFCFACE((#11528));
#11530=IFCPOLYLOOP((#10319,#10317,#10315));
#11531=IFCFACEOUTERBOUND(#11530,.T.);
#11532=IFCFACE((#11531));
#11533=IFCPOLYLOOP((#10318,#10301,#10320));
#11534=IFCFACEOUTERBOUND(#11533,.T.);
#11535=IFCFACE((#11534));
#11536=IFCPOLYLOOP((#10310,#10304,#10322));
#11537=IFCFACEOUTERBOUND(#11536,.T.);
#11538=IFCFACE((#11537));
#11539=IFCPOLYLOOP((#10317,#10319,#10297));
#11540=IFCFACEOUTERBOUND(#11539,.T.);
#11541=IFCFACE((#11540));
#11542=IFCPOLYLOOP((#10298,#10319,#10315));
#11543=IFCFACEOUTERBOUND(#11542,.T.);
#11544=IFCFACE((#11543));
#11545=IFCPOLYLOOP((#10324,#10325,#10302,#10316));
#11546=IFCFACEOUTERBOUND(#11545,.T.);
#11547=IFCFACE((#11546));
#11548=IFCPOLYLOOP((#10320,#10324,#10323));
#11549=IFCFACEOUTERBOUND(#11548,.T.);
#11550=IFCFACE((#11549));
#11551=IFCPOLYLOOP((#10317,#10297,#10321));
#11552=IFCFACEOUTERBOUND(#11551,.T.);
#11553=IFCFACE((#11552));
#11554=IFCPOLYLOOP((#10322,#10313,#10305));
#11555=IFCFACEOUTERBOUND(#11554,.T.);
#11556=IFCFACE((#11555));
#11557=IFCPOLYLOOP((#10310,#10322,#10318));
#11558=IFCFACEOUTERBOUND(#11557,.T.);
#11559=IFCFACE((#11558));
#11560=IFCPOLYLOOP((#10323,#10324,#10298));
#11561=IFCFACEOUTERBOUND(#11560,.T.);
#11562=IFCFACE((#11561));
#11563=IFCPOLYLOOP((#10323,#10299,#10320));
#11564=IFCFACEOUTERBOUND(#11563,.T.);
#11565=IFCFACE((#11564));
#11566=IFCPOLYLOOP((#10320,#10301,#10325));
#11567=IFCFACEOUTERBOUND(#11566,.T.);
#11568=IFCFACE((#11567));
#11569=IFCPOLYLOOP((#10326,#10311,#10307));
#11570=IFCFACEOUTERBOUND(#11569,.T.);
#11571=IFCFACE((#11570));
#11572=IFCPOLYLOOP((#10279,#10103,#10309,#10304,#10310,#10299,#10323,#10298,#10315,#10300,#10307,#10311,#10296,#10327));
#11573=IFCFACEOUTERBOUND(#11572,.T.);
#11574=IFCFACE((#11573));
#11575=IFCPOLYLOOP((#10281,#10280,#10328,#10329));
#11576=IFCFACEOUTERBOUND(#11575,.T.);
#11577=IFCFACE((#11576));
#11578=IFCPOLYLOOP((#10283,#10282,#10330,#10331,#10342,#10341,#10365,#10339,#10352,#10351,#10360,#10337,#10374,#10347,#10369,#10338,#10345,#10344,#10354));
#11579=IFCFACEOUTERBOUND(#11578,.T.);
#11580=IFCFACE((#11579));
#11581=IFCPOLYLOOP((#10362,#10353,#10340));
#11582=IFCFACEOUTERBOUND(#11581,.T.);
#11583=IFCFACE((#11582));
#11584=IFCPOLYLOOP((#10355,#10371,#10367));
#11585=IFCFACEOUTERBOUND(#11584,.T.);
#11586=IFCFACE((#11585));
#11587=IFCPOLYLOOP((#10354,#10378,#10379));
#11588=IFCFACEOUTERBOUND(#11587,.T.);
#11589=IFCFACE((#11588));
#11590=IFCPOLYLOOP((#10340,#10364,#10362));
#11591=IFCFACEOUTERBOUND(#11590,.T.);
#11592=IFCFACE((#11591));
#11593=IFCPOLYLOOP((#10378,#10354,#10344));
#11594=IFCFACEOUTERBOUND(#11593,.T.);
#11595=IFCFACE((#11594));
#11596=IFCPOLYLOOP((#10356,#10357,#10358));
#11597=IFCFACEOUTERBOUND(#11596,.T.);
#11598=IFCFACE((#11597));
#11599=IFCPOLYLOOP((#10345,#10338,#10367));
#11600=IFCFACEOUTERBOUND(#11599,.T.);
#11601=IFCFACE((#11600));
#11602=IFCPOLYLOOP((#10348,#10349,#10370));
#11603=IFCFACEOUTERBOUND(#11602,.T.);
#11604=IFCFACE((#11603));
#11605=IFCPOLYLOOP((#10359,#10361,#10380));
#11606=IFCFACEOUTERBOUND(#11605,.T.);
#11607=IFCFACE((#11606));
#11608=IFCPOLYLOOP((#10374,#10375,#10372));
#11609=IFCFACEOUTERBOUND(#11608,.T.);
#11610=IFCFACE((#11609));
#11611=IFCPOLYLOOP((#10377,#10364,#10363));
#11612=IFCFACEOUTERBOUND(#11611,.T.);
#11613=IFCFACE((#11612));
#11614=IFCPOLYLOOP((#10366,#10331,#10332));
#11615=IFCFACEOUTERBOUND(#11614,.T.);
#11616=IFCFACE((#11615));
#11617=IFCPOLYLOOP((#10353,#10362,#10366));
#11618=IFCFACEOUTERBOUND(#11617,.T.);
#11619=IFCFACE((#11618));
#11620=IFCPOLYLOOP((#10379,#10378,#10346));
#11621=IFCFACEOUTERBOUND(#11620,.T.);
#11622=IFCFACE((#11621));
#11623=IFCPOLYLOOP((#10348,#10370,#10372));
#11624=IFCFACEOUTERBOUND(#11623,.T.);
#11625=IFCFACE((#11624));
#11626=IFCPOLYLOOP((#10371,#10345,#10367));
#11627=IFCFACEOUTERBOUND(#11626,.T.);
#11628=IFCFACE((#11627));
#11629=IFCPOLYLOOP((#10283,#10354,#10379));
#11630=IFCFACEOUTERBOUND(#11629,.T.);
#11631=IFCFACE((#11630));
#11632=IFCPOLYLOOP((#10285,#10284,#10379));
#11633=IFCFACEOUTERBOUND(#11632,.T.);
#11634=IFCFACE((#11633));
#11635=IFCPOLYLOOP((#10368,#10335,#10367));
#11636=IFCFACEOUTERBOUND(#11635,.T.);
#11637=IFCFACE((#11636));
#11638=IFCPOLYLOOP((#10370,#10368,#10369));
#11639=IFCFACEOUTERBOUND(#11638,.T.);
#11640=IFCFACE((#11639));
#11641=IFCPOLYLOOP((#10336,#10356,#10358));
#11642=IFCFACEOUTERBOUND(#11641,.T.);
#11643=IFCFACE((#11642));
#11644=IFCPOLYLOOP((#10351,#10357,#10359));
#11645=IFCFACEOUTERBOUND(#11644,.T.);
#11646=IFCFACE((#11645));
#11647=IFCPOLYLOOP((#10351,#10352,#10357));
#11648=IFCFACEOUTERBOUND(#11647,.T.);
#11649=IFCFACE((#11648));
#11650=IFCPOLYLOOP((#10333,#10353,#10366));
#11651=IFCFACEOUTERBOUND(#11650,.T.);
#11652=IFCFACE((#11651));
#11653=IFCPOLYLOOP((#10362,#10341,#10342));
#11654=IFCFACEOUTERBOUND(#11653,.T.);
#11655=IFCFACE((#11654));
#11656=IFCPOLYLOOP((#10357,#10350,#10359));
#11657=IFCFACEOUTERBOUND(#11656,.T.);
#11658=IFCFACE((#11657));
#11659=IFCPOLYLOOP((#10371,#10343,#10378));
#11660=IFCFACEOUTERBOUND(#11659,.T.);
#11661=IFCFACE((#11660));
#11662=IFCPOLYLOOP((#10350,#10357,#10356));
#11663=IFCFACEOUTERBOUND(#11662,.T.);
#11664=IFCFACE((#11663));
#11665=IFCPOLYLOOP((#10358,#10357,#10352));
#11666=IFCFACEOUTERBOUND(#11665,.T.);
#11667=IFCFACE((#11666));
#11668=IFCPOLYLOOP((#10352,#10339,#10358));
#11669=IFCFACEOUTERBOUND(#11668,.T.);
#11670=IFCFACE((#11669));
#11671=IFCPOLYLOOP((#10358,#10339,#10377));
#11672=IFCFACEOUTERBOUND(#11671,.T.);
#11673=IFCFACE((#11672));
#11674=IFCPOLYLOOP((#10361,#10334,#10376));
#11675=IFCFACEOUTERBOUND(#11674,.T.);
#11676=IFCFACE((#11675));
#11677=IFCPOLYLOOP((#10359,#10350,#10361));
#11678=IFCFACEOUTERBOUND(#11677,.T.);
#11679=IFCFACE((#11678));
#11680=IFCPOLYLOOP((#10334,#10375,#10376));
#11681=IFCFACEOUTERBOUND(#11680,.T.);
#11682=IFCFACE((#11681));
#11683=IFCPOLYLOOP((#10360,#10351,#10359));
#11684=IFCFACEOUTERBOUND(#11683,.T.);
#11685=IFCFACE((#11684));
#11686=IFCPOLYLOOP((#10362,#10342,#10366));
#11687=IFCFACEOUTERBOUND(#11686,.T.);
#11688=IFCFACE((#11687));
#11689=IFCPOLYLOOP((#10331,#10366,#10342));
#11690=IFCFACEOUTERBOUND(#11689,.T.);
#11691=IFCFACE((#11690));
#11692=IFCPOLYLOOP((#10362,#10364,#10341));
#11693=IFCFACEOUTERBOUND(#11692,.T.);
#11694=IFCFACE((#11693));
#11695=IFCPOLYLOOP((#10340,#10363,#10364));
#11696=IFCFACEOUTERBOUND(#11695,.T.);
#11697=IFCFACE((#11696));
#11698=IFCPOLYLOOP((#10339,#10365,#10377));
#11699=IFCFACEOUTERBOUND(#11698,.T.);
#11700=IFCFACE((#11699));
#11701=IFCPOLYLOOP((#10336,#10377,#10363));
#11702=IFCFACEOUTERBOUND(#11701,.T.);
#11703=IFCFACE((#11702));
#11704=IFCPOLYLOOP((#10365,#10341,#10364));
#11705=IFCFACEOUTERBOUND(#11704,.T.);
#11706=IFCFACE((#11705));
#11707=IFCPOLYLOOP((#10333,#10366,#10332));
#11708=IFCFACEOUTERBOUND(#11707,.T.);
#11709=IFCFACE((#11708));
#11710=IFCPOLYLOOP((#10368,#10367,#10338));
#11711=IFCFACEOUTERBOUND(#11710,.T.);
#11712=IFCFACE((#11711));
#11713=IFCPOLYLOOP((#10355,#10367,#10335));
#11714=IFCFACEOUTERBOUND(#11713,.T.);
#11715=IFCFACE((#11714));
#11716=IFCPOLYLOOP((#10370,#10347,#10372));
#11717=IFCFACEOUTERBOUND(#11716,.T.);
#11718=IFCFACE((#11717));
#11719=IFCPOLYLOOP((#10349,#10335,#10368));
#11720=IFCFACEOUTERBOUND(#11719,.T.);
#11721=IFCFACE((#11720));
#11722=IFCPOLYLOOP((#10368,#10338,#10369));
#11723=IFCFACEOUTERBOUND(#11722,.T.);
#11724=IFCFACE((#11723));
#11725=IFCPOLYLOOP((#10370,#10369,#10347));
#11726=IFCFACEOUTERBOUND(#11725,.T.);
#11727=IFCFACE((#11726));
#11728=IFCPOLYLOOP((#10368,#10370,#10349));
#11729=IFCFACEOUTERBOUND(#11728,.T.);
#11730=IFCFACE((#11729));
#11731=IFCPOLYLOOP((#10343,#10371,#10355));
#11732=IFCFACEOUTERBOUND(#11731,.T.);
#11733=IFCFACE((#11732));
#11734=IFCPOLYLOOP((#10344,#10345,#10371));
#11735=IFCFACEOUTERBOUND(#11734,.T.);
#11736=IFCFACE((#11735));
#11737=IFCPOLYLOOP((#10375,#10374,#10337));
#11738=IFCFACEOUTERBOUND(#11737,.T.);
#11739=IFCFACE((#11738));
#11740=IFCPOLYLOOP((#10372,#10347,#10374));
#11741=IFCFACEOUTERBOUND(#11740,.T.);
#11742=IFCFACE((#11741));
#11743=IFCPOLYLOOP((#10375,#10334,#10373));
#11744=IFCFACEOUTERBOUND(#11743,.T.);
#11745=IFCFACE((#11744));
#11746=IFCPOLYLOOP((#10373,#10348,#10372));
#11747=IFCFACEOUTERBOUND(#11746,.T.);
#11748=IFCFACE((#11747));
#11749=IFCPOLYLOOP((#10375,#10337,#10376));
#11750=IFCFACEOUTERBOUND(#11749,.T.);
#11751=IFCFACE((#11750));
#11752=IFCPOLYLOOP((#10372,#10375,#10373));
#11753=IFCFACEOUTERBOUND(#11752,.T.);
#11754=IFCFACE((#11753));
#11755=IFCPOLYLOOP((#10337,#10360,#10376));
#11756=IFCFACEOUTERBOUND(#11755,.T.);
#11757=IFCFACE((#11756));
#11758=IFCPOLYLOOP((#10376,#10360,#10380));
#11759=IFCFACEOUTERBOUND(#11758,.T.);
#11760=IFCFACE((#11759));
#11761=IFCPOLYLOOP((#10377,#10365,#10364));
#11762=IFCFACEOUTERBOUND(#11761,.T.);
#11763=IFCFACE((#11762));
#11764=IFCPOLYLOOP((#10358,#10377,#10336));
#11765=IFCFACEOUTERBOUND(#11764,.T.);
#11766=IFCFACE((#11765));
#11767=IFCPOLYLOOP((#10371,#10378,#10344));
#11768=IFCFACEOUTERBOUND(#11767,.T.);
#11769=IFCFACE((#11768));
#11770=IFCPOLYLOOP((#10346,#10378,#10343));
#11771=IFCFACEOUTERBOUND(#11770,.T.);
#11772=IFCFACE((#11771));
#11773=IFCPOLYLOOP((#10285,#10379,#10346));
#11774=IFCFACEOUTERBOUND(#11773,.T.);
#11775=IFCFACE((#11774));
#11776=IFCPOLYLOOP((#10283,#10379,#10284));
#11777=IFCFACEOUTERBOUND(#11776,.T.);
#11778=IFCFACE((#11777));
#11779=IFCPOLYLOOP((#10376,#10380,#10361));
#11780=IFCFACEOUTERBOUND(#11779,.T.);
#11781=IFCFACE((#11780));
#11782=IFCPOLYLOOP((#10360,#10359,#10380));
#11783=IFCFACEOUTERBOUND(#11782,.T.);
#11784=IFCFACE((#11783));
#11785=IFCPOLYLOOP((#10412,#10430,#10431));
#11786=IFCFACEOUTERBOUND(#11785,.T.);
#11787=IFCFACE((#11786));
#11788=IFCPOLYLOOP((#10475,#10400,#10509));
#11789=IFCFACEOUTERBOUND(#11788,.T.);
#11790=IFCFACE((#11789));
#11791=IFCPOLYLOOP((#10544,#10519,#10479));
#11792=IFCFACEOUTERBOUND(#11791,.T.);
#11793=IFCFACE((#11792));
#11794=IFCPOLYLOOP((#10495,#10418,#10549));
#11795=IFCFACEOUTERBOUND(#11794,.T.);
#11796=IFCFACE((#11795));
#11797=IFCPOLYLOOP((#10432,#10453,#10461));
#11798=IFCFACEOUTERBOUND(#11797,.T.);
#11799=IFCFACE((#11798));
#11800=IFCPOLYLOOP((#10428,#10397,#10433));
#11801=IFCFACEOUTERBOUND(#11800,.T.);
#11802=IFCFACE((#11801));
#11803=IFCPOLYLOOP((#10481,#10444,#10523,#10405));
#11804=IFCFACEOUTERBOUND(#11803,.T.);
#11805=IFCFACE((#11804));
#11806=IFCPOLYLOOP((#10462,#10465,#10464));
#11807=IFCFACEOUTERBOUND(#11806,.T.);
#11808=IFCFACE((#11807));
#11809=IFCPOLYLOOP((#10425,#10424,#10410,#10426));
#11810=IFCFACEOUTERBOUND(#11809,.T.);
#11811=IFCFACE((#11810));
#11812=IFCPOLYLOOP((#10552,#10557,#10556,#10421));
#11813=IFCFACEOUTERBOUND(#11812,.T.);
#11814=IFCFACE((#11813));
#11815=IFCPOLYLOOP((#10546,#10547,#10489));
#11816=IFCFACEOUTERBOUND(#11815,.T.);
#11817=IFCFACE((#11816));
#11818=IFCPOLYLOOP((#10464,#10465,#10463));
#11819=IFCFACEOUTERBOUND(#11818,.T.);
#11820=IFCFACE((#11819));
#11821=IFCPOLYLOOP((#10548,#10543,#10488));
#11822=IFCFACEOUTERBOUND(#11821,.T.);
#11823=IFCFACE((#11822));
#11824=IFCPOLYLOOP((#10520,#10517,#10478));
#11825=IFCFACEOUTERBOUND(#11824,.T.);
#11826=IFCFACE((#11825));
#11827=IFCPOLYLOOP((#10455,#10395,#10453));
#11828=IFCFACEOUTERBOUND(#11827,.T.);
#11829=IFCFACE((#11828));
#11830=IFCPOLYLOOP((#10485,#10535,#10448));
#11831=IFCFACEOUTERBOUND(#11830,.T.);
#11832=IFCFACE((#11831));
#11833=IFCPOLYLOOP((#10397,#10428,#10426));
#11834=IFCFACEOUTERBOUND(#11833,.T.);
#11835=IFCFACE((#11834));
#11836=IFCPOLYLOOP((#10429,#10381,#10382));
#11837=IFCFACEOUTERBOUND(#11836,.T.);
#11838=IFCFACE((#11837));
#11839=IFCPOLYLOOP((#10295,#10294,#10424));
#11840=IFCFACEOUTERBOUND(#11839,.T.);
#11841=IFCFACE((#11840));
#11842=IFCPOLYLOOP((#10504,#10501,#10472));
#11843=IFCFACEOUTERBOUND(#11842,.T.);
#11844=IFCFACE((#11843));
#11845=IFCPOLYLOOP((#10539,#10540,#10487));
#11846=IFCFACEOUTERBOUND(#11845,.T.);
#11847=IFCFACE((#11846));
#11848=IFCPOLYLOOP((#10508,#10503,#10473));
#11849=IFCFACEOUTERBOUND(#11848,.T.);
#11850=IFCFACE((#11849));
#11851=IFCPOLYLOOP((#10510,#10506,#10474));
#11852=IFCFACEOUTERBOUND(#11851,.T.);
#11853=IFCFACE((#11852));
#11854=IFCPOLYLOOP((#10557,#10552,#10498));
#11855=IFCFACEOUTERBOUND(#11854,.T.);
#11856=IFCFACE((#11855));
#11857=IFCPOLYLOOP((#10483,#10530,#10446));
#11858=IFCFACEOUTERBOUND(#11857,.T.);
#11859=IFCFACE((#11858));
#11860=IFCPOLYLOOP((#10483,#10446,#10528,#10404));
#11861=IFCFACEOUTERBOUND(#11860,.T.);
#11862=IFCFACE((#11861));
#11863=IFCPOLYLOOP((#10481,#10525,#10444));
#11864=IFCFACEOUTERBOUND(#11863,.T.);
#11865=IFCFACE((#11864));
#11866=IFCPOLYLOOP((#10425,#10422,#10295));
#11867=IFCFACEOUTERBOUND(#11866,.T.);
#11868=IFCFACE((#11867));
#11869=IFCPOLYLOOP((#10429,#10430,#10412));
#11870=IFCFACEOUTERBOUND(#11869,.T.);
#11871=IFCFACE((#11870));
#11872=IFCPOLYLOOP((#10431,#10462,#10406));
#11873=IFCFACEOUTERBOUND(#11872,.T.);
#11874=IFCFACE((#11873));
#11875=IFCPOLYLOOP((#10409,#10425,#10428));
#11876=IFCFACEOUTERBOUND(#11875,.T.);
#11877=IFCFACE((#11876));
#11878=IFCPOLYLOOP((#10407,#10462,#10431));
#11879=IFCFACEOUTERBOUND(#11878,.T.);
#11880=IFCFACE((#11879));
#11881=IFCPOLYLOOP((#10382,#10430,#10429));
#11882=IFCFACEOUTERBOUND(#11881,.T.);
#11883=IFCFACE((#11882));
#11884=IFCPOLYLOOP((#10458,#10459,#10415));
#11885=IFCFACEOUTERBOUND(#11884,.T.);
#11886=IFCFACE((#11885));
#11887=IFCPOLYLOOP((#10485,#10448,#10533,#10414));
#11888=IFCFACEOUTERBOUND(#11887,.T.);
#11889=IFCFACE((#11888));
#11890=IFCPOLYLOOP((#10458,#10457,#10456));
#11891=IFCFACEOUTERBOUND(#11890,.T.);
#11892=IFCFACE((#11891));
#11893=IFCPOLYLOOP((#10550,#10551,#10495));
#11894=IFCFACEOUTERBOUND(#11893,.T.);
#11895=IFCFACE((#11894));
#11896=IFCPOLYLOOP((#10541,#10537,#10486));
#11897=IFCFACEOUTERBOUND(#11896,.T.);
#11898=IFCFACE((#11897));
#11899=IFCPOLYLOOP((#10539,#10497,#10469));
#11900=IFCFACEOUTERBOUND(#11899,.T.);
#11901=IFCFACE((#11900));
#11902=IFCPOLYLOOP((#10477,#10515,#10440));
#11903=IFCFACEOUTERBOUND(#11902,.T.);
#11904=IFCFACE((#11903));
#11905=IFCPOLYLOOP((#10477,#10440,#10513,#10420));
#11906=IFCFACEOUTERBOUND(#11905,.T.);
#11907=IFCFACE((#11906));
#11908=IFCPOLYLOOP((#10387,#10505,#10553,#10552));
#11909=IFCFACEOUTERBOUND(#11908,.T.);
#11910=IFCFACE((#11909));
#11911=IFCPOLYLOOP((#10422,#10296,#10295));
#11912=IFCFACEOUTERBOUND(#11911,.T.);
#11913=IFCFACE((#11912));
#11914=IFCPOLYLOOP((#10382,#10383,#10423));
#11915=IFCFACEOUTERBOUND(#11914,.T.);
#11916=IFCFACE((#11915));
#11917=IFCPOLYLOOP((#10424,#10425,#10295));
#11918=IFCFACEOUTERBOUND(#11917,.T.);
#11919=IFCFACE((#11918));
#11920=IFCPOLYLOOP((#10409,#10422,#10425));
#11921=IFCFACEOUTERBOUND(#11920,.T.);
#11922=IFCFACE((#11921));
#11923=IFCPOLYLOOP((#10428,#10396,#10427,#10409));
#11924=IFCFACEOUTERBOUND(#11923,.T.);
#11925=IFCFACE((#11924));
#11926=IFCPOLYLOOP((#10428,#10425,#10426));
#11927=IFCFACEOUTERBOUND(#11926,.T.);
#11928=IFCFACE((#11927));
#11929=IFCPOLYLOOP((#10550,#10500,#10472));
#11930=IFCFACEOUTERBOUND(#11929,.T.);
#11931=IFCFACE((#11930));
#11932=IFCPOLYLOOP((#10430,#10382,#10423));
#11933=IFCFACEOUTERBOUND(#11932,.T.);
#11934=IFCFACE((#11933));
#11935=IFCPOLYLOOP((#10423,#10411,#10430));
#11936=IFCFACEOUTERBOUND(#11935,.T.);
#11937=IFCFACE((#11936));
#11938=IFCPOLYLOOP((#10431,#10430,#10411));
#11939=IFCFACEOUTERBOUND(#11938,.T.);
#11940=IFCFACE((#11939));
#11941=IFCPOLYLOOP((#10407,#10431,#10411));
#11942=IFCFACEOUTERBOUND(#11941,.T.);
#11943=IFCFACE((#11942));
#11944=IFCPOLYLOOP((#10431,#10406,#10471,#10412));
#11945=IFCFACEOUTERBOUND(#11944,.T.);
#11946=IFCFACE((#11945));
#11947=IFCPOLYLOOP((#10428,#10433,#10396));
#11948=IFCFACEOUTERBOUND(#11947,.T.);
#11949=IFCFACE((#11948));
#11950=IFCPOLYLOOP((#10433,#10397,#10454));
#11951=IFCFACEOUTERBOUND(#11950,.T.);
#11952=IFCFACE((#11951));
#11953=IFCPOLYLOOP((#10453,#10394,#10455));
#11954=IFCFACEOUTERBOUND(#11953,.T.);
#11955=IFCFACE((#11954));
#11956=IFCPOLYLOOP((#10453,#10395,#10434));
#11957=IFCFACEOUTERBOUND(#11956,.T.);
#11958=IFCFACE((#11957));
#11959=IFCPOLYLOOP((#10433,#10461,#10396));
#11960=IFCFACEOUTERBOUND(#11959,.T.);
#11961=IFCFACE((#11960));
#11962=IFCPOLYLOOP((#10473,#10435,#10502,#10400));
#11963=IFCFACEOUTERBOUND(#11962,.T.);
#11964=IFCFACE((#11963));
#11965=IFCPOLYLOOP((#10553,#10505,#10474));
#11966=IFCFACEOUTERBOUND(#11965,.T.);
#11967=IFCFACE((#11966));
#11968=IFCPOLYLOOP((#10475,#10437,#10507));
#11969=IFCFACEOUTERBOUND(#11968,.T.);
#11970=IFCFACE((#11969));
#11971=IFCPOLYLOOP((#10511,#10515,#10514,#10439));
#11972=IFCFACEOUTERBOUND(#11971,.T.);
#11973=IFCFACE((#11972));
#11974=IFCPOLYLOOP((#10515,#10511,#10476));
#11975=IFCFACEOUTERBOUND(#11974,.T.);
#11976=IFCFACE((#11975));
#11977=IFCPOLYLOOP((#10478,#10389,#10516,#10441));
#11978=IFCFACEOUTERBOUND(#11977,.T.);
#11979=IFCFACE((#11978));
#11980=IFCPOLYLOOP((#10479,#10441,#10518,#10393));
#11981=IFCFACEOUTERBOUND(#11980,.T.);
#11982=IFCFACE((#11981));
#11983=IFCPOLYLOOP((#10443,#10480,#10525));
#11984=IFCFACEOUTERBOUND(#11983,.T.);
#11985=IFCFACE((#11984));
#11986=IFCPOLYLOOP((#10480,#10443,#10521,#10385));
#11987=IFCFACEOUTERBOUND(#11986,.T.);
#11988=IFCFACE((#11987));
#11989=IFCPOLYLOOP((#10526,#10530,#10529,#10445));
#11990=IFCFACEOUTERBOUND(#11989,.T.);
#11991=IFCFACE((#11990));
#11992=IFCPOLYLOOP((#10530,#10526,#10482));
#11993=IFCFACEOUTERBOUND(#11992,.T.);
#11994=IFCFACE((#11993));
#11995=IFCPOLYLOOP((#10447,#10484,#10535));
#11996=IFCFACEOUTERBOUND(#11995,.T.);
#11997=IFCFACE((#11996));
#11998=IFCPOLYLOOP((#10484,#10447,#10531,#10388));
#11999=IFCFACEOUTERBOUND(#11998,.T.);
#12000=IFCFACE((#11999));
#12001=IFCPOLYLOOP((#10486,#10386,#10536,#10449));
#12002=IFCFACEOUTERBOUND(#12001,.T.);
#12003=IFCFACE((#12002));
#12004=IFCPOLYLOOP((#10487,#10449,#10538,#10417));
#12005=IFCFACEOUTERBOUND(#12004,.T.);
#12006=IFCFACE((#12005));
#12007=IFCPOLYLOOP((#10488,#10393,#10542,#10451));
#12008=IFCFACEOUTERBOUND(#12007,.T.);
#12009=IFCFACE((#12008));
#12010=IFCPOLYLOOP((#10489,#10451,#10545,#10390));
#12011=IFCFACEOUTERBOUND(#12010,.T.);
#12012=IFCFACE((#12011));
#12013=IFCPOLYLOOP((#10461,#10453,#10434));
#12014=IFCFACEOUTERBOUND(#12013,.T.);
#12015=IFCFACE((#12014));
#12016=IFCPOLYLOOP((#10453,#10432,#10490,#10394));
#12017=IFCFACEOUTERBOUND(#12016,.T.);
#12018=IFCFACE((#12017));
#12019=IFCPOLYLOOP((#10459,#10414,#10491,#10415));
#12020=IFCFACEOUTERBOUND(#12019,.T.);
#12021=IFCFACE((#12020));
#12022=IFCPOLYLOOP((#10461,#10454,#10432));
#12023=IFCFACEOUTERBOUND(#12022,.T.);
#12024=IFCFACE((#12023));
#12025=IFCPOLYLOOP((#10458,#10460,#10455));
#12026=IFCFACEOUTERBOUND(#12025,.T.);
#12027=IFCFACE((#12026));
#12028=IFCPOLYLOOP((#10455,#10457,#10458));
#12029=IFCFACEOUTERBOUND(#12028,.T.);
#12030=IFCFACE((#12029));
#12031=IFCPOLYLOOP((#10455,#10394,#10457));
#12032=IFCFACEOUTERBOUND(#12031,.T.);
#12033=IFCFACE((#12032));
#12034=IFCPOLYLOOP((#10458,#10456,#10459));
#12035=IFCFACEOUTERBOUND(#12034,.T.);
#12036=IFCFACE((#12035));
#12037=IFCPOLYLOOP((#10396,#10461,#10434));
#12038=IFCFACEOUTERBOUND(#12037,.T.);
#12039=IFCFACE((#12038));
#12040=IFCPOLYLOOP((#10459,#10456,#10492,#10413));
#12041=IFCFACEOUTERBOUND(#12040,.T.);
#12042=IFCFACE((#12041));
#12043=IFCPOLYLOOP((#10485,#10459,#10413));
#12044=IFCFACEOUTERBOUND(#12043,.T.);
#12045=IFCFACE((#12044));
#12046=IFCPOLYLOOP((#10460,#10458,#10415));
#12047=IFCFACEOUTERBOUND(#12046,.T.);
#12048=IFCFACE((#12047));
#12049=IFCPOLYLOOP((#10460,#10395,#10455));
#12050=IFCFACEOUTERBOUND(#12049,.T.);
#12051=IFCFACE((#12050));
#12052=IFCPOLYLOOP((#10454,#10461,#10433));
#12053=IFCFACEOUTERBOUND(#12052,.T.);
#12054=IFCFACE((#12053));
#12055=IFCPOLYLOOP((#10465,#10467,#10408));
#12056=IFCFACEOUTERBOUND(#12055,.T.);
#12057=IFCFACE((#12056));
#12058=IFCPOLYLOOP((#10408,#10466,#10465));
#12059=IFCFACEOUTERBOUND(#12058,.T.);
#12060=IFCFACE((#12059));
#12061=IFCPOLYLOOP((#10465,#10466,#10463));
#12062=IFCFACEOUTERBOUND(#12061,.T.);
#12063=IFCFACE((#12062));
#12064=IFCPOLYLOOP((#10467,#10465,#10462));
#12065=IFCFACEOUTERBOUND(#12064,.T.);
#12066=IFCFACE((#12065));
#12067=IFCPOLYLOOP((#10464,#10406,#10462));
#12068=IFCFACEOUTERBOUND(#12067,.T.);
#12069=IFCFACE((#12068));
#12070=IFCPOLYLOOP((#10466,#10408,#10493,#10391));
#12071=IFCFACEOUTERBOUND(#12070,.T.);
#12072=IFCFACE((#12071));
#12073=IFCPOLYLOOP((#10543,#10548,#10452));
#12074=IFCFACEOUTERBOUND(#12073,.T.);
#12075=IFCFACE((#12074));
#12076=IFCPOLYLOOP((#10546,#10494,#10466));
#12077=IFCFACEOUTERBOUND(#12076,.T.);
#12078=IFCFACE((#12077));
#12079=IFCPOLYLOOP((#10462,#10407,#10467));
#12080=IFCFACEOUTERBOUND(#12079,.T.);
#12081=IFCFACE((#12080));
#12082=IFCPOLYLOOP((#10537,#10541,#10450));
#12083=IFCFACEOUTERBOUND(#12082,.T.);
#12084=IFCFACE((#12083));
#12085=IFCPOLYLOOP((#10469,#10468,#10496,#10416));
#12086=IFCFACEOUTERBOUND(#12085,.T.);
#12087=IFCFACE((#12086));
#12088=IFCPOLYLOOP((#10495,#10469,#10418));
#12089=IFCFACEOUTERBOUND(#12088,.T.);
#12090=IFCFACE((#12089));
#12091=IFCPOLYLOOP((#10435,#10473,#10504));
#12092=IFCFACEOUTERBOUND(#12091,.T.);
#12093=IFCFACE((#12092));
#12094=IFCPOLYLOOP((#10499,#10470,#10555,#10419));
#12095=IFCFACEOUTERBOUND(#12094,.T.);
#12096=IFCFACE((#12095));
#12097=IFCPOLYLOOP((#10384,#10553,#10474));
#12098=IFCFACEOUTERBOUND(#12097,.T.);
#12099=IFCFACE((#12098));
#12100=IFCPOLYLOOP((#10506,#10510,#10509,#10438));
#12101=IFCFACEOUTERBOUND(#12100,.T.);
#12102=IFCFACE((#12101));
#12103=IFCPOLYLOOP((#10473,#10503,#10504));
#12104=IFCFACEOUTERBOUND(#12103,.T.);
#12105=IFCFACE((#12104));
#12106=IFCPOLYLOOP((#10437,#10475,#10510));
#12107=IFCFACEOUTERBOUND(#12106,.T.);
#12108=IFCFACE((#12107));
#12109=IFCPOLYLOOP((#10553,#10384,#10498));
#12110=IFCFACEOUTERBOUND(#12109,.T.);
#12111=IFCFACE((#12110));
#12112=IFCPOLYLOOP((#10507,#10508,#10475));
#12113=IFCFACEOUTERBOUND(#12112,.T.);
#12114=IFCFACE((#12113));
#12115=IFCPOLYLOOP((#10475,#10509,#10510));
#12116=IFCFACEOUTERBOUND(#12115,.T.);
#12117=IFCFACE((#12116));
#12118=IFCPOLYLOOP((#10482,#10476,#10403));
#12119=IFCFACEOUTERBOUND(#12118,.T.);
#12120=IFCFACE((#12119));
#12121=IFCPOLYLOOP((#10476,#10402,#10512,#10440));
#12122=IFCFACEOUTERBOUND(#12121,.T.);
#12123=IFCFACE((#12122));
#12124=IFCPOLYLOOP((#10499,#10477,#10420));
#12125=IFCFACEOUTERBOUND(#12124,.T.);
#12126=IFCFACE((#12125));
#12127=IFCPOLYLOOP((#10477,#10419,#10514));
#12128=IFCFACEOUTERBOUND(#12127,.T.);
#12129=IFCFACE((#12128));
#12130=IFCPOLYLOOP((#10441,#10479,#10520));
#12131=IFCFACEOUTERBOUND(#12130,.T.);
#12132=IFCFACE((#12131));
#12133=IFCPOLYLOOP((#10486,#10478,#10386));
#12134=IFCFACEOUTERBOUND(#12133,.T.);
#12135=IFCFACE((#12134));
#12136=IFCPOLYLOOP((#10393,#10488,#10544));
#12137=IFCFACEOUTERBOUND(#12136,.T.);
#12138=IFCFACE((#12137));
#12139=IFCPOLYLOOP((#10520,#10479,#10442));
#12140=IFCFACEOUTERBOUND(#12139,.T.);
#12141=IFCFACE((#12140));
#12142=IFCPOLYLOOP((#10484,#10480,#10385));
#12143=IFCFACEOUTERBOUND(#12142,.T.);
#12144=IFCFACE((#12143));
#12145=IFCPOLYLOOP((#10480,#10388,#10522));
#12146=IFCFACEOUTERBOUND(#12145,.T.);
#12147=IFCFACE((#12146));
#12148=IFCPOLYLOOP((#10483,#10481,#10405));
#12149=IFCFACEOUTERBOUND(#12148,.T.);
#12150=IFCFACE((#12149));
#12151=IFCPOLYLOOP((#10481,#10404,#10524));
#12152=IFCFACEOUTERBOUND(#12151,.T.);
#12153=IFCFACE((#12152));
#12154=IFCPOLYLOOP((#10476,#10482,#10402));
#12155=IFCFACEOUTERBOUND(#12154,.T.);
#12156=IFCFACE((#12155));
#12157=IFCPOLYLOOP((#10482,#10403,#10527));
#12158=IFCFACEOUTERBOUND(#12157,.T.);
#12159=IFCFACE((#12158));
#12160=IFCPOLYLOOP((#10481,#10483,#10404));
#12161=IFCFACEOUTERBOUND(#12160,.T.);
#12162=IFCFACE((#12161));
#12163=IFCPOLYLOOP((#10483,#10405,#10529));
#12164=IFCFACEOUTERBOUND(#12163,.T.);
#12165=IFCFACE((#12164));
#12166=IFCPOLYLOOP((#10480,#10484,#10388));
#12167=IFCFACEOUTERBOUND(#12166,.T.);
#12168=IFCFACE((#12167));
#12169=IFCPOLYLOOP((#10484,#10385,#10532));
#12170=IFCFACEOUTERBOUND(#12169,.T.);
#12171=IFCFACE((#12170));
#12172=IFCPOLYLOOP((#10459,#10485,#10414));
#12173=IFCFACEOUTERBOUND(#12172,.T.);
#12174=IFCFACE((#12173));
#12175=IFCPOLYLOOP((#10485,#10413,#10534));
#12176=IFCFACEOUTERBOUND(#12175,.T.);
#12177=IFCFACE((#12176));
#12178=IFCPOLYLOOP((#10449,#10487,#10541));
#12179=IFCFACEOUTERBOUND(#12178,.T.);
#12180=IFCFACE((#12179));
#12181=IFCPOLYLOOP((#10478,#10486,#10389));
#12182=IFCFACEOUTERBOUND(#12181,.T.);
#12183=IFCFACE((#12182));
#12184=IFCPOLYLOOP((#10487,#10417,#10539));
#12185=IFCFACEOUTERBOUND(#12184,.T.);
#12186=IFCFACE((#12185));
#12187=IFCPOLYLOOP((#10541,#10487,#10450));
#12188=IFCFACEOUTERBOUND(#12187,.T.);
#12189=IFCFACE((#12188));
#12190=IFCPOLYLOOP((#10451,#10489,#10548));
#12191=IFCFACEOUTERBOUND(#12190,.T.);
#12192=IFCFACE((#12191));
#12193=IFCPOLYLOOP((#10544,#10488,#10392));
#12194=IFCFACEOUTERBOUND(#12193,.T.);
#12195=IFCFACE((#12194));
#12196=IFCPOLYLOOP((#10489,#10390,#10546));
#12197=IFCFACEOUTERBOUND(#12196,.T.);
#12198=IFCFACE((#12197));
#12199=IFCPOLYLOOP((#10548,#10489,#10452));
#12200=IFCFACEOUTERBOUND(#12199,.T.);
#12201=IFCFACE((#12200));
#12202=IFCPOLYLOOP((#10549,#10550,#10495));
#12203=IFCFACEOUTERBOUND(#12202,.T.);
#12204=IFCFACE((#12203));
#12205=IFCPOLYLOOP((#10494,#10463,#10466));
#12206=IFCFACEOUTERBOUND(#12205,.T.);
#12207=IFCFACE((#12206));
#12208=IFCPOLYLOOP((#10469,#10495,#10468));
#12209=IFCFACEOUTERBOUND(#12208,.T.);
#12210=IFCFACE((#12209));
#12211=IFCPOLYLOOP((#10498,#10384,#10554,#10470));
#12212=IFCFACEOUTERBOUND(#12211,.T.);
#12213=IFCFACE((#12212));
#12214=IFCPOLYLOOP((#10497,#10418,#10469));
#12215=IFCFACEOUTERBOUND(#12214,.T.);
#12216=IFCFACE((#12215));
#12217=IFCPOLYLOOP((#10557,#10470,#10499));
#12218=IFCFACEOUTERBOUND(#12217,.T.);
#12219=IFCFACE((#12218));
#12220=IFCPOLYLOOP((#10477,#10499,#10419));
#12221=IFCFACEOUTERBOUND(#12220,.T.);
#12222=IFCFACE((#12221));
#12223=IFCPOLYLOOP((#10499,#10420,#10556));
#12224=IFCFACEOUTERBOUND(#12223,.T.);
#12225=IFCFACE((#12224));
#12226=IFCPOLYLOOP((#10501,#10504,#10503,#10436));
#12227=IFCFACEOUTERBOUND(#12226,.T.);
#12228=IFCFACE((#12227));
#12229=IFCPOLYLOOP((#10435,#10472,#10500));
#12230=IFCFACEOUTERBOUND(#12229,.T.);
#12231=IFCFACE((#12230));
#12232=IFCPOLYLOOP((#10501,#10398,#10472));
#12233=IFCFACEOUTERBOUND(#12232,.T.);
#12234=IFCFACE((#12233));
#12235=IFCPOLYLOOP((#10435,#10504,#10472));
#12236=IFCFACEOUTERBOUND(#12235,.T.);
#12237=IFCFACE((#12236));
#12238=IFCPOLYLOOP((#10503,#10508,#10507,#10401));
#12239=IFCFACEOUTERBOUND(#12238,.T.);
#12240=IFCFACE((#12239));
#12241=IFCPOLYLOOP((#10437,#10474,#10505));
#12242=IFCFACEOUTERBOUND(#12241,.T.);
#12243=IFCFACE((#12242));
#12244=IFCPOLYLOOP((#10506,#10384,#10474));
#12245=IFCFACEOUTERBOUND(#12244,.T.);
#12246=IFCFACE((#12245));
#12247=IFCPOLYLOOP((#10400,#10508,#10473));
#12248=IFCFACEOUTERBOUND(#12247,.T.);
#12249=IFCFACE((#12248));
#12250=IFCPOLYLOOP((#10400,#10475,#10508));
#12251=IFCFACEOUTERBOUND(#12250,.T.);
#12252=IFCFACE((#12251));
#12253=IFCPOLYLOOP((#10437,#10510,#10474));
#12254=IFCFACEOUTERBOUND(#12253,.T.);
#12255=IFCFACE((#12254));
#12256=IFCPOLYLOOP((#10440,#10515,#10476));
#12257=IFCFACEOUTERBOUND(#12256,.T.);
#12258=IFCFACE((#12257));
#12259=IFCPOLYLOOP((#10511,#10403,#10476));
#12260=IFCFACEOUTERBOUND(#12259,.T.);
#12261=IFCFACE((#12260));
#12262=IFCPOLYLOOP((#10514,#10515,#10477));
#12263=IFCFACEOUTERBOUND(#12262,.T.);
#12264=IFCFACE((#12263));
#12265=IFCPOLYLOOP((#10517,#10520,#10442));
#12266=IFCFACEOUTERBOUND(#12265,.T.);
#12267=IFCFACE((#12266));
#12268=IFCPOLYLOOP((#10517,#10386,#10478));
#12269=IFCFACEOUTERBOUND(#12268,.T.);
#12270=IFCFACE((#12269));
#12271=IFCPOLYLOOP((#10519,#10442,#10479));
#12272=IFCFACEOUTERBOUND(#12271,.T.);
#12273=IFCFACE((#12272));
#12274=IFCPOLYLOOP((#10441,#10520,#10478));
#12275=IFCFACEOUTERBOUND(#12274,.T.);
#12276=IFCFACE((#12275));
#12277=IFCPOLYLOOP((#10525,#10480,#10522));
#12278=IFCFACEOUTERBOUND(#12277,.T.);
#12279=IFCFACE((#12278));
#12280=IFCPOLYLOOP((#10525,#10522,#10444));
#12281=IFCFACEOUTERBOUND(#12280,.T.);
#12282=IFCFACE((#12281));
#12283=IFCPOLYLOOP((#10525,#10524,#10443));
#12284=IFCFACEOUTERBOUND(#12283,.T.);
#12285=IFCFACE((#12284));
#12286=IFCPOLYLOOP((#10524,#10525,#10481));
#12287=IFCFACEOUTERBOUND(#12286,.T.);
#12288=IFCFACE((#12287));
#12289=IFCPOLYLOOP((#10530,#10482,#10527));
#12290=IFCFACEOUTERBOUND(#12289,.T.);
#12291=IFCFACE((#12290));
#12292=IFCPOLYLOOP((#10526,#10402,#10482));
#12293=IFCFACEOUTERBOUND(#12292,.T.);
#12294=IFCFACE((#12293));
#12295=IFCPOLYLOOP((#10530,#10527,#10446));
#12296=IFCFACEOUTERBOUND(#12295,.T.);
#12297=IFCFACE((#12296));
#12298=IFCPOLYLOOP((#10529,#10530,#10483));
#12299=IFCFACEOUTERBOUND(#12298,.T.);
#12300=IFCFACE((#12299));
#12301=IFCPOLYLOOP((#10535,#10484,#10532));
#12302=IFCFACEOUTERBOUND(#12301,.T.);
#12303=IFCFACE((#12302));
#12304=IFCPOLYLOOP((#10535,#10532,#10448));
#12305=IFCFACEOUTERBOUND(#12304,.T.);
#12306=IFCFACE((#12305));
#12307=IFCPOLYLOOP((#10535,#10534,#10447));
#12308=IFCFACEOUTERBOUND(#12307,.T.);
#12309=IFCFACE((#12308));
#12310=IFCPOLYLOOP((#10534,#10535,#10485));
#12311=IFCFACEOUTERBOUND(#12310,.T.);
#12312=IFCFACE((#12311));
#12313=IFCPOLYLOOP((#10497,#10539,#10417));
#12314=IFCFACEOUTERBOUND(#12313,.T.);
#12315=IFCFACE((#12314));
#12316=IFCPOLYLOOP((#10537,#10389,#10486));
#12317=IFCFACEOUTERBOUND(#12316,.T.);
#12318=IFCFACE((#12317));
#12319=IFCPOLYLOOP((#10416,#10539,#10469));
#12320=IFCFACEOUTERBOUND(#12319,.T.);
#12321=IFCFACE((#12320));
#12322=IFCPOLYLOOP((#10540,#10539,#10416));
#12323=IFCFACEOUTERBOUND(#12322,.T.);
#12324=IFCFACE((#12323));
#12325=IFCPOLYLOOP((#10540,#10450,#10487));
#12326=IFCFACEOUTERBOUND(#12325,.T.);
#12327=IFCFACE((#12326));
#12328=IFCPOLYLOOP((#10449,#10541,#10486));
#12329=IFCFACEOUTERBOUND(#12328,.T.);
#12330=IFCFACE((#12329));
#12331=IFCPOLYLOOP((#10519,#10544,#10392));
#12332=IFCFACEOUTERBOUND(#12331,.T.);
#12333=IFCFACE((#12332));
#12334=IFCPOLYLOOP((#10543,#10392,#10488));
#12335=IFCFACEOUTERBOUND(#12334,.T.);
#12336=IFCFACE((#12335));
#12337=IFCPOLYLOOP((#10393,#10544,#10479));
#12338=IFCFACEOUTERBOUND(#12337,.T.);
#12339=IFCFACE((#12338));
#12340=IFCPOLYLOOP((#10494,#10546,#10390));
#12341=IFCFACEOUTERBOUND(#12340,.T.);
#12342=IFCFACE((#12341));
#12343=IFCPOLYLOOP((#10391,#10546,#10466));
#12344=IFCFACEOUTERBOUND(#12343,.T.);
#12345=IFCFACE((#12344));
#12346=IFCPOLYLOOP((#10547,#10546,#10391));
#12347=IFCFACEOUTERBOUND(#12346,.T.);
#12348=IFCFACE((#12347));
#12349=IFCPOLYLOOP((#10547,#10452,#10489));
#12350=IFCFACEOUTERBOUND(#12349,.T.);
#12351=IFCFACE((#12350));
#12352=IFCPOLYLOOP((#10451,#10548,#10488));
#12353=IFCFACEOUTERBOUND(#12352,.T.);
#12354=IFCFACE((#12353));
#12355=IFCPOLYLOOP((#10500,#10550,#10549,#10399));
#12356=IFCFACEOUTERBOUND(#12355,.T.);
#12357=IFCFACE((#12356));
#12358=IFCPOLYLOOP((#10398,#10550,#10472));
#12359=IFCFACEOUTERBOUND(#12358,.T.);
#12360=IFCFACE((#12359));
#12361=IFCPOLYLOOP((#10551,#10550,#10398));
#12362=IFCFACEOUTERBOUND(#12361,.T.);
#12363=IFCFACE((#12362));
#12364=IFCPOLYLOOP((#10551,#10468,#10495));
#12365=IFCFACEOUTERBOUND(#12364,.T.);
#12366=IFCFACE((#12365));
#12367=IFCPOLYLOOP((#10552,#10553,#10498));
#12368=IFCFACEOUTERBOUND(#12367,.T.);
#12369=IFCFACE((#12368));
#12370=IFCPOLYLOOP((#10470,#10557,#10498));
#12371=IFCFACEOUTERBOUND(#12370,.T.);
#12372=IFCFACE((#12371));
#12373=IFCPOLYLOOP((#10556,#10557,#10499));
#12374=IFCFACEOUTERBOUND(#12373,.T.);
#12375=IFCFACE((#12374));
#12376=IFCPOLYLOOP((#10327,#10296,#10422,#10409,#10427,#10396,#10434,#10395,#10460,#10415,#10491,#10414,#10533,#10448,#10532,#10385,#10521,#10443,#10524,#10404,#10528,#10446,#10527,#10403,#10511,#10439,#10514,#10419,#10555,#10470,#10554,#10384,#10506,#10438,#10509,#10400,#10502,#10435,#10500,#10399,#10549,#10418,#10497,#10417,#10538,#10449,#10536,#10386,#10517,#10442,#10519,#10392,#10543,#10452,#10547,#10391,#10493,#10408,#10467,#10407,#10411,#10423,#10383,#10558));
#12377=IFCFACEOUTERBOUND(#12376,.T.);
#12378=IFCFACE((#12377));
#12379=IFCPOLYLOOP((#10558,#10328,#10327));
#12380=IFCFACEOUTERBOUND(#12379,.T.);
#12381=IFCFACE((#12380));
#12382=IFCPOLYLOOP((#10328,#10558,#10040));
#12383=IFCFACEOUTERBOUND(#12382,.T.);
#12384=IFCFACE((#12383));
#12385=IFCPOLYLOOP((#10278,#10040,#10558));
#12386=IFCFACEOUTERBOUND(#12385,.T.);
#12387=IFCFACE((#12386));
#12388=IFCPOLYLOOP((#10040,#10278,#10279));
#12389=IFCFACEOUTERBOUND(#12388,.T.);
#12390=IFCFACE((#12389));
#12391=IFCPOLYLOOP((#10041,#10279,#10327));
#12392=IFCFACEOUTERBOUND(#12391,.T.);
#12393=IFCFACE((#12392));
#12394=IFCPOLYLOOP((#10279,#10041,#10040));
#12395=IFCFACEOUTERBOUND(#12394,.T.);
#12396=IFCFACE((#12395));
#12397=IFCPOLYLOOP((#10280,#10327,#10328));
#12398=IFCFACEOUTERBOUND(#12397,.T.);
#12399=IFCFACE((#12398));
#12400=IFCPOLYLOOP((#10327,#10280,#10041));
#12401=IFCFACEOUTERBOUND(#12400,.T.);
#12402=IFCFACE((#12401));
#12403=IFCPOLYLOOP((#10329,#10328,#10040,#10039));
#12404=IFCFACEOUTERBOUND(#12403,.T.);
#12405=IFCFACE((#12404));
#12406=IFCPOLYLOOP((#10329,#10330,#10281));
#12407=IFCFACEOUTERBOUND(#12406,.T.);
#12408=IFCFACE((#12407));
#12409=IFCPOLYLOOP((#10330,#10329,#10044));
#12410=IFCFACEOUTERBOUND(#12409,.T.);
#12411=IFCFACE((#12410));
#12412=IFCPOLYLOOP((#10039,#10044,#10329));
#12413=IFCFACEOUTERBOUND(#12412,.T.);
#12414=IFCFACE((#12413));
#12415=IFCPOLYLOOP((#10044,#10039,#10042));
#12416=IFCFACEOUTERBOUND(#12415,.T.);
#12417=IFCFACE((#12416));
#12418=IFCPOLYLOOP((#10045,#10042,#10281));
#12419=IFCFACEOUTERBOUND(#12418,.T.);
#12420=IFCFACE((#12419));
#12421=IFCPOLYLOOP((#10042,#10045,#10044));
#12422=IFCFACEOUTERBOUND(#12421,.T.);
#12423=IFCFACE((#12422));
#12424=IFCPOLYLOOP((#10282,#10281,#10330));
#12425=IFCFACEOUTERBOUND(#12424,.T.);
#12426=IFCFACE((#12425));
#12427=IFCPOLYLOOP((#10281,#10282,#10045));
#12428=IFCFACEOUTERBOUND(#12427,.T.);
#12429=IFCFACE((#12428));
#12430=IFCPOLYLOOP((#10330,#10044,#10043,#10559,#10561,#10331));
#12431=IFCFACEOUTERBOUND(#12430,.T.);
#12432=IFCFACE((#12431));
#12433=IFCPOLYLOOP((#10562,#10564,#10560,#10563));
#12434=IFCFACEOUTERBOUND(#12433,.T.);
#12435=IFCFACE((#12434));
#12436=IFCPOLYLOOP((#10563,#10332,#10565));
#12437=IFCFACEOUTERBOUND(#12436,.T.);
#12438=IFCFACE((#12437));
#12439=IFCPOLYLOOP((#10043,#10048,#10566));
#12440=IFCFACEOUTERBOUND(#12439,.T.);
#12441=IFCFACE((#12440));
#12442=IFCPOLYLOOP((#10562,#10559,#10566));
#12443=IFCFACEOUTERBOUND(#12442,.T.);
#12444=IFCFACE((#12443));
#12445=IFCPOLYLOOP((#10331,#10561,#10565));
#12446=IFCFACEOUTERBOUND(#12445,.T.);
#12447=IFCFACE((#12446));
#12448=IFCPOLYLOOP((#10562,#10561,#10559));
#12449=IFCFACEOUTERBOUND(#12448,.T.);
#12450=IFCFACE((#12449));
#12451=IFCPOLYLOOP((#10564,#10562,#10566));
#12452=IFCFACEOUTERBOUND(#12451,.T.);
#12453=IFCFACE((#12452));
#12454=IFCPOLYLOOP((#10563,#10565,#10562));
#12455=IFCFACEOUTERBOUND(#12454,.T.);
#12456=IFCFACE((#12455));
#12457=IFCPOLYLOOP((#10565,#10561,#10562));
#12458=IFCFACEOUTERBOUND(#12457,.T.);
#12459=IFCFACE((#12458));
#12460=IFCPOLYLOOP((#10563,#10333,#10332));
#12461=IFCFACEOUTERBOUND(#12460,.T.);
#12462=IFCFACE((#12461));
#12463=IFCPOLYLOOP((#10048,#10047,#10564));
#12464=IFCFACEOUTERBOUND(#12463,.T.);
#12465=IFCFACE((#12464));
#12466=IFCPOLYLOOP((#10331,#10565,#10332));
#12467=IFCFACEOUTERBOUND(#12466,.T.);
#12468=IFCFACE((#12467));
#12469=IFCPOLYLOOP((#10043,#10566,#10559));
#12470=IFCFACEOUTERBOUND(#12469,.T.);
#12471=IFCFACE((#12470));
#12472=IFCPOLYLOOP((#10564,#10566,#10048));
#12473=IFCFACEOUTERBOUND(#12472,.T.);
#12474=IFCFACE((#12473));
#12475=IFCPOLYLOOP((#10285,#10381,#10429));
#12476=IFCFACEOUTERBOUND(#12475,.T.);
#12477=IFCFACE((#12476));
#12478=IFCPOLYLOOP((#10294,#10050,#10290));
#12479=IFCFACEOUTERBOUND(#12478,.T.);
#12480=IFCFACE((#12479));
#12481=IFCPOLYLOOP((#10381,#10333,#10563));
#12482=IFCFACEOUTERBOUND(#12481,.T.);
#12483=IFCFACE((#12482));
#12484=IFCPOLYLOOP((#10381,#10285,#10346));
#12485=IFCFACEOUTERBOUND(#12484,.T.);
#12486=IFCFACE((#12485));
#12487=IFCPOLYLOOP((#10050,#10101,#10149));
#12488=IFCFACEOUTERBOUND(#12487,.T.);
#12489=IFCFACE((#12488));
#12490=IFCPOLYLOOP((#10050,#10294,#10308));
#12491=IFCFACEOUTERBOUND(#12490,.T.);
#12492=IFCFACE((#12491));
#12493=IFCPOLYLOOP((#10047,#10100,#10578));
#12494=IFCFACEOUTERBOUND(#12493,.T.);
#12495=IFCFACE((#12494));
#12496=IFCPOLYLOOP((#10100,#10047,#10063));
#12497=IFCFACEOUTERBOUND(#12496,.T.);
#12498=IFCFACE((#12497));
#12499=IFCPOLYLOOP((#10285,#10429,#10412));
#12500=IFCFACEOUTERBOUND(#12499,.T.);
#12501=IFCFACE((#12500));
#12502=IFCPOLYLOOP((#10285,#10412,#10471));
#12503=IFCFACEOUTERBOUND(#12502,.T.);
#12504=IFCFACE((#12503));
#12505=IFCPOLYLOOP((#10285,#10471,#10406));
#12506=IFCFACEOUTERBOUND(#12505,.T.);
#12507=IFCFACE((#12506));
#12508=IFCPOLYLOOP((#10285,#10406,#10464));
#12509=IFCFACEOUTERBOUND(#12508,.T.);
#12510=IFCFACE((#12509));
#12511=IFCPOLYLOOP((#10285,#10464,#10463));
#12512=IFCFACEOUTERBOUND(#12511,.T.);
#12513=IFCFACE((#12512));
#12514=IFCPOLYLOOP((#10285,#10463,#10494));
#12515=IFCFACEOUTERBOUND(#12514,.T.);
#12516=IFCFACE((#12515));
#12517=IFCPOLYLOOP((#10285,#10494,#10390));
#12518=IFCFACEOUTERBOUND(#12517,.T.);
#12519=IFCFACE((#12518));
#12520=IFCPOLYLOOP((#10285,#10390,#10545));
#12521=IFCFACEOUTERBOUND(#12520,.T.);
#12522=IFCFACE((#12521));
#12523=IFCPOLYLOOP((#10285,#10545,#10451));
#12524=IFCFACEOUTERBOUND(#12523,.T.);
#12525=IFCFACE((#12524));
#12526=IFCPOLYLOOP((#10285,#10451,#10542));
#12527=IFCFACEOUTERBOUND(#12526,.T.);
#12528=IFCFACE((#12527));
#12529=IFCPOLYLOOP((#10285,#10542,#10393));
#12530=IFCFACEOUTERBOUND(#12529,.T.);
#12531=IFCFACE((#12530));
#12532=IFCPOLYLOOP((#10285,#10393,#10518));
#12533=IFCFACEOUTERBOUND(#12532,.T.);
#12534=IFCFACE((#12533));
#12535=IFCPOLYLOOP((#10285,#10518,#10441));
#12536=IFCFACEOUTERBOUND(#12535,.T.);
#12537=IFCFACE((#12536));
#12538=IFCPOLYLOOP((#10285,#10441,#10516));
#12539=IFCFACEOUTERBOUND(#12538,.T.);
#12540=IFCFACE((#12539));
#12541=IFCPOLYLOOP((#10285,#10516,#10389));
#12542=IFCFACEOUTERBOUND(#12541,.T.);
#12543=IFCFACE((#12542));
#12544=IFCPOLYLOOP((#10285,#10389,#10537));
#12545=IFCFACEOUTERBOUND(#12544,.T.);
#12546=IFCFACE((#12545));
#12547=IFCPOLYLOOP((#10285,#10537,#10450));
#12548=IFCFACEOUTERBOUND(#12547,.T.);
#12549=IFCFACE((#12548));
#12550=IFCPOLYLOOP((#10285,#10450,#10540));
#12551=IFCFACEOUTERBOUND(#12550,.T.);
#12552=IFCFACE((#12551));
#12553=IFCPOLYLOOP((#10285,#10540,#10416));
#12554=IFCFACEOUTERBOUND(#12553,.T.);
#12555=IFCFACE((#12554));
#12556=IFCPOLYLOOP((#10285,#10416,#10496));
#12557=IFCFACEOUTERBOUND(#12556,.T.);
#12558=IFCFACE((#12557));
#12559=IFCPOLYLOOP((#10285,#10496,#10468));
#12560=IFCFACEOUTERBOUND(#12559,.T.);
#12561=IFCFACE((#12560));
#12562=IFCPOLYLOOP((#10285,#10468,#10551));
#12563=IFCFACEOUTERBOUND(#12562,.T.);
#12564=IFCFACE((#12563));
#12565=IFCPOLYLOOP((#10285,#10551,#10398));
#12566=IFCFACEOUTERBOUND(#12565,.T.);
#12567=IFCFACE((#12566));
#12568=IFCPOLYLOOP((#10285,#10398,#10501));
#12569=IFCFACEOUTERBOUND(#12568,.T.);
#12570=IFCFACE((#12569));
#12571=IFCPOLYLOOP((#10285,#10501,#10436));
#12572=IFCFACEOUTERBOUND(#12571,.T.);
#12573=IFCFACE((#12572));
#12574=IFCPOLYLOOP((#10285,#10436,#10503));
#12575=IFCFACEOUTERBOUND(#12574,.T.);
#12576=IFCFACE((#12575));
#12577=IFCPOLYLOOP((#10285,#10503,#10401));
#12578=IFCFACEOUTERBOUND(#12577,.T.);
#12579=IFCFACE((#12578));
#12580=IFCPOLYLOOP((#10285,#10401,#10507));
#12581=IFCFACEOUTERBOUND(#12580,.T.);
#12582=IFCFACE((#12581));
#12583=IFCPOLYLOOP((#10285,#10507,#10437));
#12584=IFCFACEOUTERBOUND(#12583,.T.);
#12585=IFCFACE((#12584));
#12586=IFCPOLYLOOP((#10285,#10437,#10505));
#12587=IFCFACEOUTERBOUND(#12586,.T.);
#12588=IFCFACE((#12587));
#12589=IFCPOLYLOOP((#10285,#10505,#10387));
#12590=IFCFACEOUTERBOUND(#12589,.T.);
#12591=IFCFACE((#12590));
#12592=IFCPOLYLOOP((#10285,#10387,#10552));
#12593=IFCFACEOUTERBOUND(#12592,.T.);
#12594=IFCFACE((#12593));
#12595=IFCPOLYLOOP((#10285,#10552,#10421));
#12596=IFCFACEOUTERBOUND(#12595,.T.);
#12597=IFCFACE((#12596));
#12598=IFCPOLYLOOP((#10285,#10421,#10556));
#12599=IFCFACEOUTERBOUND(#12598,.T.);
#12600=IFCFACE((#12599));
#12601=IFCPOLYLOOP((#10285,#10556,#10420));
#12602=IFCFACEOUTERBOUND(#12601,.T.);
#12603=IFCFACE((#12602));
#12604=IFCPOLYLOOP((#10285,#10420,#10513));
#12605=IFCFACEOUTERBOUND(#12604,.T.);
#12606=IFCFACE((#12605));
#12607=IFCPOLYLOOP((#10285,#10513,#10440));
#12608=IFCFACEOUTERBOUND(#12607,.T.);
#12609=IFCFACE((#12608));
#12610=IFCPOLYLOOP((#10285,#10440,#10512));
#12611=IFCFACEOUTERBOUND(#12610,.T.);
#12612=IFCFACE((#12611));
#12613=IFCPOLYLOOP((#10285,#10512,#10402));
#12614=IFCFACEOUTERBOUND(#12613,.T.);
#12615=IFCFACE((#12614));
#12616=IFCPOLYLOOP((#10285,#10402,#10526));
#12617=IFCFACEOUTERBOUND(#12616,.T.);
#12618=IFCFACE((#12617));
#12619=IFCPOLYLOOP((#10285,#10526,#10445));
#12620=IFCFACEOUTERBOUND(#12619,.T.);
#12621=IFCFACE((#12620));
#12622=IFCPOLYLOOP((#10285,#10445,#10529));
#12623=IFCFACEOUTERBOUND(#12622,.T.);
#12624=IFCFACE((#12623));
#12625=IFCPOLYLOOP((#10285,#10529,#10405));
#12626=IFCFACEOUTERBOUND(#12625,.T.);
#12627=IFCFACE((#12626));
#12628=IFCPOLYLOOP((#10285,#10405,#10523));
#12629=IFCFACEOUTERBOUND(#12628,.T.);
#12630=IFCFACE((#12629));
#12631=IFCPOLYLOOP((#10285,#10523,#10444));
#12632=IFCFACEOUTERBOUND(#12631,.T.);
#12633=IFCFACE((#12632));
#12634=IFCPOLYLOOP((#10285,#10444,#10522));
#12635=IFCFACEOUTERBOUND(#12634,.T.);
#12636=IFCFACE((#12635));
#12637=IFCPOLYLOOP((#10285,#10522,#10388));
#12638=IFCFACEOUTERBOUND(#12637,.T.);
#12639=IFCFACE((#12638));
#12640=IFCPOLYLOOP((#10285,#10388,#10531));
#12641=IFCFACEOUTERBOUND(#12640,.T.);
#12642=IFCFACE((#12641));
#12643=IFCPOLYLOOP((#10285,#10531,#10447));
#12644=IFCFACEOUTERBOUND(#12643,.T.);
#12645=IFCFACE((#12644));
#12646=IFCPOLYLOOP((#10285,#10447,#10534));
#12647=IFCFACEOUTERBOUND(#12646,.T.);
#12648=IFCFACE((#12647));
#12649=IFCPOLYLOOP((#10285,#10534,#10413));
#12650=IFCFACEOUTERBOUND(#12649,.T.);
#12651=IFCFACE((#12650));
#12652=IFCPOLYLOOP((#10285,#10413,#10492));
#12653=IFCFACEOUTERBOUND(#12652,.T.);
#12654=IFCFACE((#12653));
#12655=IFCPOLYLOOP((#10285,#10492,#10456));
#12656=IFCFACEOUTERBOUND(#12655,.T.);
#12657=IFCFACE((#12656));
#12658=IFCPOLYLOOP((#10285,#10456,#10457));
#12659=IFCFACEOUTERBOUND(#12658,.T.);
#12660=IFCFACE((#12659));
#12661=IFCPOLYLOOP((#10285,#10457,#10394));
#12662=IFCFACEOUTERBOUND(#12661,.T.);
#12663=IFCFACE((#12662));
#12664=IFCPOLYLOOP((#10285,#10394,#10490));
#12665=IFCFACEOUTERBOUND(#12664,.T.);
#12666=IFCFACE((#12665));
#12667=IFCPOLYLOOP((#10285,#10490,#10432));
#12668=IFCFACEOUTERBOUND(#12667,.T.);
#12669=IFCFACE((#12668));
#12670=IFCPOLYLOOP((#10285,#10432,#10454));
#12671=IFCFACEOUTERBOUND(#12670,.T.);
#12672=IFCFACE((#12671));
#12673=IFCPOLYLOOP((#10285,#10454,#10397));
#12674=IFCFACEOUTERBOUND(#12673,.T.);
#12675=IFCFACE((#12674));
#12676=IFCPOLYLOOP((#10285,#10397,#10426));
#12677=IFCFACEOUTERBOUND(#12676,.T.);
#12678=IFCFACE((#12677));
#12679=IFCPOLYLOOP((#10285,#10426,#10410));
#12680=IFCFACEOUTERBOUND(#12679,.T.);
#12681=IFCFACE((#12680));
#12682=IFCPOLYLOOP((#10285,#10410,#10424));
#12683=IFCFACEOUTERBOUND(#12682,.T.);
#12684=IFCFACE((#12683));
#12685=IFCPOLYLOOP((#10285,#10424,#10294));
#12686=IFCFACEOUTERBOUND(#12685,.T.);
#12687=IFCFACE((#12686));
#12688=IFCPOLYLOOP((#10294,#10290,#10287));
#12689=IFCFACEOUTERBOUND(#12688,.T.);
#12690=IFCFACE((#12689));
#12691=IFCPOLYLOOP((#10294,#10287,#10291));
#12692=IFCFACEOUTERBOUND(#12691,.T.);
#12693=IFCFACE((#12692));
#12694=IFCPOLYLOOP((#10294,#10291,#10285));
#12695=IFCFACEOUTERBOUND(#12694,.T.);
#12696=IFCFACE((#12695));
#12697=IFCPOLYLOOP((#10381,#10563,#10560));
#12698=IFCFACEOUTERBOUND(#12697,.T.);
#12699=IFCFACE((#12698));
#12700=IFCPOLYLOOP((#10381,#10560,#10564));
#12701=IFCFACEOUTERBOUND(#12700,.T.);
#12702=IFCFACE((#12701));
#12703=IFCPOLYLOOP((#10381,#10564,#10047));
#12704=IFCFACEOUTERBOUND(#12703,.T.);
#12705=IFCFACE((#12704));
#12706=IFCPOLYLOOP((#10381,#10346,#10343));
#12707=IFCFACEOUTERBOUND(#12706,.T.);
#12708=IFCFACE((#12707));
#12709=IFCPOLYLOOP((#10381,#10343,#10355));
#12710=IFCFACEOUTERBOUND(#12709,.T.);
#12711=IFCFACE((#12710));
#12712=IFCPOLYLOOP((#10381,#10355,#10335));
#12713=IFCFACEOUTERBOUND(#12712,.T.);
#12714=IFCFACE((#12713));
#12715=IFCPOLYLOOP((#10381,#10335,#10349));
#12716=IFCFACEOUTERBOUND(#12715,.T.);
#12717=IFCFACE((#12716));
#12718=IFCPOLYLOOP((#10381,#10349,#10348));
#12719=IFCFACEOUTERBOUND(#12718,.T.);
#12720=IFCFACE((#12719));
#12721=IFCPOLYLOOP((#10381,#10348,#10373));
#12722=IFCFACEOUTERBOUND(#12721,.T.);
#12723=IFCFACE((#12722));
#12724=IFCPOLYLOOP((#10381,#10373,#10334));
#12725=IFCFACEOUTERBOUND(#12724,.T.);
#12726=IFCFACE((#12725));
#12727=IFCPOLYLOOP((#10381,#10334,#10361));
#12728=IFCFACEOUTERBOUND(#12727,.T.);
#12729=IFCFACE((#12728));
#12730=IFCPOLYLOOP((#10381,#10361,#10350));
#12731=IFCFACEOUTERBOUND(#12730,.T.);
#12732=IFCFACE((#12731));
#12733=IFCPOLYLOOP((#10381,#10350,#10356));
#12734=IFCFACEOUTERBOUND(#12733,.T.);
#12735=IFCFACE((#12734));
#12736=IFCPOLYLOOP((#10381,#10356,#10336));
#12737=IFCFACEOUTERBOUND(#12736,.T.);
#12738=IFCFACE((#12737));
#12739=IFCPOLYLOOP((#10381,#10336,#10363));
#12740=IFCFACEOUTERBOUND(#12739,.T.);
#12741=IFCFACE((#12740));
#12742=IFCPOLYLOOP((#10381,#10363,#10340));
#12743=IFCFACEOUTERBOUND(#12742,.T.);
#12744=IFCFACE((#12743));
#12745=IFCPOLYLOOP((#10381,#10340,#10353));
#12746=IFCFACEOUTERBOUND(#12745,.T.);
#12747=IFCFACE((#12746));
#12748=IFCPOLYLOOP((#10381,#10353,#10333));
#12749=IFCFACEOUTERBOUND(#12748,.T.);
#12750=IFCFACE((#12749));
#12751=IFCPOLYLOOP((#10050,#10149,#10132));
#12752=IFCFACEOUTERBOUND(#12751,.T.);
#12753=IFCFACE((#12752));
#12754=IFCPOLYLOOP((#10050,#10132,#10191));
#12755=IFCFACEOUTERBOUND(#12754,.T.);
#12756=IFCFACE((#12755));
#12757=IFCPOLYLOOP((#10050,#10191,#10126));
#12758=IFCFACEOUTERBOUND(#12757,.T.);
#12759=IFCFACE((#12758));
#12760=IFCPOLYLOOP((#10050,#10126,#10184));
#12761=IFCFACEOUTERBOUND(#12760,.T.);
#12762=IFCFACE((#12761));
#12763=IFCPOLYLOOP((#10050,#10184,#10183));
#12764=IFCFACEOUTERBOUND(#12763,.T.);
#12765=IFCFACE((#12764));
#12766=IFCPOLYLOOP((#10050,#10183,#10214));
#12767=IFCFACEOUTERBOUND(#12766,.T.);
#12768=IFCFACE((#12767));
#12769=IFCPOLYLOOP((#10050,#10214,#10110));
#12770=IFCFACEOUTERBOUND(#12769,.T.);
#12771=IFCFACE((#12770));
#12772=IFCPOLYLOOP((#10050,#10110,#10265));
#12773=IFCFACEOUTERBOUND(#12772,.T.);
#12774=IFCFACE((#12773));
#12775=IFCPOLYLOOP((#10050,#10265,#10171));
#12776=IFCFACEOUTERBOUND(#12775,.T.);
#12777=IFCFACE((#12776));
#12778=IFCPOLYLOOP((#10050,#10171,#10262));
#12779=IFCFACEOUTERBOUND(#12778,.T.);
#12780=IFCFACE((#12779));
#12781=IFCPOLYLOOP((#10050,#10262,#10113));
#12782=IFCFACEOUTERBOUND(#12781,.T.);
#12783=IFCFACE((#12782));
#12784=IFCPOLYLOOP((#10050,#10113,#10238));
#12785=IFCFACEOUTERBOUND(#12784,.T.);
#12786=IFCFACE((#12785));
#12787=IFCPOLYLOOP((#10050,#10238,#10161));
#12788=IFCFACEOUTERBOUND(#12787,.T.);
#12789=IFCFACE((#12788));
#12790=IFCPOLYLOOP((#10050,#10161,#10236));
#12791=IFCFACEOUTERBOUND(#12790,.T.);
#12792=IFCFACE((#12791));
#12793=IFCPOLYLOOP((#10050,#10236,#10109));
#12794=IFCFACEOUTERBOUND(#12793,.T.);
#12795=IFCFACE((#12794));
#12796=IFCPOLYLOOP((#10050,#10109,#10257));
#12797=IFCFACEOUTERBOUND(#12796,.T.);
#12798=IFCFACE((#12797));
#12799=IFCPOLYLOOP((#10050,#10257,#10170));
#12800=IFCFACEOUTERBOUND(#12799,.T.);
#12801=IFCFACE((#12800));
#12802=IFCPOLYLOOP((#10050,#10170,#10260));
#12803=IFCFACEOUTERBOUND(#12802,.T.);
#12804=IFCFACE((#12803));
#12805=IFCPOLYLOOP((#10050,#10260,#10136));
#12806=IFCFACEOUTERBOUND(#12805,.T.);
#12807=IFCFACE((#12806));
#12808=IFCPOLYLOOP((#10050,#10136,#10216));
#12809=IFCFACEOUTERBOUND(#12808,.T.);
#12810=IFCFACE((#12809));
#12811=IFCPOLYLOOP((#10050,#10216,#10188));
#12812=IFCFACEOUTERBOUND(#12811,.T.);
#12813=IFCFACE((#12812));
#12814=IFCPOLYLOOP((#10050,#10188,#10271));
#12815=IFCFACEOUTERBOUND(#12814,.T.);
#12816=IFCFACE((#12815));
#12817=IFCPOLYLOOP((#10050,#10271,#10118));
#12818=IFCFACEOUTERBOUND(#12817,.T.);
#12819=IFCFACE((#12818));
#12820=IFCPOLYLOOP((#10050,#10118,#10221));
#12821=IFCFACEOUTERBOUND(#12820,.T.);
#12822=IFCFACE((#12821));
#12823=IFCPOLYLOOP((#10050,#10221,#10156));
#12824=IFCFACEOUTERBOUND(#12823,.T.);
#12825=IFCFACE((#12824));
#12826=IFCPOLYLOOP((#10050,#10156,#10223));
#12827=IFCFACEOUTERBOUND(#12826,.T.);
#12828=IFCFACE((#12827));
#12829=IFCPOLYLOOP((#10050,#10223,#10121));
#12830=IFCFACEOUTERBOUND(#12829,.T.);
#12831=IFCFACE((#12830));
#12832=IFCPOLYLOOP((#10050,#10121,#10227));
#12833=IFCFACEOUTERBOUND(#12832,.T.);
#12834=IFCFACE((#12833));
#12835=IFCPOLYLOOP((#10050,#10227,#10157));
#12836=IFCFACEOUTERBOUND(#12835,.T.);
#12837=IFCFACE((#12836));
#12838=IFCPOLYLOOP((#10050,#10157,#10225));
#12839=IFCFACEOUTERBOUND(#12838,.T.);
#12840=IFCFACE((#12839));
#12841=IFCPOLYLOOP((#10050,#10225,#10107));
#12842=IFCFACEOUTERBOUND(#12841,.T.);
#12843=IFCFACE((#12842));
#12844=IFCPOLYLOOP((#10050,#10107,#10272));
#12845=IFCFACEOUTERBOUND(#12844,.T.);
#12846=IFCFACE((#12845));
#12847=IFCPOLYLOOP((#10050,#10272,#10141));
#12848=IFCFACEOUTERBOUND(#12847,.T.);
#12849=IFCFACE((#12848));
#12850=IFCPOLYLOOP((#10050,#10141,#10276));
#12851=IFCFACEOUTERBOUND(#12850,.T.);
#12852=IFCFACE((#12851));
#12853=IFCPOLYLOOP((#10050,#10276,#10140));
#12854=IFCFACEOUTERBOUND(#12853,.T.);
#12855=IFCFACE((#12854));
#12856=IFCPOLYLOOP((#10050,#10140,#10233));
#12857=IFCFACEOUTERBOUND(#12856,.T.);
#12858=IFCFACE((#12857));
#12859=IFCPOLYLOOP((#10050,#10233,#10160));
#12860=IFCFACEOUTERBOUND(#12859,.T.);
#12861=IFCFACE((#12860));
#12862=IFCPOLYLOOP((#10050,#10160,#10232));
#12863=IFCFACEOUTERBOUND(#12862,.T.);
#12864=IFCFACE((#12863));
#12865=IFCPOLYLOOP((#10050,#10232,#10122));
#12866=IFCFACEOUTERBOUND(#12865,.T.);
#12867=IFCFACE((#12866));
#12868=IFCPOLYLOOP((#10050,#10122,#10246));
#12869=IFCFACEOUTERBOUND(#12868,.T.);
#12870=IFCFACE((#12869));
#12871=IFCPOLYLOOP((#10050,#10246,#10165));
#12872=IFCFACEOUTERBOUND(#12871,.T.);
#12873=IFCFACE((#12872));
#12874=IFCPOLYLOOP((#10050,#10165,#10249));
#12875=IFCFACEOUTERBOUND(#12874,.T.);
#12876=IFCFACE((#12875));
#12877=IFCPOLYLOOP((#10050,#10249,#10125));
#12878=IFCFACEOUTERBOUND(#12877,.T.);
#12879=IFCFACE((#12878));
#12880=IFCPOLYLOOP((#10050,#10125,#10243));
#12881=IFCFACEOUTERBOUND(#12880,.T.);
#12882=IFCFACE((#12881));
#12883=IFCPOLYLOOP((#10050,#10243,#10164));
#12884=IFCFACEOUTERBOUND(#12883,.T.);
#12885=IFCFACE((#12884));
#12886=IFCPOLYLOOP((#10050,#10164,#10242));
#12887=IFCFACEOUTERBOUND(#12886,.T.);
#12888=IFCFACE((#12887));
#12889=IFCPOLYLOOP((#10050,#10242,#10108));
#12890=IFCFACEOUTERBOUND(#12889,.T.);
#12891=IFCFACE((#12890));
#12892=IFCPOLYLOOP((#10050,#10108,#10251));
#12893=IFCFACEOUTERBOUND(#12892,.T.);
#12894=IFCFACE((#12893));
#12895=IFCPOLYLOOP((#10050,#10251,#10167));
#12896=IFCFACEOUTERBOUND(#12895,.T.);
#12897=IFCFACE((#12896));
#12898=IFCPOLYLOOP((#10050,#10167,#10254));
#12899=IFCFACEOUTERBOUND(#12898,.T.);
#12900=IFCFACE((#12899));
#12901=IFCPOLYLOOP((#10050,#10254,#10133));
#12902=IFCFACEOUTERBOUND(#12901,.T.);
#12903=IFCFACE((#12902));
#12904=IFCPOLYLOOP((#10050,#10133,#10212));
#12905=IFCFACEOUTERBOUND(#12904,.T.);
#12906=IFCFACE((#12905));
#12907=IFCPOLYLOOP((#10050,#10212,#10176));
#12908=IFCFACEOUTERBOUND(#12907,.T.);
#12909=IFCFACE((#12908));
#12910=IFCPOLYLOOP((#10050,#10176,#10177));
#12911=IFCFACEOUTERBOUND(#12910,.T.);
#12912=IFCFACE((#12911));
#12913=IFCPOLYLOOP((#10050,#10177,#10114));
#12914=IFCFACEOUTERBOUND(#12913,.T.);
#12915=IFCFACE((#12914));
#12916=IFCPOLYLOOP((#10050,#10114,#10210));
#12917=IFCFACEOUTERBOUND(#12916,.T.);
#12918=IFCFACE((#12917));
#12919=IFCPOLYLOOP((#10050,#10210,#10152));
#12920=IFCFACEOUTERBOUND(#12919,.T.);
#12921=IFCFACE((#12920));
#12922=IFCPOLYLOOP((#10050,#10152,#10174));
#12923=IFCFACEOUTERBOUND(#12922,.T.);
#12924=IFCFACE((#12923));
#12925=IFCPOLYLOOP((#10050,#10174,#10117));
#12926=IFCFACEOUTERBOUND(#12925,.T.);
#12927=IFCFACE((#12926));
#12928=IFCPOLYLOOP((#10050,#10117,#10146));
#12929=IFCFACEOUTERBOUND(#12928,.T.);
#12930=IFCFACE((#12929));
#12931=IFCPOLYLOOP((#10050,#10146,#10130));
#12932=IFCFACEOUTERBOUND(#12931,.T.);
#12933=IFCFACE((#12932));
#12934=IFCPOLYLOOP((#10050,#10130,#10144));
#12935=IFCFACEOUTERBOUND(#12934,.T.);
#12936=IFCFACE((#12935));
#12937=IFCPOLYLOOP((#10050,#10144,#10100));
#12938=IFCFACEOUTERBOUND(#12937,.T.);
#12939=IFCFACE((#12938));
#12940=IFCPOLYLOOP((#10050,#10308,#10303));
#12941=IFCFACEOUTERBOUND(#12940,.T.);
#12942=IFCFACE((#12941));
#12943=IFCPOLYLOOP((#10050,#10303,#10321));
#12944=IFCFACEOUTERBOUND(#12943,.T.);
#12945=IFCFACE((#12944));
#12946=IFCPOLYLOOP((#10050,#10321,#10297));
#12947=IFCFACEOUTERBOUND(#12946,.T.);
#12948=IFCFACE((#12947));
#12949=IFCPOLYLOOP((#10050,#10297,#10316));
#12950=IFCFACEOUTERBOUND(#12949,.T.);
#12951=IFCFACE((#12950));
#12952=IFCPOLYLOOP((#10050,#10316,#10302));
#12953=IFCFACEOUTERBOUND(#12952,.T.);
#12954=IFCFACE((#12953));
#12955=IFCPOLYLOOP((#10050,#10302,#10325));
#12956=IFCFACEOUTERBOUND(#12955,.T.);
#12957=IFCFACE((#12956));
#12958=IFCPOLYLOOP((#10050,#10325,#10301));
#12959=IFCFACEOUTERBOUND(#12958,.T.);
#12960=IFCFACE((#12959));
#12961=IFCPOLYLOOP((#10050,#10301,#10306));
#12962=IFCFACEOUTERBOUND(#12961,.T.);
#12963=IFCFACE((#12962));
#12964=IFCPOLYLOOP((#10050,#10306,#10305));
#12965=IFCFACEOUTERBOUND(#12964,.T.);
#12966=IFCFACE((#12965));
#12967=IFCPOLYLOOP((#10050,#10305,#10312));
#12968=IFCFACEOUTERBOUND(#12967,.T.);
#12969=IFCFACE((#12968));
#12970=IFCPOLYLOOP((#10050,#10312,#10101));
#12971=IFCFACEOUTERBOUND(#12970,.T.);
#12972=IFCFACE((#12971));
#12973=IFCPOLYLOOP((#10047,#10578,#10573));
#12974=IFCFACEOUTERBOUND(#12973,.T.);
#12975=IFCFACE((#12974));
#12976=IFCPOLYLOOP((#10047,#10573,#10591));
#12977=IFCFACEOUTERBOUND(#12976,.T.);
#12978=IFCFACE((#12977));
#12979=IFCPOLYLOOP((#10047,#10591,#10567));
#12980=IFCFACEOUTERBOUND(#12979,.T.);
#12981=IFCFACE((#12980));
#12982=IFCPOLYLOOP((#10047,#10567,#10586));
#12983=IFCFACEOUTERBOUND(#12982,.T.);
#12984=IFCFACE((#12983));
#12985=IFCPOLYLOOP((#10047,#10586,#10572));
#12986=IFCFACEOUTERBOUND(#12985,.T.);
#12987=IFCFACE((#12986));
#12988=IFCPOLYLOOP((#10047,#10572,#10595));
#12989=IFCFACEOUTERBOUND(#12988,.T.);
#12990=IFCFACE((#12989));
#12991=IFCPOLYLOOP((#10047,#10595,#10571));
#12992=IFCFACEOUTERBOUND(#12991,.T.);
#12993=IFCFACE((#12992));
#12994=IFCPOLYLOOP((#10047,#10571,#10576));
#12995=IFCFACEOUTERBOUND(#12994,.T.);
#12996=IFCFACE((#12995));
#12997=IFCPOLYLOOP((#10047,#10576,#10575));
#12998=IFCFACEOUTERBOUND(#12997,.T.);
#12999=IFCFACE((#12998));
#13000=IFCPOLYLOOP((#10047,#10575,#10582));
#13001=IFCFACEOUTERBOUND(#13000,.T.);
#13002=IFCFACE((#13001));
#13003=IFCPOLYLOOP((#10047,#10582,#10381));
#13004=IFCFACEOUTERBOUND(#13003,.T.);
#13005=IFCFACE((#13004));
#13006=IFCPOLYLOOP((#10100,#10063,#10060));
#13007=IFCFACEOUTERBOUND(#13006,.T.);
#13008=IFCFACE((#13007));
#13009=IFCPOLYLOOP((#10100,#10060,#10072));
#13010=IFCFACEOUTERBOUND(#13009,.T.);
#13011=IFCFACE((#13010));
#13012=IFCPOLYLOOP((#10100,#10072,#10052));
#13013=IFCFACEOUTERBOUND(#13012,.T.);
#13014=IFCFACE((#13013));
#13015=IFCPOLYLOOP((#10100,#10052,#10066));
#13016=IFCFACEOUTERBOUND(#13015,.T.);
#13017=IFCFACE((#13016));
#13018=IFCPOLYLOOP((#10100,#10066,#10065));
#13019=IFCFACEOUTERBOUND(#13018,.T.);
#13020=IFCFACE((#13019));
#13021=IFCPOLYLOOP((#10100,#10065,#10090));
#13022=IFCFACEOUTERBOUND(#13021,.T.);
#13023=IFCFACE((#13022));
#13024=IFCPOLYLOOP((#10100,#10090,#10051));
#13025=IFCFACEOUTERBOUND(#13024,.T.);
#13026=IFCFACE((#13025));
#13027=IFCPOLYLOOP((#10100,#10051,#10078));
#13028=IFCFACEOUTERBOUND(#13027,.T.);
#13029=IFCFACE((#13028));
#13030=IFCPOLYLOOP((#10100,#10078,#10067));
#13031=IFCFACEOUTERBOUND(#13030,.T.);
#13032=IFCFACE((#13031));
#13033=IFCPOLYLOOP((#10100,#10067,#10073));
#13034=IFCFACEOUTERBOUND(#13033,.T.);
#13035=IFCFACE((#13034));
#13036=IFCPOLYLOOP((#10100,#10073,#10053));
#13037=IFCFACEOUTERBOUND(#13036,.T.);
#13038=IFCFACE((#13037));
#13039=IFCPOLYLOOP((#10100,#10053,#10080));
#13040=IFCFACEOUTERBOUND(#13039,.T.);
#13041=IFCFACE((#13040));
#13042=IFCPOLYLOOP((#10100,#10080,#10057));
#13043=IFCFACEOUTERBOUND(#13042,.T.);
#13044=IFCFACE((#13043));
#13045=IFCPOLYLOOP((#10100,#10057,#10070));
#13046=IFCFACEOUTERBOUND(#13045,.T.);
#13047=IFCFACE((#13046));
#13048=IFCPOLYLOOP((#10100,#10070,#10050));
#13049=IFCFACEOUTERBOUND(#13048,.T.);
#13050=IFCFACE((#13049));
#13051=IFCPOLYLOOP((#10574,#10579,#10583));
#13052=IFCFACEOUTERBOUND(#13051,.T.);
#13053=IFCFACE((#13052));
#13054=IFCPOLYLOOP((#10595,#10594,#10590));
#13055=IFCFACEOUTERBOUND(#13054,.T.);
#13056=IFCFACE((#13055));
#13057=IFCPOLYLOOP((#10584,#10596,#10577));
#13058=IFCFACEOUTERBOUND(#13057,.T.);
#13059=IFCFACE((#13058));
#13060=IFCPOLYLOOP((#10590,#10569,#10588));
#13061=IFCFACEOUTERBOUND(#13060,.T.);
#13062=IFCFACE((#13061));
#13063=IFCPOLYLOOP((#10570,#10584,#10577));
#13064=IFCFACEOUTERBOUND(#13063,.T.);
#13065=IFCFACE((#13064));
#13066=IFCPOLYLOOP((#10587,#10591,#10584));
#13067=IFCFACEOUTERBOUND(#13066,.T.);
#13068=IFCFACE((#13067));
#13069=IFCPOLYLOOP((#10099,#10581,#10596));
#13070=IFCFACEOUTERBOUND(#13069,.T.);
#13071=IFCFACE((#13070));
#13072=IFCPOLYLOOP((#10580,#10588,#10569));
#13073=IFCFACEOUTERBOUND(#13072,.T.);
#13074=IFCFACE((#13073));
#13075=IFCPOLYLOOP((#10571,#10588,#10576));
#13076=IFCFACEOUTERBOUND(#13075,.T.);
#13077=IFCFACE((#13076));
#13078=IFCPOLYLOOP((#10568,#10594,#10589));
#13079=IFCFACEOUTERBOUND(#13078,.T.);
#13080=IFCFACE((#13079));
#13081=IFCPOLYLOOP((#10587,#10584,#10570));
#13082=IFCFACEOUTERBOUND(#13081,.T.);
#13083=IFCFACE((#13082));
#13084=IFCPOLYLOOP((#10574,#10583,#10592));
#13085=IFCFACEOUTERBOUND(#13084,.T.);
#13086=IFCFACE((#13085));
#13087=IFCPOLYLOOP((#10575,#10576,#10592));
#13088=IFCFACEOUTERBOUND(#13087,.T.);
#13089=IFCFACE((#13088));
#13090=IFCPOLYLOOP((#10576,#10588,#10592));
#13091=IFCFACEOUTERBOUND(#13090,.T.);
#13092=IFCFACE((#13091));
#13093=IFCPOLYLOOP((#10100,#10099,#10596));
#13094=IFCFACEOUTERBOUND(#13093,.T.);
#13095=IFCFACE((#13094));
#13096=IFCPOLYLOOP((#10382,#10381,#10582));
#13097=IFCFACEOUTERBOUND(#13096,.T.);
#13098=IFCFACE((#13097));
#13099=IFCPOLYLOOP((#10575,#10583,#10582));
#13100=IFCFACEOUTERBOUND(#13099,.T.);
#13101=IFCFACE((#13100));
#13102=IFCPOLYLOOP((#10579,#10383,#10382));
#13103=IFCFACEOUTERBOUND(#13102,.T.);
#13104=IFCFACE((#13103));
#13105=IFCPOLYLOOP((#10099,#10098,#10581));
#13106=IFCFACEOUTERBOUND(#13105,.T.);
#13107=IFCFACE((#13106));
#13108=IFCPOLYLOOP((#10584,#10573,#10596));
#13109=IFCFACEOUTERBOUND(#13108,.T.);
#13110=IFCFACE((#13109));
#13111=IFCPOLYLOOP((#10582,#10583,#10382));
#13112=IFCFACEOUTERBOUND(#13111,.T.);
#13113=IFCFACE((#13112));
#13114=IFCPOLYLOOP((#10382,#10583,#10579));
#13115=IFCFACEOUTERBOUND(#13114,.T.);
#13116=IFCFACE((#13115));
#13117=IFCPOLYLOOP((#10573,#10584,#10591));
#13118=IFCFACEOUTERBOUND(#13117,.T.);
#13119=IFCFACE((#13118));
#13120=IFCPOLYLOOP((#10596,#10573,#10578,#10100));
#13121=IFCFACEOUTERBOUND(#13120,.T.);
#13122=IFCFACE((#13121));
#13123=IFCPOLYLOOP((#10570,#10585,#10587));
#13124=IFCFACEOUTERBOUND(#13123,.T.);
#13125=IFCFACE((#13124));
#13126=IFCPOLYLOOP((#10586,#10589,#10594));
#13127=IFCFACEOUTERBOUND(#13126,.T.);
#13128=IFCFACE((#13127));
#13129=IFCPOLYLOOP((#10567,#10589,#10586));
#13130=IFCFACEOUTERBOUND(#13129,.T.);
#13131=IFCFACE((#13130));
#13132=IFCPOLYLOOP((#10589,#10587,#10585));
#13133=IFCFACEOUTERBOUND(#13132,.T.);
#13134=IFCFACE((#13133));
#13135=IFCPOLYLOOP((#10588,#10571,#10590));
#13136=IFCFACEOUTERBOUND(#13135,.T.);
#13137=IFCFACE((#13136));
#13138=IFCPOLYLOOP((#10580,#10574,#10592));
#13139=IFCFACEOUTERBOUND(#13138,.T.);
#13140=IFCFACE((#13139));
#13141=IFCPOLYLOOP((#10587,#10589,#10567));
#13142=IFCFACEOUTERBOUND(#13141,.T.);
#13143=IFCFACE((#13142));
#13144=IFCPOLYLOOP((#10568,#10589,#10585));
#13145=IFCFACEOUTERBOUND(#13144,.T.);
#13146=IFCFACE((#13145));
#13147=IFCPOLYLOOP((#10594,#10595,#10572,#10586));
#13148=IFCFACEOUTERBOUND(#13147,.T.);
#13149=IFCFACE((#13148));
#13150=IFCPOLYLOOP((#10590,#10594,#10593));
#13151=IFCFACEOUTERBOUND(#13150,.T.);
#13152=IFCFACE((#13151));
#13153=IFCPOLYLOOP((#10587,#10567,#10591));
#13154=IFCFACEOUTERBOUND(#13153,.T.);
#13155=IFCFACE((#13154));
#13156=IFCPOLYLOOP((#10592,#10583,#10575));
#13157=IFCFACEOUTERBOUND(#13156,.T.);
#13158=IFCFACE((#13157));
#13159=IFCPOLYLOOP((#10580,#10592,#10588));
#13160=IFCFACEOUTERBOUND(#13159,.T.);
#13161=IFCFACE((#13160));
#13162=IFCPOLYLOOP((#10593,#10594,#10568));
#13163=IFCFACEOUTERBOUND(#13162,.T.);
#13164=IFCFACE((#13163));
#13165=IFCPOLYLOOP((#10593,#10569,#10590));
#13166=IFCFACEOUTERBOUND(#13165,.T.);
#13167=IFCFACE((#13166));
#13168=IFCPOLYLOOP((#10590,#10571,#10595));
#13169=IFCFACEOUTERBOUND(#13168,.T.);
#13170=IFCFACE((#13169));
#13171=IFCPOLYLOOP((#10596,#10581,#10577));
#13172=IFCFACEOUTERBOUND(#13171,.T.);
#13173=IFCFACE((#13172));
#13174=IFCPOLYLOOP((#10558,#10383,#10579,#10574,#10580,#10569,#10593,#10568,#10585,#10570,#10577,#10581,#10098,#10278));
#13175=IFCFACEOUTERBOUND(#13174,.T.);
#13176=IFCFACE((#13175));
#13177=IFCCARTESIANPOINT((0.66666666666667229,0.48958333333332982,6.5));
#13178=IFCCARTESIANPOINT((0.66666666666667229,0.55208333333332971,6.5));
#13179=IFCCARTESIANPOINT((0.66666666666667229,0.55208333333332971,4.4166666666666652));
#13180=IFCCARTESIANPOINT((0.66666666666667229,0.48958333333332982,4.4166666666666643));
#13181=IFCCARTESIANPOINT((0.70603674540682959,0.55536417322834297,6.4606299212598426));
#13182=IFCCARTESIANPOINT((0.7060367454068297,0.48958333333332993,6.4606299212598426));
#13183=IFCCARTESIANPOINT((0.7060367454068297,0.48958333333332993,4.4560367454068226));
#13184=IFCCARTESIANPOINT((0.70603674540682959,0.55536417322834297,4.4560367454068217));
#13185=IFCCARTESIANPOINT((0.68963254593176437,0.57176837270340863,6.477034120734908));
#13186=IFCCARTESIANPOINT((0.70123206662052007,0.56696369391709855,6.4654346000461524));
#13187=IFCCARTESIANPOINT((0.7012320666205204,0.56696369391709833,4.4512320666205127));
#13188=IFCCARTESIANPOINT((0.68963254593176426,0.57176837270340863,4.4396325459317563));
#13189=IFCCARTESIANPOINT((0.68963254593176437,0.57176837270340863,5.4524030741521434));
#13190=IFCCARTESIANPOINT((0.68963254593176426,0.57176837270340863,5.9647185728343945));
#13191=IFCCARTESIANPOINT((0.68963254593176426,0.57176837270340863,4.9519480938322697));
#13192=IFCCARTESIANPOINT((0.70603674540682992,0.55536417322834297,5.4583333333333321));
#13193=IFCCARTESIANPOINT((0.70603674540682992,0.55536417322834297,5.9594816272965874));
#13194=IFCCARTESIANPOINT((0.70603674540682992,0.55536417322834297,4.9571850393700778));
#13195=IFCCARTESIANPOINT((0.68963254593176426,0.57176837270340863,4.695790319882013));
#13196=IFCCARTESIANPOINT((0.70603674540682992,0.55536417322834297,4.7066108864680389));
#13197=IFCCARTESIANPOINT((0.70603674540682992,0.55536417322834297,4.5841156214424377));
#13198=IFCCARTESIANPOINT((0.68963254593176437,0.57176837270340863,6.2208763467846513));
#13199=IFCCARTESIANPOINT((0.70603674540682992,0.55536417322834297,6.2100557801986263));
#13200=IFCCARTESIANPOINT((0.70603674540682992,0.55536417322834297,6.0847686978271964));
#13201=IFCCARTESIANPOINT((0.68963254593176437,0.57176837270340863,6.3489552091506489));
#13202=IFCCARTESIANPOINT((0.70603674540682992,0.55536417322834297,5.7089074743945485));
#13203=IFCCARTESIANPOINT((0.68963254593176426,0.57176837270340863,5.7085608481024002));
#13204=IFCCARTESIANPOINT((0.68963254593176437,0.57176837270340863,5.8366397104683978));
#13205=IFCCARTESIANPOINT((0.68963254593176426,0.57176837270340863,5.2021756086013369));
#13206=IFCCARTESIANPOINT((0.70603674540682992,0.55536417322834297,5.2077591922721167));
#13207=IFCCARTESIANPOINT((0.70603674540682992,0.55536417322834297,5.0824721099006851));
#13208=IFCCARTESIANPOINT((0.68963254593176426,0.57176837270340863,4.5677114575160154));
#13209=IFCCARTESIANPOINT((0.70603674540682992,0.55536417322834297,6.3353428507292344));
#13210=IFCCARTESIANPOINT((0.68963254593176437,0.57176837270340863,6.0927974844186545));
#13211=IFCCARTESIANPOINT((0.68963254593176426,0.57176837270340863,5.0770618512168042));
#13212=IFCCARTESIANPOINT((0.70105523105683865,0.56713787379151126,5.1396186871118967));
#13213=IFCCARTESIANPOINT((0.70134958583869111,0.56684497181717064,5.0394862013020498));
#13214=IFCCARTESIANPOINT((0.70113576800094501,0.56705919962612672,5.2366559084090092));
#13215=IFCCARTESIANPOINT((0.70603674540682992,0.55536417322834297,5.3330462628027249));
#13216=IFCCARTESIANPOINT((0.68963254593176437,0.57176837270340863,5.3272893167676099));
#13217=IFCCARTESIANPOINT((0.7015548849083364,0.56663163051672227,4.6453632571397057));
#13218=IFCCARTESIANPOINT((0.68963254593176426,0.57176837270340863,4.8238691822480098));
#13219=IFCCARTESIANPOINT((0.70095115019518583,0.56723796613313127,4.748536007830122));
#13220=IFCCARTESIANPOINT((0.70603674540682992,0.55536417322834297,4.8318979688394696));
#13221=IFCCARTESIANPOINT((0.70146351099292337,0.56672753655701369,4.5496165765595382));
#13222=IFCCARTESIANPOINT((0.70140119253005395,0.56679206532016413,6.0221251480263414));
#13223=IFCCARTESIANPOINT((0.70111799586098444,0.5670766537658346,5.9221087301027264));
#13224=IFCCARTESIANPOINT((0.70603674540682992,0.55536417322834297,5.8341945567659792));
#13225=IFCCARTESIANPOINT((0.70122025776286279,0.56697549076500364,5.7715510034637845));
#13226=IFCCARTESIANPOINT((0.70136120008228331,0.56683310658045805,6.118624629111876));
#13227=IFCCARTESIANPOINT((0.70123873179633911,0.56695702490921462,5.6732499056050347));
#13228=IFCCARTESIANPOINT((0.68963254593176437,0.57176837270340863,5.5804819365181411));
#13229=IFCCARTESIANPOINT((0.70603674540682992,0.55536417322834297,5.5836204038639403));
#13230=IFCCARTESIANPOINT((0.70133549377768134,0.56685933621689999,5.5209768589771802));
#13231=IFCCARTESIANPOINT((0.70133229045568224,0.56686259653298765,5.4240514863113116));
#13232=IFCCARTESIANPOINT((0.70140119265663547,0.56679206518980829,4.8945414977801516));
#13233=IFCCARTESIANPOINT((0.70156283474483305,0.56662321267469495,6.2726992937981798));
#13234=IFCCARTESIANPOINT((0.70142321119105999,0.56676934631606857,6.3682738855441752));
#13235=IFCCARTESIANPOINT((0.70123762525748834,0.56695813261508377,5.3283859271514604));
#13236=IFCCARTESIANPOINT((0.64041994750656728,0.56520669291338244,6.5262467191601052));
#13237=IFCCARTESIANPOINT((0.64234181902109122,0.56984650118888447,6.5243248476455813));
#13238=IFCCARTESIANPOINT((0.64698162729659359,0.57176837270340863,6.5196850393700787));
#13239=IFCCARTESIANPOINT((0.64698162729659447,0.57176837270340863,4.3969816272965865));
#13240=IFCCARTESIANPOINT((0.64234181902109166,0.56984650118888491,4.3923418190210839));
#13241=IFCCARTESIANPOINT((0.64041994750656728,0.56520669291338232,4.3904199475065591));
#13242=IFCCARTESIANPOINT((0.64041994750656728,0.56520669291338232,5.4583333268689742));
#13243=IFCCARTESIANPOINT((0.64041994750656728,0.56520669291338232,5.9922900294788972));
#13244=IFCCARTESIANPOINT((0.6404199475065675,0.56520669291338232,4.9243766371877662));
#13245=IFCCARTESIANPOINT((0.64698162729659403,0.57176837270340863,5.4583333333333321));
#13246=IFCCARTESIANPOINT((0.64698162729659381,0.57176837270340863,5.9890091922662876));
#13247=IFCCARTESIANPOINT((0.64698162729659425,0.57176837270340863,4.9276574744003776));
#13248=IFCCARTESIANPOINT((0.64698162729659447,0.57176837270340863,4.6623195508484825));
#13249=IFCCARTESIANPOINT((0.64041994750656728,0.56520669291338232,4.6573982858828051));
#13250=IFCCARTESIANPOINT((0.64041994750656728,0.56520669291338232,4.7908874550709282));
#13251=IFCCARTESIANPOINT((0.64698162729659447,0.57176837270340863,4.79498851262443));
#13252=IFCCARTESIANPOINT((0.64698162729659381,0.57176837270340863,6.2543471158181827));
#13253=IFCCARTESIANPOINT((0.64041994750656728,0.56520669291338244,6.2592683678551442));
#13254=IFCCARTESIANPOINT((0.64041994750656728,0.56520669291338244,6.364238316100125));
#13255=IFCCARTESIANPOINT((0.64698162729659359,0.57176837270340852,6.3870160775941311));
#13256=IFCCARTESIANPOINT((0.64698162729659403,0.57176837270340863,5.1929953979522727));
#13257=IFCCARTESIANPOINT((0.64041994750656728,0.56520669291338232,5.1913549884927281));
#13258=IFCCARTESIANPOINT((0.64041994750656728,0.56520669291338232,5.3248441576808521));
#13259=IFCCARTESIANPOINT((0.64698162729659403,0.57176837270340863,5.3256643715573846));
#13260=IFCCARTESIANPOINT((0.64698162729659403,0.57176837270340863,5.7236712687143916));
#13261=IFCCARTESIANPOINT((0.64041994750656728,0.56520669291338232,5.7253116781739362));
#13262=IFCCARTESIANPOINT((0.64041994750656728,0.56520669291338232,5.8588008602907742));
#13263=IFCCARTESIANPOINT((0.64698162729659381,0.57176837270340863,5.8563402304903409));
#13264=IFCCARTESIANPOINT((0.64698162729659447,0.57176837270340852,4.529650589072534));
#13265=IFCCARTESIANPOINT((0.64041994750656728,0.56520669291338232,4.5239091166946812));
#13266=IFCCARTESIANPOINT((0.64041994750656728,0.56520669291338232,4.5906537012887441));
#13267=IFCCARTESIANPOINT((0.64041994750656728,0.56520669291338244,6.4452425111657572));
#13268=IFCCARTESIANPOINT((0.64698162729659359,0.57176837270340863,6.4533505643966871));
#13269=IFCCARTESIANPOINT((0.64041994750656728,0.56520669291338232,4.4714241425721912));
#13270=IFCCARTESIANPOINT((0.64698162729659447,0.57176837270340863,4.4633161022699781));
#13271=IFCCARTESIANPOINT((0.64698162729659381,0.57176837270340863,6.121678154042236));
#13272=IFCCARTESIANPOINT((0.64041994750656728,0.56520669291338232,6.1257791986670203));
#13273=IFCCARTESIANPOINT((0.64041994750656728,0.56520669291338232,6.1925237832610822));
#13274=IFCCARTESIANPOINT((0.64698162729659403,0.57176837270340863,5.0603264361763252));
#13275=IFCCARTESIANPOINT((0.64041994750656728,0.56520669291338232,5.057865819304606));
#13276=IFCCARTESIANPOINT((0.64041994750656728,0.56520669291338232,5.1246104038986671));
#13277=IFCCARTESIANPOINT((0.64041994750656728,0.56520669291338232,5.5918224960570972));
#13278=IFCCARTESIANPOINT((0.64698162729659403,0.57176837270340863,5.5910022951092806));
#13279=IFCCARTESIANPOINT((0.64698162729659403,0.57176837270340863,5.524667820135889));
#13280=IFCCARTESIANPOINT((0.64041994750656728,0.56520669291338244,6.4857446086985737));
#13281=IFCCARTESIANPOINT((0.64041994750656728,0.56520669291338232,4.4309220450393756));
#13282=IFCCARTESIANPOINT((0.64698162729659359,0.57176837270340863,6.479182951193212));
#13283=IFCCARTESIANPOINT((0.64220006281381714,0.56970027531096767,6.4662667483070235));
#13284=IFCCARTESIANPOINT((0.64698162729659359,0.57176837270340863,6.420183315080827));
#13285=IFCCARTESIANPOINT((0.64041994750656728,0.56520669291338232,6.4047404136329407));
#13286=IFCCARTESIANPOINT((0.64253092423998726,0.57002819516566372,6.4035996931361687));
#13287=IFCCARTESIANPOINT((0.64698162729659447,0.57176837270340863,4.4374837154734532));
#13288=IFCCARTESIANPOINT((0.64220006267770535,0.56970027516613309,4.4503999168334714));
#13289=IFCCARTESIANPOINT((0.64260963911929858,0.57009968392547627,4.4972339517904789));
#13290=IFCCARTESIANPOINT((0.64698162729659359,0.57176837270340863,6.3206815907915752));
#13291=IFCCARTESIANPOINT((0.64274539428196698,0.57021767799743772,6.3630619077888673));
#13292=IFCCARTESIANPOINT((0.64041994750656728,0.56520669291338244,6.3117533419776342));
#13293=IFCCARTESIANPOINT((0.64041994750656706,0.56520669291338232,5.2580995730867901));
#13294=IFCCARTESIANPOINT((0.64698162729659403,0.57176837270340863,5.2593298847548287));
#13295=IFCCARTESIANPOINT((0.64698162729659403,0.57176837270340863,5.3919988465307771));
#13296=IFCCARTESIANPOINT((0.64041994750656728,0.56520669291338232,5.3915887422749122));
#13297=IFCCARTESIANPOINT((0.64041994750656728,0.56520669291338232,5.6585670935798742));
#13298=IFCCARTESIANPOINT((0.64698162729659403,0.57176837270340852,5.6573367819118356));
#13299=IFCCARTESIANPOINT((0.64698162729659425,0.57176837270340863,4.861322999426986));
#13300=IFCCARTESIANPOINT((0.64041994750656728,0.56520669291338232,4.8576320525937051));
#13301=IFCCARTESIANPOINT((0.64041994750656728,0.56520669291338232,5.9255454448848361));
#13302=IFCCARTESIANPOINT((0.64698162729659381,0.57176837270340863,5.922674717292896));
#13303=IFCCARTESIANPOINT((0.64698162729659381,0.57176837270340863,5.7900057436877841));
#13304=IFCCARTESIANPOINT((0.64041994750656728,0.56520669291338232,5.7920562627679981));
#13305=IFCCARTESIANPOINT((0.64698162729659381,0.57176837270340863,6.0553436672396801));
#13306=IFCCARTESIANPOINT((0.64041994750656728,0.56520669291338232,6.0590346140729592));
#13307=IFCCARTESIANPOINT((0.64041994750656728,0.56520669291338232,4.9911212217818282));
#13308=IFCCARTESIANPOINT((0.64698162729659425,0.57176837270340863,4.9939919493737692));
#13309=IFCCARTESIANPOINT((0.64698162729659425,0.57176837270340863,4.7286540258218732));
#13310=IFCCARTESIANPOINT((0.64041994750656728,0.56520669291338232,4.7241428704768662));
#13311=IFCCARTESIANPOINT((0.64253712049688683,0.57003390753200034,6.2855108532317727));
#13312=IFCCARTESIANPOINT((0.64698162729659359,0.57176837270340863,6.3538488401074353));
#13313=IFCCARTESIANPOINT((0.64228172059115818,0.56978561403380379,6.2477361221769119));
#13314=IFCCARTESIANPOINT((0.64698162729659359,0.57176837270340863,6.1880126408447911));
#13315=IFCCARTESIANPOINT((0.64698162729659381,0.57176837270340863,6.2211798783314869));
#13316=IFCCARTESIANPOINT((0.64243022538792038,0.56993325427790142,6.2045962438077042));
#13317=IFCCARTESIANPOINT((0.64237497228446494,0.56987941923385832,6.1565041567143171));
#13318=IFCCARTESIANPOINT((0.64041994750656728,0.56520669291338244,6.2258960690937553));
#13319=IFCCARTESIANPOINT((0.64226083022924851,0.56976407337981105,6.3229715701802487));
#13320=IFCCARTESIANPOINT((0.64228038307315005,0.56978424077423295,4.5347297485692497));
#13321=IFCCARTESIANPOINT((0.64698162729659425,0.57176837270340863,4.59598507587509));
#13322=IFCCARTESIANPOINT((0.64698162729659447,0.57176837270340863,4.5628178265592307));
#13323=IFCCARTESIANPOINT((0.64244344735463099,0.56994595071194176,4.579401450672349));
#13324=IFCCARTESIANPOINT((0.64238695909319365,0.56989120631047119,4.6272315094368475));
#13325=IFCCARTESIANPOINT((0.64041994750656728,0.56520669291338232,4.5572814154560701));
#13326=IFCCARTESIANPOINT((0.64698162729659425,0.57176837270340863,5.1266609229788811));
#13327=IFCCARTESIANPOINT((0.64243198134605506,0.56993494453439275,5.0934936805503179));
#13328=IFCCARTESIANPOINT((0.64041994750656728,0.56520669291338232,5.5250779114630362));
#13329=IFCCARTESIANPOINT((0.64698162729659447,0.57176837270340863,4.4964833515858382));
#13330=IFCCARTESIANPOINT((0.64227002755909424,0.56977358130488431,5.2247272753424205));
#13331=IFCCARTESIANPOINT((0.64228753079545164,0.56979157019688809,5.2914718615677483));
#13332=IFCCARTESIANPOINT((0.64234181881910968,0.56984650098690304,5.4251660869565219));
#13333=IFCCARTESIANPOINT((0.64236017243807364,0.56986478229181858,5.3588316056707574));
#13334=IFCCARTESIANPOINT((0.64227002754031925,0.56977358128551447,5.6919393789928092));
#13335=IFCCARTESIANPOINT((0.64237836831708206,0.56988276481556532,5.624169530844882));
#13336=IFCCARTESIANPOINT((0.64248407317496103,0.5699845217707008,4.8944902367236676));
#13337=IFCCARTESIANPOINT((0.64250108652647886,0.57000048015044014,4.8281557554496377));
#13338=IFCCARTESIANPOINT((0.64220291458301415,0.56970330791445956,5.9589177241873328));
#13339=IFCCARTESIANPOINT((0.64244951781699022,0.56995175617236293,5.8895074561840843));
#13340=IFCCARTESIANPOINT((0.64241427559074604,0.56991784352251496,5.7568384934788197));
#13341=IFCCARTESIANPOINT((0.6422358957895038,0.5697381026420929,5.8254285515378452));
#13342=IFCCARTESIANPOINT((0.64248407305908617,0.56998452166162328,6.0221764190504308));
#13343=IFCCARTESIANPOINT((0.64217106518996325,0.56966921841864182,6.0924068970945839));
#13344=IFCCARTESIANPOINT((0.6422029146315138,0.56970330796600188,4.9577489304564146));
#13345=IFCCARTESIANPOINT((0.64221926259347217,0.56972061848889877,5.0244935166761788));
#13346=IFCCARTESIANPOINT((0.64251792026287213,0.57001615870325395,4.7618212741761745));
#13347=IFCCARTESIANPOINT((0.64253457186683338,0.57003155971687858,4.69548679290319));
#13348=IFCCARTESIANPOINT((0.64698162729659359,0.57176837270340863,6.2875143533048794));
#13349=IFCCARTESIANPOINT((0.64041994750656728,0.56520669291338244,6.1591514974284092));
#13350=IFCCARTESIANPOINT((0.64698162729659381,0.57176837270340863,6.154845391528931));
#13351=IFCCARTESIANPOINT((0.64041994750656728,0.56520669291338232,4.6240259871214162));
#13352=IFCCARTESIANPOINT((0.64698162729659447,0.57176837270340863,4.6291523133617858));
#13353=IFCCARTESIANPOINT((0.64225281669825773,0.56975575787136057,5.1579826891189384));
#13354=IFCCARTESIANPOINT((0.64698162729659425,0.57176837270340863,5.093493673663021));
#13355=IFCCARTESIANPOINT((0.64041994750656706,0.56520669291338232,5.0912381180659949));
#13356=IFCCARTESIANPOINT((0.64234181876912833,0.56984650093692157,5.4915005682467299));
#13357=IFCCARTESIANPOINT((0.64230532881598124,0.5698097217191862,5.5584502064968602));
#13358=IFCCARTESIANPOINT((0.64041994750656728,0.56520669291338232,5.2247272872541171));
#13359=IFCCARTESIANPOINT((0.64698162729659403,0.57176837270340863,5.2261626472681328));
#13360=IFCCARTESIANPOINT((0.64041994750656728,0.56520669291338232,5.2914718589194631));
#13361=IFCCARTESIANPOINT((0.64698162729659403,0.57176837270340863,5.2924971222415245));
#13362=IFCCARTESIANPOINT((0.64266093242684263,0.57014503651314807,5.258089537977698));
#13363=IFCCARTESIANPOINT((0.64698162729659403,0.57176837270340863,5.4251660958466363));
#13364=IFCCARTESIANPOINT((0.64041994750656728,0.56520669291338232,5.4249610281075862));
#13365=IFCCARTESIANPOINT((0.64698162729659403,0.57176837270340863,5.3588316090440813));
#13366=IFCCARTESIANPOINT((0.64263404620648923,0.57012138317135452,5.3251186394506433));
#13367=IFCCARTESIANPOINT((0.64041994750656728,0.56520669291338232,5.3582164564422401));
#13368=IFCCARTESIANPOINT((0.64202311621547836,0.56950422819832147,5.3919893416324376));
#13369=IFCCARTESIANPOINT((0.64041994750656728,0.56520669291338232,5.6919393923412631));
#13370=IFCCARTESIANPOINT((0.64698162729659403,0.57176837270340863,5.6905040193985315));
#13371=IFCCARTESIANPOINT((0.64698162729659403,0.57176837270340863,5.6241695444251398));
#13372=IFCCARTESIANPOINT((0.64041994750656728,0.56520669291338232,5.6251947948184862));
#13373=IFCCARTESIANPOINT((0.6420821961644283,0.56957146280972382,5.6580139082595116));
#13374=IFCCARTESIANPOINT((0.64698162729659425,0.57176837270340863,4.8944902369136809));
#13375=IFCCARTESIANPOINT((0.64041994750656728,0.56520669291338232,4.891004351355094));
#13376=IFCCARTESIANPOINT((0.64698162729659425,0.57176837270340863,4.8281557501111259));
#13377=IFCCARTESIANPOINT((0.64041994750656728,0.56520669291338232,4.8242597538323171));
#13378=IFCCARTESIANPOINT((0.64202091523015037,0.56950168737911622,4.8613108716347195));
#13379=IFCCARTESIANPOINT((0.64041994750656728,0.56520669291338232,5.9589177307175092));
#13380=IFCCARTESIANPOINT((0.64698162729659381,0.57176837270340863,5.9558419547795918));
#13381=IFCCARTESIANPOINT((0.64698162729659403,0.57176837270340863,5.8895074679770367));
#13382=IFCCARTESIANPOINT((0.64041994750656728,0.56520669291338232,5.8921731590521631));
#13383=IFCCARTESIANPOINT((0.64215445556605277,0.56965124629372388,5.9241497259964495));
#13384=IFCCARTESIANPOINT((0.64698162729659403,0.57176837270340863,5.7568385062010883));
#13385=IFCCARTESIANPOINT((0.64041994750656728,0.56520669291338232,5.7586839640066083));
#13386=IFCCARTESIANPOINT((0.64041994750656728,0.56520669291338232,5.8254285615293862));
#13387=IFCCARTESIANPOINT((0.64698162729659381,0.57176837270340863,5.8231729930036442));
#13388=IFCCARTESIANPOINT((0.64257531153106551,0.57006879359531992,5.7911984537873815));
#13389=IFCCARTESIANPOINT((0.64698162729659381,0.57176837270340863,6.0221764297529834));
#13390=IFCCARTESIANPOINT((0.64041994750656728,0.56520669291338232,6.0256623282402861));
#13391=IFCCARTESIANPOINT((0.64041994750656728,0.56520669291338232,6.0924068999056322));
#13392=IFCCARTESIANPOINT((0.64698162729659359,0.57176837270340863,6.0885109165555402));
#13393=IFCCARTESIANPOINT((0.64249687539149547,0.569996540720626,6.0573684588513776));
#13394=IFCCARTESIANPOINT((0.64041994750656728,0.56520669291338232,4.9577489230204392));
#13395=IFCCARTESIANPOINT((0.64698162729659425,0.57176837270340863,4.9608247118870734));
#13396=IFCCARTESIANPOINT((0.64041994750656706,0.56520669291338232,5.0244935205432171));
#13397=IFCCARTESIANPOINT((0.64213616120453509,0.56963129459235295,5.0590540923011655));
#13398=IFCCARTESIANPOINT((0.64698162729659425,0.57176837270340863,5.0271591986896293));
#13399=IFCCARTESIANPOINT((0.64266241584098882,0.57014633400040593,4.9911099060373614));
#13400=IFCCARTESIANPOINT((0.64698162729659425,0.57176837270340863,4.7618212751377333));
#13401=IFCCARTESIANPOINT((0.64041994750656728,0.56520669291338232,4.7575151563095401));
#13402=IFCCARTESIANPOINT((0.64201904501367557,0.5694995263310807,4.7949761009801772));
#13403=IFCCARTESIANPOINT((0.64698162729659447,0.57176837270340863,4.6954867883351774));
#13404=IFCCARTESIANPOINT((0.64259906949000412,0.57009021917406133,4.6613305900856439));
#13405=IFCCARTESIANPOINT((0.64041994750656728,0.56520669291338232,4.6907705846441932));
#13406=IFCCARTESIANPOINT((0.6420168269835369,0.56949696091413848,4.7286413394750317));
#13407=IFCCARTESIANPOINT((0.6404199475065675,0.56520669291338232,5.1579826897313392));
#13408=IFCCARTESIANPOINT((0.64203393307719381,0.56951667708715337,5.1913613077129073));
#13409=IFCCARTESIANPOINT((0.64698162729659403,0.57176837270340863,5.1598281604655769));
#13410=IFCCARTESIANPOINT((0.64698162729659403,0.57176837270340863,5.4915005708200288));
#13411=IFCCARTESIANPOINT((0.64268477233707433,0.57016579354995889,5.4583333276369457));
#13412=IFCCARTESIANPOINT((0.64041994750656728,0.56520669291338232,5.4917056256303631));
#13413=IFCCARTESIANPOINT((0.64041994750656728,0.56520669291338232,5.5584501972957092));
#13414=IFCCARTESIANPOINT((0.64698162729659403,0.57176837270340863,5.5578350576225848));
#13415=IFCCARTESIANPOINT((0.64265360219765522,0.57013861347334671,5.5249931444840596));
#13416=IFCCARTESIANPOINT((0.64041994750656706,0.55208333333332971,6.5262467191601052));
#13417=IFCCARTESIANPOINT((0.64041994750656706,0.55208333333332971,4.3904199475065591));
#13418=IFCCARTESIANPOINT((1.0833333333333417,0.55208333333332904,4.4166666666666652));
#13419=IFCCARTESIANPOINT((1.083333333333341,0.48958333333332915,4.4166666666666652));
#13420=IFCCARTESIANPOINT((1.0439632545931836,0.48958333333332937,4.4560367454068226));
#13421=IFCCARTESIANPOINT((1.0439632545931836,0.55536417322834242,4.4560367454068226));
#13422=IFCCARTESIANPOINT((1.0487679333794937,0.56696369391709811,4.4512320666205127));
#13423=IFCCARTESIANPOINT((1.0603674540682491,0.57176837270340808,4.4396325459317572));
#13424=IFCCARTESIANPOINT((0.91588436955626884,0.55536417322834264,4.4560367454068226));
#13425=IFCCARTESIANPOINT((0.8749999981068346,0.57176837270340841,4.4396325459317572));
#13426=IFCCARTESIANPOINT((0.83411562807465034,0.55536417322834275,4.4560367454068217));
#13427=IFCCARTESIANPOINT((0.87500000789230725,0.56650196261560737,4.4516761088590089));
#13428=IFCCARTESIANPOINT((0.81771142947658659,0.57176837270340841,4.4396325459317572));
#13429=IFCCARTESIANPOINT((0.9322885667370826,0.5717683727034083,4.4396325459317572));
#13430=IFCCARTESIANPOINT((0.78773629061667827,0.56518499300752012,4.4527721524434707));
#13431=IFCCARTESIANPOINT((0.96226371977119673,0.56518499282599277,4.4527721525791479));
#13432=IFCCARTESIANPOINT((1.10301837270342,0.57176837270340786,4.3969816272965865));
#13433=IFCCARTESIANPOINT((1.1076581809789223,0.5698465011888838,4.3923418190210839));
#13434=IFCCARTESIANPOINT((1.1095800524934463,0.56520669291338155,4.39041994750656));
#13435=IFCCARTESIANPOINT((0.94100997721255375,0.57176837270340808,4.3969816272965865));
#13436=IFCCARTESIANPOINT((0.87500000000000711,0.56520669291338199,4.39041994750656));
#13437=IFCCARTESIANPOINT((0.80242834556309994,0.5652066929133821,4.39041994750656));
#13438=IFCCARTESIANPOINT((0.9922900279107989,0.56520669291338177,4.39041994750656));
#13439=IFCCARTESIANPOINT((0.79399580422508154,0.57176837270340841,4.3969816272965865));
#13440=IFCCARTESIANPOINT((0.86750289268932512,0.57176837270340819,4.3969816272965865));
#13441=IFCCARTESIANPOINT((1.0220141729874792,0.57176837270340797,4.3969816272965865));
#13442=IFCCARTESIANPOINT((0.72142414487076179,0.56520669291338232,4.39041994750656));
#13443=IFCCARTESIANPOINT((0.72048871576083795,0.57176837270340841,4.3969816272965865));
#13444=IFCCARTESIANPOINT((0.7572422599929598,0.57176837270340841,4.3969816272965865));
#13445=IFCCARTESIANPOINT((1.0285758551292525,0.56520669291338166,4.39041994750656));
#13446=IFCCARTESIANPOINT((1.0625162728454496,0.57176837270340797,4.3969816272965865));
#13447=IFCCARTESIANPOINT((0.6809220445245926,0.56520669291338232,4.39041994750656));
#13448=IFCCARTESIANPOINT((0.76192624521693075,0.56520669291338221,4.39041994750656));
#13449=IFCCARTESIANPOINT((1.0690779554754215,0.56520669291338166,4.39041994750656));
#13450=IFCCARTESIANPOINT((0.68748372715456485,0.57176837270340852,4.3969816272965865));
#13451=IFCCARTESIANPOINT((0.70398622192602289,0.56982494081610302,4.3923203583732295));
#13452=IFCCARTESIANPOINT((1.0104329415539106,0.56971249274104174,4.3922115738818022));
#13453=IFCCARTESIANPOINT((0.93364501395540311,0.56520669291338188,4.39041994750656));
#13454=IFCCARTESIANPOINT((0.90425643692144697,0.57176837270340819,4.3969816272965865));
#13455=IFCCARTESIANPOINT((0.96567769388344871,0.56977844874675787,4.3922747503843622));
#13456=IFCCARTESIANPOINT((0.77561903327236115,0.56994715020602782,4.3924447003274318));
#13457=IFCCARTESIANPOINT((0.92263320843153895,0.56999080688105652,4.3924907593168818));
#13458=IFCCARTESIANPOINT((0.81714217102489195,0.57005768671125256,4.3925630867185381));
#13459=IFCCARTESIANPOINT((0.98151207707052401,0.57176837270340797,4.3969816272965865));
#13460=IFCCARTESIANPOINT((0.73990369356536845,0.56927654127932792,4.3918345916502117));
#13461=IFCCARTESIANPOINT((0.83871417278155347,0.5652066929133821,4.39041994750656));
#13462=IFCCARTESIANPOINT((0.85685708858357335,0.56969798959790219,4.3921979157920683));
#13463=IFCCARTESIANPOINT((0.8307493484572035,0.5717683727034083,4.3969816272965865));
#13464=IFCCARTESIANPOINT((1.0705383803656818,0.56988846557721795,4.392384166433132));
#13465=IFCCARTESIANPOINT((1.1095800524934463,0.55208333333332904,4.39041994750656));
#13466=IFCCARTESIANPOINT((1.0833333333333417,0.55208333333332904,6.5));
#13467=IFCCARTESIANPOINT((1.0833333333333415,0.48958333333332915,6.5));
#13468=IFCCARTESIANPOINT((1.0439632545931836,0.48958333333332937,6.4606299212598426));
#13469=IFCCARTESIANPOINT((1.0439632545931841,0.55536417322834253,6.4606299212598417));
#13470=IFCCARTESIANPOINT((1.0487679333794939,0.56696369391709833,6.4654346000461524));
#13471=IFCCARTESIANPOINT((1.0603674540682497,0.57176837270340819,6.477034120734908));
#13472=IFCCARTESIANPOINT((1.0603674540682495,0.57176837270340819,5.4642635885032593));
#13473=IFCCARTESIANPOINT((1.0603674540682493,0.57176837270340808,4.9519480426083931));
#13474=IFCCARTESIANPOINT((1.0603674540682495,0.57176837270340819,5.9647185748400435));
#13475=IFCCARTESIANPOINT((1.0439632545931838,0.55536417322834253,5.4583333333333321));
#13476=IFCCARTESIANPOINT((1.0439632545931838,0.55536417322834253,4.9571850393700778));
#13477=IFCCARTESIANPOINT((1.0439632545931838,0.55536417322834253,5.9594816272965874));
#13478=IFCCARTESIANPOINT((1.0603674540682497,0.57176837270340808,6.2208763723965896));
#13479=IFCCARTESIANPOINT((1.0439632545931838,0.55536417322834253,6.2100557801986263));
#13480=IFCCARTESIANPOINT((1.0439632545931838,0.55536417322834253,6.332551033383405));
#13481=IFCCARTESIANPOINT((1.0603674540682493,0.57176837270340808,4.6957902942700755));
#13482=IFCCARTESIANPOINT((1.0439632545931838,0.55536417322834253,4.706610886468038));
#13483=IFCCARTESIANPOINT((1.0439632545931838,0.55536417322834253,4.8318979688394696));
#13484=IFCCARTESIANPOINT((1.0603674540682491,0.57176837270340808,4.5677114201009159));
#13485=IFCCARTESIANPOINT((1.0439632545931838,0.55536417322834253,5.2077591922721167));
#13486=IFCCARTESIANPOINT((1.0603674540682495,0.57176837270340808,5.2081057909467114));
#13487=IFCCARTESIANPOINT((1.0603674540682493,0.57176837270340808,5.0800269167775527));
#13488=IFCCARTESIANPOINT((1.0603674540682495,0.57176837270340808,5.7144910816716505));
#13489=IFCCARTESIANPOINT((1.0439632545931838,0.55536417322834253,5.7089074743945485));
#13490=IFCCARTESIANPOINT((1.0439632545931838,0.55536417322834253,5.8341945567659792));
#13491=IFCCARTESIANPOINT((1.0603674540682497,0.57176837270340819,6.3489552465657493));
#13492=IFCCARTESIANPOINT((1.0439632545931841,0.55536417322834253,4.5813238159374308));
#13493=IFCCARTESIANPOINT((1.0603674540682493,0.57176837270340808,4.8238691684392343));
#13494=IFCCARTESIANPOINT((1.0603674540682495,0.57176837270340808,5.8396048036467327));
#13495=IFCCARTESIANPOINT((1.048944768943175,0.5671378737915107,5.7770479795547676));
#13496=IFCCARTESIANPOINT((1.0486504141613229,0.5668449718171702,5.8771804653646145));
#13497=IFCCARTESIANPOINT((1.0488642319990689,0.56705919962612605,5.6800107582576551));
#13498=IFCCARTESIANPOINT((1.0439632545931838,0.55536417322834253,5.5836204038639403));
#13499=IFCCARTESIANPOINT((1.0603674540682495,0.57176837270340808,5.5893773596965683));
#13500=IFCCARTESIANPOINT((1.0484451150916776,0.56663163051672183,6.2713034095269595));
#13501=IFCCARTESIANPOINT((1.0603674540682495,0.57176837270340819,6.0927974490092023));
#13502=IFCCARTESIANPOINT((1.049048849804828,0.56723796613313082,6.1681306588365432));
#13503=IFCCARTESIANPOINT((1.0439632545931838,0.55536417322834253,6.0847686978271964));
#13504=IFCCARTESIANPOINT((1.0485364890070905,0.56672753655701325,6.3670500901071279));
#13505=IFCCARTESIANPOINT((1.0485988074699599,0.56679206532016357,4.8945415186403238));
#13506=IFCCARTESIANPOINT((1.0488820041390294,0.56707665376583405,4.9945579365639379));
#13507=IFCCARTESIANPOINT((1.0439632545931838,0.55536417322834253,5.0824721099006851));
#13508=IFCCARTESIANPOINT((1.048779742237151,0.56697549076500309,5.1451156632028807));
#13509=IFCCARTESIANPOINT((1.0486387999177305,0.56683310658045749,4.7980420375547901));
#13510=IFCCARTESIANPOINT((1.0487612682036747,0.56695702490921396,5.2434167610616296));
#13511=IFCCARTESIANPOINT((1.0603674540682495,0.57176837270340808,5.3361847143340997));
#13512=IFCCARTESIANPOINT((1.0439632545931838,0.55536417322834253,5.3330462628027249));
#13513=IFCCARTESIANPOINT((1.0486645062223325,0.56685933621689943,5.395689807689485));
#13514=IFCCARTESIANPOINT((1.0486677095443315,0.5668625965329871,5.4926151803553536));
#13515=IFCCARTESIANPOINT((1.0485988073433785,0.56679206518980785,6.0221251688865136));
#13516=IFCCARTESIANPOINT((1.0484371652551807,0.5666232126746944,4.6439673728684854));
#13517=IFCCARTESIANPOINT((1.0485767888089537,0.5667693463160679,4.5483927811224909));
#13518=IFCCARTESIANPOINT((1.0487623747425254,0.56695813261508321,5.5882807395152048));
#13519=IFCCARTESIANPOINT((1.1030183727034215,0.57176837270340797,6.5196850393700796));
#13520=IFCCARTESIANPOINT((1.1076581809789232,0.56984650118888314,6.5243248476455822));
#13521=IFCCARTESIANPOINT((1.1095800524934463,0.56520669291338144,6.5262467191601043));
#13522=IFCCARTESIANPOINT((1.1095800524934463,0.56520669291338166,5.4583333397976901));
#13523=IFCCARTESIANPOINT((1.1095800524934463,0.56520669291338166,4.924376643652125));
#13524=IFCCARTESIANPOINT((1.1095800524934463,0.56520669291338155,5.9922900230145393));
#13525=IFCCARTESIANPOINT((1.1030183727034206,0.57176837270340797,5.458333333333333));
#13526=IFCCARTESIANPOINT((1.1030183727034204,0.57176837270340797,4.9276574862295579));
#13527=IFCCARTESIANPOINT((1.1030183727034211,0.57176837270340797,5.9890091804371082));
#13528=IFCCARTESIANPOINT((1.1030183727034213,0.57176837270340797,6.2543471099035948));
#13529=IFCCARTESIANPOINT((1.1095800524934463,0.56520669291338144,6.2592683775516793));
#13530=IFCCARTESIANPOINT((1.1095800524934463,0.56520669291338155,6.1257792002831097));
#13531=IFCCARTESIANPOINT((1.1030183727034211,0.57176837270340797,6.1216781451703515));
#13532=IFCCARTESIANPOINT((1.1030183727034202,0.57176837270340797,4.6623195567630722));
#13533=IFCCARTESIANPOINT((1.1095800524934463,0.56520669291338166,4.6573983020437009));
#13534=IFCCARTESIANPOINT((1.1095800524934463,0.56520669291338166,4.5524283474446152));
#13535=IFCCARTESIANPOINT((1.1030183727034202,0.57176837270340797,4.5296505920298298));
#13536=IFCCARTESIANPOINT((1.1030183727034208,0.57176837270340797,5.7236712509706233));
#13537=IFCCARTESIANPOINT((1.1095800524934463,0.56520669291338166,5.7253116814061151));
#13538=IFCCARTESIANPOINT((1.1095800524934463,0.56520669291338166,5.5918225170662605));
#13539=IFCCARTESIANPOINT((1.1030183727034208,0.57176837270340797,5.5910022980665754));
#13540=IFCCARTESIANPOINT((1.1030183727034206,0.57176837270340797,5.1929954156960436));
#13541=IFCCARTESIANPOINT((1.1095800524934463,0.56520669291338166,5.1913549852605492));
#13542=IFCCARTESIANPOINT((1.1095800524934463,0.56520669291338166,5.0578658079919787));
#13543=IFCCARTESIANPOINT((1.1030183727034204,0.57176837270340797,5.0603264509628003));
#13544=IFCCARTESIANPOINT((1.1030183727034215,0.57176837270340797,6.3870160746368363));
#13545=IFCCARTESIANPOINT((1.1095800524934463,0.56520669291338144,6.3927575548202498));
#13546=IFCCARTESIANPOINT((1.1095800524934463,0.56520669291338144,6.3260129661859645));
#13547=IFCCARTESIANPOINT((1.1095800524934463,0.56520669291338166,4.4714241474755871));
#13548=IFCCARTESIANPOINT((1.1030183727034202,0.57176837270340797,4.4633161155778058));
#13549=IFCCARTESIANPOINT((1.1095800524934463,0.56520669291338144,6.4452425321197921));
#13550=IFCCARTESIANPOINT((1.1030183727034215,0.57176837270340797,6.4533505510888602));
#13551=IFCCARTESIANPOINT((1.1030183727034202,0.57176837270340797,4.7949885214963146));
#13552=IFCCARTESIANPOINT((1.1095800524934463,0.56520669291338166,4.7908874793122713));
#13553=IFCCARTESIANPOINT((1.1095800524934463,0.56520669291338166,4.7241428906779861));
#13554=IFCCARTESIANPOINT((1.1030183727034211,0.57176837270340797,5.8563402157038649));
#13555=IFCCARTESIANPOINT((1.1095800524934465,0.56520669291338155,5.8588008457459679));
#13556=IFCCARTESIANPOINT((1.1095800524934463,0.56520669291338155,5.7920562700404004));
#13557=IFCCARTESIANPOINT((1.1095800524934463,0.56520669291338166,5.3248441625291196));
#13558=IFCCARTESIANPOINT((1.1030183727034206,0.57176837270340797,5.3256643686000906));
#13559=IFCCARTESIANPOINT((1.1030183727034206,0.57176837270340797,5.39199885688131));
#13560=IFCCARTESIANPOINT((1.1095800524934463,0.56520669291338166,4.430922047491074));
#13561=IFCCARTESIANPOINT((1.1095800524934463,0.56520669291338155,6.4857446321043071));
#13562=IFCCARTESIANPOINT((1.10301837270342,0.57176837270340797,4.4374837300816452));
#13563=IFCCARTESIANPOINT((1.1077999371861966,0.56970027531096701,4.4503999183596408));
#13564=IFCCARTESIANPOINT((1.1030183727034202,0.57176837270340797,4.4964833597184155));
#13565=IFCCARTESIANPOINT((1.1095800524934463,0.56520669291338166,4.5119262474601012));
#13566=IFCCARTESIANPOINT((1.1074690757600263,0.57002819516566305,4.5130669735304956));
#13567=IFCCARTESIANPOINT((1.1030183727034215,0.57176837270340797,6.4791829365850218));
#13568=IFCCARTESIANPOINT((1.1077999373223091,0.56970027516613153,6.4662667498331938));
#13569=IFCCARTESIANPOINT((1.1073903608807152,0.5700996839254755,6.4194327148761925));
#13570=IFCCARTESIANPOINT((1.1030183727034202,0.57176837270340797,4.5959850684818528));
#13571=IFCCARTESIANPOINT((1.1072546057180468,0.57021767799743706,4.5536047588777979));
#13572=IFCCARTESIANPOINT((1.1095800524934463,0.56520669291338166,4.6049133247441576));
#13573=IFCCARTESIANPOINT((1.1095800524934463,0.56520669291338155,5.658567092771829));
#13574=IFCCARTESIANPOINT((1.1030183727034208,0.57176837270340797,5.6573367745185994));
#13575=IFCCARTESIANPOINT((1.1030183727034208,0.57176837270340797,5.5246678097853561));
#13576=IFCCARTESIANPOINT((1.1095800524934463,0.56520669291338166,5.5250779284319753));
#13577=IFCCARTESIANPOINT((1.1095800524934463,0.56520669291338166,5.2580995738948353));
#13578=IFCCARTESIANPOINT((1.1030183727034206,0.57176837270340797,5.2593298921480667));
#13579=IFCCARTESIANPOINT((1.1030183727034211,0.57176837270340797,6.0553436687183275));
#13580=IFCCARTESIANPOINT((1.1095800524934463,0.56520669291338155,6.0590346116488245));
#13581=IFCCARTESIANPOINT((1.1095800524934463,0.56520669291338166,4.9911212322864102));
#13582=IFCCARTESIANPOINT((1.1030183727034204,0.57176837270340797,4.9939919745107773));
#13583=IFCCARTESIANPOINT((1.1030183727034206,0.57176837270340797,5.1266609274148234));
#13584=IFCCARTESIANPOINT((1.1095800524934463,0.56520669291338166,5.1246103966262639));
#13585=IFCCARTESIANPOINT((1.1030183727034202,0.57176837270340797,4.8613229979483386));
#13586=IFCCARTESIANPOINT((1.1095800524934463,0.56520669291338166,4.8576320550178398));
#13587=IFCCARTESIANPOINT((1.1095800524934463,0.56520669291338155,5.9255454343802541));
#13588=IFCCARTESIANPOINT((1.1030183727034211,0.57176837270340797,5.9226746921558888));
#13589=IFCCARTESIANPOINT((1.1030183727034213,0.57176837270340797,6.1880126216223745));
#13590=IFCCARTESIANPOINT((1.1095800524934463,0.56520669291338155,6.1925237889173941));
#13591=IFCCARTESIANPOINT((1.1074628795031269,0.57003390753199956,4.6311558134348916));
#13592=IFCCARTESIANPOINT((1.10301837270342,0.57176837270340797,4.5628178243412432));
#13593=IFCCARTESIANPOINT((1.1077182794088558,0.56978561403380301,4.6689305444897533));
#13594=IFCCARTESIANPOINT((1.1030183727034202,0.57176837270340797,4.7286540450442915));
#13595=IFCCARTESIANPOINT((1.1030183727034202,0.57176837270340797,4.6954868009036819));
#13596=IFCCARTESIANPOINT((1.1075697746120934,0.56993325427790065,4.7120704228589609));
#13597=IFCCARTESIANPOINT((1.1076250277155488,0.56987941923385765,4.7601625099523472));
#13598=IFCCARTESIANPOINT((1.1095800524934463,0.56520669291338166,4.6907706028252019));
#13599=IFCCARTESIANPOINT((1.107739169770765,0.56976407337981039,4.5936950964864156));
#13600=IFCCARTESIANPOINT((1.1077196169268644,0.56978424077423162,6.3819369180974332));
#13601=IFCCARTESIANPOINT((1.1030183727034215,0.57176837270340797,6.3206815981848132));
#13602=IFCCARTESIANPOINT((1.1030183727034215,0.57176837270340797,6.3538488423254238));
#13603=IFCCARTESIANPOINT((1.1075565526453837,0.56994595071194043,6.3372652159943161));
#13604=IFCCARTESIANPOINT((1.1076130409068212,0.5698912063104693,6.2894351572298222));
#13605=IFCCARTESIANPOINT((1.1095800524934463,0.56520669291338155,6.3593852540387497));
#13606=IFCCARTESIANPOINT((1.1030183727034211,0.57176837270340797,5.7900057392518418));
#13607=IFCCARTESIANPOINT((1.1075680186539594,0.56993494453439153,5.8231729861163473));
#13608=IFCCARTESIANPOINT((1.1095800524934463,0.56520669291338166,5.3915887511634049));
#13609=IFCCARTESIANPOINT((1.1030183727034215,0.57176837270340797,6.4201833069482506));
#13610=IFCCARTESIANPOINT((1.1077299724409198,0.5697735813048832,5.6919393913242438));
#13611=IFCCARTESIANPOINT((1.1077124692045626,0.56979157019688698,5.625194805098916));
#13612=IFCCARTESIANPOINT((1.1076581811809045,0.56984650098690193,5.4915005797101433));
#13613=IFCCARTESIANPOINT((1.1076398275619406,0.56986478229181747,5.5578350609959077));
#13614=IFCCARTESIANPOINT((1.1077299724596947,0.56977358128551336,5.2247272876738551));
#13615=IFCCARTESIANPOINT((1.1076216316829322,0.56988276481556444,5.2924971358217832));
#13616=IFCCARTESIANPOINT((1.1075159268250534,0.56998452177069947,6.0221764299429985));
#13617=IFCCARTESIANPOINT((1.1074989134735356,0.5700004801504388,6.0885109112170275));
#13618=IFCCARTESIANPOINT((1.1077970854169998,0.56970330791445867,4.9577489424793315));
#13619=IFCCARTESIANPOINT((1.1075504821830238,0.56995175617236216,5.02715921048258));
#13620=IFCCARTESIANPOINT((1.1075857244092679,0.56991784352251407,5.1598281731878455));
#13621=IFCCARTESIANPOINT((1.1077641042105104,0.56973810264209201,5.0912381151288191));
#13622=IFCCARTESIANPOINT((1.1075159269409278,0.56998452166162261,4.8944902476162344));
#13623=IFCCARTESIANPOINT((1.1078289348100507,0.56966921841864093,4.8242597695720804));
#13624=IFCCARTESIANPOINT((1.1077970853685004,0.56970330796600055,5.9589177362102488));
#13625=IFCCARTESIANPOINT((1.107780737406542,0.56972061848889766,5.8921731499904855));
#13626=IFCCARTESIANPOINT((1.1074820797371423,0.57001615870325262,6.1548453924904916));
#13627=IFCCARTESIANPOINT((1.1074654281331813,0.57003155971687713,6.221179873763476));
#13628=IFCCARTESIANPOINT((1.1030183727034202,0.57176837270340797,4.6291523126224625));
#13629=IFCCARTESIANPOINT((1.1095800524934463,0.56520669291338166,4.7575151785307703));
#13630=IFCCARTESIANPOINT((1.1030183727034202,0.57176837270340786,4.7618212891849012));
#13631=IFCCARTESIANPOINT((1.1095800524934463,0.56520669291338155,6.2926406783331812));
#13632=IFCCARTESIANPOINT((1.1030183727034213,0.57176837270340797,6.2875143540442036));
#13633=IFCCARTESIANPOINT((1.1077471833017565,0.56975575787135946,5.7586839775477259));
#13634=IFCCARTESIANPOINT((1.1030183727034211,0.57176837270340797,5.8231729833924524));
#13635=IFCCARTESIANPOINT((1.1095800524934463,0.56520669291338166,5.8254285578931846));
#13636=IFCCARTESIANPOINT((1.1076581812308857,0.56984650093692057,5.4251660984199352));
#13637=IFCCARTESIANPOINT((1.107694671184033,0.5698097217191852,5.3582164601698041));
#13638=IFCCARTESIANPOINT((1.1095800524934463,0.56520669291338155,5.69193939355333));
#13639=IFCCARTESIANPOINT((1.1030183727034208,0.57176837270340797,5.6905040068300128));
#13640=IFCCARTESIANPOINT((1.1095800524934463,0.56520669291338155,5.6251948049190457));
#13641=IFCCARTESIANPOINT((1.1030183727034208,0.57176837270340797,5.624169542207186));
#13642=IFCCARTESIANPOINT((1.107339067573172,0.57014503651314663,5.6585771286889663));
#13643=IFCCARTESIANPOINT((1.1030183727034206,0.57176837270340797,5.4915005656447464));
#13644=IFCCARTESIANPOINT((1.1095800524934463,0.56520669291338166,5.4917056405791911));
#13645=IFCCARTESIANPOINT((1.1030183727034208,0.57176837270340797,5.5578350539259658));
#13646=IFCCARTESIANPOINT((1.1073659537935252,0.57012138317135319,5.591548027216021));
#13647=IFCCARTESIANPOINT((1.1095800524934465,0.56520669291338166,5.5584502162847595));
#13648=IFCCARTESIANPOINT((1.1079768837845356,0.56950422819832069,5.5246773250342276));
#13649=IFCCARTESIANPOINT((1.1095800524934463,0.56520669291338166,5.2247272860420502));
#13650=IFCCARTESIANPOINT((1.1030183727034206,0.57176837270340797,5.2261626598366533));
#13651=IFCCARTESIANPOINT((1.1030183727034206,0.57176837270340786,5.2924971244594801));
#13652=IFCCARTESIANPOINT((1.1095800524934463,0.56520669291338166,5.2914718617476186));
#13653=IFCCARTESIANPOINT((1.1079178038355855,0.56957146280972304,5.2586527584071536));
#13654=IFCCARTESIANPOINT((1.1030183727034211,0.57176837270340797,6.0221764245777187));
#13655=IFCCARTESIANPOINT((1.1095800524934463,0.56520669291338155,6.0256623237960394));
#13656=IFCCARTESIANPOINT((1.1030183727034211,0.57176837270340797,6.0885109128589372));
#13657=IFCCARTESIANPOINT((1.1095800524934463,0.56520669291338155,6.0924068995016087));
#13658=IFCCARTESIANPOINT((1.1079790847698634,0.56950168737911544,6.0553557950319457));
#13659=IFCCARTESIANPOINT((1.1095800524934463,0.56520669291338166,4.9577489315049093));
#13660=IFCCARTESIANPOINT((1.1030183727034204,0.57176837270340797,4.9608247303701685));
#13661=IFCCARTESIANPOINT((1.1030183727034204,0.57176837270340786,5.0271592186513869));
#13662=IFCCARTESIANPOINT((1.1095800524934463,0.56520669291338166,5.0244935201391954));
#13663=IFCCARTESIANPOINT((1.1078455444339612,0.56965124629372321,4.9925169406702157));
#13664=IFCCARTESIANPOINT((1.1030183727034206,0.57176837270340797,5.1598281715554339));
#13665=IFCCARTESIANPOINT((1.1095800524934463,0.56520669291338166,5.1579826844790491));
#13666=IFCCARTESIANPOINT((1.1095800524934463,0.56520669291338166,5.0912381087734797));
#13667=IFCCARTESIANPOINT((1.1030183727034204,0.57176837270340797,5.0934936832742146));
#13668=IFCCARTESIANPOINT((1.1074246884689489,0.57006879359531881,5.1254682128792837));
#13669=IFCCARTESIANPOINT((1.1030183727034204,0.57176837270340797,4.8944902420889473));
#13670=IFCCARTESIANPOINT((1.1095800524934463,0.56520669291338166,4.8910043557993408));
#13671=IFCCARTESIANPOINT((1.1095800524934463,0.56520669291338166,4.8242597671650556));
#13672=IFCCARTESIANPOINT((1.1030183727034202,0.57176837270340797,4.8281557538077289));
#13673=IFCCARTESIANPOINT((1.1075031246085185,0.56999654072062511,4.8592982078152875));
#13674=IFCCARTESIANPOINT((1.1095800524934463,0.56520669291338155,5.9589177222330383));
#13675=IFCCARTESIANPOINT((1.1030183727034211,0.57176837270340797,5.9558419362964985));
#13676=IFCCARTESIANPOINT((1.1095800524934463,0.56520669291338155,5.8921731465274689));
#13677=IFCCARTESIANPOINT((1.1078638387954789,0.56963129459235218,5.8576125743654988));
#13678=IFCCARTESIANPOINT((1.1030183727034211,0.57176837270340797,5.8895074480152791));
#13679=IFCCARTESIANPOINT((1.1073375841590261,0.57014633400040426,5.925556760629302));
#13680=IFCCARTESIANPOINT((1.1030183727034213,0.57176837270340797,6.1548453774817649));
#13681=IFCCARTESIANPOINT((1.1095800524934463,0.56520669291338144,6.1591515010646098));
#13682=IFCCARTESIANPOINT((1.1079809549863384,0.56949952633107981,6.121690565686488));
#13683=IFCCARTESIANPOINT((1.1030183727034213,0.57176837270340797,6.2211798657629842));
#13684=IFCCARTESIANPOINT((1.1074009305100112,0.57009021917405911,6.2553360765810249));
#13685=IFCCARTESIANPOINT((1.1095800524934463,0.56520669291338155,6.2258960767701801));
#13686=IFCCARTESIANPOINT((1.1079831730164771,0.5694969609141376,6.1880253271916343));
#13687=IFCCARTESIANPOINT((1.1095800524934465,0.56520669291338155,5.7586839692588985));
#13688=IFCCARTESIANPOINT((1.10796606692282,0.56951667708715259,5.7253053589537561));
#13689=IFCCARTESIANPOINT((1.1030183727034211,0.57176837270340797,5.7568384951112321));
#13690=IFCCARTESIANPOINT((1.1030183727034206,0.57176837270340786,5.4251661010219188));
#13691=IFCCARTESIANPOINT((1.1073152276629401,0.57016579354995756,5.4583333390297195));
#13692=IFCCARTESIANPOINT((1.1095800524934463,0.56520669291338166,5.4249610390161891));
#13693=IFCCARTESIANPOINT((1.1095800524934463,0.56520669291338166,5.3582164633106206));
#13694=IFCCARTESIANPOINT((1.1030183727034206,0.57176837270340797,5.3588316127406994));
#13695=IFCCARTESIANPOINT((1.1073463978023592,0.57013861347334549,5.3916735221826055));
#13696=IFCCARTESIANPOINT((1.1095800524934465,0.55208333333332904,6.5262467191601043));
#13697=IFCCARTESIANPOINT((0.83411562824716246,0.55536417322834275,6.4606299212598426));
#13698=IFCCARTESIANPOINT((0.87499999810683526,0.57176837270340841,6.477034120734908));
#13699=IFCCARTESIANPOINT((0.91588436938375706,0.55536417322834264,6.4606299212598426));
#13700=IFCCARTESIANPOINT((0.87499999210770696,0.56650196261560759,6.4649905578076563));
#13701=IFCCARTESIANPOINT((0.93228856804899718,0.57176837270340841,6.477034120734908));
#13702=IFCCARTESIANPOINT((0.81771142816467335,0.57176837270340852,6.477034120734908));
#13703=IFCCARTESIANPOINT((0.96226370938333627,0.5651849930075199,6.4638945142231945));
#13704=IFCCARTESIANPOINT((0.78773628022881748,0.5651849928259931,6.4638945140875173));
#13705=IFCCARTESIANPOINT((0.80899002326128533,0.57176837270340841,6.5196850393700796));
#13706=IFCCARTESIANPOINT((0.87500000000000711,0.56520669291338199,6.5262467191601061));
#13707=IFCCARTESIANPOINT((0.94757165395836207,0.56520669291338188,6.5262467191601061));
#13708=IFCCARTESIANPOINT((0.75770997541735896,0.56520669291338221,6.5262467191601061));
#13709=IFCCARTESIANPOINT((0.95600419601184883,0.57176837270340819,6.5196850393700796));
#13710=IFCCARTESIANPOINT((0.88249710963656713,0.5717683727034083,6.5196850393700796));
#13711=IFCCARTESIANPOINT((0.7279858252789394,0.57176837270340863,6.5196850393700787));
#13712=IFCCARTESIANPOINT((1.0285758548899775,0.56520669291338188,6.5262467191601061));
#13713=IFCCARTESIANPOINT((1.0295112823871306,0.57176837270340808,6.5196850393700796));
#13714=IFCCARTESIANPOINT((0.99275773919948973,0.57176837270340808,6.5196850393700796));
#13715=IFCCARTESIANPOINT((0.72142414511003683,0.56520669291338221,6.5262467191601061));
#13716=IFCCARTESIANPOINT((0.68748372431726201,0.57176837270340863,6.5196850393700787));
#13717=IFCCARTESIANPOINT((1.0690779520276403,0.56520669291338177,6.5262467191601061));
#13718=IFCCARTESIANPOINT((0.98807375442416978,0.56520669291338188,6.5262467191601061));
#13719=IFCCARTESIANPOINT((0.68092204797237388,0.56520669291338232,6.5262467191601061));
#13720=IFCCARTESIANPOINT((1.062516271741744,0.57176837270340797,6.5196850393700796));
#13721=IFCCARTESIANPOINT((1.0460137780739922,0.56982494081610258,6.5243463082934365));
#13722=IFCCARTESIANPOINT((0.73956705844610238,0.56971249274104241,6.5244550927848639));
#13723=IFCCARTESIANPOINT((0.81635498770868298,0.5652066929133821,6.5262467191601061));
#13724=IFCCARTESIANPOINT((0.84574356644892623,0.57176837270340841,6.5196850393700796));
#13725=IFCCARTESIANPOINT((0.78432230611656606,0.56977844874675831,6.5243919162823039));
#13726=IFCCARTESIANPOINT((0.97438096672765329,0.5699471502060276,6.5242219663392342));
#13727=IFCCARTESIANPOINT((0.82736679156847437,0.56999080688105686,6.5241759073497843));
#13728=IFCCARTESIANPOINT((0.93285782897512015,0.57005768671125245,6.524103579948128));
#13729=IFCCARTESIANPOINT((0.76848792624061701,0.57176837270340841,6.5196850393700796));
#13730=IFCCARTESIANPOINT((1.0100963064346464,0.56927654127932747,6.5248320750164543));
#13731=IFCCARTESIANPOINT((0.91128582697918459,0.56520669291338199,6.5262467191601061));
#13732=IFCCARTESIANPOINT((0.89314291141644131,0.5696979895979023,6.5244687508745978));
#13733=IFCCARTESIANPOINT((0.91925065282420793,0.57176837270340819,6.5196850393700796));
#13734=IFCCARTESIANPOINT((0.67946161963433438,0.56988846557721884,6.5242825002335341));
#13735=IFCPOLYLOOP((#13177,#13178,#13179,#13180));
#13736=IFCFACEOUTERBOUND(#13735,.T.);
#13737=IFCFACE((#13736));
#13738=IFCPOLYLOOP((#13181,#13182,#13183,#13184,#13197,#13196,#13220,#13194,#13207,#13206,#13215,#13192,#13229,#13202,#13224,#13193,#13200,#13199,#13209));
#13739=IFCFACEOUTERBOUND(#13738,.T.);
#13740=IFCFACE((#13739));
#13741=IFCPOLYLOOP((#13217,#13208,#13195));
#13742=IFCFACEOUTERBOUND(#13741,.T.);
#13743=IFCFACE((#13742));
#13744=IFCPOLYLOOP((#13210,#13226,#13222));
#13745=IFCFACEOUTERBOUND(#13744,.T.);
#13746=IFCFACE((#13745));
#13747=IFCPOLYLOOP((#13209,#13233,#13234));
#13748=IFCFACEOUTERBOUND(#13747,.T.);
#13749=IFCFACE((#13748));
#13750=IFCPOLYLOOP((#13195,#13219,#13217));
#13751=IFCFACEOUTERBOUND(#13750,.T.);
#13752=IFCFACE((#13751));
#13753=IFCPOLYLOOP((#13233,#13209,#13199));
#13754=IFCFACEOUTERBOUND(#13753,.T.);
#13755=IFCFACE((#13754));
#13756=IFCPOLYLOOP((#13211,#13212,#13213));
#13757=IFCFACEOUTERBOUND(#13756,.T.);
#13758=IFCFACE((#13757));
#13759=IFCPOLYLOOP((#13200,#13193,#13222));
#13760=IFCFACEOUTERBOUND(#13759,.T.);
#13761=IFCFACE((#13760));
#13762=IFCPOLYLOOP((#13203,#13204,#13225));
#13763=IFCFACEOUTERBOUND(#13762,.T.);
#13764=IFCFACE((#13763));
#13765=IFCPOLYLOOP((#13214,#13216,#13235));
#13766=IFCFACEOUTERBOUND(#13765,.T.);
#13767=IFCFACE((#13766));
#13768=IFCPOLYLOOP((#13229,#13230,#13227));
#13769=IFCFACEOUTERBOUND(#13768,.T.);
#13770=IFCFACE((#13769));
#13771=IFCPOLYLOOP((#13232,#13219,#13218));
#13772=IFCFACEOUTERBOUND(#13771,.T.);
#13773=IFCFACE((#13772));
#13774=IFCPOLYLOOP((#13221,#13184,#13187));
#13775=IFCFACEOUTERBOUND(#13774,.T.);
#13776=IFCFACE((#13775));
#13777=IFCPOLYLOOP((#13208,#13217,#13221));
#13778=IFCFACEOUTERBOUND(#13777,.T.);
#13779=IFCFACE((#13778));
#13780=IFCPOLYLOOP((#13234,#13233,#13201));
#13781=IFCFACEOUTERBOUND(#13780,.T.);
#13782=IFCFACE((#13781));
#13783=IFCPOLYLOOP((#13203,#13225,#13227));
#13784=IFCFACEOUTERBOUND(#13783,.T.);
#13785=IFCFACE((#13784));
#13786=IFCPOLYLOOP((#13226,#13200,#13222));
#13787=IFCFACEOUTERBOUND(#13786,.T.);
#13788=IFCFACE((#13787));
#13789=IFCPOLYLOOP((#13181,#13209,#13234));
#13790=IFCFACEOUTERBOUND(#13789,.T.);
#13791=IFCFACE((#13790));
#13792=IFCPOLYLOOP((#13185,#13186,#13234));
#13793=IFCFACEOUTERBOUND(#13792,.T.);
#13794=IFCFACE((#13793));
#13795=IFCPOLYLOOP((#13223,#13190,#13222));
#13796=IFCFACEOUTERBOUND(#13795,.T.);
#13797=IFCFACE((#13796));
#13798=IFCPOLYLOOP((#13225,#13223,#13224));
#13799=IFCFACEOUTERBOUND(#13798,.T.);
#13800=IFCFACE((#13799));
#13801=IFCPOLYLOOP((#13191,#13211,#13213));
#13802=IFCFACEOUTERBOUND(#13801,.T.);
#13803=IFCFACE((#13802));
#13804=IFCPOLYLOOP((#13206,#13212,#13214));
#13805=IFCFACEOUTERBOUND(#13804,.T.);
#13806=IFCFACE((#13805));
#13807=IFCPOLYLOOP((#13206,#13207,#13212));
#13808=IFCFACEOUTERBOUND(#13807,.T.);
#13809=IFCFACE((#13808));
#13810=IFCPOLYLOOP((#13188,#13208,#13221));
#13811=IFCFACEOUTERBOUND(#13810,.T.);
#13812=IFCFACE((#13811));
#13813=IFCPOLYLOOP((#13217,#13196,#13197));
#13814=IFCFACEOUTERBOUND(#13813,.T.);
#13815=IFCFACE((#13814));
#13816=IFCPOLYLOOP((#13212,#13205,#13214));
#13817=IFCFACEOUTERBOUND(#13816,.T.);
#13818=IFCFACE((#13817));
#13819=IFCPOLYLOOP((#13226,#13198,#13233));
#13820=IFCFACEOUTERBOUND(#13819,.T.);
#13821=IFCFACE((#13820));
#13822=IFCPOLYLOOP((#13205,#13212,#13211));
#13823=IFCFACEOUTERBOUND(#13822,.T.);
#13824=IFCFACE((#13823));
#13825=IFCPOLYLOOP((#13213,#13212,#13207));
#13826=IFCFACEOUTERBOUND(#13825,.T.);
#13827=IFCFACE((#13826));
#13828=IFCPOLYLOOP((#13207,#13194,#13213));
#13829=IFCFACEOUTERBOUND(#13828,.T.);
#13830=IFCFACE((#13829));
#13831=IFCPOLYLOOP((#13213,#13194,#13232));
#13832=IFCFACEOUTERBOUND(#13831,.T.);
#13833=IFCFACE((#13832));
#13834=IFCPOLYLOOP((#13216,#13189,#13231));
#13835=IFCFACEOUTERBOUND(#13834,.T.);
#13836=IFCFACE((#13835));
#13837=IFCPOLYLOOP((#13214,#13205,#13216));
#13838=IFCFACEOUTERBOUND(#13837,.T.);
#13839=IFCFACE((#13838));
#13840=IFCPOLYLOOP((#13189,#13230,#13231));
#13841=IFCFACEOUTERBOUND(#13840,.T.);
#13842=IFCFACE((#13841));
#13843=IFCPOLYLOOP((#13215,#13206,#13214));
#13844=IFCFACEOUTERBOUND(#13843,.T.);
#13845=IFCFACE((#13844));
#13846=IFCPOLYLOOP((#13217,#13197,#13221));
#13847=IFCFACEOUTERBOUND(#13846,.T.);
#13848=IFCFACE((#13847));
#13849=IFCPOLYLOOP((#13184,#13221,#13197));
#13850=IFCFACEOUTERBOUND(#13849,.T.);
#13851=IFCFACE((#13850));
#13852=IFCPOLYLOOP((#13217,#13219,#13196));
#13853=IFCFACEOUTERBOUND(#13852,.T.);
#13854=IFCFACE((#13853));
#13855=IFCPOLYLOOP((#13195,#13218,#13219));
#13856=IFCFACEOUTERBOUND(#13855,.T.);
#13857=IFCFACE((#13856));
#13858=IFCPOLYLOOP((#13194,#13220,#13232));
#13859=IFCFACEOUTERBOUND(#13858,.T.);
#13860=IFCFACE((#13859));
#13861=IFCPOLYLOOP((#13191,#13232,#13218));
#13862=IFCFACEOUTERBOUND(#13861,.T.);
#13863=IFCFACE((#13862));
#13864=IFCPOLYLOOP((#13220,#13196,#13219));
#13865=IFCFACEOUTERBOUND(#13864,.T.);
#13866=IFCFACE((#13865));
#13867=IFCPOLYLOOP((#13188,#13221,#13187));
#13868=IFCFACEOUTERBOUND(#13867,.T.);
#13869=IFCFACE((#13868));
#13870=IFCPOLYLOOP((#13223,#13222,#13193));
#13871=IFCFACEOUTERBOUND(#13870,.T.);
#13872=IFCFACE((#13871));
#13873=IFCPOLYLOOP((#13210,#13222,#13190));
#13874=IFCFACEOUTERBOUND(#13873,.T.);
#13875=IFCFACE((#13874));
#13876=IFCPOLYLOOP((#13225,#13202,#13227));
#13877=IFCFACEOUTERBOUND(#13876,.T.);
#13878=IFCFACE((#13877));
#13879=IFCPOLYLOOP((#13204,#13190,#13223));
#13880=IFCFACEOUTERBOUND(#13879,.T.);
#13881=IFCFACE((#13880));
#13882=IFCPOLYLOOP((#13223,#13193,#13224));
#13883=IFCFACEOUTERBOUND(#13882,.T.);
#13884=IFCFACE((#13883));
#13885=IFCPOLYLOOP((#13225,#13224,#13202));
#13886=IFCFACEOUTERBOUND(#13885,.T.);
#13887=IFCFACE((#13886));
#13888=IFCPOLYLOOP((#13223,#13225,#13204));
#13889=IFCFACEOUTERBOUND(#13888,.T.);
#13890=IFCFACE((#13889));
#13891=IFCPOLYLOOP((#13198,#13226,#13210));
#13892=IFCFACEOUTERBOUND(#13891,.T.);
#13893=IFCFACE((#13892));
#13894=IFCPOLYLOOP((#13199,#13200,#13226));
#13895=IFCFACEOUTERBOUND(#13894,.T.);
#13896=IFCFACE((#13895));
#13897=IFCPOLYLOOP((#13230,#13229,#13192));
#13898=IFCFACEOUTERBOUND(#13897,.T.);
#13899=IFCFACE((#13898));
#13900=IFCPOLYLOOP((#13227,#13202,#13229));
#13901=IFCFACEOUTERBOUND(#13900,.T.);
#13902=IFCFACE((#13901));
#13903=IFCPOLYLOOP((#13230,#13189,#13228));
#13904=IFCFACEOUTERBOUND(#13903,.T.);
#13905=IFCFACE((#13904));
#13906=IFCPOLYLOOP((#13228,#13203,#13227));
#13907=IFCFACEOUTERBOUND(#13906,.T.);
#13908=IFCFACE((#13907));
#13909=IFCPOLYLOOP((#13230,#13192,#13231));
#13910=IFCFACEOUTERBOUND(#13909,.T.);
#13911=IFCFACE((#13910));
#13912=IFCPOLYLOOP((#13227,#13230,#13228));
#13913=IFCFACEOUTERBOUND(#13912,.T.);
#13914=IFCFACE((#13913));
#13915=IFCPOLYLOOP((#13192,#13215,#13231));
#13916=IFCFACEOUTERBOUND(#13915,.T.);
#13917=IFCFACE((#13916));
#13918=IFCPOLYLOOP((#13231,#13215,#13235));
#13919=IFCFACEOUTERBOUND(#13918,.T.);
#13920=IFCFACE((#13919));
#13921=IFCPOLYLOOP((#13232,#13220,#13219));
#13922=IFCFACEOUTERBOUND(#13921,.T.);
#13923=IFCFACE((#13922));
#13924=IFCPOLYLOOP((#13213,#13232,#13191));
#13925=IFCFACEOUTERBOUND(#13924,.T.);
#13926=IFCFACE((#13925));
#13927=IFCPOLYLOOP((#13226,#13233,#13199));
#13928=IFCFACEOUTERBOUND(#13927,.T.);
#13929=IFCFACE((#13928));
#13930=IFCPOLYLOOP((#13201,#13233,#13198));
#13931=IFCFACEOUTERBOUND(#13930,.T.);
#13932=IFCFACE((#13931));
#13933=IFCPOLYLOOP((#13185,#13234,#13201));
#13934=IFCFACEOUTERBOUND(#13933,.T.);
#13935=IFCFACE((#13934));
#13936=IFCPOLYLOOP((#13181,#13234,#13186));
#13937=IFCFACEOUTERBOUND(#13936,.T.);
#13938=IFCFACE((#13937));
#13939=IFCPOLYLOOP((#13231,#13235,#13216));
#13940=IFCFACEOUTERBOUND(#13939,.T.);
#13941=IFCFACE((#13940));
#13942=IFCPOLYLOOP((#13215,#13214,#13235));
#13943=IFCFACEOUTERBOUND(#13942,.T.);
#13944=IFCFACE((#13943));
#13945=IFCPOLYLOOP((#13270,#13288,#13289));
#13946=IFCFACEOUTERBOUND(#13945,.T.);
#13947=IFCFACE((#13946));
#13948=IFCPOLYLOOP((#13333,#13258,#13367));
#13949=IFCFACEOUTERBOUND(#13948,.T.);
#13950=IFCFACE((#13949));
#13951=IFCPOLYLOOP((#13402,#13377,#13337));
#13952=IFCFACEOUTERBOUND(#13951,.T.);
#13953=IFCFACE((#13952));
#13954=IFCPOLYLOOP((#13353,#13276,#13407));
#13955=IFCFACEOUTERBOUND(#13954,.T.);
#13956=IFCFACE((#13955));
#13957=IFCPOLYLOOP((#13290,#13311,#13319));
#13958=IFCFACEOUTERBOUND(#13957,.T.);
#13959=IFCFACE((#13958));
#13960=IFCPOLYLOOP((#13286,#13255,#13291));
#13961=IFCFACEOUTERBOUND(#13960,.T.);
#13962=IFCFACE((#13961));
#13963=IFCPOLYLOOP((#13339,#13302,#13381,#13263));
#13964=IFCFACEOUTERBOUND(#13963,.T.);
#13965=IFCFACE((#13964));
#13966=IFCPOLYLOOP((#13320,#13323,#13322));
#13967=IFCFACEOUTERBOUND(#13966,.T.);
#13968=IFCFACE((#13967));
#13969=IFCPOLYLOOP((#13283,#13282,#13268,#13284));
#13970=IFCFACEOUTERBOUND(#13969,.T.);
#13971=IFCFACE((#13970));
#13972=IFCPOLYLOOP((#13410,#13415,#13414,#13279));
#13973=IFCFACEOUTERBOUND(#13972,.T.);
#13974=IFCFACE((#13973));
#13975=IFCPOLYLOOP((#13404,#13405,#13347));
#13976=IFCFACEOUTERBOUND(#13975,.T.);
#13977=IFCFACE((#13976));
#13978=IFCPOLYLOOP((#13322,#13323,#13321));
#13979=IFCFACEOUTERBOUND(#13978,.T.);
#13980=IFCFACE((#13979));
#13981=IFCPOLYLOOP((#13406,#13401,#13346));
#13982=IFCFACEOUTERBOUND(#13981,.T.);
#13983=IFCFACE((#13982));
#13984=IFCPOLYLOOP((#13378,#13375,#13336));
#13985=IFCFACEOUTERBOUND(#13984,.T.);
#13986=IFCFACE((#13985));
#13987=IFCPOLYLOOP((#13313,#13253,#13311));
#13988=IFCFACEOUTERBOUND(#13987,.T.);
#13989=IFCFACE((#13988));
#13990=IFCPOLYLOOP((#13343,#13393,#13306));
#13991=IFCFACEOUTERBOUND(#13990,.T.);
#13992=IFCFACE((#13991));
#13993=IFCPOLYLOOP((#13255,#13286,#13284));
#13994=IFCFACEOUTERBOUND(#13993,.T.);
#13995=IFCFACE((#13994));
#13996=IFCPOLYLOOP((#13287,#13239,#13240));
#13997=IFCFACEOUTERBOUND(#13996,.T.);
#13998=IFCFACE((#13997));
#13999=IFCPOLYLOOP((#13237,#13238,#13282));
#14000=IFCFACEOUTERBOUND(#13999,.T.);
#14001=IFCFACE((#14000));
#14002=IFCPOLYLOOP((#13362,#13359,#13330));
#14003=IFCFACEOUTERBOUND(#14002,.T.);
#14004=IFCFACE((#14003));
#14005=IFCPOLYLOOP((#13397,#13398,#13345));
#14006=IFCFACEOUTERBOUND(#14005,.T.);
#14007=IFCFACE((#14006));
#14008=IFCPOLYLOOP((#13366,#13361,#13331));
#14009=IFCFACEOUTERBOUND(#14008,.T.);
#14010=IFCFACE((#14009));
#14011=IFCPOLYLOOP((#13368,#13364,#13332));
#14012=IFCFACEOUTERBOUND(#14011,.T.);
#14013=IFCFACE((#14012));
#14014=IFCPOLYLOOP((#13415,#13410,#13356));
#14015=IFCFACEOUTERBOUND(#14014,.T.);
#14016=IFCFACE((#14015));
#14017=IFCPOLYLOOP((#13341,#13388,#13304));
#14018=IFCFACEOUTERBOUND(#14017,.T.);
#14019=IFCFACE((#14018));
#14020=IFCPOLYLOOP((#13341,#13304,#13386,#13262));
#14021=IFCFACEOUTERBOUND(#14020,.T.);
#14022=IFCFACE((#14021));
#14023=IFCPOLYLOOP((#13339,#13383,#13302));
#14024=IFCFACEOUTERBOUND(#14023,.T.);
#14025=IFCFACE((#14024));
#14026=IFCPOLYLOOP((#13283,#13280,#13237));
#14027=IFCFACEOUTERBOUND(#14026,.T.);
#14028=IFCFACE((#14027));
#14029=IFCPOLYLOOP((#13287,#13288,#13270));
#14030=IFCFACEOUTERBOUND(#14029,.T.);
#14031=IFCFACE((#14030));
#14032=IFCPOLYLOOP((#13289,#13320,#13264));
#14033=IFCFACEOUTERBOUND(#14032,.T.);
#14034=IFCFACE((#14033));
#14035=IFCPOLYLOOP((#13267,#13283,#13286));
#14036=IFCFACEOUTERBOUND(#14035,.T.);
#14037=IFCFACE((#14036));
#14038=IFCPOLYLOOP((#13265,#13320,#13289));
#14039=IFCFACEOUTERBOUND(#14038,.T.);
#14040=IFCFACE((#14039));
#14041=IFCPOLYLOOP((#13240,#13288,#13287));
#14042=IFCFACEOUTERBOUND(#14041,.T.);
#14043=IFCFACE((#14042));
#14044=IFCPOLYLOOP((#13316,#13317,#13273));
#14045=IFCFACEOUTERBOUND(#14044,.T.);
#14046=IFCFACE((#14045));
#14047=IFCPOLYLOOP((#13343,#13306,#13391,#13272));
#14048=IFCFACEOUTERBOUND(#14047,.T.);
#14049=IFCFACE((#14048));
#14050=IFCPOLYLOOP((#13316,#13315,#13314));
#14051=IFCFACEOUTERBOUND(#14050,.T.);
#14052=IFCFACE((#14051));
#14053=IFCPOLYLOOP((#13408,#13409,#13353));
#14054=IFCFACEOUTERBOUND(#14053,.T.);
#14055=IFCFACE((#14054));
#14056=IFCPOLYLOOP((#13399,#13395,#13344));
#14057=IFCFACEOUTERBOUND(#14056,.T.);
#14058=IFCFACE((#14057));
#14059=IFCPOLYLOOP((#13397,#13355,#13327));
#14060=IFCFACEOUTERBOUND(#14059,.T.);
#14061=IFCFACE((#14060));
#14062=IFCPOLYLOOP((#13335,#13373,#13298));
#14063=IFCFACEOUTERBOUND(#14062,.T.);
#14064=IFCFACE((#14063));
#14065=IFCPOLYLOOP((#13335,#13298,#13371,#13278));
#14066=IFCFACEOUTERBOUND(#14065,.T.);
#14067=IFCFACE((#14066));
#14068=IFCPOLYLOOP((#13245,#13363,#13411,#13410));
#14069=IFCFACEOUTERBOUND(#14068,.T.);
#14070=IFCFACE((#14069));
#14071=IFCPOLYLOOP((#13280,#13236,#13237));
#14072=IFCFACEOUTERBOUND(#14071,.T.);
#14073=IFCFACE((#14072));
#14074=IFCPOLYLOOP((#13240,#13241,#13281));
#14075=IFCFACEOUTERBOUND(#14074,.T.);
#14076=IFCFACE((#14075));
#14077=IFCPOLYLOOP((#13282,#13283,#13237));
#14078=IFCFACEOUTERBOUND(#14077,.T.);
#14079=IFCFACE((#14078));
#14080=IFCPOLYLOOP((#13267,#13280,#13283));
#14081=IFCFACEOUTERBOUND(#14080,.T.);
#14082=IFCFACE((#14081));
#14083=IFCPOLYLOOP((#13286,#13254,#13285,#13267));
#14084=IFCFACEOUTERBOUND(#14083,.T.);
#14085=IFCFACE((#14084));
#14086=IFCPOLYLOOP((#13286,#13283,#13284));
#14087=IFCFACEOUTERBOUND(#14086,.T.);
#14088=IFCFACE((#14087));
#14089=IFCPOLYLOOP((#13408,#13358,#13330));
#14090=IFCFACEOUTERBOUND(#14089,.T.);
#14091=IFCFACE((#14090));
#14092=IFCPOLYLOOP((#13288,#13240,#13281));
#14093=IFCFACEOUTERBOUND(#14092,.T.);
#14094=IFCFACE((#14093));
#14095=IFCPOLYLOOP((#13281,#13269,#13288));
#14096=IFCFACEOUTERBOUND(#14095,.T.);
#14097=IFCFACE((#14096));
#14098=IFCPOLYLOOP((#13289,#13288,#13269));
#14099=IFCFACEOUTERBOUND(#14098,.T.);
#14100=IFCFACE((#14099));
#14101=IFCPOLYLOOP((#13265,#13289,#13269));
#14102=IFCFACEOUTERBOUND(#14101,.T.);
#14103=IFCFACE((#14102));
#14104=IFCPOLYLOOP((#13289,#13264,#13329,#13270));
#14105=IFCFACEOUTERBOUND(#14104,.T.);
#14106=IFCFACE((#14105));
#14107=IFCPOLYLOOP((#13286,#13291,#13254));
#14108=IFCFACEOUTERBOUND(#14107,.T.);
#14109=IFCFACE((#14108));
#14110=IFCPOLYLOOP((#13291,#13255,#13312));
#14111=IFCFACEOUTERBOUND(#14110,.T.);
#14112=IFCFACE((#14111));
#14113=IFCPOLYLOOP((#13311,#13252,#13313));
#14114=IFCFACEOUTERBOUND(#14113,.T.);
#14115=IFCFACE((#14114));
#14116=IFCPOLYLOOP((#13311,#13253,#13292));
#14117=IFCFACEOUTERBOUND(#14116,.T.);
#14118=IFCFACE((#14117));
#14119=IFCPOLYLOOP((#13291,#13319,#13254));
#14120=IFCFACEOUTERBOUND(#14119,.T.);
#14121=IFCFACE((#14120));
#14122=IFCPOLYLOOP((#13331,#13293,#13360,#13258));
#14123=IFCFACEOUTERBOUND(#14122,.T.);
#14124=IFCFACE((#14123));
#14125=IFCPOLYLOOP((#13411,#13363,#13332));
#14126=IFCFACEOUTERBOUND(#14125,.T.);
#14127=IFCFACE((#14126));
#14128=IFCPOLYLOOP((#13333,#13295,#13365));
#14129=IFCFACEOUTERBOUND(#14128,.T.);
#14130=IFCFACE((#14129));
#14131=IFCPOLYLOOP((#13369,#13373,#13372,#13297));
#14132=IFCFACEOUTERBOUND(#14131,.T.);
#14133=IFCFACE((#14132));
#14134=IFCPOLYLOOP((#13373,#13369,#13334));
#14135=IFCFACEOUTERBOUND(#14134,.T.);
#14136=IFCFACE((#14135));
#14137=IFCPOLYLOOP((#13336,#13247,#13374,#13299));
#14138=IFCFACEOUTERBOUND(#14137,.T.);
#14139=IFCFACE((#14138));
#14140=IFCPOLYLOOP((#13337,#13299,#13376,#13251));
#14141=IFCFACEOUTERBOUND(#14140,.T.);
#14142=IFCFACE((#14141));
#14143=IFCPOLYLOOP((#13301,#13338,#13383));
#14144=IFCFACEOUTERBOUND(#14143,.T.);
#14145=IFCFACE((#14144));
#14146=IFCPOLYLOOP((#13338,#13301,#13379,#13243));
#14147=IFCFACEOUTERBOUND(#14146,.T.);
#14148=IFCFACE((#14147));
#14149=IFCPOLYLOOP((#13384,#13388,#13387,#13303));
#14150=IFCFACEOUTERBOUND(#14149,.T.);
#14151=IFCFACE((#14150));
#14152=IFCPOLYLOOP((#13388,#13384,#13340));
#14153=IFCFACEOUTERBOUND(#14152,.T.);
#14154=IFCFACE((#14153));
#14155=IFCPOLYLOOP((#13305,#13342,#13393));
#14156=IFCFACEOUTERBOUND(#14155,.T.);
#14157=IFCFACE((#14156));
#14158=IFCPOLYLOOP((#13342,#13305,#13389,#13246));
#14159=IFCFACEOUTERBOUND(#14158,.T.);
#14160=IFCFACE((#14159));
#14161=IFCPOLYLOOP((#13344,#13244,#13394,#13307));
#14162=IFCFACEOUTERBOUND(#14161,.T.);
#14163=IFCFACE((#14162));
#14164=IFCPOLYLOOP((#13345,#13307,#13396,#13275));
#14165=IFCFACEOUTERBOUND(#14164,.T.);
#14166=IFCFACE((#14165));
#14167=IFCPOLYLOOP((#13346,#13251,#13400,#13309));
#14168=IFCFACEOUTERBOUND(#14167,.T.);
#14169=IFCFACE((#14168));
#14170=IFCPOLYLOOP((#13347,#13309,#13403,#13248));
#14171=IFCFACEOUTERBOUND(#14170,.T.);
#14172=IFCFACE((#14171));
#14173=IFCPOLYLOOP((#13319,#13311,#13292));
#14174=IFCFACEOUTERBOUND(#14173,.T.);
#14175=IFCFACE((#14174));
#14176=IFCPOLYLOOP((#13311,#13290,#13348,#13252));
#14177=IFCFACEOUTERBOUND(#14176,.T.);
#14178=IFCFACE((#14177));
#14179=IFCPOLYLOOP((#13317,#13272,#13349,#13273));
#14180=IFCFACEOUTERBOUND(#14179,.T.);
#14181=IFCFACE((#14180));
#14182=IFCPOLYLOOP((#13319,#13312,#13290));
#14183=IFCFACEOUTERBOUND(#14182,.T.);
#14184=IFCFACE((#14183));
#14185=IFCPOLYLOOP((#13316,#13318,#13313));
#14186=IFCFACEOUTERBOUND(#14185,.T.);
#14187=IFCFACE((#14186));
#14188=IFCPOLYLOOP((#13313,#13315,#13316));
#14189=IFCFACEOUTERBOUND(#14188,.T.);
#14190=IFCFACE((#14189));
#14191=IFCPOLYLOOP((#13313,#13252,#13315));
#14192=IFCFACEOUTERBOUND(#14191,.T.);
#14193=IFCFACE((#14192));
#14194=IFCPOLYLOOP((#13316,#13314,#13317));
#14195=IFCFACEOUTERBOUND(#14194,.T.);
#14196=IFCFACE((#14195));
#14197=IFCPOLYLOOP((#13254,#13319,#13292));
#14198=IFCFACEOUTERBOUND(#14197,.T.);
#14199=IFCFACE((#14198));
#14200=IFCPOLYLOOP((#13317,#13314,#13350,#13271));
#14201=IFCFACEOUTERBOUND(#14200,.T.);
#14202=IFCFACE((#14201));
#14203=IFCPOLYLOOP((#13343,#13317,#13271));
#14204=IFCFACEOUTERBOUND(#14203,.T.);
#14205=IFCFACE((#14204));
#14206=IFCPOLYLOOP((#13318,#13316,#13273));
#14207=IFCFACEOUTERBOUND(#14206,.T.);
#14208=IFCFACE((#14207));
#14209=IFCPOLYLOOP((#13318,#13253,#13313));
#14210=IFCFACEOUTERBOUND(#14209,.T.);
#14211=IFCFACE((#14210));
#14212=IFCPOLYLOOP((#13312,#13319,#13291));
#14213=IFCFACEOUTERBOUND(#14212,.T.);
#14214=IFCFACE((#14213));
#14215=IFCPOLYLOOP((#13323,#13325,#13266));
#14216=IFCFACEOUTERBOUND(#14215,.T.);
#14217=IFCFACE((#14216));
#14218=IFCPOLYLOOP((#13266,#13324,#13323));
#14219=IFCFACEOUTERBOUND(#14218,.T.);
#14220=IFCFACE((#14219));
#14221=IFCPOLYLOOP((#13323,#13324,#13321));
#14222=IFCFACEOUTERBOUND(#14221,.T.);
#14223=IFCFACE((#14222));
#14224=IFCPOLYLOOP((#13325,#13323,#13320));
#14225=IFCFACEOUTERBOUND(#14224,.T.);
#14226=IFCFACE((#14225));
#14227=IFCPOLYLOOP((#13322,#13264,#13320));
#14228=IFCFACEOUTERBOUND(#14227,.T.);
#14229=IFCFACE((#14228));
#14230=IFCPOLYLOOP((#13324,#13266,#13351,#13249));
#14231=IFCFACEOUTERBOUND(#14230,.T.);
#14232=IFCFACE((#14231));
#14233=IFCPOLYLOOP((#13401,#13406,#13310));
#14234=IFCFACEOUTERBOUND(#14233,.T.);
#14235=IFCFACE((#14234));
#14236=IFCPOLYLOOP((#13404,#13352,#13324));
#14237=IFCFACEOUTERBOUND(#14236,.T.);
#14238=IFCFACE((#14237));
#14239=IFCPOLYLOOP((#13320,#13265,#13325));
#14240=IFCFACEOUTERBOUND(#14239,.T.);
#14241=IFCFACE((#14240));
#14242=IFCPOLYLOOP((#13395,#13399,#13308));
#14243=IFCFACEOUTERBOUND(#14242,.T.);
#14244=IFCFACE((#14243));
#14245=IFCPOLYLOOP((#13327,#13326,#13354,#13274));
#14246=IFCFACEOUTERBOUND(#14245,.T.);
#14247=IFCFACE((#14246));
#14248=IFCPOLYLOOP((#13353,#13327,#13276));
#14249=IFCFACEOUTERBOUND(#14248,.T.);
#14250=IFCFACE((#14249));
#14251=IFCPOLYLOOP((#13293,#13331,#13362));
#14252=IFCFACEOUTERBOUND(#14251,.T.);
#14253=IFCFACE((#14252));
#14254=IFCPOLYLOOP((#13357,#13328,#13413,#13277));
#14255=IFCFACEOUTERBOUND(#14254,.T.);
#14256=IFCFACE((#14255));
#14257=IFCPOLYLOOP((#13242,#13411,#13332));
#14258=IFCFACEOUTERBOUND(#14257,.T.);
#14259=IFCFACE((#14258));
#14260=IFCPOLYLOOP((#13364,#13368,#13367,#13296));
#14261=IFCFACEOUTERBOUND(#14260,.T.);
#14262=IFCFACE((#14261));
#14263=IFCPOLYLOOP((#13331,#13361,#13362));
#14264=IFCFACEOUTERBOUND(#14263,.T.);
#14265=IFCFACE((#14264));
#14266=IFCPOLYLOOP((#13295,#13333,#13368));
#14267=IFCFACEOUTERBOUND(#14266,.T.);
#14268=IFCFACE((#14267));
#14269=IFCPOLYLOOP((#13411,#13242,#13356));
#14270=IFCFACEOUTERBOUND(#14269,.T.);
#14271=IFCFACE((#14270));
#14272=IFCPOLYLOOP((#13365,#13366,#13333));
#14273=IFCFACEOUTERBOUND(#14272,.T.);
#14274=IFCFACE((#14273));
#14275=IFCPOLYLOOP((#13333,#13367,#13368));
#14276=IFCFACEOUTERBOUND(#14275,.T.);
#14277=IFCFACE((#14276));
#14278=IFCPOLYLOOP((#13340,#13334,#13261));
#14279=IFCFACEOUTERBOUND(#14278,.T.);
#14280=IFCFACE((#14279));
#14281=IFCPOLYLOOP((#13334,#13260,#13370,#13298));
#14282=IFCFACEOUTERBOUND(#14281,.T.);
#14283=IFCFACE((#14282));
#14284=IFCPOLYLOOP((#13357,#13335,#13278));
#14285=IFCFACEOUTERBOUND(#14284,.T.);
#14286=IFCFACE((#14285));
#14287=IFCPOLYLOOP((#13335,#13277,#13372));
#14288=IFCFACEOUTERBOUND(#14287,.T.);
#14289=IFCFACE((#14288));
#14290=IFCPOLYLOOP((#13299,#13337,#13378));
#14291=IFCFACEOUTERBOUND(#14290,.T.);
#14292=IFCFACE((#14291));
#14293=IFCPOLYLOOP((#13344,#13336,#13244));
#14294=IFCFACEOUTERBOUND(#14293,.T.);
#14295=IFCFACE((#14294));
#14296=IFCPOLYLOOP((#13251,#13346,#13402));
#14297=IFCFACEOUTERBOUND(#14296,.T.);
#14298=IFCFACE((#14297));
#14299=IFCPOLYLOOP((#13378,#13337,#13300));
#14300=IFCFACEOUTERBOUND(#14299,.T.);
#14301=IFCFACE((#14300));
#14302=IFCPOLYLOOP((#13342,#13338,#13243));
#14303=IFCFACEOUTERBOUND(#14302,.T.);
#14304=IFCFACE((#14303));
#14305=IFCPOLYLOOP((#13338,#13246,#13380));
#14306=IFCFACEOUTERBOUND(#14305,.T.);
#14307=IFCFACE((#14306));
#14308=IFCPOLYLOOP((#13341,#13339,#13263));
#14309=IFCFACEOUTERBOUND(#14308,.T.);
#14310=IFCFACE((#14309));
#14311=IFCPOLYLOOP((#13339,#13262,#13382));
#14312=IFCFACEOUTERBOUND(#14311,.T.);
#14313=IFCFACE((#14312));
#14314=IFCPOLYLOOP((#13334,#13340,#13260));
#14315=IFCFACEOUTERBOUND(#14314,.T.);
#14316=IFCFACE((#14315));
#14317=IFCPOLYLOOP((#13340,#13261,#13385));
#14318=IFCFACEOUTERBOUND(#14317,.T.);
#14319=IFCFACE((#14318));
#14320=IFCPOLYLOOP((#13339,#13341,#13262));
#14321=IFCFACEOUTERBOUND(#14320,.T.);
#14322=IFCFACE((#14321));
#14323=IFCPOLYLOOP((#13341,#13263,#13387));
#14324=IFCFACEOUTERBOUND(#14323,.T.);
#14325=IFCFACE((#14324));
#14326=IFCPOLYLOOP((#13338,#13342,#13246));
#14327=IFCFACEOUTERBOUND(#14326,.T.);
#14328=IFCFACE((#14327));
#14329=IFCPOLYLOOP((#13342,#13243,#13390));
#14330=IFCFACEOUTERBOUND(#14329,.T.);
#14331=IFCFACE((#14330));
#14332=IFCPOLYLOOP((#13317,#13343,#13272));
#14333=IFCFACEOUTERBOUND(#14332,.T.);
#14334=IFCFACE((#14333));
#14335=IFCPOLYLOOP((#13343,#13271,#13392));
#14336=IFCFACEOUTERBOUND(#14335,.T.);
#14337=IFCFACE((#14336));
#14338=IFCPOLYLOOP((#13307,#13345,#13399));
#14339=IFCFACEOUTERBOUND(#14338,.T.);
#14340=IFCFACE((#14339));
#14341=IFCPOLYLOOP((#13336,#13344,#13247));
#14342=IFCFACEOUTERBOUND(#14341,.T.);
#14343=IFCFACE((#14342));
#14344=IFCPOLYLOOP((#13345,#13275,#13397));
#14345=IFCFACEOUTERBOUND(#14344,.T.);
#14346=IFCFACE((#14345));
#14347=IFCPOLYLOOP((#13399,#13345,#13308));
#14348=IFCFACEOUTERBOUND(#14347,.T.);
#14349=IFCFACE((#14348));
#14350=IFCPOLYLOOP((#13309,#13347,#13406));
#14351=IFCFACEOUTERBOUND(#14350,.T.);
#14352=IFCFACE((#14351));
#14353=IFCPOLYLOOP((#13402,#13346,#13250));
#14354=IFCFACEOUTERBOUND(#14353,.T.);
#14355=IFCFACE((#14354));
#14356=IFCPOLYLOOP((#13347,#13248,#13404));
#14357=IFCFACEOUTERBOUND(#14356,.T.);
#14358=IFCFACE((#14357));
#14359=IFCPOLYLOOP((#13406,#13347,#13310));
#14360=IFCFACEOUTERBOUND(#14359,.T.);
#14361=IFCFACE((#14360));
#14362=IFCPOLYLOOP((#13407,#13408,#13353));
#14363=IFCFACEOUTERBOUND(#14362,.T.);
#14364=IFCFACE((#14363));
#14365=IFCPOLYLOOP((#13352,#13321,#13324));
#14366=IFCFACEOUTERBOUND(#14365,.T.);
#14367=IFCFACE((#14366));
#14368=IFCPOLYLOOP((#13327,#13353,#13326));
#14369=IFCFACEOUTERBOUND(#14368,.T.);
#14370=IFCFACE((#14369));
#14371=IFCPOLYLOOP((#13356,#13242,#13412,#13328));
#14372=IFCFACEOUTERBOUND(#14371,.T.);
#14373=IFCFACE((#14372));
#14374=IFCPOLYLOOP((#13355,#13276,#13327));
#14375=IFCFACEOUTERBOUND(#14374,.T.);
#14376=IFCFACE((#14375));
#14377=IFCPOLYLOOP((#13415,#13328,#13357));
#14378=IFCFACEOUTERBOUND(#14377,.T.);
#14379=IFCFACE((#14378));
#14380=IFCPOLYLOOP((#13335,#13357,#13277));
#14381=IFCFACEOUTERBOUND(#14380,.T.);
#14382=IFCFACE((#14381));
#14383=IFCPOLYLOOP((#13357,#13278,#13414));
#14384=IFCFACEOUTERBOUND(#14383,.T.);
#14385=IFCFACE((#14384));
#14386=IFCPOLYLOOP((#13359,#13362,#13361,#13294));
#14387=IFCFACEOUTERBOUND(#14386,.T.);
#14388=IFCFACE((#14387));
#14389=IFCPOLYLOOP((#13293,#13330,#13358));
#14390=IFCFACEOUTERBOUND(#14389,.T.);
#14391=IFCFACE((#14390));
#14392=IFCPOLYLOOP((#13359,#13256,#13330));
#14393=IFCFACEOUTERBOUND(#14392,.T.);
#14394=IFCFACE((#14393));
#14395=IFCPOLYLOOP((#13293,#13362,#13330));
#14396=IFCFACEOUTERBOUND(#14395,.T.);
#14397=IFCFACE((#14396));
#14398=IFCPOLYLOOP((#13361,#13366,#13365,#13259));
#14399=IFCFACEOUTERBOUND(#14398,.T.);
#14400=IFCFACE((#14399));
#14401=IFCPOLYLOOP((#13363,#13295,#13332));
#14402=IFCFACEOUTERBOUND(#14401,.T.);
#14403=IFCFACE((#14402));
#14404=IFCPOLYLOOP((#13364,#13242,#13332));
#14405=IFCFACEOUTERBOUND(#14404,.T.);
#14406=IFCFACE((#14405));
#14407=IFCPOLYLOOP((#13258,#13366,#13331));
#14408=IFCFACEOUTERBOUND(#14407,.T.);
#14409=IFCFACE((#14408));
#14410=IFCPOLYLOOP((#13258,#13333,#13366));
#14411=IFCFACEOUTERBOUND(#14410,.T.);
#14412=IFCFACE((#14411));
#14413=IFCPOLYLOOP((#13295,#13368,#13332));
#14414=IFCFACEOUTERBOUND(#14413,.T.);
#14415=IFCFACE((#14414));
#14416=IFCPOLYLOOP((#13298,#13373,#13334));
#14417=IFCFACEOUTERBOUND(#14416,.T.);
#14418=IFCFACE((#14417));
#14419=IFCPOLYLOOP((#13369,#13261,#13334));
#14420=IFCFACEOUTERBOUND(#14419,.T.);
#14421=IFCFACE((#14420));
#14422=IFCPOLYLOOP((#13372,#13373,#13335));
#14423=IFCFACEOUTERBOUND(#14422,.T.);
#14424=IFCFACE((#14423));
#14425=IFCPOLYLOOP((#13375,#13378,#13300));
#14426=IFCFACEOUTERBOUND(#14425,.T.);
#14427=IFCFACE((#14426));
#14428=IFCPOLYLOOP((#13375,#13244,#13336));
#14429=IFCFACEOUTERBOUND(#14428,.T.);
#14430=IFCFACE((#14429));
#14431=IFCPOLYLOOP((#13377,#13300,#13337));
#14432=IFCFACEOUTERBOUND(#14431,.T.);
#14433=IFCFACE((#14432));
#14434=IFCPOLYLOOP((#13299,#13378,#13336));
#14435=IFCFACEOUTERBOUND(#14434,.T.);
#14436=IFCFACE((#14435));
#14437=IFCPOLYLOOP((#13383,#13338,#13380));
#14438=IFCFACEOUTERBOUND(#14437,.T.);
#14439=IFCFACE((#14438));
#14440=IFCPOLYLOOP((#13383,#13380,#13302));
#14441=IFCFACEOUTERBOUND(#14440,.T.);
#14442=IFCFACE((#14441));
#14443=IFCPOLYLOOP((#13383,#13382,#13301));
#14444=IFCFACEOUTERBOUND(#14443,.T.);
#14445=IFCFACE((#14444));
#14446=IFCPOLYLOOP((#13382,#13383,#13339));
#14447=IFCFACEOUTERBOUND(#14446,.T.);
#14448=IFCFACE((#14447));
#14449=IFCPOLYLOOP((#13388,#13340,#13385));
#14450=IFCFACEOUTERBOUND(#14449,.T.);
#14451=IFCFACE((#14450));
#14452=IFCPOLYLOOP((#13384,#13260,#13340));
#14453=IFCFACEOUTERBOUND(#14452,.T.);
#14454=IFCFACE((#14453));
#14455=IFCPOLYLOOP((#13388,#13385,#13304));
#14456=IFCFACEOUTERBOUND(#14455,.T.);
#14457=IFCFACE((#14456));
#14458=IFCPOLYLOOP((#13387,#13388,#13341));
#14459=IFCFACEOUTERBOUND(#14458,.T.);
#14460=IFCFACE((#14459));
#14461=IFCPOLYLOOP((#13393,#13342,#13390));
#14462=IFCFACEOUTERBOUND(#14461,.T.);
#14463=IFCFACE((#14462));
#14464=IFCPOLYLOOP((#13393,#13390,#13306));
#14465=IFCFACEOUTERBOUND(#14464,.T.);
#14466=IFCFACE((#14465));
#14467=IFCPOLYLOOP((#13393,#13392,#13305));
#14468=IFCFACEOUTERBOUND(#14467,.T.);
#14469=IFCFACE((#14468));
#14470=IFCPOLYLOOP((#13392,#13393,#13343));
#14471=IFCFACEOUTERBOUND(#14470,.T.);
#14472=IFCFACE((#14471));
#14473=IFCPOLYLOOP((#13355,#13397,#13275));
#14474=IFCFACEOUTERBOUND(#14473,.T.);
#14475=IFCFACE((#14474));
#14476=IFCPOLYLOOP((#13395,#13247,#13344));
#14477=IFCFACEOUTERBOUND(#14476,.T.);
#14478=IFCFACE((#14477));
#14479=IFCPOLYLOOP((#13274,#13397,#13327));
#14480=IFCFACEOUTERBOUND(#14479,.T.);
#14481=IFCFACE((#14480));
#14482=IFCPOLYLOOP((#13398,#13397,#13274));
#14483=IFCFACEOUTERBOUND(#14482,.T.);
#14484=IFCFACE((#14483));
#14485=IFCPOLYLOOP((#13398,#13308,#13345));
#14486=IFCFACEOUTERBOUND(#14485,.T.);
#14487=IFCFACE((#14486));
#14488=IFCPOLYLOOP((#13307,#13399,#13344));
#14489=IFCFACEOUTERBOUND(#14488,.T.);
#14490=IFCFACE((#14489));
#14491=IFCPOLYLOOP((#13377,#13402,#13250));
#14492=IFCFACEOUTERBOUND(#14491,.T.);
#14493=IFCFACE((#14492));
#14494=IFCPOLYLOOP((#13401,#13250,#13346));
#14495=IFCFACEOUTERBOUND(#14494,.T.);
#14496=IFCFACE((#14495));
#14497=IFCPOLYLOOP((#13251,#13402,#13337));
#14498=IFCFACEOUTERBOUND(#14497,.T.);
#14499=IFCFACE((#14498));
#14500=IFCPOLYLOOP((#13352,#13404,#13248));
#14501=IFCFACEOUTERBOUND(#14500,.T.);
#14502=IFCFACE((#14501));
#14503=IFCPOLYLOOP((#13249,#13404,#13324));
#14504=IFCFACEOUTERBOUND(#14503,.T.);
#14505=IFCFACE((#14504));
#14506=IFCPOLYLOOP((#13405,#13404,#13249));
#14507=IFCFACEOUTERBOUND(#14506,.T.);
#14508=IFCFACE((#14507));
#14509=IFCPOLYLOOP((#13405,#13310,#13347));
#14510=IFCFACEOUTERBOUND(#14509,.T.);
#14511=IFCFACE((#14510));
#14512=IFCPOLYLOOP((#13309,#13406,#13346));
#14513=IFCFACEOUTERBOUND(#14512,.T.);
#14514=IFCFACE((#14513));
#14515=IFCPOLYLOOP((#13358,#13408,#13407,#13257));
#14516=IFCFACEOUTERBOUND(#14515,.T.);
#14517=IFCFACE((#14516));
#14518=IFCPOLYLOOP((#13256,#13408,#13330));
#14519=IFCFACEOUTERBOUND(#14518,.T.);
#14520=IFCFACE((#14519));
#14521=IFCPOLYLOOP((#13409,#13408,#13256));
#14522=IFCFACEOUTERBOUND(#14521,.T.);
#14523=IFCFACE((#14522));
#14524=IFCPOLYLOOP((#13409,#13326,#13353));
#14525=IFCFACEOUTERBOUND(#14524,.T.);
#14526=IFCFACE((#14525));
#14527=IFCPOLYLOOP((#13410,#13411,#13356));
#14528=IFCFACEOUTERBOUND(#14527,.T.);
#14529=IFCFACE((#14528));
#14530=IFCPOLYLOOP((#13328,#13415,#13356));
#14531=IFCFACEOUTERBOUND(#14530,.T.);
#14532=IFCFACE((#14531));
#14533=IFCPOLYLOOP((#13414,#13415,#13357));
#14534=IFCFACEOUTERBOUND(#14533,.T.);
#14535=IFCFACE((#14534));
#14536=IFCPOLYLOOP((#13416,#13236,#13280,#13267,#13285,#13254,#13292,#13253,#13318,#13273,#13349,#13272,#13391,#13306,#13390,#13243,#13379,#13301,#13382,#13262,#13386,#13304,#13385,#13261,#13369,#13297,#13372,#13277,#13413,#13328,#13412,#13242,#13364,#13296,#13367,#13258,#13360,#13293,#13358,#13257,#13407,#13276,#13355,#13275,#13396,#13307,#13394,#13244,#13375,#13300,#13377,#13250,#13401,#13310,#13405,#13249,#13351,#13266,#13325,#13265,#13269,#13281,#13241,#13417));
#14537=IFCFACEOUTERBOUND(#14536,.T.);
#14538=IFCFACE((#14537));
#14539=IFCPOLYLOOP((#13180,#13179,#13418,#13419));
#14540=IFCFACEOUTERBOUND(#14539,.T.);
#14541=IFCFACE((#14540));
#14542=IFCPOLYLOOP((#13183,#13420,#13421,#13424,#13426,#13184));
#14543=IFCFACEOUTERBOUND(#14542,.T.);
#14544=IFCFACE((#14543));
#14545=IFCPOLYLOOP((#13427,#13429,#13425,#13428));
#14546=IFCFACEOUTERBOUND(#14545,.T.);
#14547=IFCFACE((#14546));
#14548=IFCPOLYLOOP((#13428,#13187,#13430));
#14549=IFCFACEOUTERBOUND(#14548,.T.);
#14550=IFCFACE((#14549));
#14551=IFCPOLYLOOP((#13421,#13422,#13431));
#14552=IFCFACEOUTERBOUND(#14551,.T.);
#14553=IFCFACE((#14552));
#14554=IFCPOLYLOOP((#13427,#13424,#13431));
#14555=IFCFACEOUTERBOUND(#14554,.T.);
#14556=IFCFACE((#14555));
#14557=IFCPOLYLOOP((#13184,#13426,#13430));
#14558=IFCFACEOUTERBOUND(#14557,.T.);
#14559=IFCFACE((#14558));
#14560=IFCPOLYLOOP((#13427,#13426,#13424));
#14561=IFCFACEOUTERBOUND(#14560,.T.);
#14562=IFCFACE((#14561));
#14563=IFCPOLYLOOP((#13429,#13427,#13431));
#14564=IFCFACEOUTERBOUND(#14563,.T.);
#14565=IFCFACE((#14564));
#14566=IFCPOLYLOOP((#13428,#13430,#13427));
#14567=IFCFACEOUTERBOUND(#14566,.T.);
#14568=IFCFACE((#14567));
#14569=IFCPOLYLOOP((#13430,#13426,#13427));
#14570=IFCFACEOUTERBOUND(#14569,.T.);
#14571=IFCFACE((#14570));
#14572=IFCPOLYLOOP((#13428,#13188,#13187));
#14573=IFCFACEOUTERBOUND(#14572,.T.);
#14574=IFCFACE((#14573));
#14575=IFCPOLYLOOP((#13422,#13423,#13429));
#14576=IFCFACEOUTERBOUND(#14575,.T.);
#14577=IFCFACE((#14576));
#14578=IFCPOLYLOOP((#13184,#13430,#13187));
#14579=IFCFACEOUTERBOUND(#14578,.T.);
#14580=IFCFACE((#14579));
#14581=IFCPOLYLOOP((#13421,#13431,#13424));
#14582=IFCFACEOUTERBOUND(#14581,.T.);
#14583=IFCFACE((#14582));
#14584=IFCPOLYLOOP((#13429,#13431,#13422));
#14585=IFCFACEOUTERBOUND(#14584,.T.);
#14586=IFCFACE((#14585));
#14587=IFCPOLYLOOP((#13442,#13447,#13451));
#14588=IFCFACEOUTERBOUND(#14587,.T.);
#14589=IFCFACE((#14588));
#14590=IFCPOLYLOOP((#13463,#13462,#13458));
#14591=IFCFACEOUTERBOUND(#14590,.T.);
#14592=IFCFACE((#14591));
#14593=IFCPOLYLOOP((#13452,#13464,#13445));
#14594=IFCFACEOUTERBOUND(#14593,.T.);
#14595=IFCFACE((#14594));
#14596=IFCPOLYLOOP((#13458,#13437,#13456));
#14597=IFCFACEOUTERBOUND(#14596,.T.);
#14598=IFCFACE((#14597));
#14599=IFCPOLYLOOP((#13438,#13452,#13445));
#14600=IFCFACEOUTERBOUND(#14599,.T.);
#14601=IFCFACE((#14600));
#14602=IFCPOLYLOOP((#13455,#13459,#13452));
#14603=IFCFACEOUTERBOUND(#14602,.T.);
#14604=IFCFACE((#14603));
#14605=IFCPOLYLOOP((#13433,#13449,#13464));
#14606=IFCFACEOUTERBOUND(#14605,.T.);
#14607=IFCFACE((#14606));
#14608=IFCPOLYLOOP((#13448,#13456,#13437));
#14609=IFCFACEOUTERBOUND(#14608,.T.);
#14610=IFCFACE((#14609));
#14611=IFCPOLYLOOP((#13439,#13456,#13444));
#14612=IFCFACEOUTERBOUND(#14611,.T.);
#14613=IFCFACE((#14612));
#14614=IFCPOLYLOOP((#13436,#13462,#13457));
#14615=IFCFACEOUTERBOUND(#14614,.T.);
#14616=IFCFACE((#14615));
#14617=IFCPOLYLOOP((#13455,#13452,#13438));
#14618=IFCFACEOUTERBOUND(#14617,.T.);
#14619=IFCFACE((#14618));
#14620=IFCPOLYLOOP((#13442,#13451,#13460));
#14621=IFCFACEOUTERBOUND(#14620,.T.);
#14622=IFCFACE((#14621));
#14623=IFCPOLYLOOP((#13443,#13444,#13460));
#14624=IFCFACEOUTERBOUND(#14623,.T.);
#14625=IFCFACE((#14624));
#14626=IFCPOLYLOOP((#13444,#13456,#13460));
#14627=IFCFACEOUTERBOUND(#14626,.T.);
#14628=IFCFACE((#14627));
#14629=IFCPOLYLOOP((#13432,#13433,#13464));
#14630=IFCFACEOUTERBOUND(#14629,.T.);
#14631=IFCFACE((#14630));
#14632=IFCPOLYLOOP((#13240,#13239,#13450));
#14633=IFCFACEOUTERBOUND(#14632,.T.);
#14634=IFCFACE((#14633));
#14635=IFCPOLYLOOP((#13443,#13451,#13450));
#14636=IFCFACEOUTERBOUND(#14635,.T.);
#14637=IFCFACE((#14636));
#14638=IFCPOLYLOOP((#13447,#13241,#13240));
#14639=IFCFACEOUTERBOUND(#14638,.T.);
#14640=IFCFACE((#14639));
#14641=IFCPOLYLOOP((#13433,#13434,#13449));
#14642=IFCFACEOUTERBOUND(#14641,.T.);
#14643=IFCFACE((#14642));
#14644=IFCPOLYLOOP((#13452,#13441,#13464));
#14645=IFCFACEOUTERBOUND(#14644,.T.);
#14646=IFCFACE((#14645));
#14647=IFCPOLYLOOP((#13450,#13451,#13240));
#14648=IFCFACEOUTERBOUND(#14647,.T.);
#14649=IFCFACE((#14648));
#14650=IFCPOLYLOOP((#13240,#13451,#13447));
#14651=IFCFACEOUTERBOUND(#14650,.T.);
#14652=IFCFACE((#14651));
#14653=IFCPOLYLOOP((#13441,#13452,#13459));
#14654=IFCFACEOUTERBOUND(#14653,.T.);
#14655=IFCFACE((#14654));
#14656=IFCPOLYLOOP((#13464,#13441,#13446,#13432));
#14657=IFCFACEOUTERBOUND(#14656,.T.);
#14658=IFCFACE((#14657));
#14659=IFCPOLYLOOP((#13438,#13453,#13455));
#14660=IFCFACEOUTERBOUND(#14659,.T.);
#14661=IFCFACE((#14660));
#14662=IFCPOLYLOOP((#13454,#13457,#13462));
#14663=IFCFACEOUTERBOUND(#14662,.T.);
#14664=IFCFACE((#14663));
#14665=IFCPOLYLOOP((#13435,#13457,#13454));
#14666=IFCFACEOUTERBOUND(#14665,.T.);
#14667=IFCFACE((#14666));
#14668=IFCPOLYLOOP((#13457,#13455,#13453));
#14669=IFCFACEOUTERBOUND(#14668,.T.);
#14670=IFCFACE((#14669));
#14671=IFCPOLYLOOP((#13456,#13439,#13458));
#14672=IFCFACEOUTERBOUND(#14671,.T.);
#14673=IFCFACE((#14672));
#14674=IFCPOLYLOOP((#13448,#13442,#13460));
#14675=IFCFACEOUTERBOUND(#14674,.T.);
#14676=IFCFACE((#14675));
#14677=IFCPOLYLOOP((#13455,#13457,#13435));
#14678=IFCFACEOUTERBOUND(#14677,.T.);
#14679=IFCFACE((#14678));
#14680=IFCPOLYLOOP((#13436,#13457,#13453));
#14681=IFCFACEOUTERBOUND(#14680,.T.);
#14682=IFCFACE((#14681));
#14683=IFCPOLYLOOP((#13462,#13463,#13440,#13454));
#14684=IFCFACEOUTERBOUND(#14683,.T.);
#14685=IFCFACE((#14684));
#14686=IFCPOLYLOOP((#13458,#13462,#13461));
#14687=IFCFACEOUTERBOUND(#14686,.T.);
#14688=IFCFACE((#14687));
#14689=IFCPOLYLOOP((#13455,#13435,#13459));
#14690=IFCFACEOUTERBOUND(#14689,.T.);
#14691=IFCFACE((#14690));
#14692=IFCPOLYLOOP((#13460,#13451,#13443));
#14693=IFCFACEOUTERBOUND(#14692,.T.);
#14694=IFCFACE((#14693));
#14695=IFCPOLYLOOP((#13448,#13460,#13456));
#14696=IFCFACEOUTERBOUND(#14695,.T.);
#14697=IFCFACE((#14696));
#14698=IFCPOLYLOOP((#13461,#13462,#13436));
#14699=IFCFACEOUTERBOUND(#14698,.T.);
#14700=IFCFACE((#14699));
#14701=IFCPOLYLOOP((#13461,#13437,#13458));
#14702=IFCFACEOUTERBOUND(#14701,.T.);
#14703=IFCFACE((#14702));
#14704=IFCPOLYLOOP((#13458,#13439,#13463));
#14705=IFCFACEOUTERBOUND(#14704,.T.);
#14706=IFCFACE((#14705));
#14707=IFCPOLYLOOP((#13464,#13449,#13445));
#14708=IFCFACEOUTERBOUND(#14707,.T.);
#14709=IFCFACE((#14708));
#14710=IFCPOLYLOOP((#13417,#13241,#13447,#13442,#13448,#13437,#13461,#13436,#13453,#13438,#13445,#13449,#13434,#13465));
#14711=IFCFACEOUTERBOUND(#14710,.T.);
#14712=IFCFACE((#14711));
#14713=IFCPOLYLOOP((#13419,#13418,#13466,#13467));
#14714=IFCFACEOUTERBOUND(#14713,.T.);
#14715=IFCFACE((#14714));
#14716=IFCPOLYLOOP((#13420,#13468,#13469,#13480,#13479,#13503,#13477,#13490,#13489,#13498,#13475,#13512,#13485,#13507,#13476,#13483,#13482,#13492,#13421));
#14717=IFCFACEOUTERBOUND(#14716,.T.);
#14718=IFCFACE((#14717));
#14719=IFCPOLYLOOP((#13500,#13491,#13478));
#14720=IFCFACEOUTERBOUND(#14719,.T.);
#14721=IFCFACE((#14720));
#14722=IFCPOLYLOOP((#13493,#13509,#13505));
#14723=IFCFACEOUTERBOUND(#14722,.T.);
#14724=IFCFACE((#14723));
#14725=IFCPOLYLOOP((#13492,#13516,#13517));
#14726=IFCFACEOUTERBOUND(#14725,.T.);
#14727=IFCFACE((#14726));
#14728=IFCPOLYLOOP((#13478,#13502,#13500));
#14729=IFCFACEOUTERBOUND(#14728,.T.);
#14730=IFCFACE((#14729));
#14731=IFCPOLYLOOP((#13516,#13492,#13482));
#14732=IFCFACEOUTERBOUND(#14731,.T.);
#14733=IFCFACE((#14732));
#14734=IFCPOLYLOOP((#13494,#13495,#13496));
#14735=IFCFACEOUTERBOUND(#14734,.T.);
#14736=IFCFACE((#14735));
#14737=IFCPOLYLOOP((#13483,#13476,#13505));
#14738=IFCFACEOUTERBOUND(#14737,.T.);
#14739=IFCFACE((#14738));
#14740=IFCPOLYLOOP((#13486,#13487,#13508));
#14741=IFCFACEOUTERBOUND(#14740,.T.);
#14742=IFCFACE((#14741));
#14743=IFCPOLYLOOP((#13497,#13499,#13518));
#14744=IFCFACEOUTERBOUND(#14743,.T.);
#14745=IFCFACE((#14744));
#14746=IFCPOLYLOOP((#13512,#13513,#13510));
#14747=IFCFACEOUTERBOUND(#14746,.T.);
#14748=IFCFACE((#14747));
#14749=IFCPOLYLOOP((#13515,#13502,#13501));
#14750=IFCFACEOUTERBOUND(#14749,.T.);
#14751=IFCFACE((#14750));
#14752=IFCPOLYLOOP((#13504,#13469,#13470));
#14753=IFCFACEOUTERBOUND(#14752,.T.);
#14754=IFCFACE((#14753));
#14755=IFCPOLYLOOP((#13491,#13500,#13504));
#14756=IFCFACEOUTERBOUND(#14755,.T.);
#14757=IFCFACE((#14756));
#14758=IFCPOLYLOOP((#13517,#13516,#13484));
#14759=IFCFACEOUTERBOUND(#14758,.T.);
#14760=IFCFACE((#14759));
#14761=IFCPOLYLOOP((#13486,#13508,#13510));
#14762=IFCFACEOUTERBOUND(#14761,.T.);
#14763=IFCFACE((#14762));
#14764=IFCPOLYLOOP((#13509,#13483,#13505));
#14765=IFCFACEOUTERBOUND(#14764,.T.);
#14766=IFCFACE((#14765));
#14767=IFCPOLYLOOP((#13421,#13492,#13517));
#14768=IFCFACEOUTERBOUND(#14767,.T.);
#14769=IFCFACE((#14768));
#14770=IFCPOLYLOOP((#13423,#13422,#13517));
#14771=IFCFACEOUTERBOUND(#14770,.T.);
#14772=IFCFACE((#14771));
#14773=IFCPOLYLOOP((#13506,#13473,#13505));
#14774=IFCFACEOUTERBOUND(#14773,.T.);
#14775=IFCFACE((#14774));
#14776=IFCPOLYLOOP((#13508,#13506,#13507));
#14777=IFCFACEOUTERBOUND(#14776,.T.);
#14778=IFCFACE((#14777));
#14779=IFCPOLYLOOP((#13474,#13494,#13496));
#14780=IFCFACEOUTERBOUND(#14779,.T.);
#14781=IFCFACE((#14780));
#14782=IFCPOLYLOOP((#13489,#13495,#13497));
#14783=IFCFACEOUTERBOUND(#14782,.T.);
#14784=IFCFACE((#14783));
#14785=IFCPOLYLOOP((#13489,#13490,#13495));
#14786=IFCFACEOUTERBOUND(#14785,.T.);
#14787=IFCFACE((#14786));
#14788=IFCPOLYLOOP((#13471,#13491,#13504));
#14789=IFCFACEOUTERBOUND(#14788,.T.);
#14790=IFCFACE((#14789));
#14791=IFCPOLYLOOP((#13500,#13479,#13480));
#14792=IFCFACEOUTERBOUND(#14791,.T.);
#14793=IFCFACE((#14792));
#14794=IFCPOLYLOOP((#13495,#13488,#13497));
#14795=IFCFACEOUTERBOUND(#14794,.T.);
#14796=IFCFACE((#14795));
#14797=IFCPOLYLOOP((#13509,#13481,#13516));
#14798=IFCFACEOUTERBOUND(#14797,.T.);
#14799=IFCFACE((#14798));
#14800=IFCPOLYLOOP((#13488,#13495,#13494));
#14801=IFCFACEOUTERBOUND(#14800,.T.);
#14802=IFCFACE((#14801));
#14803=IFCPOLYLOOP((#13496,#13495,#13490));
#14804=IFCFACEOUTERBOUND(#14803,.T.);
#14805=IFCFACE((#14804));
#14806=IFCPOLYLOOP((#13490,#13477,#13496));
#14807=IFCFACEOUTERBOUND(#14806,.T.);
#14808=IFCFACE((#14807));
#14809=IFCPOLYLOOP((#13496,#13477,#13515));
#14810=IFCFACEOUTERBOUND(#14809,.T.);
#14811=IFCFACE((#14810));
#14812=IFCPOLYLOOP((#13499,#13472,#13514));
#14813=IFCFACEOUTERBOUND(#14812,.T.);
#14814=IFCFACE((#14813));
#14815=IFCPOLYLOOP((#13497,#13488,#13499));
#14816=IFCFACEOUTERBOUND(#14815,.T.);
#14817=IFCFACE((#14816));
#14818=IFCPOLYLOOP((#13472,#13513,#13514));
#14819=IFCFACEOUTERBOUND(#14818,.T.);
#14820=IFCFACE((#14819));
#14821=IFCPOLYLOOP((#13498,#13489,#13497));
#14822=IFCFACEOUTERBOUND(#14821,.T.);
#14823=IFCFACE((#14822));
#14824=IFCPOLYLOOP((#13500,#13480,#13504));
#14825=IFCFACEOUTERBOUND(#14824,.T.);
#14826=IFCFACE((#14825));
#14827=IFCPOLYLOOP((#13469,#13504,#13480));
#14828=IFCFACEOUTERBOUND(#14827,.T.);
#14829=IFCFACE((#14828));
#14830=IFCPOLYLOOP((#13500,#13502,#13479));
#14831=IFCFACEOUTERBOUND(#14830,.T.);
#14832=IFCFACE((#14831));
#14833=IFCPOLYLOOP((#13478,#13501,#13502));
#14834=IFCFACEOUTERBOUND(#14833,.T.);
#14835=IFCFACE((#14834));
#14836=IFCPOLYLOOP((#13477,#13503,#13515));
#14837=IFCFACEOUTERBOUND(#14836,.T.);
#14838=IFCFACE((#14837));
#14839=IFCPOLYLOOP((#13474,#13515,#13501));
#14840=IFCFACEOUTERBOUND(#14839,.T.);
#14841=IFCFACE((#14840));
#14842=IFCPOLYLOOP((#13503,#13479,#13502));
#14843=IFCFACEOUTERBOUND(#14842,.T.);
#14844=IFCFACE((#14843));
#14845=IFCPOLYLOOP((#13471,#13504,#13470));
#14846=IFCFACEOUTERBOUND(#14845,.T.);
#14847=IFCFACE((#14846));
#14848=IFCPOLYLOOP((#13506,#13505,#13476));
#14849=IFCFACEOUTERBOUND(#14848,.T.);
#14850=IFCFACE((#14849));
#14851=IFCPOLYLOOP((#13493,#13505,#13473));
#14852=IFCFACEOUTERBOUND(#14851,.T.);
#14853=IFCFACE((#14852));
#14854=IFCPOLYLOOP((#13508,#13485,#13510));
#14855=IFCFACEOUTERBOUND(#14854,.T.);
#14856=IFCFACE((#14855));
#14857=IFCPOLYLOOP((#13487,#13473,#13506));
#14858=IFCFACEOUTERBOUND(#14857,.T.);
#14859=IFCFACE((#14858));
#14860=IFCPOLYLOOP((#13506,#13476,#13507));
#14861=IFCFACEOUTERBOUND(#14860,.T.);
#14862=IFCFACE((#14861));
#14863=IFCPOLYLOOP((#13508,#13507,#13485));
#14864=IFCFACEOUTERBOUND(#14863,.T.);
#14865=IFCFACE((#14864));
#14866=IFCPOLYLOOP((#13506,#13508,#13487));
#14867=IFCFACEOUTERBOUND(#14866,.T.);
#14868=IFCFACE((#14867));
#14869=IFCPOLYLOOP((#13481,#13509,#13493));
#14870=IFCFACEOUTERBOUND(#14869,.T.);
#14871=IFCFACE((#14870));
#14872=IFCPOLYLOOP((#13482,#13483,#13509));
#14873=IFCFACEOUTERBOUND(#14872,.T.);
#14874=IFCFACE((#14873));
#14875=IFCPOLYLOOP((#13513,#13512,#13475));
#14876=IFCFACEOUTERBOUND(#14875,.T.);
#14877=IFCFACE((#14876));
#14878=IFCPOLYLOOP((#13510,#13485,#13512));
#14879=IFCFACEOUTERBOUND(#14878,.T.);
#14880=IFCFACE((#14879));
#14881=IFCPOLYLOOP((#13513,#13472,#13511));
#14882=IFCFACEOUTERBOUND(#14881,.T.);
#14883=IFCFACE((#14882));
#14884=IFCPOLYLOOP((#13511,#13486,#13510));
#14885=IFCFACEOUTERBOUND(#14884,.T.);
#14886=IFCFACE((#14885));
#14887=IFCPOLYLOOP((#13513,#13475,#13514));
#14888=IFCFACEOUTERBOUND(#14887,.T.);
#14889=IFCFACE((#14888));
#14890=IFCPOLYLOOP((#13510,#13513,#13511));
#14891=IFCFACEOUTERBOUND(#14890,.T.);
#14892=IFCFACE((#14891));
#14893=IFCPOLYLOOP((#13475,#13498,#13514));
#14894=IFCFACEOUTERBOUND(#14893,.T.);
#14895=IFCFACE((#14894));
#14896=IFCPOLYLOOP((#13514,#13498,#13518));
#14897=IFCFACEOUTERBOUND(#14896,.T.);
#14898=IFCFACE((#14897));
#14899=IFCPOLYLOOP((#13515,#13503,#13502));
#14900=IFCFACEOUTERBOUND(#14899,.T.);
#14901=IFCFACE((#14900));
#14902=IFCPOLYLOOP((#13496,#13515,#13474));
#14903=IFCFACEOUTERBOUND(#14902,.T.);
#14904=IFCFACE((#14903));
#14905=IFCPOLYLOOP((#13509,#13516,#13482));
#14906=IFCFACEOUTERBOUND(#14905,.T.);
#14907=IFCFACE((#14906));
#14908=IFCPOLYLOOP((#13484,#13516,#13481));
#14909=IFCFACEOUTERBOUND(#14908,.T.);
#14910=IFCFACE((#14909));
#14911=IFCPOLYLOOP((#13423,#13517,#13484));
#14912=IFCFACEOUTERBOUND(#14911,.T.);
#14913=IFCFACE((#14912));
#14914=IFCPOLYLOOP((#13421,#13517,#13422));
#14915=IFCFACEOUTERBOUND(#14914,.T.);
#14916=IFCFACE((#14915));
#14917=IFCPOLYLOOP((#13514,#13518,#13499));
#14918=IFCFACEOUTERBOUND(#14917,.T.);
#14919=IFCFACE((#14918));
#14920=IFCPOLYLOOP((#13498,#13497,#13518));
#14921=IFCFACEOUTERBOUND(#14920,.T.);
#14922=IFCFACE((#14921));
#14923=IFCPOLYLOOP((#13550,#13568,#13569));
#14924=IFCFACEOUTERBOUND(#14923,.T.);
#14925=IFCFACE((#14924));
#14926=IFCPOLYLOOP((#13613,#13538,#13647));
#14927=IFCFACEOUTERBOUND(#14926,.T.);
#14928=IFCFACE((#14927));
#14929=IFCPOLYLOOP((#13682,#13657,#13617));
#14930=IFCFACEOUTERBOUND(#14929,.T.);
#14931=IFCFACE((#14930));
#14932=IFCPOLYLOOP((#13633,#13556,#13687));
#14933=IFCFACEOUTERBOUND(#14932,.T.);
#14934=IFCFACE((#14933));
#14935=IFCPOLYLOOP((#13570,#13591,#13599));
#14936=IFCFACEOUTERBOUND(#14935,.T.);
#14937=IFCFACE((#14936));
#14938=IFCPOLYLOOP((#13566,#13535,#13571));
#14939=IFCFACEOUTERBOUND(#14938,.T.);
#14940=IFCFACE((#14939));
#14941=IFCPOLYLOOP((#13619,#13582,#13661,#13543));
#14942=IFCFACEOUTERBOUND(#14941,.T.);
#14943=IFCFACE((#14942));
#14944=IFCPOLYLOOP((#13600,#13603,#13602));
#14945=IFCFACEOUTERBOUND(#14944,.T.);
#14946=IFCFACE((#14945));
#14947=IFCPOLYLOOP((#13563,#13562,#13548,#13564));
#14948=IFCFACEOUTERBOUND(#14947,.T.);
#14949=IFCFACE((#14948));
#14950=IFCPOLYLOOP((#13690,#13695,#13694,#13559));
#14951=IFCFACEOUTERBOUND(#14950,.T.);
#14952=IFCFACE((#14951));
#14953=IFCPOLYLOOP((#13684,#13685,#13627));
#14954=IFCFACEOUTERBOUND(#14953,.T.);
#14955=IFCFACE((#14954));
#14956=IFCPOLYLOOP((#13602,#13603,#13601));
#14957=IFCFACEOUTERBOUND(#14956,.T.);
#14958=IFCFACE((#14957));
#14959=IFCPOLYLOOP((#13686,#13681,#13626));
#14960=IFCFACEOUTERBOUND(#14959,.T.);
#14961=IFCFACE((#14960));
#14962=IFCPOLYLOOP((#13658,#13655,#13616));
#14963=IFCFACEOUTERBOUND(#14962,.T.);
#14964=IFCFACE((#14963));
#14965=IFCPOLYLOOP((#13593,#13533,#13591));
#14966=IFCFACEOUTERBOUND(#14965,.T.);
#14967=IFCFACE((#14966));
#14968=IFCPOLYLOOP((#13623,#13673,#13586));
#14969=IFCFACEOUTERBOUND(#14968,.T.);
#14970=IFCFACE((#14969));
#14971=IFCPOLYLOOP((#13535,#13566,#13564));
#14972=IFCFACEOUTERBOUND(#14971,.T.);
#14973=IFCFACE((#14972));
#14974=IFCPOLYLOOP((#13567,#13519,#13520));
#14975=IFCFACEOUTERBOUND(#14974,.T.);
#14976=IFCFACE((#14975));
#14977=IFCPOLYLOOP((#13433,#13432,#13562));
#14978=IFCFACEOUTERBOUND(#14977,.T.);
#14979=IFCFACE((#14978));
#14980=IFCPOLYLOOP((#13642,#13639,#13610));
#14981=IFCFACEOUTERBOUND(#14980,.T.);
#14982=IFCFACE((#14981));
#14983=IFCPOLYLOOP((#13677,#13678,#13625));
#14984=IFCFACEOUTERBOUND(#14983,.T.);
#14985=IFCFACE((#14984));
#14986=IFCPOLYLOOP((#13646,#13641,#13611));
#14987=IFCFACEOUTERBOUND(#14986,.T.);
#14988=IFCFACE((#14987));
#14989=IFCPOLYLOOP((#13648,#13644,#13612));
#14990=IFCFACEOUTERBOUND(#14989,.T.);
#14991=IFCFACE((#14990));
#14992=IFCPOLYLOOP((#13695,#13690,#13636));
#14993=IFCFACEOUTERBOUND(#14992,.T.);
#14994=IFCFACE((#14993));
#14995=IFCPOLYLOOP((#13621,#13668,#13584));
#14996=IFCFACEOUTERBOUND(#14995,.T.);
#14997=IFCFACE((#14996));
#14998=IFCPOLYLOOP((#13621,#13584,#13666,#13542));
#14999=IFCFACEOUTERBOUND(#14998,.T.);
#15000=IFCFACE((#14999));
#15001=IFCPOLYLOOP((#13619,#13663,#13582));
#15002=IFCFACEOUTERBOUND(#15001,.T.);
#15003=IFCFACE((#15002));
#15004=IFCPOLYLOOP((#13563,#13560,#13433));
#15005=IFCFACEOUTERBOUND(#15004,.T.);
#15006=IFCFACE((#15005));
#15007=IFCPOLYLOOP((#13567,#13568,#13550));
#15008=IFCFACEOUTERBOUND(#15007,.T.);
#15009=IFCFACE((#15008));
#15010=IFCPOLYLOOP((#13569,#13600,#13544));
#15011=IFCFACEOUTERBOUND(#15010,.T.);
#15012=IFCFACE((#15011));
#15013=IFCPOLYLOOP((#13547,#13563,#13566));
#15014=IFCFACEOUTERBOUND(#15013,.T.);
#15015=IFCFACE((#15014));
#15016=IFCPOLYLOOP((#13545,#13600,#13569));
#15017=IFCFACEOUTERBOUND(#15016,.T.);
#15018=IFCFACE((#15017));
#15019=IFCPOLYLOOP((#13520,#13568,#13567));
#15020=IFCFACEOUTERBOUND(#15019,.T.);
#15021=IFCFACE((#15020));
#15022=IFCPOLYLOOP((#13596,#13597,#13553));
#15023=IFCFACEOUTERBOUND(#15022,.T.);
#15024=IFCFACE((#15023));
#15025=IFCPOLYLOOP((#13623,#13586,#13671,#13552));
#15026=IFCFACEOUTERBOUND(#15025,.T.);
#15027=IFCFACE((#15026));
#15028=IFCPOLYLOOP((#13596,#13595,#13594));
#15029=IFCFACEOUTERBOUND(#15028,.T.);
#15030=IFCFACE((#15029));
#15031=IFCPOLYLOOP((#13688,#13689,#13633));
#15032=IFCFACEOUTERBOUND(#15031,.T.);
#15033=IFCFACE((#15032));
#15034=IFCPOLYLOOP((#13679,#13675,#13624));
#15035=IFCFACEOUTERBOUND(#15034,.T.);
#15036=IFCFACE((#15035));
#15037=IFCPOLYLOOP((#13677,#13635,#13607));
#15038=IFCFACEOUTERBOUND(#15037,.T.);
#15039=IFCFACE((#15038));
#15040=IFCPOLYLOOP((#13615,#13653,#13578));
#15041=IFCFACEOUTERBOUND(#15040,.T.);
#15042=IFCFACE((#15041));
#15043=IFCPOLYLOOP((#13615,#13578,#13651,#13558));
#15044=IFCFACEOUTERBOUND(#15043,.T.);
#15045=IFCFACE((#15044));
#15046=IFCPOLYLOOP((#13525,#13643,#13691,#13690));
#15047=IFCFACEOUTERBOUND(#15046,.T.);
#15048=IFCFACE((#15047));
#15049=IFCPOLYLOOP((#13560,#13434,#13433));
#15050=IFCFACEOUTERBOUND(#15049,.T.);
#15051=IFCFACE((#15050));
#15052=IFCPOLYLOOP((#13520,#13521,#13561));
#15053=IFCFACEOUTERBOUND(#15052,.T.);
#15054=IFCFACE((#15053));
#15055=IFCPOLYLOOP((#13562,#13563,#13433));
#15056=IFCFACEOUTERBOUND(#15055,.T.);
#15057=IFCFACE((#15056));
#15058=IFCPOLYLOOP((#13547,#13560,#13563));
#15059=IFCFACEOUTERBOUND(#15058,.T.);
#15060=IFCFACE((#15059));
#15061=IFCPOLYLOOP((#13566,#13534,#13565,#13547));
#15062=IFCFACEOUTERBOUND(#15061,.T.);
#15063=IFCFACE((#15062));
#15064=IFCPOLYLOOP((#13566,#13563,#13564));
#15065=IFCFACEOUTERBOUND(#15064,.T.);
#15066=IFCFACE((#15065));
#15067=IFCPOLYLOOP((#13688,#13638,#13610));
#15068=IFCFACEOUTERBOUND(#15067,.T.);
#15069=IFCFACE((#15068));
#15070=IFCPOLYLOOP((#13568,#13520,#13561));
#15071=IFCFACEOUTERBOUND(#15070,.T.);
#15072=IFCFACE((#15071));
#15073=IFCPOLYLOOP((#13561,#13549,#13568));
#15074=IFCFACEOUTERBOUND(#15073,.T.);
#15075=IFCFACE((#15074));
#15076=IFCPOLYLOOP((#13569,#13568,#13549));
#15077=IFCFACEOUTERBOUND(#15076,.T.);
#15078=IFCFACE((#15077));
#15079=IFCPOLYLOOP((#13545,#13569,#13549));
#15080=IFCFACEOUTERBOUND(#15079,.T.);
#15081=IFCFACE((#15080));
#15082=IFCPOLYLOOP((#13569,#13544,#13609,#13550));
#15083=IFCFACEOUTERBOUND(#15082,.T.);
#15084=IFCFACE((#15083));
#15085=IFCPOLYLOOP((#13566,#13571,#13534));
#15086=IFCFACEOUTERBOUND(#15085,.T.);
#15087=IFCFACE((#15086));
#15088=IFCPOLYLOOP((#13571,#13535,#13592));
#15089=IFCFACEOUTERBOUND(#15088,.T.);
#15090=IFCFACE((#15089));
#15091=IFCPOLYLOOP((#13591,#13532,#13593));
#15092=IFCFACEOUTERBOUND(#15091,.T.);
#15093=IFCFACE((#15092));
#15094=IFCPOLYLOOP((#13591,#13533,#13572));
#15095=IFCFACEOUTERBOUND(#15094,.T.);
#15096=IFCFACE((#15095));
#15097=IFCPOLYLOOP((#13571,#13599,#13534));
#15098=IFCFACEOUTERBOUND(#15097,.T.);
#15099=IFCFACE((#15098));
#15100=IFCPOLYLOOP((#13611,#13573,#13640,#13538));
#15101=IFCFACEOUTERBOUND(#15100,.T.);
#15102=IFCFACE((#15101));
#15103=IFCPOLYLOOP((#13691,#13643,#13612));
#15104=IFCFACEOUTERBOUND(#15103,.T.);
#15105=IFCFACE((#15104));
#15106=IFCPOLYLOOP((#13613,#13575,#13645));
#15107=IFCFACEOUTERBOUND(#15106,.T.);
#15108=IFCFACE((#15107));
#15109=IFCPOLYLOOP((#13649,#13653,#13652,#13577));
#15110=IFCFACEOUTERBOUND(#15109,.T.);
#15111=IFCFACE((#15110));
#15112=IFCPOLYLOOP((#13653,#13649,#13614));
#15113=IFCFACEOUTERBOUND(#15112,.T.);
#15114=IFCFACE((#15113));
#15115=IFCPOLYLOOP((#13616,#13527,#13654,#13579));
#15116=IFCFACEOUTERBOUND(#15115,.T.);
#15117=IFCFACE((#15116));
#15118=IFCPOLYLOOP((#13617,#13579,#13656,#13531));
#15119=IFCFACEOUTERBOUND(#15118,.T.);
#15120=IFCFACE((#15119));
#15121=IFCPOLYLOOP((#13581,#13618,#13663));
#15122=IFCFACEOUTERBOUND(#15121,.T.);
#15123=IFCFACE((#15122));
#15124=IFCPOLYLOOP((#13618,#13581,#13659,#13523));
#15125=IFCFACEOUTERBOUND(#15124,.T.);
#15126=IFCFACE((#15125));
#15127=IFCPOLYLOOP((#13664,#13668,#13667,#13583));
#15128=IFCFACEOUTERBOUND(#15127,.T.);
#15129=IFCFACE((#15128));
#15130=IFCPOLYLOOP((#13668,#13664,#13620));
#15131=IFCFACEOUTERBOUND(#15130,.T.);
#15132=IFCFACE((#15131));
#15133=IFCPOLYLOOP((#13585,#13622,#13673));
#15134=IFCFACEOUTERBOUND(#15133,.T.);
#15135=IFCFACE((#15134));
#15136=IFCPOLYLOOP((#13622,#13585,#13669,#13526));
#15137=IFCFACEOUTERBOUND(#15136,.T.);
#15138=IFCFACE((#15137));
#15139=IFCPOLYLOOP((#13624,#13524,#13674,#13587));
#15140=IFCFACEOUTERBOUND(#15139,.T.);
#15141=IFCFACE((#15140));
#15142=IFCPOLYLOOP((#13625,#13587,#13676,#13555));
#15143=IFCFACEOUTERBOUND(#15142,.T.);
#15144=IFCFACE((#15143));
#15145=IFCPOLYLOOP((#13626,#13531,#13680,#13589));
#15146=IFCFACEOUTERBOUND(#15145,.T.);
#15147=IFCFACE((#15146));
#15148=IFCPOLYLOOP((#13627,#13589,#13683,#13528));
#15149=IFCFACEOUTERBOUND(#15148,.T.);
#15150=IFCFACE((#15149));
#15151=IFCPOLYLOOP((#13599,#13591,#13572));
#15152=IFCFACEOUTERBOUND(#15151,.T.);
#15153=IFCFACE((#15152));
#15154=IFCPOLYLOOP((#13591,#13570,#13628,#13532));
#15155=IFCFACEOUTERBOUND(#15154,.T.);
#15156=IFCFACE((#15155));
#15157=IFCPOLYLOOP((#13597,#13552,#13629,#13553));
#15158=IFCFACEOUTERBOUND(#15157,.T.);
#15159=IFCFACE((#15158));
#15160=IFCPOLYLOOP((#13599,#13592,#13570));
#15161=IFCFACEOUTERBOUND(#15160,.T.);
#15162=IFCFACE((#15161));
#15163=IFCPOLYLOOP((#13596,#13598,#13593));
#15164=IFCFACEOUTERBOUND(#15163,.T.);
#15165=IFCFACE((#15164));
#15166=IFCPOLYLOOP((#13593,#13595,#13596));
#15167=IFCFACEOUTERBOUND(#15166,.T.);
#15168=IFCFACE((#15167));
#15169=IFCPOLYLOOP((#13593,#13532,#13595));
#15170=IFCFACEOUTERBOUND(#15169,.T.);
#15171=IFCFACE((#15170));
#15172=IFCPOLYLOOP((#13596,#13594,#13597));
#15173=IFCFACEOUTERBOUND(#15172,.T.);
#15174=IFCFACE((#15173));
#15175=IFCPOLYLOOP((#13534,#13599,#13572));
#15176=IFCFACEOUTERBOUND(#15175,.T.);
#15177=IFCFACE((#15176));
#15178=IFCPOLYLOOP((#13597,#13594,#13630,#13551));
#15179=IFCFACEOUTERBOUND(#15178,.T.);
#15180=IFCFACE((#15179));
#15181=IFCPOLYLOOP((#13623,#13597,#13551));
#15182=IFCFACEOUTERBOUND(#15181,.T.);
#15183=IFCFACE((#15182));
#15184=IFCPOLYLOOP((#13598,#13596,#13553));
#15185=IFCFACEOUTERBOUND(#15184,.T.);
#15186=IFCFACE((#15185));
#15187=IFCPOLYLOOP((#13598,#13533,#13593));
#15188=IFCFACEOUTERBOUND(#15187,.T.);
#15189=IFCFACE((#15188));
#15190=IFCPOLYLOOP((#13592,#13599,#13571));
#15191=IFCFACEOUTERBOUND(#15190,.T.);
#15192=IFCFACE((#15191));
#15193=IFCPOLYLOOP((#13603,#13605,#13546));
#15194=IFCFACEOUTERBOUND(#15193,.T.);
#15195=IFCFACE((#15194));
#15196=IFCPOLYLOOP((#13546,#13604,#13603));
#15197=IFCFACEOUTERBOUND(#15196,.T.);
#15198=IFCFACE((#15197));
#15199=IFCPOLYLOOP((#13603,#13604,#13601));
#15200=IFCFACEOUTERBOUND(#15199,.T.);
#15201=IFCFACE((#15200));
#15202=IFCPOLYLOOP((#13605,#13603,#13600));
#15203=IFCFACEOUTERBOUND(#15202,.T.);
#15204=IFCFACE((#15203));
#15205=IFCPOLYLOOP((#13602,#13544,#13600));
#15206=IFCFACEOUTERBOUND(#15205,.T.);
#15207=IFCFACE((#15206));
#15208=IFCPOLYLOOP((#13604,#13546,#13631,#13529));
#15209=IFCFACEOUTERBOUND(#15208,.T.);
#15210=IFCFACE((#15209));
#15211=IFCPOLYLOOP((#13681,#13686,#13590));
#15212=IFCFACEOUTERBOUND(#15211,.T.);
#15213=IFCFACE((#15212));
#15214=IFCPOLYLOOP((#13684,#13632,#13604));
#15215=IFCFACEOUTERBOUND(#15214,.T.);
#15216=IFCFACE((#15215));
#15217=IFCPOLYLOOP((#13600,#13545,#13605));
#15218=IFCFACEOUTERBOUND(#15217,.T.);
#15219=IFCFACE((#15218));
#15220=IFCPOLYLOOP((#13675,#13679,#13588));
#15221=IFCFACEOUTERBOUND(#15220,.T.);
#15222=IFCFACE((#15221));
#15223=IFCPOLYLOOP((#13607,#13606,#13634,#13554));
#15224=IFCFACEOUTERBOUND(#15223,.T.);
#15225=IFCFACE((#15224));
#15226=IFCPOLYLOOP((#13633,#13607,#13556));
#15227=IFCFACEOUTERBOUND(#15226,.T.);
#15228=IFCFACE((#15227));
#15229=IFCPOLYLOOP((#13573,#13611,#13642));
#15230=IFCFACEOUTERBOUND(#15229,.T.);
#15231=IFCFACE((#15230));
#15232=IFCPOLYLOOP((#13637,#13608,#13693,#13557));
#15233=IFCFACEOUTERBOUND(#15232,.T.);
#15234=IFCFACE((#15233));
#15235=IFCPOLYLOOP((#13522,#13691,#13612));
#15236=IFCFACEOUTERBOUND(#15235,.T.);
#15237=IFCFACE((#15236));
#15238=IFCPOLYLOOP((#13644,#13648,#13647,#13576));
#15239=IFCFACEOUTERBOUND(#15238,.T.);
#15240=IFCFACE((#15239));
#15241=IFCPOLYLOOP((#13611,#13641,#13642));
#15242=IFCFACEOUTERBOUND(#15241,.T.);
#15243=IFCFACE((#15242));
#15244=IFCPOLYLOOP((#13575,#13613,#13648));
#15245=IFCFACEOUTERBOUND(#15244,.T.);
#15246=IFCFACE((#15245));
#15247=IFCPOLYLOOP((#13691,#13522,#13636));
#15248=IFCFACEOUTERBOUND(#15247,.T.);
#15249=IFCFACE((#15248));
#15250=IFCPOLYLOOP((#13645,#13646,#13613));
#15251=IFCFACEOUTERBOUND(#15250,.T.);
#15252=IFCFACE((#15251));
#15253=IFCPOLYLOOP((#13613,#13647,#13648));
#15254=IFCFACEOUTERBOUND(#15253,.T.);
#15255=IFCFACE((#15254));
#15256=IFCPOLYLOOP((#13620,#13614,#13541));
#15257=IFCFACEOUTERBOUND(#15256,.T.);
#15258=IFCFACE((#15257));
#15259=IFCPOLYLOOP((#13614,#13540,#13650,#13578));
#15260=IFCFACEOUTERBOUND(#15259,.T.);
#15261=IFCFACE((#15260));
#15262=IFCPOLYLOOP((#13637,#13615,#13558));
#15263=IFCFACEOUTERBOUND(#15262,.T.);
#15264=IFCFACE((#15263));
#15265=IFCPOLYLOOP((#13615,#13557,#13652));
#15266=IFCFACEOUTERBOUND(#15265,.T.);
#15267=IFCFACE((#15266));
#15268=IFCPOLYLOOP((#13579,#13617,#13658));
#15269=IFCFACEOUTERBOUND(#15268,.T.);
#15270=IFCFACE((#15269));
#15271=IFCPOLYLOOP((#13624,#13616,#13524));
#15272=IFCFACEOUTERBOUND(#15271,.T.);
#15273=IFCFACE((#15272));
#15274=IFCPOLYLOOP((#13531,#13626,#13682));
#15275=IFCFACEOUTERBOUND(#15274,.T.);
#15276=IFCFACE((#15275));
#15277=IFCPOLYLOOP((#13658,#13617,#13580));
#15278=IFCFACEOUTERBOUND(#15277,.T.);
#15279=IFCFACE((#15278));
#15280=IFCPOLYLOOP((#13622,#13618,#13523));
#15281=IFCFACEOUTERBOUND(#15280,.T.);
#15282=IFCFACE((#15281));
#15283=IFCPOLYLOOP((#13618,#13526,#13660));
#15284=IFCFACEOUTERBOUND(#15283,.T.);
#15285=IFCFACE((#15284));
#15286=IFCPOLYLOOP((#13621,#13619,#13543));
#15287=IFCFACEOUTERBOUND(#15286,.T.);
#15288=IFCFACE((#15287));
#15289=IFCPOLYLOOP((#13619,#13542,#13662));
#15290=IFCFACEOUTERBOUND(#15289,.T.);
#15291=IFCFACE((#15290));
#15292=IFCPOLYLOOP((#13614,#13620,#13540));
#15293=IFCFACEOUTERBOUND(#15292,.T.);
#15294=IFCFACE((#15293));
#15295=IFCPOLYLOOP((#13620,#13541,#13665));
#15296=IFCFACEOUTERBOUND(#15295,.T.);
#15297=IFCFACE((#15296));
#15298=IFCPOLYLOOP((#13619,#13621,#13542));
#15299=IFCFACEOUTERBOUND(#15298,.T.);
#15300=IFCFACE((#15299));
#15301=IFCPOLYLOOP((#13621,#13543,#13667));
#15302=IFCFACEOUTERBOUND(#15301,.T.);
#15303=IFCFACE((#15302));
#15304=IFCPOLYLOOP((#13618,#13622,#13526));
#15305=IFCFACEOUTERBOUND(#15304,.T.);
#15306=IFCFACE((#15305));
#15307=IFCPOLYLOOP((#13622,#13523,#13670));
#15308=IFCFACEOUTERBOUND(#15307,.T.);
#15309=IFCFACE((#15308));
#15310=IFCPOLYLOOP((#13597,#13623,#13552));
#15311=IFCFACEOUTERBOUND(#15310,.T.);
#15312=IFCFACE((#15311));
#15313=IFCPOLYLOOP((#13623,#13551,#13672));
#15314=IFCFACEOUTERBOUND(#15313,.T.);
#15315=IFCFACE((#15314));
#15316=IFCPOLYLOOP((#13587,#13625,#13679));
#15317=IFCFACEOUTERBOUND(#15316,.T.);
#15318=IFCFACE((#15317));
#15319=IFCPOLYLOOP((#13616,#13624,#13527));
#15320=IFCFACEOUTERBOUND(#15319,.T.);
#15321=IFCFACE((#15320));
#15322=IFCPOLYLOOP((#13625,#13555,#13677));
#15323=IFCFACEOUTERBOUND(#15322,.T.);
#15324=IFCFACE((#15323));
#15325=IFCPOLYLOOP((#13679,#13625,#13588));
#15326=IFCFACEOUTERBOUND(#15325,.T.);
#15327=IFCFACE((#15326));
#15328=IFCPOLYLOOP((#13589,#13627,#13686));
#15329=IFCFACEOUTERBOUND(#15328,.T.);
#15330=IFCFACE((#15329));
#15331=IFCPOLYLOOP((#13682,#13626,#13530));
#15332=IFCFACEOUTERBOUND(#15331,.T.);
#15333=IFCFACE((#15332));
#15334=IFCPOLYLOOP((#13627,#13528,#13684));
#15335=IFCFACEOUTERBOUND(#15334,.T.);
#15336=IFCFACE((#15335));
#15337=IFCPOLYLOOP((#13686,#13627,#13590));
#15338=IFCFACEOUTERBOUND(#15337,.T.);
#15339=IFCFACE((#15338));
#15340=IFCPOLYLOOP((#13687,#13688,#13633));
#15341=IFCFACEOUTERBOUND(#15340,.T.);
#15342=IFCFACE((#15341));
#15343=IFCPOLYLOOP((#13632,#13601,#13604));
#15344=IFCFACEOUTERBOUND(#15343,.T.);
#15345=IFCFACE((#15344));
#15346=IFCPOLYLOOP((#13607,#13633,#13606));
#15347=IFCFACEOUTERBOUND(#15346,.T.);
#15348=IFCFACE((#15347));
#15349=IFCPOLYLOOP((#13636,#13522,#13692,#13608));
#15350=IFCFACEOUTERBOUND(#15349,.T.);
#15351=IFCFACE((#15350));
#15352=IFCPOLYLOOP((#13635,#13556,#13607));
#15353=IFCFACEOUTERBOUND(#15352,.T.);
#15354=IFCFACE((#15353));
#15355=IFCPOLYLOOP((#13695,#13608,#13637));
#15356=IFCFACEOUTERBOUND(#15355,.T.);
#15357=IFCFACE((#15356));
#15358=IFCPOLYLOOP((#13615,#13637,#13557));
#15359=IFCFACEOUTERBOUND(#15358,.T.);
#15360=IFCFACE((#15359));
#15361=IFCPOLYLOOP((#13637,#13558,#13694));
#15362=IFCFACEOUTERBOUND(#15361,.T.);
#15363=IFCFACE((#15362));
#15364=IFCPOLYLOOP((#13639,#13642,#13641,#13574));
#15365=IFCFACEOUTERBOUND(#15364,.T.);
#15366=IFCFACE((#15365));
#15367=IFCPOLYLOOP((#13638,#13573,#13610));
#15368=IFCFACEOUTERBOUND(#15367,.T.);
#15369=IFCFACE((#15368));
#15370=IFCPOLYLOOP((#13639,#13536,#13610));
#15371=IFCFACEOUTERBOUND(#15370,.T.);
#15372=IFCFACE((#15371));
#15373=IFCPOLYLOOP((#13573,#13642,#13610));
#15374=IFCFACEOUTERBOUND(#15373,.T.);
#15375=IFCFACE((#15374));
#15376=IFCPOLYLOOP((#13641,#13646,#13645,#13539));
#15377=IFCFACEOUTERBOUND(#15376,.T.);
#15378=IFCFACE((#15377));
#15379=IFCPOLYLOOP((#13575,#13612,#13643));
#15380=IFCFACEOUTERBOUND(#15379,.T.);
#15381=IFCFACE((#15380));
#15382=IFCPOLYLOOP((#13644,#13522,#13612));
#15383=IFCFACEOUTERBOUND(#15382,.T.);
#15384=IFCFACE((#15383));
#15385=IFCPOLYLOOP((#13538,#13646,#13611));
#15386=IFCFACEOUTERBOUND(#15385,.T.);
#15387=IFCFACE((#15386));
#15388=IFCPOLYLOOP((#13538,#13613,#13646));
#15389=IFCFACEOUTERBOUND(#15388,.T.);
#15390=IFCFACE((#15389));
#15391=IFCPOLYLOOP((#13575,#13648,#13612));
#15392=IFCFACEOUTERBOUND(#15391,.T.);
#15393=IFCFACE((#15392));
#15394=IFCPOLYLOOP((#13578,#13653,#13614));
#15395=IFCFACEOUTERBOUND(#15394,.T.);
#15396=IFCFACE((#15395));
#15397=IFCPOLYLOOP((#13649,#13541,#13614));
#15398=IFCFACEOUTERBOUND(#15397,.T.);
#15399=IFCFACE((#15398));
#15400=IFCPOLYLOOP((#13652,#13653,#13615));
#15401=IFCFACEOUTERBOUND(#15400,.T.);
#15402=IFCFACE((#15401));
#15403=IFCPOLYLOOP((#13655,#13658,#13580));
#15404=IFCFACEOUTERBOUND(#15403,.T.);
#15405=IFCFACE((#15404));
#15406=IFCPOLYLOOP((#13655,#13524,#13616));
#15407=IFCFACEOUTERBOUND(#15406,.T.);
#15408=IFCFACE((#15407));
#15409=IFCPOLYLOOP((#13657,#13580,#13617));
#15410=IFCFACEOUTERBOUND(#15409,.T.);
#15411=IFCFACE((#15410));
#15412=IFCPOLYLOOP((#13579,#13658,#13616));
#15413=IFCFACEOUTERBOUND(#15412,.T.);
#15414=IFCFACE((#15413));
#15415=IFCPOLYLOOP((#13663,#13618,#13660));
#15416=IFCFACEOUTERBOUND(#15415,.T.);
#15417=IFCFACE((#15416));
#15418=IFCPOLYLOOP((#13663,#13660,#13582));
#15419=IFCFACEOUTERBOUND(#15418,.T.);
#15420=IFCFACE((#15419));
#15421=IFCPOLYLOOP((#13663,#13662,#13581));
#15422=IFCFACEOUTERBOUND(#15421,.T.);
#15423=IFCFACE((#15422));
#15424=IFCPOLYLOOP((#13662,#13663,#13619));
#15425=IFCFACEOUTERBOUND(#15424,.T.);
#15426=IFCFACE((#15425));
#15427=IFCPOLYLOOP((#13668,#13620,#13665));
#15428=IFCFACEOUTERBOUND(#15427,.T.);
#15429=IFCFACE((#15428));
#15430=IFCPOLYLOOP((#13540,#13620,#13664));
#15431=IFCFACEOUTERBOUND(#15430,.T.);
#15432=IFCFACE((#15431));
#15433=IFCPOLYLOOP((#13668,#13665,#13584));
#15434=IFCFACEOUTERBOUND(#15433,.T.);
#15435=IFCFACE((#15434));
#15436=IFCPOLYLOOP((#13667,#13668,#13621));
#15437=IFCFACEOUTERBOUND(#15436,.T.);
#15438=IFCFACE((#15437));
#15439=IFCPOLYLOOP((#13673,#13622,#13670));
#15440=IFCFACEOUTERBOUND(#15439,.T.);
#15441=IFCFACE((#15440));
#15442=IFCPOLYLOOP((#13673,#13670,#13586));
#15443=IFCFACEOUTERBOUND(#15442,.T.);
#15444=IFCFACE((#15443));
#15445=IFCPOLYLOOP((#13673,#13672,#13585));
#15446=IFCFACEOUTERBOUND(#15445,.T.);
#15447=IFCFACE((#15446));
#15448=IFCPOLYLOOP((#13672,#13673,#13623));
#15449=IFCFACEOUTERBOUND(#15448,.T.);
#15450=IFCFACE((#15449));
#15451=IFCPOLYLOOP((#13635,#13677,#13555));
#15452=IFCFACEOUTERBOUND(#15451,.T.);
#15453=IFCFACE((#15452));
#15454=IFCPOLYLOOP((#13675,#13527,#13624));
#15455=IFCFACEOUTERBOUND(#15454,.T.);
#15456=IFCFACE((#15455));
#15457=IFCPOLYLOOP((#13554,#13677,#13607));
#15458=IFCFACEOUTERBOUND(#15457,.T.);
#15459=IFCFACE((#15458));
#15460=IFCPOLYLOOP((#13678,#13677,#13554));
#15461=IFCFACEOUTERBOUND(#15460,.T.);
#15462=IFCFACE((#15461));
#15463=IFCPOLYLOOP((#13678,#13588,#13625));
#15464=IFCFACEOUTERBOUND(#15463,.T.);
#15465=IFCFACE((#15464));
#15466=IFCPOLYLOOP((#13587,#13679,#13624));
#15467=IFCFACEOUTERBOUND(#15466,.T.);
#15468=IFCFACE((#15467));
#15469=IFCPOLYLOOP((#13657,#13682,#13530));
#15470=IFCFACEOUTERBOUND(#15469,.T.);
#15471=IFCFACE((#15470));
#15472=IFCPOLYLOOP((#13681,#13530,#13626));
#15473=IFCFACEOUTERBOUND(#15472,.T.);
#15474=IFCFACE((#15473));
#15475=IFCPOLYLOOP((#13531,#13682,#13617));
#15476=IFCFACEOUTERBOUND(#15475,.T.);
#15477=IFCFACE((#15476));
#15478=IFCPOLYLOOP((#13632,#13684,#13528));
#15479=IFCFACEOUTERBOUND(#15478,.T.);
#15480=IFCFACE((#15479));
#15481=IFCPOLYLOOP((#13529,#13684,#13604));
#15482=IFCFACEOUTERBOUND(#15481,.T.);
#15483=IFCFACE((#15482));
#15484=IFCPOLYLOOP((#13685,#13684,#13529));
#15485=IFCFACEOUTERBOUND(#15484,.T.);
#15486=IFCFACE((#15485));
#15487=IFCPOLYLOOP((#13685,#13590,#13627));
#15488=IFCFACEOUTERBOUND(#15487,.T.);
#15489=IFCFACE((#15488));
#15490=IFCPOLYLOOP((#13589,#13686,#13626));
#15491=IFCFACEOUTERBOUND(#15490,.T.);
#15492=IFCFACE((#15491));
#15493=IFCPOLYLOOP((#13638,#13688,#13687,#13537));
#15494=IFCFACEOUTERBOUND(#15493,.T.);
#15495=IFCFACE((#15494));
#15496=IFCPOLYLOOP((#13536,#13688,#13610));
#15497=IFCFACEOUTERBOUND(#15496,.T.);
#15498=IFCFACE((#15497));
#15499=IFCPOLYLOOP((#13689,#13688,#13536));
#15500=IFCFACEOUTERBOUND(#15499,.T.);
#15501=IFCFACE((#15500));
#15502=IFCPOLYLOOP((#13689,#13606,#13633));
#15503=IFCFACEOUTERBOUND(#15502,.T.);
#15504=IFCFACE((#15503));
#15505=IFCPOLYLOOP((#13690,#13691,#13636));
#15506=IFCFACEOUTERBOUND(#15505,.T.);
#15507=IFCFACE((#15506));
#15508=IFCPOLYLOOP((#13608,#13695,#13636));
#15509=IFCFACEOUTERBOUND(#15508,.T.);
#15510=IFCFACE((#15509));
#15511=IFCPOLYLOOP((#13694,#13695,#13637));
#15512=IFCFACEOUTERBOUND(#15511,.T.);
#15513=IFCFACE((#15512));
#15514=IFCPOLYLOOP((#13465,#13434,#13560,#13547,#13565,#13534,#13572,#13533,#13598,#13553,#13629,#13552,#13671,#13586,#13670,#13523,#13659,#13581,#13662,#13542,#13666,#13584,#13665,#13541,#13649,#13577,#13652,#13557,#13693,#13608,#13692,#13522,#13644,#13576,#13647,#13538,#13640,#13573,#13638,#13537,#13687,#13556,#13635,#13555,#13676,#13587,#13674,#13524,#13655,#13580,#13657,#13530,#13681,#13590,#13685,#13529,#13631,#13546,#13605,#13545,#13549,#13561,#13521,#13696));
#15515=IFCFACEOUTERBOUND(#15514,.T.);
#15516=IFCFACE((#15515));
#15517=IFCPOLYLOOP((#13696,#13466,#13465));
#15518=IFCFACEOUTERBOUND(#15517,.T.);
#15519=IFCFACE((#15518));
#15520=IFCPOLYLOOP((#13466,#13696,#13178));
#15521=IFCFACEOUTERBOUND(#15520,.T.);
#15522=IFCFACE((#15521));
#15523=IFCPOLYLOOP((#13416,#13178,#13696));
#15524=IFCFACEOUTERBOUND(#15523,.T.);
#15525=IFCFACE((#15524));
#15526=IFCPOLYLOOP((#13178,#13416,#13417));
#15527=IFCFACEOUTERBOUND(#15526,.T.);
#15528=IFCFACE((#15527));
#15529=IFCPOLYLOOP((#13179,#13417,#13465));
#15530=IFCFACEOUTERBOUND(#15529,.T.);
#15531=IFCFACE((#15530));
#15532=IFCPOLYLOOP((#13417,#13179,#13178));
#15533=IFCFACEOUTERBOUND(#15532,.T.);
#15534=IFCFACE((#15533));
#15535=IFCPOLYLOOP((#13418,#13465,#13466));
#15536=IFCFACEOUTERBOUND(#15535,.T.);
#15537=IFCFACE((#15536));
#15538=IFCPOLYLOOP((#13465,#13418,#13179));
#15539=IFCFACEOUTERBOUND(#15538,.T.);
#15540=IFCFACE((#15539));
#15541=IFCPOLYLOOP((#13467,#13466,#13178,#13177));
#15542=IFCFACEOUTERBOUND(#15541,.T.);
#15543=IFCFACE((#15542));
#15544=IFCPOLYLOOP((#13467,#13468,#13419));
#15545=IFCFACEOUTERBOUND(#15544,.T.);
#15546=IFCFACE((#15545));
#15547=IFCPOLYLOOP((#13468,#13467,#13182));
#15548=IFCFACEOUTERBOUND(#15547,.T.);
#15549=IFCFACE((#15548));
#15550=IFCPOLYLOOP((#13177,#13182,#13467));
#15551=IFCFACEOUTERBOUND(#15550,.T.);
#15552=IFCFACE((#15551));
#15553=IFCPOLYLOOP((#13182,#13177,#13180));
#15554=IFCFACEOUTERBOUND(#15553,.T.);
#15555=IFCFACE((#15554));
#15556=IFCPOLYLOOP((#13183,#13180,#13419));
#15557=IFCFACEOUTERBOUND(#15556,.T.);
#15558=IFCFACE((#15557));
#15559=IFCPOLYLOOP((#13180,#13183,#13182));
#15560=IFCFACEOUTERBOUND(#15559,.T.);
#15561=IFCFACE((#15560));
#15562=IFCPOLYLOOP((#13420,#13419,#13468));
#15563=IFCFACEOUTERBOUND(#15562,.T.);
#15564=IFCFACE((#15563));
#15565=IFCPOLYLOOP((#13419,#13420,#13183));
#15566=IFCFACEOUTERBOUND(#15565,.T.);
#15567=IFCFACE((#15566));
#15568=IFCPOLYLOOP((#13469,#13468,#13182,#13181,#13697,#13699));
#15569=IFCFACEOUTERBOUND(#15568,.T.);
#15570=IFCFACE((#15569));
#15571=IFCPOLYLOOP((#13700,#13702,#13698,#13701));
#15572=IFCFACEOUTERBOUND(#15571,.T.);
#15573=IFCFACE((#15572));
#15574=IFCPOLYLOOP((#13701,#13470,#13703));
#15575=IFCFACEOUTERBOUND(#15574,.T.);
#15576=IFCFACE((#15575));
#15577=IFCPOLYLOOP((#13181,#13186,#13704));
#15578=IFCFACEOUTERBOUND(#15577,.T.);
#15579=IFCFACE((#15578));
#15580=IFCPOLYLOOP((#13700,#13697,#13704));
#15581=IFCFACEOUTERBOUND(#15580,.T.);
#15582=IFCFACE((#15581));
#15583=IFCPOLYLOOP((#13469,#13699,#13703));
#15584=IFCFACEOUTERBOUND(#15583,.T.);
#15585=IFCFACE((#15584));
#15586=IFCPOLYLOOP((#13700,#13699,#13697));
#15587=IFCFACEOUTERBOUND(#15586,.T.);
#15588=IFCFACE((#15587));
#15589=IFCPOLYLOOP((#13702,#13700,#13704));
#15590=IFCFACEOUTERBOUND(#15589,.T.);
#15591=IFCFACE((#15590));
#15592=IFCPOLYLOOP((#13701,#13703,#13700));
#15593=IFCFACEOUTERBOUND(#15592,.T.);
#15594=IFCFACE((#15593));
#15595=IFCPOLYLOOP((#13703,#13699,#13700));
#15596=IFCFACEOUTERBOUND(#15595,.T.);
#15597=IFCFACE((#15596));
#15598=IFCPOLYLOOP((#13701,#13471,#13470));
#15599=IFCFACEOUTERBOUND(#15598,.T.);
#15600=IFCFACE((#15599));
#15601=IFCPOLYLOOP((#13186,#13185,#13702));
#15602=IFCFACEOUTERBOUND(#15601,.T.);
#15603=IFCFACE((#15602));
#15604=IFCPOLYLOOP((#13469,#13703,#13470));
#15605=IFCFACEOUTERBOUND(#15604,.T.);
#15606=IFCFACE((#15605));
#15607=IFCPOLYLOOP((#13181,#13704,#13697));
#15608=IFCFACEOUTERBOUND(#15607,.T.);
#15609=IFCFACE((#15608));
#15610=IFCPOLYLOOP((#13702,#13704,#13186));
#15611=IFCFACEOUTERBOUND(#15610,.T.);
#15612=IFCFACE((#15611));
#15613=IFCPOLYLOOP((#13423,#13519,#13567));
#15614=IFCFACEOUTERBOUND(#15613,.T.);
#15615=IFCFACE((#15614));
#15616=IFCPOLYLOOP((#13432,#13188,#13428));
#15617=IFCFACEOUTERBOUND(#15616,.T.);
#15618=IFCFACE((#15617));
#15619=IFCPOLYLOOP((#13519,#13471,#13701));
#15620=IFCFACEOUTERBOUND(#15619,.T.);
#15621=IFCFACE((#15620));
#15622=IFCPOLYLOOP((#13519,#13423,#13484));
#15623=IFCFACEOUTERBOUND(#15622,.T.);
#15624=IFCFACE((#15623));
#15625=IFCPOLYLOOP((#13188,#13239,#13287));
#15626=IFCFACEOUTERBOUND(#15625,.T.);
#15627=IFCFACE((#15626));
#15628=IFCPOLYLOOP((#13188,#13432,#13446));
#15629=IFCFACEOUTERBOUND(#15628,.T.);
#15630=IFCFACE((#15629));
#15631=IFCPOLYLOOP((#13185,#13238,#13716));
#15632=IFCFACEOUTERBOUND(#15631,.T.);
#15633=IFCFACE((#15632));
#15634=IFCPOLYLOOP((#13238,#13185,#13201));
#15635=IFCFACEOUTERBOUND(#15634,.T.);
#15636=IFCFACE((#15635));
#15637=IFCPOLYLOOP((#13423,#13567,#13550));
#15638=IFCFACEOUTERBOUND(#15637,.T.);
#15639=IFCFACE((#15638));
#15640=IFCPOLYLOOP((#13423,#13550,#13609));
#15641=IFCFACEOUTERBOUND(#15640,.T.);
#15642=IFCFACE((#15641));
#15643=IFCPOLYLOOP((#13423,#13609,#13544));
#15644=IFCFACEOUTERBOUND(#15643,.T.);
#15645=IFCFACE((#15644));
#15646=IFCPOLYLOOP((#13423,#13544,#13602));
#15647=IFCFACEOUTERBOUND(#15646,.T.);
#15648=IFCFACE((#15647));
#15649=IFCPOLYLOOP((#13423,#13602,#13601));
#15650=IFCFACEOUTERBOUND(#15649,.T.);
#15651=IFCFACE((#15650));
#15652=IFCPOLYLOOP((#13423,#13601,#13632));
#15653=IFCFACEOUTERBOUND(#15652,.T.);
#15654=IFCFACE((#15653));
#15655=IFCPOLYLOOP((#13423,#13632,#13528));
#15656=IFCFACEOUTERBOUND(#15655,.T.);
#15657=IFCFACE((#15656));
#15658=IFCPOLYLOOP((#13423,#13528,#13683));
#15659=IFCFACEOUTERBOUND(#15658,.T.);
#15660=IFCFACE((#15659));
#15661=IFCPOLYLOOP((#13423,#13683,#13589));
#15662=IFCFACEOUTERBOUND(#15661,.T.);
#15663=IFCFACE((#15662));
#15664=IFCPOLYLOOP((#13423,#13589,#13680));
#15665=IFCFACEOUTERBOUND(#15664,.T.);
#15666=IFCFACE((#15665));
#15667=IFCPOLYLOOP((#13423,#13680,#13531));
#15668=IFCFACEOUTERBOUND(#15667,.T.);
#15669=IFCFACE((#15668));
#15670=IFCPOLYLOOP((#13423,#13531,#13656));
#15671=IFCFACEOUTERBOUND(#15670,.T.);
#15672=IFCFACE((#15671));
#15673=IFCPOLYLOOP((#13423,#13656,#13579));
#15674=IFCFACEOUTERBOUND(#15673,.T.);
#15675=IFCFACE((#15674));
#15676=IFCPOLYLOOP((#13423,#13579,#13654));
#15677=IFCFACEOUTERBOUND(#15676,.T.);
#15678=IFCFACE((#15677));
#15679=IFCPOLYLOOP((#13423,#13654,#13527));
#15680=IFCFACEOUTERBOUND(#15679,.T.);
#15681=IFCFACE((#15680));
#15682=IFCPOLYLOOP((#13423,#13527,#13675));
#15683=IFCFACEOUTERBOUND(#15682,.T.);
#15684=IFCFACE((#15683));
#15685=IFCPOLYLOOP((#13423,#13675,#13588));
#15686=IFCFACEOUTERBOUND(#15685,.T.);
#15687=IFCFACE((#15686));
#15688=IFCPOLYLOOP((#13423,#13588,#13678));
#15689=IFCFACEOUTERBOUND(#15688,.T.);
#15690=IFCFACE((#15689));
#15691=IFCPOLYLOOP((#13423,#13678,#13554));
#15692=IFCFACEOUTERBOUND(#15691,.T.);
#15693=IFCFACE((#15692));
#15694=IFCPOLYLOOP((#13423,#13554,#13634));
#15695=IFCFACEOUTERBOUND(#15694,.T.);
#15696=IFCFACE((#15695));
#15697=IFCPOLYLOOP((#13423,#13634,#13606));
#15698=IFCFACEOUTERBOUND(#15697,.T.);
#15699=IFCFACE((#15698));
#15700=IFCPOLYLOOP((#13423,#13606,#13689));
#15701=IFCFACEOUTERBOUND(#15700,.T.);
#15702=IFCFACE((#15701));
#15703=IFCPOLYLOOP((#13423,#13689,#13536));
#15704=IFCFACEOUTERBOUND(#15703,.T.);
#15705=IFCFACE((#15704));
#15706=IFCPOLYLOOP((#13423,#13536,#13639));
#15707=IFCFACEOUTERBOUND(#15706,.T.);
#15708=IFCFACE((#15707));
#15709=IFCPOLYLOOP((#13423,#13639,#13574));
#15710=IFCFACEOUTERBOUND(#15709,.T.);
#15711=IFCFACE((#15710));
#15712=IFCPOLYLOOP((#13423,#13574,#13641));
#15713=IFCFACEOUTERBOUND(#15712,.T.);
#15714=IFCFACE((#15713));
#15715=IFCPOLYLOOP((#13423,#13641,#13539));
#15716=IFCFACEOUTERBOUND(#15715,.T.);
#15717=IFCFACE((#15716));
#15718=IFCPOLYLOOP((#13423,#13539,#13645));
#15719=IFCFACEOUTERBOUND(#15718,.T.);
#15720=IFCFACE((#15719));
#15721=IFCPOLYLOOP((#13423,#13645,#13575));
#15722=IFCFACEOUTERBOUND(#15721,.T.);
#15723=IFCFACE((#15722));
#15724=IFCPOLYLOOP((#13423,#13575,#13643));
#15725=IFCFACEOUTERBOUND(#15724,.T.);
#15726=IFCFACE((#15725));
#15727=IFCPOLYLOOP((#13423,#13643,#13525));
#15728=IFCFACEOUTERBOUND(#15727,.T.);
#15729=IFCFACE((#15728));
#15730=IFCPOLYLOOP((#13423,#13525,#13690));
#15731=IFCFACEOUTERBOUND(#15730,.T.);
#15732=IFCFACE((#15731));
#15733=IFCPOLYLOOP((#13423,#13690,#13559));
#15734=IFCFACEOUTERBOUND(#15733,.T.);
#15735=IFCFACE((#15734));
#15736=IFCPOLYLOOP((#13423,#13559,#13694));
#15737=IFCFACEOUTERBOUND(#15736,.T.);
#15738=IFCFACE((#15737));
#15739=IFCPOLYLOOP((#13423,#13694,#13558));
#15740=IFCFACEOUTERBOUND(#15739,.T.);
#15741=IFCFACE((#15740));
#15742=IFCPOLYLOOP((#13423,#13558,#13651));
#15743=IFCFACEOUTERBOUND(#15742,.T.);
#15744=IFCFACE((#15743));
#15745=IFCPOLYLOOP((#13423,#13651,#13578));
#15746=IFCFACEOUTERBOUND(#15745,.T.);
#15747=IFCFACE((#15746));
#15748=IFCPOLYLOOP((#13423,#13578,#13650));
#15749=IFCFACEOUTERBOUND(#15748,.T.);
#15750=IFCFACE((#15749));
#15751=IFCPOLYLOOP((#13423,#13650,#13540));
#15752=IFCFACEOUTERBOUND(#15751,.T.);
#15753=IFCFACE((#15752));
#15754=IFCPOLYLOOP((#13423,#13540,#13664));
#15755=IFCFACEOUTERBOUND(#15754,.T.);
#15756=IFCFACE((#15755));
#15757=IFCPOLYLOOP((#13423,#13664,#13583));
#15758=IFCFACEOUTERBOUND(#15757,.T.);
#15759=IFCFACE((#15758));
#15760=IFCPOLYLOOP((#13423,#13583,#13667));
#15761=IFCFACEOUTERBOUND(#15760,.T.);
#15762=IFCFACE((#15761));
#15763=IFCPOLYLOOP((#13423,#13667,#13543));
#15764=IFCFACEOUTERBOUND(#15763,.T.);
#15765=IFCFACE((#15764));
#15766=IFCPOLYLOOP((#13423,#13543,#13661));
#15767=IFCFACEOUTERBOUND(#15766,.T.);
#15768=IFCFACE((#15767));
#15769=IFCPOLYLOOP((#13423,#13661,#13582));
#15770=IFCFACEOUTERBOUND(#15769,.T.);
#15771=IFCFACE((#15770));
#15772=IFCPOLYLOOP((#13423,#13582,#13660));
#15773=IFCFACEOUTERBOUND(#15772,.T.);
#15774=IFCFACE((#15773));
#15775=IFCPOLYLOOP((#13423,#13660,#13526));
#15776=IFCFACEOUTERBOUND(#15775,.T.);
#15777=IFCFACE((#15776));
#15778=IFCPOLYLOOP((#13423,#13526,#13669));
#15779=IFCFACEOUTERBOUND(#15778,.T.);
#15780=IFCFACE((#15779));
#15781=IFCPOLYLOOP((#13423,#13669,#13585));
#15782=IFCFACEOUTERBOUND(#15781,.T.);
#15783=IFCFACE((#15782));
#15784=IFCPOLYLOOP((#13423,#13585,#13672));
#15785=IFCFACEOUTERBOUND(#15784,.T.);
#15786=IFCFACE((#15785));
#15787=IFCPOLYLOOP((#13423,#13672,#13551));
#15788=IFCFACEOUTERBOUND(#15787,.T.);
#15789=IFCFACE((#15788));
#15790=IFCPOLYLOOP((#13423,#13551,#13630));
#15791=IFCFACEOUTERBOUND(#15790,.T.);
#15792=IFCFACE((#15791));
#15793=IFCPOLYLOOP((#13423,#13630,#13594));
#15794=IFCFACEOUTERBOUND(#15793,.T.);
#15795=IFCFACE((#15794));
#15796=IFCPOLYLOOP((#13423,#13594,#13595));
#15797=IFCFACEOUTERBOUND(#15796,.T.);
#15798=IFCFACE((#15797));
#15799=IFCPOLYLOOP((#13423,#13595,#13532));
#15800=IFCFACEOUTERBOUND(#15799,.T.);
#15801=IFCFACE((#15800));
#15802=IFCPOLYLOOP((#13423,#13532,#13628));
#15803=IFCFACEOUTERBOUND(#15802,.T.);
#15804=IFCFACE((#15803));
#15805=IFCPOLYLOOP((#13423,#13628,#13570));
#15806=IFCFACEOUTERBOUND(#15805,.T.);
#15807=IFCFACE((#15806));
#15808=IFCPOLYLOOP((#13423,#13570,#13592));
#15809=IFCFACEOUTERBOUND(#15808,.T.);
#15810=IFCFACE((#15809));
#15811=IFCPOLYLOOP((#13423,#13592,#13535));
#15812=IFCFACEOUTERBOUND(#15811,.T.);
#15813=IFCFACE((#15812));
#15814=IFCPOLYLOOP((#13423,#13535,#13564));
#15815=IFCFACEOUTERBOUND(#15814,.T.);
#15816=IFCFACE((#15815));
#15817=IFCPOLYLOOP((#13423,#13564,#13548));
#15818=IFCFACEOUTERBOUND(#15817,.T.);
#15819=IFCFACE((#15818));
#15820=IFCPOLYLOOP((#13423,#13548,#13562));
#15821=IFCFACEOUTERBOUND(#15820,.T.);
#15822=IFCFACE((#15821));
#15823=IFCPOLYLOOP((#13423,#13562,#13432));
#15824=IFCFACEOUTERBOUND(#15823,.T.);
#15825=IFCFACE((#15824));
#15826=IFCPOLYLOOP((#13432,#13428,#13425));
#15827=IFCFACEOUTERBOUND(#15826,.T.);
#15828=IFCFACE((#15827));
#15829=IFCPOLYLOOP((#13432,#13425,#13429));
#15830=IFCFACEOUTERBOUND(#15829,.T.);
#15831=IFCFACE((#15830));
#15832=IFCPOLYLOOP((#13432,#13429,#13423));
#15833=IFCFACEOUTERBOUND(#15832,.T.);
#15834=IFCFACE((#15833));
#15835=IFCPOLYLOOP((#13519,#13701,#13698));
#15836=IFCFACEOUTERBOUND(#15835,.T.);
#15837=IFCFACE((#15836));
#15838=IFCPOLYLOOP((#13519,#13698,#13702));
#15839=IFCFACEOUTERBOUND(#15838,.T.);
#15840=IFCFACE((#15839));
#15841=IFCPOLYLOOP((#13519,#13702,#13185));
#15842=IFCFACEOUTERBOUND(#15841,.T.);
#15843=IFCFACE((#15842));
#15844=IFCPOLYLOOP((#13519,#13484,#13481));
#15845=IFCFACEOUTERBOUND(#15844,.T.);
#15846=IFCFACE((#15845));
#15847=IFCPOLYLOOP((#13519,#13481,#13493));
#15848=IFCFACEOUTERBOUND(#15847,.T.);
#15849=IFCFACE((#15848));
#15850=IFCPOLYLOOP((#13519,#13493,#13473));
#15851=IFCFACEOUTERBOUND(#15850,.T.);
#15852=IFCFACE((#15851));
#15853=IFCPOLYLOOP((#13519,#13473,#13487));
#15854=IFCFACEOUTERBOUND(#15853,.T.);
#15855=IFCFACE((#15854));
#15856=IFCPOLYLOOP((#13519,#13487,#13486));
#15857=IFCFACEOUTERBOUND(#15856,.T.);
#15858=IFCFACE((#15857));
#15859=IFCPOLYLOOP((#13519,#13486,#13511));
#15860=IFCFACEOUTERBOUND(#15859,.T.);
#15861=IFCFACE((#15860));
#15862=IFCPOLYLOOP((#13519,#13511,#13472));
#15863=IFCFACEOUTERBOUND(#15862,.T.);
#15864=IFCFACE((#15863));
#15865=IFCPOLYLOOP((#13519,#13472,#13499));
#15866=IFCFACEOUTERBOUND(#15865,.T.);
#15867=IFCFACE((#15866));
#15868=IFCPOLYLOOP((#13519,#13499,#13488));
#15869=IFCFACEOUTERBOUND(#15868,.T.);
#15870=IFCFACE((#15869));
#15871=IFCPOLYLOOP((#13519,#13488,#13494));
#15872=IFCFACEOUTERBOUND(#15871,.T.);
#15873=IFCFACE((#15872));
#15874=IFCPOLYLOOP((#13519,#13494,#13474));
#15875=IFCFACEOUTERBOUND(#15874,.T.);
#15876=IFCFACE((#15875));
#15877=IFCPOLYLOOP((#13519,#13474,#13501));
#15878=IFCFACEOUTERBOUND(#15877,.T.);
#15879=IFCFACE((#15878));
#15880=IFCPOLYLOOP((#13519,#13501,#13478));
#15881=IFCFACEOUTERBOUND(#15880,.T.);
#15882=IFCFACE((#15881));
#15883=IFCPOLYLOOP((#13519,#13478,#13491));
#15884=IFCFACEOUTERBOUND(#15883,.T.);
#15885=IFCFACE((#15884));
#15886=IFCPOLYLOOP((#13519,#13491,#13471));
#15887=IFCFACEOUTERBOUND(#15886,.T.);
#15888=IFCFACE((#15887));
#15889=IFCPOLYLOOP((#13188,#13287,#13270));
#15890=IFCFACEOUTERBOUND(#15889,.T.);
#15891=IFCFACE((#15890));
#15892=IFCPOLYLOOP((#13188,#13270,#13329));
#15893=IFCFACEOUTERBOUND(#15892,.T.);
#15894=IFCFACE((#15893));
#15895=IFCPOLYLOOP((#13188,#13329,#13264));
#15896=IFCFACEOUTERBOUND(#15895,.T.);
#15897=IFCFACE((#15896));
#15898=IFCPOLYLOOP((#13188,#13264,#13322));
#15899=IFCFACEOUTERBOUND(#15898,.T.);
#15900=IFCFACE((#15899));
#15901=IFCPOLYLOOP((#13188,#13322,#13321));
#15902=IFCFACEOUTERBOUND(#15901,.T.);
#15903=IFCFACE((#15902));
#15904=IFCPOLYLOOP((#13188,#13321,#13352));
#15905=IFCFACEOUTERBOUND(#15904,.T.);
#15906=IFCFACE((#15905));
#15907=IFCPOLYLOOP((#13188,#13352,#13248));
#15908=IFCFACEOUTERBOUND(#15907,.T.);
#15909=IFCFACE((#15908));
#15910=IFCPOLYLOOP((#13188,#13248,#13403));
#15911=IFCFACEOUTERBOUND(#15910,.T.);
#15912=IFCFACE((#15911));
#15913=IFCPOLYLOOP((#13188,#13403,#13309));
#15914=IFCFACEOUTERBOUND(#15913,.T.);
#15915=IFCFACE((#15914));
#15916=IFCPOLYLOOP((#13188,#13309,#13400));
#15917=IFCFACEOUTERBOUND(#15916,.T.);
#15918=IFCFACE((#15917));
#15919=IFCPOLYLOOP((#13188,#13400,#13251));
#15920=IFCFACEOUTERBOUND(#15919,.T.);
#15921=IFCFACE((#15920));
#15922=IFCPOLYLOOP((#13188,#13251,#13376));
#15923=IFCFACEOUTERBOUND(#15922,.T.);
#15924=IFCFACE((#15923));
#15925=IFCPOLYLOOP((#13188,#13376,#13299));
#15926=IFCFACEOUTERBOUND(#15925,.T.);
#15927=IFCFACE((#15926));
#15928=IFCPOLYLOOP((#13188,#13299,#13374));
#15929=IFCFACEOUTERBOUND(#15928,.T.);
#15930=IFCFACE((#15929));
#15931=IFCPOLYLOOP((#13188,#13374,#13247));
#15932=IFCFACEOUTERBOUND(#15931,.T.);
#15933=IFCFACE((#15932));
#15934=IFCPOLYLOOP((#13188,#13247,#13395));
#15935=IFCFACEOUTERBOUND(#15934,.T.);
#15936=IFCFACE((#15935));
#15937=IFCPOLYLOOP((#13188,#13395,#13308));
#15938=IFCFACEOUTERBOUND(#15937,.T.);
#15939=IFCFACE((#15938));
#15940=IFCPOLYLOOP((#13188,#13308,#13398));
#15941=IFCFACEOUTERBOUND(#15940,.T.);
#15942=IFCFACE((#15941));
#15943=IFCPOLYLOOP((#13188,#13398,#13274));
#15944=IFCFACEOUTERBOUND(#15943,.T.);
#15945=IFCFACE((#15944));
#15946=IFCPOLYLOOP((#13188,#13274,#13354));
#15947=IFCFACEOUTERBOUND(#15946,.T.);
#15948=IFCFACE((#15947));
#15949=IFCPOLYLOOP((#13188,#13354,#13326));
#15950=IFCFACEOUTERBOUND(#15949,.T.);
#15951=IFCFACE((#15950));
#15952=IFCPOLYLOOP((#13188,#13326,#13409));
#15953=IFCFACEOUTERBOUND(#15952,.T.);
#15954=IFCFACE((#15953));
#15955=IFCPOLYLOOP((#13188,#13409,#13256));
#15956=IFCFACEOUTERBOUND(#15955,.T.);
#15957=IFCFACE((#15956));
#15958=IFCPOLYLOOP((#13188,#13256,#13359));
#15959=IFCFACEOUTERBOUND(#15958,.T.);
#15960=IFCFACE((#15959));
#15961=IFCPOLYLOOP((#13188,#13359,#13294));
#15962=IFCFACEOUTERBOUND(#15961,.T.);
#15963=IFCFACE((#15962));
#15964=IFCPOLYLOOP((#13188,#13294,#13361));
#15965=IFCFACEOUTERBOUND(#15964,.T.);
#15966=IFCFACE((#15965));
#15967=IFCPOLYLOOP((#13188,#13361,#13259));
#15968=IFCFACEOUTERBOUND(#15967,.T.);
#15969=IFCFACE((#15968));
#15970=IFCPOLYLOOP((#13188,#13259,#13365));
#15971=IFCFACEOUTERBOUND(#15970,.T.);
#15972=IFCFACE((#15971));
#15973=IFCPOLYLOOP((#13188,#13365,#13295));
#15974=IFCFACEOUTERBOUND(#15973,.T.);
#15975=IFCFACE((#15974));
#15976=IFCPOLYLOOP((#13188,#13295,#13363));
#15977=IFCFACEOUTERBOUND(#15976,.T.);
#15978=IFCFACE((#15977));
#15979=IFCPOLYLOOP((#13188,#13363,#13245));
#15980=IFCFACEOUTERBOUND(#15979,.T.);
#15981=IFCFACE((#15980));
#15982=IFCPOLYLOOP((#13188,#13245,#13410));
#15983=IFCFACEOUTERBOUND(#15982,.T.);
#15984=IFCFACE((#15983));
#15985=IFCPOLYLOOP((#13188,#13410,#13279));
#15986=IFCFACEOUTERBOUND(#15985,.T.);
#15987=IFCFACE((#15986));
#15988=IFCPOLYLOOP((#13188,#13279,#13414));
#15989=IFCFACEOUTERBOUND(#15988,.T.);
#15990=IFCFACE((#15989));
#15991=IFCPOLYLOOP((#13188,#13414,#13278));
#15992=IFCFACEOUTERBOUND(#15991,.T.);
#15993=IFCFACE((#15992));
#15994=IFCPOLYLOOP((#13188,#13278,#13371));
#15995=IFCFACEOUTERBOUND(#15994,.T.);
#15996=IFCFACE((#15995));
#15997=IFCPOLYLOOP((#13188,#13371,#13298));
#15998=IFCFACEOUTERBOUND(#15997,.T.);
#15999=IFCFACE((#15998));
#16000=IFCPOLYLOOP((#13188,#13298,#13370));
#16001=IFCFACEOUTERBOUND(#16000,.T.);
#16002=IFCFACE((#16001));
#16003=IFCPOLYLOOP((#13188,#13370,#13260));
#16004=IFCFACEOUTERBOUND(#16003,.T.);
#16005=IFCFACE((#16004));
#16006=IFCPOLYLOOP((#13188,#13260,#13384));
#16007=IFCFACEOUTERBOUND(#16006,.T.);
#16008=IFCFACE((#16007));
#16009=IFCPOLYLOOP((#13188,#13384,#13303));
#16010=IFCFACEOUTERBOUND(#16009,.T.);
#16011=IFCFACE((#16010));
#16012=IFCPOLYLOOP((#13188,#13303,#13387));
#16013=IFCFACEOUTERBOUND(#16012,.T.);
#16014=IFCFACE((#16013));
#16015=IFCPOLYLOOP((#13188,#13387,#13263));
#16016=IFCFACEOUTERBOUND(#16015,.T.);
#16017=IFCFACE((#16016));
#16018=IFCPOLYLOOP((#13188,#13263,#13381));
#16019=IFCFACEOUTERBOUND(#16018,.T.);
#16020=IFCFACE((#16019));
#16021=IFCPOLYLOOP((#13188,#13381,#13302));
#16022=IFCFACEOUTERBOUND(#16021,.T.);
#16023=IFCFACE((#16022));
#16024=IFCPOLYLOOP((#13188,#13302,#13380));
#16025=IFCFACEOUTERBOUND(#16024,.T.);
#16026=IFCFACE((#16025));
#16027=IFCPOLYLOOP((#13188,#13380,#13246));
#16028=IFCFACEOUTERBOUND(#16027,.T.);
#16029=IFCFACE((#16028));
#16030=IFCPOLYLOOP((#13188,#13246,#13389));
#16031=IFCFACEOUTERBOUND(#16030,.T.);
#16032=IFCFACE((#16031));
#16033=IFCPOLYLOOP((#13188,#13389,#13305));
#16034=IFCFACEOUTERBOUND(#16033,.T.);
#16035=IFCFACE((#16034));
#16036=IFCPOLYLOOP((#13188,#13305,#13392));
#16037=IFCFACEOUTERBOUND(#16036,.T.);
#16038=IFCFACE((#16037));
#16039=IFCPOLYLOOP((#13188,#13392,#13271));
#16040=IFCFACEOUTERBOUND(#16039,.T.);
#16041=IFCFACE((#16040));
#16042=IFCPOLYLOOP((#13188,#13271,#13350));
#16043=IFCFACEOUTERBOUND(#16042,.T.);
#16044=IFCFACE((#16043));
#16045=IFCPOLYLOOP((#13188,#13350,#13314));
#16046=IFCFACEOUTERBOUND(#16045,.T.);
#16047=IFCFACE((#16046));
#16048=IFCPOLYLOOP((#13188,#13314,#13315));
#16049=IFCFACEOUTERBOUND(#16048,.T.);
#16050=IFCFACE((#16049));
#16051=IFCPOLYLOOP((#13188,#13315,#13252));
#16052=IFCFACEOUTERBOUND(#16051,.T.);
#16053=IFCFACE((#16052));
#16054=IFCPOLYLOOP((#13188,#13252,#13348));
#16055=IFCFACEOUTERBOUND(#16054,.T.);
#16056=IFCFACE((#16055));
#16057=IFCPOLYLOOP((#13188,#13348,#13290));
#16058=IFCFACEOUTERBOUND(#16057,.T.);
#16059=IFCFACE((#16058));
#16060=IFCPOLYLOOP((#13188,#13290,#13312));
#16061=IFCFACEOUTERBOUND(#16060,.T.);
#16062=IFCFACE((#16061));
#16063=IFCPOLYLOOP((#13188,#13312,#13255));
#16064=IFCFACEOUTERBOUND(#16063,.T.);
#16065=IFCFACE((#16064));
#16066=IFCPOLYLOOP((#13188,#13255,#13284));
#16067=IFCFACEOUTERBOUND(#16066,.T.);
#16068=IFCFACE((#16067));
#16069=IFCPOLYLOOP((#13188,#13284,#13268));
#16070=IFCFACEOUTERBOUND(#16069,.T.);
#16071=IFCFACE((#16070));
#16072=IFCPOLYLOOP((#13188,#13268,#13282));
#16073=IFCFACEOUTERBOUND(#16072,.T.);
#16074=IFCFACE((#16073));
#16075=IFCPOLYLOOP((#13188,#13282,#13238));
#16076=IFCFACEOUTERBOUND(#16075,.T.);
#16077=IFCFACE((#16076));
#16078=IFCPOLYLOOP((#13188,#13446,#13441));
#16079=IFCFACEOUTERBOUND(#16078,.T.);
#16080=IFCFACE((#16079));
#16081=IFCPOLYLOOP((#13188,#13441,#13459));
#16082=IFCFACEOUTERBOUND(#16081,.T.);
#16083=IFCFACE((#16082));
#16084=IFCPOLYLOOP((#13188,#13459,#13435));
#16085=IFCFACEOUTERBOUND(#16084,.T.);
#16086=IFCFACE((#16085));
#16087=IFCPOLYLOOP((#13188,#13435,#13454));
#16088=IFCFACEOUTERBOUND(#16087,.T.);
#16089=IFCFACE((#16088));
#16090=IFCPOLYLOOP((#13188,#13454,#13440));
#16091=IFCFACEOUTERBOUND(#16090,.T.);
#16092=IFCFACE((#16091));
#16093=IFCPOLYLOOP((#13188,#13440,#13463));
#16094=IFCFACEOUTERBOUND(#16093,.T.);
#16095=IFCFACE((#16094));
#16096=IFCPOLYLOOP((#13188,#13463,#13439));
#16097=IFCFACEOUTERBOUND(#16096,.T.);
#16098=IFCFACE((#16097));
#16099=IFCPOLYLOOP((#13188,#13439,#13444));
#16100=IFCFACEOUTERBOUND(#16099,.T.);
#16101=IFCFACE((#16100));
#16102=IFCPOLYLOOP((#13188,#13444,#13443));
#16103=IFCFACEOUTERBOUND(#16102,.T.);
#16104=IFCFACE((#16103));
#16105=IFCPOLYLOOP((#13188,#13443,#13450));
#16106=IFCFACEOUTERBOUND(#16105,.T.);
#16107=IFCFACE((#16106));
#16108=IFCPOLYLOOP((#13188,#13450,#13239));
#16109=IFCFACEOUTERBOUND(#16108,.T.);
#16110=IFCFACE((#16109));
#16111=IFCPOLYLOOP((#13185,#13716,#13711));
#16112=IFCFACEOUTERBOUND(#16111,.T.);
#16113=IFCFACE((#16112));
#16114=IFCPOLYLOOP((#13185,#13711,#13729));
#16115=IFCFACEOUTERBOUND(#16114,.T.);
#16116=IFCFACE((#16115));
#16117=IFCPOLYLOOP((#13185,#13729,#13705));
#16118=IFCFACEOUTERBOUND(#16117,.T.);
#16119=IFCFACE((#16118));
#16120=IFCPOLYLOOP((#13185,#13705,#13724));
#16121=IFCFACEOUTERBOUND(#16120,.T.);
#16122=IFCFACE((#16121));
#16123=IFCPOLYLOOP((#13185,#13724,#13710));
#16124=IFCFACEOUTERBOUND(#16123,.T.);
#16125=IFCFACE((#16124));
#16126=IFCPOLYLOOP((#13185,#13710,#13733));
#16127=IFCFACEOUTERBOUND(#16126,.T.);
#16128=IFCFACE((#16127));
#16129=IFCPOLYLOOP((#13185,#13733,#13709));
#16130=IFCFACEOUTERBOUND(#16129,.T.);
#16131=IFCFACE((#16130));
#16132=IFCPOLYLOOP((#13185,#13709,#13714));
#16133=IFCFACEOUTERBOUND(#16132,.T.);
#16134=IFCFACE((#16133));
#16135=IFCPOLYLOOP((#13185,#13714,#13713));
#16136=IFCFACEOUTERBOUND(#16135,.T.);
#16137=IFCFACE((#16136));
#16138=IFCPOLYLOOP((#13185,#13713,#13720));
#16139=IFCFACEOUTERBOUND(#16138,.T.);
#16140=IFCFACE((#16139));
#16141=IFCPOLYLOOP((#13185,#13720,#13519));
#16142=IFCFACEOUTERBOUND(#16141,.T.);
#16143=IFCFACE((#16142));
#16144=IFCPOLYLOOP((#13238,#13201,#13198));
#16145=IFCFACEOUTERBOUND(#16144,.T.);
#16146=IFCFACE((#16145));
#16147=IFCPOLYLOOP((#13238,#13198,#13210));
#16148=IFCFACEOUTERBOUND(#16147,.T.);
#16149=IFCFACE((#16148));
#16150=IFCPOLYLOOP((#13238,#13210,#13190));
#16151=IFCFACEOUTERBOUND(#16150,.T.);
#16152=IFCFACE((#16151));
#16153=IFCPOLYLOOP((#13238,#13190,#13204));
#16154=IFCFACEOUTERBOUND(#16153,.T.);
#16155=IFCFACE((#16154));
#16156=IFCPOLYLOOP((#13238,#13204,#13203));
#16157=IFCFACEOUTERBOUND(#16156,.T.);
#16158=IFCFACE((#16157));
#16159=IFCPOLYLOOP((#13238,#13203,#13228));
#16160=IFCFACEOUTERBOUND(#16159,.T.);
#16161=IFCFACE((#16160));
#16162=IFCPOLYLOOP((#13238,#13228,#13189));
#16163=IFCFACEOUTERBOUND(#16162,.T.);
#16164=IFCFACE((#16163));
#16165=IFCPOLYLOOP((#13238,#13189,#13216));
#16166=IFCFACEOUTERBOUND(#16165,.T.);
#16167=IFCFACE((#16166));
#16168=IFCPOLYLOOP((#13238,#13216,#13205));
#16169=IFCFACEOUTERBOUND(#16168,.T.);
#16170=IFCFACE((#16169));
#16171=IFCPOLYLOOP((#13238,#13205,#13211));
#16172=IFCFACEOUTERBOUND(#16171,.T.);
#16173=IFCFACE((#16172));
#16174=IFCPOLYLOOP((#13238,#13211,#13191));
#16175=IFCFACEOUTERBOUND(#16174,.T.);
#16176=IFCFACE((#16175));
#16177=IFCPOLYLOOP((#13238,#13191,#13218));
#16178=IFCFACEOUTERBOUND(#16177,.T.);
#16179=IFCFACE((#16178));
#16180=IFCPOLYLOOP((#13238,#13218,#13195));
#16181=IFCFACEOUTERBOUND(#16180,.T.);
#16182=IFCFACE((#16181));
#16183=IFCPOLYLOOP((#13238,#13195,#13208));
#16184=IFCFACEOUTERBOUND(#16183,.T.);
#16185=IFCFACE((#16184));
#16186=IFCPOLYLOOP((#13238,#13208,#13188));
#16187=IFCFACEOUTERBOUND(#16186,.T.);
#16188=IFCFACE((#16187));
#16189=IFCPOLYLOOP((#13712,#13717,#13721));
#16190=IFCFACEOUTERBOUND(#16189,.T.);
#16191=IFCFACE((#16190));
#16192=IFCPOLYLOOP((#13733,#13732,#13728));
#16193=IFCFACEOUTERBOUND(#16192,.T.);
#16194=IFCFACE((#16193));
#16195=IFCPOLYLOOP((#13722,#13734,#13715));
#16196=IFCFACEOUTERBOUND(#16195,.T.);
#16197=IFCFACE((#16196));
#16198=IFCPOLYLOOP((#13728,#13707,#13726));
#16199=IFCFACEOUTERBOUND(#16198,.T.);
#16200=IFCFACE((#16199));
#16201=IFCPOLYLOOP((#13708,#13722,#13715));
#16202=IFCFACEOUTERBOUND(#16201,.T.);
#16203=IFCFACE((#16202));
#16204=IFCPOLYLOOP((#13725,#13729,#13722));
#16205=IFCFACEOUTERBOUND(#16204,.T.);
#16206=IFCFACE((#16205));
#16207=IFCPOLYLOOP((#13237,#13719,#13734));
#16208=IFCFACEOUTERBOUND(#16207,.T.);
#16209=IFCFACE((#16208));
#16210=IFCPOLYLOOP((#13718,#13726,#13707));
#16211=IFCFACEOUTERBOUND(#16210,.T.);
#16212=IFCFACE((#16211));
#16213=IFCPOLYLOOP((#13709,#13726,#13714));
#16214=IFCFACEOUTERBOUND(#16213,.T.);
#16215=IFCFACE((#16214));
#16216=IFCPOLYLOOP((#13706,#13732,#13727));
#16217=IFCFACEOUTERBOUND(#16216,.T.);
#16218=IFCFACE((#16217));
#16219=IFCPOLYLOOP((#13725,#13722,#13708));
#16220=IFCFACEOUTERBOUND(#16219,.T.);
#16221=IFCFACE((#16220));
#16222=IFCPOLYLOOP((#13712,#13721,#13730));
#16223=IFCFACEOUTERBOUND(#16222,.T.);
#16224=IFCFACE((#16223));
#16225=IFCPOLYLOOP((#13713,#13714,#13730));
#16226=IFCFACEOUTERBOUND(#16225,.T.);
#16227=IFCFACE((#16226));
#16228=IFCPOLYLOOP((#13714,#13726,#13730));
#16229=IFCFACEOUTERBOUND(#16228,.T.);
#16230=IFCFACE((#16229));
#16231=IFCPOLYLOOP((#13238,#13237,#13734));
#16232=IFCFACEOUTERBOUND(#16231,.T.);
#16233=IFCFACE((#16232));
#16234=IFCPOLYLOOP((#13520,#13519,#13720));
#16235=IFCFACEOUTERBOUND(#16234,.T.);
#16236=IFCFACE((#16235));
#16237=IFCPOLYLOOP((#13713,#13721,#13720));
#16238=IFCFACEOUTERBOUND(#16237,.T.);
#16239=IFCFACE((#16238));
#16240=IFCPOLYLOOP((#13717,#13521,#13520));
#16241=IFCFACEOUTERBOUND(#16240,.T.);
#16242=IFCFACE((#16241));
#16243=IFCPOLYLOOP((#13237,#13236,#13719));
#16244=IFCFACEOUTERBOUND(#16243,.T.);
#16245=IFCFACE((#16244));
#16246=IFCPOLYLOOP((#13722,#13711,#13734));
#16247=IFCFACEOUTERBOUND(#16246,.T.);
#16248=IFCFACE((#16247));
#16249=IFCPOLYLOOP((#13720,#13721,#13520));
#16250=IFCFACEOUTERBOUND(#16249,.T.);
#16251=IFCFACE((#16250));
#16252=IFCPOLYLOOP((#13520,#13721,#13717));
#16253=IFCFACEOUTERBOUND(#16252,.T.);
#16254=IFCFACE((#16253));
#16255=IFCPOLYLOOP((#13711,#13722,#13729));
#16256=IFCFACEOUTERBOUND(#16255,.T.);
#16257=IFCFACE((#16256));
#16258=IFCPOLYLOOP((#13734,#13711,#13716,#13238));
#16259=IFCFACEOUTERBOUND(#16258,.T.);
#16260=IFCFACE((#16259));
#16261=IFCPOLYLOOP((#13708,#13723,#13725));
#16262=IFCFACEOUTERBOUND(#16261,.T.);
#16263=IFCFACE((#16262));
#16264=IFCPOLYLOOP((#13724,#13727,#13732));
#16265=IFCFACEOUTERBOUND(#16264,.T.);
#16266=IFCFACE((#16265));
#16267=IFCPOLYLOOP((#13705,#13727,#13724));
#16268=IFCFACEOUTERBOUND(#16267,.T.);
#16269=IFCFACE((#16268));
#16270=IFCPOLYLOOP((#13727,#13725,#13723));
#16271=IFCFACEOUTERBOUND(#16270,.T.);
#16272=IFCFACE((#16271));
#16273=IFCPOLYLOOP((#13726,#13709,#13728));
#16274=IFCFACEOUTERBOUND(#16273,.T.);
#16275=IFCFACE((#16274));
#16276=IFCPOLYLOOP((#13718,#13712,#13730));
#16277=IFCFACEOUTERBOUND(#16276,.T.);
#16278=IFCFACE((#16277));
#16279=IFCPOLYLOOP((#13725,#13727,#13705));
#16280=IFCFACEOUTERBOUND(#16279,.T.);
#16281=IFCFACE((#16280));
#16282=IFCPOLYLOOP((#13706,#13727,#13723));
#16283=IFCFACEOUTERBOUND(#16282,.T.);
#16284=IFCFACE((#16283));
#16285=IFCPOLYLOOP((#13732,#13733,#13710,#13724));
#16286=IFCFACEOUTERBOUND(#16285,.T.);
#16287=IFCFACE((#16286));
#16288=IFCPOLYLOOP((#13728,#13732,#13731));
#16289=IFCFACEOUTERBOUND(#16288,.T.);
#16290=IFCFACE((#16289));
#16291=IFCPOLYLOOP((#13725,#13705,#13729));
#16292=IFCFACEOUTERBOUND(#16291,.T.);
#16293=IFCFACE((#16292));
#16294=IFCPOLYLOOP((#13730,#13721,#13713));
#16295=IFCFACEOUTERBOUND(#16294,.T.);
#16296=IFCFACE((#16295));
#16297=IFCPOLYLOOP((#13718,#13730,#13726));
#16298=IFCFACEOUTERBOUND(#16297,.T.);
#16299=IFCFACE((#16298));
#16300=IFCPOLYLOOP((#13731,#13732,#13706));
#16301=IFCFACEOUTERBOUND(#16300,.T.);
#16302=IFCFACE((#16301));
#16303=IFCPOLYLOOP((#13731,#13707,#13728));
#16304=IFCFACEOUTERBOUND(#16303,.T.);
#16305=IFCFACE((#16304));
#16306=IFCPOLYLOOP((#13728,#13709,#13733));
#16307=IFCFACEOUTERBOUND(#16306,.T.);
#16308=IFCFACE((#16307));
#16309=IFCPOLYLOOP((#13734,#13719,#13715));
#16310=IFCFACEOUTERBOUND(#16309,.T.);
#16311=IFCFACE((#16310));
#16312=IFCPOLYLOOP((#13696,#13521,#13717,#13712,#13718,#13707,#13731,#13706,#13723,#13708,#13715,#13719,#13236,#13416));
#16313=IFCFACEOUTERBOUND(#16312,.T.);
#16314=IFCFACE((#16313));
#16315=IFCCLOSEDSHELL((#8551,#8554,#8557,#8560,#8563,#8566,#8569,#8572,#8575,#8578,#8581,#8584,#8587,#8590,#8593,#8596,#8599,#8602,#8605,#8608,#8611,#8614,#8617,#8620,#8623,#8626,#8629,#8632,#8635,#8638,#8641,#8644,#8647,#8650,#8653,#8656,#8659,#8662,#8665,#8668,#8671,#8674,#8677,#8680,#8683,#8686,#8689,#8692,#8695,#8698,#8701,#8704,#8707,#8710,#8713,#8716,#8719,#8722,#8725,#8728,#8731,#8734,#8737,#8740,#8743,#8746,#8749,#8752,#8755,#8758,#8761,#8764,#8767,#8770,#8773,#8776,#8779,#8782,#8785,#8788,#8791,#8794,#8797,#8800,#8803,#8806,#8809,#8812,#8815,#8818,#8821,#8824,#8827,#8830,#8833,#8836,#8839,#8842,#8845,#8848,#8851,#8854,#8857,#8860,#8863,#8866,#8869,#8872,#8875,#8878,#8881,#8884,#8887,#8890,#8893,#8896,#8899,#8902,#8905,#8908,#8911,#8914,#8917,#8920,#8923,#8926,#8929,#8932,#8935,#8938,#8941,#8944,#8947,#8950,#8953,#8956,#8959,#8962,#8965,#8968,#8971,#8974,#8977,#8980,#8983,#8986,#8989,#8992,#8995,#8998,#9001,#9004,#9007,#9010,#9013,#9016,#9019,#9022));
#16316=IFCFACETEDBREP(#16315);
#16317=IFCSTYLEDITEM(#16316,(#8343),$);
#16318=IFCCLOSEDSHELL((#9073,#9076,#9079,#9082,#9085,#9088,#9091,#9094,#9097,#9100,#9103,#9106,#9109,#9112,#9115,#9118,#9121,#9124,#9127,#9130,#9133,#9136,#9139,#9142,#9145,#9148));
#16319=IFCFACETEDBREP(#16318);
#16320=IFCSTYLEDITEM(#16319,(#8343),$);
#16321=IFCCLOSEDSHELL((#9279,#9282,#9285,#9288,#9291,#9294,#9297,#9300,#9303,#9306,#9309,#9312,#9315,#9318,#9321,#9324,#9327,#9330,#9333,#9336,#9339,#9342,#9345,#9348,#9351,#9354,#9357,#9360,#9363,#9366,#9369,#9372,#9375,#9378,#9381,#9384,#9387,#9390,#9393,#9396,#9399,#9402,#9405,#9408,#9411,#9414,#9417,#9420,#9423,#9426,#9429,#9432,#9435,#9438,#9441,#9444,#9447,#9450,#9453,#9456,#9459,#9462,#9465,#9468,#9471,#9474,#9477,#9480,#9483,#9486,#9489,#9492,#9495,#9498,#9501,#9504,#9507,#9510,#9513,#9516,#9519,#9522,#9525,#9528,#9531,#9534,#9537,#9540,#9543,#9546,#9549,#9552,#9555,#9558,#9561,#9564,#9567,#9570,#9573,#9576,#9579,#9582,#9585,#9588,#9591,#9594,#9597,#9600,#9603,#9606,#9609,#9612,#9615,#9618,#9621,#9624,#9627,#9630,#9633,#9636,#9639,#9642,#9645,#9648,#9651,#9654,#9657,#9660,#9663,#9666,#9669,#9672,#9675,#9678,#9681,#9684,#9687,#9690,#9693,#9696,#9699,#9702,#9705,#9708,#9711,#9714,#9717,#9720,#9723,#9726,#9729,#9732,#9735,#9738,#9741,#9744,#9747,#9750));
#16322=IFCFACETEDBREP(#16321);
#16323=IFCSTYLEDITEM(#16322,(#8343),$);
#16324=IFCCLOSEDSHELL((#9801,#9804,#9807,#9810,#9813,#9816,#9819,#9822,#9825,#9828,#9831,#9834,#9837,#9840,#9843,#9846,#9849,#9852,#9855,#9858,#9861,#9864,#9867,#9870,#9873,#9876));
#16325=IFCFACETEDBREP(#16324);
#16326=IFCSTYLEDITEM(#16325,(#8343),$);
#16327=IFCCLOSEDSHELL((#9887,#9892,#9900,#9904,#9912,#9916,#9924,#9928,#9935,#9938,#9941,#9944,#9947,#9950,#9953,#9956,#9959,#9962));
#16328=IFCFACETEDBREP(#16327);
#16329=IFCSTYLEDITEM(#16328,(#8359),$);
#16330=IFCCLOSEDSHELL((#9975,#9988,#9991,#9994,#9997,#10000,#10003,#10006,#10009,#10012));
#16331=IFCFACETEDBREP(#16330);
#16332=IFCSTYLEDITEM(#16331,(#8366),$);
#16333=IFCCLOSEDSHELL((#10019,#10026,#10029,#10032,#10035,#10038));
#16334=IFCFACETEDBREP(#16333);
#16335=IFCSTYLEDITEM(#16334,(#8373),$);
#16336=IFCCLOSEDSHELL((#10599,#10602,#10605,#10608,#10611,#10614,#10617,#10620,#10623,#10626,#10629,#10632,#10635,#10638,#10641,#10644,#10647,#10650,#10653,#10656,#10659,#10662,#10665,#10668,#10671,#10674,#10677,#10680,#10683,#10686,#10689,#10692,#10695,#10698,#10701,#10704,#10707,#10710,#10713,#10716,#10719,#10722,#10725,#10728,#10731,#10734,#10737,#10740,#10743,#10746,#10749,#10752,#10755,#10758,#10761,#10764,#10767,#10770,#10773,#10776,#10779,#10782,#10785,#10788,#10791,#10794,#10797,#10800,#10803,#10806,#10809,#10812,#10815,#10818,#10821,#10824,#10827,#10830,#10833,#10836,#10839,#10842,#10845,#10848,#10851,#10854,#10857,#10860,#10863,#10866,#10869,#10872,#10875,#10878,#10881,#10884,#10887,#10890,#10893,#10896,#10899,#10902,#10905,#10908,#10911,#10914,#10917,#10920,#10923,#10926,#10929,#10932,#10935,#10938,#10941,#10944,#10947,#10950,#10953,#10956,#10959,#10962,#10965,#10968,#10971,#10974,#10977,#10980,#10983,#10986,#10989,#10992,#10995,#10998,#11001,#11004,#11007,#11010,#11013,#11016,#11019,#11022,#11025,#11028,#11031,#11034,#11037,#11040,#11043,#11046,#11049,#11052,#11055,#11058,#11061,#11064,#11067,#11070,#11073,#11076,#11079,#11082,#11085,#11088,#11091,#11094,#11097,#11100,#11103,#11106,#11109,#11112,#11115,#11118,#11121,#11124,#11127,#11130,#11133,#11136,#11139,#11142,#11145,#11148,#11151,#11154,#11157,#11160,#11163,#11166,#11169,#11172,#11175,#11178,#11181,#11184,#11187,#11190,#11193,#11196,#11199,#11202,#11205,#11208,#11211,#11214,#11217,#11220,#11223,#11226,#11229,#11232,#11235,#11238,#11241,#11244,#11247,#11250,#11253,#11256,#11259,#11262,#11265,#11268,#11271,#11274,#11277,#11280,#11283,#11286,#11289,#11292,#11295,#11298,#11301,#11304,#11307,#11310,#11313,#11316,#11319,#11322,#11325,#11328,#11331,#11334,#11337,#11340,#11343,#11346,#11349,#11352,#11355,#11358,#11361,#11364,#11367,#11370,#11373,#11376,#11379,#11382,#11385,#11388,#11391,#11394,#11397,#11400,#11403,#11406,#11409,#11412,#11415,#11418,#11421,#11424,#11427,#11430,#11433,#11436,#11439,#11442,#11445,#11448,#11451,#11454,#11457,#11460,#11463,#11466,#11469,#11472,#11475,#11478,#11481,#11484,#11487,#11490,#11493,#11496,#11499,#11502,#11505,#11508,#11511,#11514,#11517,#11520,#11523,#11526,#11529,#11532,#11535,#11538,#11541,#11544,#11547,#11550,#11553,#11556,#11559,#11562,#11565,#11568,#11571,#11574,#11577,#11580,#11583,#11586,#11589,#11592,#11595,#11598,#11601,#11604,#11607,#11610,#11613,#11616,#11619,#11622,#11625,#11628,#11631,#11634,#11637,#11640,#11643,#11646,#11649,#11652,#11655,#11658,#11661,#11664,#11667,#11670,#11673,#11676,#11679,#11682,#11685,#11688,#11691,#11694,#11697,#11700,#11703,#11706,#11709,#11712,#11715,#11718,#11721,#11724,#11727,#11730,#11733,#11736,#11739,#11742,#11745,#11748,#11751,#11754,#11757,#11760,#11763,#11766,#11769,#11772,#11775,#11778,#11781,#11784,#11787,#11790,#11793,#11796,#11799,#11802,#11805,#11808,#11811,#11814,#11817,#11820,#11823,#11826,#11829,#11832,#11835,#11838,#11841,#11844,#11847,#11850,#11853,#11856,#11859,#11862,#11865,#11868,#11871,#11874,#11877,#11880,#11883,#11886,#11889,#11892,#11895,#11898,#11901,#11904,#11907,#11910,#11913,#11916,#11919,#11922,#11925,#11928,#11931,#11934,#11937,#11940,#11943,#11946,#11949,#11952,#11955,#11958,#11961,#11964,#11967,#11970,#11973,#11976,#11979,#11982,#11985,#11988,#11991,#11994,#11997,#12000,#12003,#12006,#12009,#12012,#12015,#12018,#12021,#12024,#12027,#12030,#12033,#12036,#12039,#12042,#12045,#12048,#12051,#12054,#12057,#12060,#12063,#12066,#12069,#12072,#12075,#12078,#12081,#12084,#12087,#12090,#12093,#12096,#12099,#12102,#12105,#12108,#12111,#12114,#12117,#12120,#12123,#12126,#12129,#12132,#12135,#12138,#12141,#12144,#12147,#12150,#12153,#12156,#12159,#12162,#12165,#12168,#12171,#12174,#12177,#12180,#12183,#12186,#12189,#12192,#12195,#12198,#12201,#12204,#12207,#12210,#12213,#12216,#12219,#12222,#12225,#12228,#12231,#12234,#12237,#12240,#12243,#12246,#12249,#12252,#12255,#12258,#12261,#12264,#12267,#12270,#12273,#12276,#12279,#12282,#12285,#12288,#12291,#12294,#12297,#12300,#12303,#12306,#12309,#12312,#12315,#12318,#12321,#12324,#12327,#12330,#12333,#12336,#12339,#12342,#12345,#12348,#12351,#12354,#12357,#12360,#12363,#12366,#12369,#12372,#12375,#12378,#12381,#12384,#12387,#12390,#12393,#12396,#12399,#12402,#12405,#12408,#12411,#12414,#12417,#12420,#12423,#12426,#12429,#12432,#12435,#12438,#12441,#12444,#12447,#12450,#12453,#12456,#12459,#12462,#12465,#12468,#12471,#12474,#12477,#12480,#12483,#12486,#12489,#12492,#12495,#12498,#12501,#12504,#12507,#12510,#12513,#12516,#12519,#12522,#12525,#12528,#12531,#12534,#12537,#12540,#12543,#12546,#12549,#12552,#12555,#12558,#12561,#12564,#12567,#12570,#12573,#12576,#12579,#12582,#12585,#12588,#12591,#12594,#12597,#12600,#12603,#12606,#12609,#12612,#12615,#12618,#12621,#12624,#12627,#12630,#12633,#12636,#12639,#12642,#12645,#12648,#12651,#12654,#12657,#12660,#12663,#12666,#12669,#12672,#12675,#12678,#12681,#12684,#12687,#12690,#12693,#12696,#12699,#12702,#12705,#12708,#12711,#12714,#12717,#12720,#12723,#12726,#12729,#12732,#12735,#12738,#12741,#12744,#12747,#12750,#12753,#12756,#12759,#12762,#12765,#12768,#12771,#12774,#12777,#12780,#12783,#12786,#12789,#12792,#12795,#12798,#12801,#12804,#12807,#12810,#12813,#12816,#12819,#12822,#12825,#12828,#12831,#12834,#12837,#12840,#12843,#12846,#12849,#12852,#12855,#12858,#12861,#12864,#12867,#12870,#12873,#12876,#12879,#12882,#12885,#12888,#12891,#12894,#12897,#12900,#12903,#12906,#12909,#12912,#12915,#12918,#12921,#12924,#12927,#12930,#12933,#12936,#12939,#12942,#12945,#12948,#12951,#12954,#12957,#12960,#12963,#12966,#12969,#12972,#12975,#12978,#12981,#12984,#12987,#12990,#12993,#12996,#12999,#13002,#13005,#13008,#13011,#13014,#13017,#13020,#13023,#13026,#13029,#13032,#13035,#13038,#13041,#13044,#13047,#13050,#13053,#13056,#13059,#13062,#13065,#13068,#13071,#13074,#13077,#13080,#13083,#13086,#13089,#13092,#13095,#13098,#13101,#13104,#13107,#13110,#13113,#13116,#13119,#13122,#13125,#13128,#13131,#13134,#13137,#13140,#13143,#13146,#13149,#13152,#13155,#13158,#13161,#13164,#13167,#13170,#13173,#13176));
#16337=IFCFACETEDBREP(#16336);
#16338=IFCSTYLEDITEM(#16337,(#8359),$);
#16339=IFCCLOSEDSHELL((#13737,#13740,#13743,#13746,#13749,#13752,#13755,#13758,#13761,#13764,#13767,#13770,#13773,#13776,#13779,#13782,#13785,#13788,#13791,#13794,#13797,#13800,#13803,#13806,#13809,#13812,#13815,#13818,#13821,#13824,#13827,#13830,#13833,#13836,#13839,#13842,#13845,#13848,#13851,#13854,#13857,#13860,#13863,#13866,#13869,#13872,#13875,#13878,#13881,#13884,#13887,#13890,#13893,#13896,#13899,#13902,#13905,#13908,#13911,#13914,#13917,#13920,#13923,#13926,#13929,#13932,#13935,#13938,#13941,#13944,#13947,#13950,#13953,#13956,#13959,#13962,#13965,#13968,#13971,#13974,#13977,#13980,#13983,#13986,#13989,#13992,#13995,#13998,#14001,#14004,#14007,#14010,#14013,#14016,#14019,#14022,#14025,#14028,#14031,#14034,#14037,#14040,#14043,#14046,#14049,#14052,#14055,#14058,#14061,#14064,#14067,#14070,#14073,#14076,#14079,#14082,#14085,#14088,#14091,#14094,#14097,#14100,#14103,#14106,#14109,#14112,#14115,#14118,#14121,#14124,#14127,#14130,#14133,#14136,#14139,#14142,#14145,#14148,#14151,#14154,#14157,#14160,#14163,#14166,#14169,#14172,#14175,#14178,#14181,#14184,#14187,#14190,#14193,#14196,#14199,#14202,#14205,#14208,#14211,#14214,#14217,#14220,#14223,#14226,#14229,#14232,#14235,#14238,#14241,#14244,#14247,#14250,#14253,#14256,#14259,#14262,#14265,#14268,#14271,#14274,#14277,#14280,#14283,#14286,#14289,#14292,#14295,#14298,#14301,#14304,#14307,#14310,#14313,#14316,#14319,#14322,#14325,#14328,#14331,#14334,#14337,#14340,#14343,#14346,#14349,#14352,#14355,#14358,#14361,#14364,#14367,#14370,#14373,#14376,#14379,#14382,#14385,#14388,#14391,#14394,#14397,#14400,#14403,#14406,#14409,#14412,#14415,#14418,#14421,#14424,#14427,#14430,#14433,#14436,#14439,#14442,#14445,#14448,#14451,#14454,#14457,#14460,#14463,#14466,#14469,#14472,#14475,#14478,#14481,#14484,#14487,#14490,#14493,#14496,#14499,#14502,#14505,#14508,#14511,#14514,#14517,#14520,#14523,#14526,#14529,#14532,#14535,#14538,#14541,#14544,#14547,#14550,#14553,#14556,#14559,#14562,#14565,#14568,#14571,#14574,#14577,#14580,#14583,#14586,#14589,#14592,#14595,#14598,#14601,#14604,#14607,#14610,#14613,#14616,#14619,#14622,#14625,#14628,#14631,#14634,#14637,#14640,#14643,#14646,#14649,#14652,#14655,#14658,#14661,#14664,#14667,#14670,#14673,#14676,#14679,#14682,#14685,#14688,#14691,#14694,#14697,#14700,#14703,#14706,#14709,#14712,#14715,#14718,#14721,#14724,#14727,#14730,#14733,#14736,#14739,#14742,#14745,#14748,#14751,#14754,#14757,#14760,#14763,#14766,#14769,#14772,#14775,#14778,#14781,#14784,#14787,#14790,#14793,#14796,#14799,#14802,#14805,#14808,#14811,#14814,#14817,#14820,#14823,#14826,#14829,#14832,#14835,#14838,#14841,#14844,#14847,#14850,#14853,#14856,#14859,#14862,#14865,#14868,#14871,#14874,#14877,#14880,#14883,#14886,#14889,#14892,#14895,#14898,#14901,#14904,#14907,#14910,#14913,#14916,#14919,#14922,#14925,#14928,#14931,#14934,#14937,#14940,#14943,#14946,#14949,#14952,#14955,#14958,#14961,#14964,#14967,#14970,#14973,#14976,#14979,#14982,#14985,#14988,#14991,#14994,#14997,#15000,#15003,#15006,#15009,#15012,#15015,#15018,#15021,#15024,#15027,#15030,#15033,#15036,#15039,#15042,#15045,#15048,#15051,#15054,#15057,#15060,#15063,#15066,#15069,#15072,#15075,#15078,#15081,#15084,#15087,#15090,#15093,#15096,#15099,#15102,#15105,#15108,#15111,#15114,#15117,#15120,#15123,#15126,#15129,#15132,#15135,#15138,#15141,#15144,#15147,#15150,#15153,#15156,#15159,#15162,#15165,#15168,#15171,#15174,#15177,#15180,#15183,#15186,#15189,#15192,#15195,#15198,#15201,#15204,#15207,#15210,#15213,#15216,#15219,#15222,#15225,#15228,#15231,#15234,#15237,#15240,#15243,#15246,#15249,#15252,#15255,#15258,#15261,#15264,#15267,#15270,#15273,#15276,#15279,#15282,#15285,#15288,#15291,#15294,#15297,#15300,#15303,#15306,#15309,#15312,#15315,#15318,#15321,#15324,#15327,#15330,#15333,#15336,#15339,#15342,#15345,#15348,#15351,#15354,#15357,#15360,#15363,#15366,#15369,#15372,#15375,#15378,#15381,#15384,#15387,#15390,#15393,#15396,#15399,#15402,#15405,#15408,#15411,#15414,#15417,#15420,#15423,#15426,#15429,#15432,#15435,#15438,#15441,#15444,#15447,#15450,#15453,#15456,#15459,#15462,#15465,#15468,#15471,#15474,#15477,#15480,#15483,#15486,#15489,#15492,#15495,#15498,#15501,#15504,#15507,#15510,#15513,#15516,#15519,#15522,#15525,#15528,#15531,#15534,#15537,#15540,#15543,#15546,#15549,#15552,#15555,#15558,#15561,#15564,#15567,#15570,#15573,#15576,#15579,#15582,#15585,#15588,#15591,#15594,#15597,#15600,#15603,#15606,#15609,#15612,#15615,#15618,#15621,#15624,#15627,#15630,#15633,#15636,#15639,#15642,#15645,#15648,#15651,#15654,#15657,#15660,#15663,#15666,#15669,#15672,#15675,#15678,#15681,#15684,#15687,#15690,#15693,#15696,#15699,#15702,#15705,#15708,#15711,#15714,#15717,#15720,#15723,#15726,#15729,#15732,#15735,#15738,#15741,#15744,#15747,#15750,#15753,#15756,#15759,#15762,#15765,#15768,#15771,#15774,#15777,#15780,#15783,#15786,#15789,#15792,#15795,#15798,#15801,#15804,#15807,#15810,#15813,#15816,#15819,#15822,#15825,#15828,#15831,#15834,#15837,#15840,#15843,#15846,#15849,#15852,#15855,#15858,#15861,#15864,#15867,#15870,#15873,#15876,#15879,#15882,#15885,#15888,#15891,#15894,#15897,#15900,#15903,#15906,#15909,#15912,#15915,#15918,#15921,#15924,#15927,#15930,#15933,#15936,#15939,#15942,#15945,#15948,#15951,#15954,#15957,#15960,#15963,#15966,#15969,#15972,#15975,#15978,#15981,#15984,#15987,#15990,#15993,#15996,#15999,#16002,#16005,#16008,#16011,#16014,#16017,#16020,#16023,#16026,#16029,#16032,#16035,#16038,#16041,#16044,#16047,#16050,#16053,#16056,#16059,#16062,#16065,#16068,#16071,#16074,#16077,#16080,#16083,#16086,#16089,#16092,#16095,#16098,#16101,#16104,#16107,#16110,#16113,#16116,#16119,#16122,#16125,#16128,#16131,#16134,#16137,#16140,#16143,#16146,#16149,#16152,#16155,#16158,#16161,#16164,#16167,#16170,#16173,#16176,#16179,#16182,#16185,#16188,#16191,#16194,#16197,#16200,#16203,#16206,#16209,#16212,#16215,#16218,#16221,#16224,#16227,#16230,#16233,#16236,#16239,#16242,#16245,#16248,#16251,#16254,#16257,#16260,#16263,#16266,#16269,#16272,#16275,#16278,#16281,#16284,#16287,#16290,#16293,#16296,#16299,#16302,#16305,#16308,#16311,#16314));
#16340=IFCFACETEDBREP(#16339);
#16341=IFCSTYLEDITEM(#16340,(#8359),$);
#16342=IFCSHAPEREPRESENTATION(#24,'Body','Brep',(#16316,#16319,#16322,#16325,#16328,#16331,#16334,#16337,#16340));
#16343=IFCAXIS2PLACEMENT3D(#19,$,$);
#16344=IFCREPRESENTATIONMAP(#16343,#16342);
#16345=IFCDOORLININGPROPERTIES('26jjhu0DH0Lxf54dPa$Ko9',#6,'Door-Passage-Single-Vision_Lite:36" x 84":1240525',$,$,$,$,$,$,$,$,$,$,$,$);
#16346=IFCDOORPANELPROPERTIES('26jjhu0DH0Lxf54dLa$Ko9',#6,'Door-Passage-Single-Vision_Lite:36" x 84":1240525:1',$,$,.SWINGING.,$,.NOTDEFINED.,$);
#16347=IFCDOORSTYLE('0fM3ol0t1$ItxZT8_nXFYN',#6,'Door-Passage-Single-Vision_Lite:36" x 84"',$,$,(#16345,#16346),(#16344),'459553',.SINGLE_SWING_RIGHT.,.NOTDEFINED.,.F.,.F.);
#16348=IFCMAPPEDITEM(#16344,#8408);
#16349=IFCSHAPEREPRESENTATION(#24,'Body','MappedRepresentation',(#16348));
#16350=IFCPRODUCTDEFINITIONSHAPE($,$,(#16349));
#16351=IFCCARTESIANPOINT((-87.883436449093452,37.948632394751471,0.));
#16352=IFCAXIS2PLACEMENT3D(#16351,$,$);
#16354=IFCDOOR('26jjhu0DH0Lxf54dTa$Ko9',#6,'Door-Passage-Single-Vision_Lite:36" x 84":1240525',$,$,#17737,#16350,'1240525',7.333333333333333,3.3333333333333286);
#16355=IFCPROPERTYSET('3TzIq4y1eDb6qCOLn9d0wL',#6,'Pset_DoorCommon',$,(#78,#8416));
#16356=IFCPROPERTYSET('3Lmj82RmFaoz9JTc5tDhtm',#6,'Pset_QuantityTakeOff',$,(#8416));
#16357=IFCRELDEFINESBYPROPERTIES('3SwTi1i8HzzhZO8iCuSOTV',#6,$,$,(#16354),#16355);
#16358=IFCRELDEFINESBYPROPERTIES('0sul9E77M$XhlQABAq6ZCu',#6,$,$,(#16354),#16356);
#16359=IFCMAPPEDITEM(#8383,#8408);
#16360=IFCSHAPEREPRESENTATION(#24,'Body','MappedRepresentation',(#16359));
#16361=IFCPRODUCTDEFINITIONSHAPE($,$,(#16360));
#16362=IFCCARTESIANPOINT((-82.914686449093452,33.65696572808482,0.));
#16363=IFCAXIS2PLACEMENT3D(#16362,$,$);
#16365=IFCDOOR('26jjhu0DH0Lxf54dTa$KoA',#6,'Door-Passage-Single-Vision_Lite:36" x 84":1240526',$,$,#17753,#16361,'1240526',7.333333333333333,3.3333333333333286);
#16366=IFCPROPERTYSET('2DH6WJXu9OVYbx1cXtB5zr',#6,'Pset_DoorCommon',$,(#78,#8416));
#16367=IFCPROPERTYSET('38FBm9NXEU1WYmupEuHbP0',#6,'Pset_QuantityTakeOff',$,(#8416));
#16368=IFCRELDEFINESBYPROPERTIES('1fVAIx740ot0ufQw1ehMFM',#6,$,$,(#16365),#16366);
#16369=IFCRELDEFINESBYPROPERTIES('2WF5N2TG41qFtXzGg1dhQe',#6,$,$,(#16365),#16367);
#16370=IFCMAPPEDITEM(#16344,#8408);
#16371=IFCSHAPEREPRESENTATION(#24,'Body','MappedRepresentation',(#16370));
#16372=IFCPRODUCTDEFINITIONSHAPE($,$,(#16371));
#16373=IFCCARTESIANPOINT((-78.383436449093495,32.198632394751499,0.));
#16374=IFCAXIS2PLACEMENT3D(#16373,#43,#120);
#16376=IFCDOOR('26jjhu0DH0Lxf54dTa$KoB',#6,'Door-Passage-Single-Vision_Lite:36" x 84":1240527',$,$,#17768,#16372,'1240527',7.333333333333333,3.3333333333333321);
#16377=IFCPROPERTYSET('3A4QWazjh_d6ULoYOK170q',#6,'Pset_DoorCommon',$,(#78,#8416));
#16378=IFCPROPERTYSET('3ll9u0dmpu9MnkmcrSRHJ2',#6,'Pset_QuantityTakeOff',$,(#8416));
#16379=IFCRELDEFINESBYPROPERTIES('0LBhgPQ8TsEqSu6RPBfaN$',#6,$,$,(#16376),#16377);
#16380=IFCRELDEFINESBYPROPERTIES('1pg9NLXD70xyXMDyd9jKFb',#6,$,$,(#16376),#16378);
#16381=IFCMAPPEDITEM(#16344,#8408);
#16382=IFCSHAPEREPRESENTATION(#24,'Body','MappedRepresentation',(#16381));
#16383=IFCPRODUCTDEFINITIONSHAPE($,$,(#16382));
#16384=IFCCARTESIANPOINT((-93.883436449093438,28.584049061418067,0.));
#16385=IFCAXIS2PLACEMENT3D(#16384,#43,#168);
#16387=IFCDOOR('26jjhu0DH0Lxf54dTa$KoK',#6,'Door-Passage-Single-Vision_Lite:36" x 84":1240528',$,$,#17706,#16383,'1240528',7.333333333333333,3.3333333333333321);
#16388=IFCPROPERTYSET('0StPEvZCo7NwuwpQTaf1U6',#6,'Pset_DoorCommon',$,(#78,#8416));
#16389=IFCPROPERTYSET('0Vhw6UlMqH4lxlDG5jmum4',#6,'Pset_QuantityTakeOff',$,(#8416));
#16390=IFCRELDEFINESBYPROPERTIES('1rMz3I_AKoF7jtO00UcVuA',#6,$,$,(#16387),#16388);
#16391=IFCRELDEFINESBYPROPERTIES('15fC_jpqBihK8MTUjZieAS',#6,$,$,(#16387),#16389);
#16392=IFCMAPPEDITEM(#16344,#8408);
#16393=IFCSHAPEREPRESENTATION(#24,'Body','MappedRepresentation',(#16392));
#16394=IFCPRODUCTDEFINITIONSHAPE($,$,(#16393));
#16395=IFCCARTESIANPOINT((-44.383436449093452,25.948632394751055,0.));
#16396=IFCAXIS2PLACEMENT3D(#16395,$,$);
#16398=IFCDOOR('26jjhu0DH0Lxf54dTa$KoL',#6,'Door-Passage-Single-Vision_Lite:36" x 84":1240529',$,$,#17783,#16394,'1240529',7.333333333333333,3.3333333333333357);
#16399=IFCPROPERTYSET('1yxMoOjVC_cAMh5XVrRR8_',#6,'Pset_DoorCommon',$,(#78,#8416));
#16400=IFCPROPERTYSET('0ue_M2lVtGfWRcDw$VXpgj',#6,'Pset_QuantityTakeOff',$,(#8416));
#16401=IFCRELDEFINESBYPROPERTIES('1GMbvgL_XZDbPj$HdIeTrE',#6,$,$,(#16398),#16399);
#16402=IFCRELDEFINESBYPROPERTIES('09B8z3U8jUGub$J6hfNn$l',#6,$,$,(#16398),#16400);
#16403=IFCMAPPEDITEM(#16344,#8408);
#16404=IFCSHAPEREPRESENTATION(#24,'Body','MappedRepresentation',(#16403));
#16405=IFCPRODUCTDEFINITIONSHAPE($,$,(#16404));
#16406=IFCCARTESIANPOINT((-41.102186449093367,19.113105322415997,0.));
#16407=IFCAXIS2PLACEMENT3D(#16406,#43,#44);
#16409=IFCDOOR('26jjhu0DH0Lxf54dTa$KoM',#6,'Door-Passage-Single-Vision_Lite:36" x 84":1240530',$,$,#17691,#16405,'1240530',7.333333333333333,3.3333333333333357);
#16410=IFCPROPERTYSET('03wxKAA_cyiiLJzK7csczN',#6,'Pset_DoorCommon',$,(#78,#8416));
#16411=IFCPROPERTYSET('2J$jBemiZxGi9y8YZuLGfR',#6,'Pset_QuantityTakeOff',$,(#8416));
#16412=IFCRELDEFINESBYPROPERTIES('3BMzXVWvLQ7jAn9DBKpBtt',#6,$,$,(#16409),#16410);
#16413=IFCRELDEFINESBYPROPERTIES('1MiW8UGojbf6TDVMzYnj_C',#6,$,$,(#16409),#16411);
#16414=IFCMAPPEDITEM(#16344,#8408);
#16415=IFCSHAPEREPRESENTATION(#24,'Body','MappedRepresentation',(#16414));
#16416=IFCPRODUCTDEFINITIONSHAPE($,$,(#16415));
#16417=IFCCARTESIANPOINT((-4.550103115760141,25.948632394750984,0.));
#16418=IFCAXIS2PLACEMENT3D(#16417,$,$);
#16420=IFCDOOR('26jjhu0DH0Lxf54dTa$KoN',#6,'Door-Passage-Single-Vision_Lite:36" x 84":1240531',$,$,#17645,#16416,'1240531',7.333333333333333,3.333333333333333);
#16421=IFCPROPERTYSET('15Sj2jiE1qP_M5FfJRORpN',#6,'Pset_DoorCommon',$,(#78,#8416));
#16422=IFCPROPERTYSET('3CU5014pj6LO4Ih_cDS6SC',#6,'Pset_QuantityTakeOff',$,(#8416));
#16423=IFCRELDEFINESBYPROPERTIES('0X_e3XSiTjoR7iMnvnfwZI',#6,$,$,(#16420),#16421);
#16424=IFCRELDEFINESBYPROPERTIES('0AN_LhcQmhAL1pSQn28GvA',#6,$,$,(#16420),#16422);
#16425=IFCMAPPEDITEM(#16344,#8408);
#16426=IFCSHAPEREPRESENTATION(#24,'Body','MappedRepresentation',(#16425));
#16427=IFCPRODUCTDEFINITIONSHAPE($,$,(#16426));
#16428=IFCCARTESIANPOINT((36.699896884239948,25.948632394750984,0.));
#16429=IFCAXIS2PLACEMENT3D(#16428,$,$);
#16431=IFCDOOR('26jjhu0DH0Lxf54dTa$KoG',#6,'Door-Passage-Single-Vision_Lite:36" x 84":1240532',$,$,#17630,#16427,'1240532',7.333333333333333,3.3333333333333357);
#16432=IFCPROPERTYSET('3KqGbCD7K4c4b4_8n7gtDk',#6,'Pset_DoorCommon',$,(#78,#8416));
#16433=IFCPROPERTYSET('2q3L0Gk_Ts$rWfFMJlA$Xn',#6,'Pset_QuantityTakeOff',$,(#8416));
#16434=IFCRELDEFINESBYPROPERTIES('0JCvm24fMPbhGZOmicbiUd',#6,$,$,(#16431),#16432);
#16435=IFCRELDEFINESBYPROPERTIES('32_bU$3Zsw0nKMIU72mtj9',#6,$,$,(#16431),#16433);
#16436=IFCMAPPEDITEM(#16344,#8408);
#16437=IFCSHAPEREPRESENTATION(#24,'Body','MappedRepresentation',(#16436));
#16438=IFCPRODUCTDEFINITIONSHAPE($,$,(#16437));
#16439=IFCCARTESIANPOINT((-17.63343644909342,-18.720228010917435,0.));
#16440=IFCAXIS2PLACEMENT3D(#16439,#43,#44);
#16442=IFCDOOR('26jjhu0DH0Lxf54dTa$KoH',#6,'Door-Passage-Single-Vision_Lite:36" x 84":1240533',$,$,#17676,#16438,'1240533',7.333333333333333,3.3333333333333321);
#16443=IFCPROPERTYSET('1ZRUbcjULOlElFE3gXfPtg',#6,'Pset_DoorCommon',$,(#78,#8416));
#16444=IFCPROPERTYSET('0QU$fXN7EgK8sMwiUGGxTC',#6,'Pset_QuantityTakeOff',$,(#8416));
#16445=IFCRELDEFINESBYPROPERTIES('0gEFtmKcSaM2AkuwmPbe1i',#6,$,$,(#16442),#16443);
#16446=IFCRELDEFINESBYPROPERTIES('1BSIpNkzA5BNDLXXqE$27F',#6,$,$,(#16442),#16444);
#16447=IFCMAPPEDITEM(#8383,#8408);
#16448=IFCSHAPEREPRESENTATION(#24,'Body','MappedRepresentation',(#16447));
#16449=IFCPRODUCTDEFINITIONSHAPE($,$,(#16448));
#16450=IFCCARTESIANPOINT((48.533230217573205,-18.678561344250788,0.));
#16451=IFCAXIS2PLACEMENT3D(#16450,#43,#44);
#16453=IFCDOOR('26jjhu0DH0Lxf54dTa$KoI',#6,'Door-Passage-Single-Vision_Lite:36" x 84":1240534',$,$,#17661,#16449,'1240534',7.333333333333333,3.3333333333333357);
#16454=IFCPROPERTYSET('1PnA9bI$HMDbQay_3LEUg_',#6,'Pset_DoorCommon',$,(#78,#8416));
#16455=IFCPROPERTYSET('3X_$d215gk5fuLOfe30oRc',#6,'Pset_QuantityTakeOff',$,(#8416));
#16456=IFCRELDEFINESBYPROPERTIES('1kAt9mZLMC7ndJ5Oq3d3Uo',#6,$,$,(#16453),#16454);
#16457=IFCRELDEFINESBYPROPERTIES('3_ser7kCf7DZwESQbL8ifs',#6,$,$,(#16453),#16455);
#16458=IFCCARTESIANPOINT((-104.13343644909344,26.584049061418078,0.));
#16459=IFCAXIS2PLACEMENT3D(#16458,#43,#168);
#16460=IFCLOCALPLACEMENT(#33,#16459);
#16461=IFCCARTESIANPOINT((10.015625000000007,0.));
#16462=IFCPOLYLINE((#47,#16461));
#16463=IFCSHAPEREPRESENTATION(#23,'Axis','Curve2D',(#16462));
#16464=IFCPRODUCTDEFINITIONSHAPE($,$,(#16463,#16475));
#16465=IFCCARTESIANPOINT((5.0078125000000036,8.3266726846886741E-017));
#16466=IFCAXIS2PLACEMENT2D(#16465,#128);
#16467=IFCRECTANGLEPROFILEDEF(.AREA.,$,#16466,10.015625000000007,0.66666666666665719);
#16468=IFCAXIS2PLACEMENT3D(#19,$,$);
#16469=IFCEXTRUDEDAREASOLID(#16467,#16468,#43,12.);
#16470=IFCCOLOURRGB($,0.75294117647058822,0.75294117647058822,0.75294117647058822);
#16471=IFCSURFACESTYLERENDERING(#16470,0.,$,$,$,$,IFCNORMALISEDRATIOMEASURE(0.5),IFCSPECULAREXPONENT(10.),.NOTDEFINED.);
#16472=IFCSURFACESTYLE('Default Wall',.BOTH.,(#16471));
#16473=IFCPRESENTATIONSTYLEASSIGNMENT((#16472));
#16474=IFCSTYLEDITEM(#16469,(#16473),$);
#16475=IFCSHAPEREPRESENTATION(#24,'Body','SweptSolid',(#16469));
#16476=IFCWALLSTANDARDCASE('05o6FGHbvAcep$f8mox0ZS',#6,'Basic Wall:Generic - 8":1242155',$,$,#16460,#16464,'1242155');
#16477=IFCMATERIAL('Default Wall');
#16478=IFCPRESENTATIONSTYLEASSIGNMENT((#16472));
#16479=IFCSTYLEDITEM($,(#16478),$);
#16480=IFCSTYLEDREPRESENTATION(#22,'Style','Material',(#16479));
#16481=IFCMATERIALDEFINITIONREPRESENTATION($,$,(#16480),#16477);
#16482=IFCMATERIALLAYER(#16477,0.66666666666666663,$);
#16483=IFCMATERIALLAYERSET((#16482),'Basic Wall:Generic - 8"');
#16484=IFCMATERIALLAYERSETUSAGE(#16483,.AXIS2.,.NEGATIVE.,0.33333333333333331);
#16485=IFCWALLTYPE('1xZrMVYp52mhf4uMzw11Hk',#6,'Basic Wall:Generic - 8"',$,$,(#16495),$,'441451',$,.STANDARD.);
#16486=IFCPROPERTYSINGLEVALUE('Reference',$,IFCIDENTIFIER('Generic - 8"'),$);
#16487=IFCPROPERTYSET('2uGCn2aDHcNpZpdcLRYW5z',#6,'Pset_QuantityTakeOff',$,(#16486));
#16488=IFCPROPERTYSINGLEVALUE('Reference',$,IFCLABEL('Generic - 8"'),$);
#16489=IFCPROPERTYSET('2vPnLXY1YyaEzT17sfwhBg',#6,'Pset_ReinforcementBarPitchOfWall',$,(#16488));
#16490=IFCPROPERTYSET('251Nw2MrlOlGNKJHRe$Bhj',#6,'Pset_WallCommon',$,(#78,#79,#80,#16486));
#16491=IFCRELDEFINESBYPROPERTIES('2a5xoDIi2_X8KcqbdJMxgn',#6,$,$,(#16476),#16487);
#16492=IFCRELDEFINESBYPROPERTIES('1H8J$BinTI9OkTpIBqjnjh',#6,$,$,(#16476),#16489);
#16493=IFCRELDEFINESBYPROPERTIES('3UG3pQSKsZCWFIilPRsBfq',#6,$,$,(#16476),#16490);
#16494=IFCPROPERTYSINGLEVALUE('Description',$,IFCTEXT('Generic Wall (Material By Category), 8" thick'),$);
#16495=IFCPROPERTYSET('2L7lvTstnIeeydfwzfZZLR',#6,'Pset_ReinforcementBarPitchOfWall',$,(#16494));
#16496=IFCCARTESIANPOINT((-103.80010311576008,36.266340728084749,0.));
#16497=IFCAXIS2PLACEMENT3D(#16496,$,$);
#16498=IFCLOCALPLACEMENT(#33,#16497);
#16499=IFCCARTESIANPOINT((9.2812499999999716,0.));
#16500=IFCPOLYLINE((#47,#16499));
#16501=IFCSHAPEREPRESENTATION(#23,'Axis','Curve2D',(#16500));
#16502=IFCPRODUCTDEFINITIONSHAPE($,$,(#16501,#16509));
#16503=IFCCARTESIANPOINT((4.6406249999999858,0.));
#16504=IFCAXIS2PLACEMENT2D(#16503,#128);
#16505=IFCRECTANGLEPROFILEDEF(.AREA.,$,#16504,9.2812499999999716,0.6666666666666714);
#16506=IFCAXIS2PLACEMENT3D(#19,$,$);
#16507=IFCEXTRUDEDAREASOLID(#16505,#16506,#43,12.);
#16508=IFCSTYLEDITEM(#16507,(#16473),$);
#16509=IFCSHAPEREPRESENTATION(#24,'Body','SweptSolid',(#16507));
#16510=IFCWALLSTANDARDCASE('05o6FGHbvAcep$f8mox0X0',#6,'Basic Wall:Generic - 8":1242295',$,$,#16498,#16502,'1242295');
#16511=IFCMATERIALLAYERSETUSAGE(#16483,.AXIS2.,.POSITIVE.,-0.33333333333333331);
#16512=IFCPROPERTYSET('0GgJWY8Fhrp1zsKCwDCcow',#6,'Pset_QuantityTakeOff',$,(#16486));
#16513=IFCPROPERTYSINGLEVALUE('Reference',$,IFCLABEL('Generic - 8"'),$);
#16514=IFCPROPERTYSET('2rW6oIS7WpDw$b9JiEQ1V6',#6,'Pset_ReinforcementBarPitchOfWall',$,(#16513));
#16515=IFCPROPERTYSET('0BVYtnSFbIDJfFWqkQpYNB',#6,'Pset_WallCommon',$,(#78,#79,#80,#16486));
#16516=IFCRELDEFINESBYPROPERTIES('3dxRt$BnWj324ZDnIBCV$W',#6,$,$,(#16510),#16512);
#16517=IFCRELDEFINESBYPROPERTIES('0PCuEkoY8GAJUTJ97Jf_kX',#6,$,$,(#16510),#16514);
#16518=IFCRELDEFINESBYPROPERTIES('21o5bAM08pMcNcDXG1Wqo7',#6,$,$,(#16510),#16515);
#16519=IFCCARTESIANPOINT((-94.18551978242678,38.584049061418135,0.));
#16520=IFCAXIS2PLACEMENT3D(#16519,#43,#168);
#16521=IFCLOCALPLACEMENT(#33,#16520);
#16522=IFCCARTESIANPOINT((6.3333333333330444,-0.));
#16523=IFCPOLYLINE((#47,#16522));
#16524=IFCSHAPEREPRESENTATION(#23,'Axis','Curve2D',(#16523));
#16525=IFCPRODUCTDEFINITIONSHAPE($,$,(#16524,#16532));
#16526=IFCCARTESIANPOINT((3.1666666666665222,-2.55351295663786E-015));
#16527=IFCAXIS2PLACEMENT2D(#16526,#128);
#16528=IFCRECTANGLEPROFILEDEF(.AREA.,$,#16527,6.3333333333330444,0.66666666666665719);
#16529=IFCAXIS2PLACEMENT3D(#19,$,$);
#16530=IFCEXTRUDEDAREASOLID(#16528,#16529,#43,12.);
#16531=IFCSTYLEDITEM(#16530,(#16473),$);
#16532=IFCSHAPEREPRESENTATION(#24,'Body','SweptSolid',(#16530));
#16533=IFCWALLSTANDARDCASE('05o6FGHbvAcep$f8mox0bU',#6,'Basic Wall:Generic - 8":1242537',$,$,#16521,#16525,'1242537');
#16534=IFCMATERIALLAYERSETUSAGE(#16483,.AXIS2.,.NEGATIVE.,0.33333333333333331);
#16535=IFCPROPERTYSET('2lkd2bhBgkgxJhdYorH2Lv',#6,'Pset_QuantityTakeOff',$,(#16486));
#16536=IFCPROPERTYSINGLEVALUE('Reference',$,IFCLABEL('Generic - 8"'),$);
#16537=IFCPROPERTYSET('1wEMvjt42JwVPUsGHazbF3',#6,'Pset_ReinforcementBarPitchOfWall',$,(#16536));
#16538=IFCPROPERTYSET('28Od1ZcNx8l320QZG514b1',#6,'Pset_WallCommon',$,(#78,#79,#80,#16486));
#16539=IFCRELDEFINESBYPROPERTIES('3mTQbbZKsqLGFmAoa9hlzt',#6,$,$,(#16533),#16535);
#16540=IFCRELDEFINESBYPROPERTIES('1XOzQ6T2wCuj39ZLB5Xlhr',#6,$,$,(#16533),#16537);
#16541=IFCRELDEFINESBYPROPERTIES('3SJq9kSogGkMQSo3MSpf6F',#6,$,$,(#16533),#16538);
#16542=IFCCARTESIANPOINT((-93.852186449093438,44.584049061417844,0.));
#16543=IFCAXIS2PLACEMENT3D(#16542,$,$);
#16544=IFCLOCALPLACEMENT(#33,#16543);
#16545=IFCCARTESIANPOINT((26.7708333333333,0.));
#16546=IFCPOLYLINE((#47,#16545));
#16547=IFCSHAPEREPRESENTATION(#23,'Axis','Curve2D',(#16546));
#16548=IFCPRODUCTDEFINITIONSHAPE($,$,(#16547,#16555));
#16549=IFCCARTESIANPOINT((13.38541666666665,-1.4988010832439613E-015));
#16550=IFCAXIS2PLACEMENT2D(#16549,#128);
#16551=IFCRECTANGLEPROFILEDEF(.AREA.,$,#16550,26.7708333333333,0.6666666666666714);
#16552=IFCAXIS2PLACEMENT3D(#19,$,$);
#16553=IFCEXTRUDEDAREASOLID(#16551,#16552,#43,12.);
#16554=IFCSTYLEDITEM(#16553,(#16473),$);
#16555=IFCSHAPEREPRESENTATION(#24,'Body','SweptSolid',(#16553));
#16556=IFCWALLSTANDARDCASE('05o6FGHbvAcep$f8mox0gn',#6,'Basic Wall:Generic - 8":1242694',$,$,#16544,#16548,'1242694');
#16557=IFCMATERIALLAYERSETUSAGE(#16483,.AXIS2.,.POSITIVE.,-0.33333333333333331);
#16558=IFCPROPERTYSET('0TgQIvdeHQk$Hl6a5hALhg',#6,'Pset_QuantityTakeOff',$,(#16486));
#16559=IFCPROPERTYSINGLEVALUE('Reference',$,IFCLABEL('Generic - 8"'),$);
#16560=IFCPROPERTYSET('2YLtk3Ai9TinHN8lTfesNj',#6,'Pset_ReinforcementBarPitchOfWall',$,(#16559));
#16561=IFCPROPERTYSET('3QalWlsP1duDmbLMGbkw6c',#6,'Pset_WallCommon',$,(#78,#79,#80,#16486));
#16562=IFCRELDEFINESBYPROPERTIES('2OGio_xOxQYE$uNGP4aoeo',#6,$,$,(#16556),#16558);
#16563=IFCRELDEFINESBYPROPERTIES('21LEZ8n_RdGL8SV_k6fq0k',#6,$,$,(#16556),#16560);
#16564=IFCRELDEFINESBYPROPERTIES('1jbIySeIkHwQM4G3F$EoCJ',#6,$,$,(#16556),#16561);
#16565=IFCCARTESIANPOINT((-84.065728115760109,44.250715728084486,0.));
#16566=IFCAXIS2PLACEMENT3D(#16565,#43,#120);
#16567=IFCLOCALPLACEMENT(#33,#16566);
#16568=IFCCARTESIANPOINT((5.6666666666663517,-0.));
#16569=IFCPOLYLINE((#47,#16568));
#16570=IFCSHAPEREPRESENTATION(#23,'Axis','Curve2D',(#16569));
#16571=IFCPRODUCTDEFINITIONSHAPE($,$,(#16570,#16578));
#16572=IFCCARTESIANPOINT((2.8333333333331758,-3.0808688933348094E-015));
#16573=IFCAXIS2PLACEMENT2D(#16572,#128);
#16574=IFCRECTANGLEPROFILEDEF(.AREA.,$,#16573,5.6666666666663517,0.66666666666665719);
#16575=IFCAXIS2PLACEMENT3D(#19,$,$);
#16576=IFCEXTRUDEDAREASOLID(#16574,#16575,#43,12.);
#16577=IFCSTYLEDITEM(#16576,(#16473),$);
#16578=IFCSHAPEREPRESENTATION(#24,'Body','SweptSolid',(#16576));
#16579=IFCWALLSTANDARDCASE('05o6FGHbvAcep$f8mox0et',#6,'Basic Wall:Generic - 8":1242816',$,$,#16567,#16571,'1242816');
#16580=IFCMATERIALLAYERSETUSAGE(#16483,.AXIS2.,.NEGATIVE.,0.33333333333333331);
#16581=IFCPROPERTYSET('0oOSPoY1MN35UFkebmwyd5',#6,'Pset_QuantityTakeOff',$,(#16486));
#16582=IFCPROPERTYSINGLEVALUE('Reference',$,IFCLABEL('Generic - 8"'),$);
#16583=IFCPROPERTYSET('35Pv9MevPJauBLMF$DYR18',#6,'Pset_ReinforcementBarPitchOfWall',$,(#16582));
#16584=IFCPROPERTYSET('2PfXVjN6d$PEyOilwWkgJj',#6,'Pset_WallCommon',$,(#78,#79,#80,#16486));
#16585=IFCRELDEFINESBYPROPERTIES('1sHgvkFAuqWeIFSfBnyy_1',#6,$,$,(#16579),#16581);
#16586=IFCRELDEFINESBYPROPERTIES('3iFqJi2ADrN8036ZT8tFJq',#6,$,$,(#16579),#16583);
#16587=IFCRELDEFINESBYPROPERTIES('2p8xlfDPfCEZGmMNRbkByW',#6,$,$,(#16579),#16584);
#16588=IFCCARTESIANPOINT((-67.414686449093466,44.25071572808443,0.));
#16589=IFCAXIS2PLACEMENT3D(#16588,#43,#120);
#16590=IFCLOCALPLACEMENT(#33,#16589);
#16591=IFCCARTESIANPOINT((17.666666666666636,-0.));
#16592=IFCPOLYLINE((#47,#16591));
#16593=IFCSHAPEREPRESENTATION(#23,'Axis','Curve2D',(#16592));
#16594=IFCPRODUCTDEFINITIONSHAPE($,$,(#16593,#16601));
#16595=IFCCARTESIANPOINT((8.8333333333333179,-3.1363800445660672E-015));
#16596=IFCAXIS2PLACEMENT2D(#16595,#128);
#16597=IFCRECTANGLEPROFILEDEF(.AREA.,$,#16596,17.666666666666636,0.66666666666665719);
#16598=IFCAXIS2PLACEMENT3D(#19,$,$);
#16599=IFCEXTRUDEDAREASOLID(#16597,#16598,#43,12.);
#16600=IFCSTYLEDITEM(#16599,(#16473),$);
#16601=IFCSHAPEREPRESENTATION(#24,'Body','SweptSolid',(#16599));
#16602=IFCWALLSTANDARDCASE('05o6FGHbvAcep$f8mox0HC',#6,'Basic Wall:Generic - 8":1243323',$,$,#16590,#16594,'1243323');
#16603=IFCMATERIALLAYERSETUSAGE(#16483,.AXIS2.,.NEGATIVE.,0.33333333333333331);
#16604=IFCPROPERTYSET('0zxMrKReedwHS6VerKUskR',#6,'Pset_QuantityTakeOff',$,(#16486));
#16605=IFCPROPERTYSINGLEVALUE('Reference',$,IFCLABEL('Generic - 8"'),$);
#16606=IFCPROPERTYSET('1Nv8s0CCZnk6z71b4OVOos',#6,'Pset_ReinforcementBarPitchOfWall',$,(#16605));
#16607=IFCPROPERTYSET('3REnkQfmQs3kQuD2qSLC0e',#6,'Pset_WallCommon',$,(#78,#79,#80,#16486));
#16608=IFCRELDEFINESBYPROPERTIES('1LiLEbd$WTItTZvDzE3v2b',#6,$,$,(#16602),#16604);
#16609=IFCRELDEFINESBYPROPERTIES('1HQBH_dxMYY1GckJttvFgf',#6,$,$,(#16602),#16606);
#16610=IFCRELDEFINESBYPROPERTIES('0pRd93dEoomjujE9FAgYf7',#6,$,$,(#16602),#16607);
#16611=IFCCARTESIANPOINT((40.564480217573269,26.584049061417652,0.));
#16612=IFCAXIS2PLACEMENT3D(#16611,#43,#168);
#16613=IFCLOCALPLACEMENT(#33,#16612);
#16614=IFCCARTESIANPOINT((10.666666666666615,0.));
#16615=IFCPOLYLINE((#47,#16614));
#16616=IFCSHAPEREPRESENTATION(#23,'Axis','Curve2D',(#16615));
#16617=IFCPRODUCTDEFINITIONSHAPE($,$,(#16616,#16624));
#16618=IFCCARTESIANPOINT((5.3333333333333073,1.2490009027033011E-015));
#16619=IFCAXIS2PLACEMENT2D(#16618,#128);
#16620=IFCRECTANGLEPROFILEDEF(.AREA.,$,#16619,10.666666666666615,0.6666666666666714);
#16621=IFCAXIS2PLACEMENT3D(#19,$,$);
#16622=IFCEXTRUDEDAREASOLID(#16620,#16621,#43,12.);
#16623=IFCSTYLEDITEM(#16622,(#16473),$);
#16624=IFCSHAPEREPRESENTATION(#24,'Body','SweptSolid',(#16622));
#16625=IFCWALLSTANDARDCASE('05o6FGHbvAcep$f8mox0T8',#6,'Basic Wall:Generic - 8":1244095',$,$,#16613,#16617,'1244095');
#16626=IFCMATERIALLAYERSETUSAGE(#16483,.AXIS2.,.POSITIVE.,-0.33333333333333331);
#16627=IFCPROPERTYSET('17d0PLY26Fe45xo65e9RjY',#6,'Pset_QuantityTakeOff',$,(#16486));
#16628=IFCPROPERTYSINGLEVALUE('Reference',$,IFCLABEL('Generic - 8"'),$);
#16629=IFCPROPERTYSET('2eb2s$7bKSkhYI8rBfs_eO',#6,'Pset_ReinforcementBarPitchOfWall',$,(#16628));
#16630=IFCPROPERTYSET('1NDPDeVd2hduQC89NV55Pd',#6,'Pset_WallCommon',$,(#78,#79,#80,#16486));
#16631=IFCRELDEFINESBYPROPERTIES('3$KbnbUgJgOW9XGwoSmIDE',#6,$,$,(#16625),#16627);
#16632=IFCRELDEFINESBYPROPERTIES('2zZbY_VkLz$BOuRtHS8MBx',#6,$,$,(#16625),#16629);
#16633=IFCRELDEFINESBYPROPERTIES('1yVKwtBYOpsYNQsCnWn$3v',#6,$,$,(#16625),#16630);
#16634=IFCCARTESIANPOINT((-40.268853115760045,26.584049061417705,0.));
#16635=IFCAXIS2PLACEMENT3D(#16634,#43,#168);
#16636=IFCLOCALPLACEMENT(#33,#16635);
#16637=IFCCARTESIANPOINT((10.666666666666668,0.));
#16638=IFCPOLYLINE((#47,#16637));
#16639=IFCSHAPEREPRESENTATION(#23,'Axis','Curve2D',(#16638));
#16640=IFCPRODUCTDEFINITIONSHAPE($,$,(#16639,#16647));
#16641=IFCCARTESIANPOINT((5.3333333333333339,1.3877787807814457E-015));
#16642=IFCAXIS2PLACEMENT2D(#16641,#128);
#16643=IFCRECTANGLEPROFILEDEF(.AREA.,$,#16642,10.666666666666668,0.6666666666666714);
#16644=IFCAXIS2PLACEMENT3D(#19,$,$);
#16645=IFCEXTRUDEDAREASOLID(#16643,#16644,#43,12.);
#16646=IFCSTYLEDITEM(#16645,(#16473),$);
#16647=IFCSHAPEREPRESENTATION(#24,'Body','SweptSolid',(#16645));
#16648=IFCWALLSTANDARDCASE('05o6FGHbvAcep$f8mox01d',#6,'Basic Wall:Generic - 8":1244304',$,$,#16636,#16640,'1244304');
#16649=IFCMATERIALLAYERSETUSAGE(#16483,.AXIS2.,.NEGATIVE.,0.33333333333333331);
#16650=IFCPROPERTYSET('1p1w9adKDABfNY3YZC0Kkl',#6,'Pset_QuantityTakeOff',$,(#16486));
#16651=IFCPROPERTYSINGLEVALUE('Reference',$,IFCLABEL('Generic - 8"'),$);
#16652=IFCPROPERTYSET('0op$sKvSmCpJ0_XTZ1Wd61',#6,'Pset_ReinforcementBarPitchOfWall',$,(#16651));
#16653=IFCPROPERTYSET('2CBojwqzbyQjemOohH97ln',#6,'Pset_WallCommon',$,(#78,#79,#80,#16486));
#16654=IFCRELDEFINESBYPROPERTIES('1kRJZsLJ0yvh50Vi4anoye',#6,$,$,(#16648),#16650);
#16655=IFCRELDEFINESBYPROPERTIES('118hnabHdpqYBkQlUPWnw4',#6,$,$,(#16648),#16652);
#16656=IFCRELDEFINESBYPROPERTIES('0gIKvesZhT4$wyRi35Yi8v',#6,$,$,(#16648),#16653);
#16657=IFCCARTESIANPOINT((29.897813550906601,26.584049061417652,0.));
#16658=IFCAXIS2PLACEMENT3D(#16657,#43,#168);
#16659=IFCLOCALPLACEMENT(#33,#16658);
#16660=IFCCARTESIANPOINT((10.66666666666665,-0.));
#16661=IFCPOLYLINE((#47,#16660));
#16662=IFCSHAPEREPRESENTATION(#23,'Axis','Curve2D',(#16661));
#16663=IFCPRODUCTDEFINITIONSHAPE($,$,(#16662,#16670));
#16664=IFCCARTESIANPOINT((5.333333333333325,-3.8857805861880479E-016));
#16665=IFCAXIS2PLACEMENT2D(#16664,#128);
#16666=IFCRECTANGLEPROFILEDEF(.AREA.,$,#16665,10.66666666666665,0.6666666666666643);
#16667=IFCAXIS2PLACEMENT3D(#19,$,$);
#16668=IFCEXTRUDEDAREASOLID(#16666,#16667,#43,12.);
#16669=IFCSTYLEDITEM(#16668,(#16473),$);
#16670=IFCSHAPEREPRESENTATION(#24,'Body','SweptSolid',(#16668));
#16671=IFCWALLSTANDARDCASE('05o6FGHbvAcep$f8mox005',#6,'Basic Wall:Generic - 8":1244402',$,$,#16659,#16663,'1244402');
#16672=IFCMATERIALLAYERSETUSAGE(#16483,.AXIS2.,.NEGATIVE.,0.33333333333333331);
#16673=IFCPROPERTYSET('0hed5Z2tC2ZNXSJm_io3fW',#6,'Pset_QuantityTakeOff',$,(#16486));
#16674=IFCPROPERTYSINGLEVALUE('Reference',$,IFCLABEL('Generic - 8"'),$);
#16675=IFCPROPERTYSET('0TWicd8sXTHJsPZnZAd8hT',#6,'Pset_ReinforcementBarPitchOfWall',$,(#16674));
#16676=IFCPROPERTYSET('0P_Vsvms2CtmvfeAezUhM3',#6,'Pset_WallCommon',$,(#78,#79,#80,#16486));
#16677=IFCRELDEFINESBYPROPERTIES('1VraEW0QD0$BzP3MkKqjpO',#6,$,$,(#16671),#16673);
#16678=IFCRELDEFINESBYPROPERTIES('2AomTpHiVj3RhXrx$VwJKa',#6,$,$,(#16671),#16675);
#16679=IFCRELDEFINESBYPROPERTIES('3utSCnnSarMS_Gemnb03Ev',#6,$,$,(#16671),#16676);
#16680=IFCCARTESIANPOINT((-60.935519782426709,18.4776886557494,0.));
#16681=IFCAXIS2PLACEMENT3D(#16680,#43,#120);
#16682=IFCLOCALPLACEMENT(#33,#16681);
#16683=IFCCARTESIANPOINT((20.666666666666671,-0.));
#16684=IFCPOLYLINE((#47,#16683));
#16685=IFCSHAPEREPRESENTATION(#23,'Axis','Curve2D',(#16684));
#16686=IFCPRODUCTDEFINITIONSHAPE($,$,(#16685,#16693));
#16687=IFCCARTESIANPOINT((10.333333333333336,-1.3322676295501878E-015));
#16688=IFCAXIS2PLACEMENT2D(#16687,#128);
#16689=IFCRECTANGLEPROFILEDEF(.AREA.,$,#16688,20.666666666666671,0.6666666666666714);
#16690=IFCAXIS2PLACEMENT3D(#19,$,$);
#16691=IFCEXTRUDEDAREASOLID(#16689,#16690,#43,12.);
#16692=IFCSTYLEDITEM(#16691,(#16473),$);
#16693=IFCSHAPEREPRESENTATION(#24,'Body','SweptSolid',(#16691));
#16694=IFCWALLSTANDARDCASE('05o6FGHbvAcep$f8mox0BM',#6,'Basic Wall:Generic - 8":1244705',$,$,#16682,#16686,'1244705');
#16695=IFCMATERIALLAYERSETUSAGE(#16483,.AXIS2.,.NEGATIVE.,0.33333333333333331);
#16696=IFCPROPERTYSET('01nr5Dd24$pcn6nHA8adpR',#6,'Pset_QuantityTakeOff',$,(#16486));
#16697=IFCPROPERTYSINGLEVALUE('Reference',$,IFCLABEL('Generic - 8"'),$);
#16698=IFCPROPERTYSET('2cwZLr7LyLuigH_J244X0Z',#6,'Pset_ReinforcementBarPitchOfWall',$,(#16697));
#16699=IFCPROPERTYSET('2pTOCpMp0Asp88HY7vkx6l',#6,'Pset_WallCommon',$,(#78,#79,#80,#16486));
#16700=IFCRELDEFINESBYPROPERTIES('3EkaSI3PZgmv3RI8Tf9FwI',#6,$,$,(#16694),#16696);
#16701=IFCRELDEFINESBYPROPERTIES('0cqxFxSDYcvCU$Gh$rI8KI',#6,$,$,(#16694),#16698);
#16702=IFCRELDEFINESBYPROPERTIES('1hYJEH6gkEZWFig81iDMKL',#6,$,$,(#16694),#16699);
#16703=IFCCARTESIANPOINT((-60.602186449093409,-1.8556446775839375,0.));
#16704=IFCAXIS2PLACEMENT3D(#16703,$,$);
#16705=IFCLOCALPLACEMENT(#33,#16704);
#16706=IFCCARTESIANPOINT((20.8541666666666,0.));
#16707=IFCPOLYLINE((#47,#16706));
#16708=IFCSHAPEREPRESENTATION(#23,'Axis','Curve2D',(#16707));
#16709=IFCPRODUCTDEFINITIONSHAPE($,$,(#16708,#16716));
#16710=IFCCARTESIANPOINT((10.4270833333333,-1.9428902930940239E-016));
#16711=IFCAXIS2PLACEMENT2D(#16710,#128);
#16712=IFCRECTANGLEPROFILEDEF(.AREA.,$,#16711,20.8541666666666,0.66666666666666696);
#16713=IFCAXIS2PLACEMENT3D(#19,$,$);
#16714=IFCEXTRUDEDAREASOLID(#16712,#16713,#43,12.);
#16715=IFCSTYLEDITEM(#16714,(#16473),$);
#16716=IFCSHAPEREPRESENTATION(#24,'Body','SweptSolid',(#16714));
#16717=IFCWALLSTANDARDCASE('05o6FGHbvAcep$f8mox09n',#6,'Basic Wall:Generic - 8":1244806',$,$,#16705,#16709,'1244806');
#16718=IFCMATERIALLAYERSETUSAGE(#16483,.AXIS2.,.NEGATIVE.,0.33333333333333331);
#16719=IFCPROPERTYSET('1Xdw6dTiOuS8ma8EPNahxW',#6,'Pset_QuantityTakeOff',$,(#16486));
#16720=IFCPROPERTYSINGLEVALUE('Reference',$,IFCLABEL('Generic - 8"'),$);
#16721=IFCPROPERTYSET('3ma9NTpvG5FS4cuPg2WERe',#6,'Pset_ReinforcementBarPitchOfWall',$,(#16720));
#16722=IFCPROPERTYSET('2o3J_gVsT4SUI7V29$E_NJ',#6,'Pset_WallCommon',$,(#78,#79,#80,#16486));
#16723=IFCRELDEFINESBYPROPERTIES('16YdJ0Ns4Yd4BtXq5$Ftvu',#6,$,$,(#16717),#16719);
#16724=IFCRELDEFINESBYPROPERTIES('1jonbucTju3obE1cRyfGMT',#6,$,$,(#16717),#16721);
#16725=IFCRELDEFINESBYPROPERTIES('1KpFgZUH1dnUskhlk623AF',#6,$,$,(#16717),#16722);
#16726=IFCCARTESIANPOINT((-40.268853115760045,18.477688655749333,0.));
#16727=IFCAXIS2PLACEMENT3D(#16726,#43,#120);
#16728=IFCLOCALPLACEMENT(#33,#16727);
#16729=IFCCARTESIANPOINT((20.,0.));
#16730=IFCPOLYLINE((#47,#16729));
#16731=IFCSHAPEREPRESENTATION(#23,'Axis','Curve2D',(#16730));
#16732=IFCPRODUCTDEFINITIONSHAPE($,$,(#16731,#16739));
#16733=IFCCARTESIANPOINT((10.000000000000002,1.6653345369377348E-015));
#16734=IFCAXIS2PLACEMENT2D(#16733,#128);
#16735=IFCRECTANGLEPROFILEDEF(.AREA.,$,#16734,20.000000000000004,0.6666666666666714);
#16736=IFCAXIS2PLACEMENT3D(#19,$,$);
#16737=IFCEXTRUDEDAREASOLID(#16735,#16736,#43,12.);
#16738=IFCSTYLEDITEM(#16737,(#16473),$);
#16739=IFCSHAPEREPRESENTATION(#24,'Body','SweptSolid',(#16737));
#16740=IFCWALLSTANDARDCASE('05o6FGHbvAcep$f8mox08R',#6,'Basic Wall:Generic - 8":1244908',$,$,#16728,#16732,'1244908');
#16741=IFCMATERIALLAYERSETUSAGE(#16483,.AXIS2.,.POSITIVE.,-0.33333333333333331);
#16742=IFCPROPERTYSET('39ueC3XKeKMHJZ3HB_e6Y7',#6,'Pset_QuantityTakeOff',$,(#16486));
#16743=IFCPROPERTYSINGLEVALUE('Reference',$,IFCLABEL('Generic - 8"'),$);
#16744=IFCPROPERTYSET('0bh6QYShWMpCjSqvxvRZqG',#6,'Pset_ReinforcementBarPitchOfWall',$,(#16743));
#16745=IFCPROPERTYSET('16Mkz6yFBHhCgSLqyV$$pf',#6,'Pset_WallCommon',$,(#78,#79,#80,#16486));
#16746=IFCRELDEFINESBYPROPERTIES('3Hmi982vmDsztTQq5kgmG4',#6,$,$,(#16740),#16742);
#16747=IFCRELDEFINESBYPROPERTIES('3mYqZllcCqde4nC17wUvGG',#6,$,$,(#16740),#16744);
#16748=IFCRELDEFINESBYPROPERTIES('18xHpt0FSTiZeWZCoftm14',#6,$,$,(#16740),#16745);
#16749=IFCCARTESIANPOINT((-22.268853115760134,-19.355644677584099,0.));
#16750=IFCAXIS2PLACEMENT3D(#16749,#43,#120);
#16751=IFCLOCALPLACEMENT(#33,#16750);
#16752=IFCCARTESIANPOINT((10.666666666666568,-0.));
#16753=IFCPOLYLINE((#47,#16752));
#16754=IFCSHAPEREPRESENTATION(#23,'Axis','Curve2D',(#16753));
#16755=IFCPRODUCTDEFINITIONSHAPE($,$,(#16754,#16762));
#16756=IFCCARTESIANPOINT((5.3333333333332842,-5.5511151231257827E-017));
#16757=IFCAXIS2PLACEMENT2D(#16756,#128);
#16758=IFCRECTANGLEPROFILEDEF(.AREA.,$,#16757,10.666666666666568,0.6666666666666643);
#16759=IFCAXIS2PLACEMENT3D(#19,$,$);
#16760=IFCEXTRUDEDAREASOLID(#16758,#16759,#43,12.);
#16761=IFCSTYLEDITEM(#16760,(#16473),$);
#16762=IFCSHAPEREPRESENTATION(#24,'Body','SweptSolid',(#16760));
#16763=IFCWALLSTANDARDCASE('05o6FGHbvAcep$f8moxVqR',#6,'Basic Wall:Generic - 8":1245676',$,$,#16751,#16755,'1245676');
#16764=IFCMATERIALLAYERSETUSAGE(#16483,.AXIS2.,.POSITIVE.,-0.33333333333333331);
#16765=IFCPROPERTYSET('3PIr_19JbjDpS_OE8lT9O$',#6,'Pset_QuantityTakeOff',$,(#16486));
#16766=IFCPROPERTYSINGLEVALUE('Reference',$,IFCLABEL('Generic - 8"'),$);
#16767=IFCPROPERTYSET('1G$wi9orTNvfS1GDA9DHaO',#6,'Pset_ReinforcementBarPitchOfWall',$,(#16766));
#16768=IFCPROPERTYSET('26T9vjCd29HjLNuvFMsVzo',#6,'Pset_WallCommon',$,(#78,#79,#80,#16486));
#16769=IFCRELDEFINESBYPROPERTIES('1oIj607KHANl8kj64dC3I6',#6,$,$,(#16763),#16765);
#16770=IFCRELDEFINESBYPROPERTIES('2fsKeJAYwUH2JpjPK_Rh0a',#6,$,$,(#16763),#16767);
#16771=IFCRELDEFINESBYPROPERTIES('0Ail$5xX0tBPtTNyP2BTQc',#6,$,$,(#16763),#16768);
#16772=IFCCARTESIANPOINT((-21.93551978242682,-29.688978010917332,0.));
#16773=IFCAXIS2PLACEMENT3D(#16772,$,$);
#16774=IFCLOCALPLACEMENT(#33,#16773);
#16775=IFCCARTESIANPOINT((10.,0.));
#16776=IFCPOLYLINE((#47,#16775));
#16777=IFCSHAPEREPRESENTATION(#23,'Axis','Curve2D',(#16776));
#16778=IFCPRODUCTDEFINITIONSHAPE($,$,(#16777,#16785));
#16779=IFCCARTESIANPOINT((5.0000000000000009,1.1102230246251565E-016));
#16780=IFCAXIS2PLACEMENT2D(#16779,#128);
#16781=IFCRECTANGLEPROFILEDEF(.AREA.,$,#16780,10.000000000000002,0.6666666666666643);
#16782=IFCAXIS2PLACEMENT3D(#19,$,$);
#16783=IFCEXTRUDEDAREASOLID(#16781,#16782,#43,12.);
#16784=IFCSTYLEDITEM(#16783,(#16473),$);
#16785=IFCSHAPEREPRESENTATION(#24,'Body','SweptSolid',(#16783));
#16786=IFCWALLSTANDARDCASE('05o6FGHbvAcep$f8moxVvl',#6,'Basic Wall:Generic - 8":1245848',$,$,#16774,#16778,'1245848');
#16787=IFCMATERIALLAYERSETUSAGE(#16483,.AXIS2.,.POSITIVE.,-0.33333333333333331);
#16788=IFCPROPERTYSET('0jT46vZccPpUC_X4W3d1as',#6,'Pset_QuantityTakeOff',$,(#16486));
#16789=IFCPROPERTYSINGLEVALUE('Reference',$,IFCLABEL('Generic - 8"'),$);
#16790=IFCPROPERTYSET('2SjVRl3eCFwDQ_lcieYXNf',#6,'Pset_ReinforcementBarPitchOfWall',$,(#16789));
#16791=IFCPROPERTYSET('2Hffw1GmikealL9YJnUSj8',#6,'Pset_WallCommon',$,(#78,#79,#80,#16486));
#16792=IFCRELDEFINESBYPROPERTIES('3Wwu$ULVnDi70jfpjgLvl7',#6,$,$,(#16786),#16788);
#16793=IFCRELDEFINESBYPROPERTIES('0YWFxX76qP3CMofUkVxjt_',#6,$,$,(#16786),#16790);
#16794=IFCRELDEFINESBYPROPERTIES('0zTMHrCgn_ZTs2VR6UTw3_',#6,$,$,(#16786),#16791);
#16795=IFCCARTESIANPOINT((39.533230217573205,-19.355644677584099,0.));
#16796=IFCAXIS2PLACEMENT3D(#16795,#43,#120);
#16797=IFCLOCALPLACEMENT(#33,#16796);
#16798=IFCCARTESIANPOINT((10.833333333333538,-0.));
#16799=IFCPOLYLINE((#47,#16798));
#16800=IFCSHAPEREPRESENTATION(#23,'Axis','Curve2D',(#16799));
#16801=IFCPRODUCTDEFINITIONSHAPE($,$,(#16800,#16808));
#16802=IFCCARTESIANPOINT((5.4166666666667691,-1.1934897514720433E-015));
#16803=IFCAXIS2PLACEMENT2D(#16802,#128);
#16804=IFCRECTANGLEPROFILEDEF(.AREA.,$,#16803,10.833333333333538,0.6666666666666714);
#16805=IFCAXIS2PLACEMENT3D(#19,$,$);
#16806=IFCEXTRUDEDAREASOLID(#16804,#16805,#43,12.);
#16807=IFCSTYLEDITEM(#16806,(#16473),$);
#16808=IFCSHAPEREPRESENTATION(#24,'Body','SweptSolid',(#16806));
#16809=IFCWALLSTANDARDCASE('05o6FGHbvAcep$f8moxVu5',#6,'Basic Wall:Generic - 8":1245938',$,$,#16797,#16801,'1245938');
#16810=IFCMATERIALLAYERSETUSAGE(#16483,.AXIS2.,.POSITIVE.,-0.33333333333333331);
#16811=IFCPROPERTYSET('3Xd2sivT7P0CEVh9zpDH5b',#6,'Pset_QuantityTakeOff',$,(#16486));
#16812=IFCPROPERTYSINGLEVALUE('Reference',$,IFCLABEL('Generic - 8"'),$);
#16813=IFCPROPERTYSET('0mCCZZg953lyIS$P6_1nyA',#6,'Pset_ReinforcementBarPitchOfWall',$,(#16812));
#16814=IFCPROPERTYSET('2BCizmRu84p$8cliw1umJm',#6,'Pset_WallCommon',$,(#78,#79,#80,#16486));
#16815=IFCRELDEFINESBYPROPERTIES('1SQAoohoW3CXDMJY89YQVZ',#6,$,$,(#16809),#16811);
#16816=IFCRELDEFINESBYPROPERTIES('2uZepgnUFqtNf8keqGrqv6',#6,$,$,(#16809),#16813);
#16817=IFCRELDEFINESBYPROPERTIES('2O0kiivOOdVFVwecwOSyau',#6,$,$,(#16809),#16814);
#16818=IFCCARTESIANPOINT((-11.602186449093471,-19.355644677584099,0.));
#16819=IFCAXIS2PLACEMENT3D(#16818,#43,#120);
#16820=IFCLOCALPLACEMENT(#33,#16819);
#16821=IFCCARTESIANPOINT((10.666666666666604,0.));
#16822=IFCPOLYLINE((#47,#16821));
#16823=IFCSHAPEREPRESENTATION(#23,'Axis','Curve2D',(#16822));
#16824=IFCPRODUCTDEFINITIONSHAPE($,$,(#16823,#16831));
#16825=IFCCARTESIANPOINT((5.333333333333302,3.8857805861880479E-016));
#16826=IFCAXIS2PLACEMENT2D(#16825,#128);
#16827=IFCRECTANGLEPROFILEDEF(.AREA.,$,#16826,10.666666666666604,0.66666666666666785);
#16828=IFCAXIS2PLACEMENT3D(#19,$,$);
#16829=IFCEXTRUDEDAREASOLID(#16827,#16828,#43,12.);
#16830=IFCSTYLEDITEM(#16829,(#16473),$);
#16831=IFCSHAPEREPRESENTATION(#24,'Body','SweptSolid',(#16829));
#16832=IFCWALLSTANDARDCASE('05o6FGHbvAcep$f8moxVk8',#6,'Basic Wall:Generic - 8":1247103',$,$,#16820,#16824,'1247103');
#16833=IFCMATERIALLAYERSETUSAGE(#16483,.AXIS2.,.NEGATIVE.,0.33333333333333331);
#16834=IFCPROPERTYSET('3BdN7b66YOv_xh72VUUDjq',#6,'Pset_QuantityTakeOff',$,(#16486));
#16835=IFCPROPERTYSINGLEVALUE('Reference',$,IFCLABEL('Generic - 8"'),$);
#16836=IFCPROPERTYSET('3who2agNw21jc2pDB7y__d',#6,'Pset_ReinforcementBarPitchOfWall',$,(#16835));
#16837=IFCPROPERTYSET('2eVBV6vaL8Ea0lG2cZHyEq',#6,'Pset_WallCommon',$,(#78,#79,#80,#16486));
#16838=IFCRELDEFINESBYPROPERTIES('0YReTvAtkYrLvC$FN8GPKq',#6,$,$,(#16832),#16834);
#16839=IFCRELDEFINESBYPROPERTIES('2UxFQ2U4zTZJck3Bi$WNFf',#6,$,$,(#16832),#16836);
#16840=IFCRELDEFINESBYPROPERTIES('3IaG0OH5ZiFj$eJ8WPFTgN',#6,$,$,(#16832),#16837);
#16841=IFCCARTESIANPOINT((39.86656355090652,-29.855644677584301,0.));
#16842=IFCAXIS2PLACEMENT3D(#16841,$,$);
#16843=IFCLOCALPLACEMENT(#33,#16842);
#16844=IFCCARTESIANPOINT((9.9843749999999218,0.));
#16845=IFCPOLYLINE((#47,#16844));
#16846=IFCSHAPEREPRESENTATION(#23,'Axis','Curve2D',(#16845));
#16847=IFCPRODUCTDEFINITIONSHAPE($,$,(#16846,#16854));
#16848=IFCCARTESIANPOINT((4.9921874999999609,1.6653345369377348E-016));
#16849=IFCAXIS2PLACEMENT2D(#16848,#128);
#16850=IFCRECTANGLEPROFILEDEF(.AREA.,$,#16849,9.9843749999999218,0.6666666666666643);
#16851=IFCAXIS2PLACEMENT3D(#19,$,$);
#16852=IFCEXTRUDEDAREASOLID(#16850,#16851,#43,12.);
#16853=IFCSTYLEDITEM(#16852,(#16473),$);
#16854=IFCSHAPEREPRESENTATION(#24,'Body','SweptSolid',(#16852));
#16855=IFCWALLSTANDARDCASE('05o6FGHbvAcep$f8moxVIq',#6,'Basic Wall:Generic - 8":1247299',$,$,#16843,#16847,'1247299');
#16856=IFCMATERIALLAYERSETUSAGE(#16483,.AXIS2.,.NEGATIVE.,0.33333333333333331);
#16857=IFCPROPERTYSET('12Jii84P1RzpsEbEEqfGfm',#6,'Pset_QuantityTakeOff',$,(#16486));
#16858=IFCPROPERTYSINGLEVALUE('Reference',$,IFCLABEL('Generic - 8"'),$);
#16859=IFCPROPERTYSET('2Aeq1f0RV_rytarHFA9q5s',#6,'Pset_ReinforcementBarPitchOfWall',$,(#16858));
#16860=IFCPROPERTYSET('0WC6HnZDau_skBCgDohtNU',#6,'Pset_WallCommon',$,(#78,#79,#80,#16486));
#16861=IFCRELDEFINESBYPROPERTIES('25uzpP3xoawLmpqtQgmJtn',#6,$,$,(#16855),#16857);
#16862=IFCRELDEFINESBYPROPERTIES('3Q7ZPU0VJR2tDeAB2YMIjJ',#6,$,$,(#16855),#16859);
#16863=IFCRELDEFINESBYPROPERTIES('3bxfGtYFRNciToeNq1CA7m',#6,$,$,(#16855),#16860);
#16864=IFCCARTESIANPOINT((-7.6021864490933675,37.250715728084288,0.));
#16865=IFCAXIS2PLACEMENT3D(#16864,#43,#120);
#16866=IFCLOCALPLACEMENT(#33,#16865);
#16867=IFCCARTESIANPOINT((10.666666666666636,0.));
#16868=IFCPOLYLINE((#47,#16867));
#16869=IFCSHAPEREPRESENTATION(#23,'Axis','Curve2D',(#16868));
#16870=IFCPRODUCTDEFINITIONSHAPE($,$,(#16869,#16877));
#16871=IFCCARTESIANPOINT((5.3333333333333179,5.5511151231257827E-017));
#16872=IFCAXIS2PLACEMENT2D(#16871,#128);
#16873=IFCRECTANGLEPROFILEDEF(.AREA.,$,#16872,10.666666666666636,0.66666666666666607);
#16874=IFCAXIS2PLACEMENT3D(#19,$,$);
#16875=IFCEXTRUDEDAREASOLID(#16873,#16874,#43,12.);
#16876=IFCSTYLEDITEM(#16875,(#16473),$);
#16877=IFCSHAPEREPRESENTATION(#24,'Body','SweptSolid',(#16875));
#16878=IFCWALLSTANDARDCASE('05o6FGHbvAcep$f8moxVNa',#6,'Basic Wall:Generic - 8":1247507',$,$,#16866,#16870,'1247507');
#16879=IFCMATERIALLAYERSETUSAGE(#16483,.AXIS2.,.POSITIVE.,-0.33333333333333331);
#16880=IFCPROPERTYSET('1OLPojDDw58XIWPX5OB0ox',#6,'Pset_QuantityTakeOff',$,(#16486));
#16881=IFCPROPERTYSINGLEVALUE('Reference',$,IFCLABEL('Generic - 8"'),$);
#16882=IFCPROPERTYSET('0vE0dyMFCfo6vvD$$04FaH',#6,'Pset_ReinforcementBarPitchOfWall',$,(#16881));
#16883=IFCPROPERTYSET('1p0ftDq9R_lrH2HP$QWjGs',#6,'Pset_WallCommon',$,(#78,#79,#80,#16486));
#16884=IFCRELDEFINESBYPROPERTIES('0_w9TMoi04Xrs3TrACMXbl',#6,$,$,(#16878),#16880);
#16885=IFCRELDEFINESBYPROPERTIES('0fW5rX3BgK6D_P01CnsxDA',#6,$,$,(#16878),#16882);
#16886=IFCRELDEFINESBYPROPERTIES('3QgKb6jB7pjGfY7gKDxVd7',#6,$,$,(#16878),#16883);
#16887=IFCCARTESIANPOINT((3.0644802175733052,37.250715728084252,0.));
#16888=IFCAXIS2PLACEMENT3D(#16887,#43,#120);
#16889=IFCLOCALPLACEMENT(#33,#16888);
#16890=IFCCARTESIANPOINT((10.6666666666666,-0.));
#16891=IFCPOLYLINE((#47,#16890));
#16892=IFCSHAPEREPRESENTATION(#23,'Axis','Curve2D',(#16891));
#16893=IFCPRODUCTDEFINITIONSHAPE($,$,(#16892,#16900));
#16894=IFCCARTESIANPOINT((5.3333333333333002,-1.1102230246251565E-016));
#16895=IFCAXIS2PLACEMENT2D(#16894,#128);
#16896=IFCRECTANGLEPROFILEDEF(.AREA.,$,#16895,10.6666666666666,0.66666666666666696);
#16897=IFCAXIS2PLACEMENT3D(#19,$,$);
#16898=IFCEXTRUDEDAREASOLID(#16896,#16897,#43,12.);
#16899=IFCSTYLEDITEM(#16898,(#16473),$);
#16900=IFCSHAPEREPRESENTATION(#24,'Body','SweptSolid',(#16898));
#16901=IFCWALLSTANDARDCASE('05o6FGHbvAcep$f8moxVLd',#6,'Basic Wall:Generic - 8":1247632',$,$,#16889,#16893,'1247632');
#16902=IFCMATERIALLAYERSETUSAGE(#16483,.AXIS2.,.NEGATIVE.,0.33333333333333331);
#16903=IFCPROPERTYSET('0bOcXH_vfZpnUH7BMmjqrr',#6,'Pset_QuantityTakeOff',$,(#16486));
#16904=IFCPROPERTYSINGLEVALUE('Reference',$,IFCLABEL('Generic - 8"'),$);
#16905=IFCPROPERTYSET('2BWxF0P_NP7SAkil8GQ7HT',#6,'Pset_ReinforcementBarPitchOfWall',$,(#16904));
#16906=IFCPROPERTYSET('2en7$hJw52wwALerQ2UKis',#6,'Pset_WallCommon',$,(#78,#79,#80,#16486));
#16907=IFCRELDEFINESBYPROPERTIES('3Hjr5hV2WCksxPkHB778t$',#6,$,$,(#16901),#16903);
#16908=IFCRELDEFINESBYPROPERTIES('2ZIvWwMAFEaaK6TuJxYd$X',#6,$,$,(#16901),#16905);
#16909=IFCRELDEFINESBYPROPERTIES('2ONe87ITUCnzGqc2Zvj1fV',#6,$,$,(#16901),#16906);
#16910=IFCCARTESIANPOINT((-7.2688531157600345,36.917382394750952,0.));
#16911=IFCAXIS2PLACEMENT3D(#16910,$,$);
#16912=IFCLOCALPLACEMENT(#33,#16911);
#16913=IFCCARTESIANPOINT((10.,-0.));
#16914=IFCPOLYLINE((#47,#16913));
#16915=IFCSHAPEREPRESENTATION(#23,'Axis','Curve2D',(#16914));
#16916=IFCPRODUCTDEFINITIONSHAPE($,$,(#16915,#16923));
#16917=IFCCARTESIANPOINT((5.0000000000000018,-1.3045120539345589E-015));
#16918=IFCAXIS2PLACEMENT2D(#16917,#128);
#16919=IFCRECTANGLEPROFILEDEF(.AREA.,$,#16918,10.000000000000004,0.6666666666666714);
#16920=IFCAXIS2PLACEMENT3D(#19,$,$);
#16921=IFCEXTRUDEDAREASOLID(#16919,#16920,#43,12.);
#16922=IFCSTYLEDITEM(#16921,(#16473),$);
#16923=IFCSHAPEREPRESENTATION(#24,'Body','SweptSolid',(#16921));
#16924=IFCWALLSTANDARDCASE('05o6FGHbvAcep$f8moxVPj',#6,'Basic Wall:Generic - 8":1247898',$,$,#16912,#16916,'1247898');
#16925=IFCMATERIALLAYERSETUSAGE(#16483,.AXIS2.,.NEGATIVE.,0.33333333333333331);
#16926=IFCPROPERTYSET('3JmG4hIFbft6ExYsDk1p8r',#6,'Pset_QuantityTakeOff',$,(#16486));
#16927=IFCPROPERTYSINGLEVALUE('Reference',$,IFCLABEL('Generic - 8"'),$);
#16928=IFCPROPERTYSET('1s8og_cvlHyRmV02cAgbGn',#6,'Pset_ReinforcementBarPitchOfWall',$,(#16927));
#16929=IFCPROPERTYSET('2$baiDkfIZ0eEDfMPASHjh',#6,'Pset_WallCommon',$,(#78,#79,#80,#16486));
#16930=IFCRELDEFINESBYPROPERTIES('0$y_pomrPZ1I46ZcFruHku',#6,$,$,(#16924),#16926);
#16931=IFCRELDEFINESBYPROPERTIES('1qKBF0IG8LlyDYgVK3K4Fl',#6,$,$,(#16924),#16928);
#16932=IFCRELDEFINESBYPROPERTIES('1DW$WLVMlpHnQTqWbbomxD',#6,$,$,(#16924),#16929);
#16933=IFCCARTESIANPOINT((30.231146884239955,36.917382394750966,0.));
#16934=IFCAXIS2PLACEMENT3D(#16933,$,$);
#16935=IFCLOCALPLACEMENT(#33,#16934);
#16936=IFCCARTESIANPOINT((10.,-0.));
#16937=IFCPOLYLINE((#47,#16936));
#16938=IFCSHAPEREPRESENTATION(#23,'Axis','Curve2D',(#16937));
#16939=IFCPRODUCTDEFINITIONSHAPE($,$,(#16938,#16946));
#16940=IFCCARTESIANPOINT((4.9999999999999964,-1.7486012637846216E-015));
#16941=IFCAXIS2PLACEMENT2D(#16940,#128);
#16942=IFCRECTANGLEPROFILEDEF(.AREA.,$,#16941,9.9999999999999929,0.6666666666666714);
#16943=IFCAXIS2PLACEMENT3D(#19,$,$);
#16944=IFCEXTRUDEDAREASOLID(#16942,#16943,#43,12.);
#16945=IFCSTYLEDITEM(#16944,(#16473),$);
#16946=IFCSHAPEREPRESENTATION(#24,'Body','SweptSolid',(#16944));
#16947=IFCWALLSTANDARDCASE('05o6FGHbvAcep$f8moxVVT',#6,'Basic Wall:Generic - 8":1248042',$,$,#16935,#16939,'1248042');
#16948=IFCMATERIALLAYERSETUSAGE(#16483,.AXIS2.,.NEGATIVE.,0.33333333333333331);
#16949=IFCPROPERTYSET('0hg44ViJUCwpmRR19kI6co',#6,'Pset_QuantityTakeOff',$,(#16486));
#16950=IFCPROPERTYSINGLEVALUE('Reference',$,IFCLABEL('Generic - 8"'),$);
#16951=IFCPROPERTYSET('2NE0NO8cLSjw7FgXofYRDi',#6,'Pset_ReinforcementBarPitchOfWall',$,(#16950));
#16952=IFCPROPERTYSET('2aDX9E7X2VHk6EqgwQU80x',#6,'Pset_WallCommon',$,(#78,#79,#80,#16486));
#16953=IFCRELDEFINESBYPROPERTIES('3Fbtjf0$5WYTTjBBbdK6ui',#6,$,$,(#16947),#16949);
#16954=IFCRELDEFINESBYPROPERTIES('2zRURX91vbDs6nJIbEPxRV',#6,$,$,(#16947),#16951);
#16955=IFCRELDEFINESBYPROPERTIES('3Cped6oi$rbAq98JdWSRvX',#6,$,$,(#16947),#16952);
#16956=IFCCARTESIANPOINT((-50.935519782426709,26.584049061417737,0.));
#16957=IFCAXIS2PLACEMENT3D(#16956,#43,#168);
#16958=IFCLOCALPLACEMENT(#33,#16957);
#16959=IFCCARTESIANPOINT((10.666666666666671,0.));
#16960=IFCPOLYLINE((#47,#16959));
#16961=IFCSHAPEREPRESENTATION(#23,'Axis','Curve2D',(#16960));
#16962=IFCPRODUCTDEFINITIONSHAPE($,$,(#16961,#16969));
#16963=IFCCARTESIANPOINT((5.3333333333333357,4.7184478546569153E-016));
#16964=IFCAXIS2PLACEMENT2D(#16963,#128);
#16965=IFCRECTANGLEPROFILEDEF(.AREA.,$,#16964,10.666666666666671,0.6666666666666714);
#16966=IFCAXIS2PLACEMENT3D(#19,$,$);
#16967=IFCEXTRUDEDAREASOLID(#16965,#16966,#43,12.);
#16968=IFCSTYLEDITEM(#16967,(#16473),$);
#16969=IFCSHAPEREPRESENTATION(#24,'Body','SweptSolid',(#16967));
#16970=IFCWALLSTANDARDCASE('05o6FGHbvAcep$f8moxV7w',#6,'Basic Wall:Generic - 8":1248525',$,$,#16958,#16962,'1248525');
#16971=IFCMATERIALLAYERSETUSAGE(#16483,.AXIS2.,.NEGATIVE.,0.33333333333333331);
#16972=IFCPROPERTYSET('2dxK4qCuvnDLYdz5qfm4rm',#6,'Pset_QuantityTakeOff',$,(#16486));
#16973=IFCPROPERTYSINGLEVALUE('Reference',$,IFCLABEL('Generic - 8"'),$);
#16974=IFCPROPERTYSET('0yvH5litY3JMtq$TdRJ5sl',#6,'Pset_ReinforcementBarPitchOfWall',$,(#16973));
#16975=IFCPROPERTYSET('3Nj6Qk7gjapxOD_zgiI$R9',#6,'Pset_WallCommon',$,(#78,#79,#80,#16486));
#16976=IFCRELDEFINESBYPROPERTIES('0t2hpOAKilUglht5lPtyJp',#6,$,$,(#16970),#16972);
#16977=IFCRELDEFINESBYPROPERTIES('0NQyErPLp2aPws_AZ_SVh_',#6,$,$,(#16970),#16974);
#16978=IFCRELDEFINESBYPROPERTIES('0l70vXw5ANQKN0LrsyZOxY',#6,$,$,(#16970),#16975);
#16979=IFCCARTESIANPOINT((-50.602186449093367,36.917382394751073,0.));
#16980=IFCAXIS2PLACEMENT3D(#16979,$,$);
#16981=IFCLOCALPLACEMENT(#33,#16980);
#16982=IFCCARTESIANPOINT((10.,-0.));
#16983=IFCPOLYLINE((#47,#16982));
#16984=IFCSHAPEREPRESENTATION(#23,'Axis','Curve2D',(#16983));
#16985=IFCPRODUCTDEFINITIONSHAPE($,$,(#16984,#16992));
#16986=IFCCARTESIANPOINT((5.,-1.3600232051658168E-015));
#16987=IFCAXIS2PLACEMENT2D(#16986,#128);
#16988=IFCRECTANGLEPROFILEDEF(.AREA.,$,#16987,10.,0.6666666666666714);
#16989=IFCAXIS2PLACEMENT3D(#19,$,$);
#16990=IFCEXTRUDEDAREASOLID(#16988,#16989,#43,12.);
#16991=IFCSTYLEDITEM(#16990,(#16473),$);
#16992=IFCSHAPEREPRESENTATION(#24,'Body','SweptSolid',(#16990));
#16993=IFCWALLSTANDARDCASE('05o6FGHbvAcep$f8moxV5i',#6,'Basic Wall:Generic - 8":1248667',$,$,#16981,#16985,'1248667');
#16994=IFCMATERIALLAYERSETUSAGE(#16483,.AXIS2.,.POSITIVE.,-0.33333333333333331);
#16995=IFCPROPERTYSET('2L6kGn8nY00h$rtQjDiv81',#6,'Pset_QuantityTakeOff',$,(#16486));
#16996=IFCPROPERTYSINGLEVALUE('Reference',$,IFCLABEL('Generic - 8"'),$);
#16997=IFCPROPERTYSET('3xtpzfZT1xCOpYHzg77o2A',#6,'Pset_ReinforcementBarPitchOfWall',$,(#16996));
#16998=IFCPROPERTYSET('3Ds8p__NJKHQQ9IurR5wYM',#6,'Pset_WallCommon',$,(#78,#79,#80,#16486));
#16999=IFCRELDEFINESBYPROPERTIES('30CtvA1dcieZceo3iZYviq',#6,$,$,(#16993),#16995);
#17000=IFCRELDEFINESBYPROPERTIES('1An1coA$SYGKj5KycGptHi',#6,$,$,(#16993),#16997);
#17001=IFCRELDEFINESBYPROPERTIES('01q_z2zA2nXO4VwJVMfjCM',#6,$,$,(#16993),#16998);
#17002=IFCCARTESIANPOINT((49.850938550906513,29.566230322415898,0.));
#17003=IFCAXIS2PLACEMENT3D(#17002,$,$);
#17004=IFCLOCALPLACEMENT(#33,#17003);
#17005=IFCCARTESIANPOINT((16.937500000000092,0.));
#17006=IFCPOLYLINE((#47,#17005));
#17007=IFCSHAPEREPRESENTATION(#23,'Axis','Curve2D',(#17006));
#17008=IFCPRODUCTDEFINITIONSHAPE($,$,(#17007,#17015));
#17009=IFCCARTESIANPOINT((8.4687500000000462,8.3266726846886741E-017));
#17010=IFCAXIS2PLACEMENT2D(#17009,#128);
#17011=IFCRECTANGLEPROFILEDEF(.AREA.,$,#17010,16.937500000000092,0.6354166666666643);
#17012=IFCAXIS2PLACEMENT3D(#19,$,$);
#17013=IFCEXTRUDEDAREASOLID(#17011,#17012,#43,12.);
#17014=IFCSTYLEDITEM(#17013,(#61),$);
#17015=IFCSHAPEREPRESENTATION(#24,'Body','SweptSolid',(#17013));
#17016=IFCWALLSTANDARDCASE('0NrdkfQ69FhA8iVi0WZ07I',#6,'Basic Wall:Generic - 8" Masonry:1250358',$,$,#17004,#17008,'1250358');
#17017=IFCMATERIALLAYERSETUSAGE(#71,.AXIS2.,.NEGATIVE.,0.31770833333333331);
#17018=IFCPROPERTYSET('0ddklY8NPGnmcEXHdcwttl',#6,'Pset_QuantityTakeOff',$,(#74));
#17019=IFCPROPERTYSINGLEVALUE('Reference',$,IFCLABEL('Generic - 8" Masonry'),$);
#17020=IFCPROPERTYSET('0kiR2kMRr9iyUhDSY51dOA',#6,'Pset_ReinforcementBarPitchOfWall',$,(#17019));
#17021=IFCPROPERTYSET('331kx2Pywdj9ZLdxvmAWKG',#6,'Pset_WallCommon',$,(#74,#78,#79,#80));
#17022=IFCRELDEFINESBYPROPERTIES('2xbtAmovla_VlBVRuTp5Cr',#6,$,$,(#17016),#17018);
#17023=IFCRELDEFINESBYPROPERTIES('0BtUkI4hTh6V4YOY3Zg4yc',#6,$,$,(#17016),#17020);
#17024=IFCRELDEFINESBYPROPERTIES('1t0qrgB7S4yvLD51bhZLfx',#6,$,$,(#17016),#17021);
#17025=IFCCARTESIANPOINT((66.470730217573276,29.248521989082509,0.));
#17026=IFCAXIS2PLACEMENT3D(#17025,#43,#120);
#17027=IFCLOCALPLACEMENT(#33,#17026);
#17028=IFCCARTESIANPOINT((28.083333333333311,0.));
#17029=IFCPOLYLINE((#47,#17028));
#17030=IFCSHAPEREPRESENTATION(#23,'Axis','Curve2D',(#17029));
#17031=IFCPRODUCTDEFINITIONSHAPE($,$,(#17030,#17038));
#17032=IFCCARTESIANPOINT((14.041666666666655,-5.6621374255882984E-015));
#17033=IFCAXIS2PLACEMENT2D(#17032,#53);
#17034=IFCRECTANGLEPROFILEDEF(.AREA.,$,#17033,28.083333333333311,0.6354166666666714);
#17035=IFCAXIS2PLACEMENT3D(#19,$,$);
#17036=IFCEXTRUDEDAREASOLID(#17034,#17035,#43,12.);
#17037=IFCSTYLEDITEM(#17036,(#61),$);
#17038=IFCSHAPEREPRESENTATION(#24,'Body','SweptSolid',(#17036));
#17039=IFCWALLSTANDARDCASE('0NrdkfQ69FhA8iVi0WZ07J',#6,'Basic Wall:Generic - 8" Masonry:1250359',$,$,#17027,#17031,'1250359');
#17040=IFCMATERIALLAYERSETUSAGE(#71,.AXIS2.,.NEGATIVE.,0.31770833333333331);
#17041=IFCPROPERTYSET('1u69UzTQueN7n3sr78M7gP',#6,'Pset_QuantityTakeOff',$,(#74));
#17042=IFCPROPERTYSINGLEVALUE('Reference',$,IFCLABEL('Generic - 8" Masonry'),$);
#17043=IFCPROPERTYSET('3zJ6QcoZ9c1qHVtOdDofeu',#6,'Pset_ReinforcementBarPitchOfWall',$,(#17042));
#17044=IFCPROPERTYSET('2Ku3loFglrV7yOstwbZ6Zv',#6,'Pset_WallCommon',$,(#74,#78,#79,#80));
#17045=IFCRELDEFINESBYPROPERTIES('37bmWC_xuIuVYiL6svWZGt',#6,$,$,(#17039),#17041);
#17046=IFCRELDEFINESBYPROPERTIES('36mJN1zFMIEHChLmUrg3o0',#6,$,$,(#17039),#17043);
#17047=IFCRELDEFINESBYPROPERTIES('2qf501hU8NoeJdSiXuYo5W',#6,$,$,(#17039),#17044);
#17048=IFCCARTESIANPOINT((66.788438550906562,1.4828969890825301,0.));
#17049=IFCAXIS2PLACEMENT3D(#17048,$,$);
#17050=IFCLOCALPLACEMENT(#33,#17049);
#17051=IFCCARTESIANPOINT((35.499999999999986,0.));
#17052=IFCPOLYLINE((#47,#17051));
#17053=IFCSHAPEREPRESENTATION(#23,'Axis','Curve2D',(#17052));
#17054=IFCPRODUCTDEFINITIONSHAPE($,$,(#17053,#17061));
#17055=IFCCARTESIANPOINT((17.749999999999993,0.));
#17056=IFCAXIS2PLACEMENT2D(#17055,#128);
#17057=IFCRECTANGLEPROFILEDEF(.AREA.,$,#17056,35.499999999999986,0.63541666666666652);
#17058=IFCAXIS2PLACEMENT3D(#19,$,$);
#17059=IFCEXTRUDEDAREASOLID(#17057,#17058,#43,12.);
#17060=IFCSTYLEDITEM(#17059,(#61),$);
#17061=IFCSHAPEREPRESENTATION(#24,'Body','SweptSolid',(#17059));
#17062=IFCWALLSTANDARDCASE('0NrdkfQ69FhA8iVi0WZ07S',#6,'Basic Wall:Generic - 8" Masonry:1250360',$,$,#17050,#17054,'1250360');
#17063=IFCMATERIALLAYERSETUSAGE(#71,.AXIS2.,.NEGATIVE.,0.31770833333333331);
#17064=IFCPROPERTYSET('0wKMnwFf8$Xoaj2KdoH4Ni',#6,'Pset_QuantityTakeOff',$,(#74));
#17065=IFCPROPERTYSINGLEVALUE('Reference',$,IFCLABEL('Generic - 8" Masonry'),$);
#17066=IFCPROPERTYSET('0Zbo1eXYH4JlKVz_MMu$Vp',#6,'Pset_ReinforcementBarPitchOfWall',$,(#17065));
#17067=IFCPROPERTYSET('1VCQGu_UcdwmXiJDS0jB2i',#6,'Pset_WallCommon',$,(#74,#78,#79,#80));
#17068=IFCRELDEFINESBYPROPERTIES('0oLizDnJw$hlvzvoniqQOX',#6,$,$,(#17062),#17064);
#17069=IFCRELDEFINESBYPROPERTIES('3D35HsmsoeQbbephSpb_Vl',#6,$,$,(#17062),#17066);
#17070=IFCRELDEFINESBYPROPERTIES('0PtkwziXmDVb2Ip2zfD8_L',#6,$,$,(#17062),#17067);
#17071=IFCCARTESIANPOINT((101.97073021757322,1.165188655749078,0.));
#17072=IFCAXIS2PLACEMENT3D(#17071,#43,#120);
#17073=IFCLOCALPLACEMENT(#33,#17072);
#17074=IFCCARTESIANPOINT((12.135416666666764,0.));
#17075=IFCPOLYLINE((#47,#17074));
#17076=IFCSHAPEREPRESENTATION(#23,'Axis','Curve2D',(#17075));
#17077=IFCPRODUCTDEFINITIONSHAPE($,$,(#17076,#17084));
#17078=IFCCARTESIANPOINT((6.0677083333333828,-7.1054273576010019E-015));
#17079=IFCAXIS2PLACEMENT2D(#17078,#53);
#17080=IFCRECTANGLEPROFILEDEF(.AREA.,$,#17079,12.135416666666762,0.6354166666666714);
#17081=IFCAXIS2PLACEMENT3D(#19,$,$);
#17082=IFCEXTRUDEDAREASOLID(#17080,#17081,#43,12.);
#17083=IFCSTYLEDITEM(#17082,(#61),$);
#17084=IFCSHAPEREPRESENTATION(#24,'Body','SweptSolid',(#17082));
#17085=IFCWALLSTANDARDCASE('0NrdkfQ69FhA8iVi0WZ07T',#6,'Basic Wall:Generic - 8" Masonry:1250361',$,$,#17073,#17077,'1250361');
#17086=IFCMATERIALLAYERSETUSAGE(#71,.AXIS2.,.NEGATIVE.,0.31770833333333331);
#17087=IFCPROPERTYSET('2q8MyHHa4i70ymp_6ZsWRa',#6,'Pset_QuantityTakeOff',$,(#74));
#17088=IFCPROPERTYSINGLEVALUE('Reference',$,IFCLABEL('Generic - 8" Masonry'),$);
#17089=IFCPROPERTYSET('1bHzAeiO59cn2AJ31uV2O0',#6,'Pset_ReinforcementBarPitchOfWall',$,(#17088));
#17090=IFCPROPERTYSET('2F$bNg9HjpejdDlbgPl3fP',#6,'Pset_WallCommon',$,(#74,#78,#79,#80));
#17091=IFCRELDEFINESBYPROPERTIES('06uHbHytYmDUvlttDJCYV$',#6,$,$,(#17085),#17087);
#17092=IFCRELDEFINESBYPROPERTIES('2KZ81NSkWICQ2S0_tgFcvE',#6,$,$,(#17085),#17089);
#17093=IFCRELDEFINESBYPROPERTIES('3wpEDV$HoJ1dL4TQVJ0SNk',#6,$,$,(#17085),#17090);
#17094=IFCCARTESIANPOINT((101.65302188423988,-10.652519677584351,0.));
#17095=IFCAXIS2PLACEMENT3D(#17094,#43,#44);
#17096=IFCLOCALPLACEMENT(#33,#17095);
#17097=IFCCARTESIANPOINT((35.500000000000028,0.));
#17098=IFCPOLYLINE((#47,#17097));
#17099=IFCSHAPEREPRESENTATION(#23,'Axis','Curve2D',(#17098));
#17100=IFCPRODUCTDEFINITIONSHAPE($,$,(#17099,#17107));
#17101=IFCCARTESIANPOINT((17.750000000000014,0.));
#17102=IFCAXIS2PLACEMENT2D(#17101,#128);
#17103=IFCRECTANGLEPROFILEDEF(.AREA.,$,#17102,35.500000000000028,0.63541666666666785);
#17104=IFCAXIS2PLACEMENT3D(#19,$,$);
#17105=IFCEXTRUDEDAREASOLID(#17103,#17104,#43,12.);
#17106=IFCSTYLEDITEM(#17105,(#61),$);
#17107=IFCSHAPEREPRESENTATION(#24,'Body','SweptSolid',(#17105));
#17108=IFCWALLSTANDARDCASE('0NrdkfQ69FhA8iVi0WZ07U',#6,'Basic Wall:Generic - 8" Masonry:1250362',$,$,#17096,#17100,'1250362');
#17109=IFCMATERIALLAYERSETUSAGE(#71,.AXIS2.,.NEGATIVE.,0.31770833333333331);
#17110=IFCPROPERTYSET('0lzxjZdzAdL$QbJClVaSyv',#6,'Pset_QuantityTakeOff',$,(#74));
#17111=IFCPROPERTYSINGLEVALUE('Reference',$,IFCLABEL('Generic - 8" Masonry'),$);
#17112=IFCPROPERTYSET('2gU7dYPLOWd3IIy47J4XHV',#6,'Pset_ReinforcementBarPitchOfWall',$,(#17111));
#17113=IFCPROPERTYSET('21G165nPEZEisUTmaA2jml',#6,'Pset_WallCommon',$,(#74,#78,#79,#80));
#17114=IFCRELDEFINESBYPROPERTIES('1X8VU5EBdnzqQTQLEvMGa3',#6,$,$,(#17108),#17110);
#17115=IFCRELDEFINESBYPROPERTIES('2n7qq4koZI3oeuKQn1k3CY',#6,$,$,(#17108),#17112);
#17116=IFCRELDEFINESBYPROPERTIES('2lS0IBBPN0b0xlLydNch7A',#6,$,$,(#17108),#17113);
#17117=IFCCARTESIANPOINT((66.470730217573191,-10.970228010917685,0.));
#17118=IFCAXIS2PLACEMENT3D(#17117,#43,#120);
#17119=IFCLOCALPLACEMENT(#33,#17118);
#17120=IFCCARTESIANPOINT((23.416666666666679,-0.));
#17121=IFCPOLYLINE((#47,#17120));
#17122=IFCSHAPEREPRESENTATION(#23,'Axis','Curve2D',(#17121));
#17123=IFCPRODUCTDEFINITIONSHAPE($,$,(#17122,#17130));
#17124=IFCCARTESIANPOINT((11.708333333333339,-2.4424906541753444E-015));
#17125=IFCAXIS2PLACEMENT2D(#17124,#128);
#17126=IFCRECTANGLEPROFILEDEF(.AREA.,$,#17125,23.416666666666679,0.63541666666665719);
#17127=IFCAXIS2PLACEMENT3D(#19,$,$);
#17128=IFCEXTRUDEDAREASOLID(#17126,#17127,#43,12.);
#17129=IFCSTYLEDITEM(#17128,(#61),$);
#17130=IFCSHAPEREPRESENTATION(#24,'Body','SweptSolid',(#17128));
#17131=IFCWALLSTANDARDCASE('0NrdkfQ69FhA8iVi0WZ07V',#6,'Basic Wall:Generic - 8" Masonry:1250363',$,$,#17119,#17123,'1250363');
#17132=IFCMATERIALLAYERSETUSAGE(#71,.AXIS2.,.NEGATIVE.,0.31770833333333331);
#17133=IFCPROPERTYSET('2_G1xh_Y2M10NAewf2Nolo',#6,'Pset_QuantityTakeOff',$,(#74));
#17134=IFCPROPERTYSINGLEVALUE('Reference',$,IFCLABEL('Generic - 8" Masonry'),$);
#17135=IFCPROPERTYSET('3zr0CAeS1O51pyKU5AwTPu',#6,'Pset_ReinforcementBarPitchOfWall',$,(#17134));
#17136=IFCPROPERTYSET('3ivav$mAP$NNViE9R2IJQp',#6,'Pset_WallCommon',$,(#74,#78,#79,#80));
#17137=IFCRELDEFINESBYPROPERTIES('03OqOyA9AoaesDegLYERmB',#6,$,$,(#17131),#17133);
#17138=IFCRELDEFINESBYPROPERTIES('25YzquaF0h6c$N5b82xy3f',#6,$,$,(#17131),#17135);
#17139=IFCRELDEFINESBYPROPERTIES('0H5vFYWpr$BIYBh4SELy5W',#6,$,$,(#17131),#17136);
#17140=IFCCARTESIANPOINT((66.153021884239806,-34.069186344251023,0.));
#17141=IFCAXIS2PLACEMENT3D(#17140,#43,#44);
#17142=IFCLOCALPLACEMENT(#33,#17141);
#17143=IFCCARTESIANPOINT((16.302083333333385,0.));
#17144=IFCPOLYLINE((#47,#17143));
#17145=IFCSHAPEREPRESENTATION(#23,'Axis','Curve2D',(#17144));
#17146=IFCPRODUCTDEFINITIONSHAPE($,$,(#17145,#17153));
#17147=IFCCARTESIANPOINT((8.1510416666666927,1.3600232051658168E-015));
#17148=IFCAXIS2PLACEMENT2D(#17147,#128);
#17149=IFCRECTANGLEPROFILEDEF(.AREA.,$,#17148,16.302083333333385,0.6354166666666714);
#17150=IFCAXIS2PLACEMENT3D(#19,$,$);
#17151=IFCEXTRUDEDAREASOLID(#17149,#17150,#43,12.);
#17152=IFCSTYLEDITEM(#17151,(#61),$);
#17153=IFCSHAPEREPRESENTATION(#24,'Body','SweptSolid',(#17151));
#17154=IFCWALLSTANDARDCASE('0NrdkfQ69FhA8iVi0WZ07O',#6,'Basic Wall:Generic - 8" Masonry:1250364',$,$,#17142,#17146,'1250364');
#17155=IFCMATERIALLAYERSETUSAGE(#71,.AXIS2.,.NEGATIVE.,0.31770833333333331);
#17156=IFCPROPERTYSET('3t7e85lNWQz7YX7xoQw_Nx',#6,'Pset_QuantityTakeOff',$,(#74));
#17157=IFCPROPERTYSINGLEVALUE('Reference',$,IFCLABEL('Generic - 8" Masonry'),$);
#17158=IFCPROPERTYSET('3tp3MaF5rDQ6i$gscx8jVV',#6,'Pset_ReinforcementBarPitchOfWall',$,(#17157));
#17159=IFCPROPERTYSET('22GAgmy7G1fYsYglPMTBAj',#6,'Pset_WallCommon',$,(#74,#78,#79,#80));
#17160=IFCRELDEFINESBYPROPERTIES('2vAKFJ4iDSjeWReUPWTilZ',#6,$,$,(#17154),#17156);
#17161=IFCRELDEFINESBYPROPERTIES('07SKdlMpA$p2N7xAX9I_sl',#6,$,$,(#17154),#17158);
#17162=IFCRELDEFINESBYPROPERTIES('3SFVQhTDkqMspsvK$gXJQs',#6,$,$,(#17154),#17159);
#17163=IFCCARTESIANPOINT((50.168646884239756,-33.751478010917644,0.));
#17164=IFCAXIS2PLACEMENT3D(#17163,#43,#168);
#17165=IFCLOCALPLACEMENT(#33,#17164);
#17166=IFCCARTESIANPOINT((28.250000000000043,0.));
#17167=IFCPOLYLINE((#47,#17166));
#17168=IFCSHAPEREPRESENTATION(#23,'Axis','Curve2D',(#17167));
#17169=IFCPRODUCTDEFINITIONSHAPE($,$,(#17168,#17176));
#17170=IFCCARTESIANPOINT((14.125000000000021,0.));
#17171=IFCAXIS2PLACEMENT2D(#17170,#128);
#17172=IFCRECTANGLEPROFILEDEF(.AREA.,$,#17171,28.250000000000043,0.6354166666666714);
#17173=IFCAXIS2PLACEMENT3D(#19,$,$);
#17174=IFCEXTRUDEDAREASOLID(#17172,#17173,#43,12.);
#17175=IFCSTYLEDITEM(#17174,(#61),$);
#17176=IFCSHAPEREPRESENTATION(#24,'Body','SweptSolid',(#17174));
#17177=IFCWALLSTANDARDCASE('0NrdkfQ69FhA8iVi0WZ07P',#6,'Basic Wall:Generic - 8" Masonry:1250365',$,$,#17165,#17169,'1250365');
#17178=IFCMATERIALLAYERSETUSAGE(#71,.AXIS2.,.NEGATIVE.,0.31770833333333331);
#17179=IFCPROPERTYSET('2HsdaWVUsln1cpsXe4oN9S',#6,'Pset_QuantityTakeOff',$,(#74));
#17180=IFCPROPERTYSINGLEVALUE('Reference',$,IFCLABEL('Generic - 8" Masonry'),$);
#17181=IFCPROPERTYSET('09e$VUGlDqPiMCrU1_XOPg',#6,'Pset_ReinforcementBarPitchOfWall',$,(#17180));
#17182=IFCPROPERTYSET('0uwChtjjdiUaSrzOeDMGq1',#6,'Pset_WallCommon',$,(#74,#78,#79,#80));
#17183=IFCRELDEFINESBYPROPERTIES('0HPPu915rsngoW4_IX3mYA',#6,$,$,(#17177),#17179);
#17184=IFCRELDEFINESBYPROPERTIES('0kKGvPZA7QrH64QduqmN$B',#6,$,$,(#17177),#17181);
#17185=IFCRELDEFINESBYPROPERTIES('3oHRgFbmNKdawb0Bpo7GsZ',#6,$,$,(#17177),#17182);
#17186=IFCCARTESIANPOINT((50.168646884239841,29.248521989082562,0.));
#17187=IFCAXIS2PLACEMENT3D(#17186,#43,#120);
#17188=IFCLOCALPLACEMENT(#33,#17187);
#17189=IFCCARTESIANPOINT((28.083333333333364,0.));
#17190=IFCPOLYLINE((#47,#17189));
#17191=IFCSHAPEREPRESENTATION(#23,'Axis','Curve2D',(#17190));
#17192=IFCPRODUCTDEFINITIONSHAPE($,$,(#17191,#17199));
#17193=IFCCARTESIANPOINT((14.041666666666682,1.7763568394002505E-015));
#17194=IFCAXIS2PLACEMENT2D(#17193,#128);
#17195=IFCRECTANGLEPROFILEDEF(.AREA.,$,#17194,28.083333333333364,0.6354166666666714);
#17196=IFCAXIS2PLACEMENT3D(#19,$,$);
#17197=IFCEXTRUDEDAREASOLID(#17195,#17196,#43,12.);
#17198=IFCSTYLEDITEM(#17197,(#61),$);
#17199=IFCSHAPEREPRESENTATION(#24,'Body','SweptSolid',(#17197));
#17200=IFCWALLSTANDARDCASE('0NrdkfQ69FhA8iVi0WZ07Q',#6,'Basic Wall:Generic - 8" Masonry:1250366',$,$,#17188,#17192,'1250366');
#17201=IFCMATERIALLAYERSETUSAGE(#71,.AXIS2.,.NEGATIVE.,0.31770833333333331);
#17202=IFCPROPERTYSET('0ffRWrfuCmIDip5LtaO1QD',#6,'Pset_QuantityTakeOff',$,(#74));
#17203=IFCPROPERTYSINGLEVALUE('Reference',$,IFCLABEL('Generic - 8" Masonry'),$);
#17204=IFCPROPERTYSET('0UN10zndq7kkysimiuWvF9',#6,'Pset_ReinforcementBarPitchOfWall',$,(#17203));
#17205=IFCPROPERTYSET('2An6i5dPs$Rfb0jCt8CyqG',#6,'Pset_WallCommon',$,(#74,#78,#79,#80));
#17206=IFCRELDEFINESBYPROPERTIES('2cldkoFY0_o79ORiyJAfls',#6,$,$,(#17200),#17202);
#17207=IFCRELDEFINESBYPROPERTIES('0q8hKm_MCTjHKbpdLZPJlf',#6,$,$,(#17200),#17204);
#17208=IFCRELDEFINESBYPROPERTIES('2Gya9MH7HLWbHrSK9J5XfZ',#6,$,$,(#17200),#17205);
#17209=IFCMAPPEDITEM(#16344,#8408);
#17210=IFCSHAPEREPRESENTATION(#24,'Body','MappedRepresentation',(#17209));
#17211=IFCPRODUCTDEFINITIONSHAPE($,$,(#17210));
#17212=IFCCARTESIANPOINT((66.153021884239891,6.133938655749188,0.));
#17213=IFCAXIS2PLACEMENT3D(#17212,#43,#120);
#17215=IFCDOOR('0NrdkfQ69FhA8iVi0WZ06Z',#6,'Door-Passage-Single-Vision_Lite:36" x 84":1250375',$,$,#17798,#17211,'1250375',7.333333333333333,3.3333333333333335);
#17216=IFCPROPERTYSET('3393v0BsIB3lponEaqs78P',#6,'Pset_DoorCommon',$,(#78,#8416));
#17217=IFCPROPERTYSET('1V_3SjtzGK0v22$VJ0u1zu',#6,'Pset_QuantityTakeOff',$,(#8416));
#17218=IFCRELDEFINESBYPROPERTIES('2DdyzlMPpVe4H3WEFCJOC7',#6,$,$,(#17215),#17216);
#17219=IFCRELDEFINESBYPROPERTIES('2tpxLvjojl59HCidSeo36P',#6,$,$,(#17215),#17217);
#17220=IFCMAPPEDITEM(#16344,#8408);
#17221=IFCSHAPEREPRESENTATION(#24,'Body','MappedRepresentation',(#17220));
#17222=IFCPRODUCTDEFINITIONSHAPE($,$,(#17221));
#17223=IFCCARTESIANPOINT((55.319688550906434,-33.751478010917651,0.));
#17224=IFCAXIS2PLACEMENT3D(#17223,#43,#44);
#17226=IFCDOOR('0NrdkfQ69FhA8iVi0WZ06i',#6,'Door-Passage-Single-Vision_Lite:36" x 84":1250376',$,$,#17828,#17222,'1250376',7.333333333333333,3.3333333333333357);
#17227=IFCPROPERTYSET('2Cp2aZylHCofrN6MIVRciT',#6,'Pset_DoorCommon',$,(#78,#8416));
#17228=IFCPROPERTYSET('17SsVUlz$7EVMwH1BrDtzJ',#6,'Pset_QuantityTakeOff',$,(#8416));
#17229=IFCRELDEFINESBYPROPERTIES('3Gofjytm$6OmXPU42QRnsv',#6,$,$,(#17226),#17227);
#17230=IFCRELDEFINESBYPROPERTIES('3HOjGRICKWM26FvVGuYmGy',#6,$,$,(#17226),#17228);
#17231=IFCMAPPEDITEM(#16344,#8408);
#17232=IFCSHAPEREPRESENTATION(#24,'Body','MappedRepresentation',(#17231));
#17233=IFCPRODUCTDEFINITIONSHAPE($,$,(#17232));
#17234=IFCCARTESIANPOINT((101.65302188423988,-2.9181446775842907,0.));
#17235=IFCAXIS2PLACEMENT3D(#17234,#43,#120);
#17237=IFCDOOR('0NrdkfQ69FhA8iVi0WZ06j',#6,'Door-Passage-Single-Vision_Lite:36" x 84":1250377',$,$,#17813,#17233,'1250377',7.333333333333333,3.333333333333333);
#17238=IFCPROPERTYSET('1YS$AHRTbO945QpwZGLexx',#6,'Pset_DoorCommon',$,(#78,#8416));
#17239=IFCPROPERTYSET('0Osy9YSgPIjvQVUwMbh664',#6,'Pset_QuantityTakeOff',$,(#8416));
#17240=IFCRELDEFINESBYPROPERTIES('0_0wScj9LkQNCVwiWWaq8I',#6,$,$,(#17237),#17238);
#17241=IFCRELDEFINESBYPROPERTIES('3RxHDR$jPBxq8uPuBJ26qv',#6,$,$,(#17237),#17239);
#17242=IFCCARTESIANPOINT((50.168646884239756,-34.386894677584309,0.));
#17243=IFCAXIS2PLACEMENT3D(#17242,#43,#120);
#17244=IFCLOCALPLACEMENT(#33,#17243);
#17245=IFCCARTESIANPOINT((10.984374999999893,0.));
#17246=IFCPOLYLINE((#47,#17245));
#17247=IFCSHAPEREPRESENTATION(#23,'Axis','Curve2D',(#17246));
#17248=IFCPRODUCTDEFINITIONSHAPE($,$,(#17247,#17255));
#17249=IFCCARTESIANPOINT((5.4921874999999467,1.9984014443252818E-015));
#17250=IFCAXIS2PLACEMENT2D(#17249,#128);
#17251=IFCRECTANGLEPROFILEDEF(.AREA.,$,#17250,10.984374999999893,0.6666666666666714);
#17252=IFCAXIS2PLACEMENT3D(#19,$,$);
#17253=IFCEXTRUDEDAREASOLID(#17251,#17252,#43,12.);
#17254=IFCSTYLEDITEM(#17253,(#16473),$);
#17255=IFCSHAPEREPRESENTATION(#24,'Body','SweptSolid',(#17253));
#17256=IFCWALLSTANDARDCASE('0NrdkfQ69FhA8iVi0WZ03p',#6,'Basic Wall:Generic - 8":1250583',$,$,#17244,#17248,'1250583');
#17257=IFCMATERIALLAYERSETUSAGE(#16483,.AXIS2.,.POSITIVE.,-0.33333333333333331);
#17258=IFCPROPERTYSET('3OnXukza$JqMZHuERzTV2q',#6,'Pset_QuantityTakeOff',$,(#16486));
#17259=IFCPROPERTYSINGLEVALUE('Reference',$,IFCLABEL('Generic - 8"'),$);
#17260=IFCPROPERTYSET('1VYmFRUxoxkgQsInA1a1xA',#6,'Pset_ReinforcementBarPitchOfWall',$,(#17259));
#17261=IFCPROPERTYSET('3465UHxr_bgcSMRxFeBdH4',#6,'Pset_WallCommon',$,(#78,#79,#80,#16486));
#17262=IFCRELDEFINESBYPROPERTIES('2ldCkDkEbfnO7hjQ_rnRaL',#6,$,$,(#17256),#17258);
#17263=IFCRELDEFINESBYPROPERTIES('2K7Tscw9BemARxGC3Wxsvp',#6,$,$,(#17256),#17260);
#17264=IFCRELDEFINESBYPROPERTIES('1ADRV4r$xallskjZOH9ZVW',#6,$,$,(#17256),#17261);
#17265=IFCCARTESIANPOINT((50.501980217573077,-45.037936344250873,0.));
#17266=IFCAXIS2PLACEMENT3D(#17265,$,$);
#17267=IFCLOCALPLACEMENT(#33,#17266);
#17268=IFCCARTESIANPOINT((10.,-0.));
#17269=IFCPOLYLINE((#47,#17268));
#17270=IFCSHAPEREPRESENTATION(#23,'Axis','Curve2D',(#17269));
#17271=IFCPRODUCTDEFINITIONSHAPE($,$,(#17270,#17278));
#17272=IFCCARTESIANPOINT((5.,-1.6653345369377348E-015));
#17273=IFCAXIS2PLACEMENT2D(#17272,#128);
#17274=IFCRECTANGLEPROFILEDEF(.AREA.,$,#17273,10.,0.6666666666666714);
#17275=IFCAXIS2PLACEMENT3D(#19,$,$);
#17276=IFCEXTRUDEDAREASOLID(#17274,#17275,#43,12.);
#17277=IFCSTYLEDITEM(#17276,(#16473),$);
#17278=IFCSHAPEREPRESENTATION(#24,'Body','SweptSolid',(#17276));
#17279=IFCWALLSTANDARDCASE('0NrdkfQ69FhA8iVi0WZ03y',#6,'Basic Wall:Generic - 8":1250584',$,$,#17267,#17271,'1250584');
#17280=IFCMATERIALLAYERSETUSAGE(#16483,.AXIS2.,.POSITIVE.,-0.33333333333333331);
#17281=IFCPROPERTYSET('0CN0MEavxu3hvAu8qWN6aS',#6,'Pset_QuantityTakeOff',$,(#16486));
#17282=IFCPROPERTYSINGLEVALUE('Reference',$,IFCLABEL('Generic - 8"'),$);
#17283=IFCPROPERTYSET('0rAxRQ_dFxZMfgRnyF8IPI',#6,'Pset_ReinforcementBarPitchOfWall',$,(#17282));
#17284=IFCPROPERTYSET('1pJBZ68qvPEJlSTG25t$hH',#6,'Pset_WallCommon',$,(#78,#79,#80,#16486));
#17285=IFCRELDEFINESBYPROPERTIES('2c9pwnLxccHTTzJNcT73Dz',#6,$,$,(#17279),#17281);
#17286=IFCRELDEFINESBYPROPERTIES('2VMQw_Fj086YK6StLtZFUB',#6,$,$,(#17279),#17283);
#17287=IFCRELDEFINESBYPROPERTIES('3YPtadixHjThkDNtI0X3sH',#6,$,$,(#17279),#17284);
#17288=IFCCARTESIANPOINT((60.83531355090642,-34.386894677584337,0.));
#17289=IFCAXIS2PLACEMENT3D(#17288,#43,#120);
#17290=IFCLOCALPLACEMENT(#33,#17289);
#17291=IFCCARTESIANPOINT((10.984374999999901,0.));
#17292=IFCPOLYLINE((#47,#17291));
#17293=IFCSHAPEREPRESENTATION(#23,'Axis','Curve2D',(#17292));
#17294=IFCPRODUCTDEFINITIONSHAPE($,$,(#17293,#17301));
#17295=IFCCARTESIANPOINT((5.4921874999999503,1.5265566588595902E-015));
#17296=IFCAXIS2PLACEMENT2D(#17295,#128);
#17297=IFCRECTANGLEPROFILEDEF(.AREA.,$,#17296,10.984374999999901,0.6666666666666714);
#17298=IFCAXIS2PLACEMENT3D(#19,$,$);
#17299=IFCEXTRUDEDAREASOLID(#17297,#17298,#43,12.000000000000002);
#17300=IFCSTYLEDITEM(#17299,(#16473),$);
#17301=IFCSHAPEREPRESENTATION(#24,'Body','SweptSolid',(#17299));
#17302=IFCWALLSTANDARDCASE('0NrdkfQ69FhA8iVi0WZ03$',#6,'Basic Wall:Generic - 8":1250587',$,$,#17290,#17294,'1250587');
#17303=IFCMATERIALLAYERSETUSAGE(#16483,.AXIS2.,.NEGATIVE.,0.33333333333333331);
#17304=IFCPROPERTYSET('0ETxj9gtxnvqE3KRpvunoy',#6,'Pset_QuantityTakeOff',$,(#16486));
#17305=IFCPROPERTYSINGLEVALUE('Reference',$,IFCLABEL('Generic - 8"'),$);
#17306=IFCPROPERTYSET('3z44icJ7OMcTKz8tnNjyKj',#6,'Pset_ReinforcementBarPitchOfWall',$,(#17305));
#17307=IFCPROPERTYSET('1Q1sSLAtDqEWqpultuZWTD',#6,'Pset_WallCommon',$,(#78,#79,#80,#16486));
#17308=IFCRELDEFINESBYPROPERTIES('1R4po4lKoeVJL2D3cm2v6W',#6,$,$,(#17302),#17304);
#17309=IFCRELDEFINESBYPROPERTIES('15212rE9GS$WmPtGwod4p7',#6,$,$,(#17302),#17306);
#17310=IFCRELDEFINESBYPROPERTIES('1W5a6QcsmnivwSQWwR4GRJ',#6,$,$,(#17302),#17307);
#17311=IFCCARTESIANPOINT((77.121771884239891,1.8006053224158276,0.));
#17312=IFCAXIS2PLACEMENT3D(#17311,#43,#168);
#17313=IFCLOCALPLACEMENT(#33,#17312);
#17314=IFCCARTESIANPOINT((10.432291666666666,0.));
#17315=IFCPOLYLINE((#47,#17314));
#17316=IFCSHAPEREPRESENTATION(#23,'Axis','Curve2D',(#17315));
#17317=IFCPRODUCTDEFINITIONSHAPE($,$,(#17316,#17324));
#17318=IFCCARTESIANPOINT((5.216145833333333,2.4980018054066022E-016));
#17319=IFCAXIS2PLACEMENT2D(#17318,#128);
#17320=IFCRECTANGLEPROFILEDEF(.AREA.,$,#17319,10.432291666666666,0.66666666666665719);
#17321=IFCAXIS2PLACEMENT3D(#19,$,$);
#17322=IFCEXTRUDEDAREASOLID(#17320,#17321,#43,12.);
#17323=IFCSTYLEDITEM(#17322,(#16473),$);
#17324=IFCSHAPEREPRESENTATION(#24,'Body','SweptSolid',(#17322));
#17325=IFCWALLSTANDARDCASE('0NrdkfQ69FhA8iVi0WZ0ED',#6,'Basic Wall:Generic - 8":1250921',$,$,#17313,#17317,'1250921');
#17326=IFCMATERIALLAYERSETUSAGE(#16483,.AXIS2.,.NEGATIVE.,0.33333333333333331);
#17327=IFCPROPERTYSET('1xlvNxGIRV8$w3AeldcA4O',#6,'Pset_QuantityTakeOff',$,(#16486));
#17328=IFCPROPERTYSINGLEVALUE('Reference',$,IFCLABEL('Generic - 8"'),$);
#17329=IFCPROPERTYSET('2HJ5OoOF$yhxl49m41w0NK',#6,'Pset_ReinforcementBarPitchOfWall',$,(#17328));
#17330=IFCPROPERTYSET('1ZtCFdQKuwyJS0$96wnHWk',#6,'Pset_WallCommon',$,(#78,#79,#80,#16486));
#17331=IFCRELDEFINESBYPROPERTIES('1c77y4wNoNzILccYB8BYTl',#6,$,$,(#17325),#17327);
#17332=IFCRELDEFINESBYPROPERTIES('3Ip8Qjr3YtKBL4tRP4NlBg',#6,$,$,(#17325),#17329);
#17333=IFCRELDEFINESBYPROPERTIES('1bkJBJP3DkDHZILmoAdnwC',#6,$,$,(#17325),#17330);
#17334=IFCCARTESIANPOINT((76.788438550906577,11.899563655749162,0.));
#17335=IFCAXIS2PLACEMENT3D(#17334,#43,#44);
#17336=IFCLOCALPLACEMENT(#33,#17335);
#17337=IFCCARTESIANPOINT((10.,0.));
#17338=IFCPOLYLINE((#47,#17337));
#17339=IFCSHAPEREPRESENTATION(#23,'Axis','Curve2D',(#17338));
#17340=IFCPRODUCTDEFINITIONSHAPE($,$,(#17339,#17347));
#17341=IFCCARTESIANPOINT((5.,0.));
#17342=IFCAXIS2PLACEMENT2D(#17341,#128);
#17343=IFCRECTANGLEPROFILEDEF(.AREA.,$,#17342,10.,0.66666666666666785);
#17344=IFCAXIS2PLACEMENT3D(#19,$,$);
#17345=IFCEXTRUDEDAREASOLID(#17343,#17344,#43,12.);
#17346=IFCSTYLEDITEM(#17345,(#16473),$);
#17347=IFCSHAPEREPRESENTATION(#24,'Body','SweptSolid',(#17345));
#17348=IFCWALLSTANDARDCASE('0NrdkfQ69FhA8iVi0WZ0Cc',#6,'Basic Wall:Generic - 8":1251010',$,$,#17336,#17340,'1251010');
#17349=IFCMATERIALLAYERSETUSAGE(#16483,.AXIS2.,.NEGATIVE.,0.33333333333333331);
#17350=IFCPROPERTYSET('3jW9dhVEvJ5lCpMeaqcxOr',#6,'Pset_QuantityTakeOff',$,(#16486));
#17351=IFCPROPERTYSINGLEVALUE('Reference',$,IFCLABEL('Generic - 8"'),$);
#17352=IFCPROPERTYSET('2iLFwCojAdQpb_w6ArCVBb',#6,'Pset_ReinforcementBarPitchOfWall',$,(#17351));
#17353=IFCPROPERTYSET('3qshipeEiqaQ5MWoak8Dys',#6,'Pset_WallCommon',$,(#78,#79,#80,#16486));
#17354=IFCRELDEFINESBYPROPERTIES('1dUKueduiaVnsmxBB4IVUO',#6,$,$,(#17348),#17350);
#17355=IFCRELDEFINESBYPROPERTIES('3lVvEXlUrMz$eEbcwI8CWt',#6,$,$,(#17348),#17352);
#17356=IFCRELDEFINESBYPROPERTIES('1dG4tjfghI3GXGpHeZawIa',#6,$,$,(#17348),#17353);
#17357=IFCCARTESIANPOINT((102.28843855090655,0.014146989082302941,0.));
#17358=IFCAXIS2PLACEMENT3D(#17357,$,$);
#17359=IFCLOCALPLACEMENT(#33,#17358);
#17360=IFCCARTESIANPOINT((10.666666666666671,0.));
#17361=IFCPOLYLINE((#47,#17360));
#17362=IFCSHAPEREPRESENTATION(#23,'Axis','Curve2D',(#17361));
#17363=IFCPRODUCTDEFINITIONSHAPE($,$,(#17362,#17370));
#17364=IFCCARTESIANPOINT((5.3333333333333357,0.));
#17365=IFCAXIS2PLACEMENT2D(#17364,#128);
#17366=IFCRECTANGLEPROFILEDEF(.AREA.,$,#17365,10.666666666666671,0.66666666666666663);
#17367=IFCAXIS2PLACEMENT3D(#19,$,$);
#17368=IFCEXTRUDEDAREASOLID(#17366,#17367,#43,12.);
#17369=IFCSTYLEDITEM(#17368,(#16473),$);
#17370=IFCSHAPEREPRESENTATION(#24,'Body','SweptSolid',(#17368));
#17371=IFCWALLSTANDARDCASE('0NrdkfQ69FhA8iVi0WZ0t5',#6,'Basic Wall:Generic - 8":1251361',$,$,#17359,#17363,'1251361');
#17372=IFCMATERIALLAYERSETUSAGE(#16483,.AXIS2.,.NEGATIVE.,0.33333333333333331);
#17373=IFCPROPERTYSET('3uHRkEdEPFMQr1t_XmoLcb',#6,'Pset_QuantityTakeOff',$,(#16486));
#17374=IFCPROPERTYSINGLEVALUE('Reference',$,IFCLABEL('Generic - 8"'),$);
#17375=IFCPROPERTYSET('1FMUJ_nu13iaIexHujwgsc',#6,'Pset_ReinforcementBarPitchOfWall',$,(#17374));
#17376=IFCPROPERTYSET('09yMtqhOCM9O3iBDMEuewU',#6,'Pset_WallCommon',$,(#78,#79,#80,#16486));
#17377=IFCRELDEFINESBYPROPERTIES('0AV6uoy9cdmWDBAunnCi8Y',#6,$,$,(#17371),#17373);
#17378=IFCRELDEFINESBYPROPERTIES('0pI_9ptcHDyG5joflOBnRf',#6,$,$,(#17371),#17375);
#17379=IFCRELDEFINESBYPROPERTIES('1PU$yKYYVU306tIXtvmhkE',#6,$,$,(#17371),#17376);
#17380=IFCCARTESIANPOINT((112.62177188423989,-0.31918634425102965,0.));
#17381=IFCAXIS2PLACEMENT3D(#17380,#43,#120);
#17382=IFCLOCALPLACEMENT(#33,#17381);
#17383=IFCCARTESIANPOINT((10.666666666666682,0.));
#17384=IFCPOLYLINE((#47,#17383));
#17385=IFCSHAPEREPRESENTATION(#23,'Axis','Curve2D',(#17384));
#17386=IFCPRODUCTDEFINITIONSHAPE($,$,(#17385,#17393));
#17387=IFCCARTESIANPOINT((5.333333333333341,0.));
#17388=IFCAXIS2PLACEMENT2D(#17387,#128);
#17389=IFCRECTANGLEPROFILEDEF(.AREA.,$,#17388,10.666666666666682,0.66666666666665719);
#17390=IFCAXIS2PLACEMENT3D(#19,$,$);
#17391=IFCEXTRUDEDAREASOLID(#17389,#17390,#43,12.);
#17392=IFCSTYLEDITEM(#17391,(#16473),$);
#17393=IFCSHAPEREPRESENTATION(#24,'Body','SweptSolid',(#17391));
#17394=IFCWALLSTANDARDCASE('0NrdkfQ69FhA8iVi0WZ0rH',#6,'Basic Wall:Generic - 8":1251509',$,$,#17382,#17386,'1251509');
#17395=IFCMATERIALLAYERSETUSAGE(#16483,.AXIS2.,.POSITIVE.,-0.33333333333333331);
#17396=IFCPROPERTYSET('0Qlo6FBGGYrjfG8ywavQfL',#6,'Pset_QuantityTakeOff',$,(#16486));
#17397=IFCPROPERTYSINGLEVALUE('Reference',$,IFCLABEL('Generic - 8"'),$);
#17398=IFCPROPERTYSET('2opl8QW9JJIhp9vc5Xv1x_',#6,'Pset_ReinforcementBarPitchOfWall',$,(#17397));
#17399=IFCPROPERTYSET('18dw1G$COV12TJkluumaLN',#6,'Pset_WallCommon',$,(#78,#79,#80,#16486));
#17400=IFCRELDEFINESBYPROPERTIES('1xDHSaDyt5uLkT_BUoB_Fp',#6,$,$,(#17394),#17396);
#17401=IFCRELDEFINESBYPROPERTIES('0ujk9oe9sLpSC4Q2HSAxd4',#6,$,$,(#17394),#17398);
#17402=IFCRELDEFINESBYPROPERTIES('1duD5FO9qPX44XHW1j4ZjC',#6,$,$,(#17394),#17399);
#17403=IFCCARTESIANPOINT((112.28843855090655,-10.652519677584376,0.));
#17404=IFCAXIS2PLACEMENT3D(#17403,#43,#44);
#17405=IFCLOCALPLACEMENT(#33,#17404);
#17406=IFCCARTESIANPOINT((10.,-0.));
#17407=IFCPOLYLINE((#47,#17406));
#17408=IFCSHAPEREPRESENTATION(#23,'Axis','Curve2D',(#17407));
#17409=IFCPRODUCTDEFINITIONSHAPE($,$,(#17408,#17416));
#17410=IFCCARTESIANPOINT((5.,-5.5511151231257827E-017));
#17411=IFCAXIS2PLACEMENT2D(#17410,#128);
#17412=IFCRECTANGLEPROFILEDEF(.AREA.,$,#17411,10.,0.66666666666666785);
#17413=IFCAXIS2PLACEMENT3D(#19,$,$);
#17414=IFCEXTRUDEDAREASOLID(#17412,#17413,#43,12.);
#17415=IFCSTYLEDITEM(#17414,(#16473),$);
#17416=IFCSHAPEREPRESENTATION(#24,'Body','SweptSolid',(#17414));
#17417=IFCWALLSTANDARDCASE('0NrdkfQ69FhA8iVi0WZ0qI',#6,'Basic Wall:Generic - 8":1251574',$,$,#17405,#17409,'1251574');
#17418=IFCMATERIALLAYERSETUSAGE(#16483,.AXIS2.,.NEGATIVE.,0.33333333333333331);
#17419=IFCPROPERTYSET('2iWag2FVb9JLntjg2eOtQn',#6,'Pset_QuantityTakeOff',$,(#16486));
#17420=IFCPROPERTYSINGLEVALUE('Reference',$,IFCLABEL('Generic - 8"'),$);
#17421=IFCPROPERTYSET('0bXJIju59OJlw9_vbGYRI0',#6,'Pset_ReinforcementBarPitchOfWall',$,(#17420));
#17422=IFCPROPERTYSET('2kzdFEig_el1qkjwyd$jk1',#6,'Pset_WallCommon',$,(#78,#79,#80,#16486));
#17423=IFCRELDEFINESBYPROPERTIES('0xxRqkYceodoFM1_zD2OL0',#6,$,$,(#17417),#17419);
#17424=IFCRELDEFINESBYPROPERTIES('1o7o9OhgjnbgICOxxWIbiu',#6,$,$,(#17417),#17421);
#17425=IFCRELDEFINESBYPROPERTIES('0VWhm_$1BsYH9FrbIwr3$8',#6,$,$,(#17417),#17422);
#17426=IFCCARTESIANPOINT((101.95510521757322,-10.970228010917685,0.));
#17427=IFCAXIS2PLACEMENT3D(#17426,#43,#120);
#17428=IFCLOCALPLACEMENT(#33,#17427);
#17429=IFCCARTESIANPOINT((0.062499999999884537,0.));
#17430=IFCPOLYLINE((#47,#17429));
#17431=IFCSHAPEREPRESENTATION(#23,'Axis','Curve2D',(#17430));
#17432=IFCPRODUCTDEFINITIONSHAPE($,$,(#17431,#17439));
#17433=IFCCARTESIANPOINT((0.031249999999942268,0.));
#17434=IFCAXIS2PLACEMENT2D(#17433,#128);
#17435=IFCRECTANGLEPROFILEDEF(.AREA.,$,#17434,0.062499999999884537,0.66666666666665719);
#17436=IFCAXIS2PLACEMENT3D(#19,$,$);
#17437=IFCEXTRUDEDAREASOLID(#17435,#17436,#43,12.);
#17438=IFCSTYLEDITEM(#17437,(#16473),$);
#17439=IFCSHAPEREPRESENTATION(#24,'Body','SweptSolid',(#17437));
#17440=IFCWALLSTANDARDCASE('0NrdkfQ69FhA8iVi0WZ0oa',#6,'Basic Wall:Generic - 8":1251648',$,$,#17428,#17432,'1251648');
#17441=IFCMATERIALLAYERSETUSAGE(#16483,.AXIS2.,.NEGATIVE.,0.33333333333333331);
#17442=IFCPROPERTYSET('35yjQvys5TZKrGWq5GE0r7',#6,'Pset_QuantityTakeOff',$,(#16486));
#17443=IFCPROPERTYSINGLEVALUE('Reference',$,IFCLABEL('Generic - 8"'),$);
#17444=IFCPROPERTYSET('2TUkJbmWsOrbu8raQzo6Ft',#6,'Pset_ReinforcementBarPitchOfWall',$,(#17443));
#17445=IFCPROPERTYSET('2LMzBvyW0_rBfs$zbv2xK5',#6,'Pset_WallCommon',$,(#78,#79,#80,#16486));
#17446=IFCRELDEFINESBYPROPERTIES('2wkpob1AW9uzm62GOGeVg0',#6,$,$,(#17440),#17442);
#17447=IFCRELDEFINESBYPROPERTIES('1wdqSwidXd21fYHGg43$nX',#6,$,$,(#17440),#17444);
#17448=IFCRELDEFINESBYPROPERTIES('3bhFRtIjW_FlpE6dORraSw',#6,$,$,(#17440),#17445);
#17449=IFCPROPERTYSINGLEVALUE('Name',$,IFCLABEL('L1'),$);
#17450=IFCPROPERTYSET('2l4vqu11LCaZAypUbzwyea',#6,'Pset_AirSideSystemInformation',$,(#17449));
#17451=IFCPROPERTYSINGLEVALUE('AboveGround',$,IFCLOGICAL(.U.),$);
#17452=IFCPROPERTYSET('16L50AfyZF4hYq5TGET4H4',#6,'Pset_BuildingStoreyCommon',$,(#17451));
#17453=IFCPROPERTYSINGLEVALUE('Name',$,IFCLABEL('L1'),$);
#17454=IFCPROPERTYSET('0Fxv$pCHYe$d1NPq668uup',#6,'Pset_ProductRequirements',$,(#17453));
#17455=IFCRELDEFINESBYPROPERTIES('3NFes7CBV81H0RHVpWu5ZF',#6,$,$,(#34),#17450);
#17456=IFCRELDEFINESBYPROPERTIES('2VdfSfkgzGoZi_3SgzE8$0',#6,$,$,(#34),#17452);
#17457=IFCRELDEFINESBYPROPERTIES('0Vxl9G1EBUZpUdM$cyum7J',#6,$,$,(#34),#17454);
#17458=IFCRELCONTAINEDINSPATIALSTRUCTURE('2JF4e6axWHqu3u0C5FZlmi',#6,$,$,(#64,#110,#135,#158,#182,#205,#228,#251,#274,#297,#320,#343,#366,#389,#412,#435,#8415,#16354,#16365,#16376,#16387,#16398,#16409,#16420,#16431,#16442,#16453,#16476,#16510,#16533,#16556,#16579,#16602,#16625,#16648,#16671,#16694,#16717,#16740,#16763,#16786,#16809,#16832,#16855,#16878,#16901,#16924,#16947,#16970,#16993,#17016,#17039,#17062,#17085,#17108,#17131,#17154,#17177,#17200,#17215,#17226,#17237,#17256,#17279,#17302,#17325,#17348,#17371,#17394,#17417,#17440),#34);
#17459=IFCPROPERTYSINGLEVALUE('Name',$,IFCLABEL('L2'),$);
#17460=IFCPROPERTYSET('2rmMSkA7gc4STb1LnLF8UH',#6,'Pset_AirSideSystemInformation',$,(#17459));
#17461=IFCPROPERTYSET('1n34enW33Z_3Qq2Pm1kjQZ',#6,'Pset_BuildingStoreyCommon',$,(#17451));
#17462=IFCPROPERTYSINGLEVALUE('Name',$,IFCLABEL('L2'),$);
#17463=IFCPROPERTYSET('3b2aIDv9vaOvbWU0hVWzaG',#6,'Pset_ProductRequirements',$,(#17462));
#17464=IFCRELDEFINESBYPROPERTIES('1kaSOYlg8iono8iflzrHRz',#6,$,$,(#38),#17460);
#17465=IFCRELDEFINESBYPROPERTIES('36oM8gyLQ5_Z6XoGK5uP1E',#6,$,$,(#38),#17461);
#17466=IFCRELDEFINESBYPROPERTIES('2r$5AllCk4VpjESRla$JzH',#6,$,$,(#38),#17463);
#17467=IFCRELAGGREGATES('2f3Ca9sMjCrr95Hw09Jfx9',#6,$,$,#27,(#41));
#17468=IFCRELAGGREGATES('0OS35rVwsPwwQiqkCjVA2L',#6,$,$,#41,(#31));
#17469=IFCRELAGGREGATES('1yhDISh1T5aQqAoygxGIhP',#6,$,$,#31,(#34,#38));
#17470=IFCPROPERTYSINGLEVALUE('NumberOfStoreys',$,IFCINTEGER(2),$);
#17471=IFCPROPERTYSINGLEVALUE('IsLandmarked',$,IFCLOGICAL(.U.),$);
#17472=IFCPROPERTYSET('3m0IhHn2XyBnWXfYhuBUdv',#6,'Pset_BuildingCommon',$,(#17470,#17471));
#17473=IFCRELDEFINESBYPROPERTIES('2AHT4RymM0anUxfHiZbxav',#6,$,$,(#31),#17472);
#17474=IFCRELASSOCIATESMATERIAL('2Uh3H$R$XZqsRN6VZclwU$',#6,$,$,(#64),#72);
#17475=IFCRELASSOCIATESMATERIAL('07LnVaSqi9HzAEEzy9ZMkr',#6,$,$,(#110),#111);
#17476=IFCRELASSOCIATESMATERIAL('2mHR6y4$6nc2HR5KqMFG7e',#6,$,$,(#135),#136);
#17477=IFCRELASSOCIATESMATERIAL('3eOjYgVehtf_HqDfSJiZfR',#6,$,$,(#158),#159);
#17478=IFCRELASSOCIATESMATERIAL('3J1GBZtZT31Wwofsux9Vvq',#6,$,$,(#182),#183);
#17479=IFCRELASSOCIATESMATERIAL('2YMRrYFfzu0NsRkDtfVpDk',#6,$,$,(#205),#206);
#17480=IFCRELASSOCIATESMATERIAL('2LDNxUJr6d9BCSmZgkokjO',#6,$,$,(#228),#229);
#17481=IFCRELASSOCIATESMATERIAL('3UYLL4jTruhapqA$VJ_0Vu',#6,$,$,(#251),#252);
#17482=IFCRELASSOCIATESMATERIAL('0gvcYBE$CSzHDc3zXuYfU_',#6,$,$,(#274),#275);
#17483=IFCRELASSOCIATESMATERIAL('3uYPZr4XWsx8VdvVbF32xt',#6,$,$,(#297),#298);
#17484=IFCRELASSOCIATESMATERIAL('2c6pPwD_PGXVH6fUKiZh3y',#6,$,$,(#320),#321);
#17485=IFCRELASSOCIATESMATERIAL('0MEN$Xeqizj091FdCx$n4X',#6,$,$,(#343),#344);
#17486=IFCRELASSOCIATESMATERIAL('1nPuXym4cyfn6sy2mcDhql',#6,$,$,(#366),#367);
#17487=IFCRELASSOCIATESMATERIAL('0WfUYr9XTKBHt2w2KggSgb',#6,$,$,(#389),#390);
#17488=IFCRELASSOCIATESMATERIAL('1f1734hitZc10naUP_Ze44',#6,$,$,(#412),#413);
#17489=IFCRELASSOCIATESMATERIAL('2pLmjnSvK7bjzFUoEtKwaO',#6,$,$,(#435),#436);
#17490=IFCRELASSOCIATESMATERIAL('1NyiZI9bErtZ4oy7bez0y5',#6,$,$,(#8386,#8415,#16347,#16354,#16365,#16376,#16387,#16398,#16409,#16420,#16431,#16442,#16453,#17215,#17226,#17237),#8407);
#17491=IFCRELASSOCIATESMATERIAL('2C_dAQiPv$_tEGj6jM$$KB',#6,$,$,(#16476),#16484);
#17492=IFCRELASSOCIATESMATERIAL('3FHtDkYtpVucJtgHcoj3LR',#6,$,$,(#16510),#16511);
#17493=IFCRELASSOCIATESMATERIAL('12YKbZZu3LwSKUD$pyqxUZ',#6,$,$,(#16533),#16534);
#17494=IFCRELASSOCIATESMATERIAL('37xl2$E2s7Be0COiNZk2Hy',#6,$,$,(#16556),#16557);
#17495=IFCRELASSOCIATESMATERIAL('262$8ARb9HvxC4z0O$v70X',#6,$,$,(#16579),#16580);
#17496=IFCRELASSOCIATESMATERIAL('3qyhyklova5a1$e28jBPGu',#6,$,$,(#16602),#16603);
#17497=IFCRELASSOCIATESMATERIAL('0QnYjAGoSsT0AMoaUKnx4W',#6,$,$,(#16625),#16626);
#17498=IFCRELASSOCIATESMATERIAL('31JnGLFjiLwcoOGPnQWI4m',#6,$,$,(#16648),#16649);
#17499=IFCRELASSOCIATESMATERIAL('1DkWBW5bWCelU2HABOW8LP',#6,$,$,(#16671),#16672);
#17500=IFCRELASSOCIATESMATERIAL('3lG7o7YLED3aRCTy5lZCAo',#6,$,$,(#16694),#16695);
#17501=IFCRELASSOCIATESMATERIAL('3ZiBQTAJ932zxcQckw0FM5',#6,$,$,(#16717),#16718);
#17502=IFCRELASSOCIATESMATERIAL('1dI7i2KzgxHBHnd$iKFl0Z',#6,$,$,(#16740),#16741);
#17503=IFCRELASSOCIATESMATERIAL('1YTR_K1gWlF4JvgvFePhmc',#6,$,$,(#16763),#16764);
#17504=IFCRELASSOCIATESMATERIAL('0x6cJYiLLBP4NnjZbvr5CF',#6,$,$,(#16786),#16787);
#17505=IFCRELASSOCIATESMATERIAL('3ZBt8hlQlHLzHqvTYCY5gS',#6,$,$,(#16809),#16810);
#17506=IFCRELASSOCIATESMATERIAL('2x9mw7XN7ok4a16HawWQZp',#6,$,$,(#16832),#16833);
#17507=IFCRELASSOCIATESMATERIAL('3xVflAmrX0_GbRyeJzwe$f',#6,$,$,(#16855),#16856);
#17508=IFCRELASSOCIATESMATERIAL('1mon9gTI09STXZ9tp_RRjD',#6,$,$,(#16878),#16879);
#17509=IFCRELASSOCIATESMATERIAL('1iRQG_I5bErd2_3c4J06YW',#6,$,$,(#16901),#16902);
#17510=IFCRELASSOCIATESMATERIAL('3ftu1Y2iRv3x6H5szjnd72',#6,$,$,(#16924),#16925);
#17511=IFCRELASSOCIATESMATERIAL('0ObBmTM7YHyK_TQlbvOu4n',#6,$,$,(#16947),#16948);
#17512=IFCRELASSOCIATESMATERIAL('3U0t36nFUXsFMEqpCI_stG',#6,$,$,(#16970),#16971);
#17513=IFCRELASSOCIATESMATERIAL('0Jethnkxw8dcjx51dORquL',#6,$,$,(#16993),#16994);
#17514=IFCRELASSOCIATESMATERIAL('3sB5s65Fa98M9OY6ZC8NqJ',#6,$,$,(#17016),#17017);
#17515=IFCRELASSOCIATESMATERIAL('3NfeCmt1OdLgtgwsf793Cd',#6,$,$,(#17039),#17040);
#17516=IFCRELASSOCIATESMATERIAL('2ydPgxDun0DCdHnTpwsleo',#6,$,$,(#17062),#17063);
#17517=IFCRELASSOCIATESMATERIAL('3urq4JY3p$8lz2ox_MTDMs',#6,$,$,(#17085),#17086);
#17518=IFCRELASSOCIATESMATERIAL('0pOTJPH7hHE6TUtFVioby7',#6,$,$,(#17108),#17109);
#17519=IFCRELASSOCIATESMATERIAL('20w$ZpMMDQiAQ0fkwC6MtB',#6,$,$,(#17131),#17132);
#17520=IFCRELASSOCIATESMATERIAL('1uN8kqC_R4_U1VA3h$BgUU',#6,$,$,(#17154),#17155);
#17521=IFCRELASSOCIATESMATERIAL('1xid3utEXZSoRTbZLTlROM',#6,$,$,(#17177),#17178);
#17522=IFCRELASSOCIATESMATERIAL('3DULwZ$K5QBAd2YNcHVfMY',#6,$,$,(#17200),#17201);
#17523=IFCRELASSOCIATESMATERIAL('2RPbd2bcY4qaom9eBUk2Je',#6,$,$,(#17256),#17257);
#17524=IFCRELASSOCIATESMATERIAL('1zDGwfr6LJ5b2FjWsQ3PPY',#6,$,$,(#17279),#17280);
#17525=IFCRELASSOCIATESMATERIAL('39pRD1ZkCXsLku_oYKW_k6',#6,$,$,(#17302),#17303);
#17526=IFCRELASSOCIATESMATERIAL('0iCHLbZcvHbqmOTck5VDCm',#6,$,$,(#17325),#17326);
#17527=IFCRELASSOCIATESMATERIAL('1q2B9sJ3WmgeDSKoN8jOtR',#6,$,$,(#17348),#17349);
#17528=IFCRELASSOCIATESMATERIAL('28lLAhrbkqfD9hC2nyBldc',#6,$,$,(#17371),#17372);
#17529=IFCRELASSOCIATESMATERIAL('1Us1jpqNa7VdUe_2AsoKUq',#6,$,$,(#17394),#17395);
#17530=IFCRELASSOCIATESMATERIAL('233jRoFRyU6_u2rZ7uzr3L',#6,$,$,(#17417),#17418);
#17531=IFCRELASSOCIATESMATERIAL('3UA9z69ffw6OLyb9Vw7Yni',#6,$,$,(#17440),#17441);
#17532=IFCRELASSOCIATESMATERIAL('0JQVC24iTfUA4cK1NUl0Fa',#6,$,$,(#73),#71);
#17533=IFCRELASSOCIATESMATERIAL('2z0drh32UI$EWTHIJtGpYP',#6,$,$,(#16485),#16483);
#17534=IFCRELDEFINESBYTYPE('0PT2qVbORcsoZnrRlIpwj4',#6,$,$,(#64,#110,#135,#158,#182,#205,#228,#251,#274,#297,#320,#343,#366,#389,#412,#435,#17016,#17039,#17062,#17085,#17108,#17131,#17154,#17177,#17200),#73);
#17535=IFCRELDEFINESBYTYPE('33axAKgK5c5DC2UMeJvoIr',#6,$,$,(#8415,#16365,#16453),#8386);
#17536=IFCRELDEFINESBYTYPE('1crsVA8RijwipU6x617kUr',#6,$,$,(#16354,#16376,#16387,#16398,#16409,#16420,#16431,#16442,#17215,#17226,#17237),#16347);
#17537=IFCRELDEFINESBYTYPE('0MSq_ijuC5q4PUKv4QkOsA',#6,$,$,(#16476,#16510,#16533,#16556,#16579,#16602,#16625,#16648,#16671,#16694,#16717,#16740,#16763,#16786,#16809,#16832,#16855,#16878,#16901,#16924,#16947,#16970,#16993,#17256,#17279,#17302,#17325,#17348,#17371,#17394,#17417,#17440),#16485);
#17538=IFCRELCONNECTSPATHELEMENTS('1Xyommzil6aahaIGRfZ1SM',#6,'26jjhu0DH0Lxf54dTa$KpZ|0NrdkfQ69FhA8iVi0WZ07Q','Structural',$,#64,#17200,(),(),.ATPATH.,.ATSTART.);
#17539=IFCRELCONNECTSPATHELEMENTS('1ETNCEAuNlekU0gTEXBYmT',#6,'26jjhu0DH0Lxf54dTa$KpZ|26jjhu0DH0Lxf54dTa$Kps','Structural',$,#64,#343,(),(),.ATSTART.,.ATEND.);
#17540=IFCRELCONNECTSPATHELEMENTS('37YFetgcAGuwBuvgK3lOnc',#6,'26jjhu0DH0Lxf54dTa$Kpi|0NrdkfQ69FhA8iVi0WZ07P','Structural',$,#110,#17177,(),(),.ATPATH.,.ATSTART.);
#17541=IFCRELCONNECTSPATHELEMENTS('22nMoIgtBBFc6VT$cSZlYK',#6,'26jjhu0DH0Lxf54dTa$Kpi|26jjhu0DH0Lxf54dTa$Kpj','Structural',$,#110,#135,(),(),.ATEND.,.ATEND.);
#17542=IFCRELCONNECTSPATHELEMENTS('0YumCuNvZOSfFDlFbi$xIY',#6,'26jjhu0DH0Lxf54dTa$Kpi|05o6FGHbvAcep$f8moxVqR','Structural',$,#110,#16763,(),(),.ATSTART.,.ATEND.);
#17543=IFCRELCONNECTSPATHELEMENTS('0FsX168wMrreCMgow7t_xb',#6,'26jjhu0DH0Lxf54dTa$Kpj|26jjhu0DH0Lxf54dTa$Kpk','Structural',$,#135,#158,(),(),.ATSTART.,.ATSTART.);
#17544=IFCRELCONNECTSPATHELEMENTS('0_F$gD8otA9b3lj4Mf1dL5',#6,'26jjhu0DH0Lxf54dTa$Kpj|05o6FGHbvAcep$f8moxVqR','Structural',$,#135,#16763,(),(),.ATSTART.,.ATEND.);
#17545=IFCRELCONNECTSPATHELEMENTS('14nd$3SUybzraoypndccL9',#6,'26jjhu0DH0Lxf54dTa$Kpk|26jjhu0DH0Lxf54dTa$Kpl','Structural',$,#158,#182,(),(),.ATSTART.,.ATEND.);
#17546=IFCRELCONNECTSPATHELEMENTS('0F_CzudqCe1Rou6f9EiFFk',#6,'26jjhu0DH0Lxf54dTa$Kpl|26jjhu0DH0Lxf54dTa$Kpe','Structural',$,#182,#205,(),(),.ATSTART.,.ATEND.);
#17547=IFCRELCONNECTSPATHELEMENTS('21dq2BAYFOYDRp8agQrfPM',#6,'26jjhu0DH0Lxf54dTa$Kpe|26jjhu0DH0Lxf54dTa$Kpf','Structural',$,#205,#228,(),(),.ATSTART.,.ATPATH.);
#17548=IFCRELCONNECTSPATHELEMENTS('3X12BblJq2sH$H2XLZgtMq',#6,'26jjhu0DH0Lxf54dTa$Kpf|26jjhu0DH0Lxf54dTa$Kpg','Structural',$,#228,#251,(),(),.ATSTART.,.ATEND.);
#17549=IFCRELCONNECTSPATHELEMENTS('20uyptOEzaF2SXw5_I_u6s',#6,'26jjhu0DH0Lxf54dTa$Kpf|05o6FGHbvAcep$f8mox0bU','Structural',$,#228,#16533,(),(),.ATSTART.,.ATEND.);
#17550=IFCRELCONNECTSPATHELEMENTS('2mdPParcwBVDWPnnHfCfHh',#6,'26jjhu0DH0Lxf54dTa$Kpg|05o6FGHbvAcep$f8mox0bU','Structural',$,#251,#16533,(),(),.ATSTART.,.ATSTART.);
#17551=IFCRELCONNECTSPATHELEMENTS('0XOQKQa3TazsOSbssS89Ao',#6,'26jjhu0DH0Lxf54dTa$Kpg|26jjhu0DH0Lxf54dTa$Kph','Structural',$,#251,#274,(),(),.ATSTART.,.ATEND.);
#17552=IFCRELCONNECTSPATHELEMENTS('0yHxSJhWGqXrxOWCH_yzBd',#6,'26jjhu0DH0Lxf54dTa$Kpg|05o6FGHbvAcep$f8mox0et','Structural',$,#251,#16579,(),(),.ATEND.,.ATEND.);
#17553=IFCRELCONNECTSPATHELEMENTS('0kgUVAFQ8zeFD0GgfAghVa',#6,'26jjhu0DH0Lxf54dTa$Kph|05o6FGHbvAcep$f8mox0et','Structural',$,#274,#16579,(),(),.ATEND.,.ATSTART.);
#17554=IFCRELCONNECTSPATHELEMENTS('0jkajM8sFm5ycXLjYEbGwA',#6,'26jjhu0DH0Lxf54dTa$Kph|26jjhu0DH0Lxf54dTa$Kpq','Structural',$,#274,#297,(),(),.ATSTART.,.ATEND.);
#17555=IFCRELCONNECTSPATHELEMENTS('3Ta4q6R4HTV9ypHUuBi4uR',#6,'26jjhu0DH0Lxf54dTa$Kpq|26jjhu0DH0Lxf54dTa$Kpr','Structural',$,#297,#320,(),(),.ATSTART.,.ATEND.);
#17556=IFCRELCONNECTSPATHELEMENTS('1QiYHe3vGe3w7JSrkcJg6j',#6,'26jjhu0DH0Lxf54dTa$Kpr|26jjhu0DH0Lxf54dTa$Kps','Structural',$,#320,#343,(),(),.ATPATH.,.ATEND.);
#17557=IFCRELCONNECTSPATHELEMENTS('0wKa8c3uPke7ffNpbUuQH4',#6,'26jjhu0DH0Lxf54dTa$Kpt|26jjhu0DH0Lxf54dTa$Kpo','Structural',$,#366,#435,(),(),.ATEND.,.ATSTART.);
#17558=IFCRELCONNECTSPATHELEMENTS('3Ygq5g0eD9ixVxXXHkM1Lb',#6,'26jjhu0DH0Lxf54dTa$Kpt|26jjhu0DH0Lxf54dTa$Kpm','Structural',$,#366,#389,(),(),.ATSTART.,.ATEND.);
#17559=IFCRELCONNECTSPATHELEMENTS('0U9kuQI7AaIOVF8Z_i2WIM',#6,'26jjhu0DH0Lxf54dTa$Kpm|26jjhu0DH0Lxf54dTa$Kpn','Structural',$,#389,#412,(),(),.ATSTART.,.ATEND.);
#17560=IFCRELCONNECTSPATHELEMENTS('1w2kSXFtLHEqsncAYQo9xO',#6,'26jjhu0DH0Lxf54dTa$Kpn|26jjhu0DH0Lxf54dTa$Kpo','Structural',$,#412,#435,(),(),.ATSTART.,.ATEND.);
#17561=IFCRELCONNECTSPATHELEMENTS('0FFrx_gmsCrunB2l6dSSX4',#6,'26jjhu0DH0Lxf54dTa$Kpe|05o6FGHbvAcep$f8mox0ZS','Structural',$,#205,#16476,(),(),.ATSTART.,.ATPATH.);
#17562=IFCRELCONNECTSPATHELEMENTS('2WyIM8PNuVvjY0E8775nHA',#6,'05o6FGHbvAcep$f8mox0ZS|05o6FGHbvAcep$f8mox0X0','Structural',$,#16476,#16510,(),(),.ATSTART.,.ATEND.);
#17563=IFCRELCONNECTSPATHELEMENTS('3BvciRm82HO22RlqUHr8Hm',#6,'26jjhu0DH0Lxf54dTa$Kpf|05o6FGHbvAcep$f8mox0X0','Structural',$,#228,#16510,(),(),.ATEND.,.ATPATH.);
#17564=IFCRELCONNECTSPATHELEMENTS('28g8T94JykDHXlMRmlQRe7',#6,'05o6FGHbvAcep$f8mox0bU|05o6FGHbvAcep$f8mox0gn','Structural',$,#16533,#16556,(),(),.ATSTART.,.ATEND.);
#17565=IFCRELCONNECTSPATHELEMENTS('2btDYxcdfNDPxxIMavVewU',#6,'05o6FGHbvAcep$f8mox0gn|05o6FGHbvAcep$f8mox0HC','Structural',$,#16556,#16602,(),(),.ATSTART.,.ATEND.);
#17566=IFCRELCONNECTSPATHELEMENTS('0RRvRJHtroolgXyqH2el6w',#6,'05o6FGHbvAcep$f8mox0gn|05o6FGHbvAcep$f8mox0et','Structural',$,#16556,#16579,(),(),.ATSTART.,.ATPATH.);
#17567=IFCRELCONNECTSPATHELEMENTS('0A6vD2xZb1PsF_IUwvIqc2',#6,'26jjhu0DH0Lxf54dTa$Kps|05o6FGHbvAcep$f8mox0HC','Structural',$,#343,#16602,(),(),.ATEND.,.ATPATH.);
#17568=IFCRELCONNECTSPATHELEMENTS('0z5hB3RrgwEYvtBpRfD8ez',#6,'26jjhu0DH0Lxf54dTa$KpZ|05o6FGHbvAcep$f8mox0T8','Structural',$,#64,#16625,(),(),.ATSTART.,.ATPATH.);
#17569=IFCRELCONNECTSPATHELEMENTS('3PmAWpEVCvj09TP8I0L0SZ',#6,'05o6FGHbvAcep$f8mox0T8|05o6FGHbvAcep$f8moxVVT','Structural',$,#16625,#16947,(),(),.ATEND.,.ATEND.);
#17570=IFCRELCONNECTSPATHELEMENTS('2pZkhQRVcRI7IsB2Py1Aon',#6,'26jjhu0DH0Lxf54dTa$Kps|05o6FGHbvAcep$f8mox01d','Structural',$,#343,#16648,(),(),.ATSTART.,.ATPATH.);
#17571=IFCRELCONNECTSPATHELEMENTS('3rPoOExubpzPVJY5iCnvgJ',#6,'05o6FGHbvAcep$f8mox01d|05o6FGHbvAcep$f8moxV5i','Structural',$,#16648,#16993,(),(),.ATEND.,.ATEND.);
#17572=IFCRELCONNECTSPATHELEMENTS('2ykPs69aVgLC6Ze30tzQ1M',#6,'26jjhu0DH0Lxf54dTa$KpZ|05o6FGHbvAcep$f8mox005','Structural',$,#64,#16671,(),(),.ATSTART.,.ATPATH.);
#17573=IFCRELCONNECTSPATHELEMENTS('3Ss6h1BKtx8E3sF8hnqNqA',#6,'05o6FGHbvAcep$f8mox005|05o6FGHbvAcep$f8moxVVT','Structural',$,#16671,#16947,(),(),.ATSTART.,.ATEND.);
#17574=IFCRELCONNECTSPATHELEMENTS('0lLuUzYi44f4YZAfbNnhxq',#6,'26jjhu0DH0Lxf54dTa$Kpk|05o6FGHbvAcep$f8mox0BM','Structural',$,#158,#16694,(),(),.ATSTART.,.ATPATH.);
#17575=IFCRELCONNECTSPATHELEMENTS('215HjakkFu0eH_ga4ms3kj',#6,'05o6FGHbvAcep$f8mox0BM|05o6FGHbvAcep$f8mox09n','Structural',$,#16694,#16717,(),(),.ATSTART.,.ATEND.);
#17576=IFCRELCONNECTSPATHELEMENTS('0wrQKH7bl6uspjoaLAUErP',#6,'26jjhu0DH0Lxf54dTa$Kpk|05o6FGHbvAcep$f8mox08R','Structural',$,#158,#16740,(),(),.ATSTART.,.ATPATH.);
#17577=IFCRELCONNECTSPATHELEMENTS('0CEhDR4zb_mLok3ItU1C5V',#6,'05o6FGHbvAcep$f8mox09n|05o6FGHbvAcep$f8mox08R','Structural',$,#16717,#16740,(),(),.ATEND.,.ATPATH.);
#17578=IFCRELCONNECTSPATHELEMENTS('2E6DVLYDx7gjDUmm47f_lk',#6,'05o6FGHbvAcep$f8moxVqR|05o6FGHbvAcep$f8moxVvl','Structural',$,#16763,#16786,(),(),.ATSTART.,.ATEND.);
#17579=IFCRELCONNECTSPATHELEMENTS('2PQvGc1QHSG7OmbSKvyKT5',#6,'05o6FGHbvAcep$f8moxVvl|05o6FGHbvAcep$f8moxVk8','Structural',$,#16786,#16832,(),(),.ATEND.,.ATEND.);
#17580=IFCRELCONNECTSPATHELEMENTS('3ssdIJQiGr1HV8HY6no$x5',#6,'26jjhu0DH0Lxf54dTa$Kpi|05o6FGHbvAcep$f8moxVu5','Structural',$,#110,#16809,(),(),.ATSTART.,.ATPATH.);
#17581=IFCRELCONNECTSPATHELEMENTS('3IJ$g93VzhbOrdEyWS$aeM',#6,'05o6FGHbvAcep$f8moxVu5|05o6FGHbvAcep$f8moxVIq','Structural',$,#16809,#16855,(),(),.ATSTART.,.ATEND.);
#17582=IFCRELCONNECTSPATHELEMENTS('0EDZjpy7amMd79CXzU8CZl',#6,'26jjhu0DH0Lxf54dTa$Kpi|05o6FGHbvAcep$f8moxVk8','Structural',$,#110,#16832,(),(),.ATSTART.,.ATPATH.);
#17583=IFCRELCONNECTSPATHELEMENTS('2XvFWd_dZJQwWoZ$WAynC2',#6,'05o6FGHbvAcep$f8moxVIq|0NrdkfQ69FhA8iVi0WZ07P','Structural',$,#16855,#17177,(),(),.ATPATH.,.ATEND.);
#17584=IFCRELCONNECTSPATHELEMENTS('1W1fGj45tOzl0spVSxMbKF',#6,'05o6FGHbvAcep$f8moxVNa|05o6FGHbvAcep$f8moxVPj','Structural',$,#16878,#16924,(),(),.ATSTART.,.ATSTART.);
#17585=IFCRELCONNECTSPATHELEMENTS('0NYpcOuT$wj6id612_ZTEQ',#6,'26jjhu0DH0Lxf54dTa$KpZ|05o6FGHbvAcep$f8moxVNa','Structural',$,#64,#16878,(),(),.ATEND.,.ATPATH.);
#17586=IFCRELCONNECTSPATHELEMENTS('0GICkOcTL0sxepgz46mCIX',#6,'05o6FGHbvAcep$f8moxVLd|05o6FGHbvAcep$f8moxVPj','Structural',$,#16901,#16924,(),(),.ATEND.,.ATSTART.);
#17587=IFCRELCONNECTSPATHELEMENTS('0__RvfYHJJgR4fjhyKidKT',#6,'26jjhu0DH0Lxf54dTa$KpZ|05o6FGHbvAcep$f8moxVLd','Structural',$,#64,#16901,(),(),.ATEND.,.ATPATH.);
#17588=IFCRELCONNECTSPATHELEMENTS('27kjWocRGibpJzQQ7ia1gw',#6,'26jjhu0DH0Lxf54dTa$Kps|05o6FGHbvAcep$f8moxV7w','Structural',$,#343,#16970,(),(),.ATSTART.,.ATPATH.);
#17589=IFCRELCONNECTSPATHELEMENTS('2vZzfdvUJPwG1$jleX_UJb',#6,'05o6FGHbvAcep$f8moxV7w|05o6FGHbvAcep$f8moxV5i','Structural',$,#16970,#16993,(),(),.ATSTART.,.ATEND.);
#17590=IFCRELCONNECTSPATHELEMENTS('0L0vsW_3pC2gj51mmm0upM',#6,'0NrdkfQ69FhA8iVi0WZ07I|0NrdkfQ69FhA8iVi0WZ07Q','Structural',$,#17016,#17200,(),(),.ATSTART.,.ATSTART.);
#17591=IFCRELCONNECTSPATHELEMENTS('1dS1OewagrWLnYsScNtkbr',#6,'0NrdkfQ69FhA8iVi0WZ07I|0NrdkfQ69FhA8iVi0WZ07J','Structural',$,#17016,#17039,(),(),.ATSTART.,.ATEND.);
#17592=IFCRELCONNECTSPATHELEMENTS('3Q7cuJBrL4MY_KgBsqiRrJ',#6,'0NrdkfQ69FhA8iVi0WZ07J|0NrdkfQ69FhA8iVi0WZ07S','Structural',$,#17039,#17062,(),(),.ATSTART.,.ATEND.);
#17593=IFCRELCONNECTSPATHELEMENTS('1l$BLxDiXwEuvY_nLyOKdJ',#6,'0NrdkfQ69FhA8iVi0WZ07S|0NrdkfQ69FhA8iVi0WZ07T','Structural',$,#17062,#17085,(),(),.ATSTART.,.ATEND.);
#17594=IFCRELCONNECTSPATHELEMENTS('2hRunWBlLNSwK30jcDlAUy',#6,'0NrdkfQ69FhA8iVi0WZ07T|0NrdkfQ69FhA8iVi0WZ07U','Structural',$,#17085,#17108,(),(),.ATSTART.,.ATEND.);
#17595=IFCRELCONNECTSPATHELEMENTS('2Yi6CzRAUmCEX1IczY7QPe',#6,'0NrdkfQ69FhA8iVi0WZ07T|0NrdkfQ69FhA8iVi0WZ0oa','Structural',$,#17085,#17440,(),(),.ATSTART.,.ATEND.);
#17596=IFCRELCONNECTSPATHELEMENTS('1S_CwC$m0kLPKIJtONmZlU',#6,'0NrdkfQ69FhA8iVi0WZ07T|0NrdkfQ69FhA8iVi0WZ0qI','Structural',$,#17085,#17417,(),(),.ATEND.,.ATEND.);
#17597=IFCRELCONNECTSPATHELEMENTS('2qWD4vcVVRRv1AhanMeB8G',#6,'0NrdkfQ69FhA8iVi0WZ07U|0NrdkfQ69FhA8iVi0WZ0oa','Structural',$,#17108,#17440,(),(),.ATSTART.,.ATSTART.);
#17598=IFCRELCONNECTSPATHELEMENTS('399N6Dt$EawNZNjLD2dMAT',#6,'0NrdkfQ69FhA8iVi0WZ07U|0NrdkfQ69FhA8iVi0WZ0qI','Structural',$,#17108,#17417,(),(),.ATEND.,.ATSTART.);
#17599=IFCRELCONNECTSPATHELEMENTS('2_yCNRdWjWOa3gL1Gg0gjF',#6,'0NrdkfQ69FhA8iVi0WZ07U|0NrdkfQ69FhA8iVi0WZ07V','Structural',$,#17108,#17131,(),(),.ATSTART.,.ATEND.);
#17600=IFCRELCONNECTSPATHELEMENTS('1WUQhjhKhnR2RVs$ZD7TWm',#6,'0NrdkfQ69FhA8iVi0WZ07V|0NrdkfQ69FhA8iVi0WZ07O','Structural',$,#17131,#17154,(),(),.ATSTART.,.ATEND.);
#17601=IFCRELCONNECTSPATHELEMENTS('2de2KRKPnrFWWrJwic7dlN',#6,'0NrdkfQ69FhA8iVi0WZ07O|0NrdkfQ69FhA8iVi0WZ07P','Structural',$,#17154,#17177,(),(),.ATSTART.,.ATEND.);
#17602=IFCRELCONNECTSPATHELEMENTS('3f2pS6Zn1WL_UtebpPnzQw',#6,'0NrdkfQ69FhA8iVi0WZ07O|0NrdkfQ69FhA8iVi0WZ03p','Structural',$,#17154,#17256,(),(),.ATSTART.,.ATEND.);
#17603=IFCRELCONNECTSPATHELEMENTS('1ybVxHJPJKeK_Njv7y867X',#6,'0NrdkfQ69FhA8iVi0WZ07P|0NrdkfQ69FhA8iVi0WZ03p','Structural',$,#17177,#17256,(),(),.ATSTART.,.ATSTART.);
#17604=IFCRELCONNECTSPATHELEMENTS('0hSoQfumddunoEUoxIRYK4',#6,'0NrdkfQ69FhA8iVi0WZ03p|0NrdkfQ69FhA8iVi0WZ03y','Structural',$,#17256,#17279,(),(),.ATSTART.,.ATEND.);
#17605=IFCRELCONNECTSPATHELEMENTS('0XjWYDpmNj_uuK2W9MyJiE',#6,'0NrdkfQ69FhA8iVi0WZ03y|0NrdkfQ69FhA8iVi0WZ03$','Structural',$,#17279,#17302,(),(),.ATEND.,.ATEND.);
#17606=IFCRELCONNECTSPATHELEMENTS('2FiKCXhMSzbdr4deQxus6m',#6,'0NrdkfQ69FhA8iVi0WZ07O|0NrdkfQ69FhA8iVi0WZ03$','Structural',$,#17154,#17302,(),(),.ATSTART.,.ATPATH.);
#17607=IFCRELCONNECTSPATHELEMENTS('1JwZnSweBqHVumX_zqwJHs',#6,'0NrdkfQ69FhA8iVi0WZ07S|0NrdkfQ69FhA8iVi0WZ0ED','Structural',$,#17062,#17325,(),(),.ATSTART.,.ATPATH.);
#17608=IFCRELCONNECTSPATHELEMENTS('2k14Z9eohEipss7HOS8uU1',#6,'0NrdkfQ69FhA8iVi0WZ0ED|0NrdkfQ69FhA8iVi0WZ0Cc','Structural',$,#17325,#17348,(),(),.ATSTART.,.ATEND.);
#17609=IFCRELCONNECTSPATHELEMENTS('2UXnqN_uiMmI1q5UOHLdKS',#6,'0NrdkfQ69FhA8iVi0WZ07J|0NrdkfQ69FhA8iVi0WZ0Cc','Structural',$,#17039,#17348,(),(),.ATEND.,.ATPATH.);
#17610=IFCRELCONNECTSPATHELEMENTS('1_Rx1wlQfA$i0cr7CfMDcp',#6,'0NrdkfQ69FhA8iVi0WZ07T|0NrdkfQ69FhA8iVi0WZ0t5','Structural',$,#17085,#17371,(),(),.ATSTART.,.ATPATH.);
#17611=IFCRELCONNECTSPATHELEMENTS('1F4MPaSJ85Gzd_o7XEIIvr',#6,'0NrdkfQ69FhA8iVi0WZ0t5|0NrdkfQ69FhA8iVi0WZ0rH','Structural',$,#17371,#17394,(),(),.ATSTART.,.ATEND.);
#17612=IFCRELCONNECTSPATHELEMENTS('19x78Y1JWvyBYXNiWPBdqo',#6,'0NrdkfQ69FhA8iVi0WZ0rH|0NrdkfQ69FhA8iVi0WZ0qI','Structural',$,#17394,#17417,(),(),.ATSTART.,.ATEND.);
#17613=IFCRELCONNECTSPATHELEMENTS('1xmxwnSgVLH0UmwBqgoFib',#6,'0NrdkfQ69FhA8iVi0WZ0qI|0NrdkfQ69FhA8iVi0WZ0oa','Structural',$,#17417,#17440,(),(),.ATSTART.,.ATEND.);
#17614=IFCPRESENTATIONLAYERASSIGNMENT('A-WALL',$,(#50,#63,#101,#109,#125,#134,#149,#157,#173,#181,#196,#204,#219,#227,#242,#250,#265,#273,#288,#296,#311,#319,#334,#342,#357,#365,#380,#388,#403,#411,#426,#434,#16463,#16475,#16501,#16509,#16524,#16532,#16547,#16555,#16570,#16578,#16593,#16601,#16616,#16624,#16639,#16647,#16662,#16670,#16685,#16693,#16708,#16716,#16731,#16739,#16754,#16762,#16777,#16785,#16800,#16808,#16823,#16831,#16846,#16854,#16869,#16877,#16892,#16900,#16915,#16923,#16938,#16946,#16961,#16969,#16984,#16992,#17007,#17015,#17030,#17038,#17053,#17061,#17076,#17084,#17099,#17107,#17122,#17130,#17145,#17153,#17168,#17176,#17191,#17199,#17247,#17255,#17270,#17278,#17293,#17301,#17316,#17324,#17339,#17347,#17362,#17370,#17385,#17393,#17408,#17416,#17431,#17439),$);
#17615=IFCPRESENTATIONLAYERASSIGNMENT('A-DOOR',$,(#8381,#8410,#16342,#16349,#16360,#16371,#16382,#16393,#16404,#16415,#16426,#16437,#16448,#17210,#17221,#17232),$);
#17616=IFCCARTESIANPOINT((3.6666666666666665,1.6666666666666665));
#17617=IFCAXIS2PLACEMENT2D(#17616,#53);
#17618=IFCRECTANGLEPROFILEDEF(.AREA.,$,#17617,7.333333333333333,3.333333333333333);
#17619=IFCAXIS2PLACEMENT3D(#19,#120,#43);
#17620=IFCEXTRUDEDAREASOLID(#17618,#17619,#43,0.63541666666666663);
#17621=IFCSHAPEREPRESENTATION(#24,'Body','SweptSolid',(#17620));
#17622=IFCPRODUCTDEFINITIONSHAPE($,$,(#17621));
#17623=IFCCARTESIANPOINT((13.151041666666558,0.31770833333333215,0.));
#17624=IFCAXIS2PLACEMENT3D(#17623,$,$);
#17625=IFCLOCALPLACEMENT(#46,#17624);
#17626=IFCOPENINGELEMENT('0xhHgbMC2mCyLmjkwyiIMV',#6,'Door-Passage-Single-Vision_Lite:36" x 84":1240532:1',$,'Opening',#17625,#17622,'1240532');
#17627=IFCRELVOIDSELEMENT('26jjhu0DH0Lxf54cDa$KoG',#6,$,$,#64,#17626);
#17628=IFCRELFILLSELEMENT('1OZ4Rqhu_mQ3IZXeRC0Hv5',#6,$,$,#17626,#16431);
#17629=IFCAXIS2PLACEMENT3D(#19,#43,#44);
#17630=IFCLOCALPLACEMENT(#17625,#17629);
#17631=IFCCARTESIANPOINT((3.6666666666666665,1.6666666666666665));
#17632=IFCAXIS2PLACEMENT2D(#17631,#53);
#17633=IFCRECTANGLEPROFILEDEF(.AREA.,$,#17632,7.333333333333333,3.333333333333333);
#17634=IFCAXIS2PLACEMENT3D(#19,#120,#43);
#17635=IFCEXTRUDEDAREASOLID(#17633,#17634,#43,0.63541666666666663);
#17636=IFCSHAPEREPRESENTATION(#24,'Body','SweptSolid',(#17635));
#17637=IFCPRODUCTDEFINITIONSHAPE($,$,(#17636));
#17638=IFCCARTESIANPOINT((54.401041666666643,0.31770833333333215,0.));
#17639=IFCAXIS2PLACEMENT3D(#17638,$,$);
#17640=IFCLOCALPLACEMENT(#46,#17639);
#17641=IFCOPENINGELEMENT('3EZ8fEZ5QsIWaFK1br57oY',#6,'Door-Passage-Single-Vision_Lite:36" x 84":1240531:1',$,'Opening',#17640,#17637,'1240531');
#17642=IFCRELVOIDSELEMENT('26jjhu0DH0Lxf54cDa$KoN',#6,$,$,#64,#17641);
#17643=IFCRELFILLSELEMENT('37uFouvIIlhj2vip3r1mKr',#6,$,$,#17641,#16420);
#17644=IFCAXIS2PLACEMENT3D(#19,#43,#44);
#17645=IFCLOCALPLACEMENT(#17640,#17644);
#17646=IFCCARTESIANPOINT((3.6666666666666665,1.6666666666666665));
#17647=IFCAXIS2PLACEMENT2D(#17646,#53);
#17648=IFCRECTANGLEPROFILEDEF(.AREA.,$,#17647,7.333333333333333,3.333333333333333);
#17649=IFCAXIS2PLACEMENT3D(#19,#168,#43);
#17650=IFCEXTRUDEDAREASOLID(#17648,#17649,#43,0.63541666666666663);
#17651=IFCSHAPEREPRESENTATION(#24,'Body','SweptSolid',(#17650));
#17652=IFCPRODUCTDEFINITIONSHAPE($,$,(#17651));
#17653=IFCCARTESIANPOINT((1.3177083333333099,-0.31770833333333215,0.));
#17654=IFCAXIS2PLACEMENT3D(#17653,$,$);
#17655=IFCLOCALPLACEMENT(#98,#17654);
#17656=IFCOPENINGELEMENT('1mn0YRXfkipOvDt_WcqsxN',#6,'Door-Passage-Single-Vision_Lite:36" x 84":1240534:1',$,'Opening',#17655,#17652,'1240534');
#17657=IFCRELVOIDSELEMENT('26jjhu0DH0Lxf54cDa$KoI',#6,$,$,#110,#17656);
#17658=IFCRELFILLSELEMENT('3sI0xduZaMqIo3vCQsNySA',#6,$,$,#17656,#16453);
#17659=IFCCARTESIANPOINT((-0.,-0.041666666666646535,0.));
#17660=IFCAXIS2PLACEMENT3D(#17659,$,$);
#17661=IFCLOCALPLACEMENT(#17655,#17660);
#17662=IFCCARTESIANPOINT((3.6666666666666665,1.6666666666666665));
#17663=IFCAXIS2PLACEMENT2D(#17662,#53);
#17664=IFCRECTANGLEPROFILEDEF(.AREA.,$,#17663,7.333333333333333,3.333333333333333);
#17665=IFCAXIS2PLACEMENT3D(#19,#168,#43);
#17666=IFCEXTRUDEDAREASOLID(#17664,#17665,#43,0.63541666666666663);
#17667=IFCSHAPEREPRESENTATION(#24,'Body','SweptSolid',(#17666));
#17668=IFCPRODUCTDEFINITIONSHAPE($,$,(#17667));
#17669=IFCCARTESIANPOINT((67.484374999999929,-0.31770833333333215,0.));
#17670=IFCAXIS2PLACEMENT3D(#17669,$,$);
#17671=IFCLOCALPLACEMENT(#98,#17670);
#17672=IFCOPENINGELEMENT('0byPNBPAzPn0jsEhNyYwjI',#6,'Door-Passage-Single-Vision_Lite:36" x 84":1240533:1',$,'Opening',#17671,#17668,'1240533');
#17673=IFCRELVOIDSELEMENT('26jjhu0DH0Lxf54cDa$KoH',#6,$,$,#110,#17672);
#17674=IFCRELFILLSELEMENT('1SOIdxJm5DRUW2ZGdezJOr',#6,$,$,#17672,#16442);
#17675=IFCAXIS2PLACEMENT3D(#19,$,$);
#17676=IFCLOCALPLACEMENT(#17671,#17675);
#17677=IFCCARTESIANPOINT((3.6666666666666665,1.6666666666666665));
#17678=IFCAXIS2PLACEMENT2D(#17677,#53);
#17679=IFCRECTANGLEPROFILEDEF(.AREA.,$,#17678,7.333333333333333,3.333333333333333);
#17680=IFCAXIS2PLACEMENT3D(#19,#168,#43);
#17681=IFCEXTRUDEDAREASOLID(#17679,#17680,#43,0.63541666666666663);
#17682=IFCSHAPEREPRESENTATION(#24,'Body','SweptSolid',(#17681));
#17683=IFCPRODUCTDEFINITIONSHAPE($,$,(#17682));
#17684=IFCCARTESIANPOINT((18.499999999999972,-0.31770833333339249,0.));
#17685=IFCAXIS2PLACEMENT3D(#17684,$,$);
#17686=IFCLOCALPLACEMENT(#146,#17685);
#17687=IFCOPENINGELEMENT('2LjUEocG4nikjVlX9Mf5h6',#6,'Door-Passage-Single-Vision_Lite:36" x 84":1240530:1',$,'Opening',#17686,#17683,'1240530');
#17688=IFCRELVOIDSELEMENT('26jjhu0DH0Lxf54cDa$KoM',#6,$,$,#158,#17687);
#17689=IFCRELFILLSELEMENT('01mpphkD2TaL$JGVVrgIrH',#6,$,$,#17687,#16409);
#17690=IFCAXIS2PLACEMENT3D(#19,$,$);
#17691=IFCLOCALPLACEMENT(#17686,#17690);
#17692=IFCCARTESIANPOINT((3.6666666666666665,1.6666666666666665));
#17693=IFCAXIS2PLACEMENT2D(#17692,#53);
#17694=IFCRECTANGLEPROFILEDEF(.AREA.,$,#17693,7.333333333333333,3.333333333333333);
#17695=IFCAXIS2PLACEMENT3D(#19,#168,#43);
#17696=IFCEXTRUDEDAREASOLID(#17694,#17695,#43,0.63541666666666663);
#17697=IFCSHAPEREPRESENTATION(#24,'Body','SweptSolid',(#17696));
#17698=IFCPRODUCTDEFINITIONSHAPE($,$,(#17697));
#17699=IFCCARTESIANPOINT((2.,-0.31770833333334281,0.));
#17700=IFCAXIS2PLACEMENT3D(#17699,$,$);
#17701=IFCLOCALPLACEMENT(#216,#17700);
#17702=IFCOPENINGELEMENT('1Lo1jvBZ1oN7GxH53VV6t6',#6,'Door-Passage-Single-Vision_Lite:36" x 84":1240528:1',$,'Opening',#17701,#17698,'1240528');
#17703=IFCRELVOIDSELEMENT('26jjhu0DH0Lxf54cDa$KoK',#6,$,$,#228,#17702);
#17704=IFCRELFILLSELEMENT('1xMc2PtwU7ikKF8zPAZmtc',#6,$,$,#17702,#16387);
#17705=IFCAXIS2PLACEMENT3D(#19,$,$);
#17706=IFCLOCALPLACEMENT(#17701,#17705);
#17707=IFCCARTESIANPOINT((3.6666666666666665,1.6666666666666665));
#17708=IFCAXIS2PLACEMENT2D(#17707,#53);
#17709=IFCRECTANGLEPROFILEDEF(.AREA.,$,#17708,7.333333333333333,3.333333333333333);
#17710=IFCAXIS2PLACEMENT3D(#19,#168,#43);
#17711=IFCEXTRUDEDAREASOLID(#17709,#17710,#43,0.63541666666666663);
#17712=IFCSHAPEREPRESENTATION(#24,'Body','SweptSolid',(#17711));
#17713=IFCPRODUCTDEFINITIONSHAPE($,$,(#17712));
#17714=IFCCARTESIANPOINT((0.50000000000010925,-0.3177083333333286,0.));
#17715=IFCAXIS2PLACEMENT3D(#17714,$,$);
#17716=IFCLOCALPLACEMENT(#239,#17715);
#17717=IFCOPENINGELEMENT('1eKcaODcwpA4j8J9fy4bHC',#6,'Door-Passage-Single-Vision_Lite:36" x 84":1240524:1',$,'Opening',#17716,#17713,'1240524');
#17718=IFCRELVOIDSELEMENT('26jjhu0DH0Lxf54cDa$Ko8',#6,$,$,#251,#17717);
#17719=IFCRELFILLSELEMENT('3TWJgDd8e6rsw9LNyKcIe3',#6,$,$,#17717,#8415);
#17720=IFCCARTESIANPOINT((-0.,-0.041666666666650087,0.));
#17721=IFCAXIS2PLACEMENT3D(#17720,$,$);
#17722=IFCLOCALPLACEMENT(#17716,#17721);
#17723=IFCCARTESIANPOINT((3.6666666666666665,1.6666666666666665));
#17724=IFCAXIS2PLACEMENT2D(#17723,#53);
#17725=IFCRECTANGLEPROFILEDEF(.AREA.,$,#17724,7.333333333333333,3.333333333333333);
#17726=IFCAXIS2PLACEMENT3D(#19,#168,#43);
#17727=IFCEXTRUDEDAREASOLID(#17725,#17726,#43,0.63541666666666663);
#17728=IFCSHAPEREPRESENTATION(#24,'Body','SweptSolid',(#17727));
#17729=IFCPRODUCTDEFINITIONSHAPE($,$,(#17728));
#17730=IFCCARTESIANPOINT((6.,-0.3177083333333286,0.));
#17731=IFCAXIS2PLACEMENT3D(#17730,$,$);
#17732=IFCLOCALPLACEMENT(#239,#17731);
#17733=IFCOPENINGELEMENT('1b1MQpolStjzuZ8$vug8Nq',#6,'Door-Passage-Single-Vision_Lite:36" x 84":1240525:1',$,'Opening',#17732,#17729,'1240525');
#17734=IFCRELVOIDSELEMENT('26jjhu0DH0Lxf54cDa$Ko9',#6,$,$,#251,#17733);
#17735=IFCRELFILLSELEMENT('3KnwwqDEhW5m5A1wJB9amd',#6,$,$,#17733,#16354);
#17736=IFCAXIS2PLACEMENT3D(#19,$,$);
#17737=IFCLOCALPLACEMENT(#17732,#17736);
#17738=IFCCARTESIANPOINT((3.6666666666666665,1.6666666666666665));
#17739=IFCAXIS2PLACEMENT2D(#17738,#53);
#17740=IFCRECTANGLEPROFILEDEF(.AREA.,$,#17739,7.333333333333333,3.333333333333333);
#17741=IFCAXIS2PLACEMENT3D(#19,#168,#43);
#17742=IFCEXTRUDEDAREASOLID(#17740,#17741,#43,0.63541666666666663);
#17743=IFCSHAPEREPRESENTATION(#24,'Body','SweptSolid',(#17742));
#17744=IFCPRODUCTDEFINITIONSHAPE($,$,(#17743));
#17745=IFCCARTESIANPOINT((0.50000000000000977,-0.3177083333333286,0.));
#17746=IFCAXIS2PLACEMENT3D(#17745,$,$);
#17747=IFCLOCALPLACEMENT(#285,#17746);
#17748=IFCOPENINGELEMENT('003fQCsjsDA50oKRmx60Wj',#6,'Door-Passage-Single-Vision_Lite:36" x 84":1240526:1',$,'Opening',#17747,#17744,'1240526');
#17749=IFCRELVOIDSELEMENT('26jjhu0DH0Lxf54cDa$KoA',#6,$,$,#297,#17748);
#17750=IFCRELFILLSELEMENT('147MEUm4OQuH8JXlqCCz0z',#6,$,$,#17748,#16365);
#17751=IFCCARTESIANPOINT((-0.,-0.041666666666650087,0.));
#17752=IFCAXIS2PLACEMENT3D(#17751,$,$);
#17753=IFCLOCALPLACEMENT(#17747,#17752);
#17754=IFCCARTESIANPOINT((3.6666666666666665,1.6666666666666665));
#17755=IFCAXIS2PLACEMENT2D(#17754,#53);
#17756=IFCRECTANGLEPROFILEDEF(.AREA.,$,#17755,7.333333333333333,3.333333333333333);
#17757=IFCAXIS2PLACEMENT3D(#19,#168,#43);
#17758=IFCEXTRUDEDAREASOLID(#17756,#17757,#43,0.63541666666666663);
#17759=IFCSHAPEREPRESENTATION(#24,'Body','SweptSolid',(#17758));
#17760=IFCPRODUCTDEFINITIONSHAPE($,$,(#17759));
#17761=IFCCARTESIANPOINT((1.4999999999999716,-0.31770833333334281,0.));
#17762=IFCAXIS2PLACEMENT3D(#17761,$,$);
#17763=IFCLOCALPLACEMENT(#308,#17762);
#17764=IFCOPENINGELEMENT('1vAurKDZQTrKTf4RSIez1N',#6,'Door-Passage-Single-Vision_Lite:36" x 84":1240527:1',$,'Opening',#17763,#17760,'1240527');
#17765=IFCRELVOIDSELEMENT('26jjhu0DH0Lxf54cDa$KoB',#6,$,$,#320,#17764);
#17766=IFCRELFILLSELEMENT('0Bly8RaihRshQJZa_8CKe2',#6,$,$,#17764,#16376);
#17767=IFCAXIS2PLACEMENT3D(#19,$,$);
#17768=IFCLOCALPLACEMENT(#17763,#17767);
#17769=IFCCARTESIANPOINT((3.6666666666666665,1.6666666666666665));
#17770=IFCAXIS2PLACEMENT2D(#17769,#53);
#17771=IFCRECTANGLEPROFILEDEF(.AREA.,$,#17770,7.333333333333333,3.333333333333333);
#17772=IFCAXIS2PLACEMENT3D(#19,#120,#43);
#17773=IFCEXTRUDEDAREASOLID(#17771,#17772,#43,0.63541666666666663);
#17774=IFCSHAPEREPRESENTATION(#24,'Body','SweptSolid',(#17773));
#17775=IFCPRODUCTDEFINITIONSHAPE($,$,(#17774));
#17776=IFCCARTESIANPOINT((20.833333333333346,0.31770833333326448,0.));
#17777=IFCAXIS2PLACEMENT3D(#17776,$,$);
#17778=IFCLOCALPLACEMENT(#331,#17777);
#17779=IFCOPENINGELEMENT('0ZNmrLI6Pefn2hMRtQLeJD',#6,'Door-Passage-Single-Vision_Lite:36" x 84":1240529:1',$,'Opening',#17778,#17775,'1240529');
#17780=IFCRELVOIDSELEMENT('26jjhu0DH0Lxf54cDa$KoL',#6,$,$,#343,#17779);
#17781=IFCRELFILLSELEMENT('29gprUX9UjfFnIIxjRwPtC',#6,$,$,#17779,#16398);
#17782=IFCAXIS2PLACEMENT3D(#19,#43,#44);
#17783=IFCLOCALPLACEMENT(#17778,#17782);
#17784=IFCCARTESIANPOINT((3.6666666666666665,1.6666666666666665));
#17785=IFCAXIS2PLACEMENT2D(#17784,#53);
#17786=IFCRECTANGLEPROFILEDEF(.AREA.,$,#17785,7.333333333333333,3.333333333333333);
#17787=IFCAXIS2PLACEMENT3D(#19,#168,#43);
#17788=IFCEXTRUDEDAREASOLID(#17786,#17787,#43,0.63541666666666663);
#17789=IFCSHAPEREPRESENTATION(#24,'Body','SweptSolid',(#17788));
#17790=IFCPRODUCTDEFINITIONSHAPE($,$,(#17789));
#17791=IFCCARTESIANPOINT((23.114583333333321,-0.31770833333338544,0.));
#17792=IFCAXIS2PLACEMENT3D(#17791,$,$);
#17793=IFCLOCALPLACEMENT(#17027,#17792);
#17794=IFCOPENINGELEMENT('05TSlYj1VT3$E5FDS1vd_K',#6,'Door-Passage-Single-Vision_Lite:36" x 84":1250375:1',$,'Opening',#17793,#17790,'1250375');
#17795=IFCRELVOIDSELEMENT('0NrdkfQ69FhA8iVjGWZ06Z',#6,$,$,#17039,#17794);
#17796=IFCRELFILLSELEMENT('1aZ7t13Bao9ydSO6wUnTli',#6,$,$,#17794,#17215);
#17797=IFCAXIS2PLACEMENT3D(#19,$,$);
#17798=IFCLOCALPLACEMENT(#17793,#17797);
#17799=IFCCARTESIANPOINT((3.6666666666666665,1.6666666666666665));
#17800=IFCAXIS2PLACEMENT2D(#17799,#53);
#17801=IFCRECTANGLEPROFILEDEF(.AREA.,$,#17800,7.333333333333333,3.333333333333333);
#17802=IFCAXIS2PLACEMENT3D(#19,#168,#43);
#17803=IFCEXTRUDEDAREASOLID(#17801,#17802,#43,0.63541666666666663);
#17804=IFCSHAPEREPRESENTATION(#24,'Body','SweptSolid',(#17803));
#17805=IFCPRODUCTDEFINITIONSHAPE($,$,(#17804));
#17806=IFCCARTESIANPOINT((4.0833333333333686,-0.31770833333334281,0.));
#17807=IFCAXIS2PLACEMENT3D(#17806,$,$);
#17808=IFCLOCALPLACEMENT(#17073,#17807);
#17809=IFCOPENINGELEMENT('0ANbINQiJzfAcGVq3cirCC',#6,'Door-Passage-Single-Vision_Lite:36" x 84":1250377:1',$,'Opening',#17808,#17805,'1250377');
#17810=IFCRELVOIDSELEMENT('0NrdkfQ69FhA8iVjGWZ06j',#6,$,$,#17085,#17809);
#17811=IFCRELFILLSELEMENT('2Slm7e2Qm5LPNfvLrF8wfA',#6,$,$,#17809,#17237);
#17812=IFCAXIS2PLACEMENT3D(#19,$,$);
#17813=IFCLOCALPLACEMENT(#17808,#17812);
#17814=IFCCARTESIANPOINT((3.6666666666666665,1.6666666666666665));
#17815=IFCAXIS2PLACEMENT2D(#17814,#53);
#17816=IFCRECTANGLEPROFILEDEF(.AREA.,$,#17815,7.333333333333333,3.333333333333333);
#17817=IFCAXIS2PLACEMENT3D(#19,#168,#43);
#17818=IFCEXTRUDEDAREASOLID(#17816,#17817,#43,0.63541666666666663);
#17819=IFCSHAPEREPRESENTATION(#24,'Body','SweptSolid',(#17818));
#17820=IFCPRODUCTDEFINITIONSHAPE($,$,(#17819));
#17821=IFCCARTESIANPOINT((10.833333333333371,-0.31770833333337473,0.));
#17822=IFCAXIS2PLACEMENT3D(#17821,$,$);
#17823=IFCLOCALPLACEMENT(#17142,#17822);
#17824=IFCOPENINGELEMENT('07Gx1sgA0AtntP5sASvkyQ',#6,'Door-Passage-Single-Vision_Lite:36" x 84":1250376:1',$,'Opening',#17823,#17820,'1250376');
#17825=IFCRELVOIDSELEMENT('0NrdkfQ69FhA8iVjGWZ06i',#6,$,$,#17154,#17824);
#17826=IFCRELFILLSELEMENT('39fxp_k2pgw6FSDt2kRqAa',#6,$,$,#17824,#17226);
#17827=IFCAXIS2PLACEMENT3D(#19,$,$);
#17828=IFCLOCALPLACEMENT(#17823,#17827);
#17829=IFCUNITASSIGNMENT((#10,#14,#18,#93));
ENDSEC;

END-ISO-10303-21;